noiseA,noiseB,noiseC,noiseD,u2,u3,u4,u5,u6,v2,v3,v4,v5,v6,velA,velB,velC,distance
0.4541849967795296,0.5079295927515113,0.38924746665169774,0.6958417321549702,-0.06820915869801097,14.520805986259868,-3.3492543486580226,7.667518999831421,4.641560192252083,-1.4237662481081692,2.272397647124121,-4.056222744140964,-0.552434737750197,8.984777979143317,0.41825377572019284,0.7488183439680698,0.3210017211485489,0.6100000000000001
0.5884921502707373,0.39851774165075665,0.4967697982553303,0.48510132971916725,-0.38331633281986593,14.233480759008794,-0.253590045258023,7.050752691909848,5.5970929281658774,-1.3970550450164145,0.07680963931321683,-4.047957016806528,0.18147529843232904,10.081134719647821,0.27382717532710743,0.6712655341724709,0.2898489711920457,0.6200000000000001
0.3699816261181552,0.38122347671263035,0.4374733685839547,0.7467755192280533,-0.03363925133647172,17.76460660647381,-2.0105545447324285,6.729265106282638,4.928713573488578,-1.5795934651184886,3.2676312884089977,-4.0306489950145945,0.008600066043171095,8.84803799293299,0.2855431989322468,0.7153152712765198,0.40506484017677574,0.6000000000000001
0.4967176852954465,0.3238177230822992,0.4192048067273354,0.7325181001345085,-0.045707546238993965,16.26943698877735,-2.8000589757293253,7.25257283042823,4.7241381599716705,-1.48715502256429,3.5133340006852127,-4.379823865036261,-0.17045611062970584,9.454482327226753,0.25450006232426253,0.529081077019664,0.2891951694785456,0.6100000000000001
0.6648525478854437,0.7032071866464232,0.4833555616296671,0.7261398058145742,-0.047253353673177095,15.977317774466503,-2.8384693597708397,6.310599801790024,5.303662641401811,-1.265420524801429,3.6376934645925347,-3.775951363196443,-0.48954735535488925,8.946714952413016,0.45645019371799045,0.5244493848457885,0.22811408462332147,0.5800000000000001
0.40893472680814796,0.5171467761725943,0.37554770902822177,0.6324269751334187,-0.27448786419896004,17.827399348999645,-1.7129994662153292,7.061655110794518,6.364632313709956,-1.4831407637038214,0.19097620154675288,-4.290929820573719,-0.16293561200928933,8.621856770493007,0.356075858452465,0.555722814768639,0.394927823547012,0.61
0.5156021272129743,0.4887203702838893,0.2425058012865039,0.5743689213699003,-0.17328015497715096,16.705017547414897,-0.2668136803813623,6.647523742106438,5.610268827660996,-1.3594422089176255,-0.18464857809732171,-4.608201581608106,0.2454997805783713,9.946740146863064,0.5544613267643788,0.5399545660953189,0.6309750757655994,0.5800000000000002
0.5701930510689233,0.3318933094003524,0.49748632621585454,0.7268140716646777,-0.12152400608338698,15.536422407187995,-2.379207244417068,7.734406840925435,5.437118660384208,-1.3968976750837765,1.1679197030476245,-3.967767435069586,-0.11162993287046011,8.882257092121439,0.5775472858453472,0.48432115701869927,0.4999457051194761,0.6100000000000001
0.5432793744478318,0.3449880367579124,0.2960546908755805,0.7497496913254642,-0.011545906233697945,13.141234676448317,-1.6490186468392725,6.851086208234871,5.641630419431219,-1.356041415896766,2.860947759547536,-4.050387591919793,0.05407360265872485,9.16160645557413,0.6464023371824282,0.8238549749653417,0.6488217479997056,0.5900000000000001
0.3568920329785048,0.45545376737397103,0.395103294965694,0.30212981568247693,-0.13922785146867137,17.174119613882695,-1.3605884603412255,5.914488130913066,5.904627541599056,-1.5044397369985918,1.4551160588941077,-4.125354653407712,0.097891901273718,10.107186364616814,0.36718767923401435,0.5688569651661712,0.2335171729121348,0.5900000000000001
0.6499486856818621,0.6297616106812586,0.4043748337992579,0.4241935971920261,-0.14410328749377307,15.392618305487309,-1.6826154944322738,7.216395813189133,5.890797014937794,-1.3508119050256902,2.8714105092013744,-4.102679654555583,-0.2180210992261118,9.730588814640493,0.3844336414536963,0.4652552158351009,0.37214963199136153,0.6000000000000002
0.5819920410972177,0.4933587092125905,0.33681802070520495,0.7378033510868102,-0.03253249421917381,16.523506945698376,-3.415924414394831,6.612058996071959,5.327963643671049,-1.3064543451685109,2.4034056622981668,-3.6682535971975736,-0.17539739353479478,9.322661733004875,0.6444972933047177,0.4363104037903593,0.48102794680850763,0.6000000000000001
0.410462744470412,0.7029766745827808,0.45177278834127793,0.6182627911707865,-0.053497843798376576,13.791891042498372,-0.6288217267347415,7.288799289068788,5.7518862257785335,-1.5960945855627844,3.1933010625358182,-4.168413474731293,0.36628687912964575,9.304931201826761,0.28121085500273807,0.5940145165243127,0.33595683503199913,0.6100000000000002
0.716623517253899,0.5416652140287146,0.26703077415841986,0.5664474957300948,-0.0829895577331908,14.135158609960676,-1.8514762136736749,6.22275415576833,6.09583239599664,-1.2502795004490082,2.42372025291159,-4.302815675626009,-0.015393901214225653,9.321516938175417,0.43008435204204243,0.5172153267104698,0.46830856477357374,0.6100000000000002
0.47181556728390994,0.5089666268197651,0.415907534207116,0.7519030132024518,-0.014501245434457011,17.213732058435088,-1.468820574179099,6.373146675217401,4.320470761380089,-1.4749201798136302,3.556450699932453,-4.534823027795771,0.08818228043796084,9.426101582053837,0.38991631951785377,0.37495029302676824,0.2693783987981116,0.6100000000000001
0.4080395976793403,0.5182700030059559,0.3387770842139506,0.7925148094006915,-0.07083740112649681,15.82908438382837,-2.334489283109958,7.069330426236597,5.326569555894156,-1.4626880501449309,-0.04323812989901865,-4.2687004676359805,-0.16686330402183022,8.085797384317281,0.7219290956684874,0.5671871724544961,0.5451455069848355,0.5800000000000001
0.5721894492633138,0.6933745155448027,0.20140046465253267,0.7633123388032904,-0.07292612898358161,13.642221603210917,-1.3690398883290864,6.135846327960305,5.268850524108454,-1.338207111895989,1.7089869803890967,-4.425413746283711,-0.13295806681468417,9.010727328339883,0.6543300501869711,0.6580879759335172,0.9121887349068412,0.55
0.3637883570665383,0.7371133708814108,0.27054513493353194,0.5276267600099518,-0.029251377490433425,13.370622087492995,-3.3151636356915555,6.461633689505498,5.333126250690785,-1.5109318858989451,1.0168700974537523,-4.084117924552424,-0.40668351959974913,9.784262108792753,0.4229943583468203,0.8122620592865066,0.3359970559835933,0.6000000000000001
0.30427438984319277,0.36205106388268316,0.42977020702069757,0.5454258141309437,-0.1264774122025855,17.75030393755714,-2.1765232431045036,7.267098114099873,5.96008087565588,-1.6667546544297092,0.7855040653336958,-3.8428838900285744,0.17919113119969968,9.94539926407817,0.2205323759927937,0.5711617657083643,0.506470290743164,0.6200000000000001
0.7376171873421352,0.5478171447623295,0.26299934381986595,0.27799282939925046,-0.09940516629509706,12.022457111934811,-3.66757535244686,5.93691473194767,5.884836829882942,-1.179854852300842,3.199336660114668,-3.9631084920912936,-0.35405093894474443,10.275787504889506,0.669635057864338,0.6623342070483056,0.6449628656373171,0.62
0.6991294231773976,0.5452239119347523,0.2618517830278352,0.5511819444333607,-0.23009306159661425,14.004931731897532,-0.7658742622431844,7.015263928686496,5.494957620048141,-1.2416371261870627,-0.971896416021775,-4.617428495499887,0.0453935759527235,9.502209868412908,0.8611294049980138,0.693601492203635,0.29286103337891944,0.6100000000000001
0.3170265852286196,0.4588552165094552,0.3058280740749218,0.3541356496006529,-0.15352344369140372,12.572827536185859,-1.3952515658906446,7.070848461661162,5.127100014478277,-1.5931852203682566,0.635958346795657,-4.515903567502896,0.08362097447612374,10.610510123509558,0.2637108306554531,0.9213943252010725,0.42979313514765094,0.6000000000000001
0.6428159159123489,0.3679037657268618,0.33043209227202086,0.6636383170040473,-0.07193654899180449,13.607373675763107,-1.8654924671150606,7.109735580936626,6.013186119468876,-1.3175290611194992,2.2377638648085956,-4.3604451020585175,-0.053204780325494895,8.601436232825726,0.3870390136746789,0.6824403247701907,0.5109234006003099,0.6200000000000001
0.6927548068517937,0.7071197274097212,0.24819240727385403,0.6738306297445175,-0.19703258050538427,17.127471580476154,-2.0537602375118773,6.590390091155041,5.790572380080791,-1.24659275720515,2.0978590543886164,-4.325681322936009,-0.34979558821308376,9.261424852161127,0.44657338504447763,0.567438232010414,0.26368060998407855,0.6200000000000001
0.5834399953168452,0.46738394204352673,0.4785567652661472,0.7788059063815088,-0.04878814026982058,16.41642514322844,-3.839830877494335,6.3135116377835585,4.259117602306324,-1.298263518061456,2.6929413785765735,-3.5390580973598844,-0.6924859383548831,9.293729720174868,0.6762213053610309,0.4604961825059668,0.5232881708695237,0.56
0.3115981757838679,0.4534222070430333,0.4050556459609409,0.775339845418102,-0.1642081970183814,14.334650430845675,-1.0129896242690495,6.93770512326942,4.637339474945059,-1.5247159275907824,-0.6968993983119968,-3.916967209527645,0.2404454188645127,8.968179085405579,0.39126257935847264,0.7982727401512019,0.56913624198269,0.5900000000000001
0.5138246089562464,0.32584067509256676,0.6047614860884836,0.6983932369462569,-0.16218350561545586,17.723300239247273,-0.9117815657822627,7.774686671428507,4.904956155262984,-1.5006904036134245,0.9055104270074512,-4.333365587035727,0.09896807066058158,9.005076954005164,0.2220208559251657,0.4327904027965993,0.24016852101559133,0.5800000000000001
0.47411065816673265,0.3715956497001628,0.46919029995809014,0.5203942325254799,0.03325978109448435,17.751312132891616,-1.9328866814208077,7.25904476657685,5.200576208102816,-1.469482701508606,3.002863871003203,-3.8888053332518933,-0.23351015102411865,9.804998129406389,0.35398137063419544,0.4903448912159688,0.283226191414082,0.5600000000000002
0.47802105626080127,0.5473859158545478,0.31194633930161164,0.7309057603329113,-0.07473505665148192,14.685068820700772,-2.8932730571911205,6.9071666228588535,4.913967306227673,-1.404650205618155,1.1110929890852572,-4.2484342641338415,-0.7083755448387477,9.35683505865374,0.5154349624413916,0.582804498598563,0.3655322400872385,0.5800000000000001
0.5490570609995594,0.5782280412671164,0.2901902932213117,0.44299162913269885,-0.32917298212876167,13.21921152537104,-1.0111883262751882,6.732192780352295,5.267216669227657,-1.3230025057347228,-1.3185456685219905,-4.29322502003434,0.08204821321707996,9.883554639961373,0.4366986570471597,0.8297141369916452,0.8162645945677607,0.6200000000000001
0.49855919485873945,0.766788432514676,0.3665524949917499,0.4970300383904113,-0.038145673221484405,14.683835302809932,-2.1615920179665387,6.91371031048029,5.869427803232177,-1.4114951506245743,2.14508923702778,-4.028802426641557,-0.39717257631951547,9.802719793182286,0.5210562728081436,0.8138937615599467,0.2767087511681579,0.6100000000000001
0.43236867927512357,0.6942752691413172,0.2648704367730399,0.47291411348095835,-0.16381864175729693,14.963754436437867,-2.796946124928878,6.288990885562717,5.793355100079766,-1.5636241655439567,2.525833043055085,-4.211946607218359,-0.5792737225448321,9.943243931330157,0.2058893766414187,0.9115719452623009,0.2094508662700114,0.6000000000000001
0.6199707251232203,0.7149696733278659,0.3446744870966378,0.5502250665970656,-0.3337711844278945,17.882613332659894,-1.6316057259289545,7.527674608190178,5.263405890217269,-1.3690873629616378,1.1348667279360563,-4.395817924100263,-0.12680133163654544,9.683733083377431,0.32944885750338554,0.43152670897175804,0.48788923518043614,0.6200000000000001
0.6932108676411503,0.6332350597211772,0.3659028199303674,0.29763395683980665,-0.20617818747093658,14.50322411019565,-0.7562750321614955,7.1671558068082115,5.442097344584038,-1.2647667171376011,1.8962639890681903,-4.243546310684056,0.13270887733644932,10.358465147301866,0.5754108865773309,0.600982068909872,0.38374508917062977,0.6
0.31884976681613186,0.6503855787465053,0.3393050123338972,0.4334822942330485,-0.26587158915462145,15.047468035909844,-1.3357305134272235,5.9940243999822345,5.2667337912687335,-1.6011870134814608,-0.5790869921483099,-4.645345547475358,0.008716621928310325,9.780604408700631,0.21451580761505543,0.8316787997629279,0.7064448814183567,0.6200000000000001
0.5580710959220126,0.7458426275356991,0.4015535964538057,0.694022950495995,-0.21641719261497996,13.49308989921272,-1.3689411553933573,6.499715091836067,5.94302601619229,-1.43366879866576,-0.2227297291894721,-4.1682713572746675,0.1295696744163508,8.877157869835955,0.38281037596820894,0.7672642351226455,0.26419614221045484,0.6000000000000002
0.43256382836256085,0.6634520628414259,0.3588929907271945,0.6931117781416138,-0.03490397355131948,14.609242928563399,-1.717989523991849,6.343957916245245,5.319447158924659,-1.539358701596287,2.729934372582316,-4.137521779780754,-0.14868383224352685,8.684409327454313,0.2425242335996347,0.6919270953645368,0.48329616072565784,0.6000000000000001
0.5473831455052366,0.40945415910600585,0.38822835033721415,0.4361913836588406,-0.05845564331061637,13.025424845979868,-1.8404391775172895,7.744966727448055,5.691286001669825,-1.4014634085616293,2.2474090019523323,-4.133709634044509,0.3550335445033554,9.826130672753026,0.4615084010387414,0.6420119034816242,0.23271077961904127,0.6200000000000001
0.573098220176333,0.7630567564933656,0.4229537364209055,0.6700527706228823,-0.2980926819379307,15.841119980221578,-3.3226788258703595,7.142705714624898,4.9365174436431465,-1.2949908860597832,-1.376655804460545,-3.870470499723336,-0.5562148662143465,8.9739998113006,0.4641975448178602,0.7654841339584307,0.41722955241333776,0.52
0.410907502872387,0.5166439923523372,0.4209356837680744,0.7106524249101933,-0.1299311322382294,17.817251313525798,-0.8584596929437472,6.730059008535328,5.692136961035299,-1.4762005739177917,-0.0027422736784079305,-4.153247304044659,-0.04420246540116851,8.588566471395001,0.4653793502581444,0.4890346751483356,0.21484764129178913,0.5600000000000002
0.46183035253487437,0.4584224904324056,0.27978953037766574,0.6492025373421663,-0.12554338056497474,16.539880166334008,-2.6136330689505822,7.018790817654608,5.415763755173876,-1.478689234025141,1.7625853990798093,-4.210347997996194,-0.11639935743205396,9.472077688230502,0.2007329062754976,0.6339863187165938,0.42843604673598645,0.6100000000000001
0.4893293478609103,0.3442420021710232,0.6338642981873887,0.5882888691537387,-0.13385694845763865,17.111007796270663,-0.27476252731785666,7.432429098412972,5.05941060448314,-1.4776460451242461,2.641715211478487,-3.8378591732199294,0.12807912226534038,9.633825343255475,0.22546621530238248,0.572772700835311,0.2254020755225605,0.5700000000000001
0.3916083203414106,0.668478012094033,0.3147336846724346,0.7045094248381757,-0.22003577981543698,17.050032065970115,-1.7127411665092773,5.9980549693808625,4.539244086043529,-1.4548749701908639,0.24609233552194099,-4.263457908160404,-0.021143539363776075,9.518998043856747,0.2877130066164177,0.6353483962514213,0.5822801048993439,0.6000000000000001
0.6993680583126597,0.64298224143108,0.39423473848979307,0.6752905473612785,-0.25834433582512384,17.88386246230324,-3.2212736044374513,6.461603198835698,4.58737764765264,-1.1673727990892067,1.9875670203434934,-3.7917612414083135,-0.5691973247897965,9.05346942603421,0.5734585115054385,0.45454231071571016,0.2887630686106378,0.6100000000000002
0.6148981771439528,0.5528106874946885,0.30545323374203553,0.6993921330695413,-0.47772218825127316,13.225642945488993,-1.5244044572023219,5.864250803841641,5.059925801390874,-1.2953192351097194,-1.1355045219735644,-4.4062102734136355,-0.21448818874774706,9.167596143315901,0.3504326416657513,0.9498106687494203,0.3461176653417153,0.6000000000000001
0.4034624110053905,0.5489025487049157,0.48171549948214,0.7757180756360943,-0.06697426164146965,15.858018179805725,-3.256079025451441,7.6415294045505,4.856347039739623,-1.5067608429950667,2.907204340300334,-3.872838385511547,-0.30231060133764104,8.474524484020279,0.2747857561363915,0.8029911765182693,0.5010540518074764,0.5700000000000001
0.3425534143845341,0.5461242513532851,0.37886297268862007,0.7431491347520016,0.02591562367351566,14.423518645400248,-0.8730071383413363,6.610033628340001,4.892363929228068,-1.4938511629742726,2.5409735308626633,-4.357789464158669,-0.06001849590396219,9.820794154470553,0.48503912619505474,0.5668646728918825,0.4822648503911001,0.6200000000000001
0.389970160033557,0.4143479740197001,0.3792747928737275,0.42211602587382774,-0.09156677169959265,12.565721022996645,-1.7262071709958966,7.7982073316530816,6.318060875343377,-1.4751019756337183,1.9545876215563238,-4.402005871148937,0.06145132473480605,10.909129847747161,0.5488374191415237,0.8721973612361146,0.20390874459086394,0.6000000000000002
0.35998441544988247,0.5750983697912534,0.29481326130718993,0.6523308205734835,-0.05901507271596168,15.311400188108735,-2.828799435391935,7.196965570713846,4.801864243010313,-1.5000662815109214,2.3411768672396445,-4.140897680248455,-0.3942301934435577,9.838226612534099,0.30037028438397023,0.6900843024218568,0.4585650552819622,0.5700000000000001
0.38437358067579197,0.7549466623264613,0.615705845596573,0.7352363509595129,-0.1338133897987134,15.876623635856019,-1.149505510233623,6.4749030749181475,5.180136208290473,-1.477240810981358,3.0363323544194665,-3.95545618245383,-0.08729461818365317,8.43046512265534,0.3370520577102837,0.5447241212303447,0.23341717093389258,0.5900000000000001
0.5730480008824054,0.3334837344161707,0.3462807267536893,0.5749199868327126,-0.25672434062495586,14.15021246234193,-2.3862522687598346,6.449223216384584,4.785495371058977,-1.3157216262129807,0.8880090454086271,-4.0836039068683885,-0.2887853221448427,9.553179723326043,0.27012841579014996,0.6840056729170013,0.8312450751574396,0.6200000000000001
0.6480696536581345,0.6505656158624552,0.34702764764447475,0.6585864090543406,-0.21207976730659636,15.405001211733769,-2.0024998881519798,7.05464180492376,6.155944819267278,-1.3647073558861658,3.463548595892542,-4.088332190607204,-0.12129993302360816,9.304487145225893,0.4474152215922752,0.4240942767489717,0.49592492308301317,0.6200000000000001
0.39885701052834854,0.42151884193729067,0.3691231475944573,0.6035048628455741,-0.10495057625551035,12.305701638775526,-3.2457222246997457,6.5978243369090235,6.943911852580286,-1.4925669875196683,2.4399462518955333,-4.087101284391473,-0.4227244170280849,8.640732634417246,0.2829153357063493,0.8452625770312236,0.6664942355781933,0.6199999999999999
0.49593502128580913,0.5507007778137148,0.62137353866016,0.39961451638630574,-0.12584579631138854,12.660403478134201,-3.2571689687336076,7.714621573352149,5.942781365548393,-1.5828423749449265,1.3721772120562172,-3.174544914305395,-0.2724968271894929,10.056373099036952,0.20142692741992058,0.8716079798013274,0.6388695017086167,0.5700000000000001
0.3614203912804728,0.559101028412171,0.3251265477417955,0.6009035851312345,-0.04190497673191276,15.298189560653427,-0.6928102799561857,6.046490463290179,4.584772534080691,-1.5367672432559434,1.6329476828373632,-4.683479694332771,0.11505583295937363,10.062777713255093,0.41825481346069165,0.6149885606612112,0.44436154800258043,0.6200000000000001
0.7650541927121256,0.53312387641242,0.5070522515095446,0.46373727101508655,-0.20843953994875436,13.1113578293378,-1.811331448521507,6.4991077579910534,5.239030477874664,-1.1748287680161593,-0.006552858895627678,-3.995926934902009,-0.381697641669007,9.877043006612338,0.8342670289118718,0.7329409258926679,0.2306571031813594,0.5800000000000001
0.33185053135520604,0.6100176365908141,0.5126352847498694,0.7783486113203896,-0.14427688793017776,17.630834521312178,-3.125984919481208,7.577111510135338,5.978303010904608,-1.6120125680518544,1.3780156428213308,-3.928617681949449,-0.39418872125881604,8.301903517104204,0.20273363105547754,0.5703794042124469,0.33216738824408154,0.6000000000000001
0.44328441237323113,0.6389245041875111,0.3435559612469989,0.6794173880188302,-0.1390370075132939,13.780515650776225,-1.085937986707415,7.132873547960896,5.290717365186701,-1.544397745673682,1.967526673350596,-4.516119806660971,0.19803653173083124,9.177890445042175,0.270415754680336,0.8300125076214522,0.5974232538851227,0.54
0.30541507707826726,0.6874117201227873,0.3455209134466549,0.6369971218746853,0.015109326402020826,14.840907279865023,-1.7068996014414068,7.119886064296747,4.121639037258444,-1.498614797735799,2.6612497407104634,-4.275834785933589,-0.10023475503065812,9.446313899334474,0.4541905025645092,0.8723770322132711,0.24649863409062361,0.6
0.338747236393096,0.6123098471041888,0.3092408453371548,0.7259280233965505,-0.20850901066996338,17.125100720423383,-3.9020632470138743,6.536553264480104,5.791744318815002,-1.5447550376478498,0.042195940436442314,-3.686481215349374,-0.5398102290980571,8.30487873951374,0.31635622165628413,0.531430925308083,0.5717239638864288,0.5800000000000002
0.36218461383549655,0.5227097367210837,0.2725815916503599,0.692866106571717,-0.03985529834427465,17.88978598977166,-2.8035368002746064,7.6363645341746045,5.670331627659192,-1.5191973896157183,2.326607007362376,-4.406353726737884,-0.16047643724968272,8.900549434016,0.2593830025434677,0.4689583006236516,0.5012604801977028,0.6200000000000001
0.34941176331302315,0.3628321844621698,0.5294684613951732,0.5552376750667475,-0.365303011738129,17.56138875109876,-1.1801323329751425,7.442450168333449,6.0287724288646976,-1.6187565310312162,-1.44975719621066,-3.9840614923880464,0.10687263390768262,10.333920857033116,0.2081373086642294,0.5058215455886885,0.35764438123235537,0.5900000000000001
0.4378734349726611,0.47701346851483306,0.5108377469654628,0.3520424113248992,-0.35769221257028977,16.011675829684282,-2.062799445902918,7.4340597120726,6.042019991431824,-1.473348742386639,1.7821003912153777,-4.334975235142762,0.015502489872876613,9.918932098223868,0.23379531394401948,0.641849484380438,0.37603211745844634,0.5900000000000001
0.3019417691217953,0.6942942045448105,0.4458408763135868,0.7273331491236698,-0.016271192843173708,14.981380357753295,-1.0372794584864247,6.318174438580335,5.502713715437231,-1.4842086326788977,1.5995971383241694,-4.100629382384785,0.37002061741011083,8.980062533776746,0.5249005164735302,0.7411475593152369,0.26057339375825206,0.52
0.5982028869168003,0.7356058783341455,0.37115872877021483,0.46943637059802235,-0.16293728859263407,14.367927154585182,-0.9040587619664746,7.444424967271894,5.6075325297076235,-1.294753911813115,-0.19082043041586494,-4.290364778425125,0.14626354228484023,9.800717514451108,0.6581453455376273,0.8075823623186894,0.6843618616542845,0.5900000000000001
0.47765844187070716,0.5873764229506652,0.20235866705352037,0.7902797399111163,-0.13993723701006452,17.447926105483077,-2.2346638329361697,6.679841926695314,5.299485497712375,-1.4148368146612607,1.8458810663673428,-4.206736928431284,-0.17411083747120037,9.362658463263367,0.47573605493694854,0.402649664462576,0.9648098791621327,0.6000000000000001
0.5428165689611416,0.4801295314580203,0.46100202103368587,0.3558552156891679,0.045493481233479974,16.14256594803182,-2.356600464330421,6.6274803306878285,5.453883077415424,-1.3750097741347111,3.556901617364306,-3.80048029949873,-0.30017362071458664,10.179686734068962,0.703719369259291,0.5348043416977314,0.23847848629381738,0.6200000000000001
0.5023129110030466,0.3484903060894907,0.40249359442864924,0.5897061263884916,-0.15615354945653692,13.14553093408038,-1.4905985151221257,6.3856658640508215,5.638048970142883,-1.4390944854808108,0.9013240539308682,-4.184162202615527,0.0017902654977384747,9.303465690050547,0.49380815964509606,0.7148829121830799,0.35829663942886464,0.5800000000000001
0.4470747176204204,0.6169912965552511,0.38891537657792746,0.6151056358723522,-0.03606947777977472,13.094820240588302,-1.0458231718605508,7.427483409962462,6.632364152310183,-1.392789931922859,1.6996318565691817,-4.22850704947634,0.07366603687482254,8.859766576185306,0.7372749001322199,0.720911735146984,0.8516715591646844,0.59
0.649160523491117,0.5662926434600669,0.314107378469225,0.7019462430793554,-0.0900870606280063,13.99352608941213,-1.8512185186888361,6.563842599776814,4.631661843928954,-1.3249081382852173,2.0670739260040962,-4.069839836965882,-0.25673512107555263,9.447720877070923,0.5532866309110979,0.5779730953937852,0.47391087422647193,0.6200000000000001
0.5750761514307785,0.520092014513762,0.22092823307024828,0.4253492991590629,-0.22241915759617828,15.383914824491518,-3.2042616998206093,6.451056069155314,5.856924505912826,-1.3938653761787836,0.3924124032696821,-4.043772693447808,-0.237719721111038,10.082026458150544,0.29885345273582653,0.5439780633663622,0.7871694618752783,0.5900000000000001
0.44084646667090877,0.7207587234294881,0.3163616928438837,0.36400203020525435,-0.04102213939069182,16.275507101196354,-1.2463590240482152,7.526935090632448,5.4343693064314,-1.6087389687156999,3.4480537043921498,-4.302485389381648,-0.15606379589558414,10.470749988647242,0.2150601549548733,0.6264098053559257,0.21940510497188367,0.6000000000000002
0.6240667264682505,0.4790458408616589,0.4402184127181825,0.5923160440808364,-0.33574764304935667,11.556001855581403,-1.1730928153727227,6.463423078633981,5.054050871280133,-1.315688622533399,0.581671836918165,-4.6395372956271625,-0.04107426716500276,9.578805584977573,0.311623395566588,0.9528173026590023,0.22761468279669592,0.6100000000000001
0.32066498639059526,0.32880451999125015,0.6091470846644579,0.6731188952558227,-0.21350554525695623,15.350072020919566,-1.863277851062354,7.151844452450944,5.177002802809091,-1.553697935070086,-1.1991133981433317,-3.943570274994233,-0.09201646978097407,9.166733382868491,0.25069373593447475,0.7381134177625024,0.31375472479231636,0.61
0.3506948547867512,0.3061728039851005,0.352555283621915,0.5660697800812693,-0.05955072376923745,15.216927308334386,-2.1484442236216634,7.247082206931276,5.958961676466051,-1.6298878199630793,3.068648691722606,-4.268909490135225,-0.6365464572172469,9.281905003387383,0.20684866980757738,0.6402529648647993,0.2762294929596693,0.5700000000000001
0.5630212618786443,0.5199876415257183,0.49073431602929585,0.3114713514484092,-0.1351770213352299,13.29173674519944,-1.8053796188788764,6.503280573579959,5.79355467759207,-1.3590263533032672,1.9134319289198496,-4.131774053620532,-0.12557449137634838,10.313685483586148,0.5151630475171292,0.7604483716297563,0.5644157700011755,0.6200000000000001
0.4561740249407879,0.5183251372095669,0.5037066793638849,0.43882523958081865,-0.09882906987210331,15.051055614858278,-0.3283046734959474,6.8602964439184175,6.272509255681049,-1.479151531010407,2.3785710053316285,-4.035656518916019,0.08863019324355076,9.726322493450176,0.20379943969185296,0.7517524672529755,0.2852385717551873,0.5800000000000001
0.5677784939542706,0.39097747346741446,0.42038343461295147,0.6892489145113374,-0.23402877912898498,15.545898561627189,-1.7688673865431084,6.758043613884098,5.299272576807027,-1.399983502966331,0.44556938914810806,-4.159838633645706,-0.07687173014461446,9.032519344536954,0.32995588781525576,0.6267714749346678,0.7471118357957001,0.53
0.36026000990162604,0.7912797926079714,0.3888034930541931,0.3424882879373279,-0.08891054889497779,15.072354324630314,-2.103031668749755,6.506547002356848,6.179023531471753,-1.5850291710687021,2.866653389423658,-4.066992134376154,-0.2908954254018938,10.8854008973789,0.22668858055214017,0.7265365266884178,0.4219009932139113,0.5
0.5123017969225594,0.5977794030744223,0.3561766479234954,0.7033749899367796,-0.29324971558936797,15.385368240931422,-2.376361716312537,6.580849147586467,4.8086092082676855,-1.371191708173873,-0.5133437370735382,-4.12476498128674,-0.16111037897431651,8.628904136732137,0.28176727718939354,0.7859891621956376,0.48308888808002426,0.5800000000000001
0.5128867725880161,0.40521744799466997,0.38080394414562235,0.46835231333798966,-0.06489193579212545,16.530283624351206,-0.6955417162238446,7.131030777142332,5.7526980155424585,-1.3908473860219945,2.740756149755358,-4.358144935099999,0.1895821392386891,9.958888333892487,0.5353258425580563,0.41837202226057907,0.24930192470370574,0.5300000000000001
0.7433587328990112,0.391904458066084,0.23289017275472423,0.5229879750652351,-0.13972552769121632,14.853895738952444,-1.0206980924764155,7.016575820618655,5.3396422600025035,-1.2689265497165407,1.8986362901261309,-4.476480046402969,0.01535274148701278,9.80384063060395,0.6416461388693919,0.5112548213952995,0.7015681309983702,0.6100000000000002
0.6735778032776997,0.42289926794897686,0.5903904902244218,0.6904163206587819,-0.1866705894905081,13.65277102401636,-3.326159760716027,7.429021962222031,4.39351517760647,-1.2572912400271667,1.0522990632252442,-3.3844070142194105,-0.2741433780937658,9.810131401007741,0.40264374890291865,0.7292477109728954,0.5284356166329087,0.6100000000000001
0.3518845162108746,0.5072491048872123,0.31207815235613434,0.497529455126434,-0.26236151350926934,14.559194400529826,-3.233390903169267,6.542726703227462,5.866304793204156,-1.5195428454235353,-0.3766954358236174,-4.037823213206484,-0.34694734316725473,9.17937557829988,0.22180087146978006,0.9553448618986388,0.7833900696812007,0.6100000000000001
0.3568799709119468,0.571211386921134,0.37013725073694154,0.7730505980997063,0.0053299982090976375,17.265011767972833,-1.4349005335181588,6.677234338200138,5.596809755384889,-1.4620420827133465,3.8172156509688318,-4.301822263313416,-0.022999535399670257,9.130555167348977,0.4557768369558534,0.5014234075934517,0.611650742782812,0.62
0.6108080828865556,0.5806150804702932,0.4062178369032347,0.6435056518730767,-0.14699841664551225,12.366011021909031,-1.7177099879364646,7.166231502630193,5.357830780863763,-1.3081326259322341,1.0251652694569264,-4.131496004134748,-0.02739495583398903,9.039611542879147,0.5079152936049242,0.7226102594350357,0.2785108180156403,0.6000000000000001
0.37153834396138874,0.7167819593543725,0.4013106003442843,0.2331065475106085,-0.05202990109487648,15.1606323771477,-2.064920800702353,6.550650460039762,6.5475290899370036,-1.44869713929722,2.2673966930414107,-4.1745222972968525,-0.05450018749017649,10.996113734449644,0.7557920676531006,0.6190817783340954,0.45038260312305556,0.5900000000000001
0.7410116612010712,0.6550616932193317,0.5437665650775282,0.6217180411504954,-0.20624451244345604,15.811439614236052,-0.4607402135811456,7.5695350125830645,5.457119960568776,-1.178469243286103,0.5431691248618389,-3.872764132712572,-0.009365933381157321,9.172507732880606,0.5928302155649656,0.6037598061620253,0.7189075123400134,0.6200000000000001
0.41125418946927395,0.7204340860403993,0.21341570784686542,0.4984776266275708,-0.0990012040973045,12.646377309880679,-0.6103550397303933,6.521201180021401,5.690779261677458,-1.4317515069571372,0.9930872361206338,-4.478936570175,0.013728829386751847,10.053909541530262,0.6845122099033355,0.9977842289454321,0.6032205380595748,0.6200000000000001
0.35370780606236396,0.352440769136079,0.6194213763531495,0.5949864217713278,-0.17301490113806833,16.152754215713188,-1.779020016707821,7.6935712036732085,6.084456782825606,-1.4497397899063145,2.2836576253916707,-4.085889680607064,0.2666179743292718,8.718672489443483,0.4567627302141576,0.5784641449489809,0.20334045141697527,0.62
0.6123449583925147,0.33064540630852907,0.29910162351881353,0.7327695851316597,-0.26704919008819944,12.12502811548883,-1.083019085644446,6.237221361775145,4.899414298550637,-1.3047219855515422,0.9714445827565995,-4.530451508681565,0.03852926764110261,9.611762444138888,0.350849206178755,0.774150392023975,0.503145179489568,0.6200000000000001
0.4683218130197425,0.5690768271121582,0.564821341135214,0.7393255604695359,-0.07086645011600365,17.582865431470545,-2.788921144359063,7.0449285480213755,5.169333206058447,-1.465810305348005,2.5309997954168724,-3.6447057167224624,-0.4177489030755349,8.717416992826628,0.3088189914510169,0.6540220331496122,0.5315236358086548,0.5900000000000001
0.4352166858690702,0.6464202570105706,0.48990926826176157,0.5516455216438177,-0.12559020625083459,15.480094924187188,-2.2733075344876914,7.785779820737198,4.311159435781568,-1.404925977418119,1.6527268497389858,-3.9358863466651046,0.17435814611043027,10.086905259163524,0.5575817705412384,0.7238325634316412,0.216754914366236,0.62
0.46004447105627205,0.3095702423749712,0.33009144979883476,0.6815626281310967,-0.1174233251729683,16.242867312241025,-2.6315282956853774,7.2559136373121005,4.8545562797411925,-1.5184805504809582,1.2629157040390733,-4.3143148427610605,-0.10346341158590677,9.348581541834907,0.27044776127844494,0.5954088764496636,0.6986836358812111,0.6200000000000001
0.5984971038706394,0.4746940377534151,0.3777464703624141,0.7786697783469021,-0.19494912870529263,16.624374575719894,-1.6149935038381025,6.4041211119327155,4.468830246681328,-1.3823304857836947,2.3218542357476255,-4.2845267713301185,-0.003311157534125364,9.10443997195838,0.342524347444964,0.4310626270588765,0.2214632768232216,0.5900000000000001
0.4658982181762851,0.33131431601017036,0.2973878410333656,0.5879879247765827,-0.13472168177493632,17.098377478847667,-3.2521906862871583,7.286061420938425,5.620695601298281,-1.3876793676320955,1.6148481449385557,-4.059132659040786,-0.5004096580722912,9.292203557274375,0.4422636039425414,0.45718521923080635,0.4382666852661826,0.6100000000000001
0.3966482205241091,0.5368353535676338,0.33212392611780794,0.5260676205031554,-0.11744694491972585,14.383710950195214,-0.18807155950646867,7.383838379348883,5.085683840315638,-1.414234648710764,0.759614098147871,-4.636752037224942,0.11948544369235663,9.707785358141225,0.8766762065972328,0.8005269088801692,0.7902996512508667,0.54
0.3480129201679008,0.6871612188298507,0.20468600796417452,0.6972888436931248,-0.22415195630143195,14.677615253728993,-0.571749398620639,6.521735446953499,5.9514508658249,-1.4917255506083955,-1.2918305023736845,-4.771566244585245,0.039717239655380474,8.644082433240197,0.32014093947893346,0.9839941590538802,0.5734354949699892,0.62
0.5462625784677062,0.6493389375515363,0.43135669011471234,0.677134819854815,-0.10042441567799822,14.672219592716255,-1.2502416216122354,7.3665408473232885,5.251042228769191,-1.3433843189552754,0.603835652699171,-4.073147608509043,0.37574653453186324,9.093712742705417,0.8566421453823393,0.5194130772470896,0.6694282464946172,0.5800000000000001
0.3529972102336106,0.6210792943422238,0.32749063481331586,0.7276103476784843,-0.07613672921146442,13.755556426848347,-1.614099044924029,7.038717834276028,6.002712477745801,-1.6038714484183756,1.4311634850533919,-4.318956278731261,-0.422912686658857,9.278029390368392,0.21840332446455923,0.8300274603984718,0.26728286167054355,0.6100000000000001
0.4650826401571846,0.48625482973741396,0.38465325183388827,0.6046339000667967,-0.10276456146065761,15.413794684336406,-3.1070884398219873,6.652734499940716,5.828026001503416,-1.460237843813307,3.37979600365029,-3.7891593177911926,-0.2645332781560432,9.479872291259488,0.28104431270399527,0.7542016324527497,0.8648065699344889,0.5400000000000001
0.612375347000486,0.6403206256735932,0.2595301273472329,0.5672877714953275,-0.2647034363581293,13.86809339667894,-2.8448022001038056,6.01359886732734,5.292807477107145,-1.2644447444770424,-0.7354786360657808,-4.136791815586784,-0.4045649127449156,9.7509986815908,0.7752174836738046,0.9430655536401016,0.4776126736897719,0.6200000000000001
0.763956385762829,0.6958310530033014,0.405209974849203,0.4448344049449635,-0.15414653724492056,15.16209778923881,-2.446742771116229,7.315497497059068,5.408312256284001,-1.2683582715287083,2.6185066578585032,-4.058422202622072,-0.24271130979973055,10.19636070390838,0.48809655657541373,0.4799741510365966,0.25063776173540103,0.5800000000000001
0.4712178463614928,0.4682122582526056,0.5544445228419211,0.47082021025973597,-0.20623558406019502,11.880106993631536,-0.9389752942147773,7.404083045269126,5.862550977635474,-1.6081323582367366,0.45134252275667264,-4.022570922847036,0.2679960920119919,9.72357421379954,0.24724908821969455,0.7986683283530172,0.43352016174976765,0.6000000000000001
0.3852667760007508,0.33116026369626095,0.6190610502429452,0.721955107453986,-0.11201416825445414,16.409383537327525,-2.6830004564756273,6.918087911722676,5.29907147392354,-1.4784141886488191,-0.18607646909151115,-3.4413754271088197,-0.37165733739580775,8.708668907114983,0.8586731930154246,0.5354626756405716,0.24494088482638632,0.6000000000000001
0.5178041437050519,0.43780477351506497,0.5449034516647766,0.47004564469176385,-0.09467706297187874,16.322455091375225,-3.0444726388235175,6.782105074322409,4.720866998661776,-1.4806687925684479,2.719586343734687,-3.722430870988278,-0.6900616922172256,10.158040615163431,0.20861728799763002,0.4686461199932165,0.2825454655374984,0.6200000000000001
0.5078343065218787,0.41084933211331126,0.2971609763971262,0.512985170483087,-0.2535468538482633,13.899773166819012,-0.9996700626691719,5.806243665644339,5.183878169814305,-1.3232428362142452,-0.9598361028058878,-4.6608360543947684,0.013406124859831337,9.374567367886453,0.6112182187802692,0.8597890504735898,0.4065698332980664,0.6200000000000001
0.5904728866789843,0.4050951647557258,0.27917311753726354,0.6599224568429647,-0.11287043734191023,15.74580820462781,-0.42326262159627376,6.948499870826459,6.176135747999764,-1.3411144000616373,2.5065086890863624,-4.540964092394323,0.19711580839231585,8.426608631624116,0.4568234887950016,0.5299132025544,0.38237584720065193,0.5900000000000001
0.5433263955364824,0.6897909448239543,0.3009653496116635,0.7193761117882549,-0.1484023075242185,15.756808557540577,-0.38887990935063893,7.313906564413227,4.838489290134851,-1.3112449813339149,1.4505023157032606,-4.321922389135711,0.22483575877424128,9.118214928829511,0.6266920533982019,0.6348429504691749,0.7474357521248971,0.6000000000000001
0.3970305045482006,0.7867104556060481,0.27083068301869145,0.602195118773684,-0.31477800563199243,17.917884265876015,-0.3764820448738074,7.063265989404872,5.2579194823076305,-1.4946444504304326,-0.1611527841853407,-4.444068047718994,0.0873176042909522,8.861645080139704,0.21292039190883028,0.7113724498149405,0.8486508054299902,0.5599999999999999
0.6313695964444719,0.48322147197410803,0.2209842189422917,0.7528683086698139,-0.23530778681399184,15.50504298626837,-3.0416620896593725,7.132596549405905,4.963427506843598,-1.2691997247991769,0.9687115707104996,-4.053178644259109,-0.23943151440575625,9.096842495859322,0.36493493883177536,0.5640113245793539,0.9942696302526824,0.6000000000000001
0.6475736940852921,0.39394234624181124,0.4954624678132764,0.5932235765010354,-0.17931771863717388,16.688514700198606,-0.6554922501823315,6.92266497405385,4.23620043725288,-1.2860887114421091,1.4762324508034224,-3.917432361143964,0.3192240846006998,10.046550729933164,0.4395895320750074,0.5100369615390725,0.33375697999561726,0.6200000000000001
0.6368278919501509,0.5346390797023032,0.3951158337663152,0.4389981250487592,-0.2154335572367386,13.28650142203905,-1.0963350975181898,7.794779949953915,5.668205747387984,-1.375627939263379,0.3993194881472915,-4.028259597429738,0.03670514865083091,10.104209839431604,0.32492158215195804,0.7214876057011431,0.8892626863571391,0.5900000000000001
0.5933100430149371,0.5125266452490974,0.37904604616434034,0.5301269206109369,-0.33989877724061823,16.01673394310837,-2.258991716932413,6.093588604489909,4.8065501374281485,-1.4084473652857847,-1.0034558089432908,-4.212550687337895,-0.21842350852915163,9.731484685541039,0.29367797615212476,0.5788063767585373,0.29865807713319453,0.6000000000000001
0.39200624092950404,0.3554702995747623,0.31135935039690354,0.599528490155706,-0.018241276485513668,15.510886325237296,-2.2396605309979885,7.559853817518157,5.193802297081866,-1.4979907659565188,1.1294587210473748,-4.381900079667586,-0.35610126020382815,9.606553991713529,0.5524541437362211,0.6369437492544074,0.34544548110952916,0.6200000000000001
0.33335614272487457,0.7392072653440307,0.5154701001852519,0.501963194792615,-0.0814486670408156,14.687308441354121,-2.002877449038042,7.19846912112574,5.942510515451966,-1.4903603307701307,0.7667874728007834,-4.010946597016858,0.06609668526360282,9.558291323892192,0.6301756483266003,0.6809382870896529,0.43473164342625514,0.5900000000000002
0.6239152908216572,0.3110654558906896,0.2338783764723628,0.6197467391567636,-0.24355752399421152,14.672308000750204,-1.933459651301241,7.183052272876178,5.759063628855845,-1.314900054193053,1.1394095152784658,-4.29700014183211,-0.1666416659832724,9.286022223240321,0.4049339831510199,0.48318942090864636,0.9084533589595463,0.5800000000000001
0.7232927878318689,0.7070999504356775,0.6332916072888555,0.6996801015902014,-0.11925291367031865,14.742324599648049,-3.956737637821902,7.605213064151851,5.407222869046484,-1.2372442643479822,2.1708206112763215,-3.1274721449894543,-0.7462848714008203,8.958933488303217,0.8382564704383604,0.5436149287318747,0.5381093382196115,0.6200000000000001
0.5469310651828669,0.6925049684151614,0.41669577834457683,0.7595846852388539,-0.08854809590379058,14.789143443729419,-1.9347222664503438,6.684668845041616,5.370590715308098,-1.4111798264026456,2.305941647704857,-3.838767733078217,-0.08514848709316014,8.904372289714939,0.2911884876562683,0.553139896438422,0.6357752132000483,0.5900000000000001
0.6433993880873318,0.7377699152348771,0.5648955203782385,0.4100451077152545,-0.16044098841366822,13.062164663029343,-2.1927420567785254,6.921993637268537,6.043306391834643,-1.25887281236836,1.799477307936154,-3.46695311993664,-0.18950346466678597,9.633512378349407,0.7645576779082018,0.8395084367619209,0.4764266804569586,0.6100000000000002
0.4310521318497173,0.779557905776337,0.24893785075637312,0.6238693206107849,-0.03722672057756651,15.12694806792661,-1.4538224336454804,5.9990640423335275,4.738523314758929,-1.4190297538368166,2.2745781906792195,-4.613714435544889,-0.11448119532354398,10.138805522668815,0.5033599773242474,0.5831477297584349,0.2888591022424781,0.6000000000000001
0.48039917710492225,0.33696356898895496,0.4496516417316333,0.5784278093296595,-0.13071948227525013,12.616269497225517,-0.6229172300819237,6.3148998961645155,5.977095344913897,-1.4079612518026015,1.2623319407376143,-4.154103692858327,-0.18593065857945387,9.376506073707073,0.46319887973956375,0.7642230784544596,0.25683511467766235,0.6200000000000001
0.4663847121095234,0.30920052234951506,0.5119491716727952,0.4898254459563592,-0.059163316333673194,14.370265743438804,-0.7820931512342333,6.843363385745506,4.832434183616893,-1.4073442103900358,2.2609096638446626,-4.0411964904241335,0.20001421269636793,9.960525902161564,0.651732713121134,0.6511824273778328,0.33806918300115946,0.6100000000000002
0.361318449998699,0.6068525273837431,0.21415670854152413,0.37630899203550777,-0.15203530373261068,13.80155644051866,-3.2415454701677406,5.811645577215908,4.989493415601655,-1.6705518612794947,1.3034742453360895,-4.042286749740773,-0.38360296791801607,10.437032887483682,0.23547726070630498,0.8429410158106467,0.7407609412509603,0.5900000000000002
0.49484983966881446,0.7137947670440775,0.4586632177128002,0.7485334476993656,-0.17000675130121068,16.80592798875115,-2.9595619986217887,6.730252716623223,4.198123490733202,-1.4114849827963516,1.2567049513778596,-3.9549573670071774,-0.4272061052311489,9.122058576231112,0.2955028085060224,0.5513657447583894,0.5097592967966392,0.6200000000000001
0.34870563581682756,0.7091999253273455,0.21338313872018647,0.2946923425520248,-0.044377719633054424,16.245069967407805,-1.140890236441729,5.82053857271132,6.196868513995105,-1.525764490884611,1.5141246946970872,-4.633010938237534,-0.09055963487075518,9.970223134409563,0.492306161003365,0.632731141042506,0.5867105454611218,0.6000000000000001
0.6542818763395314,0.392906658616528,0.4221833451022395,0.5991212939707611,-0.14445391518242148,12.35657608578509,-2.9385571243729256,7.433759462149174,5.712557324272971,-1.279471812409719,2.8325652538676476,-3.7507324570880862,-0.32986465825970296,9.219027837629918,0.41845416402990276,0.6743131267270244,0.5209167936055232,0.6200000000000001
0.6336756251947898,0.6395467440064144,0.4609790866490895,0.34149378844523715,-0.21052543981958444,17.990353847608276,-2.403127309660017,6.666115076902216,5.655698729831572,-1.3570087591424105,1.0765939349460378,-3.808911716188362,-0.5931854368378043,10.358810189738769,0.46527471943226645,0.43870594998684503,0.2847465366224234,0.5900000000000001
0.43595866498637337,0.3261798020400417,0.5054542992107,0.6315452698017012,-0.12322366164482138,17.05389405015767,-2.5235928887286847,7.2138534092760915,5.240536993519014,-1.4998567256568949,0.8037484315077581,-4.180499998652101,-0.24958705246333956,9.246566681960026,0.30908627437215286,0.513148536432394,0.307380061686019,0.6200000000000001
0.5716750911953563,0.7295821177391556,0.2659428270519026,0.5190396661675546,-0.1258902255432846,15.078635453148824,-2.2123969336861817,7.148916489514895,5.986541903385496,-1.3505519126010037,1.5288579336344825,-4.251234261667026,-0.24093688731962654,9.139420165716366,0.5761627363858819,0.6133369905545798,0.7523357251701631,0.6200000000000001
0.5874964376072948,0.5023995174994684,0.3789426026840964,0.7626483551570105,-0.3434350879206516,16.99779757533391,-0.9509367104711722,6.347226306285605,4.591587338890888,-1.2692053249504782,-0.4453238265095491,-4.243561799568206,0.05325641970368761,9.301961266413922,0.2844431184568845,0.5263141708780854,0.4826916240110265,0.6100000000000001
0.3854435451455496,0.5590051076842825,0.48436384208930683,0.7865376840489631,0.027350295946256768,16.925467816087366,-1.5393045233458238,7.550131682132646,5.463134369834741,-1.4901346620960614,3.830873562902721,-4.159758847481351,-0.13173288623283852,9.355747946212057,0.5061177390712629,0.49348234938351,0.38635283684968924,0.5700000000000002
0.49201394813057825,0.5641392912623102,0.5082196005907951,0.580799491337307,-0.25181052685750516,17.81656249603467,-1.9942582112480889,7.733638070696362,5.225142154724829,-1.4328925819054612,3.1106601910952545,-3.8592763619617405,-0.26604070528204715,9.278021718887352,0.23527370220614766,0.5698875086548045,0.22518693900652426,0.6100000000000001
0.370700999374499,0.6336861799098703,0.37682826376265066,0.7823400318792253,-0.05301645661241906,15.840973859166029,-0.7429888467336567,6.170933283016488,5.018375676206863,-1.5894868424536315,2.7521423069027646,-4.273901228867789,0.12805389091931713,8.72371939813847,0.2500344262806672,0.6239366780256625,0.4703723446337112,0.5600000000000002
0.4874412846885151,0.5224684044160159,0.4153029040111314,0.7122376583079016,-0.12664808527829982,15.358966291568384,-0.3209531539883299,7.656820247080738,4.907420110909707,-1.3652401160210035,1.3694456462268731,-4.123162353201995,-0.0007428119108672804,9.046611766067105,0.6210666507401686,0.7772648044694903,0.23572694167165906,0.6100000000000001
0.45340812075436115,0.5829861335892741,0.33350573724415217,0.6984468522568393,-0.17588774382437342,13.161462254621492,-2.6117956579444015,5.932626535109572,4.858506082638776,-1.4050883754781671,0.7192239064358372,-4.354373587452532,-0.21696225098047867,8.601528857899806,0.5052288638563412,0.8685602269275596,0.2839553233171038,0.5800000000000001
0.4645997422798027,0.4329335523903501,0.32707512320165016,0.7123739620890672,-0.4287936160991533,16.23309401584866,-1.4752142560352919,7.490633122853107,4.96129527131262,-1.4157094760267288,-1.6959485334687319,-4.204854603682836,-0.0719476114851148,8.361036988838405,0.27011392153678127,0.7229931335901232,0.42627138785461455,0.5700000000000002
0.5039838327694847,0.6247149534097888,0.28724465960409507,0.745032387183632,-0.13879843137299927,15.237129102116185,-3.245363901007975,6.119490487155701,4.895279536603774,-1.4350992519315267,3.1934044093855256,-4.266974648796936,-0.2728820092980168,9.34747042316632,0.4687204124485182,0.5032272663815398,0.7733719538731447,0.6200000000000001
0.44437601117572934,0.6231535443691119,0.5179781510018091,0.6234662943800048,-0.14563991767509596,17.840482530570362,-1.9778556724699314,7.74019270241953,5.796649144009477,-1.5010390236057158,0.7946668283128139,-3.8899152698812083,0.12856552609525024,8.80213914469277,0.3190990884689419,0.49163944236056634,0.32343502749399433,0.5800000000000001
0.5838113474976375,0.7696796694784488,0.32043215030884276,0.4509980597705332,-0.06784494163713767,14.345400819894182,-1.042753257179768,7.119259753306137,5.250392915420747,-1.3561497125841535,2.1007054968360728,-4.264260085237199,-0.045442211380072345,10.176247557576517,0.3823175635156951,0.6431406473509529,0.7412483983988325,0.6000000000000002
0.6040942346021821,0.6792152304322161,0.4101183528933115,0.5764803740936644,-0.36887357197781456,16.37292084977315,-1.9293991941448543,7.080114959856874,5.878275068761541,-1.3978593559485168,0.6329988199795462,-4.020783116513609,-0.2350233374961853,9.204100505030276,0.24797598140418398,0.4467232132411735,0.43419349156769066,0.5900000000000001
0.39891733726924966,0.375078347926326,0.2566403576025114,0.7425954284372462,-0.04452870109040134,15.34061872004721,-1.1866898228155967,6.713877606607193,5.5410904028005765,-1.4810490334363904,2.178824432941507,-4.590084823382609,0.17144220360038814,9.462685311209729,0.4530281234710859,0.6365837168140253,0.5905976103144167,0.6000000000000001
0.45502079668589235,0.5979437899452245,0.5279117110375818,0.7481119946349502,-0.2606002887098817,17.330357965684122,-3.601114654273517,7.310729735787002,5.7432758435616575,-1.4152648427377783,-0.9027030016906574,-3.451257410126059,-0.5017165550615569,8.263249715612716,0.4629968189824617,0.5991733931868097,0.36907176019422133,0.6100000000000001
0.6468981614974475,0.6475622836926617,0.2939495944158345,0.723591342757784,-0.24528154119769086,16.6083429521371,-1.416792087021435,6.9665394862407055,4.89942532219014,-1.336343818133195,0.09525115508720627,-4.292931308983149,0.00025367149206430295,9.248112485177806,0.35684208546750706,0.4714274756700829,0.6227472888203928,0.6100000000000001
0.46207691015275676,0.38058765089444346,0.26677711492921635,0.574999958467896,-0.08663972027049409,17.723969460254168,-1.9463289522380138,6.5067563153403825,5.0469830667701805,-1.41587186421435,1.8213596169577575,-4.695965210730481,-0.20090535021887063,9.643414531014054,0.3694900111208042,0.4266267219886714,0.7031315299547296,0.6100000000000001
0.4893701308702278,0.7670705820725935,0.28261461694521745,0.34334469121859285,-0.04577897849816713,14.719780334855772,-3.3526070822932863,7.560916688881607,5.580023772557903,-1.3740478314191837,1.8013558066011734,-3.9005187514884447,-0.4512210909632642,10.150413338236563,0.8583361606226095,0.607755681967,0.49489801868266103,0.5700000000000001
0.4316030213201569,0.7989208194922289,0.46241124786166515,0.738515975618516,-0.14860101068759285,15.587489627073097,-1.5790306058593002,7.294129035710403,4.559019141777906,-1.4766629678685799,0.11389130268325087,-4.288061832526143,-0.0672576468335248,9.392871028806095,0.34785693795468875,0.7122936398338386,0.21727830100655918,0.6200000000000001
0.5644499102416487,0.5264876361579078,0.5125470230252217,0.7151218621430669,-0.11929290419020715,13.082285194857938,-1.389264997717862,7.355051211635021,5.0184540395263,-1.385706585623578,0.6465900779509431,-3.7375760020203637,-0.37097501114113773,9.001115323037826,0.29315758670816416,0.724073089046849,0.36550441122359156,0.5800000000000001
0.5282201972067134,0.5878639897697338,0.4662917049461957,0.600610094739533,-0.08661896187306559,16.072935333884757,-1.9830863848692981,6.089870285831071,5.242655213243593,-1.3939461303039316,3.086898048702272,-3.8173754876348314,-0.18828949626126085,9.986672168571054,0.43246509225054786,0.4082866794595632,0.520832013961456,0.6200000000000001
0.5338747419416409,0.5569186127724324,0.33654739779158704,0.575358862254818,-0.11090469660219643,13.555649081722015,-2.6912745646300094,7.417188450040135,5.7275689036740065,-1.375949187766078,1.6363375949380718,-4.060992790385393,-0.1332767206370421,9.765003593343664,0.45497540581266305,0.6398685069777769,0.24509916631681,0.6200000000000001
0.6188657269529227,0.5291386372656695,0.49337696987215446,0.7929994918419865,-0.04954502451878928,14.490429167042665,-3.417300052760103,6.949754271134772,5.455294409811555,-1.3119372381889338,2.8201532692207207,-3.524291903055527,-0.43186731614284213,8.580270750763148,0.44283283109528165,0.6859555765457175,0.8264842195128516,0.56
0.35097794935911975,0.4943892554885035,0.3647427029689203,0.7193451831291227,-0.1763487386437671,14.158609062734346,-1.9405668270642886,6.079090666920744,4.579183654644485,-1.490010131185553,0.19896051308314355,-4.4093388769713675,0.13190074916212502,9.414204606375105,0.3593099402891015,0.9282844072229233,0.48482825781990524,0.6000000000000001
0.3461163324607197,0.47234675957312966,0.4874492999591927,0.4879029263408939,-0.18088899914654308,15.856756675311429,-0.7324484671383187,7.488593664065115,5.548203021262103,-1.605529026549708,0.14751205536793788,-4.000766199052366,0.262017327245249,9.560120769413505,0.2827407960532982,0.7947094905363886,0.4440570462263454,0.5900000000000001
0.41867214487928583,0.7425355378659165,0.39480754090288483,0.7141373164729978,-0.10215190403493443,17.46720783703468,-1.3034703286107252,5.980365634380223,5.184927951505804,-1.4216353516634788,0.7748966596262743,-4.123937803454278,0.09032629707647324,8.56989045514948,0.5503580543775428,0.46807182598110925,0.2850809640010211,0.6000000000000001
0.4732570627639765,0.6766986865055223,0.34482555040040513,0.675711487739662,-0.20074861890666132,14.996857017626086,-2.1564736195131227,5.883754350307141,5.734723310380167,-1.47476061478138,1.0825194845527237,-4.309342612084341,-0.30118610555336717,8.592289625797026,0.2444931575471328,0.6468201464606446,0.2792701802440396,0.5700000000000001
0.6286709359700781,0.5441917955374611,0.28798641328947544,0.6361830396582319,-0.27699046971446833,14.712478814983516,-1.5442524861189035,6.499531978742679,5.4244030404302706,-1.3106558043141223,-0.5976713078509865,-4.356602306725384,0.02574813268650994,8.8864686635922,0.5516992303415416,0.5829764003910476,0.3986950725057403,0.6100000000000001
0.5757493917015509,0.7833167661562033,0.3963762317750886,0.4687036081976287,-0.2736437883149295,17.591757365025703,-2.966545928766465,6.428393444702441,5.618294798542314,-1.346516753332693,-1.4170078764696932,-3.718951036947596,0.08273631381128196,9.734260506876808,0.4852337965147715,0.5159658306233486,0.21125100870086524,0.5900000000000001
0.5498782298576794,0.32945085681707265,0.3532914315474568,0.5007343839661684,-0.12860348661444593,14.861837561579051,-2.3508008522602437,6.784978048081906,6.005122335923039,-1.36930909933176,2.4778404050025253,-4.3572167971244635,-0.46192357018761665,9.396648885274654,0.41144815683676306,0.4710423478582334,0.2056022064989133,0.6100000000000001
0.7605569497908099,0.43891386620192985,0.36883936520407595,0.3404335026454898,-0.18670496755164073,12.748448316742639,-1.9752517814546398,6.037886161976732,6.318798501377913,-1.1742596201795301,1.7729579560287025,-4.125198615649293,-0.2265965506155779,9.86664953561564,0.41727512836656094,0.7051619242332692,0.2641904524551987,0.6100000000000002
0.4659089393020314,0.7644897587764903,0.31554151973213534,0.6239190708466257,-0.26145009974422256,12.827031397674611,-2.485520035710042,5.9930991851197914,4.466881622723602,-1.4023448301799806,-0.8250485354279489,-4.338121227718861,-0.1347890217833247,10.31451207642979,0.3932968338046908,0.9485586780993035,0.6020581022712793,0.6100000000000001
0.3680499947901785,0.579371916076628,0.2907433572084943,0.7515307646878839,-0.08845946712188688,16.911712642667702,-0.9197794581129919,6.5439526494772355,4.924805789302193,-1.469361176635107,0.8611913396179309,-4.376956282429774,0.016083335166945253,9.619720497184087,0.6560784550296505,0.5682786203256064,0.7533637404144449,0.5800000000000002
0.48402846903250385,0.5487546065134487,0.3610459437748688,0.5545717446409083,-0.06332586733153059,15.149725800800772,-2.7786028041916837,5.970582221288062,5.4944718675569515,-1.3863834992630575,0.6181310096501575,-3.9481885227723232,-0.3820660480427106,9.511714020924128,0.5118242913340275,0.6854732361694575,0.7606590617985383,0.5700000000000001
0.4048849626154413,0.34258929562980667,0.3815730023479512,0.6441451996346941,-0.06229098812855959,14.760188414880101,-0.2401864151675061,7.093410781089484,6.2565165989848825,-1.638123553632911,0.8333788321766564,-4.164982063820163,0.10233484514320718,9.193042161009316,0.20618438751219154,0.7698271686207461,0.5434110014619304,0.6100000000000001
0.5646102096195753,0.6124909430984883,0.35240681476382335,0.4880743926685229,-0.19389445235259567,14.592239138615321,-1.4252584365145289,7.096338587432062,5.446564270204182,-1.4032577154558168,1.7498811744831206,-4.457544826906494,0.025819272821173203,9.795808525136964,0.30705147520983883,0.590570881054213,0.6605063568351197,0.5700000000000001
0.41265251293081795,0.6920388665229779,0.4223073608516509,0.5806340304506034,-0.09228224991179684,13.745585467476527,-1.5014613241942758,7.365236952861479,4.524186261136013,-1.4234170457953352,2.848247368455852,-4.43248417762904,0.11517411640346997,9.329439646489105,0.6746417990949694,0.7596350930626363,0.28315130274744166,0.6000000000000002
0.4141760613340977,0.4146054244058135,0.536453985352963,0.632217454477494,-0.09837297323626237,14.008582717698845,-0.4845136193775808,7.556895016048433,5.370029559738748,-1.4574243046052349,1.0737266813435233,-3.888716539869818,0.44104667095857875,8.662146533152912,0.3363444990763244,0.7649600584732894,0.313839171411109,0.6000000000000001
0.7178988112301843,0.455301901447775,0.40920504044882494,0.7147753994977446,-0.15397359255505327,12.956270492996927,-0.11003873813108225,6.484353776715162,5.133314797865026,-1.2883167028218634,2.3357413107503175,-4.364994781132683,0.19333987277507497,9.391795136754656,0.4274230478362628,0.6568359624374178,0.4046683248680655,0.6100000000000001
0.39749243601600365,0.6984260820565668,0.4258484604680258,0.6471514337500645,-0.04974602121751412,13.353212107729751,-0.5737457695595033,6.6750510190873635,5.316822073827344,-1.5331657630604254,-0.31297521171122306,-4.215838973598841,0.10389138995808572,9.570013456574827,0.2554564468327498,0.9399144088805502,0.646019884314107,0.6100000000000001
0.6531037129595156,0.4159004516447412,0.35442838277545063,0.667704954334192,-0.12585535309633844,14.66973197043286,-3.9464437284383242,5.943165263826605,4.8655478561213075,-1.280950176951955,1.711799010707724,-3.55705093767149,-0.7568221109927477,9.250151953932328,0.6475845230693951,0.5847066001218482,0.3185240983089834,0.6200000000000001
0.3778816220375337,0.521972757657353,0.5168153440725083,0.7992265704228119,-0.06770492755397461,14.502514942426936,-1.0811611774817163,7.451491050069836,5.1089524618232405,-1.5132019100266239,1.958904543501515,-4.062022175905578,0.11658479586674664,8.060977587027471,0.37272869258570657,0.7043354769980746,0.5533721185492075,0.6200000000000001
0.344668508969675,0.6725223006414769,0.48740962545314437,0.729658237932738,-0.0944077189863552,13.497730619602647,-2.6792558638189545,7.318530399259913,5.930239221995024,-1.561982504021618,3.268509074230105,-3.796863976439371,-0.23196103610740115,8.8788550586552,0.2361774902060992,0.8127737554788788,0.5608440371222891,0.5700000000000001
0.6190062767853431,0.5934888505905704,0.36265948616887345,0.335772291703763,-0.2002134139504604,17.347191568455678,-2.545415715106224,6.717071929927257,6.615408221597763,-1.2667161442038628,0.8155197839657827,-4.129241962353327,-0.20950033838465976,9.61060339964026,0.6868804491415829,0.4068606431297062,0.4746329649648501,0.6000000000000001
0.620147957857497,0.5430807467176759,0.4720750288272164,0.7377300652397925,-0.10150583962169119,13.555622005032507,-0.4413657246717029,7.066692390997602,5.2052543214285105,-1.289089585606963,1.8668898337217381,-3.9161613254207395,0.028410848171733318,8.996250345628214,0.41023892326675165,0.705788971687517,0.5303137492653272,0.6000000000000001
0.44204454919648434,0.3633284984473052,0.5028799737603136,0.7903511162340222,-0.004779999329954751,17.031421807720783,-3.5091783878480354,7.168617908451946,5.254035549322823,-1.557868435026013,2.075475301874732,-3.6459672993726806,-0.4384549255211177,8.532082814104363,0.2548838353602432,0.5201110951606301,0.608609482308978,0.5800000000000002
0.3513466055654795,0.7009073806564695,0.42984043281028705,0.6923235552380946,-0.15649124138029413,15.807748812524617,-1.4838933331991977,6.654146737096852,5.4663836836187345,-1.544823997691278,-0.1887536227271871,-4.2566875698805005,0.16960654871098296,9.108706045676465,0.29689169265370613,0.6193155125652423,0.6578158377665655,0.54
0.42947801616126413,0.73301280643212,0.3842118759882401,0.4271711465774574,-0.22444635659699427,17.311120587985283,-1.8764178905333573,7.7042937466782595,4.871881141905356,-1.481559634124621,0.6056677254007821,-4.025550835669787,-0.09636010581260158,9.95005762459104,0.2940656834293074,0.6747151835224116,0.3374169090676349,0.6000000000000001
0.4400072071870486,0.5888411914541393,0.2952026384681268,0.6780763412225367,-0.1888875984689286,14.163448205062767,-3.241465539057208,6.008618051360904,4.988249725977409,-1.4445203212682574,1.1269204796728405,-4.326929915237476,-0.3350996706102532,9.457225682681901,0.5468704459962752,0.7383365531364643,0.6375251113432661,0.6000000000000001
0.49452217452554603,0.5763481375419479,0.4002192217431379,0.5012545176937946,-0.12298618040439876,13.686105778652482,-2.982487911436432,7.480963081096569,5.995815049194606,-1.3992968314661036,1.868777122457712,-3.798183141487121,-0.05279860808032855,9.374098015460218,0.5259370874944204,0.671980471010793,0.3260700686007221,0.6000000000000001
0.4684646681468575,0.3738522614864872,0.5236354199264366,0.469717300550686,-0.06491788226742341,16.812824032209235,-2.12808792686665,7.245438995537771,5.7071759084617835,-1.4695135340875922,3.8379543728538503,-3.7603169923384088,-0.011850314214955304,9.398179805498723,0.43990943201340316,0.5528934017815138,0.3988847077023885,0.5800000000000002
0.5883088583664479,0.40208652701307257,0.41234666282370375,0.5224808337429575,-0.08567011461807963,14.626200466163628,-2.6478924836297146,6.7320765540893435,5.948776707117221,-1.3986369788399036,2.627496729807519,-3.8961204142429406,-0.12177538857743397,10.508944689562542,0.21810022774707205,0.5403186118832882,0.2559314678112512,0.6000000000000001
0.701468095778997,0.5540287326821995,0.3358397918710592,0.791030508908094,-0.008165429564130133,14.366533564657393,-0.42943740532677266,7.567172545239945,5.185706976842664,-1.3426270403452776,2.996080349148131,-4.087248159633194,0.1518095207854103,8.611909657797659,0.25592610045159436,0.6083073294210848,0.7797338373380226,0.6200000000000001
0.3521377419929714,0.49969974472241285,0.4162727315045135,0.7403703976416778,-0.08998212721582326,17.056348386311093,-2.80545556074269,6.247709230265594,5.17705432539461,-1.4956477859056083,0.6757347203196615,-3.789109811986874,0.13296441430201872,8.88426386399954,0.4319224591540104,0.5407461616404836,0.5508708334115666,0.5600000000000002
0.6195368841683101,0.513185916186528,0.33087290307894385,0.4369609461558162,-0.43281671719387027,15.594277634569943,-2.2280851705063,7.2408704010216765,6.044019573514898,-1.2560026886047653,0.38281383112695555,-4.446896602643398,-0.11702175511062177,10.06045980566698,0.35186069105152623,0.6078364699525034,0.6280861474974545,0.6000000000000001
0.5734223253332885,0.40290389219418704,0.4488180662102796,0.5542008600949413,-0.09764259179541114,15.940358255960572,-3.309287291265135,7.457456510137667,5.364979023479362,-1.3254667341633781,1.804962181429194,-3.800450083635425,-0.40452803140336857,9.628941566321812,0.5518107701114499,0.4987332340213099,0.5465790284466403,0.55
0.3349303699128527,0.6598330357081075,0.4544599169724124,0.5706846016898185,-0.12429527282028056,13.695016501764098,-0.9937159784086389,6.2396243194490975,5.257059568816035,-1.5344472356213241,0.6168493175295972,-4.291257359975695,0.17276671032193244,10.021776202134935,0.313341852025943,0.8461639187528788,0.647954615799097,0.6200000000000001
0.47875513686395765,0.6432351413285438,0.43389112916047734,0.47724412495977886,-0.10612574600121413,13.436679293106755,-0.48908929984936045,7.2797513174495805,6.126666968680536,-1.5091075475452091,2.6816377392349544,-4.142675289170162,0.10586162179270622,10.108102665551174,0.2163751201833019,0.6805683501525309,0.4243506081011151,0.56
0.4611202173248733,0.6732678792169746,0.25970926341968004,0.6352663572384581,-0.17554795943478518,17.233218769050417,-1.6266423933037955,7.024845425331993,6.101541143734545,-1.4412424631931673,-0.12236754472574599,-4.214322694345895,-0.4001427511306779,9.62577031814815,0.31496402887474556,0.6087032596776613,0.5023796218062192,0.6200000000000001
0.3459546675660936,0.4336587196755075,0.45011062597226237,0.36301251391100886,-0.028045040395208803,17.053144718879675,-3.2275122542107355,7.453058801431951,6.144580396780943,-1.4630112610466188,2.3022687950485627,-3.935147925885999,-0.12470410734464545,9.588112602107365,0.7947045887916252,0.5927114551784213,0.3005082676467302,0.6000000000000001
0.5941518437861786,0.548122031217025,0.33534918234036004,0.755356539227581,-0.11414976191002485,17.235013528649255,-1.6656997559636808,7.233346422338154,5.073388099866084,-1.3611624023959021,2.3107003413044778,-4.453249736157524,-0.06799598492996912,9.424054240936906,0.2673295824553688,0.41615988162366013,0.34798809556055493,0.6100000000000001
0.309735827193611,0.6604427980590998,0.7264551674451796,0.341434125794361,-0.08176968766465996,14.070920607083604,-1.585948139514055,6.823033371383439,5.401610260799642,-1.5463605915061942,1.3494138085919958,-3.5475106171174904,-0.503727048362959,10.117469060069157,0.35068230680342544,0.7447081677261341,0.5437947526824851,0.6100000000000001
0.7687978284869407,0.7908973613879431,0.32753757867425376,0.36709135218010613,-0.40764838831692696,13.013240861279256,-2.088632005544295,6.505512136359286,5.3090733725768455,-1.2035793384834905,-0.0008608473184716914,-4.309769017476143,-0.1587456811702886,10.049029353216172,0.46191971609471394,0.7680490902870074,0.451516183109253,0.5800000000000002
0.7599359202331712,0.49701569074159324,0.4407950432507145,0.7436169315357883,-0.12279366237415365,16.988984629238782,-3.70177701108489,7.473740123430569,5.7086540401688834,-1.251684552732821,3.349030441224638,-3.5566670520120316,-0.19713963532192053,9.278963538522744,0.5364171832838676,0.36526864035130113,0.32787396998197715,0.5700000000000002
0.7541239986569533,0.39310203578868685,0.3738769306546861,0.7361591546012946,-0.12820326135742843,17.77708811057546,-3.7666213502126666,6.11103741163314,5.576384190200385,-1.1701884177435473,3.377540793519608,-3.615185929129743,-0.5881845099231373,8.294110526482408,0.6297826425553124,0.41337981438228627,0.3234846033068802,0.56
0.41310925235418394,0.53006178663334,0.2619622177531167,0.47126716373780486,-0.28860643144585296,17.24706235762013,-1.4717009961241347,7.180399047965168,5.148533231437052,-1.5022352629289923,0.9001314112952362,-4.396082019020123,-0.0023341970230670722,9.978205373886478,0.22188753043416995,0.5232141188087761,0.3267017340437972,0.5900000000000001
0.42324597980946954,0.3935485119483683,0.4451440076911757,0.5988935411813161,-0.18982180715957636,13.357205118826936,-1.7340462854515675,7.644995509775654,6.022976300841836,-1.4868478563489809,-0.4887247792692093,-4.377210153391115,0.09627574147547563,9.001564484391984,0.3402379895992089,0.9972047109929448,0.6416528184123182,0.6000000000000001
0.6455626375298347,0.6123336211718848,0.38453956015285884,0.5242817455496152,-0.15845082384553327,16.702431445334184,-1.3370819272797665,6.6986375033993095,5.660093418897807,-1.3641033210494566,0.516699509016739,-4.3767612559681695,0.006741001992773027,9.497502782700716,0.6152454482275378,0.3672001703177863,0.4559196529711716,0.6000000000000001
0.4385621565774475,0.49411725375773435,0.3985413330022369,0.7951961147562284,-0.08529895414195218,14.527994461349225,-1.699087271546976,6.946786253686487,5.643924587304449,-1.6435051884005114,3.9768661479870264,-4.279819949758541,-0.14836014037234724,8.933366849737729,0.21204591450168994,0.6178192320501985,0.5439841816640706,0.5900000000000002
0.6990383206721856,0.30662712384294377,0.34762098222015303,0.6837125869045728,-0.1729947551510173,16.123352398665855,-1.572712938420565,6.076373647679053,5.864267799170527,-1.3188285891940008,3.6637985687997636,-4.258597490728617,0.04493443291084159,9.323835060171737,0.34652293604978646,0.3574258957880504,0.34138455019219976,0.6100000000000001
0.5956769011544363,0.7178108090787725,0.46327251922858964,0.6920152325313625,-0.044269061879917374,17.178330328539957,-3.7576312380676726,6.936605022399254,5.769422399157032,-1.3002368416138386,3.7333012830098653,-3.4713561188933078,-0.27336360253322306,8.514953395810773,0.8010816292492459,0.536209891113956,0.5439277736985321,0.6200000000000001
0.6213736439542006,0.6043989155846559,0.4826401017718682,0.2999220127911892,-0.39860903339725556,17.524292266455962,-3.0813730110790587,6.953981557787456,6.068293329168334,-1.2226715875482674,-1.0401791596519954,-4.048765480338098,-0.5160058098571483,10.00609898645589,0.48132990615018484,0.4574418867944025,0.22404567877473824,0.6200000000000001
0.4011397027986968,0.7523647613211922,0.3972401206920898,0.727198791092809,-0.1431389384515604,13.62618371942755,-3.280674113079624,6.1333701430652345,4.660655605185983,-1.507401851094062,0.2004133844128897,-3.8043005158184373,-0.24971307825181943,9.61490896295379,0.3641884179438495,0.8190921169713459,0.20770258467814745,0.56
0.6768300899467103,0.396086877733268,0.35871859062270955,0.43102025468375593,-0.13445346877895292,16.954422231209275,-1.1994597188920824,7.095473214607442,6.001597482219576,-1.2402763652641091,1.4587455032184684,-4.1514007553833885,0.09365869805182284,9.800572438927645,0.7668523189763179,0.5228962545557408,0.6135112538599752,0.53
0.6265098610038362,0.6017248713542518,0.42451098137031584,0.6885599728312891,-0.4008918285361714,12.923832608086892,-0.8527206961562356,6.291825942304785,4.57251604264504,-1.3981204446306592,0.8903570910926791,-4.245877452419501,0.18895931972048266,8.999946332298741,0.2443794956252754,0.9275733968313724,0.24678518608507863,0.56
0.3888972124440082,0.38702130676918056,0.4429378673323721,0.7673768963634996,-0.1394352658531851,16.383222982252995,-3.4312330350177533,7.1484844901432485,5.342443564081156,-1.5004668038811917,1.0927733756765252,-3.908394713686823,-0.4262719105622447,8.832543576134292,0.45841838565042353,0.6106050914854473,0.45469688575086076,0.6100000000000001
0.7572038603580694,0.6593226941928613,0.3570889925939725,0.6031457707404988,-0.3494339361237731,17.26640016209375,-0.9694374009406032,6.823206907865128,5.880483109260026,-1.257615339973966,-0.14445501371956698,-4.208151913440206,0.20038281211713876,9.563555105396116,0.45979532722021854,0.35544019099562274,0.6764119321908822,0.6100000000000001
0.607668843227748,0.3867944033239854,0.2200748779198872,0.223896496990711,-0.0948545774829073,15.391405867397065,-1.2300394323316861,6.103909573798281,5.904231032858878,-1.3560320376967074,2.945139788350747,-4.662118195226991,-0.09104069315702244,10.376344780383008,0.3393047316476399,0.565909367824869,0.375364991358753,0.6200000000000001
0.6148174908220749,0.5386222773808524,0.2648572050112032,0.725732422680675,-0.05086230228105876,17.922925360622514,-2.4021015331320497,6.450337980659231,5.6819610394275255,-1.3542636391028975,3.3604510970115515,-4.253134528041549,-0.28483293807664684,8.889558881648206,0.5520312116599753,0.39394685324411416,0.5955215473981113,0.5900000000000001
0.675852967333017,0.7050229399949863,0.5261373004627499,0.7433578742071798,-0.18488067260965685,17.94618123270785,-0.8789140660335016,7.036296082570383,4.509914438527648,-1.4753094025632232,1.6318852970159354,-3.834206864474219,-0.13935810907620058,8.753141173377637,0.26495843611618775,0.44261089802956227,0.3997568559099883,0.6200000000000001
0.47559589585111894,0.41471202505360666,0.4373553120829743,0.7429275096906939,-0.02387930563971148,14.779952060683597,-0.6453052151850264,6.815114153414569,4.793249638836839,-1.4046979864034488,3.889676672698979,-4.34140434204455,0.3570778862988293,9.107079445110399,0.47859011776563215,0.7327799641573767,0.23678880784704237,0.5500000000000002
0.50849000034977,0.5359502485492975,0.48406654726400195,0.4900646101600386,-0.10542075350130561,13.316064314751157,-2.720255720551012,6.733964436719974,4.697790133853307,-1.3958217535463326,3.2829605121633394,-3.737894256818779,-0.4124274650325587,10.056365639401587,0.37805144634313526,0.8584527225692915,0.39349397383669826,0.6200000000000001
0.6197584967380873,0.5193308602926038,0.39852649191986156,0.7490857626119403,-0.20867708178028888,14.186928131627022,-1.0690914228018449,7.331734975866286,5.347351197016208,-1.425572030663517,0.9595298056722823,-4.106433382197006,0.061298935860779696,8.298377973735477,0.2848080107867767,0.6239910187321968,0.2602768349970711,0.6100000000000001
0.5221689039614699,0.4882085969223691,0.42070758016169857,0.676150750132184,-0.16397795972139625,17.30576558183612,-3.332701369982127,7.205582932404782,5.480457433063352,-1.366822208828225,-0.45954279353916583,-3.891468271347967,-0.12564333880015793,8.935924781911389,0.6409725973774812,0.42350425501245503,0.7549803580820976,0.6000000000000001
0.4713778777854489,0.413896499126834,0.4753915830515941,0.5557904050230376,-0.14299851896306465,15.888552925522768,-2.6325627922242214,6.553393384492033,5.562952056720831,-1.4239424945504788,0.5497564064643997,-3.900719571633384,-0.40477423121890743,9.608347898981336,0.5109993775525697,0.49835254217168495,0.5644936642565197,0.5700000000000001
0.3543480770770209,0.4465163922628007,0.44239630942182295,0.7509616313668847,-0.023596009506980924,17.81142372868293,-1.1573830576048645,6.588491402548755,5.526779922483745,-1.4624402375585732,2.987320101211252,-4.51005417116994,0.2651215503463939,8.963960734682457,0.6102690947399729,0.5869659469830173,0.3117288617810686,0.56
0.49228543646020606,0.4196562621044402,0.4091331557471111,0.6723502488979186,-0.2499338071521761,16.194150363122173,-2.979221793118687,6.996286092640595,6.090783256156998,-1.4478260259836397,0.5358070959443866,-4.397331503597766,-0.2850504766321573,8.06023955541067,0.29417891571191135,0.573937852845742,0.5404024980159334,0.61
0.5183080345675122,0.3121280381443514,0.5735916136599689,0.6712087149174345,-0.14351137888084786,17.834267517081148,-3.7043165609485404,7.025369458641958,5.496627399542281,-1.385991627339997,0.4117144963219208,-3.30612160261655,-0.6210724794945964,9.504537240846592,0.3692769385545184,0.5622501951241922,0.5658545029022117,0.6000000000000001
0.4009239696302596,0.3006625143270692,0.40429858209159775,0.6806517673522103,-0.1990425537974658,12.045834306886544,-0.637003546726193,6.735337927406298,5.7723787569684415,-1.4499822742314992,0.6193308387795318,-4.18702513556119,0.25478243321618,9.747831953615592,0.44780197615139916,0.9293309427805366,0.3082154875181764,0.6000000000000001
0.5606835520112595,0.5621230637540932,0.3581912081714307,0.535602539231796,-0.3488230888597792,17.02612850900231,-2.4454785543821895,6.079275112640656,5.770375446600317,-1.346462762909726,-1.4694085536166606,-4.127394379990587,-0.20362257603091496,9.844955467073861,0.32414797232491177,0.5827011571044648,0.785335713634797,0.5900000000000001
0.7275097520952762,0.7085494739195187,0.3569089290167507,0.6350977613755022,-0.10862476092946557,12.309065008228906,-1.2932283355830174,7.30005077556233,6.125707818871605,-1.2297639571658592,2.026429711463177,-4.15834223907185,0.21938798704306417,8.76444264508262,0.9037477520467907,0.9151584677594562,0.3113720075468367,0.6100000000000001
0.48021562403750506,0.7310233979099571,0.4034863642788965,0.568418616009601,-0.16029270583749697,14.149339921172537,-1.6009296945163254,6.169150258477398,5.859894325031567,-1.413045492942734,1.2787544014446495,-4.086043614231319,0.05657088700311677,9.582494388653,0.432698591279009,0.6070289403732606,0.5463417441426833,0.5700000000000001
0.7292411854191728,0.44266119449836944,0.3943239887320856,0.5693013381297718,-0.2203766373031773,16.77819665067063,-3.471883790307355,6.956956996775332,4.802147104176154,-1.1852869087612228,2.9401092013429797,-3.879143936207654,-0.28905793414003517,9.380474334606985,0.8000187149006757,0.47065885683576897,0.5162502428552727,0.62
0.4901741848542408,0.6546240238609675,0.40836622624852886,0.45203286705060985,-0.24842636771298587,17.450618192396792,-2.2805125518534313,6.83540051123535,5.757883159261214,-1.4573465720734227,-0.6882053496671215,-4.257353713147304,-0.02829281015987402,9.706413615712428,0.3683826109823749,0.5280492974990356,0.29802362813955946,0.53
0.4920671898675801,0.6963869560402413,0.45865884175732496,0.7001564626714549,-0.1260567845522899,14.617218267478163,-1.4411617063844295,5.94340877735657,5.063033239472672,-1.4183132663447853,1.6107173702959678,-3.9038126977614898,-0.2944424676814942,9.669079796627864,0.5572193801791383,0.5904538037659597,0.21510114548485548,0.6200000000000001
0.5241240366376412,0.3905529168189853,0.44166733723124,0.37899460673620705,-0.2996991619426172,15.539722266590864,-2.1021312399081227,7.469587198288986,5.831880125278457,-1.5379666585368164,0.9601765447702183,-3.7976458429394198,-0.4174623108820623,10.270290881522396,0.22642231737443638,0.6427602396679711,0.2601216291140626,0.6200000000000001
0.46891864007883094,0.41791323086373533,0.4716955716670412,0.7400705376126334,-0.07932460186813861,16.882277361567525,-2.5013051359169323,7.091796767845067,5.069565109881998,-1.4712522764065095,1.9345807693521317,-3.8159762523805614,0.08609964993559752,9.062759049153447,0.3623065055030371,0.44581031541086397,0.42804831164448504,0.5800000000000001
0.5770049578111123,0.670919332038345,0.628233326149427,0.6674871527234715,-0.18305635840658283,11.90847143649184,-2.888011243302648,7.504373808139403,5.539865324023879,-1.3266226126988572,1.6063246905973987,-3.6537128648036656,-0.48954873511118224,9.31822482490145,0.4715045954427844,0.9263587462105352,0.26710925537688734,0.5400000000000001
0.5764366801916262,0.7266234958784652,0.36230560701219017,0.5523137895237045,-0.20453606816903455,12.169003980082486,-0.6219547794203283,6.422906347507558,5.45727723592831,-1.36499251320146,1.4601754037886479,-4.135389658335252,0.11491281078803571,9.70493950404714,0.32779939952156667,0.8979636883272519,0.5645898485999296,0.5800000000000001
0.7174543479467528,0.6701716292605794,0.45071547322414285,0.6574904941623193,-0.42640064879471384,14.116143213582891,-2.7738420697166104,6.931963750021062,5.3000416621287085,-1.1892582746821099,0.9772731253449427,-3.8526315243210316,-0.4466423359899964,8.922282774156084,0.4126306026962681,0.6087607156242021,0.2792638685060376,0.6100000000000001
0.5264025296865511,0.5274127493107506,0.5189091942017261,0.36599318295063055,-0.2625582915312902,14.992844273939303,-3.8607215409422593,7.590059136270099,5.778137605009707,-1.3752284363937928,1.155075317874748,-3.7350237892624008,-0.2299182881026416,10.249703681874005,0.4064723479540242,0.5819655495511508,0.6385509879644522,0.6200000000000001
0.504173953296364,0.4264838749351618,0.4753712707015295,0.5207321832036793,-0.07784058614050214,14.05406358762498,-3.923948423177406,7.4621392199529994,5.690722605816958,-1.4655892564692155,1.8702054270288375,-3.292917286438807,-0.2471609730046122,9.519752570669322,0.28242117659854826,0.598127876623602,0.807397619484049,0.5900000000000001
0.40625774357987515,0.6804586752507604,0.29910176464067423,0.4746378554314336,-0.1484102397128622,17.94244850621439,-1.7381524436013178,6.317197718855071,5.999067304338292,-1.4935634036272438,2.6049144463165983,-4.1299712618061895,-0.1922581554849524,9.188646368790515,0.30149682360273466,0.5572869567174038,0.7503440714490216,0.5900000000000002
0.4008082762161934,0.3878388379349177,0.4182657939720302,0.7484568313080672,-0.1693905803692231,15.559088870756215,-2.91790610995376,6.3507395009372365,4.770015573416325,-1.5440362044506513,0.09162060277630357,-4.051045699069859,-0.324070007634971,8.441875285527876,0.24960168116616938,0.6501301519836388,0.30917863528000444,0.6000000000000001
0.47200569496744915,0.603636666807482,0.5726677076970735,0.5902010021991385,-0.0565487700091445,14.669554327529418,-3.3478537789578584,7.295100862800982,4.422566148685825,-1.437685438828092,2.245465098934261,-3.629822984279867,-0.5186084447428964,9.669569131317703,0.6377999667295067,0.6509777278107082,0.4024013653705478,0.6200000000000001
0.4077375442942748,0.7782867253693441,0.2894989691967696,0.7982724861278538,-0.03325191875556825,17.25144797651849,-1.704033587545594,6.9275347086387,4.228157955482109,-1.554119032575819,2.7985505824042693,-4.544485546041569,-0.08244133314071822,9.261555346925785,0.3017896993506228,0.5077916055643257,0.3915104275905229,0.6000000000000001
0.4703096926365187,0.7864127348409856,0.7043982717482132,0.5042614900908922,-0.10848886961938697,15.935406012139536,-1.6493428532545096,7.723953941352704,4.7569727673838775,-1.4185010562173286,3.352138389892813,-3.8002989782327847,-0.5816243835446526,10.471521612986672,0.4694604745540594,0.5542259638363168,0.21362113689775608,0.6000000000000001
0.5516947138667205,0.6091593523552504,0.3997586000132628,0.7824012461896567,-0.0807113935814813,16.26332240811308,-3.049042174154364,6.1835936652728805,5.125384405244838,-1.393988527564311,3.518139237568467,-3.7904050495769073,-0.6610364465929517,9.42314260063838,0.3790953154029873,0.5201755390850488,0.33800134172147955,0.5900000000000002
0.4829200708016503,0.5151940044998057,0.44794646743256894,0.6478013372859972,-0.14809051463938383,16.76890217133459,-2.395915844595527,7.713367399504898,4.660671682615775,-1.4872998028348767,1.8566846867388125,-4.016930437125945,0.08632125718911451,9.461284840372786,0.2512773393009028,0.4342248976985642,0.3990296890241187,0.6200000000000001
0.5020618602048388,0.6172692739202364,0.5426499655989869,0.5062403120410708,-0.09634331812621294,12.36968844711503,-2.0641924698252847,7.652998062678169,4.906948312581959,-1.383257218707667,0.5193610607451303,-3.7670677792420744,-0.01068035613445864,10.226234702750123,0.8507220152407695,0.9665055323063128,0.29271776912989805,0.5700000000000002
0.4720535842889285,0.770937416297746,0.35901624463231185,0.4089486239884535,-0.09023982558394192,15.585078628583933,-2.3745216068377095,6.296818040346923,5.572908994288804,-1.4656787204790358,3.021914011008966,-3.9911970018534055,-0.04210691930233759,9.859668019131945,0.2661516998236292,0.809263209738171,0.34999966428898116,0.6000000000000002
0.6008602483534475,0.3674829173563221,0.49609165571084746,0.2645375884105601,-0.28927964870695094,13.318506926006913,-3.32902350227211,6.910344990347368,5.679915944613726,-1.295386129649001,-0.5021397360777854,-3.4643481047065237,-0.7998827895645765,10.227309660045773,0.3429633741414432,0.7965168942697145,0.5499963212362896,0.6200000000000001
0.4441262028244385,0.7933751939146315,0.4259452992092831,0.4986506578143733,-0.06601330726495189,14.942589851471737,-2.918041749041966,6.52241196797089,6.045689699572409,-1.4226189377192222,2.5534467394561076,-4.021525525972833,-0.38383518769051866,10.408201631332366,0.3912421680184944,0.7112281542198211,0.505409836227978,0.5900000000000001
0.4852986066098258,0.5251828362335036,0.34202458409030606,0.5927470579037168,-0.07650524205339321,14.256236978128042,-3.9824556928662376,6.945481650283136,5.357868877361566,-1.3860608724044874,2.431537884816034,-3.9269007555014643,-0.7957330135872455,10.023063294493816,0.5823354058383953,0.59707464296707,0.2643924906648848,0.5900000000000002
0.744731777416227,0.38153194102397553,0.4186339949727006,0.7274858650013962,-0.1120758267720394,12.041172608354117,-0.6768281419986331,7.024219836072266,5.652675404068018,-1.2174650685159147,1.9812815380175688,-4.425473744192238,0.10646995176710916,9.196471766397824,0.7050882519809092,0.637660421357429,0.48422177304304304,0.5800000000000002
0.5612183550740605,0.7481399045880749,0.22613751793002607,0.42665301308472803,-0.11516656758539374,13.153779004477725,-2.0008324324993247,6.340629081180887,6.3168314783390676,-1.3169688149198995,1.3700935487215378,-4.2176397587381125,-0.14619770595120063,10.684596829346168,0.3831569330844319,0.675553946026967,0.8841414557277354,0.6000000000000002
0.4474833823141006,0.6736392380507603,0.31691413921023076,0.32294492244511325,-0.2969677879409753,13.654882458869256,-2.0867941419206963,6.8771852224076895,6.086436299650994,-1.5366008727449734,-1.2135132152351746,-4.404743453351674,0.0359837160443989,10.327226404431544,0.222676472135039,0.9328681046236741,0.20770772951448924,0.6200000000000001
0.6954310608429844,0.451899659207889,0.6853636512987376,0.37379860924318853,-0.17107608245871445,14.73018941432792,-0.9765886326919218,7.071842559156405,4.962667749583568,-1.2104305008200391,3.622875636257524,-3.7399530638531626,-0.5635910637549321,10.472449729096299,0.44301396185173286,0.48165286974015303,0.3301243514759594,0.56
0.3652381342460678,0.5280831525470717,0.48838956375189824,0.5901657080056304,-0.05048614983439974,16.897411779951035,-3.081077740697828,7.525447248497637,5.411322990698482,-1.4798763940289417,1.174089684980741,-3.521645742049,-0.25569817779518655,9.52343096079382,0.6065214471686354,0.5545700424855342,0.7148954286349583,0.5900000000000001
0.30459987274326267,0.6474492946635021,0.42203777165914247,0.7874161573962952,-0.07724583759617648,15.028356742495305,-3.4082260386067613,6.1410459938090876,6.275481240054224,-1.5949610778562409,3.1898033934854655,-3.7974951509721664,-0.28770816825495504,12.419959545109586,0.24654623289589708,0.6520255848262697,0.8551381066986506,0.6200000000000001
0.37945620777906675,0.6598861933369886,0.6130430367265873,0.2938292646243502,-0.18906901367170517,15.81056158179714,-1.8028815992990324,6.40871801911877,4.858636193525077,-1.5720504312539814,1.9790178278007151,-3.7666402128796985,-0.2283059441149674,10.503241985353105,0.21892937041094046,0.5673146204406798,0.2539127762146778,0.5700000000000002
0.48047088628579393,0.6652677834518312,0.26379778941201837,0.5178027092040857,-0.22541082086998807,14.423008929692058,-0.29133250203663735,7.058870791647873,5.278065283524857,-1.430181652158601,0.15424143175652405,-4.500381894948161,0.2001218209814748,9.89073974741893,0.3726055703992047,0.7010515233377297,0.8876627094871727,0.6200000000000001
0.4101388619755038,0.5287586257285379,0.4602627277704168,0.6741080028022804,-0.1325018408282691,15.940104122953418,-0.9924565501979348,7.156105288124671,5.650019937738871,-1.4851403020483545,2.0697408895651392,-4.0659291419441015,0.026957526796852704,9.198708511143852,0.41797220361842363,0.4717612851078644,0.5382102826242506,0.55
0.4065331344076761,0.4740974097604968,0.4719831656422301,0.3220204610617058,-0.39165711497152017,14.447052290229417,-2.1181783537445735,6.787684896307385,5.7039982003342455,-1.468958638068876,-1.3815699872100398,-4.183580807060039,-0.36047547787946455,9.793579823848264,0.27270052906891745,0.8543724679539659,0.39930910815612464,0.62
0.4439371416069966,0.6080522164132982,0.377045003347053,0.39054422830879154,-0.4119016158396406,15.177097905258442,-2.7458616895155123,7.387314309815559,5.302668702203219,-1.4647930641318214,-0.9176574580985997,-4.096835184514856,-0.22599584092934188,10.068501113926803,0.26538631688173825,0.8241963969394284,0.5307328785644978,0.5700000000000001
0.4545785731047769,0.6920259332310563,0.6980960629525358,0.41546707306976205,-0.07378494005223947,15.454365300686927,-1.3127805337787282,6.089769522965635,5.255942234845401,-1.4523375316181404,3.824511568215825,-3.7339673004974245,-0.47140967823729074,10.313116540404684,0.33739096541171887,0.46113965596986134,0.24561092249360464,0.6000000000000002
0.6212204913356895,0.760290910735016,0.4173466975573826,0.7914000315704588,-0.20674668546740035,14.385823177640672,-2.8953060873487355,6.6446514158408485,5.042074252958562,-1.3370066313984288,0.22355432519491059,-3.968084340725942,-0.15672279075301435,8.847134660788075,0.686883646421498,0.49462639493554483,0.4376157434799431,0.6200000000000001
0.6090266272755946,0.7533011611514282,0.5138138282543085,0.452715294315085,-0.4556666499814882,14.035130909755175,-3.4486934621879155,7.24322039221975,4.494586849525554,-1.290936020455643,0.4903585599555925,-3.4944933235443085,-0.400628297826696,10.098716763424266,0.21444805967278763,0.7393355625828146,0.6371848053133993,0.6200000000000001
0.38751255295922926,0.49297301436440283,0.5275620994461341,0.4966261391009925,-0.20069814233544186,15.539326541749682,-3.342285662157146,7.213557709060579,5.591282968004168,-1.4261330648773478,-0.6552628910632038,-3.6246017182824724,-0.42055273329588705,9.807273441594186,0.46171422484692065,0.7129904095604638,0.30989422693504415,0.6
0.5902508379095186,0.4991424725939863,0.41977562997033396,0.45910668322504633,-0.357696607389354,17.962516983310397,-1.531603939329484,7.432475377301508,6.150017533489325,-1.4655945106426411,0.17526043804355107,-3.966072037144327,-0.0013961174343578055,9.459167648932356,0.21843068690303896,0.44634369448990735,0.21152452164930763,0.6200000000000001
0.4280138450436839,0.7248321532449936,0.51615618587283,0.5533297274818179,-0.16863277028458748,14.124193476612263,-2.7528320544692635,7.467901523659281,4.699725611073678,-1.462169826011148,0.22870191338564827,-3.6228257063123745,-0.5278667554083608,10.018859487509438,0.39455825563430147,0.9024501372405613,0.38482626543291387,0.6100000000000001
0.46691728085065043,0.3594171031869208,0.7006812249479386,0.743598435490683,-0.18061277727432695,15.265790955030745,-2.696796034409563,7.729826644238822,4.865749195121999,-1.5166774650911203,1.7554445037611226,-3.0005715867253033,0.19724955289073615,9.270875545038022,0.20048073520083076,0.6242256752885424,0.3237299613242908,0.5900000000000001
0.4520566495773713,0.5602286883008881,0.37932925084420643,0.6752231525416805,-0.10622650681426044,14.61305070429244,-0.44745895869709784,7.3436759311410205,4.884177998650339,-1.4598427318305731,-0.23465268678407758,-4.586378712889668,0.26472671443827345,9.368487691693128,0.4593652287652764,0.6545187036711948,0.7824614641527462,0.6200000000000001
0.373173264494644,0.5857307443721465,0.34091830789702937,0.5328248607391856,-0.09726800886673533,12.972013908737392,-1.4676635869834045,6.067882328978135,4.83565724457572,-1.4983077110250798,2.6042079968151284,-4.344737721424599,0.020568833145576865,10.221525085127377,0.30959451205019456,0.7582348279117826,0.24955097400274512,0.57
0.6138601968396805,0.45203240336565165,0.5114107360180885,0.7058452686595312,-0.2181295865351784,14.758601664571103,-0.511741268171328,7.363942857110432,5.609018179063313,-1.2853639824579388,1.3009590531262845,-3.7972478999823744,0.10658218568776745,9.127849800711001,0.4657743850609544,0.7071369550955353,0.2951563214925451,0.55
0.5433135734417401,0.4628616699710867,0.34562068380294486,0.7546499297286638,-0.21706528989547796,14.128365341219245,-1.1917857529189928,6.788778809778925,5.129079136049909,-1.4923246934754546,2.8341182235606053,-4.399113855436365,0.13113959092067068,9.483766942589863,0.22472677120531126,0.5359592632060048,0.4064049997200729,0.5800000000000001
0.3355779206411418,0.49535049862974784,0.4460397770862413,0.3554263404759139,-0.1496437029462753,14.1386818661084,-1.8415327960558314,7.088318520110793,5.308177172102466,-1.4533558039745182,-1.121653451611439,-4.263590369427032,-0.01952772832317838,10.008086334127738,0.8007708346016784,0.9284626111944572,0.3370357042120866,0.55
0.424083159451825,0.625489671215176,0.44576406798021767,0.5476294346003853,-0.07544870657735288,15.296346962692743,-0.7488949028720069,6.71314791586186,5.528469540364359,-1.4926282874976007,1.0903844138378815,-4.2937381422090635,0.24413698453300406,9.65153163002523,0.4624326754436066,0.5150807715476393,0.4512545672868055,0.6100000000000001
0.4483969041657747,0.6851505794224655,0.5173820458462773,0.6646816760552661,-0.13225098837910237,15.10743659008654,-0.5668153226304918,7.774673106759626,4.958800348278859,-1.4042777911998008,-0.4647192080700633,-4.136733603140567,0.013580393166897409,9.318582296125607,0.6477552822099801,0.7895453962451814,0.34569535139699503,0.5800000000000001
0.4286986497774087,0.5656218959630066,0.5243451899064657,0.4466786135736226,-0.1152565152959822,14.089966856718315,-2.5430987447154036,6.128099487120794,5.563842371968778,-1.4041416478860793,-0.24750369365818548,-3.7779244886080465,-0.6710025021505986,10.100448035237338,0.7546354769055711,0.7401985787888815,0.3105136128827238,0.5900000000000001
0.6046203144617645,0.5994881304584936,0.47617504231631685,0.7671284455171691,-0.2781435351696884,12.10737118795545,-1.7159615884672599,7.657346146289341,4.966514511277465,-1.3273091028174209,1.124496927979753,-4.172160285693415,-0.025353697440106626,9.124080429423566,0.322167900794271,0.8396922332763285,0.4365142721114611,0.6200000000000001
0.5009631243762604,0.503512232791656,0.6846541272180929,0.6887327602406564,-0.28299362592729377,14.03409020357818,-1.3753344622929675,7.495849334634321,4.904807621716818,-1.4177786138159003,0.22834517411851044,-3.4246041260515945,0.045318911733179645,8.60644856933056,0.409967458843807,0.9190394316467739,0.3311187589010618,0.6200000000000001
0.6592254341588888,0.6831357832714605,0.2990107774179681,0.6248000625634489,-0.1982865292253577,11.954250074862754,-1.5267407102540358,6.388147900488428,5.1280059926960915,-1.3750802964541995,2.809021234734604,-4.145593765161196,0.29310965491601354,9.45191221831948,0.20114151958367896,0.9892850981879682,0.3295553453092727,0.5800000000000002
0.44595607792895886,0.7601407424203823,0.6256689269136657,0.590202261679903,-0.2478381666184502,14.53690164316743,-3.099406153181815,6.739517976718015,4.82712824717036,-1.4422836530070182,1.869375909575213,-3.7056117384080074,-0.6012757972159348,9.617030438844763,0.29834340546232974,0.5874383004985188,0.4633761667233284,0.6200000000000001
0.7132894873057666,0.4986627603967903,0.38463416759675007,0.6720329293242497,-0.2837875275479661,11.745505477089553,-2.728633954135576,6.948303841441815,5.391196152460686,-1.2042005587828288,1.7437416289471996,-4.122000131135367,-0.25658249306703496,8.752223790028017,0.5901586763896609,0.8285578466927093,0.4237544920900145,0.6000000000000002
0.406824114605686,0.547226562143725,0.4680767638958672,0.7149759581181241,-0.0907598761108274,14.188330903926168,-1.2443641455100947,7.224604867423816,5.769717541954357,-1.4682457125593018,1.6684401951203927,-3.8751081455558936,-0.20390812072918302,8.99879969185365,0.31051383116139003,0.7219968190117958,0.4084373620950353,0.5700000000000002
0.6296712312561299,0.754505222779318,0.4811320434850354,0.2619519510060089,-0.202668216280811,15.856465425971242,-1.2862694551729232,6.905919403371346,5.518466734974902,-1.2791506536359258,-0.19367908739972173,-4.032384486500668,0.04524107868557305,10.60200708921894,0.8008973499963824,0.6102071253272336,0.2803594750985381,0.6200000000000001
0.45916383425058555,0.745654062948764,0.4363087043346985,0.442114121474238,-0.3147644591940003,14.104116865595781,-1.9321682731836867,7.233543647836536,4.558704654619488,-1.37593504119845,-1.3362484521105373,-4.229673036723651,-0.03345566502766342,9.95409474680807,0.46932820011016513,0.8696513195571147,0.4600780643583935,0.5700000000000001
0.458641889370915,0.6377393454261673,0.4516071606383759,0.6597213528072055,-0.08533207141284796,15.134452514767359,-3.8873462504854577,7.34708100742143,5.553043080524674,-1.436796320770302,3.246574360877185,-3.3622501131528355,-0.2470216910924581,9.611726058675183,0.3182111976777297,0.7049365283260249,0.6989833914657275,0.6100000000000001
0.31433863000678736,0.6856266069894116,0.41448719138082024,0.4815726452281589,-0.07261328248673808,13.873362719579772,-2.4308901793461968,7.38508139042223,4.457872395200174,-1.5593892659233874,1.6396948471189596,-4.189293087669392,-0.1332415254060405,9.858999370674395,0.28458230470741547,0.7226147172528651,0.23113564206719822,0.5800000000000001
0.38681630186896054,0.7105709502573929,0.41638198154137185,0.5730433627866379,-0.10869256101716936,16.28951167726902,-3.7325615460960573,6.641016181997405,5.647280091137017,-1.5271604240053633,0.2413457644142154,-3.4230191238918892,-0.6119478504962045,9.679015482805235,0.31758911486206975,0.6161692454027794,0.36444303396404615,0.5700000000000001
0.5680714348246474,0.30114071275037785,0.4212929125173213,0.4031579275544674,-0.20435294673624638,13.640586097535836,-3.296148727861127,6.223897251000428,5.7449751738283314,-1.4062227230032949,2.6153600113672457,-3.898259104485754,-0.32931213026111494,9.884898154106864,0.4071132881424327,0.5485071500463286,0.5147595445573624,0.6200000000000001
0.4243344150022765,0.6154562058294241,0.4345887953264245,0.5408977419350351,-0.11369265583890309,15.118402276259886,-3.017349387978892,7.20089578311407,5.803994189177205,-1.4487624462667188,0.7213668486560123,-3.8481206757630444,-0.16598863551703175,8.955418902992045,0.4968017322228294,0.7397701442953591,0.3116504813254258,0.5900000000000002
0.7608953914301709,0.5446599421116411,0.33119653866041726,0.5678551637883978,-0.3789598408322812,16.232055246456923,-2.128333930619173,7.180199949428362,5.517872778909663,-1.200663165367868,-1.1925214447740637,-4.163505341597497,-0.16025492463576776,9.61444955161166,0.436917847856331,0.4708410241750808,0.3684532839636068,0.6100000000000001
0.30268589476115665,0.340457775043148,0.49194042473751964,0.747861022391083,-0.05544683661337124,14.430254478941297,-1.1566303986066608,7.56072163297775,6.065041752117322,-1.4701540021754775,1.0590456978116642,-4.166296205864781,-0.10281059455621416,8.699842649909224,0.7538561540918706,0.8633531894566336,0.6449003226574488,0.5900000000000001
0.3584305250812991,0.5301668055916338,0.23686733070311886,0.615559554286844,-0.10121506473048245,11.98353140383631,-2.1806391893431383,6.444969531944016,5.818664679158603,-1.450858793307905,1.7316167642567823,-4.637232440817304,-0.20493795723112712,10.488096834553907,0.6148716718229857,0.9325678304070752,0.7925652844822674,0.6000000000000001
0.6372165472843181,0.661580079816793,0.3376737790950477,0.4216370853666015,-0.3070213745058691,16.628467221697775,-2.302235172034102,6.200788052418125,5.569589682036385,-1.2325047509510423,0.29477072109585006,-4.146821277797741,-0.2379878060196713,9.89159833196652,0.5690496207428535,0.5959554938736784,0.6382290576064413,0.6000000000000002
0.3265547521210146,0.4011402300923876,0.5047095808439201,0.3350931840176026,-0.11129549368259949,17.534585344144805,-1.2693604080715892,7.583682119864691,5.842232699290869,-1.5197582754746974,1.8678034382115904,-4.133520211307309,0.15512896074672092,10.36738550552694,0.26973021504664135,0.5900012695507014,0.5386755038185622,0.6100000000000001
0.5684303400749582,0.48404652573659895,0.5597874283410227,0.709018166348958,-0.326928324032435,17.502053628439516,-1.7022382333901493,7.765455299405079,4.391019756248342,-1.3288341027760429,-0.11544172342889492,-3.77662229337371,-0.23090572655418806,9.200062461702304,0.398003479856297,0.45360760503053177,0.5206081939535061,0.6200000000000001
0.5051506812102434,0.5308459760087645,0.5755260707749551,0.6123706117016142,-0.06373859725584483,13.081954325724274,-1.2350984538539636,7.093651959284359,5.05364203950983,-1.3574152953824152,1.8617641537802065,-3.9598471603046015,-0.2546710550413871,9.638435432646839,0.5620448404899169,0.8071549253079146,0.5951164699039972,0.5900000000000001
0.5558673844670057,0.6830436934364154,0.3077238250146552,0.6500460519357698,-0.18067113562192855,16.396861077456737,-3.106500819003261,6.731690326221944,5.578478056962706,-1.4235532747598094,0.9951764398158536,-4.041991375459382,-0.42958556414308074,8.816604487540761,0.34845753127425416,0.4942611948693549,0.32329285507512995,0.5900000000000001
0.5267723960249066,0.41618450127652173,0.28390095894036016,0.7563519868848088,-0.1208833561009018,17.415002951169082,-3.711904771803777,6.00464644788633,4.902732432686733,-1.4007613333375057,1.4845888723023353,-3.80830941052524,-0.2708592149294101,9.4496185573791,0.28726630085905674,0.48880949070151947,0.4485278619099171,0.6000000000000001
0.4283616880555066,0.3675994008974737,0.44478428661349234,0.29429643252150695,-0.4731948472504002,14.603618280510382,-2.420683787396475,6.41728130849702,5.247147839663858,-1.4745852779372468,-0.9654261030523785,-4.060902032944299,-0.3051996656651794,10.223588317206309,0.20201225520713612,0.9272374204041424,0.5650328581128594,0.6100000000000001
0.5899414934285402,0.40525691003813064,0.41469798501201904,0.7843219909410464,-0.2294359217749396,14.702461625475966,-1.5345323811192682,6.011667644039001,5.311347044283727,-1.3512633132138199,2.3153194633232888,-4.381588357734854,-0.06729251134610231,8.768116537842786,0.3615179740183125,0.48487420330209985,0.32928655624841363,0.6000000000000001
0.4394753344044694,0.3477479955117316,0.45548002861984255,0.6600157959968711,-0.04131708277203827,17.36894292262929,-2.12342148239351,7.20606839951898,5.897829040866428,-1.4079477067998643,3.565147763818153,-3.890735956241998,0.1815430978252111,9.275788964281091,0.6368684610379315,0.43632767890480945,0.32560668743616344,0.5900000000000001
0.43325216164901137,0.3567177775963807,0.555887158120477,0.22396959917130868,-0.31556762542313943,13.328651683379574,-2.5467493131685743,6.956720373790661,5.920209226531045,-1.4488909916890345,0.806782801119879,-3.557944341990623,-0.21359082349075906,10.269199120348514,0.25399702667068946,0.8988305906188606,0.3571094818462094,0.6100000000000001
0.46765264416991814,0.5246222112200299,0.7111761326275481,0.5723653776070741,-0.1579825015301298,12.439880217664225,-0.3769506965196021,7.6915808704170345,5.226176969644415,-1.4125141938180716,2.626175293348705,-3.8550972262960213,0.17071395035921832,9.54017469257337,0.2985442558417453,0.9100658645804532,0.22167849970982328,0.6000000000000001
0.5563730210102488,0.6238928915291871,0.42496281276716064,0.7770578449453791,-0.3281832020664385,16.634354220318265,-2.224656669277527,7.220165908537148,5.28472870596082,-1.3670086670720871,0.17943844758296001,-4.044638849862991,-0.10162161664763845,9.32680924764861,0.26542299232230393,0.444024147498242,0.4675085288948937,0.61
0.6747940381927514,0.35978086566954903,0.3049839921694648,0.6016272434628277,-0.18610441916672035,12.405144161639083,-0.31040169096476217,6.932567771044308,5.153797895927535,-1.3158296095328659,0.5898694813495332,-4.310956649912353,0.18268070268347675,9.657677498412731,0.45816202250035004,0.8012014777115786,0.5293775678568523,0.56
0.5969085628709172,0.5415904476946304,0.42774263379852945,0.6310407253443969,-0.2573381057422471,14.984965533446722,-1.0713983048922107,6.110932521346434,5.448295537672105,-1.3061704722199254,1.2926095560276727,-4.216956311118761,0.030410699775184707,9.104923171548315,0.39490961330410945,0.5080154138694517,0.4504735999264784,0.5900000000000001
0.6107314852837133,0.369333284477225,0.4290022502090441,0.5898305625055096,-0.10815762669923712,15.96167221997347,-1.6554197266673158,6.36812246480863,4.787619088085348,-1.344628727818092,2.1026270191200633,-4.032878917828055,-0.02844486294684978,9.499733420394408,0.409276743278627,0.4463332597211639,0.43694255275335214,0.6200000000000001
0.5952778626849367,0.5656549363600275,0.5012557900000372,0.6612187668280392,-0.23093117783364017,14.45295396732318,-1.9426931228109918,7.610661611484068,5.199208951879052,-1.3006417793693403,-1.8994518822151831,-4.00038950257689,0.04991608087898733,9.167226830515041,0.8732681635029647,0.7001579583972188,0.5143995210132102,0.5600000000000002
0.6951688585699285,0.31707819485042077,0.4241254882328433,0.48657846287138395,-0.1953235930941774,13.978210484610317,-2.0336795103970564,7.557722402102504,5.975567551239814,-1.3833068847902306,1.4229153393173166,-4.1928821688520355,-0.09083260259434607,9.628075531442656,0.43025811950912246,0.5249191674146036,0.7520202826586642,0.6100000000000001
0.5847086607741135,0.7015385544449168,0.34201987893900704,0.6755727916576963,-0.18513887185791822,14.736581677469792,-3.1630282797711904,6.477859639843776,5.019176244334347,-1.3512827926596434,-0.03436977787484935,-3.691793702738694,-0.15346275787760913,9.117074388491407,0.2943180099082245,0.6236918723381661,0.7173226756220552,0.6100000000000001
0.47745521393940415,0.46105230213536796,0.30353440061853676,0.5571082383290683,-0.008893014305254476,14.797923715037347,-1.3577048173553103,6.780352667143408,5.763919464387816,-1.3958500135601348,3.397887677632878,-4.348715823902932,0.26713141165709786,10.338987196178795,0.5578595975548789,0.5151087968474007,0.3112349017331822,0.6100000000000002
0.65419540798393,0.562800249151665,0.3449500576498534,0.4660132393047434,-0.4138346687479958,15.003103767253394,-3.427878518245387,7.038296746287816,5.669042476930938,-1.3090775772439411,0.7113201092453055,-3.795219418450909,-0.09748536269243069,9.662328931242634,0.24464653095309372,0.5052560801798163,0.6847605810246457,0.6100000000000002
0.37041806052500503,0.3329663533626082,0.45733189532195534,0.7391744346462688,-0.2853559768640933,17.619787018448907,-3.3188502224422383,7.200436823712826,5.7575531344939375,-1.493855690096151,-0.8931481186833999,-3.7816715423251144,-0.25305389977601866,10.381153845560394,0.24724349556029512,0.5565529407863535,0.7430454662339698,0.6
0.5320007232716889,0.4107005171712609,0.4474279833737706,0.6135050294657383,-0.16199309043467294,16.81980430697745,-3.394860560333866,7.4357022842594676,6.269335558228015,-1.3260822281983677,3.049909871724197,-3.8236513218049777,-0.39923300107759185,9.385624157533265,0.5710975798333343,0.43364143756041873,0.3697136258189635,0.6100000000000002
0.4557019311106369,0.5748859730402727,0.29172679529467993,0.5562198236480078,-0.021163604685370523,13.127385104337806,-0.23074952229590506,6.145508982543987,6.203090347717185,-1.435923739802269,1.4069558268222944,-4.368200518994824,0.06546927858926169,9.47100380741217,0.5761069897805327,0.8938215801622784,0.8408425711426171,0.6100000000000001
0.5517832483107872,0.37343422293732403,0.36894721836547933,0.7090713053271105,-0.23268441303845414,16.32155715409711,-2.1966390568619327,7.49583640560374,4.926966506181768,-1.298383540512525,-0.07347225019077906,-4.026512405272231,0.02517639095888676,8.837035603538073,0.44133965565252714,0.629821781663574,0.487290583481101,0.5800000000000001
0.7972130961488504,0.47887464799681434,0.5160356609923328,0.7765321559295926,-0.21852002765053175,17.51693156346176,-3.142823197323075,7.1074664930311675,5.0065184834941014,-1.1526257579941037,1.5033155459512564,-3.6317363762771726,-0.15266277918065208,9.114898105166764,0.6071452369068082,0.39900170351073194,0.42968997892696315,0.6100000000000001
0.6382994535552333,0.43470769667584697,0.47072319574375643,0.29578626890147663,-0.0037767099092680494,12.99199044630923,-0.13298985965362597,7.7968371982833125,5.904511986927634,-1.3903942775476126,3.5843112802353136,-3.9059539615951637,0.33089204308719977,10.58930387500636,0.2665969592116689,0.7987399589778028,0.2884336919426854,0.5800000000000001
0.44043464621309436,0.33669077741478465,0.3785000317516754,0.5096479392089812,-0.09413666247505273,14.093084637352604,-2.621021018017916,7.355160515393098,6.2028013219904805,-1.4078635116109057,2.029366473884388,-4.222168890678066,-0.2269146115215403,9.829634521304506,0.7661426378464571,0.7088955386633038,0.45664765333432344,0.6000000000000002
0.5928328332303159,0.402303032883805,0.3254464596595613,0.6306663416497604,-0.07311297453648066,14.696562381726277,-1.025786648211953,6.350549368866048,5.3489666937331375,-1.3528389637381046,2.004847602356191,-4.406456549444542,-0.017046199856635608,9.070819987743725,0.6656870575708884,0.5817827796109909,0.7161605863937467,0.6100000000000001
0.5079958699957839,0.3913611923117771,0.2623347504609652,0.4959290635752318,-0.03515951384383015,16.60718275201708,-1.344945682025375,5.913342153923586,5.873375585503002,-1.4480163116622444,2.829872990405303,-4.370950015517131,0.015421863371171296,9.456253585130932,0.31320838685005686,0.48677381510571455,0.5931054328853832,0.5900000000000002
0.6051542119941313,0.36253774502071984,0.3864384944991289,0.6616297250888472,-0.11048074710432101,15.92884486728859,-3.213955196262668,7.77594053964381,5.704792967868411,-1.2972238650337307,-0.06717849305738355,-4.1845168398401285,-0.0501183308422018,8.980937536863754,0.7735267096559606,0.5826120239138167,0.6034451815618587,0.6200000000000001
0.5467809326465386,0.591822122586686,0.32876821153180386,0.7382892398257315,-0.2509154225686881,17.291084500825516,-1.756400970783803,6.582716797026877,4.483353450587152,-1.3161656951843017,1.9186107456269879,-4.156937355275018,0.01286370059583003,8.977059837485532,0.5541322508344996,0.4664631845239432,0.36350009812109974,0.6200000000000001
0.5861784083972281,0.4739334601502899,0.30437747927358366,0.7557198369213031,-0.22040525419427154,14.37222626735186,-0.38524425074685964,7.610192446662274,5.103136906088471,-1.2992338069281852,-1.6490034319616367,-4.336678569884095,0.19648964938869676,8.517714426816413,0.7324211054565397,0.8849846315980736,0.39584501633647434,0.6200000000000001
0.3537284436803247,0.7395796296902678,0.4992360654725323,0.34159279949557314,-0.21012373462698453,17.25405780024496,-3.1792635104211793,7.589204671292559,6.134687233868104,-1.5730302293413203,0.7037179495350938,-3.4116111457711784,-0.16887145506735066,10.013420514516172,0.25592849104991966,0.676567339503545,0.5078743677870219,0.5900000000000001
0.3211270845413522,0.6599801545987585,0.5338474969717865,0.5881644482741702,-0.04292498450853249,17.93246525702091,-2.3847253625574796,7.541759738021836,5.0914350219661895,-1.5676567540543265,0.11307531545464611,-3.6539135972765213,-0.1476003486859303,9.567661815451276,0.3318907489240574,0.5890737648107316,0.6374732115040156,0.6200000000000001
0.42762913412507964,0.5286084130582012,0.3508437788686215,0.34402088155867605,-0.3967020433333706,15.945034632773119,-0.8273934100587055,6.747949511049653,4.344831459892613,-1.4618015783751246,-0.605106785462892,-4.414698668138466,0.018753133218026574,10.677782226852978,0.20732924352415633,0.8671666640756872,0.33132715077167624,0.6
0.6688171659887067,0.7878251484795209,0.3613866337042363,0.6368879857973471,-0.2964110101124859,12.917771643694639,-3.3310343733754957,5.939773709011035,4.66185514512911,-1.2601527400707215,-0.4242829450721155,-3.990659293060186,-0.3412975877746767,9.298933553819122,0.4132302204225419,0.8700236757168599,0.3379290772967321,0.6200000000000001
0.4323000634876508,0.32744215066044846,0.48975658461351074,0.7676905495641387,-0.18985713126746462,16.896824854432058,-1.9697305034049033,7.632410705841223,4.841063658631382,-1.466587947872677,2.500465064675589,-3.921256887074133,-0.06671841892120456,8.472013250481723,0.3368456778729646,0.7269689435629313,0.2079051309036159,0.6200000000000001
0.6773602804968596,0.6843549613253295,0.3942589797444679,0.35509504364570543,-0.12285117730336206,14.727526087089787,-3.3524881368176658,6.743699890101963,5.485899857585117,-1.3127760970923694,1.504676500276037,-3.8155828833316447,-0.3567330712616238,10.267710282396672,0.5329586229259711,0.5088425186669555,0.6272276433096815,0.6100000000000001
0.4522238453246062,0.5567028667200629,0.4406883026498558,0.5725717578842074,-0.05553890317644836,14.175546831258107,-0.7975562002420068,6.125731830660781,5.694162870831468,-1.4327504645740499,0.6417555972693326,-4.207315011483122,0.278146854126336,9.440649963536897,0.37607007774568435,0.795401729717781,0.3820491487445691,0.55
0.3222377673862642,0.6012751066137889,0.4170787093367817,0.3939762725124777,1.3261528194655203e-05,17.202793205731904,-2.0779023982222586,6.996488434203574,5.783533290687836,-1.477215551232211,2.684868871161198,-3.99522359058659,-0.3213868085495102,10.214055778650165,0.5169573606848681,0.504367459911876,0.4842820784299733,0.5500000000000002
0.3300772348072772,0.5011671161772571,0.5416915380982061,0.2708548423675875,-0.06187629986214943,15.275748822816142,-0.33004220734223383,7.573808336355621,5.617606455068219,-1.5176280407264244,2.230911858533603,-4.095638756760028,0.27932676319578315,10.247239804668533,0.46673823053594143,0.6152539675448775,0.3875040872471415,0.56
0.569336598288194,0.3430259569851379,0.4681791323559032,0.5382875477070135,-0.18400103497044012,11.716547124873467,-3.331338926814941,6.636114486028341,6.250542696175504,-1.3211594710465413,1.5630876499682846,-3.653763801127539,-0.2747167981649722,9.125782331828098,0.43388739530676,0.9754863092246588,0.281017539757463,0.6100000000000001
0.7824319572808894,0.46467623530642815,0.49367749225108587,0.676976927844695,-0.18206533284885232,13.77449107586662,-3.249304205591465,7.4730327147944156,5.549793738072381,-1.1830875567348407,2.0416269284177653,-3.6677925613441955,-0.6319300803093688,8.546927577172797,0.7415489234788311,0.5993850110676919,0.27773012473470254,0.6200000000000001
0.3707988591509607,0.4225024539877995,0.5285977913474252,0.7581254406022023,0.001254090282163528,14.912438973585484,-1.9028828181104214,7.362856195967233,5.604901411795023,-1.4362918184103286,3.864734155112721,-3.8432064058906636,-0.27396548833065676,8.84776883175593,0.9027325442893834,0.6137827059403762,0.546292287485092,0.5700000000000001
0.4993302427058838,0.44491076707909066,0.2730299668470579,0.5627398563439625,-0.09966190671515845,12.811876756864084,-1.457290671625406,7.611083235518167,6.208156812792806,-1.4524424134426541,2.5868447392230616,-4.382212141270847,-0.0313373146386155,10.081333840043508,0.2696444930407487,0.9098668316190637,0.5107886822876295,0.6000000000000001
0.49480385458046183,0.5693286169120058,0.3842528568809154,0.7746867011904797,-0.12647673263301681,12.818342601111574,-3.474267003756385,6.064971313106039,5.266832844999595,-1.4553940011151663,1.7553827152760202,-3.5904107294673295,-0.6099677711648235,8.702705106823059,0.2287241735945826,0.9819644464145758,0.4893680891211743,0.5900000000000002
0.6935433864578097,0.5821955355493557,0.5994116060096295,0.7022718473190234,-0.5389213756209369,14.68439925227263,-3.2166628951422815,6.971403473300605,4.695529397687183,-1.2164434198872371,-0.9317150969016676,-3.364546627411528,-0.5125977531482621,9.323787554558049,0.3015040266784466,0.7526947789985108,0.5310325007191188,0.6200000000000001
0.41243320040906434,0.7438390604881597,0.4396063770809941,0.46642587407450287,-0.009575851587151364,13.99924956344985,-2.071024886261793,6.4011046527032835,5.668173730789315,-1.424547184489507,3.554729928403079,-4.060818588917728,-0.0559299014423158,9.781010895565025,0.5224390915074084,0.7154940379331071,0.23532326325773306,0.6200000000000001
0.5933144572182423,0.47967107724153013,0.4781197204975914,0.7699291995105055,-0.15347209671360074,15.443531828684684,-2.828346386111817,7.218718724877669,4.822272282732974,-1.385555479485255,1.259398479147603,-3.780235348321562,0.03736985971483581,9.283528243774741,0.5125734653782846,0.4608410760399287,0.40283498710905075,0.6200000000000001
0.5677468777313247,0.35445843240963054,0.23451676272794814,0.6327845833341785,-0.05430050849945707,14.531276009904184,-1.8777967360942074,6.366011425324105,5.295503199729431,-1.366129399153861,3.3590867236611937,-4.335743052054999,-0.19552896552157528,10.002286763315393,0.2830393634004479,0.6201504650070264,0.6014869244878718,0.5900000000000002
0.7700204607982284,0.49411705935454,0.30662955064810593,0.6906560081306266,-0.2777960544947942,15.03764505583003,-1.8766451275285143,6.508510406057022,4.600274996326778,-1.213434129989517,2.049610706557327,-4.088076718640195,-0.18269969447067907,9.29853426637249,0.352392911160889,0.5720802186217618,0.4379724548493594,0.6100000000000001
0.4358533465950371,0.6360998808428828,0.4284567175878366,0.7076481127655708,0.019244876654683003,15.64476056578328,-3.108568796097515,7.40694845983441,5.362413986179314,-1.437585084493935,3.8221223831577564,-4.075706859321029,0.07426477528341228,9.130057970861744,0.3614189779387491,0.6773423167473759,0.3080394603779506,0.5700000000000001
0.4377100989963121,0.3590713102731445,0.5890365041073486,0.5282547807048055,-0.12496724848214566,14.463260238451722,-1.9778392543949388,7.648502594123488,5.50275307567625,-1.3945493051530473,0.14799019460339902,-4.053120964443162,-0.3722346778322888,9.68014299884441,0.6326003782954969,0.6486075249539114,0.25706124026409183,0.6000000000000001
0.6688246940910763,0.3929496216855153,0.34156389995337344,0.5917115186201949,-0.15703161622817544,11.968566810184846,-3.7786576574389903,6.615966054015777,5.728378772422068,-1.384663079077159,1.6264714145526438,-3.566057831607357,-0.15682377050394886,9.47910713626116,0.23668057292619077,0.7057346930265087,0.7592152789804179,0.6200000000000001
0.7867034087262738,0.41638013035539456,0.507332759959536,0.5342449668761547,-0.2236613875733115,16.22891197143027,-2.332598320393667,7.7014633806718,5.201950434608602,-1.233095133766791,1.4172261705898614,-4.153577946292639,-0.13534917660299456,9.775672733539007,0.5614992027881549,0.4657556840768571,0.5055911433981908,0.5800000000000001
0.6828158963342161,0.433614998699021,0.3047526642459043,0.7522939518630248,-0.06634928562513587,16.190793066757468,-1.8044245864627309,5.848597597817857,5.338003261747721,-1.2620943031462493,3.278562524266083,-4.300758076245136,0.16621606289144586,9.072212663793602,0.5047771589710011,0.3679687264042535,0.38464421121268877,0.5700000000000001
0.7378355328864408,0.6933335223909278,0.3191123783721003,0.7163956357028272,-0.35746966180136447,14.438447832433825,-0.8790933960770844,6.882395206930735,5.499462734645223,-1.3126134913148082,-0.13832605590120423,-4.372618241664972,-0.0652248464072406,8.743670615929116,0.3279923396663398,0.5245013590019434,0.21988936377431473,0.6200000000000001
0.7499810194027052,0.7399539305451803,0.43611554318763635,0.6696778008298003,-0.30065117785937295,14.988147328085867,-2.7202505782597237,6.919427723248154,5.154417671317331,-1.1742107143659863,-0.8319009688440703,-3.7914377891909297,-0.09307363682716108,9.093947971866138,0.5966772182754533,0.7619957992777243,0.2501108977015451,0.6000000000000001
0.413352935382752,0.7051054003830856,0.5983014346847166,0.6175118570763739,-0.01936577698367522,14.752895788861961,-1.9984917567979956,7.0065601734017715,5.220267387166718,-1.510715098260595,3.1139082247171066,-3.4308887197520446,0.09265653274015068,9.710332442323136,0.3364142694307653,0.7150251242787677,0.24792976879299558,0.54
0.4506926611566527,0.6397226862038123,0.2623831123652459,0.5712598005911077,-0.057795582257282443,15.155040452246086,-2.6940379330190565,6.960207144941625,5.494322535314224,-1.4079355502464532,2.5559931197710415,-3.981531555905787,-0.27445305156762334,9.709449613065894,0.49170362217056723,0.7141812347978818,0.7054431313162683,0.5900000000000001
0.4556370054355108,0.5888777017608319,0.43109169186934426,0.710082122937418,-0.0950156929682585,14.875229668297859,-3.0564999204737453,6.9159820220516215,4.673018876898796,-1.4272125597964138,1.6834510298350838,-3.6426830015992784,-0.34385997484456876,9.16391848434544,0.43439217825788373,0.6669654671759627,0.45271950500170804,0.6200000000000001
0.46803152955937855,0.7656034461209443,0.4400081817683419,0.48119834784335686,0.03401592788491451,15.315734358165004,-1.0384645698351906,6.672958014211935,5.260746647540777,-1.4406714167582766,3.102262661623324,-4.204804435776663,-0.30128789774194165,10.020975888861274,0.4168225783955072,0.6157222204668241,0.23007866234300942,0.6200000000000001
0.6738918614931791,0.3071155291139973,0.3308639881723931,0.7617969303852292,-0.2873125855753341,17.095905736720777,-2.3473653806591184,6.678515039919406,4.717889704257446,-1.2451366893528601,0.5031435598608169,-4.098609134751999,-0.12203773103614056,9.159409783887096,0.4238830485692994,0.5912689787084212,0.5611524314811306,0.5900000000000001
0.5758744000695897,0.5025422692014675,0.40278180717880924,0.48837655303958083,-0.16733754865941938,15.113722544960227,-1.2294153457945718,6.5189758970000495,5.694190232616575,-1.350694942859137,1.6305428716716408,-4.1965624965199355,0.13900400997232354,9.650229865434275,0.4243909535609132,0.5568989197741708,0.579985293059104,0.6100000000000002
0.4788683416515155,0.4239953230388263,0.4837356465951391,0.6171496852070719,-0.20802427516492683,17.55514431604526,-2.316425811478937,7.657359705170393,5.352474192820451,-1.432518625868896,0.8402537971500939,-3.8417952739043635,-0.22922787310492232,8.853219349019145,0.5427285284137855,0.6043920781140921,0.38054808913302884,0.6200000000000001
0.337861936639843,0.6523739800568009,0.45397829454547683,0.6561799142163227,-0.08155740079337162,14.957480307310018,-0.6610211008393689,7.174920850104029,6.5836109228773045,-1.4795416246559578,1.8801803106393107,-4.767707634370945,0.23476806297306108,8.7159636638239,0.5870870339815846,0.5948606155538402,0.35196179414464457,0.62
0.4334322743112634,0.6067519814095756,0.48451545357079073,0.6254987992549245,-0.2500585228784377,13.960181986013804,-2.6875467395981536,7.41542133441143,4.998396314485404,-1.3941071652964778,-0.38888292565829374,-3.6887694355490286,-0.2751685077187115,9.682929408131262,0.4732335997370376,0.9619612790960579,0.5921933449877799,0.6200000000000001
0.38833938670765217,0.6468315996065199,0.521749142535045,0.6119006668421557,-0.0660016568377741,16.485288249635207,-1.1535281148825653,6.132705753249091,5.154255036447726,-1.5875147579033306,3.6362501350734577,-4.196865948364103,-0.037135362204260065,9.220113788981125,0.2518716794728895,0.6165027260528477,0.2084242399086791,0.5900000000000002
0.507571803099525,0.7129394369562243,0.3897441007993915,0.44196942744187395,-0.03712904260186202,14.055425243519727,-1.6243637476977564,6.92617480525115,5.20322171354728,-1.5312306387809054,2.448494645845829,-4.31027536309089,0.3507375531488723,10.027533284672877,0.2539687243871257,0.5754452911090705,0.44498489534761076,0.6199999999999999
0.5012707416063886,0.4297873005525612,0.42972265138226595,0.7641888101573993,-0.0716768656176072,17.693675544593468,-1.7507731342350226,6.904771218284265,4.907845558658831,-1.4193004557098272,3.062258518678032,-3.9319136730486655,-0.08854793495336094,9.025642606478444,0.3478803344515899,0.4399099998050394,0.9492060832505469,0.6100000000000002
0.4098149284650858,0.425928807193922,0.4554153419274082,0.5684550866180988,-0.23080296010243942,16.85308524683552,-2.2527181319649516,7.024045529236716,5.558683534704956,-1.5678563122390943,-1.0141742354278367,-3.8965805123926933,-0.019706757620957582,9.336105544260828,0.26480997773600484,0.6688476523923597,0.36700560128906756,0.5400000000000001
0.7525765170410821,0.6583099738614095,0.40672572191072054,0.5778425308028573,-0.2106754052714705,14.854348005103189,-3.6036699602493902,6.476464618150974,5.50775321213127,-1.3080193539347025,2.831211318442987,-3.539314017174666,-0.45704872701313876,9.638660306981294,0.32499094376785387,0.5167093831494155,0.3552783455648463,0.6200000000000001
0.4799784200375163,0.6970167539307833,0.3961856701335902,0.603023742808808,-0.140368340879441,14.88680138523733,-1.797752200954582,5.823043220994438,5.90671311343156,-1.3774115380549996,0.2528728072598244,-4.241917992445868,-0.14771100329341408,9.60903189683876,0.5573489957519928,0.6618680234183889,0.214569501713804,0.6200000000000001
0.6833473967650251,0.6566299159420682,0.36056879845291895,0.7848529064642986,-0.1700849579206043,14.06968431016501,-3.2621119524832722,7.013617353458435,4.326533476362192,-1.2120007394215193,2.0778616438240873,-3.982550469100152,-0.2641723773939267,8.648187845045152,0.541155555121353,0.6599316926962178,0.701105887288728,0.6000000000000001
0.7855722614881778,0.6004692168470657,0.3082566151164615,0.781225394932714,-0.18332033544622528,12.874271851075607,-1.7253259098078382,7.018028637367195,5.382172034818551,-1.1600062726876794,2.5121710037789393,-4.201568088576767,0.10619596318112728,8.048084246926644,0.7002062408750785,0.6320876489818547,0.6725635695193174,0.6200000000000001
0.6128966227099627,0.4133875610567841,0.25355401228648583,0.6528364979372756,-0.1299931769921474,16.61569546122872,-1.6772849447344607,5.96909384790888,6.4606565695594345,-1.2924233862641346,3.1970173725774877,-4.233495693940395,-0.04695420318973981,9.095259053545542,0.40792774501979157,0.3908952291661102,0.7225239976346234,0.6200000000000001
0.4019968278240529,0.4294149124369635,0.5607804285479505,0.5332820365218087,-0.1805749567199425,17.555951188046436,-0.39150497813215357,6.2655674400465,4.629732209286718,-1.4951533843394866,0.9193145104323914,-4.234358014040199,-0.25502695516052176,9.953186678764384,0.298266979779714,0.6078057631292321,0.2347856724468926,0.5800000000000001
0.5294276755256279,0.7975364899168922,0.38806028869847076,0.5573265201103521,-0.014731050299438164,13.462844325720564,-0.5733004597900545,6.703751431466404,5.564295808512744,-1.425500132952493,2.1759217429272892,-4.331796047828442,0.3907786905863916,9.592762335724546,0.45319103882744527,0.7619219248548804,0.219204643491494,0.6200000000000001
0.4967886256696575,0.7074063336262644,0.7236473225098851,0.644382004784362,-0.17914169357552007,17.594527044859028,-3.1595835178123677,7.715834146341155,4.696196983642012,-1.4136275239040499,3.1444703029578154,-3.273285792641907,-0.5842647169770464,9.298500042151993,0.2414081932532384,0.5291879289436121,0.3592993894555635,0.5800000000000001
0.5114093719566227,0.6050384297195693,0.3562744021727771,0.5853052638005589,-0.24773464996889238,13.574932630027744,-0.3323958493631425,6.381562008995593,5.476565805876941,-1.3529561390577107,-0.31478923657445107,-4.294229033604419,0.06734707056533887,9.668228164418004,0.4240017828264673,0.7722442938169967,0.7321261988311696,0.5700000000000001
0.5423679108214321,0.33187792831033636,0.28968411125371746,0.4760515680886045,-0.07965471389226203,15.128688569635077,-3.0048255687598924,6.227742625159824,5.953980673248916,-1.3610026118715564,1.6773869382778872,-4.023712756127554,-0.24072068311674952,10.171610099518142,0.7199177310834922,0.504489629019546,0.6199608712713328,0.6000000000000002
0.366848015323366,0.4575328796011832,0.45310344184110357,0.5657419698468963,-0.20201345852237818,14.052143180373742,-3.6965007218945756,6.5443110338361175,5.222669027139132,-1.4881110309934718,0.19824194111795895,-3.6741350953430585,-0.3856983935623318,9.86417010990441,0.27069698342626686,0.9498816255859317,0.7387639253560963,0.6100000000000001
0.5526535963159829,0.7189897824009982,0.43774806134130273,0.6681889631449565,-0.1822184977862404,17.605434138702105,-1.1001244320446122,7.298990966247062,4.6996338870288294,-1.3360118163526982,2.3893487097351804,-4.689329154833302,0.09698411936490953,9.00634553467515,0.4535072936732367,0.4758195233570698,0.2547300415169299,0.6200000000000001
0.5486176178386093,0.4978047953051222,0.39892509865069403,0.7556227901571356,-0.05908750478109136,12.992995227748208,-2.208870427605019,7.073947146375722,4.033517266116327,-1.3444456888449845,2.775714617290932,-4.014607691394173,-0.06334342354465225,9.454631417985064,0.6715748973921244,0.8133694506936155,0.5296807940944631,0.6200000000000001
0.5298769111435424,0.39929400583084795,0.3768516507393809,0.5662425628471824,-0.09764355012588762,15.880859994537445,-1.1275021304519435,6.93110261589796,5.675998635275031,-1.3328892971311228,3.668629810632862,-4.1863013596404,0.06651496542316228,9.439709889899056,0.5392862408219868,0.4510051723421141,0.9344998198012372,0.6000000000000002
0.5094314561474215,0.3178800760807362,0.44763731111244676,0.38413446364078074,-0.3022780227057413,17.5744501306763,-1.203588376373778,7.145361634083013,5.498954133491611,-1.3512496094147546,-0.7630804575827822,-4.182469750968162,0.27070319376644697,10.058449463000539,0.5796183068325835,0.5526056860135603,0.28212214209095343,0.5800000000000001
0.49971081666992634,0.34130769951507034,0.5943221671469617,0.706517076204967,-0.19574707476453462,17.892183016919997,-2.0995742622692695,7.325664583122587,5.08859810178948,-1.4585591146815016,1.7912839186135265,-3.7689383760737347,-0.228666195898811,8.845631926841609,0.3276114173559276,0.5267566417156374,0.4179823838412655,0.5100000000000001
0.6600491729589506,0.6520362212351604,0.41852271503159144,0.5114580587637774,-0.10816342547642242,11.122975200082875,-0.8593178172758378,6.490785430678413,5.484241373866697,-1.2869097982490587,1.5197775893568182,-4.203778131956726,0.2158387938839888,9.865125105165879,0.6335336072396398,0.8509381471351234,0.3286574345476243,0.6000000000000002
0.3344181213427911,0.5830975083793395,0.29305387789097925,0.6388465635555272,-0.05728475441376928,16.61838309096138,-2.370611380360195,6.917837513567251,5.180717881511773,-1.6540430458041973,3.039749568015705,-4.692266358668259,-0.24115216691585187,9.717670468903892,0.22419229679606945,0.6172171530274363,0.6159955744735013,0.5600000000000002
0.7352779050850913,0.5326944847578997,0.3188519891765497,0.5981081177642275,-0.1737610274966834,15.951134909408042,-1.5453675220800607,6.77465588247905,5.013357084338456,-1.2305303671516792,-0.945062554119176,-4.1550052567538005,0.11412303229836376,9.339007282184955,0.6054278281967765,0.5460518776893666,0.33064411454112913,0.5800000000000001
0.6093162612524521,0.3110094938692396,0.47673669438228927,0.5974660252705067,-0.16712028525280537,14.31014749554744,-1.133033509986524,7.7567460355852615,5.554641797782534,-1.2981312031890735,1.6880537556970756,-4.214221277891592,-0.23209847046092297,8.890547654693899,0.7055203217951902,0.5998431697742795,0.21005339864407396,0.62
0.7040630090398351,0.5848648549976367,0.3598540266174265,0.6787074241185445,-0.05503857652684109,17.215023250116996,-0.9702269958460947,7.614500058137953,5.442820719599354,-1.2212108118635083,3.331827022703665,-4.178185729194676,0.10257330927229968,9.21840337969603,0.5905457978796054,0.43091399491606913,0.8676118371535746,0.6
0.5273079577327349,0.4017462573504662,0.46098676518816273,0.3338870722107852,-0.0884192968339414,16.91165433970054,-0.31314945721180243,7.364223998473015,6.37558881528716,-1.3822872517195615,1.7799071016381833,-4.091819787605014,0.445730204400918,9.842347622462064,0.7114432892455356,0.49617143985054474,0.3844757772965506,0.6200000000000001
0.6426233144847805,0.6045752970032592,0.3906282815241257,0.6552178590594697,-0.22825405591545103,16.87209170885196,-1.8974163583402457,6.27662667354276,5.72113407956757,-1.2216221280679798,0.05444081746268825,-4.1171644562073295,-0.1324900878543141,8.96007838163047,0.560252696178738,0.6396686141037462,0.7299183338650254,0.6200000000000001
0.41166568977175627,0.5981408352936622,0.5958388467008844,0.6335458855175033,-0.13504247816312612,11.82253228616892,-0.8976870657595815,6.596968596066541,4.9071835106902535,-1.4740075344347494,2.0455528849547564,-3.8254924677817725,0.11861283402684636,9.507095146794867,0.34313664069794353,0.9447502107680198,0.2515266435004402,0.6200000000000001
0.46273167446245944,0.5502002289452476,0.5806451555631776,0.5352957184118304,-0.19201519115053528,14.10240672963362,-2.8854992816640284,6.4975871815935236,4.696424785771841,-1.4354776288224738,1.7275374814587325,-3.5540966894850823,-0.6473329228603276,9.674391164688096,0.28289858840232773,0.7753719819500386,0.3654004055963632,0.6000000000000001
0.6249958645326774,0.4061124694483985,0.5669984338914423,0.45048291100441673,-0.12607745040407067,14.083834566871861,-3.4941226067545257,7.169222216921656,5.787498416225537,-1.2940617024823229,0.24173162815037985,-3.4380326401963335,-0.3781436349776979,9.7187937972114,0.8760882883997123,0.6006765362802307,0.5183763313963144,0.6200000000000001
0.4358519590266561,0.4373490937265748,0.4054889145086147,0.6746574998559195,-0.29436322118915675,16.82733854328864,-2.5576057529569765,6.716609250068657,5.84031569894974,-1.3978145747969393,-1.0521668197286573,-4.008380084918149,-0.15647241520611546,9.082484427847556,0.3993170472857358,0.5751702936980173,0.31936520056404083,0.54
0.4077850001490565,0.3640553131373872,0.3288272388971806,0.7878687799783496,-0.00876721312627924,16.69564798346812,-3.6310774371849064,6.450205000525658,5.113776287484525,-1.4256010518603015,2.6760271305453007,-3.8168704799819935,-0.5996808528580633,9.405603612603263,0.8593868497175505,0.43621516822060313,0.5512990269332589,0.6200000000000001
0.3875659310274956,0.7308949448089125,0.49939679479137844,0.4542933028189739,-0.05326783561902322,16.08136002848893,-2.056280336811546,7.139376827864359,6.051654351289196,-1.501643366896473,1.7343380594703848,-3.917394334740957,-0.4707503460398341,9.90478561247347,0.3917816524544485,0.5598260677439344,0.38525162080776626,0.5300000000000001
0.5163378208488907,0.4917503302124834,0.4546878002591446,0.6869970836058769,-0.06128452164164955,14.369278885086617,-2.9784076188130038,7.60272244203188,5.286391450528855,-1.338434201655368,2.3304823589614845,-3.6751106923980017,0.0601886888220328,9.19396371964661,0.5989222597474948,0.7116570511634119,0.4740375051436814,0.6000000000000001
0.42286224794182836,0.6236767922092948,0.5260699058732263,0.7028778848151357,-0.069113988215891,13.324730718103893,-3.138887396594905,7.705665616499805,5.308794847931021,-1.4528961940920104,1.4496693231646878,-3.530486951610658,-0.38889648279053435,9.568750575238509,0.5380175022941999,0.814645425504735,0.3516703020618236,0.6200000000000001
0.3057004225761115,0.40071897860306177,0.49443179782352276,0.5893045043483545,-0.1144004053814122,13.14094878164138,-3.8074607637998388,7.276563265255195,6.197301891942201,-1.4855289986635454,0.6444961920813119,-3.859598311748148,-0.4669390143612031,9.948949719365576,0.47762673276503403,0.8823736027924346,0.2039624590486308,0.56
0.33928180455650625,0.6066601033774149,0.3873753477658841,0.6627290787555676,-0.21636381492402434,17.735209797748833,-1.6980613875063362,6.575272066075763,5.342798258277491,-1.5257338145099912,-1.743498663739989,-4.036742894045519,-0.12071165275588046,8.459302398979442,0.30504943083939967,0.6132549229583598,0.5832363662856224,0.5700000000000001
0.45551004488956137,0.6321717981452761,0.4423528235384913,0.7917393464805075,-0.048083359875629866,17.084874112826654,-3.3684855207462983,6.518432841825375,4.621982164504485,-1.421121293883372,1.4949814069455507,-3.5115713639733173,-0.43586971567711413,8.502363629021227,0.4104064610631345,0.5553381651967888,0.8719781095352243,0.6200000000000001
0.4247313071301011,0.4029105924136878,0.47780650978150274,0.456229904698974,-0.050606574112212005,15.314940933287982,-3.2683503581765256,6.6411686150675395,5.975713853379002,-1.536636950569779,2.012064047701602,-3.7130385670165675,-0.4017644185088668,9.74945993601267,0.22818410778839007,0.5255452158644598,0.4292593304921075,0.6100000000000002
0.32678331950226075,0.5533496855456845,0.4085423007768765,0.6273639777724773,-0.094356560721434,14.94175210363056,-1.2827067427724366,7.59468435643411,6.485879996836039,-1.4771535426365465,2.113070650816154,-4.329673512534339,0.2246965071443956,8.622539112896193,0.45432674574176646,0.6549112054291892,0.25220417856499955,0.5800000000000001
0.5951395794331964,0.5832326597913988,0.5176493397625225,0.607665959987059,-0.2876606089614389,15.642079435234582,-0.7721604253405476,7.431229395128316,5.225020922141685,-1.2970631756524515,-0.72431790222349,-4.0008956986895745,-0.010002341142856863,9.140219334122474,0.5933534698900684,0.5965044280779673,0.5528149728110051,0.6200000000000001
0.6936027674011204,0.5022694237161045,0.5140939393950121,0.734812879972446,-0.174620236843568,12.966520092667299,-1.2708108713505462,7.183560537829167,5.088022242489288,-1.192840005898809,1.2238291467580555,-3.7754254380409704,-0.336186887288182,9.091908835897172,0.39398929763127294,0.6841127390996093,0.21453391596345556,0.5700000000000001
0.6052329695637669,0.6411456523715228,0.5655411151630201,0.6347179609115817,-0.10993755207072804,11.759292184714578,-1.7515509187646245,7.4237744145758615,4.4764382607335,-1.3606867609550248,0.9290429479063179,-3.926515910323658,0.0006349579201502253,9.74317352800393,0.5569088954283019,0.9187974973874802,0.3748739147957779,0.6200000000000001
0.575155438247949,0.3343948142007561,0.386112324699884,0.4173510056970525,-0.3309862632687046,16.689944031999534,-1.178588578067374,7.732182487834528,6.049776368138074,-1.3250530302450823,1.84984381790422,-4.2505992284971565,0.10338025911211918,10.107817596565752,0.28078381063508423,0.5952570636229868,0.6936913248406416,0.6100000000000002
0.6036425257467473,0.7799927832007938,0.5157117224308246,0.7393140609261063,-0.12111404408211106,16.632611819934862,-1.1812344195704754,6.94804221627851,4.730404902017627,-1.3004858489582067,2.6123157921775606,-4.305445971452629,-0.14226232534348215,9.161963804637091,0.5357258865092667,0.44360405556931953,0.25716684287732794,0.6200000000000001
0.5123382159447686,0.5382867241202628,0.3701445524874164,0.4438428035707626,-0.19631223047282573,13.580248639838906,-2.272067561705594,7.305564592870987,6.096749143503167,-1.3497592713792042,0.7007931928567859,-4.092621643083642,-0.132613612109584,9.570303540295226,0.569919052909643,0.8700314367154015,0.7278237380615411,0.54
0.331994048879121,0.5139246099076545,0.40711905735344134,0.5755222356961004,-0.03721270210146074,13.926093035176994,-1.9350582329774229,7.629650630430632,5.649018033465542,-1.4484594370648818,0.7426331700843953,-3.82374331861632,0.3141906372898247,10.091789308469206,0.9890387377583394,0.7231511582356878,0.33469729068371645,0.56
0.6637731981425449,0.6429566293589138,0.30285686777761983,0.7857220085780684,-0.15925235891425032,16.118962900477722,-2.4953104824063113,6.2394091836664,4.956847721797476,-1.3445300225012609,3.242464037873562,-4.33040316584142,-0.3232586043932709,8.953848025358338,0.27581585976241685,0.4449660857005443,0.31924023661760176,0.5900000000000001
0.6143973179574691,0.7020293369519514,0.6714688666201446,0.6139217240820358,-0.19609036059251214,11.537857047481543,-2.829023353268927,7.567837822699813,4.696206532228116,-1.2887860757308351,1.4682169272563046,-3.4303733498100066,-0.6458428815453525,9.678326383798991,0.5998090963500131,0.9781193555958412,0.44309385664569345,0.6200000000000001
0.41024081223717024,0.7103571257273155,0.38383836270659516,0.26290372480608715,-0.02308943034021832,17.589648858557062,-1.4875826384699615,7.016847790185017,5.8158727452369225,-1.4511483886190815,3.981969261086319,-4.2139048985335,0.013810413516654713,10.47830636169267,0.3688817664473255,0.5394796695848355,0.7588443669171179,0.6200000000000001
0.5985995298181096,0.6309392490393585,0.43629013384072723,0.5922510342572141,-0.13272672474200647,16.954670815760785,-2.484845914935769,6.763853843116989,4.5796564853012,-1.419950572503506,2.41632076302468,-3.984018841973678,-0.11090729217016321,9.777125920577616,0.2961976251885157,0.5863265042080374,0.33086671122284406,0.6000000000000001
0.3888001415638067,0.5261006042351378,0.39748244985785014,0.41743415141272894,-0.10225163837128602,16.072209041506408,-2.575514942719782,6.615340109267505,5.354918008347973,-1.584479583810399,1.4901600333981417,-4.259562028306565,-0.4058596733903792,10.393304168342407,0.25150368726014777,0.5036198075914027,0.563582269484959,0.6100000000000001
0.48683223163327194,0.6993591253728737,0.3244532438073278,0.21905608419391398,-0.14528276813697624,14.666865070375316,-1.9172138312240203,7.034927847936132,5.891421257974019,-1.3774379723410222,0.9880769995831811,-4.1413499965324565,-0.22487047142102806,10.287530757625568,0.7798152152874698,0.665929859891196,0.40660444525273987,0.6200000000000001
0.465878884007917,0.5912999034990328,0.629753721719654,0.40073462960834244,-0.31339492608915137,14.214478479758904,-1.8728721499929772,6.506625816546848,4.150230269405962,-1.392644133345832,-1.6004963075425847,-3.795365138929124,-0.039285572580516626,10.480062682087834,0.3878649297139349,0.9795624246305221,0.2383673396304816,0.61
0.35625097586653853,0.6826235112316972,0.4421057030917181,0.46963083261084493,-0.08207779291560026,16.18970613919356,-1.8394062394470951,7.784814888710184,4.814620726570729,-1.4446411752660857,1.8199821251412729,-4.330591320853231,0.1921641674439103,10.104828715460743,0.6459575459346321,0.5528036305986573,0.26256433623345143,0.6199999999999999
0.5282938500318728,0.5227997279305878,0.5364703462129117,0.5404660305824448,-0.12872003125502596,16.696384713950163,-1.85249251725272,6.495591580875523,5.299109676142781,-1.4334072095983748,1.9719579591501168,-3.7594062740636383,-0.2928028470563295,9.752987765503692,0.38336570089195116,0.47538980972516987,0.27653416880271564,0.5700000000000001
0.5645710463515745,0.3009711788039837,0.41160626539479706,0.619692118929264,-0.12961560628301305,16.103806646289467,-0.24990064648750604,7.23204768581332,4.520622835813273,-1.3048373203412829,1.131966824442776,-4.19730807714552,0.43620931896853365,9.589820680381992,0.7559415379632862,0.5563654902439521,0.3405728141785688,0.6200000000000001
0.4697950711886815,0.6567281755200864,0.2227457750844086,0.4755625165460822,-0.0856953579715608,12.734601020437493,-2.356969814795288,6.012445704155393,5.47094980220553,-1.3856337382497816,0.48729381022691765,-4.1702962211932455,-0.20526171516867323,10.168683166321363,0.6231306737011113,0.9051830299962222,0.630553447629616,0.5900000000000001
0.33681323105267996,0.4465523139503502,0.33471284645527627,0.5452256796441077,-0.08405117313967542,13.58960493689968,-0.4694291754996107,6.955140622521425,5.696642276849169,-1.478487518882876,0.38544584693411255,-4.5556736409182985,0.07646685204609364,9.725646292309166,0.5176063690337618,0.8969014758917095,0.45304587728050977,0.6000000000000002
0.331381364443281,0.6812762651539186,0.2580358347689419,0.5312919292783315,-0.05896742687502979,12.901185542372783,-0.5969404501991187,6.155865582986037,6.98071303490965,-1.4765272030673435,1.591162746875508,-4.596918214985869,0.028861281618792728,8.199570788519734,0.41826181571072063,0.8807926420009682,0.7941119285877439,0.6200000000000001
0.5128716705132763,0.7629486948757718,0.5509798663240644,0.5203151894578334,-0.13762653093298505,15.445098265265509,-3.395356979346536,6.820800714988279,5.66505755790113,-1.43132917476554,1.2479582322919953,-3.674178894949359,-0.5086373659708546,9.44515355973303,0.4073748139887925,0.5643979400234787,0.22099548056439317,0.5800000000000001
0.49723897734916694,0.33636203478685345,0.30053766317422087,0.6605558938654781,-0.07205193358276246,16.97665270434756,-1.3824981144620891,7.631287788454036,4.688262873969906,-1.3705130545628201,3.0824075434652634,-4.32684625248759,-0.011193250566652187,9.281054952707946,0.8021936218925563,0.5379494018494587,0.6790043542646647,0.6200000000000001
0.5687563372649503,0.5882876032674944,0.20181657568525016,0.7002063538371737,-0.22082771139259127,16.267115131687884,-2.459404167784183,7.304796149786572,5.44647638799504,-1.3271932709930871,-0.2602710457467712,-4.278906179673074,-0.19725772118567897,9.470603102614628,0.454851647492036,0.5336313977450803,0.802185356148581,0.5800000000000001
0.34045134936864707,0.6317219470018827,0.4263330982854281,0.6142693948301431,-0.04843341443551942,13.016073418537337,-1.1176552868357787,7.246413723746139,5.200852035703758,-1.5924782636740555,1.7147818993396102,-4.2660838918492425,0.16317927055224515,9.639845601945767,0.2290936458452971,0.8452730288542665,0.44523427979789976,0.5599999999999999
0.7817002438844795,0.47572846495003296,0.4230899213733127,0.45516357409310243,-0.11961099011794302,14.660793558777602,-2.1470967054283596,7.5251136879456615,6.455246002611157,-1.1883359727605622,3.1396019546909604,-3.943947672666648,-0.060028540881828796,9.4113611900161,0.6095155064303416,0.46410220415757564,0.3789376312657019,0.5700000000000001
0.519274225846235,0.767238676265923,0.4434887815265933,0.23578591474858288,-0.27334951233437804,13.535330857494637,-0.2529887547661679,7.790257966552461,6.174040765755021,-1.3688394687341743,-0.565481673213405,-4.175036408201548,0.2591641662997248,10.098733788810495,0.36366456125831054,0.9311781526811007,0.2743218186441186,0.6100000000000002
0.4880256029525712,0.566968326517286,0.451931814576835,0.5093981771938274,-0.32356136215972514,14.840701175895237,-3.573720478833448,5.822285169198515,4.914473088395887,-1.4495046708127806,-1.6324719198361954,-4.003824943965522,-0.37588019906451253,9.714036270299388,0.3099576384598593,0.8323646208250797,0.20351920601448492,0.6200000000000001
0.3579439231641353,0.6976707640746702,0.40409113666921553,0.40962886480452515,-0.01047570885080732,14.72592534452762,-2.601764910144433,7.743859853269042,5.374453066482783,-1.5660425459756449,3.003764188445136,-3.895488560510705,-0.3169409704629381,10.364629159501689,0.2896845625447745,0.7793713907133517,0.29387268645192133,0.5500000000000002
0.3660973581233239,0.520351639220314,0.5108976209581696,0.5472835776950682,-0.1087060394361976,16.719403041077157,-2.4369554591528146,6.839690767669923,5.114870863029781,-1.547891867850827,0.10579034035599355,-3.6121347752158344,0.04594933963534051,9.81487747746409,0.3678579034139746,0.5836890241675461,0.4373660250934906,0.6200000000000001
0.3761762514509263,0.36881115144534826,0.5332736081646882,0.7030663432747846,-0.10014464398348508,14.782342760821015,-1.292189807819424,7.513483896834032,6.02627750262862,-1.5441900149318033,3.553178349755859,-4.0165773334140775,0.04514855756292671,8.225013401951374,0.24353045934990164,0.6387223027409169,0.5707099190240909,0.58
0.4200876224395162,0.5555764666392216,0.3389668783335159,0.49058767150494087,-0.0874984821202272,15.185939349844311,-2.3412369219733034,7.134830787527777,6.424182374285513,-1.447716232509911,1.1213230303112058,-4.027459476730214,-0.5052109044861252,8.90189768418906,0.42355202667838177,0.7165883325195139,0.37786525112334185,0.6000000000000001
0.647290925756411,0.3027557811730926,0.4290192549269872,0.7036423142620445,-0.06716788879851153,12.177293139929336,-2.367702486907099,6.499853454626065,5.529254087820139,-1.2831881011981794,1.876197871365319,-3.7858846974280778,-0.30938524248819943,8.988395279185035,0.5662965622704786,0.730861631597072,0.538591475602169,0.6200000000000001
0.6062481282879884,0.6352474270885596,0.3105213634030319,0.24443523033000475,-0.1629708894596153,14.745198873826206,-1.1572006702734976,6.6168710269165985,5.673664344373274,-1.3228322472179528,1.700365610347345,-4.310404656847397,0.06572465999359284,10.407978313033395,0.4621247218435408,0.4830571175790438,0.2721008543425085,0.56
0.6068301815736116,0.5610416233774129,0.4855579905227514,0.6960654042948246,-0.009050052532857858,17.128029869940328,-0.9706484382698067,7.393305833908574,5.609400367758507,-1.3129116992113392,2.2782546021331536,-3.8296573292493745,-0.4238048919909025,8.5145233244435,0.6723727428888598,0.5391424782306439,0.3304919548361576,0.5800000000000002
0.6473089370960157,0.45326223526011056,0.4867106531876646,0.31941709081372127,-0.06334213904173142,13.69894374986708,-1.138966640842125,6.1000423145982285,6.568096375096085,-1.2855449688056282,2.75909823852128,-3.978771741175573,0.09329242731190823,9.919483289095048,0.7673252850638901,0.4842654969442183,0.304358674099465,0.6200000000000001
0.5460223497945854,0.5196758799600705,0.3639880139265914,0.5181616027901186,-0.285702567923856,16.494254672812744,-2.1610436775040522,7.649455657619139,5.562721105309613,-1.496480304545956,1.0648327758178777,-4.3944666076702195,-0.2978835688441336,9.907433136504707,0.22075157868271977,0.5646601071914786,0.24825892208174094,0.5500000000000002
0.4129860310814768,0.5696914124581237,0.3714625469427471,0.4865144917738455,-0.057292576778469745,14.115110437854291,-1.4576665684926893,7.5808943283931605,6.288791153879758,-1.5341706241095394,1.722937716125656,-3.9454318722590016,0.3037179937975777,9.52633729540649,0.3148132072325045,0.7162028639841758,0.3466186610820062,0.6200000000000001
0.48124077543398136,0.534261378204943,0.2795179657255508,0.5998256685438539,-0.3231458502682727,14.837383089490993,-1.5002014467121476,6.781571365579655,6.347750535381313,-1.3735319052086052,-0.697523205273116,-4.464956340150517,0.03201874598505375,8.35620090145163,0.35021110660674226,0.8107628873839621,0.8783149053465373,0.61
0.3378056477429019,0.5435476949696524,0.5564338252992282,0.621781520645022,-0.0867724192638423,16.058962929441982,-2.8837864236680466,6.820862286654851,6.0019004559796345,-1.5067326431173393,2.7120343046549253,-3.6519670946568965,-0.39697932550624104,8.998152830507278,0.32636518064438397,0.668343290151151,0.8178171941159603,0.6100000000000001
0.4963994956676233,0.5136328285583227,0.402929079514058,0.6925333684827812,-0.11537582028569301,16.169737959247435,-2.8272221080937894,6.134596805832406,4.75795971763085,-1.410081940436148,2.0300005138820554,-3.943514026612606,-0.3120033685247745,9.74811528698978,0.3567376381064345,0.5938484114577162,0.5899503280074476,0.6200000000000001
0.5287633507422812,0.7223442407099747,0.5868947959615137,0.5142654039349055,-0.10271585495057167,14.96778958505381,-0.9110239951730913,7.4037063718984335,5.982522180882774,-1.4263609740935244,2.011241845074254,-3.8257397199415792,-0.43110973350107595,9.507974889074358,0.3254535646497214,0.5504540220510402,0.28884086481555693,0.6200000000000001
0.39161947873044434,0.7211004657650301,0.4238297465680403,0.6867312540700234,-0.08359699163075801,17.226674949350567,-2.75092303056412,7.268065215390322,5.382035143297525,-1.45984889839191,1.8260613444846865,-3.827867092208649,-0.19123308223647956,8.895233054880293,0.3646794494710783,0.6922631937014994,0.7683007263093466,0.5500000000000002
0.41586022852895727,0.4036897652102797,0.288294720470496,0.7196446084949538,-0.142947353952868,17.720002954467105,-2.215070305185034,7.175675317357458,5.2660805280519245,-1.5395933563832476,1.4390919242206852,-4.224574031522392,-0.33464436752872295,8.854783406737523,0.2826855183085713,0.5224478541774052,0.46058247201112523,0.5
0.6166772796529278,0.5447209458494586,0.21683054751938022,0.6657153924365624,-0.16891133797682065,16.541492767890798,-1.276816972904886,6.11388265111146,5.412307229884936,-1.3342753605135633,1.557727502877151,-4.319783350961757,-0.22730558912565182,8.998318337311325,0.5191507759242688,0.6239992413644077,0.27818420041292974,0.6200000000000001
0.6033252119867683,0.7466180233349846,0.37962092810183723,0.7137366235735507,-0.18365523123130545,16.41469723931201,-3.5406292521955174,6.79925953017446,4.728993397799364,-1.309664372145482,1.2458242314703296,-3.9925052870551845,-0.34922961285025056,8.874338516196259,0.714336807575938,0.5674183321571415,0.4765509089346308,0.6200000000000001
0.5491379662255781,0.3886799638446604,0.43046922425577794,0.644356904351684,-0.1738969157299415,14.18655674950765,-0.7099147315645307,7.26144733810549,5.8691129524081544,-1.3131520878330276,1.0191491763586755,-4.1851449062135995,0.4100833504208701,9.051666009517088,0.8434686707467424,0.6652623623512277,0.28476875752945463,0.6000000000000001
0.34310764812267175,0.3844151481477893,0.5588317924791031,0.43567071751817227,-0.13987661995029543,16.197969963882443,-2.36707448619075,7.738606977074558,5.080024182891578,-1.586654807885743,-0.04182100392838217,-3.920505280813817,-0.2952060300172861,10.08511007757014,0.26785298824234693,0.7157699765281093,0.2554233188083753,0.5900000000000001
0.3070913231534797,0.3418801595697957,0.44959124688537716,0.2895801188385525,-0.017552854453643962,14.469042581893865,-1.0319717729199462,7.363117062057656,6.191073941054624,-1.5685760479587199,2.327978599545761,-4.059926229850529,0.05552749631693321,10.444874231449933,0.27390252405773946,0.8301316719286334,0.838239039411245,0.6000000000000001
0.583906951203822,0.5457731786625948,0.4606112707790915,0.7304486990989022,-0.2459957177589077,15.569968383148646,-3.704344789887291,7.191820824939898,5.241938382785104,-1.3684040821737093,-0.9468964184686942,-3.6079992803902208,-0.25087424056543906,8.772681931107144,0.5513170370984389,0.5800669015403127,0.5293831440603411,0.6200000000000001
0.5177182931080343,0.4574031591578465,0.3606323192937584,0.7257231941366453,-0.05520510954217053,13.930289833384816,-0.8941353303365965,7.1146354413570485,5.5614354921273845,-1.4215564618732763,2.9645550808040655,-4.354012929266797,0.07734115529383069,9.341533145510015,0.6005827490110048,0.6592179589119419,0.5743464057973673,0.6100000000000001
0.3524735648127117,0.710174307442377,0.4313731505003218,0.5052406959361417,-0.06496234846033931,12.709369366739633,-0.7760001002495006,7.3252082253563495,6.111019934103635,-1.5465375631084897,0.5336538707757881,-4.259888447522571,0.0398043427215026,9.932141991621842,0.3359912203507792,0.9212957772301332,0.21477604974666392,0.6100000000000001
0.3625581426054093,0.7526043510435586,0.23015150241354132,0.7918457349017376,-0.11301956472076605,16.21097565726777,-0.9724623645433141,7.426579474465663,5.051157373475818,-1.512329965335451,0.8119249686172609,-4.500200303470282,0.06277037878449604,8.924878865304501,0.32407033037355304,0.6785698279972678,0.6672543855096504,0.56
0.4203248869377273,0.7782520588630494,0.4545344571840142,0.42353488643383774,-0.02503899159129258,16.770711236093153,-2.2672016114210916,7.669150808921967,6.083706139672026,-1.4819604024030388,1.9151424976064715,-3.883301924150207,-0.06581633786012728,9.726407116832558,0.4836256306398623,0.5364126193936593,0.3208731410748618,0.6100000000000002
0.5165745982536459,0.3608273836628016,0.36115684092626854,0.6577411302500132,-0.22213538354472,13.304961732404935,-0.8772595834178436,7.7859006326463,5.831939164517639,-1.4831690946960248,1.2767016776581572,-4.415320081451353,0.056622801511192034,9.064100173886548,0.24669251407981163,0.8299928684537963,0.45653214589918767,0.6100000000000001
0.6508478777378836,0.7125083427864572,0.5748220260173511,0.5570655813097303,-0.27936107505215574,17.3920517095699,-1.2409846547395633,7.172404090331515,5.383132076220161,-1.2442736965432668,-1.332613828273912,-3.76420556885099,-0.19870361995518873,9.419679860154726,0.5744190764230335,0.5039053782984602,0.36417067644354273,0.6200000000000001
0.5755377619442016,0.3577573902462797,0.643440614656722,0.7634538283376585,-0.184177368070853,15.052290149642152,-3.5071213266283507,7.256308327156881,5.153375531353362,-1.3426728725265744,3.074766620172995,-3.4374305554732967,-0.7410652108491583,9.56506336762799,0.3131695848815499,0.5134152654802693,0.4464121415245524,0.6100000000000001
0.38185323347619754,0.41012857140821085,0.5346577839430067,0.6280419829918807,-0.042892536309301885,13.888970331671999,-3.830613820996559,7.673566724484175,5.312499729465905,-1.6013531816041537,2.172169962453908,-3.1977143416951765,-0.1258762620661598,9.366697938124048,0.20369807004111,0.8201785215492874,0.6919610998539469,0.5500000000000002
0.7491163778805413,0.36985414574123543,0.2496278878819191,0.5461981114923344,-0.4252899221155666,13.430512823203234,-0.27786948192027555,7.412796987667604,5.181882302037808,-1.2384694995512895,0.784058377759628,-4.3749674043696904,0.2699778103441861,10.032829337870552,0.31989413731863486,0.5395192755513966,0.7937252911711965,0.6000000000000001
0.47072835141895014,0.3216143897414778,0.46381554692542204,0.4726200987596416,-0.16353675418538288,15.765763067541233,-0.11979751307697223,7.320449389913625,6.161028760927838,-1.538444991315225,1.7188029413726817,-4.257468060003642,0.28978600584749437,9.77519805159625,0.20290952223269815,0.5271585682615211,0.4672988580590264,0.5600000000000002
0.5314747576966785,0.7389570716115152,0.29587565752762884,0.5608756387748677,-0.41315392341511437,16.19757602148272,-3.5147535065668825,6.172690571177865,6.150145259136299,-1.3239171802381329,-1.63847939310426,-3.992794409596153,-0.5529990097123179,9.886014697567822,0.3318316451880341,0.6610751806595299,0.5457097792328042,0.6200000000000001
0.4077616583817748,0.3377487723480872,0.5057278758675384,0.6135950168385989,-0.02917152038467439,15.865511984474178,-2.033405103124977,6.191376258615511,4.26749023495673,-1.4701757576800172,3.6499210656775283,-4.404429698767202,-0.19184821547129485,10.136339513009652,0.42421427157461555,0.4840273405457678,0.20718734558269378,0.6200000000000001
0.5986276879355555,0.7199861796745972,0.3098952995813878,0.5646226674496729,-0.011859988347322988,17.490409278307023,-1.0970826497572916,7.350922612684975,5.550693944194683,-1.3370666772934712,3.4211568155887053,-4.309293225251021,0.0018836965249454662,9.560231525219084,0.38776858094022515,0.5184456880810054,0.7044735097456258,0.5900000000000001
0.5456456159162885,0.6108379721161848,0.5998297392432483,0.5789453821683503,-0.3310254796506921,15.110342037841184,-2.9352407165530106,6.655765288584781,4.9450529372277945,-1.364980096682724,1.368258440411025,-3.450898510735864,-0.4547431108815399,9.828687108027712,0.28207360339492776,0.6307983232615761,0.8063052757664249,0.6100000000000001
0.6584767659844993,0.5106602450417527,0.276885815557851,0.4173473323685395,-0.1845594355029959,14.134832742659198,-1.8812028157568879,6.990826909352809,5.437187281165061,-1.3557776503706513,0.9737763865838783,-4.213608176822007,-0.02764177783854853,9.962003625865238,0.2733890804358811,0.655152366516885,0.589597783952045,0.6200000000000001
0.3702585254109567,0.5257848491821978,0.21848159461274771,0.5682904498898135,-0.1082380271913114,13.428062027582325,-1.0676832105339078,7.232979283107672,6.037037860605158,-1.537462794866453,1.8419193590694924,-4.441896996408596,-0.05716287605101321,10.172617944338596,0.3599353476674932,0.6793318658668672,0.5997348119963,0.6100000000000001
0.4624759689122027,0.5083263645607736,0.299445830847044,0.6706648393388583,-0.10254918656159226,13.672586382032119,-2.911777609677749,6.489149903983476,5.209353231560131,-1.4014421423393124,1.9968025470207291,-4.157139905390229,-0.23888012911305448,10.313337043689824,0.6099681847977051,0.6793542510544138,0.7910313037495892,0.5900000000000002
0.5360976899006001,0.4897746329917079,0.40195095831732014,0.5049379641028678,-0.2504344767221159,13.251788585324503,-0.979035143892159,7.640531840324587,5.519308189355003,-1.382873546646806,-0.04169099217522354,-4.486282710993363,0.201908432120815,9.972806177724825,0.38002770332536023,0.7339014567102811,0.6653150005731915,0.5900000000000001
0.3262228525319862,0.3335055833889743,0.49979292319158325,0.5901601022687184,-0.05296799022508161,14.390431812128226,-1.144658906703639,5.99625800998948,4.274964116971333,-1.477988503477085,2.081658335611981,-4.124728468525317,0.2501654940143268,9.927365441838319,0.42919492179075636,0.6453387178125584,0.20350618489820324,0.5700000000000001
0.3874152469769444,0.7165498140320223,0.6361412433483402,0.7316424792669851,-0.11261606184112266,16.597908785273038,-3.139060403270956,6.734094634383564,5.017191071734759,-1.4356372652450728,3.8524920605465467,-4.04300880512651,-0.6837795750735445,8.35726260405,0.5598406034295483,0.49136154133590165,0.20728886935878876,0.6200000000000001
0.6266398581754095,0.5047872916865108,0.35825786809265897,0.7383559986490388,-0.0852800508275516,17.833752824843582,-2.8515821438304907,6.71060816098805,5.002205053893006,-1.2876247450321705,2.5534463914895653,-4.164440505864336,-0.19310696736933852,9.69694450577204,0.8989441055893703,0.42256012572333673,0.5889729335208777,0.6200000000000001
0.5180722457135336,0.4775324501004863,0.31995259238661866,0.5403788596401484,-0.21548809600319416,16.191093537938354,-1.7832940612760804,6.65843110231532,5.455319471763946,-1.3336036118791468,-0.20742661996944792,-4.243104229098725,-0.20433582393582367,9.591065363564416,0.6632709898603619,0.702048880719591,0.4278526477084415,0.5600000000000002
0.39567281796732995,0.6729705640804053,0.5187496569241933,0.5813349840273164,-0.15680885252209764,14.303379810874004,-1.7354377140747943,7.503525547743737,6.429971309017965,-1.460491065538998,2.1717836905314005,-4.126399295703085,0.11691678848586996,10.985589669979973,0.34349695827317306,0.6107164037326784,0.2014595238403672,0.6100000000000001
0.4169466489536483,0.5511378056967234,0.7139852331130039,0.22707573263258998,-0.09266234656862556,15.902777513499439,-1.6240100472678574,7.748767049531379,5.08682535271758,-1.4448328933824066,2.4397606710164927,-3.574900927801468,-0.3416660564211185,10.710262651488824,0.5710558966544763,0.5013494076328641,0.540159128222908,0.6200000000000001
0.5765692418755972,0.4823415385490971,0.23517529230749484,0.7236787955811009,-0.24697734517559428,16.99959614918876,-0.7933353674075521,7.3770761693373865,5.768637207441921,-1.2925543846897745,0.2886025186535764,-4.361624970024293,-0.07450359325614468,8.388444943243321,0.3975508468630306,0.576008120710134,0.4703049030826022,0.5800000000000001
0.5517287902420278,0.7529798830837942,0.586344547895803,0.3330162022405422,-0.043158870993877205,12.343122100798297,-2.3241284227794274,7.579178446018795,5.54299601130348,-1.3471775861668682,2.089182586598793,-3.696893819920264,-0.38730108274699565,10.337193538079074,0.5051435425655204,0.9993060885601323,0.5535118533550762,0.6200000000000001
0.5630930803424633,0.7158949081314434,0.2773531927882835,0.6439579925408743,-0.13005363141443285,13.062033337583076,-2.682801888090127,7.182034529004954,4.553260478178543,-1.3860978750254276,1.0618115532892838,-4.037514119426318,-0.3049632495455674,9.433919266178819,0.5990709731789561,0.7228979135287272,0.6554978865613982,0.6200000000000001
0.3862461889337613,0.4088806525948215,0.5951298105584343,0.7423980264706421,-0.03810978532765115,16.641138046971612,-0.9842464275263666,6.6046245099739185,4.615190804028614,-1.4531519452011872,3.6598032789037585,-3.6430641050278103,0.3641935160561025,8.694497786316417,0.3555878656392354,0.5979938924960091,0.30455375008155705,0.6200000000000001
0.4311076377219193,0.6102341280213621,0.33418412651755147,0.38871236307782575,0.001293503641276856,16.291494053554107,-0.9207047060099922,7.027089676155447,6.253866387176463,-1.515637074319343,3.0521366150763525,-4.366466081116034,0.10890480739473005,10.163291116045146,0.4167556617466203,0.46329774977305177,0.962436876038185,0.5800000000000001
0.4069653711339475,0.41778133234793086,0.41412832324979376,0.5899636252775863,-0.13309543721485254,13.930153691086323,-3.30575110271338,6.811604561169661,5.42079694656192,-1.618274505855274,-0.02862313071056599,-3.762913199803013,-0.310246362631176,9.348616899146563,0.21563871083689357,0.744338612835468,0.3918829619987387,0.53
0.5165217301383463,0.768656493910621,0.3971557628322979,0.7718110946203276,-0.08171566829386548,15.752767585667927,-1.1317540908074804,7.353535183287033,5.367385948040933,-1.4296447279884148,2.467334295859981,-4.215661432929871,0.09826067270192687,8.99052557053425,0.2700841041788397,0.7054672948421546,0.23679912688033944,0.5900000000000002
0.6169709922662028,0.4668137842229504,0.45554056631046413,0.7571432195126568,-0.07988014207363855,14.251000597546664,-1.6151934382994202,7.334137137696628,4.987477132560646,-1.2873544049979155,0.9144297531384513,-3.7451363095165213,0.007015808207431307,8.992437153315084,0.8089173652745032,0.5796586547558921,0.4441111708765155,0.6000000000000001
0.4641749222376915,0.676834852668017,0.4737081403882779,0.6614439672447399,-0.32570533645989425,16.76608100486396,-1.567280909795601,6.699541116751613,5.768489191037917,-1.4071299205960677,-0.6662224843940625,-3.83890036481034,-0.1248016286981676,8.658856469465226,0.3093514007154771,0.6107140253111664,0.6796980662035734,0.6100000000000001
0.41373563008748887,0.639572715583504,0.38909172387114455,0.5691882764319666,-0.21032899631072438,14.587501782422468,-1.9262818603168719,6.231628176804093,6.094766371006707,-1.4420856452784758,1.1292000114472296,-4.008819505314169,-0.2066982322293243,9.969664968203384,0.35243697577397193,0.7462498424704782,0.7148341413034863,0.5900000000000001
0.5007300964686622,0.6532241404166546,0.6004891526318934,0.5116290892497013,-0.14740064627854618,16.820604010145217,-1.5503505281121839,7.496456513671598,5.547296413174752,-1.4353341654043221,2.2126872805521014,-3.633839348930336,-0.5500415559632355,9.707018152822593,0.37951751462262245,0.5674205376507554,0.24218800471198,0.55
0.37744045285223266,0.3474286865137216,0.4617285310755861,0.4771428067430153,-0.11872884885528287,15.781060141707929,-2.686657044434154,7.302895251840464,5.576470372541041,-1.5010243454078374,0.6911347884116256,-3.9015807746216624,-0.049364732744990814,10.116280493446416,0.3087182448087123,0.7340546819871611,0.4230525004284477,0.6200000000000001
0.6323540757804011,0.7098286533837546,0.4036217347052836,0.5661251028079454,-0.2831260015973732,13.215682224844814,-2.1614190559914834,6.585986247137935,6.044337239450345,-1.262078973046708,-0.9324234053629344,-4.13296031463383,-0.13850106701148013,8.947204243992262,0.30622395643258166,0.720218086770751,0.9061771614280529,0.6000000000000001
0.5863981199021941,0.4315252565843011,0.34867896513335134,0.2543523432026925,-0.15329861587684965,16.448748788532004,-3.27125501999462,6.988013166163855,6.141437194292117,-1.3135812344298357,1.9312876713143257,-3.8115956463559977,-0.33696230207309824,10.160152091427559,0.47979212654075976,0.48011078585042366,0.4534420552975095,0.6200000000000001
0.41540209229257313,0.7527898256910559,0.3302436917826096,0.3706088285486691,-0.02506414323534896,15.203157983266024,-0.4554640227728187,5.983976460527862,6.0041855292071435,-1.5205792114447607,1.5935337588096392,-4.404835574928345,0.0720733574530717,9.962260788996998,0.3665323570253577,0.6191220410887264,0.2149139598974239,0.6100000000000001
0.5208008336477506,0.4158666880071526,0.35322521919576927,0.7705440136588196,-0.09414095061142251,16.17099874359186,-2.1048000656705126,6.689597068572134,5.600480257392413,-1.3975960648821402,1.2041915776867753,-4.30762891534991,-0.00304465384245467,8.797913207616388,0.5286413764620618,0.5092446430188389,0.6005871949136166,0.6100000000000001
0.5363630525328132,0.6392642008504308,0.5432938245187839,0.7334175624646577,-0.31724341662977223,13.99382863553047,-1.8291252517064827,7.647365466421356,4.164855665457938,-1.5028317666642015,-0.18494683251636013,-3.5850812202890867,-0.7144934075043682,9.431958363887725,0.215607355027622,0.7309129311904594,0.3329232373334789,0.6200000000000001
0.5436451207594738,0.6999596084012917,0.3025894764843419,0.6288028744524272,-0.19700861115855536,12.307779670641983,-0.07168808154334172,6.003629505062799,4.191096530316765,-1.3712272550785394,0.0008782294390827089,-4.543884249155995,0.4971462165054937,9.443200713343376,0.6596041321813682,0.860849736683574,0.34334019314486053,0.6
0.5029845769570597,0.6893093724195722,0.3726161533895634,0.4775770385850272,-0.121394428003713,12.375225396378024,-2.677709688955975,7.356318701740721,5.429054073128441,-1.4132358142082593,1.6757860426351878,-4.306935838975496,-0.16072426917451932,9.848995291381446,0.586029338964777,0.8158692524088607,0.5952210418203189,0.5900000000000001
0.7546456250814418,0.31550552870842646,0.34843537956000736,0.49688889485473303,-0.2694149334809929,17.653344302019665,-0.7368670778165125,6.422628203011037,5.6099447380142875,-1.1916371369456011,0.10674219575226784,-4.190211887021053,0.2187614470670645,9.839572241886808,0.6637755853434244,0.38119915637055346,0.32800570737436796,0.6100000000000001
0.7470411899315527,0.33304513329659025,0.38447517712868795,0.7917474254819188,-0.2456825637579531,13.829890597843836,-0.8457167693142575,6.436238290828365,4.44004289774482,-1.219569014795839,1.1204319400103513,-4.208716713250959,-0.17463962033598573,9.059975563851278,0.4154861339541428,0.5520704981535207,0.2623894058974388,0.54
0.4255172261807312,0.411001136864214,0.5008437652897294,0.770990093848869,-0.0940423509343013,16.84269447348907,-2.490713428107828,5.885841803918124,5.7710723491902485,-1.430003180984641,2.0918323744391136,-3.6892779167111986,-0.5197334545279084,8.386627745886626,0.4023883426266945,0.4970719806155213,0.3331970176159119,0.6100000000000001
0.3818267165912177,0.4785044258571012,0.44262606499647095,0.685887150738718,-0.20692560689640335,14.549151714558432,-1.740829697290505,6.4864979511881895,5.850717920085808,-1.557421776853847,0.9263197776380689,-4.39366009521995,-0.06485526327023677,9.591271430848407,0.24393072264634577,0.6026205909004181,0.37269933872286815,0.56
0.3208544920211297,0.3963552590448812,0.502957711809096,0.6014119142946387,-0.04246149881068398,16.264330265470036,-1.4457576615404653,6.749157288947002,5.920357168805036,-1.500462184420099,-0.003255770772604416,-4.169622161781419,-0.13384164205203325,9.29556378341569,0.6226149295385958,0.5930003579440641,0.6996862300139973,0.6100000000000001
0.3432840140469485,0.7179206536196622,0.7329006453996367,0.48731608963684125,-0.15767285217718105,14.831852946075275,-1.4179620742327352,6.773328673669406,4.96844055245239,-1.6258076004999322,2.6532619124394583,-3.6949269898653077,-0.12351895112733921,9.506901924635125,0.21847845682715367,0.760803566006576,0.20794209091301188,0.6100000000000001
0.48503496474472096,0.6366066455006666,0.24951943887266048,0.7548113934256053,-0.2615880379784319,14.997456610144635,-2.4300357281335936,7.624791516191066,5.411948089305801,-1.4516671189209476,-0.6400611648225878,-4.114733908564707,-0.23805027280102123,8.766568118081686,0.21310419878708461,0.7638058360484993,0.9059629378242233,0.5700000000000001
0.5463524143757548,0.37710978946016127,0.4381396419153403,0.5631070214182111,-0.5302476783803556,16.870838554231167,-1.639410574484148,7.413395459873703,5.471091876721324,-1.3219822799095098,-0.3472921894689437,-4.131910494294202,-0.08885714130341521,9.79542551398335,0.2521751547013161,0.5887730717833282,0.2354936478724779,0.5900000000000002
0.43537371589011087,0.6983911022991084,0.3886414025554854,0.5409915981496726,-0.008333132790908838,14.494657826250322,-1.7660756653123215,6.500533543119628,5.316639352481303,-1.418056869909613,3.2381247024996584,-4.098171917127905,0.016827258308147047,9.462478768146784,0.6523938256409373,0.743132456111482,0.3243386541846785,0.56
0.6370594449106963,0.5692879270572895,0.45396874647927676,0.7710793180861233,-0.21468148671859955,16.70405609496293,-2.6894019445459847,6.935042592230946,5.447194264469418,-1.2750852309652831,-0.07767175913582136,-3.7601508053494577,-0.2450626426284129,8.081834816006733,0.39890541559383436,0.5207007040168375,0.696054627782046,0.6100000000000001
0.46749024785849264,0.3487587284400657,0.5458980981036009,0.45361566463550873,-0.18447952423306557,12.83499918644559,-2.257274709992354,7.6484311183994205,5.395590046867863,-1.4856014573810628,0.4507567808746228,-3.717269507199155,-0.12434053819976379,9.92548669371433,0.26189108778760445,0.8289567104772175,0.6265398539166247,0.54
0.31684069310480606,0.44898421582301506,0.40999317647572425,0.6966896708842862,-0.10230215575725732,15.315507154363916,-2.069527775293041,7.185730316811642,5.068648638807341,-1.5305262064998353,1.3858707645003379,-4.0049699171516675,-0.09940940998785558,10.021187205552039,0.34655749285248993,0.7668965140325242,0.20982520696261403,0.6000000000000002
0.5721390700664389,0.35593332271317946,0.5345676271388204,0.262431386711336,-0.22775263672099966,17.929010771443703,-2.572831830520255,6.164294113413578,4.918117715448575,-1.408586566539873,2.0837156281568676,-3.910895241888429,-0.5924147986899037,10.701892725494842,0.26447785231259036,0.41382186456255154,0.39286865030698287,0.6200000000000001
0.4003222380532845,0.43166050181622245,0.496835906472381,0.6420505356689812,-0.05702651479856734,16.11932846587117,-0.8067070143233254,6.957976828694332,5.55234875680869,-1.462724230046083,2.093397802394748,-4.113499044266917,-0.20558504712995446,9.497052146315895,0.43380425134595835,0.4993692414160212,0.7471724552681989,0.6100000000000001
0.5655772154116698,0.5548225136307815,0.39144439426004435,0.739127826346732,-0.1131474654201053,16.27231629765697,-1.3398202549651437,6.655990660237185,5.047557570779718,-1.3539033806211,2.1801221867652396,-4.196308102225026,-0.09918154076422228,9.840948392621739,0.6201303978024124,0.3997595353225049,0.9416028767047393,0.56
0.3133009295931242,0.7185325282885899,0.3670050845549822,0.713648673155137,-0.12802180892944298,15.409961017239842,-0.8313148500023401,6.740958161632621,4.540543914783046,-1.4977737446585648,0.04087664148837544,-4.149147373442895,0.19891928777407508,8.674522658698406,0.43997246231814935,0.7902959222444562,0.7317354101402755,0.6100000000000001
0.5177190835187104,0.4923186147883461,0.37254541742218905,0.5531401022292397,-0.09812091559360453,12.456500642450267,-1.9845301264600965,7.317118547170068,6.233854783032281,-1.408728180229152,1.3500696844585187,-4.232773608145374,-0.25847441772971436,8.950629768453036,0.4114191360465766,0.8241630058159795,0.3755311957297247,0.5800000000000001
0.6391793697142207,0.7749752307545141,0.6015734202016163,0.5716874954416011,-0.09785620935359107,15.84618202811996,-0.9854810195926905,7.2917853222337445,5.700434059203143,-1.271354479751325,1.7466933138829281,-3.8638146572157006,0.07922443998652254,9.952671240182479,0.5919552992025651,0.40717128488616383,0.40536072393395006,0.6100000000000001
0.34577889789229427,0.5971859487727539,0.3717232864535858,0.683646353272422,-0.2504145855263612,14.570832800595769,-0.9041621433822622,5.853391271870631,4.852626667587028,-1.5942512986720194,-0.7929804697895452,-4.528209842110443,0.039834144948595905,9.356765661660656,0.20212758364409278,0.8091335130014006,0.4020148104951194,0.6200000000000001
0.6595857790214611,0.4490121226891941,0.39628726254957325,0.24689971268452074,-0.3248249328385507,17.62912145593426,-0.8543814412142557,6.4171488270645956,6.1601194083593125,-1.2715259397348928,0.09982805938283235,-4.360109998423416,0.19448214369225325,10.4006189207718,0.35161393699470467,0.47760546224779776,0.4780836514623431,0.6100000000000001
0.5238509197774031,0.7716373644638962,0.3102192958257198,0.35012561863237,-0.12335530921040072,14.625103957125708,-2.410597114349242,6.745960926793203,5.8960871476628025,-1.36042305245194,1.448956270892308,-4.114934467083594,-0.1803883153816142,10.004575441597899,0.7730760856911156,0.6638324595135359,0.6595259734751063,0.5900000000000001
0.4482619433380888,0.4227453164798044,0.5846245290849437,0.7778323662152884,-0.18908618151828044,14.000606561068125,-2.2323255460450264,6.92610872711901,5.578975020837465,-1.4564083942516648,0.16005992926024093,-3.64247839988947,-0.44066189620312257,8.52850935615121,0.27414239969211635,0.857099752984241,0.5182378304211076,0.6100000000000001
0.3157459408645288,0.4907119079133369,0.4987099012017675,0.7367359580703805,-0.17177510703581297,14.800497953175528,-2.3381842353472817,7.096717821649794,4.152165591147407,-1.4678949910810857,0.45801346598778747,-4.034476479214501,-0.10383308700678784,9.454787744825124,0.4351365772133938,0.8563672470323775,0.3126871467036711,0.62
0.32074926255072717,0.4413422742123858,0.49854492728576016,0.6806758695781504,-0.18039001887441203,16.91649348550376,-3.818409099602653,7.76661376068247,4.595557477130404,-1.6170311854561634,0.5914014485291701,-4.056748451773897,-0.3746370043483759,8.629542448338368,0.24210415760411488,0.7537915307243996,0.4331214163503374,0.5500000000000002
0.5846301160169989,0.34539276339160097,0.3013146047085115,0.6198250214301028,-0.2799664121807332,14.148140313466671,-2.16970072056855,6.078269609875023,5.163111605320807,-1.379283503993869,1.537921113969684,-4.217493927410242,-0.43452317568016013,9.71747036557058,0.23205284581265034,0.7131765735372966,0.3623911606115028,0.5900000000000001
0.44371253521157555,0.5751399368539293,0.36259084544370607,0.6735187180226382,-0.17834458380847826,15.07786593825871,-1.0716514045790828,6.249026588542895,5.926323439825655,-1.5218163574672232,1.3228482503255214,-4.30408558397074,-0.033246067608504355,8.77122542207638,0.2977867938391374,0.5736978094640428,0.26779724375515457,0.6200000000000001
0.31150503614003683,0.3328872328616046,0.502407658110748,0.6167573439258012,-0.3101615044133995,17.0411016806392,-1.9792833360149755,7.698175812220402,4.823632031537215,-1.5521686976337437,-1.5550587497417587,-4.278303842054484,-0.0601519435684382,9.600771225331817,0.2355973686953455,0.805509513500024,0.894771309142937,0.56
0.5932505428781821,0.7195727270209503,0.48709918681134295,0.48637399850703555,-0.317886244828847,17.193769209003836,-0.7891681728277695,6.871765265557043,5.773774045417406,-1.3347410845896202,0.6970521175540831,-4.180418732601228,0.2857764049207542,9.920070775742085,0.3299048927965566,0.47618964404948794,0.3624151666236247,0.5700000000000001
0.37076390157227923,0.4684560935658504,0.4650386509382762,0.4590368371840168,-0.1327580752838233,17.096264420632743,-0.2317203965425676,7.653667089090416,6.614400783421926,-1.5691585754004587,3.0432030795920983,-4.101218175286481,0.062427418424881476,10.32352208260934,0.22093438185120834,0.5520094834045275,0.5304583875812952,0.6200000000000001
0.5082325363678469,0.45873950274547154,0.26673383582207,0.6382665087681413,-0.07166338568415523,15.022612037910974,-0.014937028880043002,7.131319802563452,5.678632672746527,-1.4484083922881186,1.3374224798596572,-4.509763219993875,0.20546298336896454,9.379607013309169,0.3878280046415183,0.5868065318874813,0.42518783814061756,0.5900000000000001
0.38252861241899566,0.5171790093148226,0.46512780237532514,0.31768701680488265,-0.18875734048247744,15.241214011687285,-2.136775545965291,7.753430635034792,5.112097192977571,-1.5022938621789583,0.8618596876281535,-4.171120841511026,-0.07922275978982343,10.296603233011211,0.2995408526779205,0.7252573532377168,0.5069086997581598,0.5800000000000001
0.3912447129034045,0.310170480337321,0.4840277313959891,0.490286855094909,-0.22487794997506216,16.613689666766714,-1.9428394962678754,7.132801025207727,4.767282501754316,-1.4908323656029683,-0.6260350152818895,-4.231868271028629,-0.18214233529319623,9.680720287056806,0.34333925308236324,0.5990244814969401,0.3543682493969863,0.6200000000000001
0.7086734681930913,0.45911238864938314,0.4603204665358809,0.6663147221763724,-0.07827196147971303,16.21263732311692,-0.8681990959814738,7.27892651501982,5.498419174636008,-1.2675260520819438,2.3170635160032442,-4.403257490793018,-0.13244894926359688,8.850964459518558,0.5438012804174841,0.49641636581406157,0.4332890830400542,0.6100000000000001
0.7560516127358433,0.34662198072963213,0.5262317213268941,0.716980354126649,-0.23492153815252287,13.25950481411785,-2.641821668349026,7.564157157306731,5.55239797788373,-1.2441635440684506,1.2731030244983863,-3.7820411727897043,-0.5372352041719183,9.24365162079243,0.4408568511766391,0.5796357847256467,0.22217947564151763,0.56
0.4176621467258429,0.396040353174524,0.7112706911408603,0.5007794913518174,-0.11350513791444997,15.364787008047086,-1.2129645195370047,7.283055706114938,5.041963600908756,-1.4854261002318485,2.6500810062045903,-3.471486705273045,-0.19124642141892056,10.323469747228224,0.287462537518579,0.48985946125520113,0.22595991882717456,0.6000000000000001
0.5084523779482175,0.6502332585511303,0.4303836131612978,0.7301879359661644,-0.10013924991556887,15.565109991919925,-2.8792435331609054,6.990263362602333,4.758671444595527,-1.379611135127601,3.5760584837942866,-3.7941756859409335,-0.18410120266095098,8.888319956175259,0.42422163680796887,0.6866893105496442,0.6477315483557606,0.6000000000000001
0.5559971435699042,0.3397364929709142,0.43488310750760695,0.31591318936161866,-0.06553451412282622,17.83071901219066,-1.3483569843209573,6.316086834632218,6.050157476108518,-1.4139050535998368,3.966220766289048,-4.318775991261493,-0.06920585771949558,10.481115618526706,0.5497450988196784,0.37852439018070816,0.523482390494734,0.6200000000000001
0.6240534690027777,0.4135830323601377,0.360386703025685,0.5690050084043767,-0.2887777303168196,12.217372905592812,-2.628026091777524,7.421759479500763,5.550953441538919,-1.3191078806055763,-0.5029712404379636,-3.797214666609837,0.062365161112456824,9.475179305992885,0.3484873523187498,0.8252285887561166,0.7937196139186001,0.6100000000000001
0.5903147828425334,0.6201296315663002,0.35144850055714705,0.5720879442881088,-0.11075327131734687,13.716181632063998,-2.0107788723043636,7.628573740537513,5.49000953541549,-1.3553679353585233,0.9407220462077175,-4.242531528551093,-0.24788957876290113,9.963467150687103,0.6582086371411149,0.6349308780039298,0.248381100216537,0.5800000000000002
0.5476550631570849,0.6212562506406555,0.46329145783643866,0.44571587754379194,-0.1704005803488822,14.965649282054427,-0.6869066465283405,7.527531997075366,5.80657084293759,-1.4001405334719867,1.1544138335225849,-4.251633712488765,0.11671229279183729,9.822660439470992,0.42876690484672764,0.6499753846255655,0.3765453422439579,0.55
0.4573696902884343,0.5610191004779651,0.5887156034127788,0.6850306989731941,-0.3493855405100562,14.955415038198566,-1.2235821220242282,7.774643738944048,4.789751379391211,-1.4612342677795316,-0.693719542190469,-3.893476411913492,-0.5750847576646534,9.041423424580307,0.27855809515168733,0.7298912380830801,0.3672964592442137,0.5800000000000001
0.48059495881467845,0.6222534867550814,0.3316998200116152,0.4276443239773659,-0.19982127706720226,14.393453369401389,-1.0477797796591617,6.322368648254912,5.572014176032246,-1.4748412477255741,1.2009502256166973,-4.298659409685662,-0.05236378605647035,9.800259620619645,0.3503303741683076,0.688942652673959,0.7923946075508339,0.6100000000000001
0.4103146392467949,0.3524691076120796,0.5188121944956074,0.7877021086625552,-0.02593096012938527,15.365273639246148,-3.782755247689659,7.252975411847071,4.42507817243595,-1.4622422648472138,1.9867155143690782,-3.496966047928333,-0.15497851829718973,8.665169568266467,0.35343233189498546,0.5922316814397087,0.31932488027910694,0.6200000000000001
0.5120619854532752,0.5769454190107006,0.3515214968841853,0.7812111023934196,-0.29639255517843444,16.54476508988014,-0.7746359057193626,7.097405051015895,4.396087338039931,-1.3563291368479966,0.05158816164024149,-4.29361898911915,0.12959895407270516,8.434344877410052,0.29755239954140694,0.7663015386247992,0.20073805522773824,0.6100000000000001
0.38228600921108624,0.3348863132690441,0.5725575964538162,0.7759247756220181,-0.17586233495148385,16.22021941325102,-3.7937385658850977,7.591557006399278,5.617376594116644,-1.5372632004299667,0.7516858665583893,-3.7189945659565367,-0.34847621175934074,8.272893025461125,0.2865177653736178,0.7488234913918768,0.6074537782811549,0.6200000000000001
0.7072788005578876,0.5703680707721364,0.32945741976546145,0.5972399307342031,-0.1483183243954446,13.25430422417835,-0.9118478803600288,7.118754505163645,5.320033703143693,-1.1997673263949917,0.24859499756699666,-4.387566388307599,0.12794382837795348,9.380558056356909,0.5742164208156753,0.8978644117111453,0.7009344085408885,0.6200000000000001
0.447704303896898,0.5304401685978078,0.44143237319823814,0.6585620796598038,-0.1605931127809867,16.357027195283752,-0.5623639406322084,7.458912914605001,5.454560602586782,-1.4766910024496211,1.0079342258498465,-4.325870985821493,0.0414467046340847,8.969642062157922,0.24219555421600703,0.6326700673622369,0.9121329518917887,0.6200000000000001
0.4541195996887933,0.5003438245485463,0.4888151111531736,0.6828428932927681,-0.08622027668693978,17.590659121523675,-2.332966183961311,6.488038379668153,4.8088982629959105,-1.3993042865881689,2.1337402281144415,-3.6218666122917433,-0.4029534582366174,9.320727870615896,0.42249607993323623,0.4772323041881433,0.620654551946774,0.56
0.31826334815168233,0.5807080500888772,0.320964164956167,0.3447340716778367,-0.02722991743004978,12.264004535427825,-2.1567520211895475,6.912912228131096,6.310576171911558,-1.4660688063574492,1.7784607274845672,-4.543516255323611,-0.17455956528904637,9.966867245065782,0.7455060885434376,0.8453871446961736,0.2258796857220934,0.6200000000000001
0.5605430653539157,0.3698085348496898,0.4961897315891091,0.654410709059945,-0.0457377601969613,14.704815593445096,-0.42509827916128173,7.181201423304814,5.14809239446353,-1.3665582568023897,2.199560637920461,-3.8879493116247996,-0.17679019497028814,9.314973257810028,0.4824504899706586,0.6371654147523107,0.27701114310630226,0.6200000000000001
0.31482024693949207,0.7415135125576755,0.6692724339373041,0.6817785360613536,-0.17574318650496806,16.566557148648716,-3.675789857015005,7.493488720925006,5.040623878543807,-1.610739250999249,0.3302350213885241,-3.208653888822316,-0.48260041561009154,8.961691536026184,0.22737487489731312,0.7410616819337456,0.4622563722016548,0.6200000000000001
0.34121380516618827,0.6257903809515267,0.24363243882365698,0.738337903449244,-0.057027973304007745,16.16081462608604,-3.1630259767752436,6.186587097183661,5.032014651260801,-1.5163942131171244,1.0869138222987442,-4.17337358253924,-0.41067407140704126,8.810243058533912,0.37459050529421867,0.6005233505506893,0.528057950363668,0.5400000000000001
0.6385819917828371,0.4226937359914599,0.5390421797517427,0.6516794372207783,-0.32986747149524653,13.046511275171188,-0.45409046952451004,5.966612891518521,5.2300474227043905,-1.2686790256581462,1.731345118846246,-3.797430987666741,0.02776048024488731,9.063318443758273,0.3151361368156326,0.7610958070567476,0.3656801863779989,0.6100000000000001
0.5366008434317752,0.5681384846409425,0.40503314674553675,0.6872407064231094,0.045247084647027425,15.624684271670738,-0.02665852658290302,5.913126253941008,5.573619839648379,-1.40728688274212,3.5469637988563125,-4.746053103928199,0.4008660139935112,9.290702535864447,0.275547047315304,0.5862303489539289,0.25064489124064654,0.6100000000000001
0.4527989149366104,0.6541856826418411,0.41811204775337185,0.7837944266485304,-0.2253767309167353,15.634819968977597,-3.1423499137999586,6.866898478772204,5.371335709428586,-1.4847994105657252,2.0219350417233075,-4.176730376304838,-0.4057519429708787,9.081885298774393,0.303507439119417,0.6655553935720403,0.33059725103534277,0.6000000000000001
0.43871616863190965,0.7698671708162176,0.47905512992039034,0.7533427106141504,-0.12380900966250322,14.702448666003793,-0.5170522771970902,7.263437756321906,4.969066735264301,-1.4069122526195352,-0.013811435130532956,-3.974681974203162,0.2772479423822125,8.478209507103752,0.8977667964960623,0.6981978372892197,0.4117836425428363,0.5900000000000001
0.36728734532242513,0.41186102236317723,0.48252749012428753,0.5490985188209707,-0.286443056173463,14.20615256185426,-1.5703647273408246,7.4491732616564015,5.888772234417547,-1.6104686879282317,-1.2581046290234525,-4.022941434406543,0.2079525243150397,9.74967446036684,0.26653710180505785,0.6636539033651632,0.3352641430383934,0.6000000000000001
0.5697115129815398,0.4504272327941452,0.5038953173326002,0.4109832153349054,-0.2107582642456448,17.710115326541132,-1.0449572542814884,7.792629249256776,5.666988772368621,-1.5275327328169959,0.777718283902321,-3.9350732260654033,0.08557266641965372,10.086784823960445,0.23564660858382788,0.4125598961334335,0.22365516927512433,0.6100000000000001
0.37189738969764874,0.4837431944334169,0.5072787176366861,0.3941491764575714,0.00643994675989875,16.157598687908322,-1.7907553466192394,7.473492505334753,5.978121684593994,-1.4640819826703764,3.5831184971830714,-3.793923307101528,-0.28915989846187307,9.780092150343869,0.764007070367064,0.5503667760597725,0.3713188025939601,0.6000000000000001
0.41873582176016255,0.5321158357393931,0.546382356114536,0.38900051466629937,-0.3352356025095199,16.98963205508025,-3.4571338809401686,7.58965619747625,5.795302936009362,-1.4341870915743067,-0.5473558722579162,-3.5581021634615455,-0.5854418034328208,10.236903749183858,0.2863126366033214,0.7282801608449425,0.3781833624575016,0.5800000000000001
0.5321626849678638,0.694066726861047,0.3797979163362988,0.4514089660041749,-0.07715337437104601,17.56496227898409,-1.5235521684537838,5.915013334523614,6.166015122083637,-1.4798090950778702,2.2333922149547334,-4.146303107058022,-0.15755751301043877,10.294525156065289,0.2601621576078419,0.4196221157896061,0.450897921234546,0.6200000000000001
0.470449655524132,0.7433908493407471,0.5299279196844141,0.6126475637110542,-0.11223421765462466,15.279607524184142,-3.993369090000471,7.717712634733876,5.242477319822221,-1.4222533393324115,1.1452984802163715,-3.725842119659386,-0.3888010728800668,9.830664872118005,0.6455085523236297,0.605777484764752,0.4692483623423337,0.6200000000000001
0.5532531366304817,0.7089244529656602,0.4099267181154874,0.7158635897469077,-0.21713547703364355,16.379947757661473,-0.7659771029903049,7.675272777584657,5.933107808317442,-1.462389415451146,1.9102481586048359,-4.3698751394796655,0.2738685581006406,8.625483192991332,0.2104946400856652,0.5625389056595426,0.24354823480145193,0.5700000000000001
0.39179352608758106,0.5005580448887765,0.39166191860255223,0.5490447179701168,-0.13484414184523644,15.482835880753441,-1.5133551888543262,6.382551083914669,5.503744951749829,-1.5464886276643224,0.2848537122869761,-4.089779130540769,-0.19642115354533238,9.612591517419881,0.3162777001968719,0.8220943007348086,0.45233572530430166,0.6100000000000001
0.748375206438198,0.744100857648258,0.3611169894458212,0.46977013378242255,-0.31537286488893496,15.951091422653207,-0.6032815849654745,6.622320761367902,5.66954462782352,-1.1568680742447155,-0.81656169236814,-4.430692707903825,0.17499170714135687,9.925078052246493,0.6215813343859887,0.5474570020840844,0.42101007878734387,0.5800000000000001
0.48793830562927193,0.6384495788625612,0.43987315515041225,0.37269725045634305,-0.18576490896428702,16.455607447825972,-3.5411271349116262,7.242573424725988,6.1021258008842505,-1.393754745402524,0.6046842445647724,-3.8728285987298907,-0.23339628002333676,10.21142321907228,0.3613646803201582,0.5089769021030964,0.4153619173060893,0.6000000000000001
0.44382845720313296,0.4797049750677499,0.32237861774698917,0.35235100798083685,-0.2551407139374711,15.880188954342964,-1.9415997755106025,6.637760495087934,5.5092579383435405,-1.4827556427806217,-0.44839164454235936,-4.289197528178696,-0.1415298292227234,10.223119481283481,0.3566351418819918,0.5464792200566773,0.418947170926502,0.6000000000000001
0.4293173238639086,0.4917323364896675,0.5409223498005754,0.4903435284509058,-0.209399577606983,16.687477041985588,-2.754124205289659,7.425073255776341,5.695144318346606,-1.4294629555158678,0.9979133958294388,-3.7653828410156596,-0.17770141486689736,10.064837717250999,0.37543866701253964,0.6760738472623206,0.8991368583322359,0.5900000000000001
0.3702605341365571,0.5966984158612539,0.3468902832298508,0.5755053667755617,0.009992821078553212,14.241059169830304,-1.65388728623085,7.1499166460288786,5.46304204200589,-1.472490764833655,2.073670380101183,-4.1633528552635655,-0.05331125133019015,9.279203954694998,0.86039846161675,0.6712188137702907,0.367757840398967,0.6000000000000001
0.7210880594413727,0.4452925613296729,0.27663970632438406,0.7361556924588205,-0.22936195870928944,15.489146009799338,-1.1531273303364835,6.5678904908798375,5.634911882586087,-1.2675435716315007,1.0495802967121208,-4.310623668565691,-0.03360557881381214,9.190195155321701,0.444776176707799,0.4224974582862199,0.353903157794079,0.6200000000000001
0.40643795156646784,0.5967074527661919,0.48297157931356655,0.3726181098285278,-0.09329989621335047,16.984375734332293,-2.786990647789301,6.348549248693608,5.840215033738682,-1.4665801080821654,1.487613312159259,-4.23113944988839,-0.21773336897004952,10.40009687974862,0.5012175626638159,0.517783837434208,0.2197097596332226,0.6200000000000001
0.6128676561607763,0.5639742075286369,0.5335796625921714,0.7828908546019897,-0.04767752837237822,12.591692753525068,-2.4539537724568197,7.3943399893159345,4.4659488468770085,-1.3336567218919886,2.310912353777547,-3.884773248153864,-0.28344541206993745,8.968540669338383,0.5057156764691798,0.772612867168777,0.8161192281051182,0.6100000000000001
0.5823362925410008,0.45815659048925816,0.4584815031723377,0.4584918875469391,-0.22105707153498563,13.909694695297482,-1.2030266412679413,7.772331885562211,6.523223958266934,-1.3334522667848339,1.8110177023667324,-4.1259761644899795,0.0005814483285623111,8.971516211149567,0.3378768894618863,0.5933289482630248,0.2065986064353847,0.6000000000000001
0.4222360740044781,0.7338647488311886,0.6590270253157964,0.4389815103541096,-0.11598146356341926,16.601402115866392,-3.902172713551151,7.3575342468190765,5.518669611835789,-1.5038163019230295,3.156462814040798,-3.251865483258947,-0.5591243324324751,10.256098534004163,0.21930266807262083,0.5792659750526624,0.4577134735679078,0.5600000000000002
0.5298860340908046,0.6022380970348659,0.3673886496250697,0.7104785853986963,-0.271805535552596,15.34147148580692,-0.9507435337254841,7.334935215432439,4.951614570150162,-1.3166553188609191,-1.3608687040253151,-4.32315346860611,0.09550162032478443,9.476709446388353,0.5791946178580644,0.6992976176768163,0.46273627240422377,0.6200000000000001
0.6405489662872508,0.7353639643181847,0.39528321027689384,0.39138673369507776,-0.21879985393720028,16.04184023578383,-2.848389815071111,7.297286532601857,6.160998467335357,-1.2888936962616786,2.1950009647892212,-4.162793391062568,-0.3597661869047079,11.166696694413176,0.5127226269223811,0.44575830292308466,0.5795501729077619,0.6200000000000001
0.4497713768331342,0.7070641517112928,0.7172733993023237,0.311250819651251,-0.28732612902476484,15.21076933440162,-1.394687451713564,6.908535311393951,5.857441728890964,-1.439921826582211,-0.5371899414950683,-3.6751101818447185,-0.4479245379680278,10.476598876760127,0.26778509078152934,0.7418856329367643,0.5349021982842996,0.6200000000000001
0.5671743183278937,0.6905441675660512,0.4747635107781061,0.54985659599591,-0.16996105588344118,15.095217991605727,-3.268079976916046,7.629107809836397,5.508322716481996,-1.3332151021330656,0.6176513424034122,-3.6471237841128605,0.13099767457608819,9.645325004330045,0.5384273752075224,0.5946046582687375,0.6009916939505648,0.6100000000000001
0.34265727568958104,0.4280790406543013,0.38902540551765613,0.47205007926194625,-0.22069177892259917,15.990820091320584,-1.6253953972550406,6.265344882863777,5.457311487390774,-1.5391480808328373,-0.5718166757667176,-4.057506826130284,-0.013399363505192607,10.157478444812577,0.2842079877967298,0.6709256374767735,0.6502241405387598,0.5700000000000002
0.472676686195439,0.5077303534760023,0.4054358406989133,0.767357114854464,-0.25793824311085284,13.716083138510957,-1.9074531165180235,7.746799047279196,5.63613082841252,-1.4397647896341523,0.9028792771935055,-4.442013925409981,-0.03878706347908324,9.493841771054683,0.2741065453708051,0.8333595144671505,0.723967617986282,0.6000000000000002
0.5650866989082063,0.7583066726796533,0.4067287496149309,0.4148069704699038,-0.24344415235687789,15.328543925136781,-1.136990033752681,7.578677261974212,6.553795008956859,-1.3490105829314187,2.627478024320391,-4.5216155019615885,0.1703042448611641,9.288163637890005,0.3489606660569097,0.5844695987218886,0.4084134830002416,0.5800000000000001
0.6821240903928534,0.6470763827799644,0.29872077273016484,0.6792706310625749,-0.1528307634165473,14.52906874287724,-2.3807567088312065,7.133081746874384,6.162740822701888,-1.2560530245254726,1.1444092652313036,-4.096259812406505,-0.2723629139351559,9.145219911722288,0.655144656238619,0.5292833425215497,0.9801461502558364,0.6100000000000002
0.6997252782355889,0.45536426291860044,0.4965318213208588,0.5982858872751087,-0.2762333761773437,17.326273878255964,-2.1882206427554083,7.070233598352446,5.337579555453963,-1.240968261472376,3.0278940137362986,-3.820438029591392,-0.2771477285914524,9.190992977080004,0.5570605650980136,0.5256246616483129,0.2833517957913273,0.6100000000000001
0.36232658234351983,0.7671794313950444,0.3793216647043093,0.4828105806648841,-0.23795070626285433,17.38554949870073,-2.391170896805231,6.34485538459482,5.250813355431737,-1.5624135562894668,-1.0889839013210938,-3.9811564724644195,-0.641785397717327,9.593997197053893,0.2231934907992763,0.7244598848798119,0.41392377422105514,0.6100000000000001
0.7679796116515702,0.5681718035043533,0.35585625755658695,0.7934217597747624,-0.30493553400161405,17.06603065082374,-2.417836286178203,6.366784091140375,4.962776748671458,-1.1890318666720314,0.5390522331771339,-3.8812141876088875,-0.46551302959776425,8.829318240599113,0.46180975440007416,0.4988762979851648,0.7590748266915026,0.5400000000000001
0.40973535485795054,0.5021188134052599,0.2057918309733712,0.3848058901182392,-0.10306233373474663,12.295270004582498,-3.3573976708925484,6.460446688719648,6.267966167998989,-1.5149901313295175,1.022621271180396,-4.3376628642203965,-0.3627782896658931,9.921412972436947,0.42238986537558326,0.7806875753377569,0.6717496988415073,0.6200000000000001
0.3644444419354548,0.3150716758298291,0.4344093238857351,0.6794409422891342,-0.057458541962172656,16.855140648039168,-1.0697980952753636,7.153996684754029,5.314525680950679,-1.48092102717989,3.2432652006464506,-4.451139097537981,0.1725153697037453,8.332357904394577,0.3547448013957291,0.6346036262240962,0.37072164096947025,0.5800000000000001
0.35998033636183085,0.3482579213475632,0.4393844730822461,0.4684493715332447,-0.17995997520295895,13.652968689381504,-0.9573771371039093,7.350117910085642,6.068946844337335,-1.534528977138063,0.5094882590784642,-4.315457606095929,-0.12629872489311514,10.151199675192549,0.3051978322930179,0.9521359736081788,0.33499367736911223,0.52
0.4206346425094196,0.6707807257744598,0.5473509016594819,0.6177067460844734,-0.06752039684533664,16.094003565400534,-1.3151964160287446,7.152763693895897,4.202891359200541,-1.4775405509373463,3.441846377677758,-4.296077687066258,-0.09432454719264624,9.85150632212988,0.3218584222151688,0.5290656805944451,0.22508679528578923,0.56
0.49115099904141746,0.7051413639971585,0.5097940134079664,0.5204552493345115,-0.08109863702724937,13.879103294945287,-3.2678955942609655,7.456251179822601,4.754475600047959,-1.4161447749453289,2.710223847556854,-3.504769802337464,0.03282231483757579,10.015339992222376,0.41188290699335833,0.7278950322718982,0.38797773377053335,0.6200000000000001
0.4470966721799563,0.6380534814928862,0.4466609303540226,0.48078951811285714,-0.3470918099521224,12.992395344521482,-1.589433070604761,7.494737684816862,4.922794236498789,-1.5042510374269225,0.7726197654021724,-3.985206289593429,0.08580517010513915,9.894682804384761,0.21904166811959946,0.9198394509726711,0.5776962979036646,0.6000000000000001
0.423944165590884,0.4782374525406286,0.4556388505831465,0.770834810066532,-0.15146954722176295,12.256519500905247,-3.2836759502362947,7.601711589076621,5.24436807088528,-1.5517257736350007,2.2915434721713854,-3.8909023951570068,-0.3224665400608326,8.701942320468698,0.2473779583756572,0.9964293511228489,0.36682600224811396,0.6000000000000001
0.7409923266059689,0.753781117536395,0.28439825781594413,0.37251614269033606,-0.022045010710689733,14.074793355731913,-2.8096256876880235,7.290779678054078,6.041202041753655,-1.2184457437330074,3.2134147424617083,-3.9480275561441682,-0.039744766748206956,10.185232288238295,0.4094623001567343,0.5512782756700066,0.9374729807267821,0.6100000000000001
0.40382559406952323,0.6675780088678246,0.5179085980822715,0.7346344939366088,-0.02211737101516298,13.14076933001481,-0.6672462850784355,7.440811268740774,4.75994752038391,-1.4569854085352056,2.5225903641962395,-4.213572297677086,0.02087642129329792,9.850375996766331,0.43285645287258123,0.811329560354514,0.4363205261238641,0.6100000000000001
0.503139192180646,0.43730340838572507,0.5179685106766859,0.7479469377652432,-0.02096193793772741,14.67090205343573,-0.4222332719263654,6.8191717966113075,4.9453588895822875,-1.4363677652988058,3.1896193333575655,-4.557822639721099,0.24365213293135723,8.747812832361708,0.3632598474820516,0.5488039363660762,0.41755296694406496,0.6200000000000001
0.385022267115361,0.5749133592609468,0.42176597545364425,0.6690919147003029,-0.19219540167562527,15.753659863249721,-1.367740925788898,7.313999110507967,5.4154678222953265,-1.4478091941768843,-0.7157038941575841,-4.216488276956413,-0.16495838474852298,8.886504755041944,0.5638895688042818,0.6530733798374797,0.3797279423073036,0.4900000000000001
0.6635929005499819,0.5548185855682785,0.3297547576945871,0.7347986810060397,-0.21028864290045096,13.614113172765204,-3.3019003017238786,6.0676457877631575,5.777902236245554,-1.2927940857580758,0.9757786571457789,-3.8642315316926963,-0.29317417824145475,8.393984646471997,0.32511382998133476,0.7059188574847417,0.49185646401908995,0.5900000000000001
0.48939707742328487,0.7361816428629491,0.4274222694643446,0.6727763353379956,-0.30253024399664413,17.750095029403514,-1.5675255403236221,7.7595095821642674,5.648909249586751,-1.4015189852758074,-0.14418402353329368,-4.130443178584308,-0.006770668811976133,8.273099934365261,0.2959120477007567,0.5620448816707675,0.24776727007157198,0.61
0.42939122195103213,0.6084271123511946,0.526952452402443,0.6577067952467452,-0.05207775650801333,17.251040091789843,-2.9224819099272143,6.744615865928436,4.917879141172875,-1.5992818558228057,1.1409641085165712,-3.4624196175831154,-0.37959521398919505,9.045430556400591,0.25146845328719275,0.5294474659877498,0.4359158847911826,0.55
0.7528346130512681,0.6168422006338679,0.3040089373242964,0.5834781392749191,-0.17651832839117648,12.337084235541557,-1.0401415353429857,6.996784761060965,5.24889356894417,-1.1916001781153627,0.4710599659738741,-4.333198232420312,-0.011850249952780056,9.415263739958323,0.7547706230612777,0.8112964060644109,0.23357988938268587,0.5700000000000001
0.4403518433630539,0.7149617546349557,0.3728512253351095,0.658286970718818,-0.05939174281492915,14.553846032187998,-0.23585899721275339,7.799803520013147,6.444590547404558,-1.4352070186595567,2.1208796459688264,-4.198614097216007,0.25191621955640164,8.831936927861898,0.4537437811629386,0.6785715219627306,0.5581935593331083,0.5800000000000001
0.6062503841672476,0.6256696030205399,0.5146157463853704,0.43639632165202563,-0.29850588715859794,16.343981114030427,-3.7705221021323285,7.7641506930521755,5.51699369305071,-1.4180868814049907,0.6180509344825362,-3.5639125593392267,-0.3875126013743036,9.883075284203459,0.30750134995183076,0.5144469408477148,0.47117074262422765,0.5800000000000001
0.44575002039099637,0.5971055966376677,0.46406186576227293,0.4129075422565458,-0.08937300878517997,16.840937852226634,-2.3122935367665374,5.8568243173465175,5.605393407526081,-1.6199359932934059,2.219193333843907,-4.097440993631517,-0.20405439150329702,9.776491634662559,0.20283256160312285,0.47559589019516296,0.32570639418433617,0.6100000000000001
0.30006243694787,0.5831835845237843,0.4409835454364944,0.5445630133999532,-0.05582224979234252,15.581966599719262,-3.1135361021653782,6.806900011558012,4.718971056901179,-1.5943078972699463,2.2509522957271395,-4.155700082719771,-0.538648487226397,10.009524213453362,0.27707189438862223,0.7769737047118779,0.2394934481783107,0.56
0.32319352746239244,0.5022965811676593,0.3918549410008442,0.645024557710969,-0.22541471153305231,14.409204376152946,-1.0052299081010956,6.403317753315475,6.252783914650405,-1.6056169733834125,-1.3515011567595,-4.211816189768549,0.042429943026416755,8.137911659176266,0.25432312845035165,0.9143238283886853,0.4985868351474162,0.5999999999999999
0.4664164884412073,0.4517068063993931,0.21104419086700585,0.6035564114691483,-0.22391795589744043,16.1751982554783,-0.6283022945002023,6.568837710346426,6.037226067321102,-1.4119457841184493,0.5352214184669799,-4.414055267795831,0.030878513469074303,9.337466594368204,0.43272754584122974,0.6745679558007291,0.9867189126355066,0.6100000000000002
0.5832274531630206,0.4202436183387168,0.5707944550305502,0.677535425494524,-0.20555091367589573,15.39844952649279,-3.3676908428624364,6.832104611072189,4.876844860352839,-1.412276262963518,2.599631877076222,-3.551327888325278,-0.713903712037426,8.881155247804477,0.34454412312667987,0.5427583103840048,0.40156565359041485,0.6100000000000002
0.323295322242276,0.3795028212685151,0.32230840199619726,0.6297765120997297,-0.013462396086918023,14.989130773409222,-2.4922940357162635,7.782054616937249,6.119900950538619,-1.4663802145865015,1.8600681136541948,-3.9975387312103017,-0.16368557538483786,9.415724109170354,0.9583341873673394,0.6663354596876103,0.7847123572966523,0.5600000000000002
0.5167424374979296,0.42208140912140985,0.287952748304318,0.30256913422380094,-0.17622302330873252,16.022579045219675,-1.6519208533044496,7.695025621870162,6.051686129613502,-1.4235611615853576,1.7735159731028287,-4.36687170548707,-0.1688831219271902,10.322357433283235,0.21238607255126063,0.6460390744255147,0.26312003590313515,0.6100000000000001
0.4311469004896035,0.3680584120943303,0.596686392936626,0.7547089941580051,-0.23705630824575946,17.436834011120183,-1.663668175185209,7.255573977962548,5.032267128633126,-1.4229537175941258,-1.672994788846181,-3.627836145801294,-0.28966889436481574,9.029209650679126,0.4337177182460477,0.7004625094826138,0.2067816466463903,0.5900000000000001
0.6884303299095944,0.39100720988075,0.5988515547567804,0.7029358046621179,-0.1331849471261305,16.709912452117134,-1.6559185693182976,7.6052232782329074,4.907004737624098,-1.2889740991682166,3.3034282956316483,-3.886342819774282,-0.13728985270541477,9.66525734961131,0.41422393736702295,0.46193877984090764,0.2825096418008334,0.6100000000000001
0.4214577421209203,0.66160251997251,0.5408981193932854,0.6937819474092767,-0.11654457078553351,14.127937130905636,-3.965440558182973,7.168871394760772,4.725155068478647,-1.4324439641140803,0.3290151209526795,-3.403499997505987,-0.4839777378399824,8.906715300933943,0.5637323571399698,0.8348112538392956,0.6024326983155737,0.55
0.5666336255567043,0.717129650150079,0.30065055032204124,0.7157052769628864,-0.3098496653888877,14.089657851922361,-1.4458842368005085,6.51196758328132,5.188518737780319,-1.415067173849179,0.7868722038860486,-4.389539416586413,-0.05119064044564031,8.779505867477852,0.25881085443357665,0.7276828879898846,0.5252476086420679,0.54
0.45229951755592224,0.5155724591578073,0.22755574778328452,0.6050139779330534,-0.07716345503771072,14.6173882974094,-1.9611075498507295,6.055034030603706,5.723965978363187,-1.4982811036412107,2.8350744360696756,-4.405927371683464,-0.1291251904032194,9.666985000146537,0.25741207964988444,0.6784739570114531,0.6378777627354467,0.5400000000000001
0.4878031769537583,0.4245906305644663,0.44910396825141496,0.347309716976517,-0.5207912322560178,16.97036114843694,-3.4033613227442996,7.7097084814019565,6.175665470552057,-1.4022606021719946,-0.7864830247452739,-3.9747174361936457,-0.3413979737929195,10.013532014733439,0.21407149092767494,0.7662179084001943,0.3357827069148311,0.6100000000000001
0.39159460862114415,0.41048800672051183,0.26284633301790566,0.7559212639659917,-0.06954096053567141,17.11431601953934,-3.34562124989249,6.658554845830568,5.667050447979957,-1.5483482400037591,1.2994393471815386,-4.1364476904004865,-0.239372061634266,8.847848029982488,0.3127863426205519,0.5241753512670941,0.7177609668048706,0.5700000000000001
0.4138774476636198,0.3346899909610236,0.3493231559236505,0.7352701655341561,-0.20244615853047584,17.190443177887424,-1.8097400454817802,7.048401717554689,5.626960607032878,-1.4456526781152028,-0.7811270912549778,-4.124924965419011,-0.0672628586703931,8.823828172006785,0.42800120470227215,0.6297040722960427,0.4635384503414406,0.5900000000000001
0.4161294420217945,0.7826978537356103,0.5133755226167194,0.3878275719064826,-0.04625781125569102,15.252193169789345,-3.494658900341304,7.2586589421989,5.890912150790647,-1.5399753738278938,2.600031665761823,-3.536286501208239,-0.1537884622287639,10.42895131281064,0.26052332417644475,0.5524056312124148,0.5032428537864466,0.6200000000000001
0.6345620125331406,0.4380657541571636,0.4025477781970347,0.6137114389442124,-0.2399301526768382,15.155194540655206,-2.620656912701409,6.852749572460221,6.249606462001997,-1.2375478211042827,1.4655707972540521,-3.9355801855997483,-0.20390241327106057,9.154285528172744,0.40795581375115353,0.4634837205200227,0.7228438644587469,0.6200000000000001
0.6919437602012629,0.6400122533829331,0.6150065227350315,0.6847717481527598,-0.09838636169025641,12.887252915329839,-1.3561310592408393,7.797438661129737,5.139001061659129,-1.2565959139838345,1.091849778479796,-3.727129993843568,-0.24251913157972782,9.134021841716255,0.6324574905155984,0.6276260180305538,0.2945811582517244,0.6100000000000001
0.35266664139964915,0.4846735507158045,0.3525156869211013,0.6112727893576207,-0.09715253969899484,16.11787220022374,-0.02570332707526546,7.141553148849871,5.784352600112711,-1.5316498406058856,2.282002666426231,-4.602862974078369,0.47809253893792897,8.856561361093311,0.30188329689394033,0.6472312567376723,0.3878671588290643,0.6000000000000001
0.407223997684646,0.5880109145028047,0.43648987145589024,0.6317034656868515,-0.09258668445963952,12.93668201282788,-1.9207482047400484,6.475860294302066,4.533594221535653,-1.5790598812130376,1.0857847038311217,-4.338175290663252,-0.34714330156208384,9.653249927030057,0.2652125080853814,0.9777287115702955,0.32265634375468166,0.6000000000000001
0.3996953596597632,0.6224847145044968,0.3553047770134482,0.7560700440145058,-0.1759359460007251,14.398070385013861,-0.2686775015101866,7.699298098010416,6.044432464514458,-1.511367995309777,1.991426340935986,-4.333048022712965,0.19579456030290204,8.506195681373253,0.2670029195258008,0.7195269952716901,0.5956257913887099,0.51
0.37170329847468525,0.449779979526665,0.31563462557851985,0.6469469354205978,-0.13323213684612878,14.023444818593664,-2.2965780128615934,7.280369661867055,5.074462053536709,-1.5240929748915426,1.5308080761829446,-4.1798556693670985,-0.46399789455973117,9.686202329487564,0.27632060551505405,0.7981813286497279,0.3556219006321024,0.6200000000000001
0.6684215383522296,0.6222690321678728,0.3156313186099469,0.5388848479910736,-0.39091513187323346,16.407430559497417,-1.4270453250835498,6.566847427378628,4.686875514764174,-1.196746284351577,-1.9757446072677336,-4.12723520089298,-0.13761360807077955,9.672195661374076,0.6537983320858447,0.8024996772194719,0.3370789250989792,0.6100000000000001
0.659670076498868,0.4898721608193975,0.3860280295608206,0.5890623343057668,-0.3567120577927464,17.32676970577556,-2.6812631155146196,6.413585009197956,5.603406750494249,-1.2710371722114342,-0.6641284092233941,-3.9522854405182644,-0.004704047016622526,9.196254881129688,0.4408849912281872,0.4965554344872055,0.385860266245109,0.6000000000000001
0.4522515155231287,0.6801733276336548,0.4724076759256365,0.5330079204940273,-0.1257211115302253,16.795135524212963,-3.1069432205305776,6.920242728456539,5.536217482506547,-1.3980619927377778,2.1194004523117833,-4.056531428948864,-0.06814765069703013,9.665793789557474,0.3845864064642566,0.5320190964266621,0.32642214760126376,0.62
0.3136900221691699,0.3695624484769713,0.39710743637430673,0.7221172891471828,-0.15036241182584892,17.251445200494516,-2.799020113215806,7.72096301688042,5.331887348803582,-1.5489893774292862,-0.6990576699334033,-4.173434060600517,0.08197857110896431,9.484896133285151,0.30802349398217255,0.6248837803463237,0.7226321829139731,0.5900000000000001
0.60203821291858,0.5488061435988124,0.4003331989033975,0.5176937728778207,-0.20381943866236504,13.925445941954502,-0.30468034246439024,7.160684079870899,5.597447172451935,-1.2685980538598176,-0.58904116692421,-4.260217060452691,0.3642585430053794,9.40437865072974,0.804450704787088,0.9326394176120484,0.2608944255034779,0.6000000000000001
0.40739276759788345,0.5952088598032221,0.3498919781627641,0.463441521300643,-0.04183113373275449,16.64899253131015,-1.357581999968181,7.141197478533174,5.653944408053259,-1.4262817263175072,2.0439290370073544,-4.47756959141924,0.028189180217922383,9.892402391993464,0.6166163875994025,0.4974350329539754,0.9365690656702248,0.54
0.4469981915768254,0.5843583459777721,0.6923700628583054,0.6958627061009198,-0.03744365648209287,16.99835754146302,-2.412595228694049,7.379698000194675,5.48110626416856,-1.5212759011921557,3.59046486376574,-3.2919691859193394,-0.5086279697962885,8.965771093999784,0.22980924720475182,0.553384187018464,0.7495938887215816,0.6100000000000001
0.35166045957813946,0.7173547928581836,0.24825431517158644,0.6747604518579631,-0.12954564737041022,16.12789233046634,-3.120710776170471,6.033151106269462,4.384353086314512,-1.4434281434394487,-0.8211671787531637,-4.343181806838225,-0.3789802532350056,9.371962228795617,0.6801167382586104,0.7534468165020185,0.3770056895414835,0.6200000000000001
0.3567666411971621,0.4237774729735676,0.6069273257962183,0.5232454722149903,-0.138148207595316,14.785355013928175,-1.804812772686372,7.23378619923808,6.050175488600287,-1.6267349269751044,1.9896457663786211,-4.142251771761185,-0.31688906629663466,9.318210751296151,0.21371317299992398,0.6502992168586941,0.36533963044811774,0.5700000000000002
0.4062537936964056,0.4545431604300393,0.2590714954053173,0.6905844256476243,-0.10074654990288653,17.89687232010454,-2.4878232870448436,5.8406616335563974,4.496153773849258,-1.5308099898914054,2.377738931169886,-4.548025076979307,-0.37176807757407154,9.260538834666223,0.2969670622943768,0.5143141033076735,0.36653470763169177,0.5800000000000002
0.7456461630978632,0.5859181217573558,0.6041056360602889,0.23742774683075382,-0.19864068974828558,13.787127835248596,-2.5589713660417495,7.226872428135704,5.285227872107042,-1.168755840240297,1.6770109736892205,-3.624163029582675,-0.6019987713581472,10.68178633356719,0.7616763831734011,0.636360684285485,0.4135983467290074,0.6100000000000001
0.6140800655000771,0.4583448813585148,0.35190940615139144,0.6308815337793585,-0.28245835330115365,16.49365632012058,-1.8928094735153467,7.068333495539763,5.3146081638335,-1.352898279367128,1.6924080015841088,-4.033691427143608,0.028732278903791736,9.013707071012744,0.2884842753918749,0.5389802968364831,0.46843868446449466,0.6000000000000001
0.3125616977519501,0.5220955022791345,0.3905673004492392,0.27185004416868475,-0.14279513084947387,15.786263927373216,-1.2218721131649461,6.421026106209852,6.170938399876488,-1.5484223258623095,1.2890319213482657,-4.433726614042636,0.08674399477304953,10.276221403828387,0.26903711660412855,0.6544881092426501,0.6654408128159193,0.5100000000000001
0.545841900329094,0.6207845234546401,0.5749676858867891,0.441022338998804,-0.337671269107622,16.352341679214963,-2.4992006404165403,7.491632652768761,5.549264847260219,-1.3250458881231482,-1.2833995308233486,-3.6195295783221186,-0.4163148661635755,9.8867799718987,0.4085584710027102,0.6165718149603222,0.6184108261602332,0.5000000000000001
0.5525832265537294,0.4399482573974529,0.43997166307727736,0.5698281160024133,-0.10707750201157887,16.78274847436188,-2.501524097103827,6.306367735041417,6.147219284718772,-1.383072832501691,2.9212231108325653,-4.0915390988622935,-0.28183332952368667,9.079259806140062,0.5721518895129902,0.4038482348201258,0.4591363147547275,0.6200000000000001
0.6198157953963456,0.4075786853172043,0.4042325691852157,0.6979071420881967,-0.16758447337459714,12.273020622703756,-1.1052259937618678,6.863285346658198,5.002007317796092,-1.2774233612981392,2.9388748512896874,-4.176444898440305,0.11574541068032396,8.89732232597519,0.35690112140778907,0.7042036433333532,0.5227174957427173,0.6100000000000001
0.730656130812523,0.5761923936683081,0.4447669766659532,0.6962210734354515,-0.28148935143252585,15.914902391053825,-2.4812910770839562,6.34020073846773,5.2371257885939295,-1.2176216447692574,1.4069082857546018,-3.9028441845510575,-0.42288306245456475,8.558009999775512,0.5032073816790843,0.4842557808097147,0.7258925861486893,0.6200000000000001
0.39073274411335845,0.5442486680940869,0.5654723390793076,0.2878505916355797,-0.11885213680020627,16.07666833980784,-2.6157902802486,7.505767248432291,4.373778133305195,-1.5854004129393104,2.802999739848518,-3.6252460693966153,-0.3299318869121998,10.94574577140864,0.2700165907220885,0.6514928564882221,0.2886763938927323,0.6200000000000001
0.3983735698979387,0.503132373780458,0.5833561665908311,0.7626912040332992,-0.22165156829107607,14.923269035900088,-1.4358989072686161,7.545758307047582,4.394328849036883,-1.54529980082582,0.10176360401874895,-3.9983092558080457,-0.12421184291952497,9.196611404886339,0.2526473499803183,0.6012922202802029,0.3871194503118941,0.6100000000000001
0.4424959626210577,0.7545468187982156,0.2378398104041547,0.2199566748342004,-0.30244909765386885,16.951297344000253,-1.2306015423578052,6.298219014219417,6.826014446518553,-1.423236891616539,-0.2035207962541904,-4.400635461972532,-0.04716138939886501,9.707164492985607,0.29115999137626614,0.5412925995051496,0.6597432181698064,0.61
0.48893799396260057,0.4138528790138214,0.23005497074018452,0.5586576336416297,-0.14207555014752815,13.521044181396606,-0.8868373218766346,6.423311828496498,5.781575377346963,-1.524851825064316,1.6985018145675073,-4.749123940200115,0.3084975841374631,10.172302625572904,0.21429246274746247,0.6347760676547429,0.2624118249579141,0.6000000000000001
0.4480074833249198,0.36913772785266574,0.6240797725005695,0.7359807870110266,-0.13313890467099534,14.510113729026337,-3.8042714036276024,7.468850403488248,4.660782688942615,-1.6077324931135504,2.342460379124146,-2.894540381175743,-0.5715229028205645,9.059696222529052,0.22957791021793128,0.6226322762095484,0.5034130603252809,0.6000000000000001
0.32854883462366274,0.6727682066142978,0.5772776769451182,0.6834930952056586,-0.15791306913095096,14.77396732615872,-3.517958956935387,7.464648602559356,4.7843191656782835,-1.6098400545857394,0.12048491049563531,-3.5483036479268786,-0.46451362448842287,8.816658529687238,0.259388015322922,0.743436749426116,0.4879017098341881,0.5900000000000001
0.37511715047760447,0.5826314374863172,0.620178052554961,0.7476097727929849,-0.056889821617516254,13.428528570999495,-2.7983463886432984,7.247771424788367,5.086253093250108,-1.4661835229325688,0.715735219123892,-3.2773319891418238,0.10261490854912124,8.60790888214385,0.5499555354042999,0.8560146616148421,0.4042417650244977,0.6100000000000001
0.7042261434482092,0.3335760525591982,0.5382093394849848,0.683314811323364,-0.07291744454177881,15.863643231334596,-2.723255715233748,6.451355321514345,5.331492631697353,-1.2796326842031434,2.802980471583725,-3.667998522606206,-0.060986381065059436,9.459496148780994,0.606050055334388,0.4014501236064557,0.45966103085294535,0.6200000000000001
0.3780929310169333,0.32712043406634506,0.4845582726433371,0.6744407380945493,-0.12204058790015673,16.560675339435313,-1.9854918559218822,6.677596522182169,5.677869576328987,-1.4497819977528157,-0.6962409277596541,-3.791330150707056,-0.16537703284161687,8.957575941252882,0.50319920254756,0.5999762578491636,0.8299389085348103,0.6100000000000001
0.3853335327891354,0.634083366457239,0.3785006062159513,0.7758895753251158,-0.1672636622116831,12.740054516643205,-0.7190218595170809,6.190509481654635,4.5749812312959435,-1.6232651678160712,2.2464686583566387,-4.310484132031755,0.0782565765590299,9.28295793585653,0.22692040831824822,0.8871043591392925,0.5924498247505887,0.6100000000000001
0.5370168753907196,0.4742562220485862,0.40557344568514847,0.4257114792711806,-0.1288388820969409,17.462033763069023,-0.5077756539996412,6.379448936732662,4.8847528958441355,-1.3380301262874064,0.599181105565675,-4.294899996998145,0.27910663730406327,10.586769182506604,0.44760031291599756,0.5050603884051522,0.24244924362594095,0.62
0.3878301547760364,0.3511171256747229,0.34721267549569346,0.6029500276388673,-0.014185994799370202,13.901801137333178,-2.012984828780362,6.594707231034906,5.194819037134104,-1.4485412803546822,2.3836006171764303,-4.305929701468283,0.04925861922758348,9.736943181737464,0.863210379759232,0.6713904269087989,0.4972146568414442,0.5700000000000001
0.3306128646974188,0.40703117385021376,0.5653217620396412,0.5546842707872386,-0.050020213182876305,15.94700263086299,-1.6953325875161376,7.2915599091052155,4.353366160409898,-1.6000712005935247,3.133507591537117,-3.99004235073582,-0.7312808159259876,10.08640405233224,0.2549580152470766,0.7104940974126213,0.23840382661257487,0.5600000000000002
0.5765786599200402,0.3441514385511012,0.2985837220556088,0.3671644711884051,-0.3506561361778591,13.006238721153515,-0.4424460253158089,6.695544606313517,5.896518232791709,-1.3522172779754325,-0.5459858419007846,-4.5137394257987395,0.24285604670429112,10.548242583107676,0.23903596857058898,0.9062558621299303,0.2699815580463259,0.6000000000000001
0.3338868350705364,0.39498280373347183,0.47013225707728556,0.4179057673480166,-0.24062195001268363,17.337524992258086,-2.4916640344895162,6.15192733285297,5.812866987469336,-1.5582447082315671,-1.903197690949899,-3.8157863107418097,-0.13780013007453545,9.82642309265854,0.2271273057741399,0.6963546117569019,0.4119736753903975,0.5700000000000001
0.5387364841908563,0.5035617659607934,0.533961186085122,0.6426786449799101,-0.15271498961149935,16.071774076630998,-3.656636410324826,6.345761852621648,5.716376975084033,-1.3507547023470763,2.6450188212210057,-3.666707901926387,-0.7177922990404211,8.700504767996579,0.4905594266479988,0.4986190794566717,0.3800035328316135,0.6200000000000001
0.5375899897323554,0.4675089249734352,0.34368611334153065,0.6544988302264131,0.03206067995687659,16.811202014635246,-1.449143537831398,6.6685811634251095,4.981145522711518,-1.380267430962364,3.1833768462614156,-4.270723375367769,-0.014883986768828794,9.947313832157997,0.41347007531927116,0.536157154186328,0.5127176584843347,0.6200000000000001
0.4865095537661346,0.442793135469956,0.4907768397652893,0.34176766261441915,-0.20065319690636485,13.335458388205193,-2.674496105182332,6.168815387295481,5.497949019031965,-1.4213541680265567,1.771576587861581,-3.8841081858511957,-0.3105391342699512,10.33040102690916,0.24724045847142112,0.7345936838909397,0.4478564196936062,0.6100000000000001
0.6815185949643218,0.3088621945197253,0.4362665204100399,0.43264240505462864,-0.2597162451977288,17.83678578628866,-2.7582489328198507,7.340563581483325,5.4876681155543,-1.2138252177174271,1.606427979662075,-3.8442184316272163,-0.32174064180448414,9.842195275818197,0.5940792194386615,0.49650436060143976,0.8947403322568052,0.6200000000000001
0.6060750140820306,0.46467386889837364,0.3414187565344332,0.7620279565094097,-0.2769952671569311,17.753694196323664,-2.42260308323722,6.922328701262344,4.893621890165886,-1.3445812973653608,0.666782980501098,-4.042136811285986,-0.0996501387776372,8.630640649131893,0.36622511583438283,0.43742555590015747,0.3551511159567213,0.6200000000000001
0.6136322602540061,0.5491071369600218,0.4601819128497132,0.7142021945416963,-0.1612472413095938,13.3118850371095,-1.4468426095175353,7.034619969737572,4.470597884939923,-1.2916556887666606,1.0213876864261215,-4.190456937996727,-0.3471087914383151,9.198276473626718,0.4337092926494414,0.6945098352348404,0.3318031610944523,0.6100000000000002
0.6019150273796536,0.5434336715841762,0.43787579241023483,0.7802067386388458,-0.3798769584043048,17.53387148790327,-2.3653435476187905,7.085215284600215,5.054837093669999,-1.3353452582569012,-0.2993677832673308,-4.314602697386492,-0.23648238973332947,8.608890081257291,0.3234944581106507,0.5412975395208582,0.49302040248486745,0.6200000000000001
0.4110142608823013,0.6060939334211091,0.35116561046478223,0.6238230166204549,-0.05619346386168331,16.009061760894344,-0.5291794543046198,7.477782970623607,6.724178817248601,-1.452323788355436,3.278412101443881,-4.349156944105633,0.1774833003811579,10.573898549849707,0.42256440903621,0.570607403667758,0.3450624228554809,0.6200000000000001
0.5363417620989485,0.732058721194587,0.48401474899410724,0.7526607598444522,-0.28685352366718553,15.527283365005996,-3.352538667667425,7.028762729489337,5.469905061563824,-1.3429562761176892,-1.341250198741952,-3.49395816342464,-0.18901255962452657,8.576105388634598,0.6590175640738198,0.6514373070775306,0.6105257415813131,0.6100000000000001
0.6257358011599574,0.5009888585394925,0.3351190674832063,0.7645621377838635,0.009608517394600793,15.102715023585537,-1.8871701185948904,7.1550373757257395,5.220469781762152,-1.2904158779958341,2.674241768741565,-4.138452252974635,0.18608429666083154,8.18828337102036,0.8062598125785356,0.5949174749920711,0.3277431990522376,0.6100000000000001
0.4471290797039815,0.4006678455002722,0.31036837308190185,0.6598637497501112,0.02223570124913475,16.479498366375445,-2.5823807476393954,7.029175121704329,6.624401412658324,-1.4451537392094216,2.592562005003884,-4.070407689819272,-0.21757006371450271,8.505816986258285,0.427456089862591,0.4953176384664551,0.6089065709050394,0.6100000000000001
0.4429457654368743,0.6091302342882382,0.6880135368506307,0.6300824145559142,-0.19106064607614714,17.74816021852283,-1.2065863302931568,6.891738299586702,4.974296785735226,-1.4354690433514588,-1.0940551443788964,-3.747802127276916,-0.11275680365023752,9.177398000173422,0.3924564132094923,0.5795062778698491,0.3370532332162135,0.6200000000000001
0.5864620655154827,0.5988531828750046,0.21813651443047394,0.6702730499306994,-0.024596916426958364,16.17199975003675,-1.5166929804721816,7.299055976401788,4.747610293277125,-1.4272047632186384,3.0941001517008546,-4.383475033274729,0.17812887755952428,9.876469679153994,0.23212605894860072,0.47779677296377,0.45809282574717713,0.6100000000000002
0.425239357362368,0.6037590236167559,0.48703696165545574,0.567678567012578,-0.021907910098032182,14.814869432164267,-2.996859661710854,6.969126891973756,6.1069044621029445,-1.4270550614408932,3.028011361347749,-3.7479896254196503,-0.4338989657892035,9.735541415448498,0.3962195445844783,0.6465372731535101,0.22025167694288678,0.6100000000000001
0.44427165037625077,0.5078505093774448,0.28892125111928924,0.6260038194227443,-0.11667705644736895,14.581807583150567,-0.9882098208195187,6.470258556252834,5.347990446303634,-1.4853972519096605,2.4735830179167717,-4.176296924619674,0.36056485249390213,9.939471256315851,0.23661741851911533,0.6621732853216008,0.4179883634308338,0.6100000000000001
0.4344718177245311,0.3002259094787601,0.2193585834411921,0.3774512807351983,-0.06760519685033509,15.968098300214226,-0.05391294098088864,6.774835738449554,5.750732306043779,-1.5535383072762357,1.120389424550467,-4.626987537126775,0.343429941722288,10.328764908247079,0.25490084037608,0.5187656758929222,0.6672601136507285,0.6100000000000001
0.46830357864137595,0.4378779344510939,0.5762207297240337,0.6460192856517707,-0.3471228821485314,17.74276677027982,-3.5803733110108067,6.8120937982165835,4.667900070858415,-1.3722964364894448,-1.772812065174895,-3.2962670381049364,-0.7300808188229242,9.284805187406747,0.32455817154116035,0.701570738063183,0.4281707891865404,0.6000000000000001
0.6262233720184924,0.3946668176863425,0.48426317316337614,0.5830463720515721,-0.06234386719431609,16.807337599068553,-0.7310211419258685,7.142590701023784,5.6423627834804515,-1.3074729679238952,2.314960384711896,-4.0875257637431215,0.48188054256191576,9.165273411648652,0.563110489319301,0.48932265359267807,0.21651648059603834,0.5700000000000001
0.4318910030409763,0.3374127226555359,0.32074864362133904,0.4956871003382701,-0.13497109558392467,13.615755766816617,-1.0949982799086113,6.65884347768373,6.435644595401861,-1.410585081660084,0.02855870423020896,-4.2444950036048334,-0.07129257184230442,9.062005090130544,0.6102679457184517,0.9243314812323229,0.36179115217207725,0.6000000000000001
0.5358320961088261,0.6706134111824905,0.31650092356152776,0.38961421412401687,-0.1791947042306121,12.781630644550667,-1.217033574864411,5.981274758498206,4.762191196059174,-1.3490692166457159,1.818071020840149,-4.51312217208296,-0.01613797403048485,10.484803731720607,0.5429239778219848,0.8319327010457551,0.7381879104622942,0.6200000000000001
0.539288147730352,0.5705210691022459,0.27527156264767433,0.7675532726233185,-0.1057892258044319,15.83037161781574,-2.271713348741745,6.393801792203501,5.20411027233207,-1.4388221442224856,0.37041120022068763,-4.2364268255291275,-0.3546917761001861,8.989934537068264,0.5162014152946055,0.5605640834497312,0.4022151305507462,0.6200000000000001
0.4317207195403653,0.3660342690608415,0.31679719807585494,0.5846936506608166,-0.03317000284987376,12.177273298912818,-1.7391186301031227,5.988079234910108,6.314638951991635,-1.3998693168786904,1.4329340560923192,-4.393125096762616,-0.24299207380860827,8.938710424119341,0.9671856393325595,0.8747097516532256,0.23915780878609869,0.6199999999999999
0.4388057727359186,0.31001411633880793,0.30955727063931887,0.6203765127203117,-0.21332581872069772,16.226716080364174,-0.4003460077392247,6.8739880008414,5.004351805394298,-1.4611865698525819,2.4205729239714127,-4.718584045209525,0.17831137236568478,9.601723370116392,0.3154054837020146,0.4965441314709964,0.9065609090835662,0.6100000000000001
0.7713331057722002,0.5600089527381212,0.5040036263348653,0.7677633993280011,-0.21215890469654347,12.88525668251457,-2.2246593619561805,6.3636456501960375,4.676499389709688,-1.2075607576828349,-0.10998422074182446,-3.8815093959012987,-0.517663558760016,8.595031556752824,0.7844376548885751,0.836066705508314,0.2148147501856265,0.5900000000000001
0.5708528506890758,0.36139122891939446,0.49821018996124417,0.39261581954222763,-0.40095839046958853,16.206943515049776,-1.6327920164497032,7.405597455678329,5.755907488886849,-1.3335725475507068,-0.5274466956634629,-4.119445373160436,0.07409115488438825,10.429412873409559,0.3275779798491098,0.5371869678139932,0.5192439484139969,0.6100000000000001
0.6580151998440923,0.5327556328199949,0.4072410546929025,0.6439099488140568,-0.2668653854693692,11.82156103375862,-1.3341877321874502,6.77495845940527,4.746906922986389,-1.2735328200856428,2.0484989877000257,-4.220922992063838,-0.16050330300068594,9.583135273416556,0.34570497008017576,0.6217603155931339,0.47550683778810665,0.5800000000000001
0.5699682541440347,0.7958160355841334,0.473335118140754,0.31010116215092715,-0.2637142879942044,13.964344987511511,-2.2706658777791873,7.572553725411281,4.305483069907488,-1.3378651854373147,1.704444091903272,-3.736706038888914,-0.3317246803942996,10.689874395078034,0.2364453998074167,0.6983407588450656,0.4726994661976728,0.61
0.3333499140605524,0.528473473065505,0.3674867933944962,0.6291236796512445,-0.0961880084446148,14.570636491569088,-0.4714808664440926,7.389624437556025,6.4044259161368515,-1.5905169816405287,0.7597958874867325,-4.422314807584489,0.2962218994424616,8.609366536440609,0.24326011944256581,0.7991011121863109,0.5014539320225969,0.5400000000000003
0.6432264633064623,0.458747105227186,0.3069225328713023,0.6018896806304581,-0.09582351887115355,13.249888159561598,-3.7375519657832683,7.676569652131692,5.7463420678360215,-1.2729180748162257,2.1547069546887028,-3.822038389729627,-0.2607124234896685,9.063111456344291,0.5510930329807346,0.6994186490802459,0.45249046759717704,0.6000000000000002
0.7063748240029455,0.403116012944654,0.26212759297490884,0.5783888938774128,-0.08456898899367703,15.533254929681561,-1.2946326183743078,6.588685485742488,5.461567870626178,-1.2160906306236565,2.996416701484419,-4.434809491737629,-0.03728743714290281,9.717575778638063,0.491871832519276,0.6066148262147582,0.42280802220356545,0.6200000000000001
0.45657872934339033,0.6148655232948811,0.4874192644661909,0.7293050880675797,-0.09801462437214464,17.429117095106715,-1.0656936316090837,6.604795122467951,5.259825052145503,-1.5282231327743965,2.335502134028947,-3.8746747918666826,0.03840481259817807,8.761273821294354,0.2276929376088952,0.5410019217171985,0.663806739970395,0.56
0.4861224976608206,0.5420248337290801,0.2811055266484875,0.3036054683442824,-0.06366535039639681,16.431953159316127,-0.27732753986934966,5.983310594134695,5.872521379237142,-1.5260549503175673,2.5161104336361246,-4.522129116069498,0.18334574588511218,10.26977502758188,0.26091776863930416,0.6275276055375917,0.4856184924945067,0.6000000000000001
0.5759190241445682,0.5009950663121541,0.381239671090903,0.5695523860827238,-0.27763750080572924,15.271265661509661,-2.117034082442378,6.817839238286512,4.8321890893342,-1.3250582677352705,2.2821796753431807,-3.848155740332187,0.04370590546114341,9.895627966241845,0.3111835829250944,0.5010643727582981,0.5846648058610978,0.6200000000000001
0.5049435068632258,0.6443265926369263,0.3618034392135303,0.2956290191055514,-0.1669745975586705,14.429395583305427,-2.0208011241975607,6.953123610956606,6.303254515675601,-1.3798672384581878,0.47613331170869866,-4.021293755114295,-0.24307240542925174,9.964942899064658,0.5269550701788037,0.663569140586914,0.6408314218996461,0.6100000000000002
0.4511773558752393,0.7491807302650623,0.4102860465651459,0.56412450540381,0.0007708171064444817,15.479811484239319,-3.8624445335106046,7.085234896004773,5.564390334486717,-1.437834860316262,3.1292856191903144,-3.520295869521358,-0.2886222891963738,9.638714680412221,0.5650999740319056,0.6647468649409822,0.3669998854798417,0.55
0.31237032789940855,0.41647687654543836,0.3614655470090494,0.33282403464514215,-0.05786192481905855,13.929729372110824,-0.2879010052153365,7.116700389156831,5.939098712551573,-1.631342412277995,1.395464408607246,-4.152533222743047,0.137330834384953,10.066782706104354,0.202770096885163,0.7590115194768832,0.663383885338775,0.5700000000000001
0.6043267416797816,0.4810322504412803,0.37285869403833505,0.6957378528908462,-0.2975066847108839,17.139266012845148,-2.6283088303703526,6.948821040297784,5.165459537202673,-1.4405244828704664,-0.9261400139674066,-4.012121249471292,-0.3784348518981948,9.24826533530087,0.2426444240614413,0.44169495959116345,0.5691681387429877,0.5900000000000001
0.5389625695553265,0.5273636988205919,0.325839937384229,0.7156970732343998,-0.16614928005356833,15.24689295326022,-2.1652906875260842,7.501305274377447,5.442507960348707,-1.446984467506856,1.3714913877943347,-4.359424440234759,-0.17562982539876218,8.733593645765723,0.25664083476827587,0.6059438419316321,0.22947343875131487,0.54
0.4733809137626393,0.5414115895160267,0.6304203845010085,0.4593803370820531,-0.046177998618148586,16.34461243803395,-2.965559974988818,7.567183301737917,5.235119146869173,-1.4139775089279254,1.7468123828951552,-3.441638871281805,-0.13026756116526583,9.958857303968642,0.9186353853160714,0.5503908250517597,0.26598606068474245,0.5900000000000001
0.4286841732742267,0.5761569664806148,0.21968568734533342,0.6385769839083182,-0.1989037586729343,17.8839785513887,-2.4085661319120533,6.204632694949927,5.693413968773668,-1.485184536136759,1.354828916166373,-4.359573623173833,-0.19281875489542058,9.06296596028413,0.2596926827782101,0.5529765318781599,0.6386909414845994,0.5600000000000002
0.5276286517296154,0.650977368194797,0.2553146793077176,0.5314474336992387,-0.1547133618140275,15.67801788894207,-3.738413262170908,6.959096966408212,5.3055370468210326,-1.402093612927996,0.5696170197542476,-3.8673031592501204,-0.534698779435369,9.846241921089337,0.28094047648888604,0.6093759744729967,0.3158455186752631,0.55
0.5873519911981618,0.6261720158578227,0.39438613818204066,0.6857031756022399,-0.07754813415328084,15.221399992359984,-3.4400670671796103,6.4635250829064965,5.755206143701134,-1.3121806304929677,2.079932321715857,-3.8030839872456133,-0.15645967776521438,9.021308519918025,0.5516004477639596,0.5525239022100887,0.5750409432353127,0.6200000000000001
0.41480564171316386,0.7394192770575743,0.4970435631486554,0.6993168620245767,-0.16799801530182323,17.23117945301335,-3.9104907826565203,6.787693879590674,4.892235673504825,-1.4639330130105284,-0.8895807965403844,-3.3851240553688506,-0.3122160167809682,9.318580984694078,0.41197751995930665,0.5304952043243912,0.9973270934247485,0.6200000000000001
0.5507041497489391,0.41102802805269345,0.4983558268759266,0.5651642234944259,-0.24423225308330232,15.751310078801803,-0.3542307772841361,7.00386891457114,5.424672598006273,-1.3198471592264611,-0.46029626101469423,-4.152315436564533,-0.16915972778762187,9.406008048176837,0.3624555592263376,0.7115436007465377,0.3537978494122106,0.6200000000000001
0.4392956609268081,0.6485172703200426,0.44843650233304566,0.6952143957275372,-0.1030010170534982,14.508645451198717,-0.20048356015210966,7.4159123110117395,5.638234383581514,-1.4345979303812637,0.7394278133886103,-4.501987835486639,0.3901842916680247,8.443838719643809,0.4955984175190467,0.6421222401303811,0.28676085791604633,0.55
0.31950875606758466,0.42744557085939733,0.5348342178045544,0.7867037272119273,-0.216691304763529,14.239618749204142,-1.3875909965896411,6.867766205299895,4.31775374360622,-1.583647931636579,-0.486210744668199,-4.118567335746909,-0.01558121175496735,9.064121414126586,0.2875025412583772,0.7688891697049112,0.2572568251888468,0.6000000000000001
0.7477989136684137,0.6328342665161386,0.303864937467558,0.24367943320600938,-0.19198836259888513,12.794109058531623,-2.8302120578097,7.752707559845185,6.145256091238848,-1.1469359079993104,1.0058268383204436,-3.9546961434954233,-0.05857602292036809,10.299329943504711,0.45281813473884364,0.6441814085636601,0.8726356280837197,0.6200000000000001
0.5658694933031468,0.36464873244430346,0.4454686921866621,0.697011227542075,-0.09163994395459549,12.470147108495592,-0.8408284485813982,7.092400216077303,5.392614571754148,-1.3046264950307334,0.8968179261715855,-4.060230240343216,-0.03205405705201461,9.313846065589294,0.5168547698183888,0.9565367930416357,0.7110941040783425,0.61
0.7735362334169698,0.7123960852909376,0.4335218503455713,0.7126083209183169,-0.2781312275288849,13.617020708146017,-0.7515740899941223,6.362812902058184,6.052917175204115,-1.1240987767165362,0.3061346713894306,-4.0821172427847525,0.08882353981319584,8.458459660670327,0.5179290981125052,0.5973783713166195,0.3103997261051443,0.6200000000000001
0.4715690911403483,0.7668653687422334,0.47037216953631805,0.559193788527814,-0.15861051631945045,15.862159153282226,-3.202451948804087,7.0552370058874665,6.009219913402347,-1.5268203430718423,1.7555255066407547,-3.6209858416723657,-0.15271688308213144,9.434104429588619,0.2709777689611361,0.5148563416629302,0.39476613157281676,0.56
0.44192934635189035,0.5701021035590071,0.4573359902994856,0.7289871083863902,-0.07835332926589421,14.725118710286907,-2.6963199964259124,7.302218918361701,5.992753569490479,-1.4040379583786522,0.7342538348295196,-3.638381171229259,-0.42690576054559026,8.939542007822547,0.6755861631903881,0.7362709313568174,0.2564960074455717,0.6200000000000001
0.38990423472220603,0.5813133998921561,0.5093595952361577,0.6632702210733347,-0.26866809636791544,17.382753098986928,-0.4845738057394973,7.5443368402201525,4.438684836698833,-1.5119173539643262,-0.09337270894299587,-4.314695759819498,0.1358720556029614,9.494406485680104,0.20939985637608238,0.5404109481544946,0.4821207389797732,0.6200000000000001
0.4196787806847179,0.7042269326510914,0.32730802883409377,0.4784247747158616,-0.15357164969691575,14.967083352744208,-1.147136972787255,6.046446194116007,6.067777948061789,-1.498573838554968,1.5024824594050266,-4.5052505446504725,-0.08643218735888988,9.631735659215904,0.26340490361127095,0.5915124113757912,0.271677746146743,0.5900000000000001
0.5990554318844916,0.6596606512986656,0.35763818444010104,0.2585171507135051,-0.410557882702154,16.09397304507901,-2.5435679621228298,6.201519139211868,5.666284627711425,-1.3470275152739974,-0.4660034717828945,-4.0027766351190115,-0.3537219779138333,10.233748808627261,0.25012818593970626,0.6345338871800317,0.4228994431809688,0.6000000000000001
0.3144838835322639,0.3194879912094066,0.5540676883504133,0.5804205053553936,-0.08055085538180945,13.520270135693421,-0.017906041699080832,7.315089223884778,5.845497767695117,-1.4653991343131059,1.0241671819703404,-4.092188903285423,0.34582532280339073,8.611694555038774,0.7915698713193513,0.9055377528003485,0.6648450354532678,0.6100000000000001
0.43639818774286654,0.5842901467441459,0.47661635587526424,0.4244031021679114,-0.14122738406552693,13.88792319418106,-3.3628878618263425,7.445124454499468,5.239244768797288,-1.4158459945019222,0.6791395202083534,-3.8570495086481085,-0.206465114835451,9.809660234722525,0.5399761823807753,0.7988875941297394,0.6420914532728084,0.5900000000000001
0.46334513359771173,0.5168201902013734,0.266767139044052,0.7469756244794004,-0.0754971798196991,16.383068482097134,-0.30534019284711045,6.9801943632754195,5.108438068701019,-1.4295617027531655,1.240104504516037,-4.4157014716911105,0.259439416262471,9.078644301036027,0.42853590614547643,0.4991708872429056,0.9936906583126298,0.5900000000000001
0.3551412645447444,0.6302652123799567,0.5119321714417002,0.6914493988616303,-0.006340538705807551,14.266218259244656,-1.9823065993677111,7.482770722696944,5.081878173024885,-1.556271433036229,2.949918342102791,-3.650330934887927,-0.2446312427914261,9.300065359252244,0.304751938699962,0.7384100034116574,0.7931035004691561,0.6200000000000001
0.37588824082239747,0.3732314222181545,0.3366597939236778,0.5223416676661363,-0.21603432367535333,14.160896959424548,-0.20689987749661687,6.334817742127973,5.553351407601531,-1.5540966025766523,0.2582954716172431,-4.577617465657741,0.4602339377603951,9.895133604806816,0.20531402807702248,0.7338017204139102,0.24833200613854198,0.6000000000000001
0.4582284104740639,0.6912402221669774,0.4117348204878531,0.6986414779789332,-0.0954728824706586,17.06948821414987,-1.0387411115670209,5.8753415635766935,4.566818011113562,-1.407652253501064,2.598272955026417,-4.360827149132837,0.3400298540422091,9.027831673364139,0.5929582986677604,0.6107466824840435,0.31842038593313166,0.6000000000000001
0.389227328899871,0.5438247389800599,0.28000504230566103,0.6803678479334885,-0.14792536157911898,16.018758347558993,-2.1139450532666233,6.631979186970582,4.617358548441493,-1.4120133970391031,-1.500557005991139,-4.113054963943151,-0.17120016357695161,9.211555993982433,0.860082855735073,0.7583059000851665,0.774918247060276,0.59
0.5520007027084153,0.5568680200405569,0.33563952051340906,0.7668236493328732,-0.08898352917397524,16.956649781226403,-2.607821355893929,6.638860284936682,4.886558819407425,-1.3732864573353858,0.12453237313224252,-3.9697092446857183,-0.2780049083619457,8.288530365703974,0.8392883338232838,0.4779781047866503,0.551213597963221,0.6200000000000001
0.637807037076324,0.5831397949617181,0.4098507923089677,0.6205032634611288,-0.015491550399645247,14.524395953001024,-2.1667629930521692,6.116628609023488,6.049708400172538,-1.295775150298563,3.3203999382791025,-3.973773617953374,-0.21418392391386148,9.556607346459245,0.6421775436499381,0.6179887349872515,0.21937915865479396,0.6200000000000001
0.7088810948208509,0.5398929384369815,0.22755231901239775,0.7979640056900479,-0.05981177024361581,14.555034132043561,-1.255006153375315,6.243327121645604,6.191475838132649,-1.2744097585644076,2.991662210153515,-4.505837252146002,0.009636553188328623,8.404227047839333,0.7605197780326751,0.46083276237297977,0.4286809712033362,0.5800000000000001
0.5155198464474511,0.3436318745337128,0.4045036106926122,0.7242544926185954,-0.21872969511866094,17.421939858232292,-0.7763622086386944,6.53095772643638,4.68325221400827,-1.4334373080395988,-1.675694386093996,-4.5840422212199075,0.19782873477511434,8.685447902440464,0.768728166528201,0.41589186181142285,0.4632920907540132,0.6200000000000001
0.5588834388372882,0.5763505776356759,0.3298067362993768,0.5115064404720511,-0.08473678415627298,14.207716281263574,-2.0509818922757015,7.382181791441884,5.759550543674835,-1.4419615861754862,1.3044936969562195,-4.115534398194844,-0.0028799944917087122,9.65446411124798,0.33505936314980383,0.562102085816246,0.2751178287980405,0.5200000000000001
0.7103506068664679,0.46323492546099987,0.4708278925924573,0.7110946054257086,-0.4028840192834977,16.44805893418193,-1.379260132759207,7.651446101158867,5.23262237910283,-1.2242894653063876,-0.22454502414015154,-3.836586439631249,0.021293505455200284,9.551807227378696,0.38836813558382216,0.6548424592312938,0.6492560095661758,0.6200000000000001
0.4399619675086027,0.41989213965173283,0.37212696253117516,0.4113058442853468,-0.1332268886161923,12.704356324251664,-1.0854590565101292,5.910755805911645,5.860082881878407,-1.4055205808983275,-0.020369975092314974,-4.3952415114429435,0.21405283996296878,9.68244726394329,0.5420488834631374,0.9141467082984063,0.3960724220614164,0.59
0.5301774927874067,0.5093265711075469,0.6357023439831929,0.3642073504503026,-0.14203674225172527,13.606544385098127,-3.5415719850877694,7.592784727293696,6.01987104670402,-1.4194694949976336,2.1677098577522043,-3.377066295082936,-0.4219813891062856,10.14286958040118,0.42168094169053955,0.5875151983882777,0.5454413061847381,0.6200000000000001
0.6768433363168573,0.7735913956894914,0.39919303051242777,0.6142373057100475,-0.12678466607041852,16.02707956554447,-2.964282277737106,5.916685978981795,5.470422005833993,-1.3283712763555455,1.5999674788148208,-4.0505606165984,-0.45081279454126216,9.530638119000669,0.6969052895651102,0.4489849319527196,0.4481308809226846,0.6000000000000001
0.7206111139760736,0.44898683934911776,0.3713896685500832,0.45163294423510786,-0.11448748296599258,17.751775884806158,-0.0961602888192874,6.108705825936246,6.424545211669814,-1.254781145321753,2.1582707577741056,-4.340512584548857,0.45489795888380347,9.280783791529688,0.807353251626465,0.4247755071456075,0.2718797791994702,0.59
0.5420376493764035,0.4521001831352489,0.40240306734475784,0.629769434109804,-0.18541487657298014,14.895464567849409,-2.2036217857423166,7.567471977915321,6.186973113842216,-1.3134947297572654,1.8355552691078916,-4.063631618199305,-0.1009173990614826,8.762452567974677,0.5548912313338894,0.6032085751432374,0.37106688513133484,0.6100000000000001
0.39167997053309195,0.46129459188753347,0.6112430915743383,0.7349037585307293,-0.09881020636340938,17.218024767339173,-1.955657491947459,6.971335378526415,4.8259478779097655,-1.5105136488396491,0.5880452986866437,-3.5211337825315394,-0.16432000473787012,9.500343265104561,0.36391199267224544,0.5096595325336977,0.835487944006877,0.6100000000000002
0.4958429603582428,0.5625039659356305,0.5153404318180264,0.6912404757719641,-0.23526603047031613,13.20971499007018,-2.8098410181691964,7.623009931948097,4.536894920121733,-1.35378280359433,-1.1246816259354062,-3.712022755968058,-0.5606856682915825,8.711986450926236,0.597344690299033,0.9082044951828073,0.29683905910549374,0.6100000000000001
0.45208953192547946,0.44236074170874295,0.5427003847253677,0.7324529721738334,-0.13150110453354663,13.8642422572339,-1.5065965859937414,7.42641496297286,5.128993947092925,-1.4020603639115599,0.8070714958185872,-4.108898303736099,0.12347298784750665,8.676053306224155,0.7588203575879847,0.7332400769038947,0.21622698637865867,0.6200000000000001
0.5118508713157933,0.7737952880422225,0.3723609280452491,0.7979727770957089,-0.11301135477009375,13.812955469690158,-0.619195625538299,6.815217893499634,5.116762818086125,-1.4418331197687613,1.3792235229739553,-4.524672596128575,0.29440625513249497,9.264130318835234,0.42788902565833653,0.7247268528961989,0.3562689219097761,0.6200000000000001
0.6899764256646875,0.3566898460437734,0.39991714000784434,0.7652472817153392,-0.45434484040793127,14.310204455025612,-0.3947451600012768,7.352095138969743,4.933417634687978,-1.2267821909654797,-1.6119057365449767,-4.218843142063787,0.35845838471030667,8.854119990040758,0.312092697131449,0.7459786484206057,0.3785633882816958,0.6100000000000001
0.37870718940285664,0.3327976376905161,0.5042500506639502,0.3911041151825073,-0.06637331338517305,15.774020912539116,-0.6854143916232759,6.401567032909622,5.98272008498159,-1.502650794833032,0.998100467463527,-4.223969969519894,0.049982448974552895,10.198978520525886,0.3661866818328338,0.5597320780530636,0.48052534942449815,0.6000000000000001
0.36070708203641316,0.6152302152338998,0.46479185320670524,0.43889748392134154,-0.045422327248665385,14.461916270503798,-0.8333149027529383,6.9973091425791605,4.024131399684523,-1.446515131576117,1.388696940403686,-4.185918410555899,-0.11389502777507976,10.587474951932258,0.7187130567280988,0.6575370608847574,0.31832886556850837,0.5400000000000001
0.6965930805768568,0.5820780121089023,0.43142109856039135,0.6260361649224531,-0.344742418573203,14.367940514896683,-2.0119948938406362,7.207950196635631,5.747929198153146,-1.2244347042046149,-0.7519582259999444,-3.9142219876682938,-0.004092703036178827,9.480906794917438,0.40746154869042045,0.5746426488608096,0.3941586705374391,0.5900000000000001
0.41627306692599697,0.645607147412341,0.5406356164007579,0.547089648812992,-0.13549345967920295,17.372811544024966,-3.767504572336532,6.977177462271973,4.136168547061005,-1.5437661403433691,1.6852237111016417,-3.686464722064641,-0.5236495389113947,9.49194587237449,0.27580175363714204,0.6299702743111741,0.3784449424853039,0.6000000000000001
0.5556293917770229,0.6995711018594094,0.2307052296056349,0.6177448734733824,-0.16506876796068132,13.240634911294766,-2.5639649519422734,7.217036004755399,5.756438241991084,-1.3912564718808962,1.0684259231037583,-4.128868710572869,-0.18634910594330847,9.254424855972413,0.31541097904806537,0.7018212520091485,0.8605141040536749,0.5900000000000001
0.39877450148205207,0.4882917363967178,0.2016067497334238,0.7715494177190411,-0.006181318846229238,14.366721164016695,-1.3600857655822853,6.279171616966169,5.67614035838987,-1.485764956239041,1.1041850900304333,-4.398276590147976,-0.22389792062961714,8.86628453998187,0.4901981708496763,0.6879932064432541,0.41564486486484054,0.6200000000000001
0.4533849875295554,0.683267658552349,0.5107159981869454,0.7721345441228775,-0.1673528075756661,16.552689258797916,-2.0097005307428297,7.226027412499474,4.634671463744912,-1.5010022422745883,2.007481601228881,-4.319944750549115,0.12757096448985433,9.357333695842904,0.2551754085339253,0.6049897380845027,0.24409936346726357,0.6100000000000001
0.5171468095145725,0.6781340536223892,0.36146102389588114,0.3011756444074826,-0.3020356653951435,17.819204449024216,-2.8409862129365786,5.806663382507608,5.944559480519889,-1.356521459057305,-1.6147257362004903,-3.9363513177474254,-0.47962872767380527,10.147859535552021,0.6900568823878459,0.5303490949281987,0.30786421615581416,0.5900000000000001
0.5425967093462192,0.3223466592039071,0.44193812693970674,0.27031350086330586,-0.20423375465060759,13.277668780965495,-3.141265350414844,6.674257032443451,5.417222722562262,-1.4300262753884128,1.5061367438287596,-3.8591680129161015,-0.5339423393527096,10.366084521634743,0.2993163140523402,0.7994213925565454,0.29062564622642284,0.6000000000000001
0.5826701842348601,0.6326443224082953,0.3673630029003891,0.4456339152329629,-0.20138274120098043,16.433588098132013,-3.39175774631454,7.146493360601361,5.178262577593384,-1.3143146379657922,1.4645693610310049,-3.960067481219027,-0.5006740716312419,9.916607854268268,0.99916572863647,0.43934529923775756,0.3229885599857395,0.6200000000000001
0.5630107826333967,0.5991721762344664,0.5574402963441553,0.7785224454983434,-0.20537543696690239,13.963431466143156,-0.6927489507468366,6.931615879235533,5.139730182248966,-1.3352259734139047,-0.2274305658076651,-3.9154610034783444,-0.20704258639623488,8.289485597113007,0.4748329204860225,0.83713469050719,0.3486533273913367,0.6100000000000001
0.55769045215206,0.44840740578031635,0.5713139354088337,0.5000886356093228,-0.05766900393015634,15.284215577101783,-0.21313970346395483,6.76198296116961,5.305681476067866,-1.3679282493224674,2.355478235869076,-3.7826614621407346,-0.10397492390089441,9.996698341012033,0.48529228984937994,0.43254321100352006,0.5783761782533238,0.5900000000000001
0.6182446831039978,0.6094631452799661,0.4557783240284894,0.4069353598633111,-0.05367200917703158,16.135231863140486,-1.1531118071077433,7.664589663572481,5.9540922414572695,-1.291785162156536,3.3260301444895397,-4.070352955415106,-0.2592075542411581,9.66930654110658,0.5846124843655502,0.48365678738677603,0.38198794323192725,0.55
0.4773901000100142,0.49337702589277244,0.31675820987975245,0.6151693521149796,-0.23624109585585995,17.04592382275128,-1.299817479921043,5.972231191724099,5.118621629482419,-1.338030350067298,-1.7918052843531345,-4.381775173731797,0.27277213221099156,9.25276098470839,0.5261112207823736,0.5641382770844481,0.3217421521529482,0.6
0.6616145502310773,0.7067285564096233,0.5394667129154437,0.5375871320195272,-0.10280345213977082,13.966548792868144,-2.707218691957585,6.504733468438281,5.669569132283355,-1.2560072638825475,1.4821226385920285,-3.4304536158674526,-0.47905663310783836,9.644477393495338,0.5012714601961945,0.5897947241497812,0.4675707334423939,0.6200000000000001
0.317196792791746,0.3938688290319778,0.38522340864623517,0.5235773642980348,-0.07319340097958946,14.224583537882893,-2.3609153020879514,7.100250038053496,6.062007102556591,-1.5105033773162517,-0.5585048460295995,-4.229289368352715,-0.10780563887619327,9.516728766162423,0.6442499954070331,0.7033783545224466,0.6318034346030802,0.6100000000000001
0.6693441558145017,0.593889819864504,0.25463940543969754,0.7555728056543044,-0.31272813077435235,12.056239858903908,-0.3944472243141275,5.858728404035085,4.588452768558677,-1.2405387210147611,1.0824800756618091,-4.4663535540698955,0.2988372425142579,9.096334058699398,0.35219139938200195,0.871367863558743,0.41310497278119507,0.59
0.5138841932876406,0.4418815494106324,0.273005255282396,0.5424076789483399,-0.3609188335575403,15.437227172431347,-2.0545235476366335,7.4058473427655755,5.196364592654193,-1.491855670105096,-1.6097919286004292,-4.3076652099388,-0.020795785099392672,9.836183572050228,0.23693153084223345,0.8398755628237067,0.6565003347339085,0.6100000000000001
0.6105828170928749,0.7309128765122228,0.634579084174969,0.4903462641252258,-0.03172813008214856,16.017192091692817,-0.7497418563304101,7.388740272264066,5.399139639235208,-1.2796792822198115,3.022188351708565,-3.686502810737489,-0.20135026181302035,10.301716065204287,0.5338716052142923,0.5084716159548344,0.5821552894307073,0.6200000000000001
0.5153459027795206,0.5229509295166342,0.4734852533098466,0.46233526294555194,-0.19198167281183087,12.740223385884912,-3.804111064763762,7.077000264114762,6.1990994533151715,-1.4838050234266533,1.738576133805527,-3.3937995014901383,-0.36488283798382265,9.3207119016843,0.23636389965180798,0.7582624016817044,0.7089756730494239,0.6100000000000001
0.3208908279246219,0.7137634244446116,0.219617361737845,0.5203755566122092,-0.16554177698993566,17.323756203414227,-0.6619580567031164,6.788154478276538,5.775905472789759,-1.4748197057261223,-0.6990013197059091,-4.472069606231636,0.43772087461738063,9.543166013168214,0.4461154961122793,0.6622360359919424,0.21753556247113565,0.5800000000000001
0.3862478871931391,0.3457822927806735,0.5457447710158755,0.5050645280396577,-0.3005565869324216,15.08423982836212,-0.3528281960948436,7.261598807692886,5.401703609831945,-1.5766513671967335,-0.5702659406234056,-4.348846537501564,0.2697072411146279,9.034984974287738,0.21401082286002243,0.8785655093758225,0.24458094524676413,0.6100000000000001
0.4410163505249856,0.5520803033403995,0.5628085066943116,0.7874853782443043,-0.18101984328062104,16.24130211136991,-2.6896571993242064,7.795385958235042,4.2812804028773925,-1.4325000820282063,0.28612568985111264,-3.751898113947111,-0.33334405226741987,9.118100977967261,0.5831488469840482,0.5087158642565148,0.39552461181714593,0.53
0.5787833603120769,0.4809131439505562,0.41545945662039424,0.4350111171525328,-0.39304418724990087,12.588134810569533,-0.7084774117478736,6.9437558526939664,5.730210944380936,-1.3283452103420121,0.11368949062307654,-4.543916183244679,0.4162021086426481,10.324840487772148,0.35656968202136874,0.859290953805896,0.26799640357763577,0.6100000000000001
0.5759028567768502,0.5442553964808587,0.4381020692719352,0.5951434070542618,-0.3016652663436962,15.63603336052323,-3.022403644870606,7.041735415401733,5.938233339400296,-1.4107763787125873,-0.8078281260177886,-3.8092786772790586,-0.12512223101643136,9.191794296228997,0.24182754624862182,0.7100576143163695,0.6784654224925525,0.6199999999999999
0.5899276723838496,0.4923222828541459,0.6648633473529314,0.5592813654546687,-0.36246579347498314,15.247031670721679,-2.545127275108211,7.585596465607032,5.066072159620663,-1.3171741247947306,1.2522882201434375,-3.446896495740917,-0.4517421266693155,9.451564090709038,0.2810344347828546,0.5551072225446122,0.3406816563378326,0.6200000000000001
0.4938603201108968,0.6595570698425732,0.6733514030715034,0.34248115123729295,-0.26297263344108357,16.558604109480402,-0.4420255881947903,6.365696966103709,4.008002287000902,-1.4995653023510513,1.365978885251274,-4.122271435201933,0.01931434590437381,10.97973213361265,0.22761527649952273,0.5284793798525314,0.26189219803459823,0.6100000000000001
0.3748548769985819,0.4621068929424363,0.5478143735459693,0.3832211119639916,-0.12347098194096551,14.807654403504174,-3.9758962353530674,7.23888399992648,5.8130511833916385,-1.515572310891377,0.9421759900057683,-3.725621723004467,-0.27910618035112855,10.418412873739127,0.36532763800389145,0.6845913467810179,0.8720207442902531,0.5700000000000002
0.5839372164105164,0.36885034285458973,0.3351343472107836,0.39151840107217845,-0.20224645126245389,13.257154829297864,-1.4161733501559184,6.868675959305085,6.190354762881696,-1.3559789320677123,1.4691774591944209,-4.513364888264374,-0.010673831635551731,9.977665331737798,0.4903561275204973,0.6300868998612882,0.35191541795999326,0.5700000000000002
0.46141915934006555,0.7482363922052566,0.4733946783210161,0.7625118944814024,-0.18367463309873733,16.329935048334324,-2.982755954680064,7.528610365608959,5.017300941025829,-1.5364046258369402,0.3999854837145227,-3.816165166207697,-0.31804556012804797,8.961555278562834,0.3020160186905674,0.4806734960409189,0.9347556859960054,0.5800000000000001
0.48264706430509663,0.5069999744727067,0.5215212408491572,0.7594749132276192,-0.01161328497116456,14.483697520415884,-1.8708194516022703,7.119604008789155,5.4096448969957756,-1.3979798453284362,2.021525369816862,-3.615488055905682,-0.11779727538555892,8.326843177335034,0.7742604492297935,0.7306220823605537,0.36691004444929265,0.6100000000000002
0.6629026423537783,0.5408557390337685,0.3898372430492428,0.3955477176475817,-0.323407511961134,13.323219655809714,-1.0171734882684587,7.773551445546245,5.85510486667907,-1.2627280303262303,2.255843149223159,-4.026013791682671,0.2456894684281641,10.417200532041871,0.3116476469370921,0.7807848191220115,0.6789266978406296,0.5700000000000001
0.47715193043996346,0.3436754568246858,0.45297842708997627,0.7693366017093111,-0.32203173260979856,15.466905283238525,-0.1523400755273353,7.057200445252376,4.326022419664302,-1.56365874972752,-0.4609022089150845,-4.590071101766978,0.31774292470109416,8.564441797292396,0.203120155424026,0.6620064076752519,0.32557562138768664,0.6200000000000001
0.3842632576272607,0.5672537621796243,0.3398678246625134,0.6483064151301688,-0.10549038701174959,12.55423319390971,-1.5241874324232094,6.37469782054321,4.81385476392291,-1.641384863915989,0.2556892401343436,-4.433781799447133,0.09910201473452858,9.25234567628063,0.22841365506214886,0.9857949819150393,0.5327042447030369,0.57
0.39934873688258216,0.5122649499779557,0.5800156866103727,0.2545675423276101,-0.07468318263538827,15.22097033722177,-3.998637334281592,6.809287632009043,5.348468471285018,-1.4380010596424386,1.010519027688262,-3.379136099103804,-0.6560897714115197,10.399650055317077,0.7011299628021168,0.6471086647186765,0.33785220516838743,0.59
0.7300881616444745,0.43236716149529786,0.27152891029711723,0.640025044555701,-0.20094834490542168,17.633112103282453,-1.092000051929499,7.160299909087029,5.110923650273507,-1.2168329098768218,1.3853253031861696,-4.440544194263213,0.016540932453721652,9.374820260997636,0.6120697508607119,0.40689339727207796,0.35116006455424464,0.5800000000000001
0.6020955628778433,0.32300481968980443,0.5707251213964565,0.4999975595795636,-0.23947134679442902,16.975944319687347,-0.7936587937563496,7.627513312267635,5.389495797372638,-1.3537254601194562,1.8016673556728318,-3.9448851642133604,0.2462407778985392,9.990155138667694,0.24961141974566775,0.48251036996672314,0.3844181754699219,0.56
0.38294740289604573,0.31503684878028093,0.6236431633343241,0.5618654421828335,-0.06335082289155643,15.210887193955166,-1.5562226577946063,7.407112646706033,5.475338238419622,-1.441397709612093,2.0856738750726027,-3.628800843394971,-0.647377142233851,9.448331355055231,0.5381116479772265,0.607696135358904,0.249664941394055,0.6200000000000001
0.5464603436593981,0.7106444108182655,0.4621927145870155,0.4057246393963261,-0.03265448505516934,14.906608895549875,-1.9023604648405275,7.299802179841077,5.022649670713423,-1.381456646418685,3.398361183422087,-4.042504157093685,-0.06678178043131935,10.508660945829577,0.6757198126793819,0.528413185846667,0.43100006643492444,0.6
0.5198268400064765,0.5672747513223649,0.5172852732467547,0.7560757384280044,-0.09597859232775438,12.528931005158002,-3.8902298399763606,7.045225812975248,4.78886505576332,-1.4054052840430173,0.9629289451204,-3.7904180162663876,-0.5588715241893181,8.846806156301813,0.8138431288495419,0.7768306481621349,0.21216535144349874,0.6000000000000001
0.5578096406309873,0.6380546803565226,0.5893816750764745,0.6140502337377218,-0.3570130107445073,15.434234696985234,-2.194629659827777,7.5047900408424315,5.189116773466404,-1.332935043092862,-1.5568043360938542,-3.601324976717965,-0.2752103109478487,9.397509109613905,0.5101635615060252,0.6475050943859132,0.4076906997197939,0.6200000000000001
0.3322760595773416,0.4176619250246804,0.3593770165468879,0.7419901671941799,-0.021425470513933745,14.106467575621174,-0.7980939811498762,7.148442464229365,6.004235902355741,-1.4846929261740394,2.72443614172357,-4.455917370188297,0.10967627610076791,11.089876565975949,0.5622706294644914,0.6257885938289771,0.726281586882328,0.5800000000000001
0.4275859663899945,0.7931886120617176,0.35879397118506107,0.5005457182061002,-0.046764479127940885,12.69098892897546,-2.647015139813007,7.463030665600144,5.460326843053514,-1.4292344012235412,0.8719147125828847,-4.365395933771175,-0.15212359319137472,9.74107896075138,0.7711570402575575,0.8392129804724451,0.3628969380586998,0.6000000000000001
0.5074360727213356,0.4931155506431021,0.4076185432607107,0.6433987047425567,-0.29771496264034314,15.786589673670107,-0.9855669276170146,6.404027684719387,6.051747050419547,-1.4267329004999967,0.5122406173271412,-4.356255510620866,-0.04306920491579094,8.715026087247914,0.3617157007784373,0.45267751338316764,0.25484249789550023,0.55
0.3892346484454663,0.6028210067911748,0.451085452303097,0.5683654282623023,-0.2953182900851759,14.95852487143774,-3.890997086053582,6.779104821739866,4.675513311807276,-1.5235470464370264,-1.0524175601987575,-4.192655984304448,-0.6069946494553509,9.721265661964928,0.2715268928558634,0.8204848064916536,0.26060600076902335,0.5900000000000001
0.70894593165681,0.7339571365870532,0.3446856058823518,0.6113788993390877,-0.3693080980646586,17.164626137031654,-1.7419656557074483,6.565501490184258,5.045729373101688,-1.2582225086535488,1.948881683130944,-4.1930622550877,-0.13466850594627644,9.542427919661419,0.28541580056677884,0.4961538880620821,0.35811451138183964,0.6000000000000001
0.3508738573547874,0.6453245853635279,0.5768399022015978,0.732909565529029,-0.023376717367006222,13.365788538404203,-1.4643292710241955,7.3152913724600985,4.743578989452033,-1.5056154125871029,0.670048957952956,-3.7250378511756406,-0.23483635767058772,9.677980562908942,0.30289322359551735,0.886051914999077,0.5776431327643186,0.6200000000000001
0.3099718081076468,0.5916923081855779,0.4943864905667092,0.5827479959963022,-0.16815294347767792,15.781461622574108,-2.690699994987497,7.719216286541529,6.328038400388147,-1.5418001635851002,-0.20400846833991998,-3.931073925641727,-0.1785129848283531,8.968163370181081,0.2770714791226938,0.8447476944695348,0.6503179628332592,0.6000000000000001
0.4029739693490898,0.3493252677384087,0.5253440867177582,0.7439007625939841,-0.09685934273863064,16.049515181568566,-1.4456516943047844,6.630474689411701,5.34993404435448,-1.4711600620545957,1.456351590119609,-3.9260070419342386,-0.3281468220714486,8.95671806118575,0.6264168816315326,0.4432825116681895,0.2074863101864673,0.6100000000000001
0.49508128167707927,0.3825911849707951,0.3644370363149437,0.7756389574651936,-0.19234989242966538,17.065899924452935,-2.2431676129613307,6.306041756324712,4.724017828871671,-1.450482366021482,1.978066934100553,-4.423088764157173,-0.09323787711037733,9.05077848675657,0.21826493126036622,0.4629811940677862,0.5572137934181286,0.6200000000000001
0.5102627606824895,0.5793469661612204,0.44142522459898687,0.6251204970236196,-0.189918223850639,13.474392398459223,-2.4555048092160465,7.014780360484868,5.072262837797399,-1.4772274106264547,1.3189066044268871,-4.184554111330322,-0.19591775991663465,10.019833761682879,0.21734200802032888,0.7917397393886616,0.47172329663485085,0.6000000000000001
0.4495608111417374,0.3511867886331283,0.6343149356765485,0.5192053783133659,-0.1571302286362892,15.769297078426636,-2.141390055051018,7.515605293693071,5.490800050014272,-1.40277390471281,0.5629192850602371,-3.75530265376329,-0.19953649423849634,9.642885363156399,0.45540227901605146,0.5742049086019394,0.5456437429945409,0.55
0.5694535456157419,0.6154512188441242,0.3246761097058175,0.4035129099374223,-0.11529696982759208,14.190719315224458,-2.081742068022884,6.522410624020022,5.701854576943509,-1.3317899685302896,1.3213408649454665,-4.259098905404082,-0.1364748699440116,9.992705279221385,0.6011235719263187,0.8428638293126078,0.6300324618979272,0.6000000000000001
0.5353258158768001,0.4888457174756452,0.45525862919975624,0.759387143532081,-0.15394746930205616,16.401313914062968,-1.0963546468818457,7.57303734099778,4.617031884788243,-1.4070806982742554,2.382296627481253,-4.505587799784233,-0.0483081275308781,9.17488020903838,0.34225577867264595,0.5030383822993134,0.5346630557327259,0.6200000000000001
0.43487647994172574,0.6651255995370544,0.45469070643354526,0.6852347318172937,-0.10268596279230323,16.607727789736785,-2.4541697120406023,7.267812741876707,5.875680274487536,-1.446829817974396,3.518193129988903,-4.056078988489601,-0.30238938541544486,9.160983043125958,0.3740959836061854,0.6055068944898769,0.5405544962183182,0.6200000000000001
0.5926114526995213,0.6591558302761102,0.33058123381751375,0.6059160026709307,-0.042242514064740236,15.110180306960089,-0.22286530305667873,7.210979656394472,5.081152900503425,-1.345077395809118,2.60174518301094,-4.31726107934856,0.33459961569987773,8.866732981607875,0.584463760085266,0.5744736747873415,0.27714628568484023,0.6200000000000001
0.48783376522116895,0.7216338346893449,0.4608895124853972,0.5958755372738435,-0.3016521647591687,16.770099388281828,-1.2395112073505061,6.570736297875335,5.1593678322019185,-1.4467801159770444,-0.09800669104699533,-4.180876106541192,0.06565376226251621,8.76500164114765,0.32120539888972854,0.561945598377613,0.23954782503358332,0.5900000000000001
0.3850062074871655,0.3142828120218707,0.4112762927177253,0.6092743533798322,0.02710196460601955,17.347149064391765,-2.1547386324065414,6.933290053273931,5.373618201018028,-1.4928499566568392,3.5875746486577755,-3.9016126760555365,-0.7100396513526686,9.432288574693438,0.33930430265619266,0.5651567911404507,0.20427660836335493,0.5600000000000002
0.4538272146559131,0.7557078889494844,0.3859952606205762,0.34275408197379753,-0.07590566202132987,14.508961633510836,-2.146550744684779,6.1631007442647405,5.498908613948696,-1.5112062917245275,1.3590027373977196,-4.298331801022127,-0.2938120690456161,10.344609343559044,0.31333386049853057,0.7499818955401879,0.39994304643400347,0.6200000000000001
0.5760221549443943,0.3644287784614253,0.43936920641244226,0.6481288212845284,-0.15242684273461973,13.342208282551207,-2.191210216739239,6.644901050905704,5.012180175233299,-1.3923642304264197,1.1771389001354002,-4.197114535920179,-0.175675619011738,9.408989451791921,0.45774447557535514,0.661744617386159,0.29518904612486085,0.55
0.3308172482576219,0.36752956682075477,0.47543825904615555,0.24268949430831674,-0.01179872487082706,16.487294943612284,-0.7692441651997233,7.598001023879001,6.083429972929964,-1.6183736792363637,2.319309779923382,-4.102095133405236,0.4259940458990175,10.560305967550303,0.2557299327892231,0.5187352815690811,0.26721010724132627,0.5800000000000001
0.568801405777351,0.5309344394765665,0.4370930765666281,0.7785487871404262,-0.2631693393391995,14.624864127128594,-3.124278424153495,6.173410182414945,5.54047924343791,-1.4306069138951216,1.8689430568373406,-3.9642320070986035,-0.35616725007570016,8.198959990678716,0.22834328522128905,0.5590401773890885,0.3809087733661965,0.6100000000000001
0.32703966912267607,0.5063461462009848,0.4766470191863692,0.6984598862418148,0.009110894206830367,17.673290923638092,-3.9004400757982403,6.988910229663918,4.38585018912524,-1.5734699480295666,2.616655159770887,-3.6015409241764536,-0.5283622900990567,9.000136398753344,0.3121394702441762,0.5747928939931188,0.5577834697018045,0.5800000000000001
0.44594854318946325,0.7017666184692007,0.30888353928688334,0.352202820160066,-0.11332224213965893,16.314270545439097,-0.6731470170655897,7.795637174112992,6.052731289104651,-1.4920077084544454,2.890224699256108,-4.448639869908858,0.31265989046204734,11.066471633169554,0.28644649168800673,0.5138948990306583,0.3641608690712186,0.5700000000000001
0.7874277273029989,0.5387319474880676,0.47038127685283687,0.5519892888051464,-0.08064430100290784,16.36114002175356,-1.4586028065041163,6.945087744974771,5.626651704072678,-1.1896451290064642,2.8850327045275814,-3.8997125926988985,0.04325399330792351,9.23259460087705,0.8001253306813472,0.4197226629280149,0.3831915391795942,0.6100000000000002
0.5414910694233827,0.5263469558117901,0.30570703674372757,0.2734381688603518,-0.3108131286667678,17.947484055445024,-3.5786290275259165,7.5110903820185095,6.111693127458946,-1.3073477492623047,-0.7571971243259089,-3.707911981134594,-0.5032484528740252,10.22828739105288,0.25130791270737085,0.5525836660058768,0.3910600968013813,0.6200000000000001
0.39867417909938624,0.31928436500611695,0.4779105918271208,0.6622632781759179,0.030488120798637736,17.09606007861694,-2.10388691173908,7.49798328697971,5.772193602912064,-1.5195851522939652,2.3028364817589795,-4.09227473312464,0.030025322566041776,9.447348766767101,0.36273246349018096,0.602341716055006,0.8168401118343809,0.6200000000000001
0.37694474565850183,0.6674689247829132,0.34882824516552363,0.7436570620891495,-0.15835601608620378,14.832649031857784,-1.5632695162683539,7.2080156881042,4.999591937864829,-1.5698878646104473,1.396705914423365,-4.593906165673121,0.07508914087730567,9.578427763370492,0.2721230964508167,0.6059692476916939,0.4268676313721312,0.6000000000000001
0.42176456841512044,0.7351384422804539,0.31893707373737074,0.4074724603048405,-0.17034833900581237,12.9250200086189,-2.601653907330075,6.585057729741204,4.031042636971885,-1.4393900869159102,1.1823327707993174,-4.328877666413044,-0.22816468897935088,10.580491616808795,0.387384206981703,0.917490202868706,0.5518878468626816,0.6100000000000001
0.5211771563670682,0.7474427917661983,0.46395575037815023,0.6136061328325699,-0.016980816368525806,14.36728429424688,-0.5731678786331311,7.668441339152875,5.518732003090601,-1.428234831037363,3.6402394009704815,-4.129411367084138,0.21235463405603341,9.439885738958456,0.3874564034589929,0.7784181105161913,0.43387674156623646,0.6100000000000002
0.3148362725298597,0.5216197405113069,0.5032011418809919,0.7653453023120009,-0.04930397968067593,15.997911198909252,-1.7738324209492684,6.240589871741062,4.718521471524207,-1.5866513568035148,3.356732117952985,-4.880928242080191,-0.38285870777103814,9.393712886002533,0.2759457512924035,0.5551546361030166,0.3655488710031799,0.6200000000000001
0.5925042604550357,0.7644589198858615,0.35349724443970343,0.6164730522582327,-0.1541222901302244,14.336200850911577,-1.0825663411042639,6.369986742139665,5.954208892024851,-1.2744972741287397,1.0988940931052622,-4.270400026050046,-0.13448564911113753,8.891967363116493,0.6285319230681353,0.6506249026346578,0.7543529539242034,0.6000000000000001
0.5333236421066297,0.5489388004284115,0.5986675816164009,0.5290918037885697,-0.22662419572714596,16.42454971665671,-1.5263178117252567,7.342963977361617,4.478193027227207,-1.3921624371709065,0.1997010582795311,-3.978600053483905,-0.1744911896942253,9.737377550283757,0.5637173146370948,0.5797047620363921,0.29572533291072434,0.6100000000000001
0.4037026956403153,0.4066233186296305,0.3419130439135878,0.7695533361798613,-0.1621840071258884,14.879486326294785,-0.6922723461329437,7.639456202471676,5.732100549269999,-1.4877339930064304,1.9453473733780466,-4.261379798459138,-0.05104225912500729,9.861682217903255,0.3389028487759965,0.6650725954757706,0.4026719372125431,0.5700000000000001
0.3563733318428597,0.3589524648583985,0.4370929564047269,0.48241393602005417,-0.08421149476493486,16.288105014213077,-0.9078417078904464,6.961687610126817,6.187690156951689,-1.4670824852564355,2.2571093993120503,-4.526258536915234,0.10548877907247645,9.263349151176383,0.6286867191753468,0.6320176882008438,0.2456707755740372,0.6100000000000001
0.38287572442777157,0.4797661877812125,0.40674112061162515,0.6672962483260069,-0.21183609317576635,13.529759954938232,-0.9646923726067469,6.655003528867,5.204035086633708,-1.5095764724871041,0.2654832446528501,-4.271655897204905,-0.06609856892509522,8.90049919872578,0.2463133418139869,0.9157762742392178,0.3268119359996646,0.5700000000000001
0.4020577653102828,0.6363352085250241,0.7537140353445642,0.36621811339571386,-0.07021361234026569,13.47440823919591,-2.952497027877383,7.299935266445022,5.170968174671206,-1.462117714166924,1.4390933022483798,-2.962934277754443,-0.5761701119411213,10.52199354573482,0.4362757544021262,0.7928787017333078,0.44192635902422633,0.6100000000000002
0.5223292278204434,0.3714844918452684,0.4537949034095987,0.7473745875970167,-0.10529485328605398,12.387285300979745,-0.9911786587606246,5.909196661894835,4.875692224942565,-1.4187771811299594,0.4943742316691407,-4.0315594763552145,-0.15339255879291844,8.939024844917965,0.564346935249124,0.8024609233765366,0.34437141103995467,0.6000000000000001
0.698193653278419,0.7643694072217384,0.5857897678768039,0.7321056756660708,0.10685607991004958,16.269659928081488,-1.1804196062913381,7.2273706558957285,4.809463255147635,-1.2348720400803677,3.848833828063369,-3.4336342532722437,0.055878927148034496,8.969594691271029,0.509781584987182,0.49328614146150024,0.6679143118767541,0.5700000000000001
0.34617954089119185,0.3994375049026541,0.2236469250061765,0.5528918835342702,-0.10125038596600612,15.079522074976426,-1.7274833726439711,6.350609083954688,5.814492424891489,-1.4907046786525036,-0.3129950542121118,-4.582802420442906,-0.07874003783210393,9.089297822425854,0.4852906572058905,0.7217257798791382,0.7623610753063511,0.6000000000000002
0.44010496649204656,0.5787652511267419,0.2842461130135328,0.780637787627004,-0.18277578140690684,15.918534732038367,-3.1012424301447674,6.239660770830946,4.3800756014391915,-1.483360889889263,0.647679151917401,-4.170573953795158,-0.25752926568842865,8.929174781183654,0.37514752769407744,0.5993954513507358,0.7500742819361683,0.5800000000000001
0.4242429046443812,0.7258112874185976,0.35077605801983724,0.48188815563719917,-0.09290120131434462,16.280716976727895,-1.0603757116760124,7.188432016299832,5.25659769277843,-1.4525524251808357,1.4851235704820345,-4.3594103706974074,0.23015262182028173,10.209782450144884,0.40557809935470035,0.6153158111851906,0.3607648963365875,0.5700000000000001
0.5301550946823591,0.6948154858638932,0.4238174181179417,0.5993531425910914,-0.0813579620831013,17.44268573937962,-3.043443161607157,6.701117597031347,4.162036969131639,-1.355378876721061,3.696433930008926,-3.956148923690015,-0.1767251342610588,9.887256333973134,0.8780444431099207,0.47286400275122936,0.3720113010131121,0.6000000000000001
0.6317731153659527,0.6365713892752853,0.4219333848628563,0.7090330059801192,-0.2585732294292716,17.77345712230738,-0.12591423904716265,7.416615586488091,5.119996501116148,-1.3336795807402269,-0.0918292579998039,-3.944204402812901,0.3566913594005172,9.11281547109474,0.32171223565092943,0.4165162475970954,0.8544443255250704,0.6100000000000001
0.3122387259263052,0.7807164086238779,0.6469109663737477,0.659362443238456,-0.1582018720030952,17.124961614411884,-1.104326504206311,6.856819031135996,4.717178508393227,-1.4897087501861974,-1.2580432569209323,-3.755351442192152,-0.36108697562105996,9.287976212309783,0.4544082860549807,0.6532034608990794,0.2673152252426167,0.5800000000000001
0.5370299805175454,0.5663239422428726,0.3512210596386114,0.4309408802472576,-0.23328668361499455,17.31660946979676,-2.363057473723414,7.392146400295543,5.78199601818818,-1.3003340632808116,-1.48094032189645,-4.3973455444828105,-0.05115464443703596,10.101131887388132,0.6639344846365869,0.5885307615009733,0.8663184164654556,0.6100000000000001
0.3387000624922433,0.4680418127323885,0.3636381280102112,0.7324824445058671,-0.04108954103031355,14.348277061083085,-1.8071738938276654,6.095325827855555,5.367658216242284,-1.565747147259072,1.8257320265053028,-4.063680128040695,-0.12568934856283975,9.314659814643132,0.23171581936399457,0.9699576299644013,0.616954442493076,0.5200000000000001
0.3241577790541738,0.3076064890849859,0.5205828205206033,0.6145131822194445,-0.20245534492304723,15.762941775573152,-3.2795322949481984,7.203295384316782,5.362366731250715,-1.6371934430858204,-0.9392225650486505,-4.0416458639216,0.024266785596746165,9.4157494098735,0.23177914480829004,0.7431739336167041,0.366301597590053,0.56
0.6184035258377953,0.4471105969956518,0.4337149807401349,0.5965052565950077,-0.09534575874030046,11.531780496140314,-3.4366393040646703,6.8490458272434624,5.699702234162517,-1.3334929484321576,2.425393576948918,-3.6543612730766153,-0.09367753009879298,9.47440830457427,0.3377761105742908,0.8300830575700021,0.48313447454944874,0.6100000000000001
0.3630453327873302,0.33115896539998824,0.6993152596097566,0.6757528111463731,-0.1359004296470338,13.687162459745489,-0.380535417357557,7.694559388331789,4.255641407472455,-1.5801229563827315,2.288229914327106,-3.5121173573985875,-0.38183739142403633,9.618069009696386,0.25349405743166886,0.7688456700824297,0.4486663746972256,0.6000000000000001
0.38265913403592433,0.43735674373727884,0.39369938659101666,0.5654768429486073,-0.0949267298555338,12.880651586373961,-3.2565103028697227,7.198717600862818,5.6772387529047155,-1.5222910585128397,0.8650372017822741,-4.103913732636307,-0.2027532805013842,9.559598784538574,0.3362980338711529,0.9472832875552893,0.4522950904581088,0.6000000000000001
0.3726045988561949,0.6008730555694881,0.2865729490085725,0.41646853260508304,-0.0690670995360512,14.01572243173661,-2.0225876733612553,6.8338900070407345,5.576081190913795,-1.520513598764737,1.488147250345387,-4.166037539943733,-0.12130501663088569,10.375619363110333,0.3229071080993102,0.7856474829392298,0.6745682069352856,0.5400000000000001
0.325019057084687,0.6649609615592437,0.5440135195965949,0.5778105704456413,-0.23415094652263133,15.506622701302295,-1.7790347004991232,7.08359475855656,5.417164761083189,-1.599903906206041,-0.8701024116711032,-4.003949786136245,-0.0303993815807731,8.90458466856822,0.23221875253023402,0.9121176189309994,0.2217250178938574,0.56
0.5377576383730083,0.6691677207996042,0.3359824824842895,0.6276479034212721,-0.554145037139829,17.46539153508126,-2.9796383246981284,6.85130668857957,4.457218229717643,-1.2877467961331066,-0.25563900706165643,-4.247874338592095,-0.5323777319642929,9.530145720206585,0.26555153173427504,0.6690453093087784,0.2822525459683898,0.61
0.6320780276399783,0.6936896730715802,0.5494090311776632,0.5613616276714765,-0.1910184989355242,17.192167359466737,-2.415446073601308,6.276722917187692,5.550013846307811,-1.3843351131087531,1.1389087113809162,-3.7767196054630423,-0.5495040951873111,9.542703366029993,0.43631840900390334,0.4107069213336372,0.23455995764976667,0.5900000000000001
0.3235171248581635,0.7112703914763759,0.23766846817169426,0.5047849408732905,-0.022886707563182118,12.151915348904028,-0.4060818308372588,6.690718541666948,5.524461988523968,-1.5007870045299048,0.9542276456282344,-4.611365900208936,0.20077125405506296,10.235262451561583,0.3798817842559886,0.9913822943249521,0.8816554789635428,0.6000000000000001
0.5878369925413829,0.4289875933547028,0.4509977083007858,0.5902006177474656,-0.12171533819182569,16.536650755877908,-2.568701337155584,7.693802610672558,5.1330714026583495,-1.3054727114454476,1.2939014315804926,-4.173122841046459,-0.1758942203971336,9.399305829649387,0.7045652141099408,0.625922880342675,0.2564312303776665,0.6000000000000001
0.45321537519815003,0.789147960642767,0.293029762100518,0.720243648514811,-0.12223111769745934,15.932467739198705,-0.5474217769597816,6.168997637076489,4.461111551107531,-1.4834589626523027,2.39825376510756,-4.6798040806511265,0.4707980061546995,9.428506135297166,0.20309843788409748,0.5650689562009553,0.28443989469328335,0.57
0.48531080974825025,0.643284618692705,0.2915658977793287,0.5385403309224083,-0.18422803691696749,14.420960464019492,-3.545579225523158,6.051899800584786,6.135493068254377,-1.4422124177236881,2.0260316770142617,-3.864627802617219,-0.2407589540580564,9.896647574896244,0.25453767567079494,0.6231606342642596,0.4860467244162563,0.6200000000000001
0.555427648878799,0.5060621462668647,0.3649872460361677,0.6526856618994046,-0.17526312593878401,15.465868008753759,-2.391781275082236,7.042365584199196,5.443968338976439,-1.3917437211780304,1.4367428619223763,-4.370731980433932,-0.09525767472580171,9.957190536002306,0.3576701712509828,0.5984278710540885,0.7001294018401236,0.6100000000000002
0.48888274953847344,0.5000634127645197,0.44447429715501574,0.3867848566898933,-0.1128296705787781,17.479832771689516,-3.3595151662754654,7.120593713181658,6.256995790306236,-1.4829594231906933,3.7420533037021917,-3.7610254838052235,-0.30920494452270225,9.671507293489338,0.33924287525591945,0.36153677841404414,0.8199286788138109,0.6100000000000001
0.43174630448871276,0.420595078929222,0.4285167556370443,0.3474276406690261,-0.16907735595335585,17.545418226740335,-3.436576709818979,6.201699653110154,5.1658655015149995,-1.5647893429152526,2.0703362889231105,-3.97602828522034,-0.42783642389795545,10.454718972923628,0.2083536694274057,0.5953377019049848,0.41734824894697303,0.5900000000000001
0.49703907435357275,0.6033268271722046,0.49982449591169403,0.32145804620209373,-0.1547738244461882,14.936870434835859,-2.252386145101979,6.312330225146279,5.674518142603189,-1.372314707446204,1.652128297569273,-3.78217667737894,-0.7353043015065485,10.113335017151867,0.5127489296952774,0.6430741493198221,0.45719183950703884,0.6200000000000001
0.47558295023465924,0.5660368879660327,0.3816650851620887,0.44100510217836514,-0.09816758531467581,15.8863300037259,-0.7503877851967626,6.353367853075875,5.901436531915275,-1.4431242578447843,2.8133543496499622,-4.126633093478364,-0.05807865233360349,9.892774669235747,0.2452224556209237,0.4901593307756996,0.9161022576671927,0.5900000000000001
0.5818264409852342,0.5782366656397759,0.42518246689467454,0.6203374767233704,-0.2631595592143525,17.789671474752705,-0.8960875307783807,5.953266460569755,5.443193554418215,-1.3819337758469514,1.2522146837993136,-4.286409956942646,0.16452948635621084,9.073419071388214,0.38356082610453757,0.37978163354759054,0.2658804466135918,0.5800000000000001
0.3614747676603006,0.3735172487425936,0.47372613709760886,0.392606946140246,-0.05462483241556035,15.264943332985634,-3.126509692424189,7.430064788038395,5.7937436938659115,-1.5186801123855016,2.166137515532609,-4.078401215374381,-0.29664934868028686,10.750918422601906,0.3565285061756141,0.6057698835619775,0.5014719386233408,0.6000000000000002
0.6648651173827294,0.3341794311610134,0.32423080324480835,0.6769589669749208,-0.21171323504975376,15.63673525497545,-0.8528263477756767,7.333272866594059,4.1394596614357315,-1.2421978789372157,0.938332823058249,-4.413532403211549,-0.07402287449944546,9.63397203862601,0.5698491624576016,0.450327052239503,0.8065408995242409,0.6200000000000001
0.4211682388308814,0.7652365335407904,0.3919849541438746,0.47591976444443623,-0.0019569775635164682,14.738867796789316,-0.9821676036819198,6.126737540538005,5.633522649646463,-1.4487330802795184,1.528891967554583,-4.303400020953324,-0.03260947267137232,10.255823903425156,0.7801412935326513,0.5560987453634398,0.3630441138786705,0.6200000000000001
0.40240876422843924,0.7054531458627452,0.2841151071439863,0.7723317876547218,-0.06451759302138725,15.475844449128324,-2.4602757798547157,6.654382829232285,6.177340013248631,-1.5200391999552043,2.657389605911249,-4.206609516793184,-0.06399055336085938,10.358157497267204,0.30248895814795584,0.5490171020834871,0.7121626927606203,0.6000000000000001
0.39126788549329866,0.529274607344652,0.5593018962951297,0.7507685318131636,-0.1482566294438642,15.518906496003888,-2.304004456003696,7.012986476211741,5.050543191173107,-1.5063827634605294,0.32215356660804206,-3.9489624036816267,-0.1825177443383658,9.071563560784979,0.2998605174721794,0.7996920360181051,0.2318741682189397,0.5900000000000002
0.4249969359456168,0.6107896174392523,0.3013412838174747,0.649327783338062,-0.056853012460239744,15.246877026999718,-1.7591602895072795,7.313335602888817,5.043798449047601,-1.4326096874758483,0.6997366149808555,-3.963166385569948,0.29924218850280687,9.512189592115025,0.8705699923404719,0.5645537409827999,0.6357062729722309,0.6200000000000001
0.6250387648583617,0.47317488855783396,0.5907541689928704,0.7380550860122154,-0.3234900250279428,16.864042657818665,-1.3509066792203568,7.443766751939979,4.664225155196141,-1.2853541527498484,-0.18776168192674106,-3.688917734854887,-0.010097272000937296,8.81799910670787,0.31395115158348347,0.5251584542554241,0.7014311873485557,0.5900000000000001
0.35445902926925,0.5772647915268528,0.30442785093525326,0.791494690051697,-0.2456560334803961,15.190749610391343,-1.710689486113956,6.621863067759111,4.991639487912647,-1.537247322639588,0.025570364424171932,-4.355847856307289,-0.14466518832706615,9.569928718845594,0.26116857666479615,0.827640975797645,0.2503843416569415,0.5300000000000001
0.5003108454691387,0.3267816815300373,0.3492181241826102,0.7135042700477977,-0.14486545669197004,12.541819316997378,-0.7737428619305571,7.714898544872827,6.088400395486397,-1.3507566619068812,0.5147021200367395,-4.513593073570897,0.24751642544142297,8.5567160507771,0.6364199673897567,0.8931634429560942,0.28671181990341726,0.6000000000000001
0.5358035829891106,0.5913018870092301,0.24709215052957012,0.7700906923691244,-0.0544670104035828,11.562892109747429,-1.9881180831033347,6.167822303171957,4.8367709116677595,-1.3678108161646312,1.6931721042789265,-4.121876643277437,-0.12215629572342478,8.693898988021758,0.4451997993460315,0.959927390509468,0.8863264054213927,0.5800000000000001
0.33808429615202285,0.5732998463948535,0.4651449081548697,0.7309674705986429,-0.12172088705556008,14.776672919412828,-3.999242176852964,7.076650517101143,4.99366400280185,-1.5021555380280849,0.3562297125472397,-3.42641185261303,-0.5662851537489234,9.321240274452968,0.3132746967709614,0.9504462136368473,0.34769737418913993,0.6200000000000001
0.5458127322879325,0.5315559755218306,0.5484039776941048,0.5129343396350698,-0.1842261188899515,13.316964064785244,-1.4937201317283804,7.226159026824206,5.468330578542596,-1.3803171239242398,-0.5837250969409544,-3.899461322260607,-0.03337949044658926,9.61349045053916,0.5738392323549972,0.9359789056679433,0.22544658510919496,0.5700000000000001
0.32495560136660695,0.39668090989329646,0.22736359503896741,0.6378080338478997,0.004000033376822712,13.519996601903822,-1.4783051274348045,6.0471387064109505,5.67851197537726,-1.5530486609924548,1.1432098021468426,-4.584596620502983,0.2841445001225992,9.392749039067686,0.30964651319199027,0.8948650171009074,0.3342839831847438,0.6200000000000001
0.5467914890702543,0.5574648681715535,0.41970562378816245,0.6608310261493603,-0.4391163249014045,14.274484063864088,-3.6898981411461707,6.699554499832324,5.685073691492827,-1.3423515956577692,0.08019154953173996,-3.976794616200925,-0.456916152415935,9.569440672547477,0.2898753340689485,0.8208920434399882,0.24043560606455994,0.6000000000000001
0.5245066653250029,0.5956309795354369,0.21375275444642344,0.604603213979401,-0.1776074051438039,16.457815087216616,-2.301153764120748,6.5410663650414795,5.838494618348498,-1.4281276984434104,1.161776749802966,-4.2250663691265515,-0.46028613079271874,8.876037501153512,0.42104167592226693,0.4844876840389379,0.34893559531599194,0.6000000000000001
0.6905596233528724,0.3522097746692486,0.37009859608169554,0.43687824933079517,0.022552405400532625,15.876314785829127,-0.9068546368313928,6.5559253995802775,5.771547333046874,-1.2238431932157865,2.821594000396392,-4.176571500744453,-0.0708784701830691,9.907898902534635,0.6512503469841785,0.5257904477549009,0.7705981899794474,0.5700000000000001
0.33152856310590917,0.6618256044293529,0.4401696590614351,0.7391767253229723,-0.08771860577848732,15.440313716156387,-2.1817136179663414,6.9004514993096855,5.290950721071745,-1.556736473169472,0.8946196780190694,-4.002919759213911,-0.5701199128032532,9.210943740537338,0.2775207026232985,0.6840392165555307,0.45458187171029774,0.5500000000000002
0.38332493153737957,0.654848043692286,0.4450410153092986,0.6496602761200033,-0.3387380209168589,14.282379145886422,-3.7842046008171235,6.563431674150628,4.267317527663118,-1.5312639071756056,-0.4226513161147749,-3.8324190403738423,-0.2706931873493955,9.311009248789492,0.25077951286544975,0.785427098464674,0.2424355534291112,0.62
0.4997152446981229,0.6291986831976568,0.42619917196768536,0.6465484754886361,-0.06415485279339775,13.23211329966523,-1.3556595720589963,6.776141587541909,5.120077351768995,-1.379737861064296,0.47825391888751356,-4.1857324798433275,-0.4680419918473825,9.026653560007187,0.8250778680408204,0.6662726242957422,0.3238543577371677,0.56
0.3596927430710017,0.48496838422604466,0.4130498624569534,0.6196833272024791,-0.03814330579951829,15.505778511429229,-1.0344590237060154,7.627715671613623,5.734434517900915,-1.5054236163882266,2.2557044575801535,-4.565918209524416,0.4707013266893979,8.917993700512877,0.34332683963502186,0.5868960218662521,0.4040297816197471,0.6000000000000002
0.654425224077408,0.586593503519118,0.3582941528589578,0.5604148296815874,-0.029602894112809752,15.819807405503523,-1.5407423218198648,7.593788677955654,5.658719299189349,-1.3970067159142763,3.2095682052446697,-4.252645797052843,0.10660228717739897,9.724547714804114,0.3091225645398392,0.4743670730790823,0.4210548505759778,0.6100000000000002
0.5019727128150367,0.35065670099762986,0.25547236264787,0.7583155664275709,-0.1988204120656546,15.994736081636354,-1.9456538761103686,6.478779377139757,4.568877856561401,-1.4712017221672715,1.7951131108519767,-4.201413275939721,-0.2552627019463945,9.0020915828587,0.23547830936355513,0.6002564636578794,0.5059121474313224,0.5700000000000001
0.5890804722689974,0.3207306937913973,0.4070139177938543,0.6460445864153218,-0.14201765545696884,14.620352425781942,-1.1730623040491106,5.894376603155043,5.321820270137815,-1.3538400048009558,0.9303057021935529,-4.350311635575173,-0.05616989989244958,9.066869168630483,0.6070365351400049,0.5627894376300667,0.4142340234047581,0.5600000000000002
0.30988345147383917,0.6800830443469157,0.5204718036665834,0.38900391816681856,-0.08810993545929732,16.25104026773329,-0.029255217039267478,6.7759968018288586,5.90335593444787,-1.5257759427340105,1.4576945680745117,-4.116978827516762,0.36305656756291904,9.986905100250707,0.32357506470969205,0.7025727547196292,0.6304363808051736,0.5700000000000001
0.48169292015652754,0.7606828013022411,0.3566298196936204,0.7368112912989794,-0.1834819032849508,13.454269880046878,-1.0735625341076391,6.694951599485926,4.939944494540195,-1.4283671616726998,-0.7717650564300922,-4.257886621866306,0.08659637155191573,9.270597256990982,0.3441513148297763,0.9039991679978951,0.9214441456468687,0.5800000000000001
0.5601019238136733,0.6926744908403196,0.35263713897568205,0.5312805757606368,-0.041386594745735555,14.837868306630943,-0.5459379676363934,6.1896534294735295,5.427769296267763,-1.409107653111566,2.135639979541717,-4.165332955167148,0.34522234854999,9.802946834512388,0.3275057352345967,0.5822897213514093,0.45251089473829353,0.55
0.48458386817091714,0.4150382460593165,0.35092032793365585,0.5656786883046833,-0.1470577685569564,17.142446979314226,-0.9298040131752305,7.36258511647547,6.654814689193795,-1.4512223640445452,2.006980988908502,-4.44437795503468,0.21882077671538055,8.837396707491264,0.3297742846756986,0.4801661641809546,0.28511071045584857,0.6000000000000001
0.3995269235534229,0.49603428551338924,0.33255780323094675,0.6265832434408136,-0.12430297426241899,12.918857484416623,-1.0669082390469395,6.392399936967919,4.469287659187464,-1.4990956887094469,1.9065707680191082,-4.286873497122871,0.07899730197915485,9.426694210726401,0.25702618741937067,0.9670049488674191,0.6497655433790804,0.5900000000000001
0.43149677637758216,0.46537829011618026,0.3804959175377965,0.6211126428473752,-0.0009649492671403304,17.542826959927922,-1.1389324920811001,7.070399115220998,5.208778440225881,-1.4445900995878327,2.722610365472982,-4.24931115537453,-0.1048567030084318,9.158521686779578,0.6067756259843353,0.48410482262313276,0.6531854455279997,0.6200000000000001
0.5694679146457187,0.6377460366115331,0.5145977125938255,0.6780482507054063,-0.1469373521923855,13.028126058034779,-3.8305735370568397,7.395348500807469,5.32030491188058,-1.3264539239979098,0.5127148403175461,-3.3233804599110566,-0.27202404520191037,9.520492716892122,0.33363777185622334,0.7177480683452703,0.604207874900158,0.56
0.5520858550780139,0.34887692415436083,0.44569001855306495,0.78893923701032,-0.13728302861048747,15.025939919386145,-1.2307692255261387,7.715594604091071,5.0169595124858635,-1.3873176724938654,1.345183851044712,-4.282932018926694,0.4781196149177921,9.010632147304687,0.48847597709960655,0.4609725277529183,0.27824556402469824,0.57
0.4488178247006914,0.5256653200030543,0.41415502742016236,0.7730256986427722,-0.4783483489249454,17.512750748920933,-2.179497673645036,7.447494164595935,5.098748154412898,-1.447136018566665,-0.5877991858126823,-4.0948093858800565,-0.2254223550153503,8.487247942269795,0.2087642292695399,0.5594287346830189,0.4119586680589962,0.5800000000000001
0.6384067459178115,0.3100079032410575,0.34003880622297034,0.24294157898733437,-0.1740937724375853,13.438639183751969,-0.07777088721648506,7.193596200913185,5.891046885555338,-1.3814120906454137,0.5339819033846169,-4.1456359209027385,0.23571343997676966,10.481849606630346,0.26817950745758695,0.7102642526721452,0.3841762382404395,0.6200000000000001
0.4029460889849707,0.6555106608844892,0.39016493936158625,0.4400058988114675,0.03526770722727045,14.581476983651736,-3.1486507429560215,7.050667401459697,5.927623057311076,-1.5245781883254788,3.3836907485790246,-3.7598195126149814,-0.3439298845373311,9.853117507356206,0.2501372245946274,0.6809268067204658,0.5503751698778058,0.5900000000000001
0.38632382031385787,0.5348755442179979,0.351187996412812,0.7950230502697175,-0.04013976019537998,16.26676046085134,-1.49213351212867,6.765557365096227,5.065334414735976,-1.50164138359282,3.432710935008648,-4.767308934348817,0.1396185299854116,9.302707774429457,0.4369803435165265,0.43371912986042704,0.506398483587647,0.5900000000000001
0.3997252720691683,0.6129447941913668,0.27617747903429696,0.6591335724444243,0.01448126352034454,16.994080905399905,-2.377939980658652,6.574759445669755,5.3505731192687875,-1.5309121674177948,3.4237374954029005,-4.351474766779177,-0.28489274152479493,9.220791689555261,0.32085625236562454,0.6866817563097694,0.4554408246488211,0.6200000000000001
0.5279853701085763,0.593880264185197,0.41045560019063754,0.5242063618698376,-0.20916044663007274,13.24602582565592,-2.2774438186154984,6.75744251459837,5.534174702399036,-1.4277703423612123,1.8181717283463015,-4.431172609073709,-0.20879249161917007,9.803500692550807,0.4000370807364061,0.7309762822390538,0.26409469605267066,0.6000000000000001
0.7222355340845357,0.5601215028729015,0.4170158139962604,0.49395229117702083,-0.21203423790985548,15.420444715356522,-1.835602497044537,7.333073454914321,5.755431662586044,-1.2790039608296673,0.23460263993328928,-4.203728462586042,-0.07003138567441376,9.469089763562133,0.676243052253852,0.37619806824269275,0.8504355428933582,0.6000000000000001
0.6614832832693573,0.39566561096566616,0.32809966869637186,0.6626813401088985,-0.19338275656797266,14.29476393469261,-0.858641856980253,6.58625996028223,4.975653561343885,-1.3097511382372906,0.26194876847474574,-4.318400918147097,0.15821697187124514,9.725836682784236,0.6434389576244596,0.6568222682384914,0.44666205855443,0.6100000000000001
0.4166223854755335,0.5562876336977054,0.3235823000041819,0.6775821419076523,-0.04945020538862881,17.05719712343296,-0.9398631868547888,6.810856266001791,5.644107931251206,-1.4948343543896079,3.130577226583857,-4.1600437907171885,0.16881707334203347,8.81161948187348,0.31116686551687883,0.5958538485129466,0.6798774298027817,0.6200000000000001
0.39055690187088876,0.5436472662242439,0.41185368093799896,0.7674485073680607,0.02187759225472749,12.981212941476045,-3.5355710294128313,6.329491443611173,5.108735723664761,-1.481825323327225,3.2241380640662456,-3.5362485233052814,-0.1734453479764931,9.587608563156724,0.37791648920186904,0.8259932520812187,0.4496364382145573,0.6200000000000001
0.38833578196251517,0.6395696944489428,0.4675087960799223,0.5928987481752597,-0.1405237293686288,17.774558260745525,-2.6626094159948996,6.777525433442972,6.126824567065998,-1.4712483592683165,0.6982871225501553,-3.8665309683923956,-0.5658793231900447,8.48831487531622,0.3799556452154954,0.5885369411631638,0.3315327285536812,0.54
0.5681371903906489,0.4366998385536632,0.43780136855064583,0.5595505644579848,-0.1552821738730332,14.115708342224282,-2.112253854609157,6.59096411821486,5.333767534177842,-1.3583890539998549,2.5249294873268804,-4.009831796529088,-0.15847637697396638,9.75688779963408,0.3518592181435901,0.5111740296723333,0.5817882730341327,0.56
0.7104049803221272,0.5879314207450796,0.4039271381159996,0.4689677644875544,-0.4182222906507979,17.331693800655128,-2.7575181043734567,6.373659457794104,5.9596252634064815,-1.2605998308172024,0.8060408478950611,-3.7044215392526554,-0.2430329387937696,9.712583782011318,0.27066368393141477,0.47262884525775456,0.6615597657579984,0.6200000000000001
0.5972369830262451,0.6559106331027517,0.2641436667357,0.3324340109421407,-0.2067967414108793,12.8386352627839,-1.5446286557189408,5.836101347355658,5.923087097783246,-1.3045410680347922,1.615483663351645,-4.227526152804224,-0.06276519914589712,10.37014589600057,0.24041363753854308,0.8012275485849867,0.7797228704389969,0.61
0.6338396811804239,0.6106207955254532,0.5684336694556029,0.21632219752702533,-0.29062010741717104,12.432813257800712,-0.9185150485340353,6.25367450671172,5.93177049314852,-1.3065279864935737,0.10271123882129596,-3.7122440922654234,-0.44176313330058586,10.324194896483267,0.2781843883726537,0.9684068768280745,0.24497489243700976,0.6000000000000002
0.3943806509494041,0.4690490990073164,0.3810917155867273,0.6578088491102544,-0.2650726166930346,14.547936748136504,-3.761152408044157,6.317852888648702,5.209622839440786,-1.6309164096070465,-0.18814124471547167,-3.8247986301494987,-0.6215331725409106,9.197114657620347,0.22500822915568713,0.7470995819156858,0.46821263977444855,0.5900000000000001
0.48322026834837556,0.7425211726861498,0.5563941710966356,0.6381234923469578,-0.1288182855351922,14.11726527381688,-3.3384795593854104,6.330909128709492,5.109044356913843,-1.4995951682095505,2.5045085128126834,-3.4683251641187374,-0.1958426563554509,9.367460100876517,0.20193164695738297,0.7933403089271857,0.4422809274095935,0.6000000000000001
0.40392779385230515,0.5216533827553078,0.33915738863700406,0.5834662247769595,-0.0822712408428147,14.066043678191487,-1.6912200003167321,6.097656030285888,5.004737269382401,-1.4239938818586002,1.5040440500797654,-4.411766415653855,0.12289253633825005,9.964757222965341,0.6391040331948975,0.664484100291387,0.4583278349031877,0.5900000000000001
0.6432847971260633,0.5109344266419541,0.3721092058130158,0.49197501554091844,-0.11802832978809918,15.392296660929352,-3.0159123122224547,6.367177290512204,5.618787151105633,-1.2562072128943564,0.36785376380758383,-4.049151483763749,-0.3885526127950021,9.618394627270112,0.6120244362611079,0.5056233581200062,0.3858956383801434,0.6200000000000001
0.7172692553086426,0.5810610201023901,0.28106415484819014,0.6500776784479778,-0.07107908843751118,14.69823528429278,-2.0571392368604324,7.4311883555315985,5.31038918297681,-1.229920642357738,3.2413813822470594,-4.234983359819178,-0.1397593678560463,9.555671850453232,0.5300630225648617,0.6242861912143628,0.6795215240856279,0.6200000000000001
0.35125969400400353,0.7662373224180682,0.2575142563353,0.34909921755508316,-0.0360132861022539,13.280173391200512,-1.4326056022489682,7.059988994196196,4.9791347779658475,-1.4625925077831021,3.490194262950908,-4.648580091738743,-0.028041451130606132,10.554709215085282,0.5102402392785548,0.6924921763739174,0.5090917867260505,0.6200000000000001
0.5666352551979,0.3496900288141057,0.29465766606258775,0.6381687529164157,-0.06089581638667199,11.556608646909307,-0.7875998413281874,7.763631967438523,5.531974570444302,-1.3615932437706055,1.792769452421466,-4.459424233690462,0.21863556447948063,9.60327011194452,0.6027227482518467,0.9651522631724896,0.32492687609229526,0.6100000000000001
0.5943071193854408,0.317697640310968,0.6382384684579575,0.30780693707713486,-0.43328373684745825,14.85377249632219,-0.21668228284154156,7.710278758013586,5.622076714612427,-1.2361190593464262,-1.0472931671080021,-3.6660816973530648,-0.1511324865901701,10.159880304814838,0.331031201412003,0.7960095935588112,0.32993860799993774,0.5800000000000001
0.31116411160898594,0.38090909951170393,0.2565951560117352,0.5755730623069099,-0.09996866840623764,12.525694659723227,-2.446007199869094,5.8635616070260905,5.5652423726875115,-1.5912860866971716,1.5730194569321538,-4.328641100330755,-0.2109386199035302,10.20480735745157,0.3309004923725309,0.7548612695161678,0.6360086008907925,0.5800000000000002
0.3192183787097137,0.717328566805752,0.5408564052730223,0.44701655700482346,-0.16435974062332845,14.684304305962476,-0.9581134909174097,7.0022557312234275,5.368529185336912,-1.5402661857405813,1.6331325493955602,-4.197088524317225,0.14230037877343338,10.221959096180198,0.25553681408993356,0.750349535245373,0.2614880857490062,0.6200000000000001
0.5029124850694359,0.37560580674862865,0.32332630841307036,0.4227709902987285,-0.15882805109518602,15.302058397859998,-0.14813590976255098,6.249092397605618,5.588939628405865,-1.4070456155775288,0.3428930260110695,-4.6693113874336625,0.2508410395854407,9.626509755300406,0.6585402499603636,0.6457657068028932,0.47788232817471604,0.6000000000000002
0.3085621784436,0.6481566176053093,0.589667916036257,0.35872303323434673,-0.12821604446485296,14.074100265690577,-3.8345579981277775,7.0288344745271205,5.525826534726609,-1.5656454387366625,2.1559013279081944,-3.363808447873337,-0.7819640736091907,10.52895383287026,0.324819111907807,0.8097953555980953,0.3267945807939289,0.5800000000000001
0.5418778710354543,0.33203879102821143,0.41996753469423154,0.7549570120084602,-0.32013326344473636,14.682704509928067,-3.58405692944206,6.592793834364334,5.734073690781684,-1.391110962094662,-0.2924129213697746,-3.66973388115237,-0.43118143990520924,8.349724544452494,0.29819590364723186,0.824162310190323,0.23891791859732167,0.54
0.728571915760661,0.4210463595244017,0.27436529528331327,0.3135075900451015,-0.19345309473405314,11.944727249188999,-3.7007931001185512,6.2290670690167715,6.1200414345117835,-1.202272828509437,1.9498798551459366,-3.93551934624893,-0.3612590888740273,11.081966462231406,0.5099844280889767,0.7325176565410729,0.690045885074826,0.6100000000000001
0.7875047119119886,0.4034964000883282,0.4913901193975307,0.790255524677808,-0.11975744241214498,13.70337460698521,-2.945159237241601,6.930786943250944,4.736939484428479,-1.19718088666454,0.7061567260803666,-3.671115506361322,-0.30833125903721514,8.908372648225031,0.7632328096785722,0.5575920716349629,0.33599872452943996,0.6200000000000001
0.31925801691095573,0.633329101810068,0.48301898815489236,0.7069873658945574,-0.10080331272474101,17.191667914164025,-1.0711388367056112,7.080746367268577,5.515483499024271,-1.5448151074417427,2.8558755061826173,-4.766157073590744,0.09547615193448944,9.188048428483057,0.265154838042798,0.6366784197689375,0.20397308722234758,0.5900000000000001
0.5611231905314795,0.6282841155344562,0.24752283090991062,0.5359637762177543,-0.24196237088283315,17.33610955610405,-1.1791949262494066,6.638888465462397,5.417389392129361,-1.310372693328903,-0.1970404280712573,-4.430887645888869,-0.09880859072814319,9.39847422484903,0.4384492457236237,0.580502932774141,0.6018119650721467,0.55
0.3132467195838183,0.711539985934383,0.43710231250849846,0.31574281582719654,-0.23620986224359142,16.777129611332636,-1.90447692523382,7.729272858751637,5.762896646256522,-1.498049682242591,-1.6365560361884002,-4.013997293818364,-0.11330964745550376,10.412958345193239,0.3729228962314264,0.7369994673462495,0.758389973001029,0.5800000000000001
0.5509670514179379,0.4399011729291423,0.41178574215202035,0.520206386934605,-0.1275121453084479,17.2304781781887,-1.0733787149975695,7.444914822023748,6.320561365380268,-1.3528441439115753,2.3097095913813197,-4.286840514485235,0.0043336379442459605,9.359517393897363,0.7525155518632456,0.4923221185039844,0.5548494767993785,0.6000000000000001
0.3993897620189023,0.7095755867914164,0.2524860019462416,0.4703479239256608,-0.06275289154341823,13.411815060102104,-3.385801684225425,6.76138272652245,5.938882639418579,-1.4799682700148045,2.532013100857351,-3.773340536233727,-0.32597876036958745,9.76827885612903,0.41810126177423523,0.9638764159102283,0.653299496651331,0.5700000000000001
0.3342481095725307,0.4572304468859998,0.3507891081386396,0.7135453723066587,0.00960042856945688,14.950776896629979,-1.4243572615469704,6.386791997029464,5.018932915053529,-1.5566923899002003,2.0393538863126572,-4.54297331518837,0.39369355274380097,8.946836788465044,0.3581604983947803,0.7016919247667466,0.22017660371047276,0.5700000000000001
0.6221992380902258,0.6746763282539896,0.362260827373069,0.6592086889560668,-0.14080423483221702,14.70102987691454,-2.008961396266259,6.654209003294058,6.0999476601162606,-1.365375747816951,1.6514880405704635,-3.9857654991042595,0.05673183472133529,8.614647645726457,0.2875098097649393,0.5997249610088288,0.6425711119086228,0.6200000000000001
0.3741509453908267,0.6470909686862077,0.7114040075735499,0.6572423863093168,-0.3329795096738889,16.29507995353299,-0.1418673939456066,7.271545664814278,4.0515741104332195,-1.5435958418629645,-1.3190969337233704,-3.606199421906032,-0.0999151019712387,9.30241046789006,0.2233030530136597,0.7436280448370357,0.3897203418516173,0.6000000000000001
0.6118341500808567,0.6567744149316972,0.3006363710532361,0.7607186015264121,-0.13038215913765366,17.462415132594415,-3.8434972666617857,6.744097971896668,4.823198897790929,-1.3582040046592252,1.2940153208905072,-3.676308816389275,-0.5494627340323492,8.558696540062304,0.2985097547745389,0.5142909323768318,0.31905993294723095,0.6200000000000001
0.3396164335953875,0.47738685509455336,0.5493789185562155,0.5627305983181614,0.032882966568655254,16.963190847793843,-1.7754158928080408,7.461700257970658,5.8249570102844155,-1.4960808423760847,3.157305440744358,-4.014876860670539,-0.3543113770708998,9.0870143437182,0.5485116878050209,0.577281708475567,0.45435071449986897,0.56
0.5737452571863566,0.5660036870332213,0.45619152192059503,0.6446099862502233,-0.1576115916461614,13.434383868519586,-2.935081299767137,6.880773525730624,5.679010532692526,-1.4165225690361947,0.9108075232763083,-3.9168191247387396,-0.3595570228819719,9.325805227781254,0.3777345601869492,0.5337353331334359,0.46361426434275116,0.5800000000000001
0.5809677417947252,0.47517994412206377,0.4697622590441015,0.6720674402231596,-0.15055519306591075,15.632845963147137,-2.1009238474405874,7.218979501013479,5.748676649057783,-1.311288101522561,0.9363402429466274,-3.973744711276391,-0.010018335340536713,8.113884802803417,0.5138440317923498,0.5579219949529813,0.3654946945717022,0.6100000000000001
0.3772216646105204,0.7722544636828994,0.464605637018249,0.7445446320573619,-0.125415732634505,16.751134355883416,-2.0670920307734817,7.37847778617628,4.157759485549672,-1.5620103421689746,1.9588924839811481,-3.973138150212491,-0.18128474231064065,9.751787464464279,0.24035764806277854,0.5508199657920912,0.7403384641216231,0.6100000000000001
0.5608227489031964,0.6329602016114974,0.2738931527965337,0.7272053583081383,-0.19663504604396764,17.81661156462939,-0.18379403477336165,7.220424373897321,5.547224664228316,-1.3520414339000233,1.117535327520528,-4.440998726204617,0.23024487195697188,9.221289366780654,0.34855605802055745,0.37845633513699206,0.8111211182623481,0.6100000000000001
0.5930704813094333,0.41909396554637607,0.5305476272126539,0.5551920204619936,-0.12392584078580844,15.177403048579924,-0.7891621841747771,6.271343368160477,5.012848200311218,-1.379242247787205,2.6708145527825455,-4.0966231278212035,-0.14659294991219218,9.686637964879697,0.25964452817935035,0.5589190991841498,0.6348193117984684,0.6100000000000001
0.5859742439211736,0.39474195541652674,0.4174514395405132,0.5191579185992357,-0.08644988741646795,13.730349506105144,-2.984484684231906,7.7903764299233265,5.693039266796369,-1.3365371408965527,1.729910443222581,-3.7261218063697457,0.02531641934417017,9.678925349716328,0.9013002000019339,0.8012781931921269,0.6400544010512983,0.5900000000000001
0.4651415359214374,0.5931671180143012,0.2901846094313905,0.43409780821822513,-0.1090527644474693,14.598786216516507,-0.9582705803718017,7.562575697378167,5.894514520686343,-1.4765179592482216,1.8630435143016584,-4.380813212269364,-0.15774432940792305,9.954596268449368,0.2569134751656346,0.7272267895659649,0.3849410064853328,0.6000000000000001
0.36041152132378856,0.7078549569837347,0.2659156220590179,0.621199783487393,-0.08515775453160043,17.59549845791507,-0.6468528422178546,6.404916924450207,6.2671774435803504,-1.5577471577394766,0.5258586315108114,-4.6220816478465885,0.24541481149412359,9.238507845425893,0.3346816465568451,0.49013751568141317,0.5220022334433938,0.5700000000000001
0.36107484960350744,0.6548110767904656,0.2335696449956101,0.6440738630894803,-0.024655370334823457,14.45890826542758,-0.43302588942502684,5.894136617822124,6.186268378458124,-1.6454244737933978,3.695513306206223,-4.587499691388514,0.18483514093279027,9.503803623290105,0.2114283660669793,0.7742086309340775,0.26404717199293415,0.5500000000000002
0.6946464551940182,0.5796496171824104,0.564931546311636,0.7457857677982332,-0.2564138920341904,16.676343131951455,-1.6231250628797111,7.761540369038444,4.7857521417911055,-1.2449963883568533,0.08881950124464044,-3.7193143412965335,-0.25756203824600477,8.722096005781525,0.36136954404965604,0.6161761330942491,0.677994356665439,0.6200000000000001
0.6192202574524508,0.408862778641463,0.2942572590722003,0.4803090344524027,-0.08912718632901516,16.159637639785558,-3.0541443243310944,6.482274833191368,5.409056558976557,-1.3300100568613547,1.927726406191587,-3.913967193754122,-0.6624424664833495,9.855953719879295,0.4984659321603119,0.5331646990308123,0.3002430291189152,0.6000000000000001
0.3174568739951368,0.5501652350455999,0.34773284268044186,0.30985865623106795,-0.1481270011430576,15.216293620025375,-1.7707363692087088,5.9931911780833635,5.667651316845092,-1.485821839854461,-0.18170813634609156,-4.199273479955185,-0.16508662043762326,10.317462373394239,0.48596533802084585,0.9025340127580304,0.31617277029515445,0.5400000000000001
0.4386037669383703,0.6119814407263764,0.5687754825773413,0.5098343125268684,-0.2978304686646629,17.068301464266156,-0.12778259722087282,7.414085648824132,5.276563655599928,-1.493287764519793,-0.9224470443447339,-3.788173073566955,0.3088950597926742,9.530261751386663,0.22812883200604797,0.5681512010797998,0.5598124668633209,0.6200000000000001
0.688963942076141,0.534552115116618,0.5768635775507691,0.3746973931126753,-0.28492771418373797,16.242109434409837,-0.5910549970727543,7.437259738133343,5.732587822398161,-1.2745658327379297,1.1830275987808059,-3.7665491093155556,-0.10040995887657228,10.322712560759632,0.40477649743332944,0.46601596588538663,0.3960605723644812,0.6100000000000001
0.4059889962674154,0.339358096760551,0.5309100545421795,0.6475543661870872,-0.013858644233345476,15.423381700089383,-2.0031642019287546,7.731070983195909,4.596029385484952,-1.4530131992872923,3.3920484969795597,-3.776708745431302,0.011998797970913647,9.892402040442745,0.39864950331092686,0.5224986931922815,0.6616418800451241,0.5900000000000001
0.5798695370116528,0.6248326560010301,0.429889547652812,0.504433801527028,-0.2776066865672328,17.14134497584237,-1.9278867112282123,6.754732436799293,5.68080344185729,-1.2546478327807535,-0.5256200549831547,-3.9037157880238182,0.026591568528679138,9.558033417817324,0.4587036406994522,0.622653353875322,0.4935191540205415,0.61
0.42798991365152994,0.6854379211290094,0.39147777530676675,0.6727567221821769,-0.214094466418352,15.860775793711873,-0.14203231037324437,7.238957730263807,5.030376293459456,-1.5093528498090678,0.035783869965882564,-4.557447213414658,0.16578388846423744,9.4590444317674,0.35585238428150645,0.6402366829398314,0.7605033080693661,0.6100000000000001
0.302453676678372,0.6383394397988769,0.47778857903701394,0.5774974123746872,-0.11692272836777359,16.93786269131229,-1.1577198222314489,6.222628559737834,5.769795135726129,-1.6166933246442399,0.2691835048377733,-4.314166108617006,0.09912946968146304,10.092477952414905,0.2339351710424378,0.6175092909973134,0.25934755966062006,0.6000000000000001
0.500930404244192,0.7801158908065358,0.2415410142196291,0.42621614696089266,-0.14829821231350163,13.190156455608644,-0.30392749192048274,6.26464547035633,5.3010618132722485,-1.3649499712002555,1.5220431108048353,-4.506008614247804,0.19399117336264007,9.91803270979332,0.35742210387077444,0.7866705069526967,0.5240194401070722,0.54
0.3571344126204302,0.42003168574962424,0.37151628119940394,0.6350661889245369,-0.15774036241449474,15.568692353968924,-2.3110859139681352,6.823825638577021,5.968260229804041,-1.5100233116879413,-0.5999954551198173,-4.160948927067622,-0.3196233342364318,10.044504163012517,0.3751987162359237,0.6641872333007305,0.8347775380474008,0.5900000000000001
0.353075077526426,0.6011628247100402,0.4999387712610074,0.3746575345815675,-0.1202896127393329,15.312147119544331,-1.5511882733478046,7.269986649685807,6.6597383885106005,-1.5503056120387417,2.2431336065180134,-4.221820481698294,0.13606273214792355,9.343413588069392,0.32765811873396206,0.5831830837527923,0.4157064145935332,0.5900000000000001
0.4318851870966865,0.6867396476677103,0.46569995438134565,0.49118660167460415,-0.10312336896184705,15.794682394899773,-2.572462922897264,7.1685038481289,6.2621163141504645,-1.5280140672992497,3.5046953768137525,-3.7154770903624232,-0.2731231644567197,11.142814656570572,0.29698107753685266,0.5775033414541648,0.506962970905243,0.6100000000000001
0.6699850313823722,0.4065270127993674,0.27286430240660614,0.6408091052807597,-0.10965009396752858,17.937391731319806,-2.889996069946806,6.425362483372264,5.255502705805499,-1.3173426852092802,0.9981543579708116,-3.9542073730915783,-0.3395942653078,9.135034776771635,0.4503961360996319,0.39630862205204087,0.21525532111996432,0.6000000000000002
0.364868594367177,0.7398542202684252,0.6352075294483742,0.3814580758623138,-0.08609868581647387,13.286338054227285,-2.5891485307774027,7.717523850346385,5.696418982023584,-1.450695434509081,0.7631498103696064,-3.647015727540137,-0.37388140982075746,9.867085959087321,0.7126496300192764,0.8093761043024135,0.4133473247168952,0.6000000000000001
0.46919850437388266,0.4207069545573659,0.5127195347217869,0.5462234994746804,-0.11180780265578136,16.85605519805733,-0.7263643691317558,5.903825117869245,5.315765346357258,-1.5472358652958786,1.4682674165996685,-3.903976202971192,-0.06424488884311054,9.479772503115282,0.20302746097491425,0.5179820499098279,0.22461791617608828,0.6100000000000001
0.4826580591957117,0.6124574034122551,0.31119050606212695,0.7199279553320017,-0.016020263332850698,15.351284346156737,-2.3794471039186464,6.044388894647356,5.425453035417254,-1.4252030492658871,2.265818021741877,-4.116536415140836,-0.10418431824685953,9.049811296093187,0.3779916414427883,0.785179699070667,0.42617083191334404,0.6200000000000001
0.46500049668793786,0.5689841356228345,0.3424852691441323,0.7338071694618058,-0.09787454282277037,14.661720785627725,-1.3349213235917021,5.987823117707658,5.451793191435705,-1.430554410759303,1.3154141482801183,-4.364024168392563,0.1030470308120362,9.483212596058356,0.5465150666381585,0.6080346700263396,0.3040143568322551,0.55
0.5982491283594235,0.6991690223047613,0.3758292220968736,0.22448262525594942,-0.1934048455744618,13.566983153299905,-2.6194691166840096,6.357576303490864,6.103419522622397,-1.3774005725949139,2.0445896684281286,-3.9496523740472163,0.02789181686288178,10.337472704995296,0.25184617298766687,0.7350388475313943,0.36832278370995236,0.6000000000000001
0.42250956328898315,0.4749448165208765,0.34150087907360016,0.611123498322871,-0.21144034095655412,14.104821563567299,-3.8391292553923373,7.333982183716234,4.24336267846855,-1.4885312625896776,1.0341377887446095,-3.813285757185214,-0.5538007687043812,9.460098775536414,0.2504228034310893,0.7988540274910759,0.2141056239223265,0.6200000000000001
0.3895020555423844,0.7469792928738166,0.26486532697530346,0.4127478037091581,-0.0993117137769424,15.21608696945574,-0.5628354201601768,7.600633492552747,5.629460099519266,-1.5510555379638706,3.015280317303187,-4.313645671459489,0.10687948907489997,10.201369252468822,0.265919611383464,0.6265095528559799,0.24949506792387444,0.5900000000000001
0.3925008047258165,0.6547503467246721,0.46388550095748216,0.45377735216992043,-0.1156727029974891,17.762409161156555,-2.850381652299187,7.1522774912713905,4.378075006300925,-1.4587894028606458,2.9077924126258328,-3.915597001621559,-0.5006821343024044,10.021007746242354,0.4105543454818001,0.612339902806974,0.3092105508306046,0.61
0.6944421721137283,0.6305934215099277,0.2146039343309702,0.4912363164088513,-0.19112880224185602,11.760146915470754,-0.6034981633440483,6.09527632564324,5.108588496271192,-1.2240291817436357,0.8193277061871223,-4.519108021171874,0.09494883028596747,9.930516087345966,0.5759300433934376,0.9671913397596963,0.6680112974458556,0.5900000000000001
0.4194583050699507,0.5575730199729918,0.3764048042162184,0.7468144253963505,-0.04102421146436638,16.798986983186154,-0.5615867860819416,6.128198275925175,5.913583919767882,-1.5089321962841704,2.212702675923553,-4.426217922343175,0.4772617177889945,9.815241565074986,0.2973949787428968,0.5155337316551781,0.22201021941883975,0.6100000000000002
0.42285102295281385,0.7120219102010423,0.2938679602288821,0.4026624086147371,-0.07267884598413424,13.223351768950797,-3.4202481207390916,6.324150521994768,6.030439920677366,-1.5561867317286324,1.2481001966853171,-3.8178378205024828,-0.7578904017795621,10.266409811917852,0.2085803884115132,0.8122172919137949,0.4156232460452618,0.55
0.5025278951028558,0.3783040672442007,0.48368759291445007,0.42186564643217467,-0.018100274513554795,15.146856546032215,-1.711503518860483,7.088917540321055,6.489558545042414,-1.3885320736177378,3.2127367812181014,-4.1645879368566865,0.31197736944215154,10.150919472741759,0.46645104655386,0.5122262814600036,0.2825436258815607,0.6000000000000001
0.6196145281270382,0.5413222403344884,0.3044708050438423,0.7992253734798164,-0.028039534575465173,16.77580825840898,-3.2166181236414726,6.5276505033740015,4.7397194617382645,-1.3362136076178577,2.1897257515863977,-4.080933086518778,-0.22489278309884891,8.815016831324817,0.649751319182091,0.48305920919757983,0.5289669921888005,0.62
0.6264166928170851,0.3361835470080622,0.3847904239116127,0.7281093025353463,-0.3672754755631584,15.057894716064801,-2.913559238301535,6.528274349547907,4.445203003754301,-1.2544732531386527,-1.5519587955505139,-3.978017683708553,-0.2034618015621114,9.01892528287727,0.4267968614251804,0.8360157905689694,0.45979283969339413,0.5900000000000001
0.404580608651112,0.6345824860633472,0.56499336708664,0.749328195286477,0.03412805390834753,14.971598889591487,-1.6887456096902236,7.605666879024012,5.2659269509678985,-1.4474185118913225,3.915547437354778,-3.7493952468448435,-0.01251382892097147,9.02341096735055,0.5488251165987765,0.711145956973307,0.8740972571265059,0.6100000000000002
0.34193632330508505,0.6369508765635631,0.4738032295797164,0.7728345698398813,-0.15615284323827378,13.356769688837359,-2.1310378281767663,7.636854109148497,4.396445561253553,-1.5131902436588132,-0.13403603436934414,-4.102064685503655,0.05500938365214447,8.602436350757772,0.4249615638560808,0.7902802565811846,0.8662928275739217,0.5700000000000001
0.6840896156634877,0.768343389304076,0.4947392393995939,0.37067161892152267,-0.1783874443797875,15.72473490878033,-3.1580639325243283,6.973611651579733,4.1538142393200435,-1.2513481229902472,3.6682409341138547,-3.7776337651089165,-0.48879484037420984,10.559137256355209,0.9014723928454333,0.45373285325860613,0.2912714078721874,0.6200000000000001
0.6035915354119649,0.499970240311875,0.44172427012581184,0.6269427499113048,-0.09352308586171841,13.87676869217695,-3.868698930230246,7.105527247245639,5.681999145570535,-1.397045770203686,3.0515573830084044,-3.5041583027769394,-0.5689327560495856,9.321292537061584,0.36338060846813425,0.7069282932194126,0.24567684254171643,0.6200000000000001
0.48501812128082455,0.46083487431683023,0.28766004741682216,0.4277342179419925,-0.3353276991118412,13.472310557862084,-1.2325898301616065,7.409904855953396,5.9417736000127155,-1.4883295967298693,-0.9948668651911325,-4.567055561890641,-0.03931245906402138,9.830879258223574,0.27996531026211213,0.8984604313115132,0.2989390525939561,0.5300000000000001
0.49417544766873023,0.37390855620435914,0.4344267926435329,0.7263814306347949,-0.12555595904442327,16.057796199931133,-0.47895747890717677,6.735622600168872,5.13445971464387,-1.453108029493656,2.8686194484882783,-4.108814639536994,0.15258783521913338,9.055228957066008,0.3332423827546002,0.5095707647545529,0.34139193367015624,0.6200000000000001
0.3491291134036508,0.5651466080609205,0.5122856963965954,0.23551624379936298,-0.19450680737043213,15.658473578663873,-1.8690098645383288,6.507638660466459,5.730432466749282,-1.560249288309396,0.126205578869246,-3.8043541057467705,-0.15049274309862562,10.40676616176157,0.2649478667095353,0.6404392940488643,0.25029131093701007,0.5900000000000002
0.5786226334566674,0.37315653141493155,0.3322382444424879,0.6003220598447361,-0.0551576236136857,12.819937223182212,-1.039717789169033,7.178959335614046,4.997906192272916,-1.3147160910603943,1.5291748757759214,-4.28963727611489,0.05530215022520102,9.887094052157805,0.5079246891843329,0.6554653919780141,0.43156385541589776,0.6100000000000001
0.6197104338646793,0.42149918811481396,0.40957799039929255,0.49246439154900934,-0.24918269518760813,17.59522844307567,-1.1332120240977832,6.7311003501010855,4.540571064256378,-1.3189708905123023,2.7960619564588307,-4.257900748346476,0.030747730292714978,9.885861731986969,0.2961335230673825,0.5000263494042447,0.2965112290967248,0.61
0.7191078004210093,0.6449196830888833,0.42906530342323324,0.5285757759354504,-0.05829826458805201,14.129926573562763,-1.9234569941536888,6.277348545769884,5.71086460855773,-1.2265170304879702,2.5118511803308556,-3.859380255389551,-0.4166636620633587,9.753294285298123,0.7112289170547059,0.6063318699078732,0.20691264089807973,0.6100000000000002
0.49095559471964145,0.39470025900971756,0.42786358845964134,0.73799287756309,-0.15249550957514166,14.677312897256286,-0.9509117445443381,6.416376146786727,5.42430464129322,-1.4704465812699474,1.176461682476029,-4.435104464715341,0.2359814406805827,8.896525058005611,0.40630010783674797,0.5777353709683977,0.330321372884768,0.6100000000000001
0.5270755347861309,0.4657815993512387,0.3869416615957406,0.5819377757417364,-0.18576407578878112,12.683141594264848,-2.097604767745512,6.10867259088648,5.1516754341039395,-1.4343200094130777,1.423296857970076,-4.074726535640636,-0.3354688197466288,9.740384780565208,0.3920494125333617,0.7532146752267969,0.5052723344783178,0.56
0.5413894034827927,0.38712661120460484,0.35215733070428673,0.5025117021733461,-0.2700980228595059,12.782056980092136,-2.281711072598571,6.26517534321327,6.373150049926949,-1.3339014563938585,-0.349486297773674,-4.250249331146967,-0.2543596235984887,8.510441143638245,0.4914658588914302,0.9503079602915588,0.5132365702619323,0.62
0.38228489224572604,0.7347917374773322,0.3264184469714905,0.6766175212539859,-0.21777716573486752,13.743393959558155,-3.0387823150499687,6.959294243969547,4.780134777211617,-1.4561332885620053,-1.0403325008092503,-3.909734402482781,-0.2264368663998798,9.498784234082018,0.5951857487115455,0.8673130847377581,0.7610668173624662,0.6100000000000002
0.35226863913529555,0.6367780258850412,0.47275319794163273,0.5114878398187203,-0.07557248290201188,16.26227700561654,-1.293122369468808,6.009382750266572,4.755874714626958,-1.4815161632865341,2.2784005298547245,-4.283108301680435,-0.1038536302256231,9.988976629774232,0.4955972070883729,0.612527009541704,0.263914405946852,0.5200000000000001
0.3462890500470708,0.5639310490786469,0.34400412577245315,0.5687036831950187,-0.07956026278142464,16.849595580217716,-1.7351666691325254,6.80097454755258,4.886270078646631,-1.5546290791061905,0.9141222134191644,-4.4339376547340015,0.0007487699890868227,9.58648842170751,0.3959031044590187,0.5683680256238705,0.5682021956738217,0.5900000000000002
0.7150288755704562,0.5005388901734779,0.4001667215181433,0.7135100283852346,-0.2526072298979506,12.720938080222435,-0.9840857493849089,7.163151740905351,5.518338208700662,-1.191511662578303,0.3432832960745369,-4.068037723673176,-0.002729773973701999,8.559636626954607,0.8470507623348269,0.8255875184959238,0.45502963046518086,0.6100000000000001
0.6297256819652298,0.3845101039559604,0.40032334274643944,0.7947580870499927,-0.247944584538213,17.032731792533383,-0.708792891213446,7.566818064903765,5.573678452755367,-1.2537058442379097,-0.7064176817547263,-4.273417169084461,0.29614268522394377,8.384526829902029,0.4818535435987733,0.5664332266767577,0.4566785687123911,0.5900000000000001
0.554585414099128,0.605349385058791,0.43280082832862704,0.5460965842843047,-0.02462193498781376,15.763057775696746,-0.9416264146843853,5.908065769390001,4.988717986265507,-1.3616660118919088,2.138901815743485,-4.231219876215185,-0.05041736501181848,9.77592063324883,0.3891060161630554,0.5102198434737728,0.227418566432112,0.6000000000000002
0.3158373761480679,0.4690135423753117,0.4041988784721947,0.5766491781085686,-0.022534087118416493,17.075565948396257,-2.349675514195443,6.871022566068271,5.153159825203161,-1.4853541154122036,0.9150257918366368,-4.047673731343949,0.2088472131433905,9.541353919241416,0.5154031131316408,0.6110599881717514,0.40586222987661724,0.56
0.5004497835199598,0.5717762317576078,0.48275371893634555,0.7622087479801936,-0.21275874383442409,15.07016977022157,-2.8377455324452447,7.557397029284583,5.637327494803073,-1.4005102728994976,1.0919987682871493,-3.85864932986534,-0.35263452322094513,8.999031173440454,0.27059530310413926,0.7985834785126613,0.5084493729279707,0.6100000000000001
0.5450534004300522,0.6344787603601525,0.4069793233935288,0.6878594263440237,-0.3100547410805442,14.345375906423094,-0.8148662821237346,6.766340783064629,5.525602213062543,-1.3715251444164236,-1.1670581526059896,-4.2094231363398835,0.031065325517356093,8.567718667727409,0.32676704542697654,0.8192974858358018,0.8723660668730183,0.6200000000000001
0.5690023403762675,0.552191544830432,0.4420725770758844,0.7156113046732893,-0.25419008907534935,12.264947776501668,-2.6032319640502983,7.014168134769069,5.24760129408909,-1.3563858646325735,0.23425957012532572,-3.9315100083551293,-0.17812284137984566,9.071206375973624,0.3877491649369522,0.8305656627666436,0.7710111795979437,0.6000000000000001
0.5308782734005881,0.4357753802965445,0.4935408140264902,0.6663385134307477,-0.07785267742650825,13.012001782608753,-3.433443263199574,7.419937339374848,4.962061303511719,-1.3464939661037196,1.1028167052786744,-3.777114384422213,-0.43256739968031743,9.6108250750632,0.5441399095413136,0.7228877101886759,0.41438298964750625,0.6200000000000001
0.5080999605243414,0.5664280787547393,0.40199950810727875,0.588930209783433,-0.0017025065505702902,17.692924926091703,-1.1982940310833397,7.6743479644841655,5.361913927933395,-1.3800202565562392,1.7639090315631738,-4.041144706140188,-0.11055282223363845,9.827767401261013,0.6245679608441421,0.4426748133556391,0.8345917537709422,0.6200000000000001
0.4617647307062057,0.6329566728265023,0.4474842927694023,0.5001556474727441,-0.09486666693413752,16.079257735302114,-2.2217982933288707,6.727512451734088,5.913895256780854,-1.4023021653633627,0.9289302470549411,-4.174371864172712,0.020867699163202524,9.756055038305902,0.6446255064742241,0.6466273971022641,0.3462043812008159,0.6000000000000001
0.5086699057598378,0.4469142093204678,0.44907152399907024,0.7140609609903443,-0.19977318979966852,13.9155128741316,-1.6177458670106968,7.4083415938651225,4.704297401148707,-1.349307576274059,-1.0902662425679526,-3.9165078196277827,-0.16384460835316522,9.000358934349515,0.710731812042833,0.9612213630346843,0.8141712916016113,0.5900000000000001
0.46247638571079613,0.6497433392427068,0.42247024773043645,0.49702433438369625,-0.040954398089146776,12.992512843512575,-2.252872142080757,7.306913734964231,6.319814155735371,-1.3854834475811009,3.3093550420037086,-4.127502960769023,-0.26719536839894753,9.836840221872638,0.5109779636435023,0.8661441125695231,0.36657995088048,0.6
0.7108385565545868,0.39025008062393457,0.6047674030420017,0.3107393162405848,-0.48666831222894835,15.321013474417107,-1.9613172799136125,7.184254494355396,5.6991465167516715,-1.2853574706385098,-0.7610945050663278,-3.758660446014347,-0.30376015904993303,10.03477258941947,0.3168407443589185,0.6497821438349952,0.250020483104159,0.6100000000000001
0.5347031544370234,0.6806040575191459,0.5276031823130869,0.4141256939276136,-0.23714207783606342,17.531506248796376,-1.4099378258319828,7.444472732964262,5.46194222840076,-1.3434043654640975,-0.5495127012060621,-4.01628829441443,-0.3754662256127902,9.8853467542427,0.7451865137970844,0.45801439104174674,0.20580577703925843,0.6100000000000001
0.6185107648079324,0.37884273926858186,0.4075767108320299,0.7502808566481016,-0.1540598445966874,13.199502937594447,-1.314922229010541,7.483204056678723,5.199229217741577,-1.5101013219797628,2.025852415632426,-4.123965911143571,0.09307376049530854,8.88782231292051,0.22716991073437218,0.6311098799008295,0.5877816318290643,0.56
0.39640299260018336,0.702111879683585,0.4259703794612607,0.4104046020765365,-0.06681068044116872,13.302886750483909,-0.9855806533813583,6.9166579435296285,5.585901996020738,-1.4585068677054878,0.47631763811093075,-4.235137505033611,0.32619702033504294,9.915287733106029,0.5497281644813986,0.9183681346019191,0.4732547228653297,0.5800000000000001
0.5568030405272808,0.7587502873426779,0.49347428664755,0.4730808534204572,-0.09432632068129258,16.598188561682072,-2.114805158747391,6.9603487595820885,5.51805388127862,-1.4473901045399795,1.8464021925521648,-3.82005841279057,-0.21947084476758166,9.732534231122088,0.3110539258978942,0.4781858132724427,0.5079063288980498,0.6000000000000002
0.6888746712535264,0.6684206857626651,0.4183610952918222,0.6681874847293782,-0.12534275039732168,16.051747239688204,-2.2756388231080473,5.968131616823316,5.462334023930633,-1.3124852672353848,1.0989920353949763,-3.865602184474654,-0.3964486350317876,8.828087544792195,0.4915416737355758,0.4570410734539135,0.9519060734226249,0.6000000000000001
0.35806020704326996,0.6946954631678457,0.2734579854248467,0.5096581228918495,-0.08774638155020115,16.27699896284226,-0.2823350211601028,5.920115790028535,6.362176051553173,-1.4778929070082691,0.9463890177907193,-4.706750539793895,0.1518574520058499,9.524011214070624,0.43249997837219106,0.5525788842447031,0.7230122325827586,0.6200000000000001
0.46817300939102796,0.41068011295101237,0.506284133631644,0.5250547104684297,-0.10841008380064351,17.240696554785007,-1.2431997959853225,7.57820704978858,5.852357383152256,-1.4004101877521014,1.738489338425281,-4.081274304982327,0.17819689888483073,9.968697206413884,0.7811510677920531,0.49888583108399,0.30597050156239985,0.55
0.35213752889565364,0.6181439788020707,0.36871028437966485,0.6875146783253585,-0.07684506232664527,14.469253545118036,-3.675246794370748,6.250239859501699,6.813748244637656,-1.479087483189693,2.9571746733087694,-3.819792045553538,-0.5775173844738518,10.13976704905979,0.40318541846204353,0.6858386195851538,0.3930071597731707,0.6100000000000001
0.6979965990150994,0.3281918625319443,0.2702933301845923,0.3821151245744625,-0.1164488746061314,16.706820007367895,-2.3631932419209307,6.335205026956601,6.054954610730133,-1.261415794921642,3.2195359615691923,-4.198290352296766,-0.018533393072442728,10.38259730622736,0.5461890555248815,0.4657604621835437,0.6442894508721358,0.5900000000000001
0.3917636028185986,0.33439044438935234,0.35681724931055037,0.47327598496678974,-0.13725122863558412,15.397555530029146,-1.187151767607982,6.387679205019166,5.946438199951482,-1.4224347408318252,0.6112217706568753,-4.547848296127809,-0.004812721538243636,10.048513718892211,0.6592850975769735,0.6581244007180037,0.2141391131306962,0.56
0.31874709310449917,0.34828628754207536,0.4228698663895807,0.6243141829614847,0.056878211176131614,15.980756862911312,-1.3246220991094222,7.689523625713002,5.364193930850244,-1.4889666564354025,3.4743098349862787,-3.9936330424192032,0.03141994826179197,10.240927311289147,0.46654832588782386,0.6909924247341456,0.5538881609876992,0.6100000000000001
0.4257714502358476,0.5358992202713171,0.3903013267661928,0.5952696841164019,-0.18967203618802275,16.83666868768295,-1.2250475604782207,7.11440567887494,4.939604079384191,-1.4784724615695755,0.522525893128881,-4.443775763354653,0.13916857569268098,9.417233006211491,0.32103729043523643,0.6363384855784384,0.23627930780512096,0.5200000000000002
0.40296087738770314,0.6148408473765354,0.2688382527429698,0.2754037930433237,-0.10407239912596003,13.278464152150791,-2.3629208747766426,6.780878791290785,5.809456421030258,-1.562907693779823,0.6911482799888702,-4.2532764180104365,-0.3441598086644903,10.657062060647782,0.21168832554701877,0.8716231225902344,0.7566464595651573,0.6100000000000001
0.7990709806608132,0.6563947765584632,0.48554402426441207,0.5475343878063418,-0.1611950612471596,13.0369725536004,-2.8970163590542324,7.590821514866617,5.598378904433407,-1.175475656149299,2.3435498779242128,-3.769629873322846,-0.2912021629855961,10.185726038907783,0.6340257468161792,0.6113214155163341,0.36575860535097954,0.6100000000000002
0.39213933906090515,0.33827847423200663,0.3212486808278203,0.5588220011866019,-0.047427818230771635,13.522463694171508,-0.0418274965963461,6.827889844385655,5.278671518256757,-1.6241695200890511,1.6552628895083767,-4.671110487838799,0.4518251472387721,9.651354306834074,0.2636884198521243,0.7812998499454213,0.28469864247738014,0.5500000000000002
0.4744649063869963,0.5496151142575837,0.4434704202811119,0.4244236787725233,-0.33703425247440766,15.81248101288081,-1.8060273561115383,7.727858210435114,6.323303696925174,-1.4071295638696537,-0.949729811405507,-4.220206276190837,-0.08430892060813779,9.184141157349803,0.2921422898900776,0.7763683116373938,0.5648471434174384,0.6
0.5434690498473835,0.40543364435877155,0.36054316932706587,0.7731530307143276,-0.1829243961888205,13.050162512785093,-1.5615130389149314,7.3651291505000085,5.260200094700583,-1.4652663173851084,1.8032327024670074,-4.015106871403079,0.22519881694390717,8.817176616374045,0.28601035016516396,0.7359495476020943,0.3848679528833762,0.6000000000000001
0.4507298019805971,0.451970878544632,0.3116984120937779,0.5322834940895317,-0.17713501827466346,12.80232762375329,-2.9290672144870324,5.836698585294089,5.688836240491643,-1.4400330713752905,0.01434918236750047,-4.028149259172423,-0.43383496844574726,9.634280171165775,0.31256852941812036,0.9489523306420925,0.8149333375190886,0.52
0.5791607781966253,0.7365345047749623,0.3685177232373414,0.47149132731659116,-0.17879310843556376,12.044577651268167,-0.7413866023232965,6.5078198166021,5.6853495229698225,-1.3191190127093924,1.3929656418972005,-4.032685587750634,0.32303483294130364,9.914195811433707,0.34466060042247443,0.874699235863901,0.5656880600524115,0.6100000000000001
0.4770743851085322,0.5806007846605958,0.41884610926506693,0.4983199452763606,-0.15613702341737257,13.811989892243604,-0.337937523773012,7.107555359257292,6.136429241922246,-1.3789328710346163,1.3319543209297842,-4.404806936427387,0.26778415164114366,9.160488190522587,0.8421241150545555,0.7715479622315826,0.33132152112360197,0.6
0.6399363716143006,0.6323488455167747,0.35251463676027817,0.6848160087868531,-0.16008228391407422,15.799723358447402,-1.02904080553407,5.880470847661271,5.660038559995323,-1.276795213984721,3.329138914031862,-4.49828599197079,0.0847174141808743,8.937264755312786,0.8034405499939408,0.4052535260282412,0.3052221696086257,0.54
0.3425049119606691,0.5361674436638754,0.3110147710121379,0.6489149354481107,-0.1643024920854587,13.900101050407923,-0.7041627483229727,6.74409976380388,6.237865544655215,-1.5773013799949407,0.9155122139578707,-4.280780832597094,0.3010068268490743,8.26982604387189,0.2530132085827429,0.8555912859955732,0.22217849177347618,0.6100000000000001
0.30863372339737105,0.608365672728537,0.22448451420165158,0.4656994188496363,-0.0629818528040289,15.674829250844041,-0.5082199150017679,6.175980069600162,5.726755745489726,-1.5512583018574158,0.6819685187325462,-4.878602059090108,0.07064376628079683,9.97687553382574,0.36432683839344804,0.6949343282329176,0.4098833921655687,0.5700000000000001
0.3950846598525778,0.555648043212462,0.538405160989588,0.6801771672714182,-0.18195051937115303,15.617802444518176,-1.9133516072651506,7.652664108764057,5.85524815487891,-1.5116556580931308,-0.47541878646221547,-3.877299685730685,0.2451125476942182,8.910211059077378,0.2863318830192333,0.7597553981202909,0.47285111203418084,0.5300000000000001
0.5524957998039571,0.6082979358746441,0.4398920611300098,0.431668705185471,-0.12920288379759792,13.733860309597373,-3.7501666371798765,6.830911882268183,5.55941661483446,-1.3157587895241636,1.690547450983055,-3.7308956275545904,-0.2539645390687121,10.41002543901242,0.4490949350021094,0.618469566371207,0.9214971673081898,0.6100000000000001
0.4231615046673787,0.5167841973923717,0.4103929268282472,0.7300606444529522,-0.034219912376626305,16.032213808298273,-3.3729179861409717,7.268207731456385,4.365027470583592,-1.4905002742300208,2.18180245088494,-3.5035945926677905,-0.34150946860339537,9.17467734281551,0.4363908670403293,0.589658650994566,0.22005079152799878,0.6100000000000002
0.7510737636412773,0.6726274972361203,0.3991447218956996,0.7079521473811596,-0.1275773999481512,16.092531666100268,-2.210551088254181,6.831391393033712,5.473133749196003,-1.2410447233734172,2.62440259381444,-3.907499497756008,-0.22325826374167354,8.747883849684522,0.3865585452417279,0.44572583029266954,0.6635317980820721,0.6100000000000001
0.4541204460595624,0.7767114753125648,0.34782664057811863,0.5595308100274671,-0.16601432087612406,14.08704898022379,-1.4388730551789701,5.977524753294352,4.239969501618628,-1.413856689599004,1.0010710780118734,-4.392298168877089,-0.08831679208497467,9.778540226135807,0.43850330524054437,0.7262584772992602,0.23887040312350627,0.62
0.4154368012709398,0.5865476331524382,0.26621432522092914,0.7523308365660692,-0.1900814814098962,15.849220977626793,-2.790863533402664,6.813640337453457,5.04043270832051,-1.4285709118185872,-0.7104183496334155,-4.095763211371286,-0.40042624001521887,9.186605282832199,0.48021445705184407,0.6343595112575832,0.5218463481619349,0.6200000000000001
0.5073013285778016,0.38328864727687906,0.6348123077356397,0.42485363764764816,-0.15412540743849265,15.032801812171378,-1.683777986888522,7.147189593744608,5.52600045320523,-1.3647217645140697,1.9151970541108978,-3.708652033667123,-0.27136869200857494,10.104271566709029,0.5374453125508021,0.6464785152090669,0.4193893271713633,0.55
0.3648189962233679,0.4494885249515293,0.2974044464147029,0.7510704063046156,-0.06699718526215548,13.082962134928586,-2.894812379146683,6.299964663254505,5.261171832452708,-1.5176143252711056,1.8013797830125284,-4.299820974493243,-0.43436563262015426,8.783654383014836,0.30361068402191277,0.8928235957154335,0.335875435307097,0.5700000000000001
0.480114352477783,0.60729079795021,0.5271502039337053,0.7580195300919544,-0.13914459189839634,14.76389355783057,-2.5448745934328487,7.19321777393341,5.540972291698531,-1.406324815093029,2.837362106537805,-4.077053469714531,-0.3497222032309639,8.39359632797761,0.40083787279478006,0.6391863277837129,0.2201093066911884,0.5800000000000001
0.607511070571315,0.4865452193189362,0.47031955005106796,0.48547211966670784,-0.3795049305465259,15.327703707752178,-1.6861634695442458,7.722127934388203,5.974998593820373,-1.2962733662137504,0.5716526663800916,-4.149366369615551,0.006340961286675897,9.463768077827535,0.29657336478103163,0.5656069803839103,0.23870252795294478,0.5800000000000002
0.5969070083354724,0.45417869782674003,0.5074791522583972,0.3229868986655187,-0.25345412705810494,15.165345041271474,-0.5583983561717143,7.108190216059261,5.778538119207595,-1.3393582349988102,0.7129327961990447,-4.081215183631551,0.3412318928470611,10.44825034179753,0.4116976106442685,0.6187859032122078,0.3235057955012868,0.5800000000000001
0.6552004626415696,0.49324931135094674,0.4117467308050978,0.5432644396222063,-0.46111899178772536,16.31892349004857,-2.5146134381629923,7.2886953750142,5.411174128934343,-1.2102121392042975,-0.989294488624686,-3.8949427395253036,-0.29063867640082386,9.570703553927888,0.3508956655585158,0.6779450413836599,0.42326487317903805,0.6000000000000001
0.3443107242470008,0.48041421606312174,0.3008862418489022,0.6022258236403462,-0.05225404223520849,16.44659133917619,-0.8547514789509363,6.0924128784630245,5.89960542286275,-1.5961886801738165,3.6224184330320006,-4.418517041993005,0.05310694632942781,11.05868941786169,0.22900240469001565,0.6336573528643163,0.6684062662339934,0.6100000000000001
0.4059220883513382,0.7191865496494059,0.35489209998547927,0.36621894075033845,-0.1821276133719465,15.889364159033263,-1.5847201334502479,6.723472761614266,5.509702480271522,-1.4854868360023352,-0.7652306829974396,-4.227838658732301,0.08915113036669553,10.056708697841756,0.2809869512118264,0.7034410533944297,0.8609779612397566,0.6000000000000001
0.47414955163806777,0.5285432145299302,0.4267880292776549,0.6833619037151414,-0.1955990192248847,14.162437848144979,-3.2579125420825363,5.8385525347855785,5.314800171148411,-1.5430486503872478,1.4724696659623664,-3.7407353593475126,-0.6913720460509496,9.943686412089722,0.21194459666264845,0.6194950247471249,0.31480098665765555,0.5900000000000001
0.4544848107091414,0.6409815448015457,0.47541178973843523,0.4994282277955109,-0.2324248977805471,16.40630603607451,-2.3267634007471716,7.408186643261811,5.4609724511471285,-1.4375955894445291,-0.6279287711519952,-3.9739941302513992,-0.1419820617991422,9.811972917296147,0.2951055969768283,0.6242067900927011,0.6250358646824439,0.6000000000000001
0.48884414629067124,0.5128832314343343,0.322700649723165,0.5810849307366613,-0.06721690065725579,17.251806275043897,-0.6509112538103201,6.615196770384155,5.708764151014743,-1.3790468600500414,2.314222130248153,-4.547538637012518,0.3456000047519335,9.03113939041807,0.7228896029687296,0.6128398455510392,0.3163380931785364,0.5800000000000002
0.5781073869684545,0.37335274757025205,0.3001701902960478,0.4529761939369929,-0.3114041743798368,13.06709470790044,-0.4822208030714068,6.2140354045166015,5.580599355381526,-1.4871516152608713,2.617459784088515,-4.386603689049487,0.21282612913735993,10.085130965519365,0.22447334733988022,0.6863079879629082,0.5237301219394461,0.55
0.5009734599106119,0.5741755737767807,0.3139919552480795,0.7214191027372674,-0.2419417670373872,15.013305792163132,-1.99177603053341,5.836465432512995,5.540565492089362,-1.4270186129859235,1.729044029079396,-4.2331746939486745,-0.05420189883954585,8.82124603929684,0.23709799839438722,0.5843641012287074,0.3299003886265974,0.5700000000000001
0.3088123881940694,0.36623947880488805,0.3651722590530606,0.6906940469159935,-0.1748141950328307,14.95672836472275,-2.812823390325061,6.320432681496931,5.343592013884499,-1.5524145571305121,-0.505720249447112,-4.1288524427342885,-0.08621411176153565,10.254526450629657,0.27258060797034955,0.7819868006915298,0.511893066465886,0.6100000000000001
0.3856462503518049,0.4600111314083335,0.6307119583778437,0.6174685637894468,-0.08040795285589078,17.617246871061237,-2.1209976091190943,7.663971347310012,5.927774862673802,-1.4542643339126389,2.0120507894873456,-3.427901414919216,-0.2546314446689051,9.027213024033463,0.48115846512860416,0.5590814891608487,0.8802268370009446,0.6100000000000002
0.6192212640579332,0.3631080991753037,0.36578884825071983,0.7998342769189842,-0.15320330228316814,17.100326090347416,-2.6148043336933107,6.182234928245335,5.281506650887501,-1.320333118980207,2.981918421485739,-3.845817097539732,-0.3361452131054744,9.315569059210368,0.42096730612043365,0.4443483461144794,0.30230009576561157,0.5900000000000002
0.35744874440425284,0.4376745382118394,0.48792271902690754,0.2895656708012597,-0.07458916492112572,16.360466506625674,-0.07006863498378199,7.168206763926408,6.118325971465793,-1.5960988770391855,1.5646220297235955,-4.0829562794183785,0.46330685650027104,10.791054181885647,0.24358717260009677,0.5933139608768525,0.21358610815343848,0.5800000000000002
0.47684948319448106,0.6032393670921882,0.5468581120422478,0.679398262182742,-0.3197132861315407,17.427130118984962,-0.8669992681992302,6.985369681592559,5.424240221635353,-1.4378400085368916,1.2389288315654574,-3.9603795336986622,-0.010313202004090128,8.744073645557283,0.21810623792245037,0.5353231593635884,0.42619573137642097,0.58
0.3885880891290511,0.5489878568470151,0.5471673475241329,0.6324995072777087,-0.018714487069078002,14.046819581534772,-3.04602776543825,7.263722389695549,5.761963657869851,-1.457361571777586,2.0080982805906418,-4.027171628754339,-0.6840503561975484,9.397028780220621,0.4892598650871306,0.9060516747239589,0.23472917273060948,0.6200000000000001
0.4249353283435584,0.6332070329847317,0.47505703862839743,0.49743124514302556,-0.09549191520590551,13.720801067894032,-2.395067336546704,7.568889692477381,5.753228460634886,-1.4258322186263719,0.8318638904931874,-4.034142467179825,-0.030810875965885998,10.160423181531895,0.8433047062353147,0.5671078653831395,0.7792204456070587,0.6200000000000001
0.6278391547505047,0.5307003799829516,0.3242381832019557,0.6990924998145158,-0.15597106085725046,13.011679327107935,-3.4764900316821916,6.6567936398699885,5.410602783122414,-1.3761704237776338,1.8593699571946967,-3.839541636557519,-0.22396912176929668,9.03907100164096,0.3550779258644417,0.6434636618128696,0.4137530429540093,0.5900000000000001
0.44038372051998015,0.3364706694828072,0.344478712418557,0.6012061631634863,-0.0812495049642001,16.62426734935912,-2.030760556361986,7.075736092330443,6.819671828441694,-1.3978499313043025,1.5492900308517963,-4.146762231145086,-0.05802526808771596,8.408370672772145,0.8806883655670354,0.5497632459167805,0.9082789003559695,0.61
0.6970097408257203,0.523223106835078,0.38741755159588315,0.32752701462932865,-0.19946486720722306,12.727226632751284,-2.604690828050712,6.2850346701151345,6.041304833738805,-1.3770162497550504,2.586149661796508,-3.788988837913203,-0.17586651503157355,10.00412491819046,0.2672399816808161,0.6203075814842651,0.5608143872970455,0.5800000000000001
0.4680454727014945,0.5761004809736153,0.3214377434250474,0.6727889276102123,-0.12307569624064348,13.795622037100543,-0.9554616567367316,7.411251263523141,6.198838175037944,-1.415102535159379,1.7684622205717813,-4.40559156182786,0.3072489356304912,8.13106008745061,0.47383047906889664,0.9282287361961985,0.249556764441566,0.61
0.5734160938647164,0.7397118117040237,0.40441319094918937,0.5210684572475108,-0.18540198370753064,17.779382866631465,-3.076225623364521,7.1074579367685295,4.874926947467269,-1.2738194417476236,1.7526613917105929,-3.7635476113046646,-0.3613543173259699,9.972055290642048,0.4067812533518832,0.495461665250375,0.7248370861676464,0.6200000000000001
0.4428502201452238,0.3881252398818881,0.4661477264826457,0.7764243557589926,0.031735422581503914,13.61499348862611,-3.190118971719321,6.030040464218479,6.127928958583971,-1.4170592805372124,3.1816583680366053,-4.136795184860237,-0.5353874143714215,8.333994427578604,0.6810461815560636,0.696334697204597,0.20507584370206489,0.6200000000000001
0.41226381893914726,0.5318983260448543,0.4943734952497048,0.6691711899795266,-0.42416652480786066,14.306302731231497,-2.0061872419808595,6.795957498723399,4.81126625447253,-1.4901772828879691,-1.6691761272752346,-4.177811394403127,-0.36066254024803446,9.3328843487552,0.2163817575452845,0.8196517740295874,0.266296711836559,0.5900000000000001
0.46773603471319497,0.4316136753893452,0.3800852085146694,0.6839976207416383,-0.15134220004862897,17.85857614045003,-1.5694932153202705,5.951110734655698,4.422546963881458,-1.4125724271827975,-0.09096236598188523,-4.443859915226074,-0.2560101106377763,9.336560406993172,0.5144826069149808,0.4432374732867856,0.33837720717802394,0.5900000000000001
0.5129029523128608,0.6081135240829495,0.37680030477744597,0.7294945736981155,-0.09370280349995104,14.884359695596965,-3.0589606441823243,6.768810116700137,5.2880169477566215,-1.4340770112414534,2.4164811347979684,-4.103103351249333,-0.4082552742675689,8.645544748625417,0.35618057612131804,0.5648899440154169,0.3712909912148786,0.5900000000000002
0.5894959294966493,0.6070253378527394,0.28135851258679434,0.42746440714644773,0.01406387497688104,14.05705857897614,-1.9653848322145624,6.605917937711315,5.675718084945975,-1.3096334179397255,2.9617210518527313,-4.216786679593131,-0.14934485676294948,10.119065361412423,0.6482813122028388,0.5953630796974969,0.6897287258016267,0.5700000000000001
0.39037378545293633,0.560877751327238,0.6888944703977129,0.5367000592149811,-0.04073691683018048,15.015232837326257,-3.7179060714775862,7.0331326497456335,4.102227691721101,-1.4223068316370422,1.420363327985019,-3.1663630417470983,-0.7570145861537572,10.109910403692714,0.9311015379612423,0.6125779708113664,0.3056705973789793,0.6100000000000001
0.647105017402948,0.45134392968159054,0.3436428920575214,0.7295426234310597,-0.15870798494761174,14.8524558946603,-2.028142938445854,6.953886068943063,4.865780610043712,-1.2859213158552012,1.0597103464713433,-4.159851987518344,0.06788926171253504,9.261415919562578,0.4122444632430498,0.5334590278778678,0.7626294500268819,0.5900000000000001
0.4583722544991159,0.4544062767864224,0.39141801401110976,0.280245322876401,-0.23911383008787193,12.52817281096786,-3.5820624770776623,7.667655300169695,5.8761159372646405,-1.5198195236407037,0.14420367782060395,-3.6160670310912306,-0.29635547854281374,10.30299935540627,0.29917041056496796,0.9228943190632504,0.8087320080365735,0.5300000000000001
0.750134776960428,0.5045765309749237,0.42925813290950243,0.5807724656491152,-0.15564579642045123,13.983648912997058,-1.7650441637192402,6.812023133349151,5.247543448805571,-1.195854426344134,1.8914756984683285,-4.0164816457681445,-0.4576476165678181,9.342979330503852,0.4536129061418553,0.5993167441920129,0.43847924607640626,0.6100000000000001
0.5873812581806525,0.39747799022858377,0.2927049361528426,0.6717370438978906,0.004645437047447146,14.847450816604951,-0.5998577779661878,7.038791621457171,5.617067791780835,-1.3844977586906781,2.6534851820493506,-4.260442058904127,0.4955892292655109,9.506440644127494,0.3088602294989874,0.644084029452278,0.39013155833990143,0.6100000000000002
0.3546524050533023,0.35324538933639216,0.3667337487734189,0.5853284827030765,-0.07796887756325793,13.493235787430825,-2.2643692381826455,6.306878963635203,6.488613217260684,-1.4962110568210707,1.0328840272489495,-4.220556020914589,-0.2081024254012323,9.092652986553189,0.4553838137697137,0.6506429052582156,0.34039583272180635,0.6000000000000001
0.4420248955690794,0.4682157307617096,0.4914542494209272,0.7347821281420983,-0.16279076772460596,15.727037215194038,-3.214526792682045,6.785732419667627,4.638193001132635,-1.4336980188819801,-0.7422777271849536,-3.5487848032147022,-0.3571683171352726,8.966707002040092,0.40795613805707864,0.6695154740453264,0.7455103104344758,0.6000000000000001
0.5400102589306919,0.46645522179571863,0.2392233054084672,0.552119662946333,-0.1757618685525176,12.030615836765474,-0.9255385464323053,5.889121683883184,6.535112267348418,-1.440335872830441,1.2552599526187496,-4.232254251600207,0.027155268657881836,8.821673281244216,0.24986100946899303,0.9262632632403655,0.8696673302110411,0.6200000000000001
0.37342569605116055,0.7304266196443471,0.361985783262781,0.5796760022791623,-0.056716507864079085,15.80272265844969,-1.3797333144473098,6.900305246316062,5.616650750647981,-1.5131162823205018,2.3436400883114636,-4.107934865330876,0.029301744224696114,9.88233136604066,0.372292340946773,0.7184180205880644,0.6727276038122979,0.5900000000000001
0.4852885741091729,0.32920900966537714,0.4274676793054144,0.5481589470354509,-0.16354918024728643,15.848988663203434,-2.1263184261060593,6.994842206670808,5.2753832480718845,-1.3650227680051592,2.3377425091239576,-4.079156361268726,-0.1293258307466257,10.312554119180348,0.480173711011382,0.5316847871782477,0.6093788665200264,0.6000000000000001
0.3510164620305791,0.6008984757720593,0.29374888609971317,0.7618209779238166,0.031350790058552375,14.936573666796356,-1.7345453746799757,6.617345635668146,4.752683447117865,-1.4888460231752614,2.778161560646007,-4.158544004241578,-0.042901947555340825,9.509329516574631,0.42605476204416093,0.6680428079062741,0.283241889376996,0.6000000000000001
0.37636300817302715,0.6017537295323213,0.2932008360263983,0.5252620962246644,-0.1275833058113663,13.839910660374649,-1.581711100619619,6.9189081088247315,5.674506947806735,-1.55256610217671,0.7370333525557007,-4.626708139493034,0.18456669916193422,9.80614332600282,0.2204767841998985,0.7025756845886271,0.4659388242005841,0.5900000000000001
0.42792177269790527,0.7220313604685354,0.42061773675294545,0.5936014147630013,-0.02177115287028314,17.284121006345224,-2.7145841752844655,6.694396950153029,5.159765746388615,-1.510672318666367,2.947117075976345,-4.049745327900555,-0.23448175989618464,9.125321662971121,0.47425176470913893,0.5045763980933359,0.404179821281395,0.6000000000000001
0.7420120097332359,0.6129160730146898,0.28512168548135436,0.3939146834555145,-0.24290207021661114,11.498661401622913,-2.167926296775536,7.208418599315993,5.9858685421204845,-1.2981525308463622,1.6166265463848917,-4.271646732143416,-0.19041688363429313,9.73817681219404,0.38232897209834027,0.8191858088052069,0.6784161124881197,0.6100000000000001
0.5476387291648914,0.7483934276772242,0.471257882721196,0.5068759466693247,-0.06028072939889407,13.708538808197865,-0.5024218117073985,6.8844069886185935,4.990459212261657,-1.3342590254654498,2.3130075884117702,-3.9799216219788804,0.300941702082819,9.805136245238321,0.601386644509708,0.7494278346946721,0.3396017157205825,0.6100000000000001
0.4884245592495997,0.462221806885878,0.33380237286079273,0.46030269496025356,-0.11825260979677284,14.365137750669463,-1.5835457468319105,6.620522785443361,6.152552842693824,-1.3765944398492003,2.193547926832372,-4.195157549365087,0.04748826763748178,9.782473170525158,0.644379305303501,0.6037265027030114,0.6634853961182918,0.6
0.525891066413591,0.5592767049379358,0.24987633014753188,0.7961834615018559,-0.2170794588150159,13.975371133025188,-1.3245998572874136,6.886968052479875,4.967274652176908,-1.4569663879676575,0.8417925618172994,-4.4266294251843155,0.06277405687204421,8.547170991987022,0.30912947452425127,0.7222476807494461,0.25954059369626686,0.5800000000000002
0.4399031786302487,0.571789725102164,0.26578706878216346,0.4985016789311735,-0.3515882443855744,14.495773975117162,-3.1062048888504807,6.983495779994069,5.692080765163847,-1.510288019770544,-1.196816903776169,-4.013592207748216,-0.5003368574028872,9.557915624846604,0.2176492862255633,0.994476281247598,0.38618563255993216,0.5800000000000001
0.7599123577523882,0.5460214510044282,0.3013647248586174,0.6689012991765549,-0.2660936829812495,12.773751856080453,-3.5009649632729047,6.162282429569443,5.646598833403184,-1.1761015233454364,0.4171670883936395,-3.8811264017476814,-0.6513802059918719,8.767252362938061,0.6207213785863686,0.7257439882324059,0.2410942420417861,0.6000000000000001
0.601889370525374,0.6773897653315052,0.46568616494333404,0.7344457458580611,-0.20838140538030073,16.401084996360602,-3.468502567515405,6.976408948323365,5.682954157688098,-1.4698222738253246,0.25641779912936524,-3.769314627669576,-0.2635335144897192,8.597021036285021,0.25069702091761387,0.4622289293540374,0.6060062555717153,0.5700000000000001
0.5536134076397053,0.6480563947334237,0.2750429810376727,0.40419177497271674,-0.20945431361711522,15.997440789187669,-2.8349819774152705,5.932832946673781,5.877784870786627,-1.3573422498547474,0.9491569356709126,-3.8639887807549242,-0.096685873078965,9.908898145765288,0.33986980119991,0.6000346946591817,0.6681530998131348,0.6200000000000001
0.41347575557493405,0.43379942879444555,0.60187908183616,0.41973353536980096,-0.09786546535767533,15.93142451189311,-2.7995675344439928,7.666793745165049,5.281653480372931,-1.657132491067377,1.913889300916476,-3.4961962802683484,0.31024133348481686,10.14358816615993,0.2034008448784666,0.6730446888407435,0.2948378687009082,0.6200000000000001
0.40024133060984013,0.6334819282225304,0.39194832803351193,0.6967291695316417,-0.18001936635074825,16.76007304311016,-0.6351045306930427,6.7736347336034335,4.922909083180294,-1.4784911206072908,0.6815000137425202,-4.3188119647207355,0.4369066951308025,9.178185770139006,0.27269076490448513,0.5977511213195064,0.49073889824500916,0.5900000000000001
0.7589048400264701,0.46784614154077214,0.4196201557417086,0.30025530115298404,-0.38927411062182193,13.047506834853918,-1.659116585084845,7.573514145642132,6.873257788749377,-1.1575813049705408,-0.7331955737077249,-4.338426263034354,0.01966434410384832,9.441627087604287,0.6517875774412951,0.764756329964627,0.3083503148201647,0.59
0.4582620823406453,0.43940321692972706,0.45613470082798374,0.639863643939172,-0.11548213108178113,17.08985543683176,-3.632304320863728,6.9554112827917685,5.354849419351262,-1.6676247292772826,3.198258741157785,-3.3445342494657337,-0.43137511450994337,9.540718431364622,0.2561454717429704,0.4566386605390981,0.535074063253792,0.6200000000000001
0.5751897172651559,0.4551360003395607,0.3394184011923632,0.2987912817145209,-0.375104598468317,17.965519987146454,-2.4904268641248164,5.81059730862559,5.539424296520922,-1.2943068433559375,-1.8003935419050374,-4.013673311323316,-0.15062893063770338,10.080593821725033,0.3217961675522925,0.6136066159169986,0.643939637532509,0.5900000000000001
0.5295078075096276,0.5734562100410991,0.6144458113231751,0.6727827516813806,-0.10183463276180316,14.153643389442514,-3.4728412997194127,7.159281600681002,5.0286467238598895,-1.383753383734918,1.74478966543156,-3.0699029892326455,-0.6591193497705765,10.088901099604444,0.38829673804343257,0.6729351580501007,0.33355736448655543,0.6200000000000001
0.4960527992299196,0.3445766098289027,0.3509646271865597,0.6689378130244539,-0.18969552810822735,14.526634126163872,-1.505847814857438,7.667097940472827,5.156672204211088,-1.4345206900817198,1.0813221822890102,-4.210982347698939,0.17478472407654122,8.95178229920783,0.2687127042691685,0.6712521883813566,0.3838752830382054,0.5900000000000002
0.4769321151891528,0.40054610793744594,0.3799106381800048,0.6403832943896139,-0.04207853168899146,17.468006787541725,-2.853853959381751,5.83484094843559,5.9410529516292945,-1.4019382003501477,2.6791460648209395,-3.9825596014210864,-0.7490171574956109,9.035144075203755,0.42025233085456765,0.4463177218171958,0.40719394875671316,0.5600000000000002
0.6123385643912376,0.3978211572933333,0.30313294237128946,0.6492169603094404,-0.0546122833901521,13.702025338536133,-1.3855260370272697,6.287852806035154,5.7545205737353236,-1.3303531880173765,2.474925282456217,-4.202014784211095,-0.05627946240360679,9.500633821542293,0.5315297933160893,0.5740439098466616,0.22588833825429305,0.5900000000000001
0.7161963974471159,0.7927641827040417,0.6470791439163105,0.43508716938026315,-0.06323779588612762,17.753035641196078,-2.370160244667984,7.405559053672064,4.751543421184051,-1.2705403048708324,3.4914251081030456,-3.6261326815996546,-0.6885600485932591,10.319092091501723,0.8342911515947793,0.34286846753078637,0.41605601768630107,0.6000000000000001
0.30989275601669464,0.4538797717460763,0.5112964252701172,0.7032787031765177,-0.08917007137474306,17.063985139401563,-2.753731609280787,6.499850534337777,4.594168043465441,-1.4945980213529189,1.7565117453765013,-3.7372959915210537,-0.42631431213373305,9.079061675300855,0.5030426512667164,0.6360873355750737,0.5722414275714142,0.5900000000000001
0.428692176063171,0.6887363463363299,0.24108869836645946,0.6593940843947981,-0.08830621774004799,16.8762125275855,-3.2474328671180537,5.990362293573481,4.9122397843468475,-1.4179029783929258,1.6413082707512254,-3.891433162223202,-0.36477763755490905,9.923347358064067,0.3737574501345178,0.687867130403226,0.5357604975275703,0.6000000000000001
0.6958013384746653,0.4182348287501147,0.5469500780086202,0.6699999968648005,-0.09329938546007653,17.596010442026316,-2.5955587800736692,7.73889893062615,5.349874397941641,-1.354619163011104,2.471478817309886,-3.567189495300537,-0.130467250337712,9.517671057798317,0.4408562899590826,0.3746273022618909,0.6560881635914173,0.6000000000000002
0.5385367682145177,0.4140870251048201,0.20894738468646876,0.7006659902631445,-0.08604975176569983,13.623490454540395,-2.3709136651083806,7.102600433414036,4.792231487738302,-1.3525780290878504,2.1217961404511385,-4.185976413004343,-0.11224048114888507,9.0008492355071,0.8881585733217413,0.7214063983963834,0.9315182419583138,0.6200000000000001
0.3297163242342871,0.7783132557034831,0.4144362753424171,0.47557591444286773,-0.15172461994071001,14.02007542443347,-3.025634111892687,6.620516073825705,5.1502448097761935,-1.5050225658064715,0.8227676661318812,-3.930582121902507,-0.39880547274432115,10.262728124772805,0.3854748454795989,0.8780807530634083,0.4328777254776448,0.5800000000000001
0.7215263603923253,0.5498926067393463,0.4630863513596629,0.642800523433293,-0.09776604352424467,14.32182276557833,-1.6926009024050723,6.98566769095545,5.8495337171749195,-1.297165549355015,1.6442895884563455,-3.9204586937089414,-0.2832403726867485,8.422179283716002,0.3217528505253989,0.5213068927802744,0.44385869911209347,0.6200000000000001
0.5850973516514804,0.422718035886381,0.5228048248735477,0.636606379061429,-0.38315072718769444,13.320309020737227,-3.069326580895,6.530053539806285,5.777987041044302,-1.3594122567055098,0.35353187581628126,-3.6500671013439576,-0.47329275634002543,9.03537456323555,0.22480747769601284,0.7537200362099215,0.5088063432886607,0.6200000000000001
0.5114668049587061,0.44259530600717034,0.43340620776218086,0.722783007761781,-0.14278630077089077,13.495810463176092,-1.4999892883105326,7.005667253156953,4.907688111973406,-1.591981414612694,1.7778747086494644,-4.269539020686388,0.19239755623594915,8.974511264186459,0.22377262837456313,0.6680117956627795,0.3254756548518093,0.6000000000000001
0.6937901587933755,0.49990899927628707,0.35296518491689405,0.6920958785429085,-0.18043907659433378,14.150461809023865,-0.16746023600151183,7.478371202336468,5.841393807886218,-1.3400939338440097,2.591736928255183,-4.390084933521368,0.48173243467410454,9.024783381841711,0.27144325178848927,0.6361319342105645,0.2682727398957885,0.6000000000000002
0.3338676852466152,0.3979264912060773,0.3645874459210153,0.2861594091516314,-0.23585826196227627,16.461514901954605,-2.0466097352877837,5.854141891396883,4.908800940534201,-1.5607132597876467,-1.051900511725099,-4.062173961086637,-0.21186202838365487,10.568610530910064,0.24550974121718894,0.6617987417540243,0.37675047769249603,0.6100000000000001
0.524843498532497,0.7018945775233913,0.5417236358295164,0.7156806837199079,-0.09893711729026755,13.408878005754724,-3.170850368944683,6.635359057219471,5.878886974669656,-1.4233353061504999,2.804916694628068,-3.5489062670028093,-0.24497373794046332,8.853600067695124,0.3577050568681648,0.7486756435944121,0.20753682327272974,0.6000000000000001
0.39582700125757586,0.5741431005342106,0.5399403170628271,0.6906804175303806,-0.08310752531800228,16.677719266015654,-3.42319886051396,7.6410096913104875,5.183395539642817,-1.532097222591064,1.0696862861472538,-3.6095113985205045,-0.3939285078558088,9.481043176272902,0.30643637814059166,0.6828377401132213,0.4279515156192883,0.5800000000000002
0.5512690818492829,0.5873289679684638,0.29724488628199663,0.49331941707061067,-0.28701093657841403,15.083906071839829,-2.6232353221908467,6.190976564240334,4.034927744575285,-1.3583357457372403,0.9330235125327331,-4.251082265688674,-0.23526845370829041,10.075198919152486,0.3041117244447996,0.6172917844823638,0.8554320895829012,0.6200000000000001
0.3168678375297642,0.449911672973781,0.48355993545547343,0.555436383856514,-0.0885546038039394,14.849381487239802,-2.9362506219419364,7.611541864441242,4.950422980254381,-1.5794583877447848,2.978919910373795,-3.676040061027617,-0.09763025959306063,9.581163523937583,0.25555977660448015,0.7808225279180386,0.7404233099649375,0.5700000000000002
0.7577932935713834,0.3357965164593611,0.34845108084525817,0.5640062968652374,-0.09782886826522696,14.92750251740992,-1.828303464841644,7.607213100700335,6.0373050298171025,-1.207362594812204,3.673462240218008,-4.293880212163243,-0.1502397139742842,9.334561434132421,0.7204335045874402,0.4062158456547656,0.35720957791824176,0.5800000000000001
0.5687600269115901,0.5961606704778687,0.46611275638363153,0.7357127570462927,-0.06942883310116278,15.76767611778299,-3.481785455226715,7.599599868724634,5.288380072764152,-1.3355800886978897,3.067341351297973,-3.4477240714614026,-0.3569351353279999,9.04251252015106,0.49108197812110593,0.5251366800689496,0.675187029745101,0.6000000000000002
0.5273172818040136,0.496440315496452,0.356169395243345,0.4614461002769394,-0.40491432767937163,14.669103188191654,-2.1202451208600714,7.169941448182395,5.584973170559757,-1.3202864720349725,-0.4418447179166297,-4.185245515901908,-0.11826677294848853,9.166435467020662,0.39088320821278766,0.9133941978677178,0.7391670346336878,0.61
0.5866117621191722,0.5294677688047547,0.5630301393243469,0.7194995558914774,-0.15632396694276215,17.152503420834236,-1.8799498217496202,7.6669547064497525,4.630708964312674,-1.2946206601005932,1.6972050351108845,-3.8305368528105186,-0.26760166468940033,9.2677137070249,0.4060641528707325,0.4845132002892505,0.7938991130592383,0.6200000000000001
0.574669135070934,0.4782411220232404,0.4369881047188977,0.6367052676783037,-0.24599842283298234,16.054731942782524,-1.0327622413908613,7.104552676199453,5.2604087162383655,-1.394823683396912,0.13604960468036686,-4.1547135223281355,0.13699940891537912,9.411152309253893,0.271107406486742,0.5600189325808023,0.28513437372685,0.4800000000000001
0.4686059299058397,0.619493306249527,0.28300286357385973,0.7623776099461297,-0.017306101780635838,15.408555168011308,-0.28279912395751383,6.773140993547222,5.5691605894797895,-1.527933812015547,3.586109127123177,-4.450557149887178,0.33150348016706493,8.954005552867502,0.22172705040457133,0.5038877520332127,0.3446633162329017,0.6200000000000001
0.5753545597651804,0.7683027875121127,0.32042149851625484,0.36031939327083884,-0.14132914043532976,14.779896312479284,-1.9336737197302694,6.21698497314047,5.986606575605734,-1.360577535275314,0.1802302679878192,-4.284231766099791,-0.28318376191144584,9.980345709356182,0.4205476117466021,0.6254855719900637,0.5779099725115142,0.6000000000000001
0.3767841363880662,0.3521447962912171,0.3234313038497004,0.5072718610152362,-0.19732905216587013,13.857500762646062,-0.6073132422367218,5.979449984028047,5.929587636122732,-1.561594390937881,0.9678889472769069,-4.420928044839259,0.2297799212771621,10.012296663433208,0.29932065170378663,0.7333649747582733,0.2939056832546494,0.5800000000000002
0.4375490625430919,0.7508793295519522,0.40810579602112274,0.663917478706279,-0.151790432319522,16.659576308212685,-2.561061652809818,6.102534702882659,4.954107796977978,-1.5103209864384781,2.719506410285789,-3.816476514986511,-0.44145254081876506,9.823726452467081,0.2995363120454389,0.5147349029356584,0.34797401922260185,0.6100000000000002
0.46540632075365485,0.40883686379239176,0.4025760041151891,0.7622712073850442,-0.08612538588955235,13.589081668158169,-2.964179224806203,6.355924847648593,5.148796140020265,-1.5362804080872492,1.063584320602727,-3.7860489842819267,-0.5027623354648145,8.980422486445361,0.3529841518623049,0.5644842442758224,0.33449815953319234,0.5800000000000002
0.6705682939969199,0.3026629792843137,0.5316202468917604,0.2638736122122102,-0.2569852978441877,14.11621748766532,-3.8685675804223836,7.060509085911464,6.054175191369158,-1.2184718558149323,0.2346343591800628,-3.4564676650590416,-0.5368543028544126,10.505219637096596,0.7081713497560351,0.7341932663604671,0.5931626079150661,0.6200000000000001
0.40649559398220364,0.33595421270268877,0.45785994152434467,0.597515199972992,-0.08239675670754287,16.398155292577222,-2.5723680124712187,7.6811157488399955,5.260812830010704,-1.499765288199705,1.3764160461528236,-3.9598607951924247,-0.1293738201041313,9.59938309234032,0.43569883549735255,0.5536782997238511,0.707894789885615,0.5300000000000001
0.5186528148479108,0.5948547263192904,0.4603124422283462,0.5502427070406253,-0.2472207599332199,16.68400155757997,-2.194255129310074,6.611991093474118,5.5480623801112925,-1.3636884051648082,-1.4780300501555357,-4.273757695293429,-0.23513094810612747,9.747007198920885,0.567174121647712,0.6858980123314092,0.34966499111405597,0.6200000000000001
0.30739368856182514,0.689341863550054,0.43328284058084554,0.44119269541782624,-0.06520653819709751,13.821170592581653,-2.154005059698143,6.623766768279806,6.329624991089313,-1.5253456340642486,1.1717525325274005,-4.341316934868941,-0.15187385663045733,9.050438009311929,0.3832505589972118,0.8187121699359159,0.2117792605634859,0.54
0.535304892590592,0.6933895477722505,0.41843779746481546,0.6701175820956422,-0.061438561896454025,16.05741876857592,-3.1773020215299406,7.370282617746569,5.158448740102084,-1.3810254279868235,3.476133663606406,-4.131763187579367,-0.6535305729859312,9.283973398135787,0.5573465500905369,0.45489380637983307,0.29063106892485546,0.6000000000000001
0.4252338559131948,0.6883354702777251,0.222501285025151,0.6722540606229379,-0.2765522343942479,15.66152047080117,-2.611066879701045,6.862084910335383,5.5180744780286615,-1.4589593477054565,-1.4815611501632118,-4.132284973803976,-0.08956380223112356,9.152702596891627,0.3120043332350144,0.7355891319424183,0.7204955277772223,0.6200000000000001
0.6128263444633195,0.3846502225959587,0.4885162386885033,0.6531168589578349,-0.11561141224776243,13.685079524695698,-3.2310428410621306,6.028829324422012,5.501468519262433,-1.3265092084860683,2.3502698662044814,-3.5749354193742775,-0.5091543158558192,9.444314785245027,0.3643379144360641,0.5986150097368421,0.4578252204549176,0.6100000000000001
0.755505154415713,0.4580379037172238,0.3916357036528227,0.7380918448591111,-0.08735984768536902,17.731196661755387,-1.2028509498886093,6.3723687059923755,5.035313919877591,-1.2579083902050212,1.9520473303912094,-4.085477608527554,0.2284657271454244,9.31441610477205,0.9494782663994685,0.3902942405105322,0.45348833503118663,0.6100000000000001
0.6620792747551201,0.5337982257960923,0.32342794824905946,0.3817637976201965,-0.2445171424962358,17.72191910448276,-0.5026689387197295,7.125076729612008,5.974452911076424,-1.2450298090773957,1.245892704416353,-4.395245546748586,0.29986847338454736,9.678779830878339,0.7830049272843633,0.5275699039919248,0.33569006774838206,0.5900000000000001
0.4214051086709475,0.5089058720073806,0.4892664600756113,0.6347765777497054,-0.27912405091179165,13.993393893820887,-3.3537323692307073,6.380741857117666,4.898332897164118,-1.535447769165182,1.0633966159277104,-3.815514791311066,-0.45761143627928536,9.40327742522504,0.2249643605638959,0.832504797686856,0.2728534242645967,0.6000000000000001
0.46487989033615423,0.7242173749843146,0.3967046297835211,0.65950921845893,-0.16244849599554984,17.20223753948521,-2.2127188218283997,7.4148185485451465,5.5351282527689545,-1.41945999352227,1.3461331660712876,-4.317196422386319,-0.16850203926581692,9.675372394968393,0.3493434069698149,0.5293146823074194,0.7326376858613401,0.6000000000000001
0.34726170006990825,0.3544631135208258,0.31686239593466076,0.7915986319560515,-0.10765206154092179,16.751108153245564,-1.2002117055245942,7.194099008895594,5.094741369371426,-1.6317198615258333,2.134782012123883,-4.780136435102486,0.1596907263974186,8.245045131877704,0.2036108790665287,0.5912394542210995,0.8648384412759764,0.6100000000000002
0.3576437241071486,0.7360103884879978,0.5611672764880753,0.5510850478459667,-0.04631085142476893,15.081137821286566,-2.1251144436812845,7.016031267180241,5.45945040566551,-1.531314654515674,1.4873254443304336,-3.353289425066441,-0.40075273366089126,9.570267532337153,0.28431903656898394,0.7929609365836195,0.4625433337674281,0.6000000000000001
0.49437346499265555,0.5509517722126331,0.5565169350416023,0.5603646949166539,-0.11041039508701245,15.571348047950675,-3.2062939693682355,7.185772350986161,5.386539185528304,-1.4546170067267443,3.1916345585398305,-3.932825971630831,-0.5321681039930911,9.723420959022997,0.30123377797870093,0.5284768453357711,0.5343018860821991,0.6200000000000001
0.7708836245409464,0.7541931370089187,0.49584932445748087,0.5034209781193663,-0.3088778590604287,15.13297692135918,-3.0878789701217433,7.291865811213936,5.239590576671079,-1.1274431202363577,-1.6823502564393145,-3.4822387770040955,-0.4558262219914543,9.841448336716246,0.6071236472644916,0.6177134878893737,0.7477334558701523,0.6100000000000001
0.5997495610739494,0.48514339528642475,0.4900886923569248,0.7702747702869709,-0.27063679418673775,13.927252199782234,-2.7870298794878754,7.581734046123799,4.707029818212515,-1.4113749203996109,0.5529145608077787,-3.771801425727585,-0.3411788810512787,8.955499924122623,0.30495443124708865,0.7114544322750087,0.4082383185960683,0.5800000000000001
0.4427253011263049,0.5332280353214701,0.40455244479302704,0.25533937944974916,-0.09478204709328164,15.700966174337866,-1.8622199318668524,7.454230063320258,6.150918700202108,-1.4654820422013572,3.3518356457313145,-4.0867358448841635,-0.16155008549823446,10.35620535952645,0.3105004347081229,0.6118390062993526,0.623907882542396,0.5400000000000001
0.6672262165391517,0.33648419867950385,0.41196641991743066,0.6213208205925055,-0.18437031053338498,12.345402670609724,-3.3159971101759833,7.359923173437914,5.368390461502252,-1.2608232878750296,1.3196418643101833,-3.9074817222271143,-0.6102790839277962,9.70053160522366,0.5613410862403698,0.7051927158223699,0.2634501903075446,0.5900000000000001
0.48564851029489653,0.4736748937794363,0.49299936749287854,0.37571764018183706,-0.18482906511842254,15.296679225688443,-2.9376530307763913,7.626637200339429,5.84426848778274,-1.426433614846425,-0.3622517166617283,-4.0125600198899605,-0.2040115337648809,9.886152474504524,0.5534722914406545,0.6828533629585528,0.2662903500866371,0.6200000000000001
0.5169151931714999,0.5348122619626192,0.45858379205150557,0.7049625135512347,-0.10337245801680578,14.737713463284349,-1.9601314256850224,7.593269817443886,4.574859624050578,-1.3644114755723677,1.764314738115809,-3.742942771341033,0.02530141259217722,8.999340914832478,0.5030136912850176,0.7522876991874541,0.3780368614212144,0.6000000000000001
0.49091049290409505,0.5236737432073068,0.2873313522973917,0.7702374578145836,-0.13564221584206085,15.848272299626633,-0.34670627089691103,7.166916016521428,5.186460484521776,-1.4371427497222848,1.5606865753527306,-4.267848271669815,0.1386980498094159,8.942401589765932,0.548474006745185,0.7640854154363508,0.8310124520032509,0.6100000000000001
0.45359547411082557,0.6300847040026132,0.4755081223776475,0.5307530616772755,-0.14346655627735422,14.63737735334427,-2.537409232125163,7.409274066226013,5.558917333622925,-1.411289318130457,0.5085225606286135,-4.3639019899503,-0.3453173043682448,9.63489516318222,0.5232222882365574,0.6159060874758149,0.6901435601384001,0.5800000000000001
0.3115394523104567,0.6650607871996984,0.5066992500592928,0.6131752397463551,-0.10465904928629366,13.060823777515813,-2.2070129659508204,7.057614399718942,5.225160278420336,-1.5867951922671273,2.418874299493764,-4.014923629802876,-0.1280373398172363,9.818491449952564,0.21059085989789503,0.8376229504453085,0.3934852199715454,0.6100000000000001
0.5472729981615401,0.6046914365835074,0.47416465101455046,0.7855912837553315,-0.13884188732321107,15.58264137439069,-1.258278076592743,7.710560358361362,5.149904185670813,-1.476022871862519,2.5754949010924797,-4.227370055475142,0.031351026089415396,8.856297916399619,0.2376300257614121,0.5430232038235859,0.5809218936215348,0.6000000000000001
0.5642269303264034,0.4082708895188579,0.543285038660935,0.649322496617166,-0.18089690724494778,16.919225211393112,-0.44032693221398,6.374420110845568,5.033072423840381,-1.3724139366295285,1.3769460755764737,-3.9726577625226143,0.16871973669033247,9.62710207620942,0.43792273099350265,0.36850815079538884,0.37689594240370616,0.6100000000000001
0.34667562087445736,0.3123053493766148,0.5207481618958109,0.4800130825517253,-0.11405194035096644,15.465128918377804,-2.773815305569669,6.627545713861254,5.166270130243867,-1.5052105120480415,1.373849965851576,-4.159566988601019,-0.767046679872744,9.987686354260893,0.37467384924933045,0.599129922189835,0.3046187084613211,0.53
0.591759847873507,0.6270159375756229,0.24368056154520856,0.7636614139340806,-0.27212217965761626,13.78603780861868,-1.7727703121957865,6.800638699920602,4.70960921797565,-1.2857782991776823,-1.8936109465950586,-4.339947542603157,-0.06673581052877255,9.14851423651336,0.6104821209339747,0.9406368928064329,0.3404557200286733,0.6200000000000001
0.36901397452108814,0.4568338938355597,0.48187957838488304,0.6149481716531162,-0.12052151503183925,15.399463805729628,-1.7145833837845064,5.873736727412889,5.52004345454185,-1.5970561396519143,1.2744673100815525,-4.145082146040098,-0.3942996992101725,10.229591624280648,0.22924069383624118,0.5961652432180568,0.30731061816105826,0.6200000000000001
0.48690808646026906,0.5738376611161048,0.5679494431634712,0.6477292659868361,-0.19401373497703925,17.294291760204207,-2.0855338539672577,7.476426027809216,4.96945726878197,-1.4215445815755363,0.31953492722912186,-3.7288309913553053,-0.27253983085144773,9.012307590239127,0.34210905943905845,0.5986209794272814,0.6500554109408179,0.5700000000000001
0.4194902578235894,0.4247465325161004,0.4594567141789032,0.6593468316517683,-0.16525046449499786,13.51842869856002,-2.6616419751463214,6.56518979068633,5.407801581604232,-1.4663318346203322,0.2114869400337711,-3.909576661987997,-0.4659121749244725,9.545129866179355,0.3039944643428145,0.8940617526192433,0.27514542408733433,0.5300000000000001
0.44268856730518197,0.4066307647624058,0.4663003184248249,0.7950153481199634,-0.00820820751363896,16.427646029116243,-3.6694068128599784,6.697812753907432,4.441661571269058,-1.449844167628871,1.7636815629713471,-3.5621566818979047,-0.4162256002134618,8.905798234354606,0.5354504350320346,0.4933054855216694,0.6237077703703051,0.6200000000000001
0.44918415843326953,0.43553213902841903,0.2802028976460218,0.5815469312975555,-0.1450736391354913,17.2667913809909,-0.5702246545645915,6.838274724774045,5.355119742690536,-1.406335645352831,-0.37251970388289046,-4.446738572475719,0.2542416935119841,9.225714652065303,0.7836114537466051,0.6142197482372066,0.2404379952422439,0.6200000000000001
0.5303172583569117,0.6686935525535712,0.28024827728605783,0.5119894518706185,-0.07316186434631103,12.130021681092368,-1.0633365039262075,6.6937389205249,5.975668478356373,-1.3723893596295418,1.7733799621810857,-4.38107538616745,-0.17607942544985936,9.267543136697087,0.699778873614627,0.9197522468638758,0.4318187283203936,0.6200000000000001
0.5797665118047988,0.755915468118596,0.426247400097195,0.469164766026445,-0.24010365045871027,17.288331915527035,-1.1620463911343444,6.0853269863149695,5.500421273743624,-1.3947876417446585,1.8353512469080369,-4.331523536856644,-0.1093882762824358,9.861463519638521,0.2670186247979004,0.5149980393598336,0.3108602268559074,0.5800000000000001
0.6552867511989792,0.6483281299617984,0.5172730071436625,0.7075697373422755,-0.24881067729138967,16.621544870523536,-0.08486913406500218,7.646699593083116,4.185755711888203,-1.2733685157297057,2.273278989208606,-4.107299680078744,0.12401415209895789,9.350618466342251,0.27555525423302607,0.5179961624741903,0.697310872547362,0.6200000000000001
0.4627860130094286,0.359909589342441,0.2871264483276383,0.6039059803992443,-0.15078937391534133,13.662470322400504,-2.533788837082011,7.538096712458621,5.7901347113152575,-1.416571406426085,0.8725801682774242,-4.118077368182122,-0.17901914510345912,9.352687031208957,0.4441739219477288,0.8111375237330932,0.8903307538827518,0.5200000000000001
0.42070929811268026,0.46234144583364023,0.5483047351298406,0.40987746026357735,-0.06746369446751871,12.59895243411458,-0.6774928088888884,6.817354907807934,6.032819857628106,-1.446559469733099,2.033371725716342,-3.883027521648079,0.16322510061108442,10.952245192682073,0.42679723176723733,0.7994858468588333,0.3465145297918238,0.5900000000000001
0.5807592294002091,0.6177444084219197,0.2939750898402423,0.4192661181502002,-0.5099178722729877,17.616330601183087,-2.973855969805333,6.70586684470234,5.624601837334677,-1.366550802951561,-0.02216643915488614,-4.142859031192521,-0.4187478711965687,9.8383970087875,0.22410198042386462,0.5697731063167966,0.4524079975161415,0.6000000000000001
0.5026047668712674,0.650998923976756,0.43653304190326114,0.37162914732888097,-0.0397942612295725,15.593195012218647,-1.802486365794262,7.210806502959205,6.029191245596574,-1.4942617997345022,2.7497561124548593,-3.9078736292025735,0.19298983626509333,10.131751927341499,0.2634412198867046,0.5092402901439984,0.34561297241905026,0.5300000000000001
0.49682479172034405,0.30803992402281355,0.2539255508173941,0.5265919576618545,-0.09287167470644607,16.484302348280426,-2.5744016303214114,6.229483974254425,5.908633544127506,-1.3812715127413844,2.8373562291175882,-4.128179173682257,-0.22122428217860518,9.242786136321168,0.6676836185235636,0.6570882116808666,0.7535609477032799,0.53
0.5060959253210912,0.5570573887474997,0.4884026300905196,0.35042696402483964,-0.16668071324871758,16.762396329903776,-3.464566847170726,6.196009773608386,6.16690259593638,-1.3706072121856128,1.1337128872621207,-3.7058917862195075,-0.5861338820213692,10.033446678123589,0.5017898984272662,0.5222673494933769,0.3738596950598452,0.6200000000000001
0.7510281130235628,0.5058936035670929,0.24097431301096717,0.7320977412772548,-0.07349515428699352,16.541196860089162,-1.3351457046374255,6.251162940654778,5.678620635384633,-1.1737150620131271,2.827387947839625,-4.29319899808426,-0.5009733800397923,9.11174036202424,0.5053720313522213,0.41121384149785667,0.26012657337438216,0.6000000000000001
0.37701626703401253,0.38262319534883127,0.27006059195028653,0.5820360405953039,-0.27356733201906125,14.16844753668085,-1.6206226003023034,7.187887617871891,5.731351146706774,-1.497916396840238,-1.7169387189135479,-4.560376300434529,-0.11622826781044036,9.336072296273574,0.22652509713944102,0.9695551966324928,0.2973138591083524,0.5900000000000001
0.5474816356442417,0.5291720948300105,0.46049179923794153,0.4548468364398891,-0.2503066821025571,13.259348666087142,-1.3255064602150946,6.313313590954359,5.577201176215837,-1.3475266470691223,0.38022667234193874,-3.8849035974239707,-0.20349797441370626,10.026375011263267,0.42223624257921455,0.8477085183300888,0.5394903842340417,0.5800000000000002
0.44701395165604085,0.6372901402540555,0.2035133957868496,0.5579232295013298,-0.08695057574889906,15.795482294563115,-3.2350880938492392,6.969483368103737,5.189722058498371,-1.5151848849649996,1.78410263063998,-4.232332615684233,-0.38000202885163187,9.387221885484134,0.3406743185082972,0.5726763622712342,0.6280295325880809,0.6000000000000001
0.47694188065368265,0.7625927686007758,0.4392098127986008,0.6924879647287241,-0.08808002887937545,13.519016271434174,-1.6485957549025125,7.055548152632715,5.3212211221539265,-1.4086644494833742,0.6430739577503511,-3.841453911990958,0.02976193579462641,9.033590917525208,0.6967852745946224,0.7749685742271969,0.7467948374807285,0.5800000000000001
0.3019410296021776,0.493767500531269,0.4197635257795622,0.5485367216258592,-0.013085958149103424,12.434679924139331,-2.1065928395349625,7.6415517919321445,5.185700296586791,-1.5371058746020854,1.3640012267247863,-3.9910665737759907,-0.42540991913011894,9.89409866152991,0.4536575321246098,0.889755815761516,0.2575380181576793,0.5700000000000001
0.5804498901935973,0.6119386994718179,0.4269115731027137,0.24564116212540793,-0.018517947767732718,17.05811234783073,-3.9856250594086466,7.54953329742575,5.892359433155312,-1.3389703578073875,3.1178191552890135,-3.427334900113342,-0.0006219162105783951,10.199246795587042,0.7850145584420681,0.5022012903570634,0.38512448166430646,0.6200000000000001
0.5597728455382924,0.7706493832896756,0.33812108647190864,0.7408911064432862,-0.05751902943373394,14.088812798367613,-2.4573481692233483,6.964994650825549,5.106844865594549,-1.3500022416423898,1.727343635137713,-3.9954121255191573,-0.18239041885563,9.167885550160053,0.48868092535160046,0.7595674489655684,0.5595756015608,0.6100000000000001
0.6516126764374205,0.5625393403499351,0.35052206812783837,0.5137100085312877,-0.05360672882045192,16.417554367777512,-1.5567572591681207,7.421520035921875,5.3729023061587835,-1.2845934211835535,1.0826740625664937,-4.196340950368198,0.002218349818281229,10.076476238230079,0.5134383427514794,0.4829994578896487,0.934933775286996,0.6100000000000001
0.4125718657821923,0.3277384223317099,0.3897969173102366,0.5531903159261128,-0.18208932258617808,17.306728545411115,-2.0242272157093275,6.922971005989311,5.742348031259212,-1.4770353724219174,-0.042320562039733556,-4.492233383245984,0.06900656110851783,9.919282986655885,0.36602976629912426,0.5632596171266995,0.25769027908111614,0.6200000000000001
0.5870152752666676,0.3228098191626554,0.3513116048675431,0.6919683922478849,-0.36338457259526785,17.655633346063695,-1.087192732551141,6.54340204869808,5.620418148783826,-1.3489531740935434,0.14772996461129018,-4.270531089848921,0.007303666610828999,9.080631707187665,0.3301849461302664,0.48831877772125487,0.5461431496767202,0.5400000000000001
0.563933778075255,0.5078495880807739,0.29738105994929753,0.7907478360715064,-0.07453627610754454,11.513175179503774,-3.082101377640899,6.760949034897068,5.31606602838535,-1.4897788275263086,1.670634371755281,-4.203162724222289,-0.2670550266882641,8.889314069734702,0.36896018385767926,0.9518311527995477,0.6167908491365671,0.6100000000000001
0.35169537480528706,0.3208801425883454,0.3998134578841156,0.46025808857113476,-0.22037130833803537,17.160372844751898,-3.2201467345707915,7.159050342033633,5.166415937723678,-1.516416530999781,-1.6466348221432985,-3.8195227597141415,-0.4353690486667253,10.393687884323294,0.33193752092979534,0.6970787855059224,0.2206285875787174,0.6200000000000001
0.3336070736940455,0.5589966802503021,0.3425578405675834,0.6039183280122646,-0.09712785581847809,15.174893909316726,-3.878464405198019,5.815139992799886,4.84731621132969,-1.5950218680008528,3.4624692904880265,-3.7668184095599524,-0.558335022114975,9.089737365088684,0.25666628921110357,0.7019984984444546,0.4535959318242059,0.5900000000000001
0.5227091889368496,0.4339952999099277,0.3601159599013762,0.33013948327545184,-0.05747294349422857,15.531522248385269,-0.8887432698941362,7.25456762561231,6.288096969552077,-1.397805402775356,3.223325033182922,-4.3817219783457855,0.12945025165370805,10.762345261288592,0.5907778903076533,0.43505728743408445,0.40194996532599964,0.6200000000000001
0.5435804007258896,0.7128949748187692,0.5749092640565464,0.4335956134139631,-0.05604251660558525,12.958812797877087,-1.8732584423852816,7.618071121771255,5.1084270846035045,-1.3544660425720976,0.9847185305014124,-3.411585993963299,-0.545613167046887,10.138483464348347,0.6666633619803772,0.7674758945788787,0.5647332886650831,0.6000000000000002
0.4783770222363339,0.45318931948823754,0.5086323839856207,0.4933703325689577,-0.19474056325760708,13.672479250304013,-3.088124421875354,7.413801175522693,5.276437841575157,-1.3520903673272653,-0.7699644150276439,-3.6252344757400463,-0.3605934331763272,9.720806196227896,0.6422248220543179,0.9993338077682687,0.4214717139435996,0.56
0.4708300246082498,0.4659000595742439,0.34170700117034386,0.6469083986216535,-0.11367201659802306,15.323491348564579,-1.4652376146161643,6.429142278784027,4.737247343580992,-1.4482885917822959,2.7247471156210143,-4.136231226703746,0.030449684914017568,9.559481220933089,0.46203055930700976,0.5672852845568439,0.48224099777720697,0.6200000000000001
0.5803030532646145,0.4693692332583869,0.29032648151069396,0.5837656379252762,-0.03768327496783935,17.973558257175885,-1.5617385678094817,6.179880317176185,5.42244226910444,-1.4108865795058743,2.7453571141451234,-4.272876863759417,-0.30288350290506766,9.330571583892,0.4221539590962018,0.40860444326195805,0.30043711212308705,0.6000000000000001
0.4792146851872022,0.5529203934300598,0.36440910080909145,0.4121877057090286,-0.10011251918419832,15.434458063893306,-1.945242536382519,7.668506241107201,6.24857522434381,-1.369224368014845,2.828092893601104,-4.201282190005928,-0.05171653944205794,10.016493493906225,0.6046862803074483,0.5115078585801069,0.2488736465904109,0.6100000000000001
0.6296756602439457,0.4299435374489968,0.29118229539262025,0.34255717090538085,-0.3167475592498999,15.984182177020855,-0.1723932644925804,6.298567582933853,6.059087815849127,-1.4278518256955333,3.049236292182359,-4.434621737068797,0.29313485484002944,10.141211126010958,0.2152887931510637,0.4585204220343636,0.3086253343819632,0.6100000000000001
0.6024922062686211,0.6694061849138655,0.4734371281747406,0.7772861356194533,-0.18871274578106023,13.337951536263365,-2.300974219633897,7.294788176513236,4.916209795225892,-1.3888919428129738,1.1252933148200674,-3.765042126696571,0.13173596425315687,8.835733539402597,0.22897503248861295,0.6981180769393366,0.3206352586919097,0.6200000000000001
0.5934997260180759,0.439608269585491,0.35734423506709145,0.6456152530451529,-0.06905388541173198,16.454348672793397,-1.1587239107129865,7.105080330426625,5.335786950010931,-1.3456820205796267,1.6145992669085378,-4.561301080753206,0.3144638719997245,9.689111309042744,0.7548828473496586,0.44896462721763253,0.2557487990395839,0.6000000000000001
0.3561500847297548,0.765227431393791,0.5508447060567757,0.5310641970405802,-0.13332355033797635,13.037660819753063,-3.711891637809233,7.711537263401714,6.140893292113089,-1.597778438157851,0.8828022477717069,-3.4893928763938438,-0.5165168369558941,8.84149791509484,0.23270626719689153,0.8220604646962725,0.22611899474948308,0.5800000000000001
0.5962731813148766,0.618636572381924,0.2933141602398418,0.7060674067974063,-0.2678930512720942,17.253708174614104,-2.0409467079768158,7.3949355070164025,4.947880663540046,-1.2961533605797673,0.8555247211768939,-4.409621003170705,-0.3202647685977972,9.702987931468199,0.39298823625110907,0.5064812138085899,0.2891917545317466,0.6100000000000001
0.3001630209930594,0.633115800607888,0.40683128777864236,0.7161751983515877,-0.07828586144314868,16.719392790205013,-0.8966931015736778,6.974173943946731,4.652691793674979,-1.6061509306075628,1.3533830064614836,-4.40843966258758,0.013861856563695471,10.443727988552206,0.24147262746033726,0.6995034887493817,0.850030133537822,0.6100000000000001
0.3547940608986471,0.6999549379762527,0.25784000229742526,0.7944346491823333,-0.11958590663143336,15.743401387143704,-1.2688314992169616,5.8402188177402605,4.996032027287771,-1.5148047838233274,-0.8275642042785537,-4.481957577715786,0.06712415122600869,8.746692537843618,0.5338763229376278,0.5349073209981705,0.7158160391154759,0.6200000000000001
0.6053917064526014,0.5374683033405236,0.4507263689433725,0.4211976712216985,-0.2673443644181921,15.370297859806103,-2.85047895299596,6.453004974468378,5.700050150754253,-1.35217948825681,0.6397566969212493,-3.774677444430866,-0.3921325181258183,10.131132021603126,0.34522338993152457,0.45473063978528105,0.22462140585349843,0.6000000000000001
0.3814379086990441,0.6409960331659947,0.39952055926889024,0.31212053756894714,-0.10431042201424617,14.214169065223162,-1.4662286600416992,6.71875259747981,5.459369764289514,-1.59784173795492,3.147486400553123,-4.539884805410427,-0.012367896853856121,11.183964198812532,0.22202354262230906,0.627640710072664,0.5062012211397129,0.62
0.48274490115487945,0.5063263776309688,0.22331437213042224,0.7587873400092863,-0.12782173745230857,13.872817236069933,-1.8814686577552757,6.796391957846014,5.629419567895527,-1.3849470403028468,-0.2005883849663125,-4.202263275976644,0.020529137121705635,8.57652157050701,0.8338468713626226,0.8384649076065918,0.4815330048266381,0.6200000000000001
0.3468709799411531,0.5612982735222941,0.4176960220696609,0.5780874100915087,-0.02762189552190872,16.33589348561821,-2.074792753287203,6.069179547402878,6.077546370823107,-1.544728341321763,3.9749714975104626,-4.035212594324621,-0.24210135468535382,9.68528329706558,0.3058455502078488,0.5411851059639078,0.2798598075596527,0.5700000000000001
0.49716866330572834,0.5942876551030143,0.29817691687654924,0.665452608647352,-0.02406451150206903,16.275066467645605,-0.8433859924955593,6.278726466713339,4.965728974453443,-1.3864502290309377,3.650920716031604,-4.218471570762262,0.373537591196469,9.499669745369951,0.532435486949064,0.5035344855622658,0.24206751387580483,0.6200000000000001
0.32020355933965006,0.5209618356299777,0.31366245773746454,0.28138874203691006,-0.11753564703126747,14.739013245324514,-1.296825307770624,7.427759640515481,6.977880243583294,-1.5095868165045292,1.8613193041010385,-4.275844326815638,-0.014842391507827846,9.422381042011098,0.3198363323811383,0.7366120081008242,0.5165609329040175,0.6
0.4158425844170808,0.5887165312249393,0.5344183624495362,0.6531680653870062,-0.06208358382539007,17.585800043907657,-3.579872170524266,7.7947280237023815,5.6649833349461,-1.453835748329926,2.4178189572836297,-3.5932190880193904,-0.22588980401839467,9.28360140301126,0.4644895178291679,0.45922573059314925,0.42928498157875344,0.5300000000000001
0.32664454890418015,0.696597298589577,0.503816710718263,0.4372500071315859,-0.026596523048865603,13.420350050542094,-1.5358779171214136,7.62152432746442,6.1584256059649,-1.5141028692392984,2.4071967853501066,-4.041497227599448,0.023834052893855345,9.987605730864567,0.37725917013558347,0.8798391083257605,0.7442639146485677,0.5500000000000002
0.5953502650881479,0.7154042087804591,0.30321757665843974,0.759249608872694,-0.12223391785610829,12.466283267394004,-0.42857261766234556,6.342243763582115,4.592303355851652,-1.3503094054870404,0.5217023187767188,-4.362882343510857,0.1306134669845307,8.930319154741555,0.701278652721768,0.9627610526121803,0.5421074468082079,0.6200000000000001
0.4386579141197967,0.5807422368569333,0.43290530430536694,0.5872725632995489,-0.13148267805567598,16.596061399899607,-1.4346191551595182,7.555094120621584,5.906821573159587,-1.432325582327025,1.0312766671312357,-4.228704742421779,0.273248418780104,9.498074939537576,0.4682850420237039,0.610860282145005,0.26940226752171703,0.55
0.6592671989024902,0.7075409271098991,0.2704361853543251,0.6690605638781147,-0.2505617914139301,17.16969910030785,-1.3108284627507107,5.8126801064148905,5.7503606406699515,-1.2876038466273856,-1.0185133690594532,-4.552253643378389,0.048043828987939304,8.942451126414264,0.740979553799804,0.48537938075506487,0.29089189193717785,0.6100000000000001
0.4741730353934047,0.5551607513665995,0.37813017927537296,0.7933249288936509,-0.2599520424641768,17.30334425712187,-0.831621256230728,7.559996156256567,4.448257791297122,-1.4882924527609858,-0.9489920259972593,-4.184033801813704,0.4295103754025178,8.833972155100634,0.31316254424323253,0.6832695830240013,0.21978030811503485,0.57
0.5773727089426383,0.4013970525691951,0.3554218920628174,0.7370109512749662,-0.5849704321276881,17.246864418928432,-0.976425030691397,6.09340216066613,5.699271417174266,-1.3744161672371171,-0.6373645589801886,-4.602665493387091,0.21882822704819366,8.048773499493567,0.22072310050752206,0.5908930306311603,0.30509425037551274,0.6200000000000001
0.7562835037771909,0.44036738394721203,0.4656550787873959,0.5796832609173077,-0.1600097089761587,14.941277800145917,-0.9963291622197217,7.511041702004816,5.500264733609746,-1.2565417054113552,1.318720195637463,-4.0869179324903655,0.025364991464378858,9.61989434676544,0.8057667908073529,0.43414342079013324,0.3898419063176901,0.6100000000000002
0.4549564177410295,0.5108719112747855,0.36859882592200954,0.5595052472855253,-0.130876346921039,14.403727166603785,-3.967329278586337,6.718469544756089,6.810005144991166,-1.4949120922792718,3.6326164588132817,-3.744946918834699,-0.43313142331698884,8.748799891015695,0.24974534944601534,0.6728136490669181,0.31153543933777683,0.6000000000000001
0.7546697745838733,0.36007097273970384,0.4236705492789859,0.7265333483634673,-0.2811390988971104,16.690604931296324,-1.1808841354137027,6.643391320931007,4.482642696887676,-1.1897871897290444,1.1143325644871458,-4.2862641782752275,0.08569374752462912,9.23718241950276,0.583892584772086,0.3585035034959286,0.46749017669839654,0.6200000000000001
0.4669903298969934,0.5398712430492938,0.38426965593167306,0.464776837326062,-0.09813891141116321,13.824660537058804,-3.784641803445837,6.86157882228639,5.769386420796405,-1.519015899576228,3.2904471642589055,-3.718665708733613,-0.38926152630709715,9.511263881872217,0.2293954496667997,0.7191119987228157,0.6686234983846344,0.5700000000000001
0.5140367929082812,0.3922090360847129,0.569659827029913,0.31630929005503455,-0.4501528645318499,14.483066854333414,-1.3127003451958719,7.73551162173272,6.246563231213074,-1.401787196216654,-0.9405062927148434,-3.719086759843426,-0.14154615207129873,9.818479425087776,0.2186239559444758,0.9029992897402314,0.38569525412593497,0.6200000000000001
0.4914402604680378,0.6452771437010183,0.48688425692127596,0.6789213951329555,-0.0894639955085926,11.948746170571034,-0.3382545286100421,7.608634202942702,5.567055909198724,-1.4212749257486579,1.4324558261430094,-4.164527345736441,-0.03075678355788486,9.15295196289091,0.39235319912209504,0.9934766242520395,0.3960948345935458,0.5500000000000002
0.576064002997023,0.4324191208779597,0.301575298854275,0.5190362558730157,-0.12032570330310971,13.644212302393793,-2.054922071071876,6.693868799146931,5.610427767205905,-1.3778960012221961,0.5724638041015044,-4.047034759279621,-0.18831627537239756,9.783365999048172,0.6487840217653451,0.7070502511738583,0.8137804786990073,0.6100000000000002
0.49868729478605883,0.7837111321933343,0.3938253368538171,0.6795182712434018,-0.18048816110256663,12.935702841522133,-0.8513932377351568,7.26642739326494,4.3265025131151935,-1.393890165355677,0.7923980702725133,-4.446094439660156,0.01864990574467984,9.784228189858357,0.3281980701899243,0.9993475342790147,0.7423407819886847,0.6100000000000001
0.5757317301049166,0.7838709995565025,0.481194959283381,0.3727737136894188,-0.06114851731408276,15.224956651156552,-2.7747154651061523,7.523334033578672,5.9358812857201135,-1.3744600166521044,2.4213118206460034,-3.985753286518608,-0.30081530514380583,10.100072031721147,0.7470330253569102,0.5597322528970892,0.22318765817919187,0.6000000000000002
0.6391317931518935,0.7619000700386792,0.55809982952249,0.7328087004586992,-0.09733912421063134,15.2075736016387,-2.803793835363146,7.034020998846598,4.356057526114306,-1.2861992378728482,2.669477717905938,-3.531191756669176,-0.5106424963379493,8.966979599225404,0.5679864879345927,0.5655899767350936,0.4348158803892832,0.5600000000000002
0.45232511278348914,0.5128341332568646,0.3587907211018484,0.7541996867226066,-0.1290883740651866,16.106826767313912,-1.5168212584283576,5.917684530128244,4.992095171481475,-1.4059485393170572,0.2167123056007847,-4.602332068919264,0.1762424273217864,9.062980263778893,0.570945495260782,0.5449929441652902,0.2357957758156055,0.5800000000000001
0.6354360729743199,0.6324337474404509,0.3304511631196449,0.5571101766952944,-0.10856115004160379,16.75565668237079,-3.450866492810438,7.359500572322983,5.47935172457729,-1.291294572278286,1.683572599533147,-3.873496559759627,-0.21809042085482716,9.805950656270682,0.8975563704645316,0.45218851740159915,0.9246488625892595,0.5800000000000001
0.5951195354904513,0.4835566927850631,0.3961583449038628,0.604103068041599,-0.054920283336347436,13.690019560713916,-0.9454957717263823,6.090523216068072,5.325225156686696,-1.3068129880240302,0.9177826962050982,-4.465608700539507,-0.07405100463520183,9.55618263450863,0.8195563892372489,0.6264481847614188,0.9609246071599948,0.5800000000000001
0.6632321122303904,0.33468496881143145,0.23449413338553976,0.740772935644819,-0.07791926550370085,15.544376131855755,-2.433787838115181,6.2088683563748885,5.8994273681562355,-1.3109903457280125,2.853629011934633,-4.438517166746032,-0.3931294473917371,8.827578451245909,0.7357988723142659,0.4785185090606138,0.24911868564604833,0.6000000000000001
0.463229361237,0.4118902627275817,0.2880581203528047,0.5488905323796959,-0.01570143917042227,13.619448271115012,-3.5410459183312706,6.267997340918339,5.606119006819713,-1.4582702605061761,2.4755845557332337,-4.306858149254513,-0.32699164663571406,9.36652840344705,0.2826150114995501,0.7268331175824551,0.6930807009520747,0.6000000000000002
0.5779894333603681,0.7136783890102179,0.2632797625957847,0.592654608692613,-0.09602419633089945,15.50036255061429,-1.9779877470920053,7.215379781017045,5.889317649893364,-1.3141744202279197,1.6832794108874574,-4.30589581266153,-0.2530825039706245,9.770853059656465,0.761130322753229,0.6121697571434583,0.7326166339549353,0.6200000000000001
0.4322429055229873,0.4351294284002812,0.42440529164123114,0.6831492798426938,-0.1263567660994181,17.502558862372474,-3.283611892939855,7.583894533657455,4.399417346754176,-1.4222953066661543,3.1514455486771498,-3.7740083731041008,-0.16553625099344335,9.573910258300467,0.3786269184639792,0.5000115063534765,0.6911594995717523,0.62
0.34828159231845596,0.37450585417300963,0.480761144046152,0.5436922735536662,-0.11491039852801985,15.053971537859304,-1.5943112178981123,6.8722468482322405,5.513466594020448,-1.4803559544160532,2.507342580393099,-4.1809658634201465,-0.3119131111473852,9.773568502130008,0.44042514914713876,0.6554793328100377,0.24121069265170558,0.5700000000000001
0.5325636424401805,0.5079779672230511,0.4168363236107608,0.7348324182283505,-0.1271781288309377,16.87528385229777,-0.6832837591331142,6.607124744514388,5.1928990013545375,-1.386097859785801,1.3675238079006178,-3.9552318135602773,0.08949493036332438,8.608996305493315,0.4143061581877602,0.517438968619403,0.42264484737301355,0.6000000000000002
0.3440763580721369,0.6985022105149564,0.29273568627255275,0.6598079355836384,-0.052922944968787376,13.558807749021959,-1.046695557406618,6.786370097839668,5.847469574871009,-1.6035614756275227,2.225580653388087,-4.735237646617556,0.20304237871163955,9.224360294610575,0.2260744287709353,0.8700065679768173,0.3658230823649914,0.5200000000000001
0.405264341078052,0.4589423703642639,0.4275442334053126,0.6155600642245699,-0.02255590519253764,15.638446378200133,-1.2080111966656917,5.960567311562957,6.093261221172393,-1.460359219986296,2.776307356184003,-4.349096144129607,-0.1446942866629179,10.319484064510002,0.5051138564962314,0.4804224183082898,0.3438228662893137,0.6100000000000001
0.32365283302531045,0.6646292187299923,0.40767803542854003,0.6218493580172971,-0.18792696576275594,16.11613001523303,-0.7479502173805437,7.601756036937472,6.128623352570074,-1.4475567372604383,-1.4931641670987281,-4.2339243420975015,0.12811398658469855,8.119778549924714,0.6187651276882211,0.8107247575334896,0.27688935729804265,0.51
0.3891479306334157,0.5266237096845401,0.5181021893899178,0.7039007127534954,-0.1461024408614564,16.148669065068965,-2.2019684350342166,7.33744819694213,6.1044716662521035,-1.5338631039658905,-0.11275698986663785,-3.770946556781778,0.03487579310503225,9.27796374519424,0.25196257735147015,0.6595504575842521,0.3772283012276608,0.6000000000000001
0.4203344672046102,0.5630769333047776,0.455171484130809,0.44826534009697355,0.03661300496218338,17.70013775148619,-1.4825665544749853,7.430363776190099,5.550243174461013,-1.4286151075406044,3.8896553423269853,-3.9801456332092324,-0.2110346166835753,9.676016154308886,0.4777755953163203,0.5977878803520749,0.2959935932772654,0.5900000000000001
0.6431727268716343,0.4246729288720238,0.34540484844896785,0.4166596449331962,-0.07542835104468612,17.994549523993374,-3.9857736226257243,6.237457576792198,5.53435948539952,-1.4480697847592316,3.536182742348687,-3.7523743985641236,-0.5283095578992614,10.546390727163608,0.2660076031557873,0.38755153020871175,0.5133865418704636,0.6200000000000001
0.7124583587286546,0.5849002633241132,0.36820636185319755,0.7419615551059602,-0.17256407705380336,15.483428101021705,-1.0494220335736428,7.769894377819178,5.358850658689702,-1.2206829121377547,0.9961257604980565,-4.211179626286192,0.1426903591074587,9.215093528938104,0.6535617139905564,0.5539388383034413,0.5519109777196188,0.5100000000000001
0.40788415444384096,0.4689276381263119,0.23952837108052655,0.27968041690181084,-0.31072870455564977,15.593204473354428,-1.6064107814389792,6.881026194208534,6.022900318557527,-1.4795253797583787,0.12133621036423459,-4.279041990105385,-0.11675971036782726,9.89580628342375,0.2501284069810362,0.7383044913316459,0.8152693706173861,0.5700000000000002
0.5276966702078159,0.7531247078189821,0.24450815649478985,0.657036606675736,-0.23443433029689423,17.99682474541611,-2.2819321278057623,6.672168730213312,4.536787023861997,-1.3300853046019663,1.2205101559345783,-4.354144024522318,-0.2814165816025447,9.351694844435515,0.3655292790783368,0.5391307200555936,0.2083196735217718,0.5900000000000001
0.5092963877961455,0.3502542517796347,0.6093198079844339,0.7129928240977387,-0.21982945758515415,16.024899313437466,-1.0142067530591554,7.614378785278575,5.407234715766358,-1.5126424713240159,0.8102406782452922,-3.6152320030541665,0.10723189819473827,9.301593114811842,0.2213159074977964,0.6641676317731067,0.2985339909153043,0.6100000000000001
0.32237120246162837,0.3811356958001738,0.2661696994021133,0.6112632556571332,-0.19465327112342973,12.74814040655128,-1.6217780347622544,6.039604319891003,4.912710443408462,-1.6341593533688585,1.2411711478316694,-4.381393430098028,0.04291607767899264,9.506408410230968,0.22487585554597841,0.9475280837965437,0.5653264607943037,0.5000000000000001
0.6586259580366064,0.6887426419572596,0.4903358023660695,0.7874528403367635,-0.2684443424758357,12.83059646981051,-3.7683789993502246,7.61401999585947,4.173981239596857,-1.2306108073520463,1.0311970426575507,-3.827941919183817,-0.6722517960253738,8.38688423514577,0.6108198613126465,0.8117856784948546,0.2485176694376695,0.6200000000000001
0.751676420350203,0.5593880933109282,0.4353422786009089,0.714947289399659,-0.21153756514787875,17.547649833228164,-1.1542072243135681,6.552788810622683,5.3198571884435175,-1.1974590065071806,2.122258544635422,-3.9863076971312723,0.047539502468222444,9.158690352519171,0.5473861769558848,0.352787535681149,0.5104593055402927,0.6100000000000001
0.49239238074986946,0.4179288302600041,0.5679137948810207,0.6350161440650242,-0.13464854537369975,14.13927806453567,-3.5833192283526345,7.109836897652293,5.860758891858464,-1.4381468425746535,2.081707153793493,-3.5474714947207833,-0.5916231635808411,9.961162411099147,0.44330485148844273,0.5627157623968625,0.34766500272143136,0.6100000000000001
0.3812920629779681,0.5240372574239653,0.6562633720883604,0.7058974837200763,-0.11851786529974044,13.633593509864104,-2.0465257822148093,7.743024520479262,5.031036362138376,-1.4395735969906636,0.23825857251037583,-3.5610914600843273,-0.1507292118129166,9.054347818658096,0.6546507260102087,0.8145849219355907,0.5678937872599956,0.5900000000000001
0.6539255111774386,0.3609350523936574,0.4843543939529035,0.6365920829665069,-0.3154173622138359,13.514588754167423,-0.7316514498239413,7.171579328030755,5.959733929048184,-1.2928298833915841,-0.6690054444274038,-3.9678320484052763,-0.011192175216919245,8.700462994020171,0.5049332203309355,0.7917911991597112,0.3284047525985152,0.6000000000000001
0.3023746776873377,0.37479741561106944,0.4494921340601057,0.7434942716660773,-0.1893830536000296,12.775844322799863,-0.8376916683460296,6.434587469424151,4.828386827446272,-1.524363469006967,1.3951606467123492,-4.243407953049942,-0.03692534185992069,9.093688379032209,0.2966499339338481,0.948848644781365,0.2567965790828619,0.62
0.4514550876735463,0.6602897195576909,0.52077523283739,0.3922632779326394,-0.19228446975387115,17.78837088297639,-2.2278596670345334,7.101305766303161,5.797603803382778,-1.4032042981791342,-0.4503933419589272,-3.970882695535611,-0.4357602541626187,9.949327994598352,0.5265430766649465,0.6474951417636938,0.3776297096049903,0.5900000000000001
0.48930801539628166,0.5444845130386837,0.5603713720219639,0.6020050828744599,-0.17996050747180353,13.628122713699081,-2.279608370753867,7.633505640930553,5.042050125819055,-1.482368326017751,1.4913537527626703,-3.719242738277478,-0.15836037986129206,10.004226638557814,0.21738646125248512,0.6621600389102654,0.2479151343688067,0.58
0.5025761199455384,0.3079803134217819,0.35772911617482406,0.2969064422489731,-0.29342175358565403,16.6930309402866,-3.4193516063566127,7.490621385852248,6.130742614728019,-1.4068514522963291,-1.2811666666225658,-3.9314955192151393,-0.2320930467917201,10.616564367115403,0.2925935947710834,0.6881313959381896,0.6282468705426855,0.6200000000000001
0.3837464702371058,0.5680945323357889,0.40461949143669995,0.5232516883594129,-0.3709935614192061,16.124850216161796,-2.4937261040947245,7.325115489622078,6.235801418681471,-1.5120986264095189,-1.7861642635747141,-4.24642601374054,0.08862277452587433,8.979901654526625,0.2511594223720659,0.8558203066460155,0.42612181438500646,0.6
0.5382400653038681,0.5867241307827702,0.5573027341832775,0.7133080587949906,-0.07430800446172542,16.85339760558012,-2.4570346827816754,6.713212039287874,5.268660396235397,-1.3630849270315666,2.302178307436156,-3.9455200217841857,-0.4430007037741447,10.094687608728412,0.6511618700450514,0.416682366714792,0.4910825707677411,0.6200000000000001
0.5000580674948801,0.5903607749232849,0.533291196497005,0.5027279405518741,-0.08307376648420828,17.820714328901268,-2.8546742654181307,7.344273482727529,5.618711125576474,-1.426461815127081,2.183906280883863,-3.576232771860179,-0.29624386581534373,9.882004191542736,0.5092770161567949,0.45402960318659524,0.757863361655755,0.5100000000000001
0.4369413305290212,0.45401653698053607,0.28885800313816923,0.7343981204746641,-0.09134259341434495,16.28760510276175,-3.8590176137843386,6.902598300680812,5.032048982589012,-1.5089388932842829,0.8231709222305391,-3.868963886498906,-0.4057865633373392,9.661918320100705,0.309721299845924,0.6016729032009454,0.27384846676311114,0.6200000000000001
0.7303011411160397,0.5283325592181484,0.22227693569559703,0.5273850684371514,-0.10846646101060683,14.566275001026703,-0.6242483704017964,6.971073909329587,5.847915297053847,-1.2442808527034368,1.1701048954497006,-4.27477045230361,0.16327938115646695,9.609878660042707,0.5980575793038432,0.48611705785133513,0.5681788885027423,0.6100000000000002
0.40671256047351334,0.6106146338129481,0.4223414948581888,0.48752826543757416,-0.2314516230272385,13.38102464030447,-1.2216315022434214,7.328571899892183,4.94456893699437,-1.5362981870370462,1.7685138371583493,-4.484626929066663,0.22373928787514896,9.611612944804133,0.21378310728086758,0.7645310807513407,0.34383861454071996,0.6000000000000001
0.5001863290624764,0.4891693091354826,0.4050609572171711,0.3997428088251922,-0.13128065137152034,17.24222208097431,-1.3078482722509168,7.40576134729836,5.971465301606723,-1.412430881914602,3.0489793989216283,-4.099071919546267,0.16494356272707345,10.10208823117356,0.34163418820711533,0.5124331210820456,0.6648180662631156,0.6200000000000001
0.4420321187256416,0.6035348820698755,0.273719404669542,0.6967011192825772,-0.038678057633537564,13.697778222367347,-1.2915957207118787,6.247276579939919,6.210690883939758,-1.43796615714899,2.2313480971243274,-4.484825907731725,0.008464232323690063,9.106454126234853,0.8011600317836778,0.5072856651463856,0.6133174512138524,0.6100000000000001
0.6433790893727491,0.5319577412737786,0.3954371896260054,0.7406355919871253,-0.4787231378899454,13.654881397544095,-2.649879806211948,6.240417838578638,5.275128623781795,-1.375299264724446,0.49218393855866316,-4.17129611641279,-0.46240690794920725,8.665684016770244,0.23662677137685764,0.6788391260926343,0.3910789919168695,0.6000000000000001
0.5981330313575702,0.4089875575698834,0.410599670267484,0.6109711649456868,-0.25423339725327393,14.617604979835777,-2.688556141516156,7.464482357311315,5.406926399939584,-1.3057895708476743,0.6718499993182987,-3.9930144637561695,-0.08483771659711059,9.642136427006005,0.49481377581887553,0.6123363031253195,0.7405405821637863,0.6000000000000001
0.3881890505702744,0.3991225726397516,0.5227332030632278,0.6792909358795077,-0.28628189281333644,15.585689362320178,-0.6205787506552722,6.973355165388745,5.4608270310437295,-1.4860081352641337,-0.7321019517571923,-4.3667396992501075,-0.046273517504814315,8.186315708531104,0.31535067746547124,0.7081569568970811,0.20863439409828421,0.6000000000000001
0.3237960491481357,0.6039628177211773,0.444858047442035,0.47260708990867584,-0.11907668311251919,15.700413980235574,-1.1812882792142947,6.049045035009649,5.263159890902965,-1.4744202292735842,-0.015578838267322537,-4.274332334805681,0.09673681729458147,9.732163399445806,0.53655222363902,0.6536555081365962,0.4566388707839053,0.6100000000000001
0.44899793015590694,0.5752066266277495,0.40624718391980275,0.46454105986926003,-0.3095008561270618,15.956901100597458,-3.1204275591060475,7.1006844261898685,5.124334215882933,-1.4883816710930264,-0.4216678236188527,-4.178204839425543,-0.23388892116825752,10.04925332724303,0.2717766190890444,0.6652614556782491,0.5942755881782759,0.56
0.6178841194668423,0.3998829168506033,0.6001794168299929,0.6051260965156013,-0.20179170893626847,12.593292498463631,-0.6426080011378764,7.1248210547629665,5.464875101432673,-1.3546918709044806,1.4943886556665404,-3.597738227876892,-0.16521294216179463,9.64826618698147,0.255331677638078,0.7214724623729117,0.8425062965361488,0.6200000000000001
0.71208360640825,0.6043445230820207,0.35543569885132453,0.6780327042821463,-0.17744616025020665,17.373106423867963,-0.5784239695892772,6.140768090622951,4.958115328848253,-1.2384631562222987,1.8368579107710186,-4.296542086620018,0.1677067468306132,9.525040867231462,0.9794788915576493,0.44640661538293813,0.3029653127718793,0.6200000000000001
0.36913915606811043,0.666047002181592,0.4324695681035399,0.502363056613756,-0.06953243322049504,16.445769449698382,-2.899728494473491,7.410884144062394,5.5539696782989925,-1.453471485665971,1.463006976483579,-3.795550817930185,-0.5210033062104552,9.02025400935911,0.5937113819091171,0.7106248755421154,0.4339497800441002,0.6000000000000001
0.5670875772211904,0.42967704144474117,0.33144243190394845,0.48534588005467416,-0.5292762630404553,16.09157547078385,-3.016306699507542,5.845330002357597,5.8605681009173995,-1.3724317708918288,-1.1458229410540612,-4.397837870896222,-0.6033599239473868,9.373947653894678,0.2510186864139269,0.5961310422021481,0.201739764840388,0.5700000000000002
0.4478555465810838,0.7589661433154796,0.25967877866817884,0.6666414878018931,-0.06363522434893737,13.938611716743415,-1.5815483737429505,7.100832976079983,4.151382586220889,-1.4525588252414023,3.1061941088320473,-4.3294492623767225,0.052343187771273,9.843946650606432,0.2782332460628284,0.8629838360880897,0.4975555832137679,0.6200000000000001
0.32252314733752185,0.5004577097147525,0.3786029592251149,0.5195870829716928,-0.12236217657519408,16.331177523968677,-0.6987981085417431,6.050324615293734,5.0692404538429106,-1.5257516752954658,1.9237417900015343,-4.4666914786654734,0.41014647197303,9.916154068466149,0.34078704546251637,0.5785147151643868,0.44607779406549614,0.55
0.4297446072529163,0.6513285360533605,0.38541438952991264,0.741550755806765,-0.06431989338791208,17.539618037689195,-2.8529190390063617,6.5393392641128125,5.2761127761145366,-1.4430936383570363,1.496471316995768,-3.8349134176517303,-0.4308094344340644,9.005066619779898,0.6141597920927286,0.5152186165982061,0.7258276538540743,0.5400000000000001
0.7144631430558812,0.6584636340214842,0.49464946685587263,0.7118594018398483,-0.09522335455462674,17.198173579652877,-1.0291830798202046,6.5520616152766324,5.653328398217893,-1.3124666509979388,3.733247073936355,-3.9898558999465528,-0.048992720870688,9.006364664930972,0.486235810269207,0.3657394798907739,0.5093448475401844,0.5800000000000001
0.6443446934356849,0.717359054521969,0.4058064005740309,0.45497117193571956,-0.13139125943917007,15.450683034333741,-3.297563733154787,7.738833708901517,5.497145844768012,-1.2928120600564934,3.0690827964338157,-3.891961156452238,-0.3088867077353693,9.814940357869876,0.7159520170755916,0.4850018843985471,0.5798992908731209,0.6100000000000001
0.7110967148307116,0.6248036556555195,0.399487545591319,0.4061995040004406,-0.3237221706348368,12.4582614350847,-3.7290327120459654,7.272050249633645,6.196195946436447,-1.2218896953991105,1.131746484206018,-3.5208047512081637,-0.19409372470419708,9.326762526808396,0.5868810247455605,0.7618406530800352,0.9320600297045601,0.6100000000000001
0.5963453784622725,0.6224130885737088,0.4200899835932297,0.7391243393940597,-0.14168968230444687,16.25525534220126,-3.1350821128430875,6.878008089445666,5.356500291666006,-1.3683987865216214,1.0974485090911181,-3.6130320950380375,-0.08292822610366403,8.831512713236926,0.27936485904428265,0.5149996427279013,0.5760078197328008,0.6100000000000001
0.34409086952104656,0.3428162107678433,0.27419855015685984,0.7341042092400165,-0.0576004999197076,15.899097658758306,-1.4546105950305228,7.303698574618066,4.100407074806797,-1.5281983894209794,2.0238071905097303,-4.29487526155592,0.06887468947521008,9.496134228570684,0.34379218846773807,0.6391287921500273,0.8079842799265744,0.53
0.5265072546783327,0.668427389126893,0.49145117669944016,0.5795270101544298,-0.04670217092106896,14.012540264113646,-1.5838977960708893,7.320439544735671,5.099422195988684,-1.3682897155215552,3.183722408068308,-4.005756023051995,-0.23597967878687715,9.911741704364681,0.3320141333169573,0.7571283066069434,0.3059408109281529,0.58
0.37359003910132477,0.5890926096917399,0.5148744040394251,0.5437798162136618,-0.17699152087543715,14.911354676116094,-3.78281070793976,6.628923156782049,4.6990191211161765,-1.4159925876923132,-1.6773967314209621,-3.5710899790743755,-0.47441665483690765,9.677712435149584,0.8901032445477638,0.885755929046692,0.293070451204593,0.6100000000000001
0.6264874431187921,0.49693014003508945,0.2962549689118648,0.5662244886370338,-0.2655671866666421,15.82816660013678,-0.8825371259165928,6.0927514643053,6.78334292254959,-1.4245454860041493,2.7650051753525227,-4.358126733023578,-0.007212374907769527,9.011224862284706,0.23585212543401654,0.4315672017069484,0.4347079673532172,0.6100000000000001
0.41932674324606545,0.49037050139756966,0.41969761943918543,0.6414176365806517,-0.07087497907453383,14.905473050172233,-1.7882643836395082,6.12651987912971,4.634826722925691,-1.6355564858600895,2.148535109455602,-3.95936363611582,-0.33748486535227445,9.127941300608082,0.2262011780791286,0.6938699528385259,0.5192879222030484,0.5600000000000002
0.5181481336087694,0.6371346205871539,0.46237476608268624,0.6541761317052297,-0.08568806155283483,17.326463557047955,-0.5327197179140828,6.345181595313347,5.128849088658731,-1.410295008800125,0.8087744584374238,-4.194685001072955,0.11855629928480933,9.106953324738155,0.8231924041282843,0.3958621284940014,0.3939235912074355,0.6000000000000001
0.43972137495185043,0.5921367021321846,0.33173875237330724,0.5087734295611824,-0.10732216318585625,16.11054163850821,-3.2482737303140246,6.952151276555409,5.833415302989749,-1.5974178353908675,2.1936913750547338,-4.449941808927957,-0.41939341908119776,9.840700013359333,0.20620776138263452,0.5823864408030397,0.3217553334339127,0.5900000000000001
0.37722282935078455,0.6367026685200157,0.23916607878198104,0.6451529634877763,-0.1236350889479864,12.681679036588333,-0.4379548242415532,7.252489835453167,5.08391607980595,-1.5586309402030045,0.6673275825938965,-4.35669883656245,-0.0548160147415761,9.601456419885531,0.283397926766296,0.8805096582490811,0.4510336978659507,0.6000000000000001
0.5715172222168154,0.6335827838235929,0.20601574039819986,0.7815349098116612,-0.3832473468640709,15.295002056987391,-2.453516987100479,7.375051236368121,4.674864222088435,-1.2670418532936685,-0.18446980351692752,-4.2404849557906,-0.23182980882923052,9.31953273866011,0.5115437282580899,0.6264684632273906,0.6155722445025117,0.6100000000000001
0.4909539653558529,0.5701605270852391,0.3524037437297217,0.7100556396234955,-0.1690394056060389,15.49030245969015,-2.854168650331907,6.494058689894737,5.108253310460801,-1.4478054687239592,1.0754536683755043,-4.0350911361240405,-0.36661539175917013,9.847348965977273,0.2848980123198313,0.4824332229914738,0.5753896533221774,0.5600000000000002
0.6524445810792084,0.76797490585152,0.3831951981832776,0.6859463093951667,-0.23430123420543547,12.396324103090745,-2.816783795836458,6.2895014502250195,5.07575473850471,-1.2881325625744233,0.28149718715752686,-3.820718235035158,-0.5881137912763293,9.275893567463408,0.45150004660783893,0.7276834328319367,0.3243730372599408,0.5700000000000002
0.4741800429594907,0.5532985007761599,0.3679065700863079,0.5295806218280692,-0.16751216440595829,16.696515114928626,-2.554866546122584,7.739077374510731,4.281371045339076,-1.3800683197360664,3.76926926743128,-4.27712369784367,-0.2877069997562152,10.02317890987332,0.45884793711191546,0.499747969691263,0.5180149045366416,0.6100000000000001
0.5149421277809553,0.5964440317483539,0.5844530042532073,0.3015640827185384,-0.23411181344874002,12.541798424752276,-0.5579854554134767,7.558026783737228,5.9266137651327195,-1.4391848598173929,0.680761207296233,-3.8844901803794962,0.14676615650710262,10.22050642393148,0.25342581096081146,0.8511206784299403,0.2536478569900713,0.6000000000000001
0.5023778597458575,0.39484165359373224,0.2095770349761336,0.5254379218479011,-0.20651981820738788,15.575547058458143,-0.5097624752272368,7.088818698980872,5.683587390480719,-1.335755194106834,-0.6013474517235526,-4.30737318970047,0.16036731349790473,9.721236667357605,0.4911786809934182,0.5775976695162044,0.48641273805622615,0.6099999999999999
0.720017960278775,0.6353575236577703,0.46006948083954846,0.5850843029061434,-0.023742114034436823,15.085096274277056,-1.5286075120566027,7.0047402655038296,5.744614682879099,-1.2641010668998376,2.3979225739398453,-3.9683382725382126,-0.13847141907766097,9.193981095399442,0.5709340740775937,0.5092627348367433,0.6437788682946323,0.6200000000000001
0.5800914502433605,0.6416127132924674,0.41876412555557485,0.44643086805106846,-0.3095148923141013,15.852834058132151,-1.206062538872661,6.766074486019018,4.932880927841606,-1.3379929138393623,1.9365121716413962,-4.033739994099113,0.06974909313328617,10.186543722616744,0.3515153293210546,0.5697619884163599,0.3351839318958687,0.5900000000000001
0.38153626293213283,0.5243245449828384,0.23026784160710304,0.40848276324098876,-0.09317023462506857,12.613720299146758,-3.244235664698376,6.578375743733589,5.602219048962636,-1.4859165309420181,1.2338347163309702,-4.545388805821707,-0.4082379580359181,10.341625520395548,0.5400910949702428,0.7664233224255586,0.4875475332189976,0.6000000000000001
0.5145718359941585,0.5559553678163662,0.2400881703407795,0.5382294343582911,-0.13876004854141005,13.44935125112111,-3.214555855690681,7.393176970985782,5.6473663486426915,-1.3716338745249705,2.399415661267021,-3.9496698137361066,-0.22737823144832178,9.734171367507276,0.2750231831828854,0.9211669147104256,0.8135570109228676,0.5999999999999999
0.4842785980083979,0.7984531584632742,0.4395253242752721,0.6959437488906167,-0.04198815987743586,15.182649464654135,-1.186539934665646,6.228636840845856,4.884870006461236,-1.4029548251137427,2.6456627114816897,-4.489821149668032,0.16889817127656684,8.931891850643076,0.44178118990183135,0.6734156599661258,0.22046363186410997,0.5900000000000002
0.3672840438199701,0.7372423470760237,0.5512263179647219,0.7016244419292609,0.03709726232827991,16.863327198073186,-0.9129286613814719,7.152097710582212,6.430939858262573,-1.4462723018567927,3.9625655475264203,-3.870033738319194,-0.007272098831478238,8.512523374920178,0.6585821584654112,0.540910362654828,0.7954276651983745,0.6100000000000001
0.5990743822214684,0.5808001781716445,0.2569637715961154,0.7851957582568885,-0.19610195091198834,17.1946798598959,-2.8449437981080505,6.294200686683228,4.8250633079251415,-1.3848813277268848,1.3180730501197342,-4.053349011129173,-0.38190770172183847,8.518172980913372,0.21931578588586112,0.6326900369554463,0.5365231845739038,0.6100000000000001
0.5967696738487727,0.4429201189891517,0.48249115645693,0.579201650508052,-0.038005559944695066,13.272006166958986,-3.4409140079170406,6.44639679505835,5.7616692487002155,-1.3075848488609083,3.0768396328563625,-3.4447869368774446,-0.7859588199343183,9.497355040050952,0.3576989613466961,0.7751228975210158,0.2926256721567145,0.5700000000000002
0.5060519563200486,0.7175381603408085,0.31907605641609493,0.7770577924743661,-0.17576291351081033,16.558699873899382,-3.4517813818362173,7.54215002617121,5.334390711898302,-1.3610402783855267,-0.6597541788317451,-3.9082885835690275,-0.3521982487998057,8.72167613777725,0.8054625921526943,0.5039164386394247,0.9539313335172275,0.6000000000000001
0.5302217941377003,0.47852242771512377,0.4681309677907238,0.49608618216728273,-0.07407296532421906,13.875994111319708,-3.874938630320275,7.797662530748468,4.829033028855175,-1.3842116982464625,1.951390035013069,-3.5005321307923256,-0.5272966467079057,9.854326284118933,0.7187946646698746,0.6645004858284876,0.33494512329216997,0.6100000000000001
0.4649736608586306,0.34030108809102566,0.42299186867137484,0.6539510689659631,-0.10435191905987165,15.166840704187068,-1.6266237719232652,7.6049364276192035,5.652935189290217,-1.3941453479705637,1.0222113810504063,-3.9377309100775184,0.4561664118713484,9.182602190161179,0.7000445659457496,0.6653078581735822,0.33623097608587305,0.5700000000000001
0.5994592191186333,0.5756152359563619,0.4018126397229114,0.4778872865179662,-0.40780716555668967,14.538819508660044,-2.328911821955118,7.521932350598277,6.44414993192841,-1.38850639090885,0.22723290702043764,-3.9732889884455367,-0.16163090249890782,8.924051240560319,0.26531724534133816,0.7124204107052599,0.22318877534235027,0.6200000000000001
0.46061109952209356,0.6902951412746444,0.4480581931426011,0.5257592640042141,-0.11814209474658853,17.132168493658696,-0.7593516240828633,6.4705708182229555,5.936118999418304,-1.4256132762459475,3.8177385125610126,-4.188956970434825,0.04667134753129913,9.958220441180247,0.2666787082312163,0.45508445579658446,0.5662415403189833,0.6000000000000001
0.598552455323174,0.6758034817074006,0.2643255937399759,0.5907497660307521,-0.2517227683304522,15.604984286885891,-0.09768730156309302,5.845557748241983,5.476164974080845,-1.405002256112176,1.7544827306168915,-4.635289181819329,0.44845725926611135,9.657715684998488,0.30119022894715936,0.569502277922363,0.33959544694495003,0.5700000000000002
0.5883475889246307,0.668126309581336,0.45264798945083423,0.4083177665226589,-0.2166365740374698,17.668220278917843,-1.1427700726864278,6.9192213702342755,5.6623805153692,-1.2939946492017043,-1.0480111720801069,-4.028275743484199,0.13871542464693998,9.831675414554443,0.6706191032998566,0.5793804174541871,0.3193829561223064,0.6100000000000001
0.6306667016216462,0.3485527099388032,0.4329487319613986,0.6950215209429591,-0.10353078336600681,12.888939467396144,-0.06507082854468714,7.351088696008478,5.474225647480489,-1.3485609964575531,1.963265002699747,-4.138425127445255,0.05291545487130167,9.23399362535871,0.38554933121092727,0.6447977158289021,0.3269719485338696,0.6200000000000001
0.35116665181236606,0.4425579623311472,0.44920645299434,0.701746781870469,0.07721082165021623,16.072873221232857,-2.2359791318396405,7.245014521273537,4.6461182153642415,-1.4702981953686722,3.5944929253966396,-3.8934840068668746,-0.08808420934014033,9.315222527902078,0.4761308557781795,0.7579887967319776,0.40915744044134295,0.6000000000000002
0.6914544582352733,0.4457483862495625,0.5367155994251515,0.6029163239565157,-0.10285071464274732,15.114467612325875,-1.8838982856772282,6.789234012342344,5.161087386860467,-1.2657951035460948,2.662935221819256,-3.630903946535973,-0.32681385621400283,9.462428616228198,0.9061316354265672,0.6438663220732878,0.43393205962969217,0.6200000000000001
0.4512763801881784,0.3132428444104056,0.34641467281221305,0.6955846346691483,-0.17125997909287927,17.404703250947247,-1.6690507453122403,7.5077176045785565,5.455184020330318,-1.4401665653097646,1.3531246837887971,-4.399795926596927,-0.04882070669039998,9.478158968483454,0.4791677089759413,0.43304725361427604,0.5743132031105528,0.5700000000000002
0.3425817815557969,0.6579052620869529,0.4024028043286187,0.458749233026499,-0.05153773933701862,14.483648094795793,-2.9700854076883805,7.086622227850479,5.703507344492105,-1.5004761304687615,3.1445793560692263,-4.077176821266669,-0.4451038700008023,10.6079917567651,0.44147075270347846,0.7826622734115937,0.2249118260470069,0.52
0.40181161727980397,0.7177983516449171,0.31016624642578616,0.6969670461614851,0.0056900917495665004,17.350264513930526,-3.480792452147979,7.0771315974388465,5.450382631702839,-1.4253370011287418,3.439121190985876,-4.101675496950367,-0.13122114466830287,8.31543613128847,0.6500418305853723,0.4026311412883405,0.6571507161266246,0.6200000000000001
0.6284779130104278,0.4361237447456472,0.4038690556659246,0.6416068920583632,-0.3551889969164562,15.82421442472825,-2.4530653021638424,7.095102173241179,4.182520820562585,-1.291367902561852,-0.3971546325570762,-4.131616616858412,-0.19762490182505799,9.837777146966582,0.4049856485419173,0.5462965211922781,0.7632049549663974,0.5700000000000001
0.6529376222357985,0.5353407499379492,0.3187816619619648,0.741809448590192,-0.14666032935615397,14.42293477903971,-1.9792595832002382,7.738248561000733,5.341088583386226,-1.425033278125436,1.808020986275995,-4.049045215587024,-0.16716075044044806,9.12105798962398,0.4238987075068173,0.4834632126000332,0.3935588200200629,0.6200000000000001
0.46993124299038325,0.5788066904509948,0.4795728026352797,0.32626542648227685,-0.07905761343366957,13.55257335623892,-1.0784114957349087,7.634257198116203,6.205963204677272,-1.5070272883667137,3.036394858695558,-4.513077247504104,0.3608771213201059,10.91241924005905,0.2804489549724257,0.5721556362395195,0.22733740730589014,0.6100000000000001
0.5408384659410027,0.5320334980674144,0.3482259400903451,0.723721835511474,-0.021282212669640074,12.070652162982164,-0.9308351905353252,6.442939864275621,5.174665520266199,-1.4309874497674342,2.2968440544505673,-4.223446550034461,0.1868694228123846,9.385681275455635,0.24444936337288753,0.9594251575454886,0.368308024356835,0.6200000000000001
0.429254138744282,0.33942788218359177,0.366740372459337,0.6485682676310636,-0.01129021069806141,12.708831398318052,-1.4371782531631008,6.995077254478883,6.15694683137335,-1.4167593254026516,2.82732697096128,-4.054390335745415,0.40029464947948334,9.461336463062139,0.5875905129665772,0.87450859478387,0.26551667209207147,0.6200000000000001
0.6173939618763545,0.6769323134739677,0.3382286865483634,0.43612230264457874,-0.12291035432827054,15.580678686056208,-0.005406150492370365,7.158793047672059,5.988811299752153,-1.3685115652479916,1.8899954343777323,-4.137527319887366,0.06036339325681388,9.828110296559906,0.2655076886061234,0.6277067764808197,0.774046889698508,0.5800000000000001
0.56072593826518,0.7058150284367666,0.5330808009304634,0.4404949567651395,-0.3903372949394689,17.22736816395733,-1.9922943762654826,7.177150652732416,5.385584115006277,-1.2697040564953617,-1.5028088036780898,-3.947841162951084,-0.03616133192149065,9.89480368525505,0.3818020817781776,0.6522703788738626,0.3966935709442257,0.5700000000000001
0.5886681293691306,0.6951390379344644,0.338784734993296,0.2805103837645424,-0.17704486831523902,12.321226681590732,-2.7867507192091496,6.991197270730474,6.558412925058529,-1.3166664027484256,2.047293520562074,-4.003808812001486,-0.317213748337205,9.552800146441164,0.5279366390708554,0.7873335929917716,0.6126000672383389,0.6100000000000001
0.3287453560715711,0.35829149298006485,0.5099669180478853,0.7754299079046795,-0.009911146645728355,15.732966325575909,-3.1093974418028423,7.724338865637522,4.588874407037387,-1.5200818241798568,3.113364233379418,-4.057872786913519,-0.34578362420937203,8.899813419524428,0.3402274169554318,0.6310665837574867,0.4050161859425316,0.5700000000000001
0.551116354488336,0.3667116760911042,0.4159816427419754,0.5901778454558484,-0.16757432022223634,15.638678384501606,-0.4729729074837707,6.664674592778086,5.709242385373104,-1.328646443446849,2.6817814825802495,-4.352810920375023,0.4432916898118352,9.223954210914552,0.8885291141081761,0.47560951427346937,0.2913490449567839,0.6200000000000001
0.6700163620273782,0.4674870454041775,0.34569977733691865,0.7363706507178616,-0.2221378611639131,14.665124585453874,-1.2437175188202314,6.547951921374143,5.495261586934457,-1.248383848224892,0.6757081211189555,-4.548574629293328,0.13303903459787958,9.201030407084051,0.8664720850395649,0.4975600270804496,0.4821142898775095,0.6100000000000001
0.4031670737111841,0.3281764311769811,0.43740921464136384,0.6726808064382374,-0.034290751410769815,17.38885460999322,-3.284682343724832,6.869926743509976,5.865149359693163,-1.5197681913687553,1.2505708378470182,-3.726957836272233,-0.15555101936424834,9.09737920411982,0.5419366450259102,0.41866968704335267,0.6033429647361555,0.6100000000000001
0.3180749498050819,0.4981864979133419,0.4385881199856117,0.7913294313186331,0.013811638345300956,15.944702711893202,-3.265709580874435,7.224124178857969,5.27553480743945,-1.5453749289295728,2.7038749446772554,-4.15311789913958,-0.30061595486950776,9.54231281354094,0.3135936486731503,0.6305607920503163,0.6856202528826429,0.56
0.6437151051463826,0.3893704937541243,0.3757964976882261,0.6638058216128014,-0.1944626665634347,17.253746508118155,-1.7904258548503258,6.723705082370602,5.452612584333696,-1.4229584206949413,3.3006313042275646,-4.194059392105501,-0.1143386526157632,9.161411618633593,0.2685885118190634,0.38838456663117227,0.5437792728804822,0.5900000000000002
0.5820282581289634,0.316282740194169,0.4514010399633087,0.45150445702698944,-0.01932499157147666,15.204755531902638,-1.1407110001697267,7.68237130797275,6.208110567819248,-1.3542520106278995,2.508598451579847,-4.166929248380515,0.073219972890774,10.294931636342543,0.7058723417226029,0.4180493018717083,0.8677092375512176,0.6000000000000001
0.4712835361912332,0.3560886592865063,0.2519712806152523,0.7655146087036273,-0.22710555996318493,12.262843881702915,-1.3551228010268848,5.944989660667366,5.454472168635147,-1.5176754052257615,0.9207836511779189,-4.407220611036791,-0.06743712139288177,8.956324021972213,0.23118190956377005,0.8327541079163814,0.21251003553583714,0.52
0.4588405714697798,0.7873667373054105,0.7738014454264499,0.5072786245616047,-0.20270641220005742,14.17212618330042,-2.9204804662467008,7.553178381541796,5.128739667615088,-1.5046755127068083,0.27058969297856583,-3.096875426174175,-0.6533547565755142,9.777791096686558,0.35782712165379454,0.714062257627776,0.4501267515251812,0.6200000000000001
0.5806556118220147,0.45719032148370153,0.28710030729006253,0.6122550638471836,-0.00785506726613372,13.460668784762516,-0.3136993745872054,6.244285066158681,5.782116047833769,-1.4265861947433451,3.73191397448267,-4.266280344609747,0.1456412744017004,9.462814186081367,0.25641122600193644,0.8631625252262272,0.6737586889826751,0.5800000000000001
0.40881790630863385,0.31903213644875056,0.2661308115457238,0.7428384232140283,-0.06887065179389076,16.190246269702836,-2.648684250195381,7.35548954332833,5.323203780241294,-1.4416016521107236,2.9724407070974403,-4.386757825310493,-0.26911601244502087,9.911798825531157,0.5466064113350083,0.5089154771200736,0.3265551026730362,0.6000000000000001
0.4550148818749725,0.6598164984797763,0.3706779676724905,0.7143987339122966,-0.20299119187928788,13.740181110842114,-1.638218808802752,6.516876482184748,5.128571670807517,-1.4730076378542194,0.609537379456423,-4.197751316304847,-0.3714673173075209,9.802927556838936,0.21867760752319731,0.8615833840126865,0.28318760441974894,0.6200000000000001
0.5048177268028607,0.7979434835386937,0.35715001237738775,0.552128055090018,-0.09143226854017508,17.795792937870086,-2.177611213643355,7.3213693737849175,5.65751410975198,-1.421987020041162,2.0849674541606733,-3.9852240271463297,0.03550123419498952,9.267307247912452,0.33448572418519296,0.48040890002176784,0.3248977486757687,0.5900000000000002
0.6332460873005287,0.6976086517942515,0.31672607321583335,0.4540911069475142,-0.40220796457633795,12.77921819771459,-1.5699514540463095,6.32867157177134,5.633373063450109,-1.2778531208104176,-0.013695608200589238,-4.354031101661259,-0.17338311399668538,9.913056334947003,0.2911740870168829,0.8274476304576557,0.6057209144183273,0.6200000000000001
0.49493483130142557,0.3249767060756117,0.3713035080130282,0.6102188011845409,0.01629351618847373,16.19710010833518,-2.5120912206920814,6.880051400642107,5.436806342140226,-1.404848071530888,2.8198797777210136,-4.284400509457914,-0.10683420681410252,9.415698063913522,0.3459542823311555,0.5927547767665692,0.6706125905671716,0.6000000000000001
0.32070097901231176,0.3186845445973848,0.715755888662587,0.6914096920200972,-0.08881780733934706,17.68579635461634,-2.1213580784899477,7.170757521234837,4.830464164359061,-1.4915134078835313,1.1202468364938303,-3.456024383388123,-0.37774961565720855,9.270333405241434,0.45043084816324724,0.5678143869178247,0.45975505382580417,0.6100000000000001
0.5843196291525643,0.5822034489380956,0.38351548851794304,0.6556180163811843,-0.18980024745237695,14.755273677500327,-1.9431663620199902,6.606188221172028,5.435663560495397,-1.4406379866802785,3.255195087494952,-4.273282357500184,0.011528903977675198,9.70486584346806,0.23638204987395967,0.49365702084020596,0.3424041273792897,0.6100000000000001
0.410050495849116,0.4267678136670203,0.24935031640950703,0.6830207241923977,-0.004144515882852362,12.641212852980658,-3.6786711539450114,6.342626103965037,5.653954932333411,-1.4367219379251563,2.0712510523810996,-4.042081770829457,-0.42357908673295214,9.314219405169542,0.8007470824851527,0.7309575529894565,0.6088799496172446,0.6000000000000002
0.5558358925308748,0.4019952203371736,0.39958876190941467,0.7580547197019631,-0.12063640491564129,14.911383184000762,-2.691447108333232,6.260015331967156,6.165078831075237,-1.3339797612780906,2.3540772622372725,-3.9255228866862466,-0.21454913405792234,10.952957876288979,0.7314562365961732,0.5603855298301916,0.4455402467719849,0.6200000000000001
0.5338696159922697,0.519492425613158,0.32181238131694595,0.336555241275526,-0.19634705305746766,13.517438597427883,-2.1483058782415383,6.221590207976958,5.931726409063026,-1.3433064073422099,1.6916943706604577,-4.294622103056172,-0.08377121067793972,9.963012686130478,0.38702206463994604,0.6717759814118587,0.6016931179528495,0.5800000000000001
0.41757083077079815,0.33580761534537173,0.47890498303762163,0.7639945451731892,-0.13481657507271302,16.02689148414378,-0.5222527447031141,7.268394638886389,5.4651799611463,-1.4952695389810622,-0.6886417288325312,-4.059629691604178,0.04395068958504314,8.795491982606528,0.39854824375344206,0.5827526718498353,0.6338147079320218,0.5400000000000001
0.5904052127660907,0.4715917414710035,0.5783548090052157,0.532924171032576,-0.17249694263857226,12.818210575329019,-1.1951213617470124,6.371842505467507,5.491617965106711,-1.4037589415407972,0.9160395873213767,-3.985754906922466,-0.3313860819527939,9.772733543880278,0.34995304119775716,0.7387914810734737,0.28934999580695986,0.5900000000000001
0.45357612632171096,0.7477972643715164,0.22982982568374172,0.38110983393553133,-0.021036562552809557,13.304318760373487,-2.817722583340873,7.178196767510404,6.047978833633436,-1.44022100753142,1.359997217139783,-3.9348315251644723,-0.1836330938691048,10.214099484827432,0.39347477963990973,0.7648340161113238,0.9253117820905873,0.5900000000000001
0.31157999395289004,0.3686683116370822,0.4433177072010408,0.6110900002083326,0.0050075073454737,14.871831292071649,-2.5979298297525593,7.326475403220335,4.632546438165521,-1.6193133110533895,1.6382204911969533,-4.009856681444698,-0.2638678931312646,10.035176330354444,0.2786247729220909,0.7960921793104738,0.5497854162354445,0.6200000000000001
0.3043412701700833,0.49847378965565725,0.40903277323171994,0.39252553143392455,-0.16898644709964838,15.055998562849148,-0.3866129673489912,6.603270371618391,5.259562096274769,-1.6216412435113166,0.17795366307320018,-4.292471219617641,-0.2536781221096875,10.325732700991614,0.23309472007458856,0.7424014402674594,0.2713540732417257,0.6200000000000001
0.5727590720709675,0.4605679516362618,0.43800316759394675,0.6320191679791787,-0.2556670016287248,13.61775348887712,-1.5217150264706154,7.498833974387576,5.518158584426676,-1.394894271394463,0.30118658815695865,-3.822922235002148,-0.07781668348736798,9.152856505140191,0.2380092400658451,0.7152405187133734,0.7877963321509402,0.6000000000000001
0.38284372202693484,0.6602539664300578,0.6135418647781774,0.6228540586489575,-0.13654859899040916,15.26105195569629,-3.765909749274954,7.1133233082645075,5.494040354702767,-1.581528671878496,2.551720369344128,-3.313884999520477,-0.632257082425171,10.357882867498935,0.20490781330634372,0.6288566088297233,0.3138651707537916,0.5700000000000001
0.42536915631939126,0.6628693637005153,0.3294834818283682,0.6861754972145808,-0.08872419319493427,17.157995378977493,-0.3267062424839659,6.596386798747563,5.426595251050052,-1.4421844567108195,1.1526039854258887,-4.653121276308813,0.4797570014054947,9.376320273238289,0.626426609227166,0.5063548249157249,0.22994843115282548,0.5600000000000002
0.4024125198907925,0.3014365544758411,0.3160932762295927,0.3142176991542866,-0.28293414629177027,13.947771291810145,-0.7110616552667692,7.648590127007889,5.550494705178523,-1.5681897050804057,-0.15058752712467893,-4.337620951767945,0.12865556156930733,10.302568207285745,0.27619247096701394,0.7725567112771735,0.8129012773651283,0.6100000000000002
0.4316996345356714,0.6454193330323268,0.4848016472359594,0.3982265509747055,-0.07199742338631576,16.802413076485948,-3.549149527694953,7.189692265445134,6.270823330470146,-1.4371054210705814,1.9017823777999212,-3.4933882009294726,-0.3715507412265521,9.536698358086642,0.6040543803642028,0.4535520744273859,0.2764938852719859,0.6200000000000001
0.3397725335284762,0.6413071168086701,0.3754015574086125,0.5637260932439024,-0.2561254750354995,13.569798865949785,-0.2766501761688698,5.994739737729671,5.680478321762103,-1.6544157189154476,0.4521500373659804,-4.505790562820197,0.37237089342054336,9.221968743539648,0.22415518206113186,0.9122866550934096,0.208656832782033,0.6200000000000001
0.3801523814405178,0.4750396682915206,0.3551896355527156,0.6380746086339582,-0.03239596341368249,15.429251299870277,-2.1659813333751523,6.942415734925581,6.470990561955354,-1.461633121981141,3.558821483576348,-4.283071036920367,-0.19905977035165046,11.25000968209123,0.4772203217214427,0.5027079603842362,0.4149523114394712,0.6100000000000002
0.4488413884757398,0.3017910900290433,0.4136889763442439,0.4413369527854317,-0.04678459363080795,17.370538317523362,-2.1248595656284106,6.0329885915341865,5.4125368208045765,-1.4471341054793248,2.0752403960063877,-4.457550396816767,-0.31710204023489613,9.99099888631301,0.5286089660324225,0.49430242359209353,0.21763279280936165,0.56
0.5858936383290131,0.735915332912985,0.409288830785415,0.5426939467773697,-0.32006556137532804,15.010601240555467,-2.8667843410831657,7.736741778873235,5.507916808168255,-1.47158213381165,-0.18939698148159814,-4.064403361847469,-0.37144452372910575,9.486798376179875,0.3018616554353839,0.5647254843545326,0.46164803667061605,0.6100000000000001
0.4742874861487881,0.781055033949519,0.43139347279096313,0.5081911316080274,-0.10612250924587491,14.569354621431364,-2.742599864328133,5.98628454201217,5.876886196347155,-1.4660938211471812,1.4676111088750907,-3.928291776337174,-0.29213881310936335,9.552146435727465,0.2399958844721061,0.7917935495404276,0.2310854721169558,0.55
0.6225143100358701,0.6252496958303893,0.25911082757258175,0.3980782742334919,-0.24545252722807365,15.133752062608277,-1.6371469997781098,6.5091702274659795,5.827417806349795,-1.2863953162593773,0.4197048075120986,-4.367679856411142,-0.16995437381787015,10.217227496653173,0.4394400891991486,0.5917698312757911,0.3635994630273212,0.6100000000000001
0.31077624738070886,0.40988133609276933,0.3024361334319321,0.366772038675735,0.1062371293842557,17.565931248410646,-1.8024822630145385,7.0226446746187,5.601761645864245,-1.615567665307528,3.6489435260833307,-4.185179785225035,-0.005125916591108004,10.20912735886739,0.2517399320715593,0.6978808988909202,0.4730418799000486,0.6000000000000002
0.32336986657902844,0.7772083713323683,0.2592224828537825,0.7641021889235875,-0.009315673322755416,15.052024344061572,-2.318568669146897,6.143996299304324,5.722891691226158,-1.5294977049812597,1.8917045035484739,-4.17209861841513,-0.26459108476270804,9.053724453709135,0.38908102216338203,0.705793419035631,0.9735581420908707,0.5400000000000001
0.38621971237671027,0.505770121416023,0.5896639222143003,0.5128216042952682,-0.13202589196714157,13.328967139081232,-0.6259831405659954,7.556038466505155,5.311232556697312,-1.544871816173355,2.544089441123563,-3.697820076886876,0.1532848683342527,10.468367397411676,0.22156417048965396,0.8691024245334292,0.38070362136152436,0.5200000000000001
0.49670527164414857,0.5099601342620849,0.38241075602728974,0.718940238522144,-0.10993388657211113,14.435453840835127,-3.7113406068588253,7.185147098725531,4.459523241867763,-1.3615200772516294,2.2822097603979876,-3.618835307509844,-0.2986041898417178,9.54836055330498,0.47720664319139505,0.7165376648312666,0.9967333146423305,0.6000000000000001
0.46248268810401394,0.31791692256911547,0.4110351630237816,0.7124605589124829,-0.03332604576224761,15.38728851869487,-0.2913811482056013,5.8296884979727635,5.278594594475759,-1.4609905609535758,2.973447956402033,-4.029847821158952,0.1256528116887278,10.279288037883875,0.28439274333750625,0.6137727371095907,0.5432540320708592,0.6100000000000002
0.3653369678794512,0.4891682544985521,0.46953164966997124,0.6553484690250916,-0.35278866629419814,17.45558178404399,-3.3550709145210034,7.1512650520807375,5.522605199528907,-1.486538136713687,-1.0317077045443765,-3.764527071552694,-0.20661657271061115,8.613507517073975,0.23174841315088734,0.6580449183859011,0.7126643834093435,0.6200000000000001
0.3856773641975542,0.5747667952611386,0.30649841532833655,0.6338186767947465,-0.2271672075468907,16.359302711521238,-2.9722593108560775,7.618973148520003,6.553233882037746,-1.5170193078856422,0.6115667213902642,-4.08764704507435,-0.3275064125474707,8.272482892396896,0.3029084237691008,0.6539905322234987,0.5378783754107301,0.6200000000000001
0.4093648779257789,0.690507724437093,0.4250480173707037,0.6966876951047604,-0.19228848609509377,16.98362777587768,-3.3315547555037814,5.901658002251299,5.107025163775042,-1.514874639273147,1.803411530913912,-3.6691474257634398,-0.29902901815723526,8.826902598481492,0.25716004813459986,0.6405150894849769,0.27696018678344336,0.5800000000000002
0.5510407661320516,0.47715559438409966,0.4636477583947902,0.7777148376966603,-0.2241220241602181,14.371776054173056,-2.015158415959145,7.683287955638901,5.19852190730171,-1.3481387198593753,0.3442395278734063,-3.8707968846176413,-0.0014488484907151933,9.170233982957514,0.42739399364475394,0.6154230356325887,0.5612621276998722,0.6200000000000001
0.4903250966971514,0.7028262725485221,0.40212504702024304,0.6086031304929195,-0.0684414337701896,15.859389028422273,-2.1184614724270094,6.153014858439414,5.111244794023272,-1.416547423074762,2.7672358616310055,-4.409581367870403,0.07361814729428962,9.722308498783857,0.6205374483781474,0.5324678518575945,0.22846699750902763,0.6100000000000001
0.45963662321189946,0.40479748918783287,0.43317669129086717,0.38255179456603977,-0.16311262694419434,17.347861374500635,-0.7901517336750562,6.3974695576595995,5.695926814605501,-1.403042113284923,-1.100988302498798,-3.9757338521759515,0.049848799613427704,9.824239112699535,0.5286783201881495,0.6182690420745676,0.5516441107099881,0.5700000000000002
0.38080527363575817,0.30137831193048054,0.441895027560787,0.7267775700537344,-0.019320109683705358,13.299101231051097,-1.9059595418673942,7.216832911962778,4.98162755565593,-1.446330743046216,1.5281801790506608,-3.7823320323686107,-0.01331833091824991,9.416393217825616,0.6385064778759836,0.857488914017282,0.8555442103282637,0.5700000000000002
0.3539515313120153,0.5349694927906988,0.41110042645404166,0.7282343942443409,-0.2210361672507506,15.476851762507383,-3.8832892912160863,6.903855366809523,5.525508524920594,-1.5847761806906124,0.4710182372674476,-4.009344176501161,-0.2777147656158666,9.128896461707647,0.24300566087835812,0.6125599285403702,0.6083049484304366,0.6100000000000001
0.5621857013431892,0.4592369297612326,0.43393241137147026,0.355952409334528,-0.1421012913087976,13.126680030198157,-3.411668703653256,7.668523179046819,5.9777537195885335,-1.3449160336913066,0.513443052473738,-3.5489805346292274,-0.43315379841165935,10.15670469945,0.5634747979787953,0.8140030650546207,0.4820922877741078,0.6200000000000001
0.3566595205116603,0.5390756807943657,0.33117614755724795,0.700593365419159,-0.10640616391120745,14.982752039908087,-1.180729416420555,6.054580568538268,4.974382799635965,-1.6461783994522878,1.5141457446655007,-4.214188506640369,0.14081885529367905,9.614177382585638,0.22375410990479722,0.7741132027880762,0.23889286743739002,0.6000000000000002
0.48721501500027165,0.5421898486154646,0.5860640004795251,0.6428913540704189,-0.2767136922202687,15.70052608632868,-3.5887616337869037,7.521523032853457,5.500272246058232,-1.451983374884968,0.5218368940778436,-3.3670798584938804,-0.3903931402603722,9.365228412210266,0.2523604118699332,0.6234704678755042,0.9967003112466948,0.5700000000000001
0.5674800551227266,0.49216478576029343,0.35567298523744895,0.7403410114389493,-0.4000490225531929,14.729435712096873,-3.6333794651976397,6.891199956173288,4.979893458710725,-1.3591889751857975,-0.5534743859317646,-3.8974470727616803,-0.22257102967042783,8.42315900212598,0.22236768866395984,0.8883093711338448,0.4724322453254067,0.62
0.524285399382462,0.7003969349194757,0.4255677552688595,0.57308592556473,-0.2682122019306122,14.612867730286279,-1.4433381237362184,7.02964534403536,5.519302234658691,-1.3489640184558287,-0.5946818089609304,-3.9726274830098145,0.1179040848795413,9.437999655173282,0.4560905363331488,0.7024930299628296,0.6154444841995758,0.6200000000000001
0.45476295157127483,0.43155792623437117,0.40697777952637404,0.34940482300237347,0.0010376511020608326,16.169258731922252,-2.734935908995806,7.19111401289269,6.598812869761839,-1.4141019798341137,3.4733496314035737,-3.9665898050693684,-0.148690132677623,11.454786718652928,0.7257509444860514,0.43552479944415157,0.28037659325932207,0.6100000000000001
0.349556273873298,0.6938384578418457,0.39832818658575114,0.5953757525982502,-0.019666043508698286,17.403301649216832,-0.19928429289076222,6.151527946289072,5.669393128599263,-1.5221836866838019,3.1363112469393175,-4.3518650587572525,0.27175976717892725,9.455644252468254,0.47678905279994216,0.542988162551215,0.31598444355287914,0.5200000000000001
0.34766073510614626,0.6633032223006669,0.44959591090389583,0.7021428140901629,-0.15477022171538513,13.866947189928638,-1.468763443904844,6.363613763533554,4.690002312326238,-1.4980817623796914,-0.5347943088623612,-4.365736642830498,-0.27859082782148636,9.017895374892348,0.3676666801403815,0.9169307753752005,0.35010599295491207,0.6100000000000001
0.5025417827326887,0.48705611059406695,0.4784984556280153,0.5377141298289465,-0.185662870910589,15.963715487085947,-1.543793174392695,7.012015181331859,5.440836693152402,-1.5067823916947203,0.8882466350061398,-4.1530005648060175,-0.24553456818429897,9.812358118844939,0.307213584707096,0.5536748951599237,0.48742758034725625,0.55
0.6115131599182242,0.4493255566570513,0.4829071734011677,0.43653412287233023,-0.3391226487199209,15.89430366276581,-2.168795413652233,6.756795150804599,5.728006155273366,-1.3370102970644238,0.21271548831105713,-4.045539562910807,-0.4531938342496265,9.787247481815307,0.3944828402707186,0.564986838209373,0.28099626508021525,0.5700000000000001
0.5311032200991236,0.3933023024669253,0.39556183888868035,0.26258143746321344,-0.12479882207836529,14.918127260874039,-2.820157738918251,7.692940979844998,5.719056560857714,-1.443021529308112,1.7735299350311122,-3.8467884732164133,-0.28200993743747044,10.3341626902138,0.3415966306095674,0.6222639644016144,0.6209245925132147,0.6000000000000002
0.47671189940590447,0.7319185993001905,0.3830400903403529,0.6772784283251232,-0.03507438952110939,17.477294163385093,-1.866579591292763,6.446274479377191,5.320790128414756,-1.4088366133355992,3.7776649005305947,-4.359310820947474,0.13557541635543374,9.316261113460284,0.4091715201643026,0.4116789532054284,0.3595309349895856,0.6100000000000001
0.5854517900465132,0.5798995215789813,0.36851257000863974,0.7841899071530966,-0.07688361662223064,15.238701769559803,-2.2404270748479584,6.246296060522383,4.9238306856696195,-1.336849400687752,2.3835942749588286,-4.269127572122069,-0.3686211962056052,9.129011308680642,0.43931850904672726,0.5690890181817577,0.409252958952949,0.6200000000000001
0.3421026465844219,0.36525463491214116,0.39097666286505356,0.7377806795409032,-0.04381886877407314,17.085441260334807,-2.3270311752647834,6.998062345018823,5.714994936486784,-1.47836002535431,1.6245645098475814,-4.167504108747478,0.25669874594462655,9.010358671266005,0.5511930193703972,0.4840953976739344,0.5479784888475817,0.6100000000000001
0.3617700032211476,0.4249448007935179,0.6865436404367484,0.6743939150530076,-0.19368454574031646,16.627223650770148,-2.0463777367593567,7.446719334862102,5.178026571798445,-1.550591677997637,1.6817779556228467,-3.7279862257041887,-0.33638419211534853,9.121464530026165,0.2196193714821536,0.584107575061463,0.38739969222113185,0.6200000000000001
0.5256420699952375,0.528462758542116,0.5376126821634133,0.41261344942785294,-0.13209593438723322,14.402831241253827,-3.1718134444808883,6.7726298598645815,6.697617984878308,-1.4372020187796135,2.8772198626775722,-3.577182568612633,0.042578070623416356,11.302845433795557,0.2678760854762763,0.5580321712081197,0.28562928152736344,0.6200000000000001
0.7446036676618624,0.4457791514396335,0.29526292598026505,0.6790479120884628,-0.2195960700798435,14.07166067005587,-0.9079638513423116,6.51222874288125,5.3290315782902855,-1.2597554788531964,2.1190464115811447,-4.169275866943919,0.13571035448871213,9.331224476731851,0.4270885985980344,0.5540708508523232,0.6457505541134512,0.5800000000000002
0.3778614551537831,0.3210048402481273,0.43966595064961256,0.7790630068938391,-0.13060412449110426,17.92028031284729,-1.6563899866742302,7.256652020356597,4.7187929571755935,-1.4999080368873872,0.6776243928459112,-4.222411385446215,-0.2606899011585304,8.82617858648363,0.26851875709237144,0.6376572724111043,0.3846637553498232,0.5800000000000001
0.5585317051287281,0.3287603091363367,0.5903548796371041,0.7768887330474605,-0.1457801747437971,17.10423976173913,-1.7766005775064742,7.262479354409397,4.959309733895414,-1.553410725684323,2.946497727227226,-3.7008540918832558,0.12944464768616956,8.657231749704842,0.22852820233221774,0.5301207982722079,0.2393382891288249,0.6200000000000001
0.3155358287510291,0.677304354869848,0.32950342448544434,0.7740325086318441,-0.07665919550514855,12.74937488718777,-2.749778320951772,6.016564598157472,5.423691877416919,-1.5322214548964976,0.7105959893904934,-3.992234086830188,0.03481264226259417,8.896135331682979,0.3378159270713281,0.8487375004753623,0.47486020740192775,0.5900000000000001
0.33924868354133986,0.7282035840189716,0.4899681929738836,0.7269654654327204,-0.07910704859381196,13.180174024439273,-0.16998474395441998,6.410507541916332,6.118716867158647,-1.4894376185182054,1.247911516781497,-4.220882390785299,0.014798941451008761,8.895855968902739,0.45929035010893254,0.7846566727295874,0.4296219953677073,0.6000000000000001
0.34880787873879493,0.7955980972887945,0.37344450405346585,0.6802606146040332,-0.027815941637556393,15.402528744500039,-1.6388577324800324,6.067108826859151,6.017093499583804,-1.477599127783377,3.736470731937796,-4.233149823660463,0.26892915637528303,8.89640128425301,0.5008587887986469,0.6901858682475224,0.21659051207930083,0.5800000000000001
0.49091951775301634,0.628884290478598,0.33173186517699327,0.7608426734819751,-0.21898548552770172,17.100356487130032,-1.0207962364047303,6.301014209338643,4.896741100759585,-1.4522897557726093,-1.5615413187506766,-4.347655320438004,0.28966587641753017,8.705392315724966,0.5118686442660615,0.5610012513243723,0.27325621063121897,0.5900000000000001
0.4098155838084352,0.5857761223269564,0.4437534773076736,0.2308235008323104,-0.052073968116613675,17.64813238575061,-2.0401285437416967,7.066035206248305,5.837933583978462,-1.6046472544830912,3.1549898522597415,-4.255719446075631,-0.1879064558375206,10.415225798529969,0.25530249981623204,0.4832459101840044,0.39959374728205116,0.5100000000000001
0.3174480425274898,0.3470965953595556,0.35991901993967235,0.4712791985231062,-0.011282369054300245,15.73148993692818,-0.2565986834474211,7.5697255869477305,5.362805941831218,-1.49619823750191,1.3557382388111332,-4.606854618626246,0.3740590062612206,10.1129085605325,0.4814582490907528,0.5759752269961824,0.702535844711386,0.6100000000000001
0.3354840374859757,0.365952258575572,0.4486455728273628,0.6360328915439398,-0.06459797685770675,14.669047718984324,-1.401358321071196,7.371412016132221,5.4445408224229075,-1.6213883914234535,2.1320097589468245,-4.172130066266349,-0.050733153771657435,9.207294647848471,0.21493955186096508,0.7556488882513899,0.3823654532948136,0.5300000000000001
0.5196659063388154,0.3440457846078683,0.5727120281094668,0.5293976188461591,-0.11892201939625574,13.975445048426625,-2.161696569478559,5.924129364135527,4.268121015402949,-1.3699804078183544,3.4143258727258194,-3.934648496839455,-0.5878777054512079,10.125902799774998,0.44243629251858957,0.6446544215655043,0.3388975716124747,0.6000000000000001
0.43854319241029294,0.40540872747529594,0.42580927826499304,0.625927518621825,-0.3961790597444615,17.157208006888823,-2.5897719591079578,7.09427176480127,6.343651984384054,-1.457948340557968,1.3273168373678437,-4.1964450836401195,-0.19514422270697174,8.027155983921924,0.22766028702168206,0.8033037650902886,0.348604430190582,0.62
0.508359239875295,0.3372538054564242,0.5511115022231635,0.5457245777770716,-0.09483630604562332,16.64698023005059,-3.0010120289005684,7.618906076811468,5.791648729385086,-1.458625904587585,2.6365335738240234,-3.4680977495577094,-0.7718899446547255,9.404696930905112,0.23171171416040068,0.5681317314562747,0.2221290281116882,0.5400000000000001
0.42194564032240134,0.39163007864952576,0.27493899465090366,0.645197549678269,0.021841469817840065,16.591110289505007,-2.483191828602208,6.5011471874362625,5.276817482490394,-1.4538202712328447,3.0779908662702944,-4.103794643188332,-0.3631834047620386,10.082966777669151,0.2851716191034689,0.5347700179688014,0.6439176846446288,0.6000000000000001
0.4293823906997057,0.5738111451796513,0.35147764754173094,0.5670151068505486,-0.044849562894276454,13.994381832564741,-3.406630695462633,6.387928047498604,5.821537913715928,-1.4497727408035603,1.9596068604122854,-4.061370242937641,-0.6267105627189276,9.513220355684691,0.5816797523610158,0.7146462801552171,0.2988374800886791,0.5900000000000001
0.3038014844282916,0.5102226645268914,0.49560020402069205,0.7835036409808536,-0.08455891015476118,15.54530636829684,-0.56016049098278,7.541946840423762,5.0317850325360025,-1.4814734473706679,-0.49253307284866665,-4.0489491324744655,0.40339294761928035,8.09425409022591,0.6074056971915505,0.8112289889634977,0.3172566249931168,0.5199999999999999
0.6128462284484453,0.5833011682713583,0.5339063723722126,0.6652930252392525,-0.12804010326388032,12.062397409538482,-1.8426351039921045,6.97204514972956,5.0938391201000375,-1.2986023808605658,1.1045890839558523,-3.6401294968527784,-0.11183430847627482,9.544308601337406,0.7524631724014363,0.8177960395480639,0.3460369994465751,0.62
0.5251664240662848,0.4244285150728065,0.3191793472888226,0.32225265605534,-0.013513869256564205,14.687523314526905,-2.1803608748965075,7.053102854406897,6.17363944607283,-1.4160157308811339,3.3137119866838622,-4.19273293727421,0.02040762029461988,10.268969714965248,0.3724446831078466,0.526347019659903,0.785947886228289,0.6100000000000001
0.5087910057254021,0.3405924219671846,0.5364755715536195,0.6541011021726792,-0.26906007986643105,17.564778573206883,-1.5437626541586051,7.699421155091393,5.698309487470953,-1.3328431957769515,-0.12004884949586761,-3.8667178878071966,-0.21163553212472092,8.665804531383765,0.3117528485026607,0.5521347478612193,0.5658894500723862,0.6100000000000001
0.3735510813616988,0.7514693866562566,0.4994739239867725,0.5772260098953592,-0.35581942195833394,15.627496170932705,-3.6281570362343247,5.844036795068245,4.795096383008181,-1.543346120086765,0.7817305817644693,-3.900192326773137,-0.3343984876906226,10.306773776858508,0.20368582769047258,0.8242986456723537,0.30719229607277415,0.6200000000000001
0.5396862563047172,0.6086962267781049,0.38447858626882303,0.6604337718592166,-0.08923830016272541,12.602761088772509,-1.2663039795672502,6.177285472006541,5.4263563093908385,-1.371169835125595,2.0070879348606514,-4.353889564035828,-0.2297430140595882,9.022670040222923,0.6615523063043867,0.8169977073942218,0.3145472730484258,0.6200000000000001
0.4790754964136943,0.4230688424619997,0.33913558537170535,0.7265496786476676,-0.2270495483536785,16.96122714270664,-3.6792575799967224,7.021719998943764,4.476506474925734,-1.5239417110277167,0.5542560311154853,-4.205052688707212,-0.39086131124031964,8.966442148594178,0.23007631683774732,0.6360013246232595,0.5988495935129285,0.6200000000000001
0.4122020850297769,0.7013965914850256,0.286607144639794,0.5898733034403357,-0.14857222570380157,13.180488750607289,-2.8489238649239215,7.003542942637166,5.566325743475495,-1.4040878896838251,-0.09227038516532016,-4.110794060121217,-0.3680991006799572,9.95506155317574,0.9233868177615452,0.8086587486597097,0.5376595413229476,0.6100000000000001
0.4075769939067792,0.32312388739842124,0.3878730675473855,0.6188067200206254,-0.10370993020063572,16.35468523307623,-2.5984458125406933,7.708825618132424,6.051443028773329,-1.40742317775947,1.048725416984671,-3.957270238414621,-0.4755510341245778,8.599121253537438,0.8885670588727699,0.5868759476754607,0.3884094594686728,0.5900000000000001
0.509354214530076,0.630948702890393,0.3558222178945816,0.6898094981136819,-0.1639531667160613,12.27495356011571,-2.401369009103448,6.428874159863542,5.2116067264857,-1.3683855362953117,-0.4403834402072795,-4.152864578988309,-0.20868357429303683,9.215609676925705,0.6163912444664834,0.8719591847791479,0.2216523326471161,0.62
0.54277441557437,0.7755889513439396,0.4148469768088638,0.5205074609123097,-0.09056567556702731,13.080856660077679,-2.1356288562749586,6.7355754244362265,5.395536897125095,-1.3268187557953115,1.3919034799776486,-3.927528625329852,-0.09570004515677327,9.83504402198334,0.5542043832392555,0.8602321390529476,0.556874539916975,0.59
0.5420859201436278,0.7265469921098993,0.5116905368054936,0.5762362691915595,-0.09392181194737155,14.714211742797822,-3.3963230284770507,7.64331122801856,5.316686506698029,-1.336214772814054,3.6123688809884458,-3.8282423983515232,-0.31522589470206996,11.075454990539487,0.4449651198674869,0.5430054163453686,0.47571436854786897,0.6200000000000001
0.7533615542658237,0.5134226463980022,0.35807142345312176,0.2536267170407836,-0.22888718037157998,11.387269557259792,-1.8294004423097996,7.5315288781895475,5.875756453482883,-1.1971452565821674,0.24152969688269982,-4.245414194558987,0.00048280507184239596,10.349547881426949,0.8160667620564342,0.7273802364759178,0.5492287391907309,0.6000000000000001
0.42111668575986766,0.6219319904440123,0.6572155115924528,0.7466904178102857,-0.022743065836727097,15.425173387624863,-1.5048812063408594,7.296680862133372,4.631236283721001,-1.5391202891964781,3.3344451658575807,-3.4896522274069177,-0.5745167060485241,9.504977952909348,0.2251615610861234,0.6599643887599272,0.38102604894407166,0.56
0.44950100232723,0.6766928394597537,0.5830774220188145,0.35966763806984486,-0.1449835253735777,12.514370651614527,-1.311561924882978,6.886878646592789,4.893679478762849,-1.4820777349071022,1.2153362200694562,-3.837915294851459,0.06441311876397246,10.475749994389327,0.2799031708453181,0.9563923448206443,0.5670684213837615,0.6100000000000001
0.37404017967202224,0.651948534322625,0.413552988595918,0.7298591350589154,-0.125555736694173,13.622167931580844,-3.956921470374834,7.7277594300661105,5.844029872551411,-1.4717494502886426,0.0909116208076084,-4.01456347126906,-0.2142353886522151,8.28959037991234,0.4313071262406112,0.8373158426651096,0.36322461629117975,0.6000000000000001
0.36097926427491367,0.5270056218777688,0.2934468888477152,0.6886876559665831,0.009241154493243003,17.74084482267469,-2.260566497123897,6.873834383936935,4.771895998232485,-1.5310262137404371,3.5053453615875423,-4.61500060438738,-0.23367823534750692,10.044802131741095,0.3616338297463681,0.49017976734592056,0.5243813324759803,0.6200000000000001
0.4176939038294229,0.3254452202441152,0.31016548540014627,0.6682689827759067,-0.19037411270563406,12.054281392461194,-0.9313267812918574,5.807079736018633,5.613691417689501,-1.51594892861692,0.7071893874413122,-4.369034645342305,-0.04491269165532953,10.094517621563378,0.2711880395759612,0.9431016746732906,0.42453947092145544,0.6000000000000001
0.36895873994868844,0.5066656293800165,0.3357156832442371,0.7341340736648659,-0.10842685484031123,17.906730877859314,-2.002896875553943,6.86072455250814,4.657141537196604,-1.5089471781535087,1.7956445044982008,-4.215209903407165,-0.08598164123941215,8.628275900352971,0.2638411508702821,0.633273701166198,0.826976397447762,0.5800000000000001
0.4844729335575263,0.45985623424231353,0.402513261132121,0.5937071735071591,-0.34896669129545854,13.900764830422379,-2.6194583092104824,5.822248238975261,5.083060423918395,-1.4109501204795196,-0.05705609064620598,-4.266689320284526,-0.46414185057278107,9.551652289413198,0.329719778856849,0.9653009542912011,0.2359764051583625,0.6200000000000001
0.5265428178147936,0.49362375456833274,0.3788066118177711,0.704670851460631,-0.2680200208574939,16.85044636039494,-2.0840815245865114,6.9468878838958315,4.796142310620368,-1.36123521723305,-1.4246756659655488,-4.035286832694991,0.09672158587725788,8.82616305778698,0.5666019092658824,0.5741210379637401,0.3891883524422745,0.5900000000000001
0.43347668300146686,0.528113056882113,0.35027249398961,0.7108917662247799,-0.043082453968248835,17.845548586374274,-1.4383235043829925,7.241096397314647,5.250509252927204,-1.4859071216926174,2.886573011939743,-4.5894226500834385,0.2900098638849155,9.28190259914661,0.36608134146953,0.43364137166370575,0.34265030400407975,0.5800000000000001
0.4954118115676737,0.4325147703782456,0.30991813751981534,0.586696229932287,-0.18618853587010686,12.717242700038852,-1.6949352746426738,6.204792586813505,4.902688489973379,-1.4517534069804114,2.1633254185615804,-4.289114742889821,-0.07939486871063534,9.955186048406253,0.3251598228485996,0.9286027081311401,0.5679660732406434,0.6100000000000002
0.4923565913677952,0.6448410311217818,0.3240682758640699,0.4968780165979927,-0.36500925019582087,16.524124824695694,-2.344310772893085,6.534040018770677,5.494114185193339,-1.53580911093443,-1.0597161250512848,-4.233786898091784,-0.005893123599227652,9.841572511397121,0.20973554741622769,0.5310767716063463,0.4974076715101522,0.6200000000000001
0.37861318688132356,0.4739400379914479,0.37461902992827634,0.520120005110072,0.024130683537032904,14.168130522808333,-0.1901950612802201,7.533847968988042,6.00189069690667,-1.5207958119477434,1.6651306494916673,-4.276214427466768,0.39833273824915283,10.051347112667521,0.3380338440283711,0.5951916513387133,0.4163136035645565,0.6000000000000001
0.6576112809960651,0.3354358459000338,0.38703591743375804,0.4535670310415031,-0.06947952761858724,16.21992161401771,-1.1841387587037586,6.2730019109287305,6.148342808095852,-1.2454434755383883,2.3838303007473334,-4.054901602400672,-0.030974347125476087,9.856909892208972,0.43999253787687737,0.5596129411998261,0.32805529106663317,0.6100000000000001
0.43148624190782947,0.6882565496531683,0.43700093244575483,0.7524303362520457,-0.11569447339866204,16.750423514822202,-2.450216898602687,7.288077962745901,5.5140696188854,-1.5081845430821934,1.703607822115434,-3.9390420909687487,-0.44312383448879905,8.101721058687689,0.30638093055671417,0.6404697627586645,0.26819957394312816,0.5900000000000002
0.42733902690914205,0.3762469788188574,0.44369684012499266,0.5824088210623831,0.005097011168369518,15.655294905653523,-1.4456024463448855,7.520928440412798,5.411054210817242,-1.466559579948432,2.824825666509885,-4.008867299334302,-0.012541464684050374,9.932125970401653,0.6988297644609861,0.49835977822847477,0.8542969639746311,0.6100000000000001
0.4431848814216019,0.4806283478686675,0.5349438719665458,0.2974235269419224,-0.14668156986353637,13.137110458071746,-2.89726743033262,6.850653094753335,5.946731245346976,-1.4281171001867743,1.3610009697588392,-3.726832868709055,-0.26952857902647254,10.506444963876067,0.31302173355489715,0.8521270529418018,0.4680894461414704,0.48
0.6203475869991795,0.355449944092954,0.530599925419289,0.6128308789505965,-0.36654750404402603,15.16161075574647,-3.388662229954602,6.93326924604128,5.240258688920348,-1.4640152333542424,-0.7312259452856061,-3.5844059069296335,-0.4213777284362593,9.672933525638644,0.25274588775790807,0.5974684360844273,0.35250593145101927,0.6000000000000002
0.3107024697009543,0.5094321754179122,0.3791697573910503,0.6843795886638766,-0.17631515595633346,16.065340279876718,-2.3068123013843227,5.996486938132327,5.285719485856093,-1.5822054806633166,-0.3826684680371528,-4.085519439605159,-0.030720215725722755,9.008464173886086,0.2900088551481554,0.696848241758222,0.3587845614899377,0.6000000000000001
0.43190205174489904,0.723292115329346,0.21119451744228812,0.6123968132320937,-0.11789061485202207,14.529353429911959,-3.059984216690621,7.516858918266344,5.6216398541295645,-1.4249528700894365,-0.12762534528083191,-4.058520161116732,-0.40514233453496734,9.710845100299512,0.34864355654153534,0.8245761645450538,0.7276736006931616,0.6100000000000001
0.337948208200431,0.4210446008243953,0.4044510585366541,0.7064136025240801,-0.028840932014797163,13.41373741938286,-1.2293055144913825,7.701534489159222,5.418645717521887,-1.507843517574878,2.026671534711402,-4.224769486624071,0.19810564501876032,9.886001822703877,0.3174448672062925,0.9183016616904961,0.4428332718485393,0.6000000000000001
0.4286904073297594,0.7431607184188158,0.33231830983920796,0.5361447988005555,-0.23792501708875016,14.268281787326119,-0.3722427573373668,6.272627282044155,5.608015866701994,-1.5090937577940486,0.6551025753240263,-4.489948040745812,-0.03666436663502323,9.491929048150642,0.20881053875477998,0.8272505099656836,0.3193746945113528,0.62
0.45818345020006984,0.32870755675933205,0.28292220696210985,0.7284984825986383,-0.06149570331163878,15.793866905527349,-0.9757482664363645,5.975416861675649,5.0703636552419935,-1.4153492296028913,2.475753981143522,-4.812233712903108,0.21922362749186355,8.921338781083955,0.5425890937000231,0.5198043520074946,0.3729869274654324,0.5600000000000002
0.7141728074932887,0.35951216510581074,0.44591476850582573,0.47454741399903716,-0.2549946597319844,17.459642824268638,-2.4632745287400577,7.73445449812529,5.780743908235044,-1.2376772653105756,-0.12833126076395507,-3.7392076050122283,0.1894533648359836,9.821882611955614,0.3456798258034846,0.3839836870347295,0.2820247923996385,0.6200000000000001
0.3662855251425267,0.7241771916657278,0.31413807789012227,0.6653615449602497,-0.008376007809054044,13.140908128792255,-2.701785813492549,6.254068335323639,5.209285775343325,-1.5004247227703633,2.286984915825552,-4.092281375269289,-0.033883310706419825,9.560591994549641,0.3514300692822566,0.8620446657248237,0.504273527210789,0.5800000000000002
0.47248259315789054,0.5935558917931556,0.5258406953565483,0.7603189350543439,-0.038863202089666454,13.951734107897245,-2.645218391307012,6.958978079613934,4.766322080585429,-1.4454534381219355,0.9256417250811328,-3.6882075939418604,-0.33889584347151047,9.020563770967813,0.4864498236594845,0.7864215020630777,0.5141717304943058,0.6200000000000001
0.48880376068668313,0.4290648131563626,0.4312406902557827,0.6230547277914488,-0.029920220808170646,17.569168828788715,-2.753175941354395,7.547386444395534,4.839590766915506,-1.4186360804138411,0.7265103107343388,-3.7962027274475307,-0.32723964574020653,9.518000698080458,0.9378900891983241,0.3980551439960298,0.3215808235148945,0.5800000000000001
0.6995413795677465,0.4932779148784048,0.427414165099791,0.45471326597926476,-0.28979845052868664,13.97488808526684,-1.1319344276079328,6.4984647851188155,5.897774067856034,-1.2569860408656979,0.559913955498351,-4.205709905840111,-0.1331090439921421,9.762020057834455,0.502688108316807,0.6261817334546447,0.4627512873117119,0.6200000000000001
0.32478822706045096,0.6831683850555836,0.5564840528592712,0.7930597723115722,-0.018294581754424877,13.673145771689805,-1.9545809008934796,7.646347685506478,4.54825772350892,-1.4710632221771411,1.2813311956419786,-3.81867989382761,-0.10810769509553031,9.289796658219911,0.6857097534239671,0.9613083626546767,0.5074581938111652,0.5800000000000002
0.4122635789218272,0.6377545273871146,0.5465572613276352,0.2752856521648763,-0.1727716383425072,13.689979101910593,-2.213857108041117,7.26853920186919,5.489132427888852,-1.47438649254409,0.7025570065981828,-3.8925774492655694,-0.6861591755256715,10.428155124847185,0.30567781451102133,0.8279480047324004,0.5346060094021178,0.6200000000000001
0.41426118730203026,0.6546827253336831,0.31608996297014996,0.7376312987956888,-0.08383166647072127,14.134737571534657,-2.676344861720616,7.183761007699626,4.265406480579507,-1.4949685482873338,1.93556009693777,-4.070568328280987,-0.25379527831710125,9.708848492669228,0.3274785842520369,0.7218776103793269,0.7635101377305147,0.6100000000000003
0.36583866372954305,0.5530479424508747,0.42878353669548297,0.6334077408452977,-0.20043020280956833,14.313503451992968,-1.0319021855475794,6.099202108811336,5.906100964053012,-1.524634892366832,-0.5039624910639401,-4.286892965055788,0.09304974063594701,8.89071426084417,0.3344986254119484,0.7533629230278254,0.2307434640355216,0.6100000000000002
0.5078367744856794,0.4632062550681496,0.31904751186531405,0.6924750498139107,-0.1745387870214629,15.208509552831584,-2.725665090705258,6.373323664718754,4.659875995755171,-1.4056550939628618,2.549940416376115,-4.133551115863309,-0.13555219153051323,9.104787005620237,0.32941486970927664,0.6419923085940067,0.5164214152250445,0.6200000000000001
0.41995100948300823,0.5698878207576307,0.6025743435015232,0.5519506321140798,-0.01605792856358714,16.091526287792185,-0.966074748770888,7.208901416419746,5.168965572531023,-1.4878320893056742,1.7961022176260377,-3.6181140475628237,0.028941536310781807,9.793363393289624,0.40662122787195226,0.5943769636171747,0.5122951130836291,0.6000000000000001
0.5713115453190302,0.6222689226338789,0.3143190979266288,0.614932754168861,-0.015756097776806435,14.406009338483232,-3.6329114776041234,7.1555932326146845,5.05289936395784,-1.3194425307647668,2.7354475080862977,-3.9320733069142366,-0.35701223531060533,9.27636188699715,0.521558279484396,0.7339021650424248,0.5627277484909979,0.6000000000000001
0.4802694776095503,0.7520630902244152,0.21881720026279422,0.4434036502614976,-0.2774061448079103,15.399457142511821,-1.8391538454329084,7.256933023237377,6.004004053036433,-1.3496944989821298,-1.8218408740023055,-4.318883814815378,-0.15077427116930525,9.384497319799554,0.6672748038137231,0.9853287585777595,0.5335866450187965,0.6100000000000001
0.5410935087876877,0.6207068319825889,0.4550113484084969,0.5527046915808028,-0.1292042644342614,13.722283337318737,-0.4041440924739952,6.298093081165976,6.115715389622934,-1.4535689115640729,0.9735106788444939,-4.23816898990318,0.13132969305656472,9.33674166249779,0.26615563119811736,0.7362675683378508,0.4819429472200155,0.6000000000000001
0.4664570507244722,0.486138661429152,0.5283624939056772,0.40969817040984885,-0.2676972466236286,15.951894910376623,-2.342796193131619,7.570722778782262,5.469452573244537,-1.475139572431598,-0.18204222669089143,-3.803629292782315,-0.22450935205848174,10.370151177827518,0.23465834954416925,0.7000411596555565,0.313319939443497,0.5900000000000002
0.6312121162781957,0.39189910902464714,0.4788992257594559,0.5487018606344128,-0.07334587025459612,13.521819269481226,-2.183943636765626,6.899978930558204,5.918972110987442,-1.3065802242312279,1.2978021544892042,-3.727077425718371,0.03562819995715098,9.831587752299685,0.47580319121065584,0.7315027212860469,0.3394258640633949,0.6000000000000001
0.7706453894146859,0.5230719010061354,0.219920965262198,0.7959962487036609,-0.16129121400200658,16.094808857115723,-3.727783295044962,7.15174120642753,4.781834622943483,-1.1467382107205277,1.9620517442365786,-3.9751198859239767,-0.4879460236854004,8.513634432606993,0.7017476721265372,0.5206365340783977,0.4678041718751891,0.6100000000000001
0.5992643462346239,0.328063728399435,0.47691208253234774,0.7152231532800608,-0.2889554490034795,15.093157673837881,-0.1865611144368049,7.61494799479629,5.318435043117879,-1.5117221806209629,0.6550075883666898,-4.256138269308582,0.4610728158979682,9.062140946668233,0.24529518919924534,0.6662561080174128,0.29312277745066134,0.54
0.7999045826942777,0.619657529321508,0.42109147470997466,0.5681011961111727,-0.06863549065588949,15.598823629768518,-3.312573642320839,7.017516766226544,5.5755510180356245,-1.1808907727087177,3.282667119745282,-3.6914730878497015,-0.005923521175367319,9.245564303678847,0.8065482666484096,0.5812742497092602,0.25472465364575236,0.6200000000000001
0.43245553573545875,0.4519092091663433,0.5863530991693361,0.4551927747431576,-0.05715153060734225,11.84222881488036,-3.7687289660739505,7.378323069374016,5.665342116595401,-1.4567429244902357,0.9412461096328841,-3.192581651887423,-0.5128524561245319,10.252835270082242,0.6149669520068672,0.8752659192043493,0.8037199727208211,0.6200000000000001
0.3848646629645429,0.5605321584193077,0.3569266095627942,0.6830184700092607,-0.16641553620524357,13.590299835433306,-1.542664604858369,6.1632449596667325,5.329972161154137,-1.5779125065920767,0.6559186629921694,-4.219040121814997,0.10017660379627973,9.043212906899761,0.2878916748934867,0.7705010889100229,0.517790828742121,0.55
0.5824279990028544,0.447273402070213,0.26962224574988725,0.7100899475153769,-0.31045795099789303,15.3835218425805,-3.2705984472285468,6.993588029032359,5.215750723504822,-1.3297632228204563,-0.6976582286807329,-4.0715093361070185,-0.5947462959818125,8.787499081600213,0.30091538825554814,0.6725559634181452,0.39871258993834946,0.6200000000000001
0.38729394868528244,0.40913736863944417,0.3639703256956948,0.5885742382169787,0.03818874507214076,16.99240021499397,-3.1680607902911584,6.522793544204723,4.734851405190063,-1.5329206805513012,2.190446757089311,-3.8058021173539927,-0.22343357222222338,10.37068050439358,0.3190649921255189,0.47918711973889294,0.21787048171391854,0.5800000000000001
0.4128199715265695,0.3944035313199675,0.5505905399188125,0.6566526455233471,-0.059060578150312834,13.621432397252676,-2.862542255175417,7.793081472716807,4.236565486695121,-1.4476256336823008,3.693543174718393,-3.4974265270953784,-0.41762528233064034,9.353620208368099,0.3276550210507407,0.7676001303956317,0.5461351602244299,0.6200000000000001
0.49203177808209186,0.31318285316590444,0.43431848174642973,0.5717545678101794,-0.2795649422670706,17.326074831801453,-1.551154035556318,7.155678008393703,5.441374391440906,-1.4528833164528832,-0.15211935875862415,-4.110148002795932,-0.05209068401648345,9.199576861851968,0.38584763519650467,0.5142251052998709,0.3663705989385555,0.5600000000000002
0.33652049216023333,0.626393363914644,0.3325392043792217,0.5995140160597573,-0.10981851539326339,13.396306663418542,-0.566310995450986,6.487602177559454,5.633063387326718,-1.607157218778424,1.2434185989160216,-4.473708231430684,0.24442574770538877,9.321311953279007,0.24770222566100816,0.9631273362171677,0.4167780184615587,0.5200000000000001
0.5968949958381107,0.49630785025254887,0.40189634851932976,0.6005961604728162,-0.23286279473784488,13.122782912552902,-2.8423047846222245,7.404749311711829,4.665145341063987,-1.361529104806822,2.306040225598972,-4.172140725004148,-0.23153976750426586,9.399948166831072,0.40223644378212053,0.645344102871257,0.5750598400727368,0.6200000000000001
0.6308098411650268,0.7367840765407777,0.36489061234169357,0.4307354705858093,-0.21946785212273653,17.95114211315684,-2.211725377977901,7.057437882129443,5.579777570265398,-1.268722170311598,-1.3980165124601394,-4.033318423774337,-0.19531819781301105,10.286246961788546,0.8904535840147976,0.576850153229282,0.315744128679449,0.6200000000000001
0.3995851447282066,0.42136879381953796,0.37898783421202675,0.6211203333640588,-0.06217440822158099,14.226429755651564,-0.7937546536094517,7.344198387813762,5.645620849947887,-1.4662076803979023,0.6645081352476405,-4.216586586534279,0.24143339917112036,9.315550202757706,0.3808914405517736,0.8628912503259305,0.322188968381385,0.5400000000000001
0.45177627122228836,0.4486445668330019,0.28852770334476197,0.4945753551247367,-0.09851300086139349,13.261603056093112,-2.32945750646295,7.145540805364606,4.025763572632231,-1.4262268800740159,2.0265816867810056,-4.186279097800115,-0.31601622470561574,10.213349239637346,0.6492763838734072,0.7942127832094041,0.34407386651190247,0.6100000000000001
0.5349701040422299,0.41182280907523766,0.3674469446641703,0.4493474571938606,-0.14183051621359927,14.56039187119163,-0.6610370279397955,7.769180888254296,6.025290651253968,-1.4259342166504134,1.7717828937071896,-4.599477498679608,0.06537293526055896,9.759773291061482,0.33909842197050305,0.6995523372827483,0.2966030645458353,0.6100000000000001
0.6588051577820806,0.5627124581030924,0.24656314918755465,0.6994561781625214,-0.18558567587165148,13.824499383521408,-1.4513747169630993,7.185584082472961,5.470753321975489,-1.2493925761035038,1.0701977145917074,-4.4560236361864956,-0.08426908356482868,9.482894143468663,0.8660686506053226,0.6569230570788512,0.30781653150828786,0.6100000000000001
0.46794929216820036,0.38809503535798917,0.4657211092729343,0.6201733649529533,-0.26992023141798177,15.843758967024854,-0.5513309739354754,5.861923288134018,5.5886788415107675,-1.39953579082623,-1.441027283220628,-4.2053925848879645,0.07908812225615819,9.340114333633197,0.39297056724145146,0.6570863886278776,0.41247020337315543,0.5900000000000001
0.6071911364663273,0.3978748207662092,0.3777101977574352,0.3642037555947138,-0.19442746488730486,15.33541692329663,-2.622265591624529,7.08460999299616,6.4853981758270765,-1.265996447350179,0.6785194804847606,-4.031533503356782,-0.3690379101681122,9.381579987486427,0.6372235152341039,0.6023277460410394,0.43572139215190564,0.61
0.39710562469211735,0.3304038787019634,0.3713535982133712,0.20521121982345975,-0.05288170646542617,15.94192811119955,-0.9992140520948136,7.224801294436099,5.736170804713195,-1.4228996158631164,1.7365299297472747,-4.341291958953588,0.4746702038001117,10.517210435201607,0.9490967865579085,0.5382943678247425,0.2865718041315471,0.56
0.49536599037339235,0.640264967634808,0.5118279755135222,0.572190876090801,-0.1717731892283606,14.079037550607168,-0.013636779579120462,7.101829700626689,5.188165901412152,-1.42247005795309,0.9543125384342979,-3.8917842385264687,0.15499842940089764,8.990786245404538,0.4510557200895148,0.715053259490427,0.5274879849881343,0.5700000000000001
0.673545183312673,0.4729330620738704,0.6255082818266878,0.602573756763817,-0.16364236574043486,12.975685902283404,-2.0839925566066566,6.9861072551049155,5.655770860754368,-1.2378677178174942,0.4438096082410514,-3.616563705789105,-0.41813605230291073,9.155971863876355,0.5251253861036871,0.6286182971393283,0.4543664836899493,0.6100000000000002
0.6009433632408027,0.7628948418361629,0.6213057172214346,0.7707730699394866,-0.12419265328130558,12.697915623177751,-0.3422084682122778,7.775983789824878,5.005717403519873,-1.3177079150114128,2.255987352240844,-3.911778534372574,0.034692415559965606,8.856837050241218,0.3114769751674733,0.6538806505880881,0.572253615356706,0.6200000000000001
0.34413730561277367,0.6218004538808831,0.2574053540999559,0.46029262206795607,-0.041007820306185785,14.173401544692215,-0.19958460087129015,6.54700701982331,5.950179718616859,-1.5692575017465626,0.8721237765354768,-4.982070191269261,0.26526867912964003,9.380923554310474,0.3662128723692408,0.7481691717274513,0.431434326055552,0.6100000000000001
0.37676858500743304,0.725049732245539,0.2957524345691547,0.3159160739419267,-0.04432120104250199,13.639937856444234,-2.401059982925165,6.207879615184483,5.087928206113027,-1.4849790305102935,2.3836086263827116,-4.06937337578639,-0.16342831392314985,10.46493030424034,0.38372334319754003,0.7866440820654417,0.4213715268481934,0.5700000000000001
0.6675672234834116,0.38875096574976475,0.3588716486365121,0.5273976599190711,-0.36296837873737453,17.365190190061824,-2.271839581675817,7.620936870906117,5.712674092722561,-1.2443814930644261,0.7766273565975319,-4.033425529419186,-0.17400547966925267,9.55063718321723,0.44757964829043223,0.5076504343453745,0.46126515447162714,0.5600000000000002
0.34218796049833367,0.62722806560846,0.6779298371352805,0.676621851301388,-0.00442539044138518,17.448253028710152,-0.647711443029777,7.6355792054260085,4.660552062711322,-1.5606897145873657,2.602321496638009,-3.7694041858699383,-0.18797891124648325,9.796728964556149,0.2941452008062368,0.5759817489461638,0.4496503041878058,0.5900000000000001
0.49554497396392905,0.5450987109065586,0.34252376553510433,0.7005568096447903,-0.21925566002801716,13.030263644982574,-3.8675339761858276,7.633129087578942,5.389710673651099,-1.4501858184937493,2.7804787673220948,-4.049140883727955,-0.5595516150023931,8.424175986055666,0.2391931334106311,0.8391386937588956,0.28807012296267115,0.6200000000000001
0.3153546763355829,0.6102957696915026,0.6046533409105892,0.6526343239017296,-0.05696962523374485,13.413644937511428,-1.8852370473972275,7.688786175939426,5.414671316641045,-1.505851093964827,3.1901788054075695,-3.6717557205940845,-0.4660555990831601,10.132856979732939,0.38569190703344325,0.9270502320359661,0.23871203567344745,0.5800000000000001
0.6609846049892589,0.40284868202754426,0.4000502105101551,0.6399863817483058,-0.15966920606779642,12.684940174541065,-2.912494469073917,6.1303690726190245,4.867951501276398,-1.281035991248687,1.6423183119889004,-3.8244034341100104,-0.5032186442218777,9.53501170100599,0.3767877033216136,0.9214431728199626,0.4048172743308355,0.5800000000000001
0.33655217196102316,0.7076684822805395,0.4210092373423052,0.7474014145565355,-0.08273283453442912,16.241378835770295,-2.527318646130869,7.011197408753044,4.145565696587779,-1.6245290083908457,2.9301628232720023,-3.747928436957282,0.03549187354153828,8.931268754558104,0.24979512519269298,0.7609561115133368,0.573109918690301,0.5700000000000001
0.7509428004215967,0.46614470158454624,0.352298968035739,0.7357419388119872,-0.24528369089849916,12.962637953200497,-1.838905083148041,7.351235582378477,5.294776871134815,-1.2669961084065007,2.2931048552532847,-4.188569222345499,-0.30960759026646056,8.859067207583882,0.29270442085270626,0.5600655077596663,0.203550224835561,0.6100000000000002
0.5904575302126003,0.5167041158537204,0.29721769199602927,0.627877760756229,-0.5011175193351695,13.846451417113757,-0.7766828439800906,6.554488499896112,5.015422608104116,-1.3955035266763898,0.6640267432014275,-4.399195827487075,0.14626319989463166,9.055884650299708,0.26054281260281115,0.7755546717029721,0.5894081036264962,0.6100000000000001
0.4394766635972101,0.5264585480969226,0.42895495282124885,0.6786613769233089,-0.2280701299059107,17.151452056738336,-2.4151345458377325,7.640139804250187,5.066966949221258,-1.4519484470473414,-1.743098670086035,-3.830164633479293,-0.2822020879344511,9.154539161181766,0.3107306929859198,0.7789188099828103,0.9122716652512527,0.6200000000000001
0.3497789109019546,0.6227647462555024,0.5140250008065099,0.43292047172898407,-0.061837819028167866,14.00995461068642,-1.3732850684313853,7.180318459777795,6.266091544217286,-1.5658050502547174,0.5615351721358885,-3.801533673697633,-0.05031247167757291,9.731616091543348,0.2821994531972688,0.8527045303019387,0.6568091779099279,0.6200000000000001
0.7736197326026819,0.399202299917476,0.35802531899381346,0.6381117439275149,-0.11013897375057821,13.819405818412822,-2.8449371805309687,6.2505612930537024,5.301768169032753,-1.2666650621244224,2.560802584255142,-4.164686151581505,-0.2753580869087271,9.736758756226457,0.9621955989763096,0.46082417202441306,0.49739864244337695,0.6200000000000001
0.4841942568117633,0.4223427558739372,0.34006628015869766,0.5976916958043279,-0.10925321530182752,17.796883721514078,-1.7381183376484322,6.339322986812167,5.835546202719137,-1.4457005563143484,1.9501761148208498,-4.181589395830591,-0.1274221850427377,9.696092578444626,0.4634098437317208,0.4459992920216177,0.2328397304860297,0.6100000000000001
0.7443996326172871,0.7862038539921594,0.467929882245227,0.7825433818046299,-0.20160786105045067,14.179087035699794,-3.607686284395819,6.8926900089402094,5.252535176835116,-1.2242246204313463,1.385832710603079,-3.505132328947348,-0.22684031111118413,8.93831279265499,0.8109643353229081,0.5258851335649696,0.30051600413676305,0.5500000000000002
0.3977629531340506,0.31354779346446526,0.39526679532165376,0.3362299602299903,-0.03700821677429113,15.37952149901282,-2.743507732854069,6.438462184872559,5.314990379237177,-1.4341486605518152,3.9338465832971936,-4.015466080245909,-0.295050384540868,10.230440319580048,0.829602910956948,0.6556598477366793,0.4930348667370651,0.6000000000000001
0.7246097066145671,0.4928644197566106,0.23406482165748366,0.7531264165588685,-0.13037971471626678,12.011436041097733,-3.785887327347003,6.982841487530754,5.623082181894871,-1.1611531528014332,2.1707101742073136,-3.748552422673597,-0.3931953096570633,8.704307206437894,0.5254015543952888,0.8380713750199328,0.49178163110905865,0.6200000000000001
0.4332413581924747,0.7701892298380638,0.29603610747938397,0.7018328222972553,-0.18476279746080698,15.096496672357683,-1.7256638343655564,6.38229758395537,5.155404483381587,-1.4666226035371983,0.8858715043263817,-4.369810067712479,-0.09184370162058783,9.911294218340585,0.3091379305934657,0.5930977311227732,0.44134275939433415,0.5400000000000001
0.5753061744281694,0.7054661361109925,0.32865392097234014,0.6732497041488199,-0.24395848020173888,14.141793525513709,-1.0769881251116493,7.267812879738097,5.59419025622143,-1.4295086638197745,1.1167501946026965,-4.644426015163926,0.0911668154881918,9.312850721310117,0.2777918489765272,0.6660033196069928,0.5369550667485041,0.6000000000000001
0.5915233715901698,0.38609721990400225,0.3556101393194527,0.7066341591773928,-0.4419395127609129,15.20010455460312,-0.13190617797497328,6.391772251285075,4.97125194780036,-1.5153355447490444,-1.2000525354331437,-4.232814610829315,0.2157336587711898,8.904765506331836,0.2125785687170645,0.6586916514010689,0.507683075783617,0.5700000000000002
0.46813982870254434,0.5958169431887306,0.3800277123364136,0.4922522872989483,-0.2245422238666699,17.612979848870964,-0.823467252908582,7.1223028018847305,5.270757380803618,-1.4484908183197596,1.405702802279876,-4.2226715968404545,-0.07198247728926206,10.061457261131975,0.2555224587958998,0.5782249597737749,0.8068443812848138,0.6100000000000001
0.5217875385615024,0.46244123670823467,0.37852648183761506,0.643707676218971,-0.10087000643425112,15.19114011695594,-2.7147513320212644,5.976516155010329,5.506539389998642,-1.4135050998468612,2.8302544270192778,-4.140967131419675,-0.3919629030740463,9.1565708531931,0.21083704715056223,0.730365252301054,0.32324523738733735,0.54
0.6169763759699162,0.6254577043733177,0.31073147379722504,0.5708854222663907,-0.09512788354492846,14.267059307014424,-3.2206284217984846,6.528851583342614,5.353972342357535,-1.3799855594723143,1.7282994682252024,-3.943746751520838,-0.4083729214708042,9.459288125319517,0.38811301474415993,0.5858858121193298,0.4158118907000383,0.6200000000000001
0.4884368453240495,0.33443346718832745,0.2308967240164319,0.6960965159938421,-0.037303730510418395,13.70984552594077,-1.5238019674285173,6.809992594715792,6.2084276922291,-1.4161423508676112,2.554689186416287,-4.198048446552261,0.004612162137806186,8.777093610296172,0.5734906915168604,0.7648160619550406,0.6082169767227854,0.6100000000000002
0.6273170001255792,0.5985747793804481,0.5922067234093158,0.42788079459277484,-0.22944077896168627,16.941057162430525,-3.8300843297393197,7.562239512115784,5.5105426038062655,-1.3038981271817387,-1.4593326283296046,-3.2564937001350716,-0.36198340075872726,10.051570998991826,0.8482284649575762,0.4998701287214217,0.6032463682489702,0.5700000000000001
0.5909102693769045,0.5738762808427882,0.48823382223899153,0.43433517325878623,-0.11028553036719989,13.827298691038306,-1.7293181223626877,7.2622220449962525,6.240278505318885,-1.3998274525391552,1.8950223885269022,-4.129637385541914,-0.20394816197301363,10.208256402721215,0.28260318830739906,0.6466511221546869,0.5337783406483767,0.55
0.3033972303149136,0.5489401266978691,0.3516504302103598,0.6855558566477243,-0.1645351339811409,12.187164186139169,-1.6272302398597533,7.30967389590825,4.906800685515149,-1.6419006659462796,0.6218756796227963,-4.523567126921471,-0.12172915760265568,9.567007430713815,0.252254527995555,0.9918611378352395,0.5401293611719515,0.6000000000000001
0.7407920270130666,0.4571358505466443,0.49038306422987693,0.7531781248307011,-0.35410176438358354,17.021038990149012,-2.9307420948889766,7.3269042388903705,4.665080576641037,-1.1931720787139415,-0.6472459345366854,-3.6978940132924722,-0.5149805655842981,9.059906628857028,0.426123822040927,0.46528390111550727,0.23975233978556745,0.6100000000000001
0.3726292229191348,0.3778116165325494,0.22826935377687607,0.42692769044930434,-0.08690372985978775,17.226748928466105,-1.5729746642589357,6.311311595945981,6.71281874022323,-1.4472787201567023,1.3455980632394635,-4.262766275108065,-0.21074158891326863,9.266038471040329,0.5117767404015572,0.6038915452986012,0.34110462134009,0.6200000000000001
0.42720525591930925,0.6277719236571648,0.3057590634967642,0.6110182418014858,-0.19317314854385345,15.415959152269242,-0.06757308352922076,7.4680016378559335,6.101953311439568,-1.5228791525035028,-0.07568616966485081,-4.473595613689107,0.12829777429083167,8.660307336319692,0.23084025678985273,0.6492996973035923,0.5362710520182666,0.6100000000000001
0.5853656567967608,0.7687023859882065,0.5390208023956217,0.6485128953501192,-0.4098965408591386,13.178677678209738,-3.8261467471907045,6.331319198470248,5.389288989283498,-1.2907395482441195,-0.7803783697241826,-3.3094456442735667,-0.4825143281211982,8.729863349353465,0.33656507727541196,0.8954281410713697,0.835129972161173,0.6100000000000001
0.4206568977246037,0.6168010399768498,0.33799368495333904,0.4284747156361029,-0.18519330288292746,16.461825312768653,-1.7433295681522052,7.558834153609454,5.309908751220749,-1.4316944332153148,1.753581591795137,-4.3860131532784665,-0.12062314850259126,9.87142712251863,0.386204166534197,0.8335732077044613,0.2573998605273955,0.6000000000000001
0.3179978875725712,0.47555951011457354,0.4939963089406943,0.7488977715196586,-0.04463875512680286,17.87784529891612,-2.791213118610694,7.066833993432827,5.359466850915376,-1.5455697510180872,1.901449516752102,-3.730542309662347,-0.31216185277421427,9.411368807759816,0.3243839856003447,0.5654890695834429,0.5713487898524663,0.5200000000000001
0.6283872415233134,0.5900370214533882,0.3427838463817373,0.7190288057659308,-0.10927885017771416,15.891573642495603,-1.077781117410634,7.322272023772779,4.8022065122076585,-1.306367542037141,1.7188467206231655,-4.216240085565152,0.07947036538202668,8.882893484239219,0.4882895149093544,0.5888237532798428,0.546685008469403,0.6200000000000001
0.4831372748437427,0.6388086461864125,0.45481225143525855,0.4029892330582893,-0.14416942022235887,14.360053502352176,-3.459092431853796,6.757216930950747,5.129212956968013,-1.432691799660337,2.280560260487849,-3.6719682433627647,-0.5732186962945331,10.04595037169855,0.38276793810582266,0.7977746842045514,0.20944461439123055,0.5800000000000002
0.6566410807473829,0.5947399709128451,0.3993000570684914,0.5158838806042985,-0.11653958544573306,13.086214737286031,-2.4962751278327993,6.282915072890511,5.907132184333935,-1.3001063692318586,1.7713275049836457,-3.886076682649688,-0.44573202566141673,9.548250504681414,0.6132497554538806,0.6653139096133239,0.5104781257982308,0.6000000000000001
0.35775447438561486,0.3634040716291157,0.318130804150973,0.6774489484338159,-0.042911132607226884,15.05079839393047,-0.5764714234006867,6.409271657894239,5.364514827937336,-1.5545519041555302,2.8501896300973173,-4.201990450514773,-0.026101725317532035,8.986336971229191,0.28893356961519845,0.7631477717818143,0.8562224668956682,0.6200000000000001
0.33658562717652124,0.34810318211046765,0.3775555898447663,0.5730350804634664,-0.232487863646228,16.323465831409315,-1.2823274252299515,6.463582894848506,5.592305882856297,-1.638619312217987,-0.9309866183506126,-4.431722691571621,-0.08535159271023357,9.40890095790186,0.20140991030625932,0.728792189399046,0.7172791389294663,0.48000000000000004
0.388402075772207,0.3146571865623214,0.4279687748836045,0.7513921401219467,-0.13194613109135134,15.196246336240547,-0.7562231811133945,6.74210129885099,5.155753109511687,-1.5052721192963976,-0.5824761226359708,-4.0010198851247365,-0.05014245607919617,8.599055448733516,0.411331096416125,0.7076065279560304,0.6575879812627506,0.6000000000000001
0.42772261676416995,0.38491970425913147,0.37982926131589384,0.49739331173128454,-0.04301247095401205,14.065130425886064,-1.8437095977013032,7.389409215410035,6.377912369436619,-1.4529408848379255,2.63517330807673,-4.319950783086259,0.1453966916053423,10.204383329515132,0.42991036263379345,0.64002768181831,0.6211523661155116,0.5800000000000001
0.39569420720312287,0.30546984024307994,0.39237923994982304,0.7062544866273138,-0.09006209227142711,16.71032957607265,-0.5022019734385341,6.945409701136276,4.28516174017855,-1.5542559572579844,2.0185053419355192,-4.266288032287319,0.12047947278274457,9.218181680593968,0.3210698849853764,0.5628897101402632,0.2014643057706046,0.6100000000000002
0.5316669746660017,0.7012518544961592,0.47833496233875666,0.5274335415324829,-0.13394885113427232,15.840399359864072,-2.3728320266310203,6.822864506752557,5.494981262546027,-1.391521531299963,2.9901447883813517,-3.862828867541632,-0.2810289877350356,9.958852398184,0.3176660227919606,0.6268431140077204,0.37193607240266147,0.55
0.4470631961314204,0.7665047783232767,0.506221056739977,0.6723426193777791,-0.09070421726408617,13.301443436154543,-2.994909819343437,6.725575090970883,5.34262597984189,-1.4115207067305828,0.8966728516632009,-3.637051091685099,-0.2916849220050914,9.350902401718312,0.7671576701070975,0.7398710091304609,0.31164686827424093,0.5900000000000001
0.41353399953843983,0.7828210610079145,0.5340366691658759,0.6308512407352195,-0.09066533211418107,15.76198182218236,-1.9426669462762407,7.315045063529682,5.030888719741789,-1.4257933566639556,1.1147947259058124,-3.9703565120900093,-0.2197757855594913,9.447872705154571,0.4798550150821825,0.7089363707333329,0.36765013676219777,0.5700000000000001
0.7314927631855841,0.4452700180728422,0.32881042864520155,0.6344724394737526,-0.10177204106959775,16.45246447430142,-3.11853959189482,5.989832517954967,5.930402366964896,-1.3235441871536702,2.2483818770289017,-3.894370288646018,-0.16773683794739574,9.019016521352505,0.4166644859265416,0.39419700377548916,0.41229162236800077,0.5900000000000002
0.6940177245008539,0.5168520783152061,0.34730941466249754,0.6413949884624534,-0.007504680739043285,14.976888010695221,-0.6930360968120765,7.316594374717198,5.840603782165726,-1.250442299920424,2.4642625984970206,-4.0334445830973555,-0.1667370967107349,9.380240624641887,0.443098474153958,0.48207196263204327,0.3106797180067776,0.6100000000000001
0.30491665606014057,0.3813236164833403,0.24270926955048466,0.7621994282926888,-0.06002874056747341,15.407697713556736,-1.0801480858949009,7.297637381644483,5.951119803274163,-1.504439730228128,1.9799496332251496,-4.371581123192533,-0.049084599580499794,8.412362778524026,0.4183590947483128,0.6826127103471693,0.3372023104145022,0.52
0.39093158892054714,0.506184279185528,0.3977174944944363,0.5667475197708151,-0.27801354208434514,16.84653076854952,-3.094697132175246,6.916399112193544,5.261843226650332,-1.498641006850071,-0.9174742290132514,-4.1427316751353835,-0.2517475299319816,9.057640768199395,0.24670484823833272,0.9914352766991958,0.7431090256678774,0.6100000000000001
0.3744373394830544,0.33972546140709453,0.5148612639477408,0.7375393776326453,-0.22321688151936908,17.336192285158063,-2.73521208252129,6.629233391018771,5.285313786706128,-1.563999143327915,-0.36154548451744434,-4.038115312538623,-0.41855287967506194,9.149570721865803,0.2080594178753701,0.6010912273239827,0.7226503258177592,0.62
0.5689733061788331,0.48699799728567966,0.3770074170484881,0.7400108605609749,-0.214069967843371,13.315589188920905,-2.5413860740155756,6.242169234947581,5.542371255597457,-1.286699687005605,-0.7330989065251676,-3.959129371683666,-0.181839841277107,8.35554624492993,0.698353731290081,0.9139277915666488,0.2515924356984106,0.6
0.643505400249784,0.5504817648507185,0.4052713794214039,0.4575530446398388,-0.2037775557076904,12.274919864829501,-1.6171962733652074,7.2039921539246565,5.650510202432649,-1.2799391664689066,0.8808142919466168,-3.9703790015490057,0.03126046102209098,10.143244545513316,0.4536824867857996,0.8644470886859082,0.20477697932497785,0.6100000000000001
0.5017058966632777,0.762059604245382,0.22346986662922333,0.529359855133276,-0.3259003143965433,16.513910622970247,-1.8454581649127353,6.9161615889073635,5.744464739372439,-1.3371689644835243,-0.4947830195777334,-4.500061406586952,-0.16403170186066457,9.120350118114784,0.4239194879935293,0.6132079261688652,0.5708396680780976,0.6100000000000001
0.546511149442688,0.6704413618839784,0.42063229845945,0.40596254289695727,-0.15444385806524752,14.722645242773746,-2.6476165791878716,6.591377466801254,5.134562396024994,-1.3375058770640715,2.8683655794447156,-3.8305738416899286,-0.3405500826603586,10.454983781982186,0.4746539250849172,0.6216374829301946,0.5041177617094932,0.6000000000000001
0.5263569767620888,0.725978094086144,0.4691027386129547,0.5905515462856857,0.028296356816836427,17.983635622124627,-3.1861236244139506,7.725369521882398,5.544771522282075,-1.4178662430384852,3.184370173043218,-3.816378222735079,-0.5786430300018907,9.603986406971131,0.4374617006009275,0.4573616655024304,0.268905351331549,0.6000000000000001
0.3333094426798973,0.6554320180659501,0.545447039220625,0.7678831582981096,-0.08169090875237163,13.137971690102155,-0.2614091883959184,7.295944174111048,4.792482950852079,-1.6567684352307979,0.7754478026012847,-4.220225930449817,0.3722733941095955,8.886285215126524,0.2425402465295942,0.8875724871099666,0.43391199431255467,0.6200000000000001
0.5198458265766754,0.43005361601238795,0.4309703683637732,0.5742525884457296,-0.10452394580165023,16.86916208340622,-2.4436555376085165,7.298810138595244,5.456797650106596,-1.4202978158446076,0.8792454756642509,-4.1595513807712905,-0.14313813643741136,9.592379103601361,0.8072869308301023,0.46816676486584385,0.5438377002007381,0.5800000000000001
0.4049287920280804,0.6759644665688025,0.2749124279490985,0.7310384176564046,-0.14267831082799873,16.078555705367258,-0.16991037696000155,6.669960420301309,5.020654015689061,-1.4880878670808149,0.7115010798990155,-4.310118522174361,0.14385710161702417,9.00238923931264,0.42640622453818106,0.5429686073941589,0.838985972367315,0.5700000000000002
0.3891868111329586,0.4836146585487211,0.3495498827621025,0.45387868555896044,-0.07356081546964555,15.901987807005895,-1.3077447098076957,6.81191918815672,5.776605951577141,-1.4625853195087812,1.5233123372018866,-4.5241664750057735,0.014951031449727314,9.733472126404953,0.5991888875739411,0.5853866839494898,0.704755719651662,0.5700000000000002
0.33144333291322986,0.6147978835999794,0.4187101232374599,0.48514735442148604,-0.06232261997005476,15.00805380933834,-3.499188562987188,6.4702121834816015,5.613460896633568,-1.5579741193872791,2.545703283487893,-3.892658826702076,-0.676436031864805,9.315925958659442,0.268336244163369,0.6444521336557647,0.2366389782463214,0.6100000000000001
0.38540659254126797,0.391560539840786,0.4968602275416798,0.2972935058024716,-0.048696818270642594,15.882916044620822,-1.6180034960765872,7.004486259418128,6.162398763269062,-1.466332432616375,2.276010225409842,-3.9896529689749665,-0.2604743065438867,10.176171018841622,0.5387442084858691,0.5724860663069489,0.5045516780531587,0.6100000000000001
0.539524586297026,0.46480768887094526,0.3472213749892765,0.409420626348535,-0.2509446375454293,17.6726238050681,-1.785594765495949,7.610546653376853,5.727062317330732,-1.4328102963516358,1.0270492079937026,-4.038779750920595,-0.37259893993171306,9.788730521057282,0.2546627335611572,0.5204818384110251,0.2872346261636864,0.5900000000000001
0.6154570150525551,0.5912330785209892,0.23327370357304764,0.726529064640838,-0.1813332392307675,12.819729651836287,-0.8417090477942519,7.1602228834415085,5.466854764456198,-1.3341496546258105,0.8974577155957733,-4.199119826955615,0.19246711456967358,9.036065076044231,0.29736580003232305,0.7787011266135133,0.5502316319046199,0.6200000000000001
0.5814688510293425,0.7068628444017365,0.558233061481606,0.6261773252345751,-0.20688696969062853,12.663234469075498,-0.6550478840109267,7.356076961051982,4.047323813169652,-1.3072129796941563,1.0317771999588803,-3.893689106142819,-0.04176542321330662,9.597305014048448,0.4261107388480681,0.7382159662914114,0.38831109004085756,0.6200000000000001
0.474751037228306,0.789694608255364,0.2598933969894575,0.7082388350250793,-0.07028016477149827,16.87821312558674,-1.2805059067084377,6.585161983745863,5.346713973551784,-1.3976296527670071,2.0698784978373075,-4.638922460781978,0.28882551443568116,9.156191577238918,0.6357984405247802,0.5435780433567593,0.20765188436071844,0.56
0.3996937956667778,0.4454393094008489,0.4375019114039208,0.5763506213613725,-0.2555111575791892,15.0535948834704,-3.5344494564474633,7.176908085177478,5.483301200979022,-1.5283992465378378,0.8848716581461732,-3.882771907578458,-0.2900758587293846,10.172189476198104,0.21764758534364104,0.9878485484419295,0.8714961688116486,0.5900000000000001
0.5060644638884331,0.7126980005430602,0.3211182172441147,0.6984223374215496,-0.13398163418949027,12.244030061342002,-1.3415119473602228,7.210686403766026,5.7007979276448175,-1.3858698328466792,1.3054968331024082,-4.481018509991514,-0.04792115087226126,9.687936810474135,0.5996574931067863,0.8469507941400465,0.30374059751438504,0.5700000000000002
0.33987901880213334,0.5602270081205942,0.44327071358277165,0.7402042770773931,-0.050028206387609055,15.284376976987987,-3.4060403556779537,7.360235420911502,5.425941265840828,-1.4839538436088344,1.897364220875002,-3.613964928614122,-0.41180510956055516,8.990737385079225,0.7283005195784765,0.5216293360832817,0.4045002917946922,0.56
0.3930283361883982,0.6303854592703961,0.2631566819772141,0.326669708375951,-0.022029488969874986,14.751214329471269,-1.0481139499912824,7.32666162211939,6.632535251880389,-1.4415898074307172,3.2044201110783455,-4.581296925349181,0.12790853557123905,9.773916495347894,0.6105327354707135,0.6440099510213231,0.42684655856013093,0.6100000000000001
0.5198272097228438,0.7839255401808616,0.4818112400355758,0.7020320871733777,-0.22690805372357437,12.480765355373713,-1.6090240983094857,6.5250747308271775,4.948178603765704,-1.414749597694448,1.3935158539191947,-3.856316945749414,-0.29511096861835534,9.353503411532937,0.34345455960513777,0.8033586713331267,0.48752284974023347,0.6200000000000001
0.3065935545573952,0.4735545343743233,0.3936398684316797,0.5897171046339149,-0.25825746854894266,16.90318160247689,-1.624468360152844,7.665617907580477,4.969399277892908,-1.604819611209464,-0.7450457315373267,-4.061923338887549,-0.1945135091087007,9.494255235562763,0.21432694907713384,0.8329734249476153,0.48199354575268316,0.54
0.31936000936860937,0.5052135145060221,0.45714373665508823,0.6593343381039817,0.02715711218863585,16.196115638132564,-3.109653115595883,6.960869390322697,5.236076217790445,-1.578414047100996,3.5036914245895927,-4.139650020964535,-0.3201528473665116,9.404194075209935,0.28765351339751954,0.6379800955154815,0.4724016783062531,0.6000000000000001
0.60400704233042,0.49883481812565317,0.331400608162997,0.49606932560023115,-0.12377139186870131,16.294890284719514,-1.0164258489454903,6.25009036827582,6.000575092507387,-1.4307725504470443,2.5847285152841977,-4.650132850136296,0.22928765876609347,9.93223199730098,0.39713099230013005,0.43506196225447435,0.358983458561784,0.6000000000000001
0.5685987724926304,0.36182835391786405,0.3105217685095864,0.5598897251663131,-0.09112080420949845,13.950145400143388,-0.7445361347065957,7.275745400026439,5.661362119252152,-1.4048415355383348,1.3417444953185549,-4.262821098896745,0.17575286933483505,9.387588230914742,0.5972396245788991,0.6606885730207732,0.2975863375622083,0.5600000000000002
0.627081989453463,0.6956834820494837,0.39194355791520974,0.5968620031930697,-0.23646425533078907,12.457299952426755,-2.8215059177638833,7.542013882828463,5.84526893377732,-1.2638472889323995,0.9338518026289888,-3.957757563309932,0.1090049676054256,9.280039433221361,0.3206657047716647,0.8321073855170167,0.36286812327311524,0.5900000000000001
0.38550091485361837,0.5458433217719318,0.5668970813909741,0.6901876807029436,-0.2334048928150278,16.8249768355679,-0.45528401501783833,7.097771168484158,4.6613354813318155,-1.511601894315779,-1.1426283725470305,-4.187318580562014,-0.12949249337322785,8.967609896624642,0.23249623035727854,0.6984759997543344,0.23242589472079989,0.6200000000000001
0.33916014255908106,0.786442274618358,0.3769130075989019,0.4678964713143062,-0.07279291167331792,17.994120373184828,-0.017312441156854708,6.804958772689494,5.571499521176638,-1.5051551629575401,1.057069482503292,-4.209631215834535,0.2179739073434125,9.662625715270641,0.34248338958826663,0.736579120850001,0.25633117364176217,0.5900000000000001
0.5420221142530108,0.7776534431237503,0.39160483457443135,0.6293830664710545,-0.10418110914470342,12.641603623403531,-0.6816231446636021,7.253488933300977,5.144530232649065,-1.335220448992969,0.3047226143910978,-4.234762935456468,-0.19618694993067237,9.87450842647127,0.4845870234149245,0.8624448365450945,0.44053656963845755,0.6100000000000001
0.6049269640131737,0.7588417452887649,0.4238613997391829,0.5409751497105579,-0.39588137550940866,15.453832038054655,-2.562929923429742,7.609485798576842,5.541525759765867,-1.4416488682464907,0.1805010897173441,-3.906842168954138,-0.10886642513474604,9.47088408037902,0.2717644277059723,0.5878195978746338,0.9023745131215185,0.5900000000000001
0.361410251387087,0.6367227678156582,0.589555902161196,0.791823329553425,-0.0977482602710357,16.56019995516608,-0.5232771662269737,6.20736380208079,4.4710295076838795,-1.483257590078319,0.06789226571076978,-3.7816068566773735,0.05918668346760482,8.477502527072161,0.49423111204198894,0.6058387911806554,0.4939144415014093,0.6200000000000001
0.5047092211989415,0.7519514542125568,0.2717047712049864,0.6381855230848742,-0.10960016777062924,14.497524246820198,-1.8713782923999336,7.0430246701889985,5.261291092864453,-1.4096506121026864,0.27048532143096815,-4.190584994016431,-0.23999525648734887,9.285190975603856,0.4753165857987828,0.6675258794242815,0.7040908074169354,0.6100000000000001
0.31965695301606606,0.6479306316554653,0.42881627703398745,0.4145722396098996,-0.1355627579315381,17.230914449307342,-2.7533657772037516,6.326993112243504,5.645609440735444,-1.5393361799238494,-0.11265424736792812,-4.006039615699178,-0.2838255394097484,9.574063243748366,0.2972844411377062,0.726529147616106,0.28440836538428504,0.6100000000000001
0.4193485601725602,0.5567510185891206,0.45976095491575586,0.6371494392547585,-0.1328778308457859,13.61853776155445,-1.7305889137459303,6.200892800751066,6.1662283823254205,-1.463512375916595,1.5539693444517217,-3.984443076108842,-0.29468582986726644,8.850400365248671,0.37155398676912266,0.7566011980053584,0.3186861144309902,0.6200000000000001
0.34953725417069087,0.42516605943588204,0.47476412148081143,0.6319415071001289,-0.0399969582810549,16.43915862812769,-1.6291103497645014,6.845393164507739,5.80354181416614,-1.628279045430304,1.9690573371511657,-4.349829457311637,-0.0577962561040245,9.006414105311906,0.22119030919213656,0.7618376109123867,0.35434058274387326,0.5800000000000002
0.4929786166258546,0.48030737382805794,0.2978593040757489,0.35111955825782865,-0.13744510474621985,17.838541900212455,-3.50196471537103,6.220435834313006,5.5107761468939795,-1.3637189039922941,3.3814980838638213,-4.002836102205263,-0.2835845647883293,10.591441237417374,0.35630970398845674,0.4458690218347776,0.7720914988169546,0.6000000000000001
0.5550603560680153,0.4511342088425215,0.24125663525959537,0.7903277594688135,-0.16251714898046038,14.64499369018728,-3.9843704277393748,6.110672260313104,4.639174595945253,-1.446158018963977,0.5306779874103686,-3.81528712715944,-0.46699609882687726,8.487809970288488,0.42029565879479946,0.6534056108518895,0.7295647729868673,0.6100000000000002
0.6217210416040484,0.5073550403196183,0.5222699882223724,0.5056857461683385,-0.29763178211841534,12.597448804941752,-3.5105113652002027,6.8071015201957925,5.39886025751597,-1.248234544447309,0.048655983217211984,-3.5384823542974053,-0.5389872509283059,9.494897310316986,0.6747027069480898,0.8760600209074533,0.29290806444553596,0.6000000000000001
0.6238448417185263,0.4335762848128094,0.32083435626261625,0.7538745418127123,-0.15044010656857257,11.633630899431552,-3.18520782794983,6.594703234585742,4.76829580451189,-1.2959255835345347,0.6890448089125802,-4.129265910728993,-0.23250232486170017,9.003819250995605,0.9415980071139293,0.8609045860709782,0.5906036622008768,0.6200000000000001
0.5568867455455553,0.34717267336141006,0.34445357216038514,0.3373799896474116,-0.21812701180229038,14.833164593365394,-0.5647334614455084,7.1257016647365345,5.833380710072601,-1.3754404569337095,1.585363223332334,-4.157282041429909,0.11099123916219464,10.007996547286746,0.3552776438197546,0.6248175876932234,0.9063698683974077,0.6100000000000002
