noiseA,u1,u2,v1,v2,velA,distance
0.34643863331602276,-0.11193348746820944,-0.5518798907548383,-1.6352925569825352,-1.644199364679082,0.864999670922649,0.7859999999999999
0.38907749110415407,-0.13497959309715996,-0.6609383886106628,-1.6185508839971823,-1.4841574822195103,1.157383643879386,0.8200000000000002
0.3664336685827283,-0.1798706950162437,-0.19174119233890363,-1.6081723051108603,-1.7465778436266435,0.9685357788044245,0.7999999999999999
0.3520345611680316,-0.1242059596279438,-0.2622032366976623,-1.637274906745405,-1.9049631732455496,0.7362785297735929,0.752
0.46874240656751626,-0.15814595784690638,-0.2448135898458068,-1.6067688215198737,-1.8255682791906533,0.8165178549665223,0.8400000000000001
0.45397998763717395,-0.25426060532512035,-0.1625982717147183,-1.6107836480919129,-1.7860064848946409,0.8112795701557931,0.81
0.5095383560608862,-0.17377989938434968,-0.9830716945908861,-1.5957724448909487,-1.4906637199722526,0.7801466373982312,0.8219999999999997
0.3313618916247506,-0.11304812074129801,-0.7341790055868077,-1.6416656162438847,-1.717093995566148,0.7599760691811347,0.7879999999999998
0.3867163583475585,-0.12962420522582296,-0.6755727781488572,-1.6226107774267893,-1.7734257435571845,0.6820153642075806,0.7459999999999999
0.4195322248264752,-0.1255400931017338,-0.6996698954642393,-1.6192624295292213,-1.4652982503247427,1.0927995182674648,0.8019999999999999
0.3349698210709989,-0.10681166599215332,-0.7569524114191545,-1.656839701014682,-1.9677183323734808,0.5820554742667092,0.8280000000000002
0.42141252554210995,-0.14102039375478598,-0.6879783338846103,-1.6328148463481718,-1.9536318877116763,0.5208414763261251,0.7939999999999997
0.3342856859091942,-0.08774288040284699,-0.6111659962477909,-1.6411693106799015,-1.5067915141469854,1.172504385825994,0.8079999999999999
0.4240266391750326,-0.15594561342634236,-0.7750257617218325,-1.5992328402978644,-1.671942352627421,0.7274944814088717,0.84
0.3975984248796424,-0.12179040567979323,-0.799348330093212,-1.6097450839858392,-1.4567488530479327,0.9605683493845965,0.8359999999999997
0.43535401033981935,-0.15632256575435413,-0.5054660727257972,-1.6209156422367577,-2.1077742797179537,0.5549115148463382,0.836
0.3967239758354819,-0.12976767709800124,-0.28510467592619754,-1.6337234055590173,-1.8429322323549895,0.7157068688917335,0.8260000000000001
0.41203741912844827,-0.1553774188949608,-0.9365007205147108,-1.633890688413744,-2.0768700081295077,0.4760278454516817,0.8340000000000001
0.4169676471706649,-0.14135367465138002,-0.5805183769707783,-1.6295525832857054,-1.7788841509213282,0.7217094291944657,0.72
0.3803683085784647,-0.1417897569321771,-0.31959954227449366,-1.6466283523402245,-2.173603088765439,0.540588513925899,0.8140000000000001
0.4255995830759405,-0.13604995708516074,-0.6835710995384027,-1.6100740487231893,-1.9507102959459492,0.5650769491127569,0.8140000000000001
0.29640962176472774,-0.11008963641301059,-0.7796124844469564,-1.6361712278014402,-1.7813464014934255,0.6958326678473317,0.8019999999999999
0.37580081380309927,-0.1561279772166236,-0.17881561070439222,-1.646445656801528,-1.872392607260639,0.7882285962302652,0.748
0.40837306513492927,-0.14886417036131958,-0.8464798642772535,-1.6125036145447047,-2.0204247000143494,0.5203447116532,0.8280000000000001
0.35605138473362935,-0.12075425601521594,-0.5815353751516635,-1.637274658462591,-1.9423398647358125,0.5969971718295961,0.826
0.40915229134321107,-0.11806755408462663,-0.5332289554074083,-1.6350510351524685,-1.7754374136562405,0.63849676468423,0.7759999999999999
0.47283466432172505,-0.1305351895993744,-0.5076632449403081,-1.625112040490939,-1.6792825170747818,0.7672486234115085,0.826
0.38375097220288606,-0.18154966858581723,-0.12180425849543587,-1.6199104788499952,-1.9355149349964162,0.7294043370361155,0.828
0.3828633575232305,-0.12775101075861672,-0.7371741407163943,-1.6205124814978389,-1.470729959954664,1.0942591008171432,0.822
0.4327705226671761,-0.15520138514739626,-0.30458989585392793,-1.6185052006914473,-1.746656654347569,0.860270366572762,0.8360000000000001
0.4112156775149878,-0.12246272989524752,-0.4600742882619494,-1.6238704601834146,-1.5237792896110514,1.1569791195522718,0.8019999999999999
0.337518387678634,-0.13265576844669075,-0.8801630822927052,-1.6388862381712836,-1.819351096814676,0.6207667712637597,0.7919999999999999
0.354311068998272,-0.10817752490349083,-0.8234649932916797,-1.6361994941128575,-1.5571058640449156,0.8288540297570299,0.7660000000000001
0.2762333803723141,-0.08109945633427937,-0.2730901543162596,-1.6332937168749995,-1.723937164076842,1.0062580189713675,0.8140000000000001
0.43207500947553884,-0.13825341207236466,-0.18871584528057192,-1.6328492898709563,-1.6663418378933514,0.9929229064233942,0.818
0.3688631748119864,-0.12396362748263957,-0.2555417995164282,-1.6105606996939117,-2.053636447258405,0.6781374564302435,0.81
0.3695830123886648,-0.12221944301485772,-0.5685556433829569,-1.6163492756717537,-1.8522927486780223,0.7233390470797201,0.8319999999999999
0.380695003262282,-0.1563236618688973,-0.13500964335498797,-1.6425921672997394,-1.8662201675925134,0.8317279484121253,0.7960000000000002
0.4898067321507331,-0.2077164242273083,-0.2283714735081423,-1.5864822075270935,-1.8377678556795334,0.695828714937209,0.806
0.38479018562676626,-0.11987504358104545,-0.6294085145899095,-1.6204427221201185,-1.602745289996233,0.9478840840276695,0.7959999999999999
0.42243395842001513,-0.12652840916453037,-0.8246472572851007,-1.6237393525412838,-1.6103258395860927,0.7780103225797957,0.75
0.39655172862305044,-0.13911218224721844,-0.11650143532967061,-1.6481218757972043,-1.6847391017529192,1.0784125601747594,0.776
0.3885490475439846,-0.09714376314776528,-0.4606290573309174,-1.6396265280210296,-1.7301961648956483,0.7749061199085109,0.838
0.3064231790101846,-0.09235581344576119,-0.6980988853819633,-1.6367204385209,-1.7514130303297437,0.7286271327820131,0.768
0.44845216858400994,-0.16204696772068922,-0.9749165525896393,-1.6059385066819045,-1.3994526971978987,0.9051059261778047,0.834
0.3819105622437385,-0.17949449982957205,-0.11323919695123753,-1.6499696692299723,-1.8591530410782469,0.8345931481093642,0.7540000000000001
0.4055786564727861,-0.14167680463315263,-0.4420866370289854,-1.638461559301534,-1.6343585303274435,0.9991148082708242,0.836
0.33239356476836324,-0.10485816368397137,-0.6014223488595165,-1.633089207361907,-1.6930262572625638,0.8826243711268256,0.8279999999999998
0.2911302215485096,-0.08752271395617875,-0.7149626031050562,-1.6277740909965965,-1.549176242446078,1.0318287389107759,0.7679999999999998
0.4437689509245659,-0.1347439823754691,-0.2554720618897701,-1.599936491840477,-1.7871285313164784,0.8137951772325376,0.758
0.4334171863825582,-0.23354240472801696,-0.23176465738509605,-1.5962934347953497,-1.8491481499060756,0.7483119106980137,0.824
0.43457613921046356,-0.2123446539373079,-0.6816832353350641,-1.6006247099468052,-2.085745503565122,0.46981684002398183,0.84
0.3820137291628805,-0.13005233041814396,-0.5382290924062026,-1.6149440176647236,-1.5446004618556504,1.0525685226244337,0.7579999999999999
0.4543077165381036,-0.15322500287331378,-0.11225083724250191,-1.623331634933084,-1.8314290309330257,0.8756940622659415,0.8300000000000001
0.36728893687556574,-0.14925389984639875,-0.10127804644276449,-1.613252324274326,-1.8250692514070717,0.9235357838457807,0.752
0.3304546538569624,-0.12426686956837545,-0.8977424872155682,-1.6221748850879338,-1.4456457480179334,1.0639799777975814,0.826
0.4053106485554786,-0.1514301047187372,-0.4528599657386835,-1.6182479550735855,-1.6608721006537635,0.8967105658203756,0.8059999999999999
0.4024104586036704,-0.1548128320392594,-0.9928825948163837,-1.636511558542259,-1.5979757054646826,0.7108690629841439,0.736
0.48929420435003534,-0.1847489154734279,-0.18207099827598772,-1.5982359505020594,-1.7954739382261236,0.7981979981254912,0.782
0.36150588405880063,-0.11663900728438832,-0.14455485789887984,-1.639009294929063,-1.7855281179163474,0.9293949111958273,0.7580000000000002
0.3928263612721726,-0.14620749120119508,-0.27416049047988655,-1.62484079703232,-1.907592298825457,0.7330014853060246,0.774
0.3167977049155173,-0.12998161999817215,-0.847054609192848,-1.629300510750645,-1.5123618599840947,0.9732485695076406,0.7800000000000001
0.3036519525587143,-0.07779136460354213,-0.5813943419738343,-1.6433937062620378,-1.6329104225052355,0.8932118690204579,0.8360000000000001
0.4451737450215976,-0.17132908115016798,-0.24263929471358092,-1.60191955222133,-1.8627097293326436,0.7626921513167401,0.77
0.43102686061294326,-0.15553001183870013,-0.06719328709463104,-1.6132943029536881,-1.7254486978336263,1.0278826599670234,0.754
0.3809012128436964,-0.1005477536104937,-0.33734786976270875,-1.626933952370803,-1.622069765443872,1.1072315592411612,0.752
0.3180813397186967,-0.10722146681767969,-0.35642991623795267,-1.632717134956827,-1.6603050512990565,1.0573668454583562,0.836
0.3694456091220339,-0.1486109197603643,-0.6934753301524739,-1.6239388272599897,-1.5970456771637953,0.8987200588919291,0.7999999999999999
0.34469561898024015,-0.13022282097093826,-0.7428649603678362,-1.6362291506211821,-1.949922859559624,0.5782601575252982,0.822
0.36172415908907113,-0.11481295006316929,-0.503140507044416,-1.6324763267248923,-1.789685407005834,0.7010158700926903,0.8039999999999999
0.4314628471968941,-0.12940701704579774,-0.8219770028676234,-1.6342987452507642,-1.5629663162267018,0.7628094635426063,0.8140000000000001
0.3998899868879445,-0.1601014854981063,-0.8311320759015073,-1.5947804214208523,-1.7061580572523054,0.725316229454507,0.836
0.39270903067305685,-0.1430749708979672,-0.6056260337395607,-1.61192733140427,-1.6982395679814237,0.8424784013665059,0.7739999999999999
0.37857976558715406,-0.13683339649366663,-0.8439989590548831,-1.621766174783092,-1.5428095740709131,0.910762690320864,0.8400000000000001
0.3528374498556269,-0.06372101762337234,-0.7356707004397487,-1.621033480376926,-1.5073963636402232,1.0509220228265428,0.794
0.4403384491640075,-0.14743291152653848,-0.9464867305541215,-1.587319284703428,-1.6952183585536766,0.606197079016392,0.8019999999999999
0.4131182871532939,-0.1382563206827621,-0.6502712917768507,-1.6121771484191059,-1.6327586863235313,0.8173956319096949,0.8340000000000001
0.34984611724220144,-0.14001710999845568,-0.8265341921997027,-1.6213401984015319,-1.64431205432866,0.7705069600525012,0.8380000000000001
0.4859186159106453,-0.1231323905396738,-0.2842819906955978,-1.6263881491138108,-1.7602959988625573,0.8061267302073497,0.8319999999999997
0.42201832276371903,-0.17089315294710408,-0.14719711843697253,-1.6316796058390224,-1.6460606850835275,1.0954374161265004,0.816
0.3424699968127098,-0.14027740417961165,-0.16562405961918317,-1.6223778458854212,-1.7781583430280732,0.8783030540124217,0.81
0.42720201838689564,-0.11015706092886857,-0.08779097781669984,-1.6428715985695657,-1.7312373637530107,1.1302307928347775,0.8320000000000001
0.27893860018363137,-0.09028601021156187,-0.7095309523279102,-1.6273340917694998,-1.551937281920126,1.07880195536444,0.7939999999999999
0.2965293514982164,-0.11939768737324905,-0.9309921304751975,-1.6422818622734008,-1.5864283030902113,0.8296167163833217,0.818
0.42103383975904546,-0.13049420612461385,-0.7614415245938212,-1.6243489546046233,-1.460159606679488,1.0105449657586143,0.814
0.3301380964017007,-0.12089031394543673,-0.3456738747043215,-1.6436783238352546,-1.7183241915570406,0.8886141251037102,0.78
0.31842237083857605,-0.11858102039193329,-0.635661087941159,-1.617251241315981,-1.6334135781654713,0.9256847474322201,0.7759999999999999
0.49768460816568133,-0.176262518275073,-0.14650648060269872,-1.5946694987411747,-1.794764823516138,0.8873810345525285,0.8140000000000001
0.40972985488372693,-0.17090917849802906,-0.3728083018421262,-1.628769117291886,-1.736387325037629,0.7925124955704069,0.8360000000000001
0.4001660207167917,-0.14617388825332356,-0.31625303824450957,-1.6212650926027488,-1.6238437936870946,1.0506398330034759,0.8079999999999999
0.403434127866932,-0.12918191559795805,-0.3220759579781985,-1.6159837040240554,-1.5790902206641078,1.1794037089828642,0.7840000000000001
0.25002449168293095,-0.07190575486628138,-0.45964329377132435,-1.647923602591454,-1.7593981642044907,0.8328321879804655,0.81
0.33327652143307895,-0.0800018516545597,-0.4789958015425084,-1.6533863535749398,-1.5621838588351729,1.182442494050983,0.828
0.35695037797623874,-0.1237515229396923,-0.9325262384114285,-1.6234553733911892,-1.4462928269962927,1.0275320286615082,0.8019999999999999
0.3016619943681944,-0.0897464667121312,-0.18776625461980123,-1.6359702226076662,-1.8557666368101113,0.7970769876677987,0.84
0.40157783444586875,-0.14670710792384906,-0.2502666305857379,-1.6489090113101192,-1.9434893276228662,0.7413743652287601,0.822
0.4205650722411168,-0.11933133270901916,-0.6823088566475961,-1.6307076687762048,-2.161852097451416,0.4797641960575261,0.8240000000000002
0.4260677191664135,-0.12293674924354658,-0.3991309924867454,-1.6174979278419492,-1.723057404683145,0.8616862273924687,0.7719999999999999
0.3922653845185995,-0.09954861029136838,-0.5205449814557459,-1.6305729696189228,-1.5914205619614634,0.9467740066938761,0.832
0.36632391365683437,-0.13027465563493895,-0.7311112107153965,-1.6258656142678711,-1.6087026655855134,0.9002956690424426,0.812
0.39924040234930325,-0.10741321261101736,-0.149406677591365,-1.6203697202179776,-1.7470856463404805,0.9317972638089123,0.8340000000000001
0.33798121676054943,-0.11640548283669439,-0.6794199054597618,-1.6307336616805712,-1.7434766423940167,0.7305522921070897,0.7679999999999999
0.3803974603960406,-0.13417640240141068,-0.9509748266340161,-1.6263320895589144,-1.4979841909520422,0.7854227254940501,0.8119999999999999
0.31543795251920076,-0.08447237121766311,-0.8441453139744469,-1.6316404079522768,-1.5986357113807739,0.8154170661099472,0.7799999999999999
0.2987890015795812,-0.09710723385655233,-0.7835712649696267,-1.6524533726625463,-1.6398541677114533,0.8544265661859871,0.808
0.3958761198721648,-0.1639358289194078,-0.5607424420311864,-1.6298813096606715,-1.7965858869236044,0.6298275520403412,0.838
0.3672529506046578,-0.12305669628382732,-0.37426661271832995,-1.6152985578791064,-1.8462849210500045,0.6973304128513174,0.8339999999999999
0.3106767481661516,-0.09889887234147131,-0.721592325211444,-1.6324808533463258,-1.8182763030839781,0.6439751741773236,0.814
0.47602635649217706,-0.15734122845834175,-0.5208192351765335,-1.6165692506142346,-1.688780673212975,0.749641324065858,0.808
0.38421404246859564,-0.1557464445574429,-0.47832404396084416,-1.622686411067571,-1.813685283255926,0.6798066990099184,0.8099999999999999
0.33185577485790635,-0.09110789531892406,-0.8163791720714186,-1.6495459191988653,-1.6370465625531103,0.73855828096754,0.838
0.32929912320682964,-0.11863798108449354,-0.4820227347472419,-1.639048088585476,-1.5749944080401808,1.0426813125702674,0.8119999999999999
0.4215013080905504,-0.15096082360947938,-0.14243967599839058,-1.5997414478049259,-1.822005325354632,0.7876376743726659,0.814
0.3274673586801062,-0.0898915832729918,-0.8633115147121863,-1.6536224310625174,-1.809125032916931,0.6478785933787322,0.8240000000000002
0.3108423079661824,-0.09594138039628293,-0.6887429480756548,-1.6290568846671367,-1.5266977747515813,1.1055532909383299,0.8019999999999999
0.3251971911492732,-0.08582741203055722,-0.11452805015863712,-1.628721689147514,-1.8547839074819354,0.9571770401634787,0.772
0.3988999744256803,-0.12388547417096368,-0.9971234211868939,-1.6191503978517379,-1.7988216303258908,0.5710701962237215,0.8300000000000001
0.43423038772043565,-0.15590299506817273,-0.12277798308194782,-1.616202124368276,-1.7708423154764334,0.8299164160459623,0.7679999999999999
0.4527889994656784,-0.1557678776310515,-0.3040912997184529,-1.5878888891680578,-1.8098235260585898,0.8180698363598198,0.8239999999999998
0.41874806028370565,-0.24069451772392741,-0.20918303194693016,-1.6124905855671265,-2.0682797609390517,0.6128186931966255,0.8240000000000002
0.37209415145858227,-0.08220722160033526,-0.1147240079858036,-1.6274174103923194,-1.7701636205177704,1.0295671647698343,0.784
0.40969365511817635,-0.12084431160009224,-0.41864760124590816,-1.627759044542143,-2.100828592399294,0.5926816240473244,0.8360000000000001
0.3861885641959594,-0.16751320085692914,-0.46481207697532817,-1.6132597680278404,-1.9518366257703401,0.606911517299359,0.7999999999999999
0.3465118255619021,-0.13093021039989422,-0.3295890646706745,-1.6263580241742033,-1.6721646920579492,0.9779772999916689,0.7639999999999999
0.3476727350349059,-0.1189011013610356,-0.14927626144370956,-1.646027174304866,-1.6953331040788915,1.120890966487137,0.72
0.3435260554673747,-0.12491822140484807,-0.16781871649571753,-1.6569887804729602,-1.9134954366094208,0.7514723717351666,0.78
0.4570152040712413,-0.15566713884968192,-0.21283832642441106,-1.61651197973105,-1.9248558435104068,0.6920937983465173,0.8300000000000001
0.36480166738175857,-0.13506129278733794,-0.8785710904565266,-1.63854620449688,-1.930074987355374,0.5412047874289947,0.818
0.42299086141097175,-0.14411032531710813,-0.19297216266331696,-1.6208246613137607,-1.6556404972319656,1.0995153674706797,0.834
0.36854108279068315,-0.12962043188979602,-0.2055366606916451,-1.6441411371191457,-1.835258413223555,0.8226681572561492,0.7540000000000001
0.4305897318769419,-0.18473349885052265,-0.13808389434594667,-1.5989281044385333,-1.7664769081740026,0.8479821255898122,0.78
0.40023866257517754,-0.10630926510414665,-0.4435959205190122,-1.6210031045857878,-1.5903558520994785,1.0343371870856788,0.7879999999999999
0.2753738225712645,-0.0824711191292169,-0.9096541690443961,-1.6326719456524403,-1.5472071487981318,0.8844579061182852,0.834
0.40585344338307405,-0.14749551887264095,-0.16040051295076907,-1.6392019601033323,-1.6998440278608706,0.943759058226969,0.7559999999999999
0.39410072519068884,-0.1556637047964505,-0.14321419560643178,-1.645367282072398,-1.7613616589158319,1.0092143049371698,0.748
0.461030170346063,-0.12441493886157674,-0.16440446279426546,-1.6364491411302302,-1.6932709930344565,1.0148607057323955,0.8140000000000001
0.3066320335487984,-0.09669016908967608,-0.2731035833468892,-1.6197713873322845,-1.6571118714779747,1.0715894168559725,0.7939999999999999
0.3903793838712105,-0.15157613473477738,-0.9046546697394703,-1.610604727402415,-1.528128626781625,0.8533280184985089,0.778
0.3769023865413521,-0.1340596007560556,-0.7967912460988559,-1.6422508085312721,-1.6129710022773,0.7285044707440533,0.794
0.33003531332534997,-0.10404058955641313,-0.0630230182431214,-1.6667925758215414,-1.7036963719254574,1.1846519602863075,0.7040000000000002
0.32719086797897595,-0.11642476104669856,-0.5682681333536359,-1.6358707540143858,-1.6958953710907931,0.8286473984509136,0.7439999999999999
0.33957812881117827,-0.1146754318656408,-0.8510028281616068,-1.6202602110468673,-1.6059678926711431,0.862272227638172,0.8399999999999999
0.3553754389398372,-0.12287122223316038,-0.7617062384285261,-1.6226708619303756,-1.6056081264629116,0.9341516403882842,0.828
0.4002969647846113,-0.10275121414358998,-0.1413116953934751,-1.6367312147204094,-1.744872474778864,1.0000166493398215,0.796
0.4693589946485344,-0.15326719058622923,-0.10116994090743678,-1.597922790547741,-1.639009702115705,1.1639787852878811,0.778
0.34473926143902334,-0.12007718544802493,-0.5795932770059934,-1.628572387503993,-1.7456955098331886,0.7624106085068275,0.712
0.3032858826261551,-0.12768808120604158,-0.1161248364896938,-1.6460353659278006,-1.8562096294945658,0.9467721754829709,0.8120000000000002
0.31963648322710986,-0.10431487090056049,-0.45210801263828576,-1.6275605041667094,-1.6741062805041973,0.9397494390020027,0.7060000000000001
0.316743381093233,-0.10190569025771208,-0.08046590813795737,-1.6421737015410385,-1.689991288117695,1.1312223790746847,0.708
0.3317541932550508,-0.11299718587817217,-0.09476535887150833,-1.642978434437605,-1.7457000270339922,1.0489828921555493,0.736
0.39017985028544755,-0.1035121416352394,-0.07116934549263838,-1.6440258795631495,-1.6581123936286715,1.1242150824330555,0.778
0.39319186814100604,-0.13761015692057438,-0.3793319132453775,-1.6226754210743086,-1.8370139235176217,0.6532930150249802,0.838
0.4066307181102903,-0.14577269186872524,-0.16006810361581192,-1.6219148176328677,-1.7238165625601354,1.0293475737434836,0.732
0.44742838945322394,-0.09760912641544867,-0.401254049757979,-1.6275756217406945,-1.697761303039179,0.8425223286261366,0.8
0.32932222753450946,-0.12300653348452342,-0.13964357397620808,-1.640313584571296,-1.6966039713499081,0.9850292487238244,0.84
0.2982523683979002,-0.09940828795141539,-0.10773088131702058,-1.655937396935256,-1.727372634142606,1.0650368164867323,0.7840000000000003
0.40840130363109206,-0.13624349528517288,-0.19216979582237495,-1.6433869354562387,-1.9789275552960475,0.7545508098320214,0.8340000000000001
0.45018122875418254,-0.1621141770870473,-0.586258059474783,-1.6262522274117317,-2.008855852688187,0.5529979020558093,0.826
0.43240977331910185,-0.15268477260506746,-0.14941128239103396,-1.6294545750235196,-1.7010813466607348,0.9961345678132523,0.74
0.3529862451359116,-0.10545881411285059,-0.985527134950346,-1.6388897910957236,-1.745081561790314,0.6101572169267994,0.7999999999999999
0.33391379730459797,-0.12076456245492652,-0.8150554105845597,-1.622271086487292,-1.4989314635508142,0.9180163184436565,0.84
0.44373771518436017,-0.13616824878242637,-0.9574272013409536,-1.614773285071197,-1.7123371979390223,0.6038857211049559,0.8220000000000001
0.374480469862059,-0.10482113481319771,-0.7853245935538119,-1.6505644049782253,-1.9198657321382102,0.5426030541167215,0.8260000000000002
0.38700649203375886,-0.17519625953107182,-0.22051643122356862,-1.6286064292905658,-1.8034988714113676,0.8300225308504985,0.6779999999999999
0.3624890264338494,-0.11703931495311533,-0.6940412625646684,-1.6295395882504977,-1.585844572064781,0.9691201293347618,0.82
0.413218635698628,-0.1342914421187409,-0.16010775666769325,-1.6095251583519692,-1.8883354819506335,0.7939720182580486,0.8300000000000001
0.31944721002584264,-0.11998092296780231,-0.4837089210662613,-1.6407113159069582,-1.751597182453045,0.7838500857710153,0.824
0.4610363198074294,-0.1533615852187188,-0.1922157913105387,-1.6055267012347412,-1.5970722397569859,1.1852805894198073,0.7879999999999999
0.3344726365879483,-0.1834699798100707,-0.11057523973480894,-1.624829424916399,-1.8130386383018218,0.8502552857755177,0.8340000000000001
0.35233188168271307,-0.11088425138337712,-0.06695731553141959,-1.6622123908275515,-1.746775305154368,1.1064792453537082,0.8200000000000003
0.4235082420598548,-0.1436932558854616,-0.12455397207023064,-1.6371482729383906,-1.7865071084543571,0.8948240127295785,0.716
0.3859192886312892,-0.11553612488394095,-0.6552418782883603,-1.6238438572658183,-1.6214463665301635,0.9003186228821625,0.826
0.41369803600079663,-0.12937132051354952,-0.909886375131175,-1.6077714860799817,-1.526250325682092,0.7881177191118525,0.7379999999999999
0.2936332045211389,-0.10471057013497605,-0.915191026340644,-1.6378640183926962,-1.5635304568300146,0.8727322570884002,0.7299999999999999
0.3747270602183074,-0.09362678349350304,-0.9752512330198564,-1.6404770669972708,-1.395473504664649,1.0048197603880582,0.7420000000000001
0.33462284138729675,-0.10127628275063275,-0.2867885099219704,-1.6407703440102215,-1.6494462868947062,0.9818177048531062,0.814
0.3730414926528618,-0.13579209079502302,-0.7617042250049401,-1.645547938296362,-2.0444639267925973,0.5001737241689673,0.84
0.4157324791896926,-0.13318115045298543,-0.27571545594458224,-1.6129844455329256,-1.7162400275735323,0.9223942621961653,0.786
0.39864237032550914,-0.15531123365786714,-0.2485135968045945,-1.615932467516403,-1.7950229905256945,0.8170791074193856,0.7559999999999998
0.41687685087303233,-0.1327242845795127,-0.8546354518606557,-1.616164391076637,-1.5079255199141914,0.87159342567526,0.7480000000000001
0.3739228596876494,-0.14696539792701468,-0.10404890328274172,-1.6465738556613516,-1.7890202767492587,0.9693393310496855,0.702
0.5030397062244883,-0.21463029662375196,-0.15189536367224932,-1.6066874671497857,-1.6606279306129694,1.008535178144065,0.8140000000000001
0.3574039974382226,-0.14174775984337712,-0.08476722822481421,-1.649724324948055,-1.6580946142489184,1.1252372789619596,0.808
0.35650962115825857,-0.14309157482677837,-0.18124818649062585,-1.6592261253518419,-1.8273590096267558,0.8383585216012035,0.798
0.42909014675768287,-0.13908669663752998,-0.6986608244147763,-1.6182284067608739,-1.703458392425597,0.6508260593644046,0.838
0.3880040240915794,-0.1340210971991104,-0.8474694128838368,-1.620075461526499,-1.8469090246810007,0.5806314682468299,0.812
0.37504340281400417,-0.1189110114801494,-0.46665651923910656,-1.6225391290466578,-1.6466820300992502,0.8906607031449346,0.8059999999999999
0.44302128746343666,-0.1494894331802066,-0.44531703903725406,-1.6066265229393075,-1.6703288846472135,0.868844029551885,0.768
0.44527074797058813,-0.1731084288537187,-0.21029738080510493,-1.620874685604412,-1.7998600781082374,0.7940985745202996,0.7919999999999999
0.38777840667046903,-0.19272755047786014,-0.40319396462340895,-1.6285044036451537,-2.0301273553577204,0.576851923881906,0.82
0.4064827963640171,-0.14807203389963644,-0.7097722016685661,-1.638712674075339,-1.6121503295453568,0.8635644684423419,0.828
0.43180723599086474,-0.1078827344076479,-0.3889833101266834,-1.6112866097903156,-1.8314787783191766,0.7316772433249765,0.83
0.48471493196477533,-0.11027910761213097,-0.65344877216864,-1.5953372238884809,-1.5415936338016032,0.9843992499940472,0.84
0.4692749792872938,-0.16243220488817633,-0.6115103314050822,-1.618677259098078,-1.6105349000327607,0.7443202127856479,0.824
0.42096630659548084,-0.12615883157724347,-0.126949560935698,-1.6275701530599354,-1.7142631293245099,0.9818928461810241,0.7619999999999998
0.37184970893276253,-0.0927852216541335,-0.9015082231563959,-1.636612604377022,-1.4760259338296797,0.9391656522376209,0.7699999999999999
0.3272412695751145,-0.13050749332700956,-0.16714028841705958,-1.6417731218996756,-1.6358725427486913,1.1215859199195464,0.7639999999999999
0.25732276201414794,-0.11410505806444118,-0.3403580601481092,-1.6303782637871942,-1.7681015765290753,0.8671085119593525,0.778
0.38470126124843895,-0.12733895398626105,-0.7308557925680572,-1.6110475808859568,-1.6979847607545724,0.663666179627646,0.8099999999999999
0.4442099687354151,-0.1675993881789569,-0.6064254807109655,-1.6202067671615716,-1.4882043806569898,1.0416166503171587,0.81
0.3828725972235668,-0.11703889556177903,-0.20687067828164485,-1.6302213600052695,-1.6877706821821532,1.0516293201750448,0.816
0.39870320428679074,-0.14355396910251672,-0.2512243527074071,-1.6376025085337993,-1.9286267616386181,0.7070065819756156,0.776
0.38058738381003016,-0.09259527077274188,-0.9470737153606169,-1.6150402957456778,-1.730670679289958,0.6543589223464633,0.8119999999999999
0.4251276246803411,-0.14124679750990435,-0.7243239548825811,-1.6192278020468658,-1.775047867098139,0.6285856121973527,0.776
0.49961749717326276,-0.16617295449780994,-0.24819853521598412,-1.6127485066264806,-1.8255447526206559,0.7789936833755907,0.8179999999999998
0.3189716895103625,-0.1334439118790913,-0.1536198872658177,-1.639499642128088,-1.769533800972887,1.0079291267885875,0.8079999999999999
0.4058259174540397,-0.15047143745660346,-0.267186374999106,-1.6162453944503226,-1.9583558190600252,0.6938373473631289,0.8100000000000003
0.43232905427477736,-0.14573068383942167,-0.19509019099507113,-1.6049791381739726,-1.7156693277461081,1.0576428954353787,0.8119999999999999
0.3985779458074003,-0.1342638012500971,-0.14203568247764106,-1.6541980304041262,-1.7336947704698709,0.99412612678024,0.736
0.36509189922084373,-0.13432506233917238,-0.9881269314474902,-1.617398783275142,-1.709671374221435,0.6075726946934658,0.826
0.4100820135261906,-0.14855410223402934,-0.19681992844826285,-1.625733728508661,-1.8814424487636678,0.7357367360277791,0.7620000000000002
0.33971851746875315,-0.10586224148704113,-0.2905539688798685,-1.6527726904061242,-1.8494493737620923,0.7588868413274492,0.8220000000000002
0.4355532717593945,-0.14079550144687736,-0.7771427991548102,-1.6075473272941363,-1.6918625476948792,0.7101281973940071,0.8039999999999999
0.34539688569182503,-0.07579013584971954,-0.9687405667700144,-1.6564838368989196,-1.749312435127942,0.6056675611599814,0.8280000000000002
0.3869653475092579,-0.11615767953458263,-0.1843203779307202,-1.6309638779983195,-1.9717096732219692,0.8006860205419569,0.8320000000000001
0.4913539117639923,-0.19187702233747086,-0.20794372045981097,-1.5954239898247733,-1.7135147212113748,0.9414780022371456,0.776
0.3850250881206857,-0.12373181045273077,-0.49179135052486517,-1.634593124696237,-1.7934670969328388,0.7063175230415494,0.7379999999999999
0.41467078627119613,-0.09758113352528731,-0.8545602852631887,-1.6264630244240394,-1.4913911294936812,0.9932281367418883,0.792
0.38925306793155684,-0.1325132951883098,-0.20379911058612787,-1.6592596927615983,-1.8796694648277623,0.7421525457698489,0.8180000000000001
0.28051121451469285,-0.10008105903541152,-0.868017995313832,-1.6270671113454662,-1.5611646382244164,0.9570137823870738,0.84
0.32321419925925476,-0.12809162612262062,-0.18246836791263837,-1.6396297771106678,-1.7071631512012582,1.0262818394338242,0.7819999999999998
0.47599418532260435,-0.1758474341036319,-0.18126802233241124,-1.5990673477620028,-1.9274999483156405,0.7821291703446009,0.8220000000000001
0.29436458560625695,-0.11203480159022497,-0.15152638928200227,-1.639852777758855,-1.7053008364752045,1.0582117582516841,0.8119999999999999
0.4466046181639983,-0.1540028207368348,-0.7221553237706949,-1.5843176988161658,-1.6442905323770531,0.7464120531329412,0.832
0.37506874739831025,-0.11551866764927271,-0.7287439937466297,-1.618953371765168,-1.5442083416956602,1.009789864663373,0.82
0.478755030893568,-0.20750353734315877,-0.17185928395993738,-1.6263427837510225,-1.8231034377897117,0.8735122156593491,0.8380000000000001
0.3957720104156253,-0.15978686824104552,-0.681686206124896,-1.6127718686532544,-1.5403294505271174,1.0213561153022812,0.8119999999999999
0.46064775404443853,-0.17326405158689054,-0.19160820503538337,-1.629830472265274,-1.9083956068985661,0.7033986042588954,0.812
0.37201636118960246,-0.12612486526575034,-0.27537941242574854,-1.6495359423357583,-1.8741379391577602,0.6903039541182445,0.84
0.3663057219167128,-0.13015899229063885,-0.15116102234220122,-1.6361742435564415,-1.993248495524872,0.7825439957404062,0.812
0.3300986149350198,-0.07239003408283531,-0.81807778038989,-1.633287306190501,-1.4766718607392426,1.1974766360383593,0.82
0.472449658185935,-0.19216889097037387,-0.2329599612249134,-1.625773615237815,-1.8858362411208551,0.6882155946495939,0.756
0.3143918764828468,-0.10653273836380742,-0.0832517340212502,-1.6561859539617036,-1.74782260196898,1.041235731398032,0.8180000000000001
0.35119436344294036,-0.22151132665058976,-0.13230802835567687,-1.611073256638754,-1.7893347996558466,0.9391890251780362,0.822
0.3494965918091325,-0.10295030370582806,-0.18178558932015904,-1.6594313559904315,-1.8193845327151028,0.9139635746497746,0.7900000000000003
0.45684278112429677,-0.1406582074734776,-0.3740625852648695,-1.619420823254911,-1.846029697232774,0.7350755422031627,0.748
0.38005424897995443,-0.08640227506876083,-0.6341164395266181,-1.6270295825326253,-1.512640158554954,1.1091967830768565,0.7719999999999999
0.4190097759123207,-0.17185293931487303,-0.18406448471254166,-1.6015876855211308,-1.8683771697201987,0.8431911327037986,0.802
0.3671593926054477,-0.13687967201971055,-0.5997102202493897,-1.625650628878147,-2.004913072910554,0.532016122611092,0.7939999999999998
0.38946774729262984,-0.15855396599240382,-0.0748606378057588,-1.615899062920959,-1.7710642914036108,0.9552891207141286,0.72
0.39204022819579126,-0.16213239015172956,-0.574664896617045,-1.6249501083030864,-1.6384738231096123,0.8277694006696477,0.818
0.301406689033761,-0.12780563070040557,-0.15553725079752773,-1.6237929121578347,-1.746077757256598,1.0365274164559017,0.7579999999999999
0.3914223390043702,-0.13859961006054056,-0.6268458248344075,-1.625929939378478,-1.497254915797914,1.1124815220847604,0.832
0.4151874717900442,-0.1578647603227929,-0.32796702601752264,-1.6137398790849729,-1.6984786052167584,0.8776640212007514,0.774
0.3698115580369765,-0.13093796206495956,-0.40133312276585426,-1.6281626181530715,-1.6203061393094564,1.0600802912900542,0.7380000000000001
0.3521554057580419,-0.11472048524621373,-0.4336675358505344,-1.6113392202134327,-1.6460809479188185,0.9828649757854493,0.824
0.3916767905174666,-0.07828069076323393,-0.5566899980465879,-1.624888574129643,-1.507694677858746,1.1153526302212755,0.7959999999999999
0.40314443153828183,-0.09015150369205621,-0.6502531936785791,-1.621694599516,-1.7284676137668473,0.7229450862050961,0.776
0.33548530571501256,-0.12531517120939517,-0.1066403282927401,-1.6414087275790883,-1.913494534363514,0.8837934103526311,0.8240000000000001
0.3582811278030563,-0.1048404664484099,-0.5289746123087643,-1.6543787067956977,-1.6462856444373843,0.9937342402365738,0.838
0.330926550640245,-0.11794808083806674,-0.28159284102283044,-1.6243170128572604,-1.6947006571807184,0.9114118115928835,0.816
0.3571785946710172,-0.11857591114138946,-0.06591621915990133,-1.6435548379046823,-1.6942411349153188,1.0972722239167951,0.7799999999999999
0.461857978681363,-0.08053641750742511,-0.12519212307370842,-1.63596952009438,-1.6347240411004134,1.1164345849025363,0.8360000000000001
0.31747209325389514,-0.07853907798688875,-0.4308556439638731,-1.6274283110078218,-1.658128211031044,1.0424227675620628,0.8059999999999998
0.3978093631655475,-0.1697175155593803,-0.17867993118759348,-1.6129518506068234,-1.9245517388894195,0.7808588737250205,0.8239999999999998
0.38531032151625977,-0.12484910689448338,-0.20779370652035806,-1.6388736649513833,-1.8807206520524025,0.7262126041743778,0.786
0.30175625306182424,-0.12763581370116023,-0.12804212197938128,-1.629292892385691,-1.8057102556941924,0.9564811170541487,0.742
0.386294468963891,-0.12101152339951948,-0.498931275710224,-1.599492782931158,-1.626860563477211,0.939484668151521,0.84
0.3025563523222649,-0.12708180299667127,-0.49244036485031556,-1.6244169429507445,-1.7795753166474897,0.7473487721318742,0.8380000000000001
0.356594105777811,-0.10178413520502705,-0.4681707449587194,-1.6409330380792615,-1.6215651585932138,1.0607954097621137,0.7799999999999999
0.5210724202002376,-0.19856904644700868,-0.2851309934593787,-1.5817341049525564,-1.9352469867746587,0.7121128859612689,0.8379999999999999
0.3639029019229213,-0.11110202126156855,-0.9091632547357098,-1.640304947350123,-1.669019136927652,0.6722416326313337,0.7939999999999999
0.4709970169955311,-0.10950931582758966,-0.24342421885965704,-1.6385385618973047,-1.9582169155185345,0.7213084843620964,0.8260000000000001
0.3425853492185546,-0.12583113018641784,-0.7472735786345384,-1.6345800296370656,-1.9013067055115482,0.5377172388233529,0.824
0.3451907036932047,-0.11219393761182583,-0.854678324015741,-1.6445075003263396,-2.0268993395606274,0.4810095851647542,0.832
0.33146951264957697,-0.14718796780824478,-0.36519246464515676,-1.6337775359035307,-1.7419979917812707,0.7917804469629807,0.7959999999999999
0.46336343152934656,-0.15631400587104038,-0.2812991881381886,-1.6054907716893148,-1.5597634128438251,1.1904537136664335,0.836
0.4078705829356472,-0.17069083317738687,-0.3679809172913819,-1.6149196074640602,-1.6791743676379869,0.9270312552039796,0.804
0.3998628886736525,-0.1519341345125605,-0.15284858177682642,-1.6391362777308527,-1.816125378353445,0.8579962683389615,0.716
0.44622992870121936,-0.19336015714274346,-0.4982988138981539,-1.5902377557429945,-1.6432624579170574,0.7784469792711413,0.826
0.4353256409200768,-0.117719513866268,-0.32878385780418895,-1.608211366299225,-1.7221287455127465,0.820352284716411,0.8059999999999999
0.38969662141007677,-0.14504406277068946,-0.2264241601339888,-1.6537474868764719,-2.0490871621972317,0.6296730694212065,0.79
0.43641197761961514,-0.14668764467565237,-0.5013967235439394,-1.5934653321999304,-1.6202547140112937,0.9019368196860098,0.83
0.4461007686698792,-0.1734570207029005,-0.10340960299083732,-1.5997568970205707,-1.7080243657017264,1.1159153534199446,0.8219999999999998
0.3681846491820392,-0.1305097489794057,-0.35570093693284305,-1.616514146442236,-1.7943321774067638,0.8292409029330299,0.7579999999999999
0.3365932789692897,-0.144184447404148,-0.539707563004428,-1.6298303558696885,-1.8105552209507743,0.6292872234608122,0.8079999999999999
0.4192219750987858,-0.1328747225876391,-0.15740943678978245,-1.6218013595770775,-1.6723606169389091,0.9911442050326879,0.8180000000000001
0.34505280154240653,-0.16587604411569487,-0.1213885854868995,-1.6344707055945058,-1.846752802951998,0.919494317235256,0.8079999999999998
0.39411514541910625,-0.14135162255840275,-0.8355718836930494,-1.5998097385168244,-1.5205015896817606,0.8605064792262486,0.804
0.38505356730472823,-0.13168612737554372,-0.8478134001583979,-1.6237386695458997,-1.5010899952089205,0.9704116413744429,0.834
0.487460704854496,-0.20376603193505216,-0.513042008228747,-1.5994069448088073,-1.5281277601129157,0.948083712486804,0.8180000000000002
0.3199819035989966,-0.11812141428680696,-0.1649825579939812,-1.6335652631158062,-1.6727493968718865,1.167895831518986,0.7919999999999999
0.42381229093041195,-0.1294966699323883,-0.11978648611235732,-1.6151188556433607,-1.7864360455723944,1.0734669693068288,0.8280000000000001
0.3390733998596674,-0.09207311219581163,-0.24265636706629612,-1.645855783864785,-1.9186652809399924,0.7722771982955066,0.8160000000000002
0.405639564750792,-0.16548178026276722,-0.33022197126824104,-1.6327558421236128,-1.9542108338631228,0.6095945806013471,0.814
0.36450163831875604,-0.11870985857956726,-0.9698032856434029,-1.6575568439153678,-1.568544029218082,0.731558844305264,0.7959999999999999
0.3353528021457872,-0.1280281002437763,-0.4706612622403684,-1.6245683252033645,-1.6589285252523769,0.8599104446864949,0.84
0.40232055594804084,-0.11817370117005097,-0.5751376934892964,-1.6376042476289132,-1.7253961106101814,0.7766279585263247,0.742
0.26783359571693954,-0.10530129806698393,-0.7750465646009979,-1.6308828195157208,-1.5508978313395945,0.9724964068735262,0.8
0.3329436682563728,-0.12259074384770038,-0.23117917940389837,-1.6332501612188146,-1.8027958832372415,0.8332369855504184,0.764
0.39763469862956247,-0.10913117933039887,-0.15351344844119202,-1.6379010423372913,-1.7397875081366314,1.0876138298546998,0.808
0.3619514196623825,-0.1401827638817874,-0.17077637040375956,-1.6273228651120129,-1.849982669898809,0.7984685598025986,0.81
0.45872568596227375,-0.17735620726573048,-0.2081894409679775,-1.622968334152544,-2.026389447288601,0.5927096946579661,0.8300000000000001
0.35409495435608074,-0.14244173334180477,-0.9551384160512817,-1.6073151379409112,-1.629039409866525,0.7721117226928688,0.836
0.3510866700135703,-0.08076863512816537,-0.6864166196858312,-1.6325117012014136,-1.6863603939050584,0.8132816635462992,0.8019999999999999
0.3800923962231314,-0.1298465725917036,-0.7697023358112276,-1.6376491478224577,-2.018565241520095,0.5191576563709939,0.832
0.4710296810577614,-0.21786481508190195,-0.5214144455495864,-1.593727290200819,-1.976762906610864,0.573505364989082,0.828
0.35804326137670633,-0.12896505389100646,-0.9675206031574531,-1.6404298297942912,-1.624295816351725,0.6624774018037691,0.836
0.38698106236730717,-0.17019442861322365,-0.6653817888389189,-1.6364984074856195,-1.828989942131534,0.6125378927990914,0.796
0.4309814097705373,-0.13216949776510814,-0.683285979158781,-1.6128932169157242,-1.9102430544372437,0.5491871697946612,0.7739999999999999
0.4478096951149298,-0.1606473229318894,-0.35150486866977176,-1.6183914678326765,-1.6959255302627732,0.8334475947672559,0.7959999999999999
0.37097814846208094,-0.14528324335664725,-0.7360948724711806,-1.6313215122235383,-1.5134643330183084,1.027434611553365,0.8119999999999999
0.3585224766014796,-0.10062656026487046,-0.1508768677528401,-1.6691514736695097,-1.932174466708988,0.7919157064154352,0.804
0.39289882600230275,-0.16314674736289989,-0.2551367338292658,-1.59854468163883,-1.8133849637898294,0.7983034128123504,0.8039999999999999
0.3894754765274442,-0.10055675004071299,-0.6205465144128326,-1.6359682652883454,-1.7521669808113653,0.7380642174589336,0.8240000000000001
0.45738544642712725,-0.16080907842214076,-0.42604591084159615,-1.6200164058849724,-1.8339995190503449,0.6857145776937399,0.8119999999999999
0.3680309825262477,-0.12037816304080651,-0.5213908128783542,-1.6465653382387988,-1.852131894271346,0.6684541821456776,0.802
0.4522456411681619,-0.14180049570320433,-0.10247582861888874,-1.5996426119977651,-1.6480811213683915,1.1656701290522151,0.722
0.36804366771607805,-0.09856477498386614,-0.6923570594241124,-1.6138744540830545,-1.6016676619990253,0.9262699178288679,0.7939999999999999
0.35022119083116493,-0.09878020633619602,-0.6271287849288665,-1.6479042818998477,-1.6426006671449356,0.8863972648796158,0.7979999999999999
0.3601599841400889,-0.1465540458002504,-0.9735638580494526,-1.6140836878862617,-1.5819473124211125,0.7579077791867441,0.78
0.37343604885811443,-0.1147696226618287,-0.47912498558110694,-1.6229677296791292,-1.6582002396955775,0.9315558668558861,0.822
0.432354137392358,-0.099252711492015,-0.9270358123645772,-1.609442411114928,-1.3612851281199336,1.0200486513254234,0.824
0.3534676882229212,-0.09062357655084867,-0.09974025322701169,-1.632920369222674,-1.8267339954095705,0.9915197147782695,0.806
0.3300264041521996,-0.18365322746111895,-0.09689732359950867,-1.6199137681161482,-1.8268547690359567,0.8692200834798317,0.762
0.40287389694880904,-0.09743084085240876,-0.9547239295520406,-1.6342202060838056,-1.351988239726293,1.1170261489079978,0.828
0.39664676867523996,-0.10997436791979726,-0.3342580810622483,-1.6306051036724853,-1.9152834137689008,0.7233828122525437,0.822
0.4170870705122758,-0.15867580735855558,-0.7252286353567401,-1.6205068176267827,-1.6072355007606731,0.8356918788168781,0.7600000000000001
0.3379108598210461,-0.09688402270901146,-0.9433961154812384,-1.6256470836916774,-1.477106861146164,0.926171198022422,0.7659999999999998
0.407309898568134,-0.14140840870098287,-0.16204596259617077,-1.6328640278170545,-1.8032181995495498,0.9664425919573011,0.784
0.3696053624202433,-0.12438398281174064,-0.14368075675501607,-1.6422416145534586,-1.7134778778872493,1.1025792192087964,0.714
0.3737412028574004,-0.131998456570667,-0.22157648487200007,-1.609001412229616,-1.753323512817565,0.8608319842221894,0.8059999999999999
0.3168196932470694,-0.1170047525214113,-0.1842653485874947,-1.6387505887816216,-1.8827297283209026,0.7849131430194731,0.7659999999999997
0.38164700708724275,-0.12531085571203743,-0.872993576767617,-1.6197834626868628,-1.5664560058151091,0.8251089506227087,0.742
0.3024162364110509,-0.12586879203293072,-0.1651049819815416,-1.630270071620374,-1.8546623877319386,0.8383152081015799,0.822
0.3733875937647466,-0.11666439208534775,-0.13187732374628208,-1.652977092527083,-1.7851146649727179,0.891210161658967,0.756
0.3605408037207087,-0.10680188560052611,-0.308215750263421,-1.6331519554984895,-1.7974431265786128,0.7414822426173169,0.838
0.3834515290835547,-0.17567768010045626,-0.33030025455165873,-1.6302760790353419,-1.78981298426766,0.7696103233852232,0.804
0.43978861254188995,-0.17667874269226239,-0.0950860569501588,-1.6184669798136027,-1.654582707995142,1.1430879134125034,0.782
0.32242032322310055,-0.11738513357488034,-0.701449962447052,-1.6329716628242306,-1.5240307113490033,1.0420592130632134,0.7739999999999999
0.41891210476721163,-0.17763051270552968,-0.13697728524020403,-1.6056024587631508,-1.853822828760432,0.7757742598189615,0.7699999999999999
0.35658671920190094,-0.13651104944685877,-0.2246703483881121,-1.6368524610900612,-1.8142579750030312,0.8487796403996575,0.74
0.4167989624868207,-0.14300911280899964,-0.19546794193433012,-1.6110655388978483,-1.736673073826067,0.8704352957779252,0.7859999999999999
0.29456565743169016,-0.11941590285385054,-0.5745519582759956,-1.6381190203973006,-1.9539284269849277,0.6117543807919972,0.7959999999999999
0.3313681662877585,-0.10511675946348348,-0.8169104912668985,-1.6292543865822295,-1.4597934408147855,1.047186752276462,0.8039999999999999
0.3212580509119264,-0.13433136219464986,-0.16795795105077285,-1.6404993812981574,-1.8252193667059744,0.8355283247034111,0.8140000000000001
0.45971213786567916,-0.1742772992924804,-0.1587766881286558,-1.5940269056644607,-1.8148075828605803,0.7983331094414908,0.802
0.3309969487193837,-0.0898495184826677,-0.25384828845497787,-1.6332782322751156,-1.7569407146920482,0.9247378333786925,0.8099999999999998
0.4105108130593768,-0.14531082162213665,-0.2200867899252897,-1.6128872234919838,-1.6741484172862968,1.0838279337670533,0.76
0.4241502037308602,-0.15172954077009787,-0.20821310989006309,-1.6494175451690798,-1.846037919555115,0.7380458291566891,0.8140000000000001
0.3203888595801478,-0.11294909651935466,-0.10319360428464996,-1.6405742573054398,-1.682280543709643,1.1199856162661317,0.736
0.3390995742522775,-0.13460340440227678,-0.15040814776891964,-1.6290314059195765,-1.7760310591755193,1.0015222812564435,0.7859999999999998
0.3957734633794148,-0.11485707424684066,-0.12068487525047844,-1.6500399269146415,-1.6987126107858617,1.152313749780842,0.806
0.3240850457654124,-0.10679052383823653,-0.700037499490393,-1.6300669681525055,-1.7541772854494466,0.7371731618234524,0.758
0.4389249447142914,-0.14241606714914687,-0.5320775031003251,-1.6156248438505039,-1.788242376601379,0.6403570670131736,0.828
0.33828928701767397,-0.14019012469634345,-0.6707370838699535,-1.6314394435803132,-1.588157342741217,0.9299443921263978,0.8240000000000001
0.3815121772356266,-0.11352839083983288,-0.22958319325179066,-1.6313707955558612,-1.7286346059866387,0.945748628163809,0.828
0.40067675843311534,-0.1491392603498923,-0.8676743597260026,-1.6260548093031286,-1.7237465387672521,0.6788268165973361,0.7399999999999999
0.39135807432820513,-0.14027755541915823,-0.9866704130949862,-1.635484852846048,-2.1148082165390716,0.4155864696811872,0.814
0.3855497726689455,-0.14010559992714336,-0.8691745068978394,-1.6281305669363226,-1.70325078312489,0.7075604647501506,0.822
0.3731541193805755,-0.1009527138733914,-0.7973903748707756,-1.6375285725856532,-1.5213363698272322,0.960619816263813,0.7779999999999999
0.3231135734468991,-0.11574538248481295,-0.5915686024251788,-1.6353677216375895,-1.6040005452378374,0.9820955067614913,0.83
0.3853358021885641,-0.09656233722809901,-0.2370189402068922,-1.6322848533499934,-1.845538654953645,0.8697814038144511,0.828
0.4012952356345669,-0.164497680286371,-0.129960931126123,-1.6288985695021891,-1.6797502892166856,1.0103916710357064,0.774
0.40324957467656736,-0.14508511868963506,-0.49731687594095986,-1.6099482926825042,-1.9302223701784182,0.6327773158455049,0.818
0.44300652028517673,-0.13678094996103737,-0.3382452342084036,-1.623826010627373,-1.8529050618015983,0.7128159135359645,0.84
0.41549882348120276,-0.14978057048077387,-0.36387888446209793,-1.6269236458972638,-1.8612881344655618,0.7110458031844394,0.732
0.44401287035338294,-0.1450193683157951,-0.7133026258468067,-1.607236005155133,-1.7155971530048546,0.7084326942047507,0.7999999999999999
0.3663901966360702,-0.11641921383868024,-0.1898295604675968,-1.628343143489243,-1.6560414726045678,1.0648456066998728,0.7359999999999999
0.553913125335479,-0.2385065708869791,-0.1718943394500175,-1.6123829900958941,-1.7714485745737545,0.7923069488400332,0.802
0.4636766229641903,-0.2132426473037702,-0.15570082230172444,-1.617578849415889,-1.8567955366597988,0.8071889323611106,0.8199999999999998
0.43589869462921754,-0.20461748899402515,-0.27137503715280786,-1.6043108703252418,-1.82775296330735,0.7634172832407172,0.726
0.34819755230034277,-0.1326212017870936,-0.4119310728378115,-1.6454281024117505,-1.700013351329401,0.8422986105261276,0.79
0.3204547729509439,-0.11071326818569936,-0.9648612432123012,-1.6221593680906021,-1.6588997480106502,0.7038440313401826,0.7939999999999999
0.35365493798911907,-0.08516637279148968,-0.8247826471074149,-1.6204226338900998,-1.520792673121939,1.027430952026262,0.8300000000000001
0.44156849745238774,-0.1765416040205316,-0.8948748419913293,-1.609074117021966,-1.6201084537539678,0.6784132493890741,0.8019999999999999
0.4091946368810975,-0.12934287065881991,-0.2698154567200309,-1.6265072973731662,-1.8669217997717742,0.7678299509815922,0.822
0.40886464807097195,-0.10501543303329879,-0.2753088788413159,-1.6312235408225217,-1.847962004682208,0.757501951947538,0.84
0.3769421625228497,-0.10014625178363645,-0.11323704009820759,-1.6331471434975973,-1.776101110905992,1.158191306620554,0.81
0.3485397177326917,-0.11803277926547057,-0.19822675716772697,-1.6414965276150506,-1.7689125063987403,0.8313741331827034,0.824
0.39946713955855284,-0.12425424439308758,-0.5035728375225589,-1.609948401342481,-1.763037767663627,0.7200744510513363,0.7599999999999999
0.3574048408135645,-0.1104543988322323,-0.9284326872635593,-1.6203283067513152,-1.5013382699762636,0.9467478466020988,0.8339999999999997
0.4010565911611223,-0.11699965480519584,-0.46584729854069407,-1.6156474617858505,-1.8249374302059844,0.7023815534129935,0.814
0.3388122530580745,-0.09576618720815842,-0.8944886843928029,-1.6283177155977284,-1.4642005844803914,1.0555225614274286,0.8119999999999999
0.40394156204479076,-0.10620517083406619,-0.5695462922729557,-1.6095780485527176,-1.5266441403485171,1.0898324746511936,0.836
0.301804727829171,-0.10134956826151376,-0.4431982439745319,-1.6420543755237755,-1.6743647218805986,0.8885359686117752,0.7599999999999999
0.3493336103165669,-0.12965420948410558,-0.2146733206606668,-1.6755936806537497,-1.975207984061034,0.7176821145804788,0.8140000000000001
0.4011098126272244,-0.12912857856759283,-0.8969534829574137,-1.614548674631987,-1.4937210632602564,0.9188318647958205,0.8200000000000001
0.36794286889017314,-0.09013247786973261,-0.4320900774891104,-1.641067668887822,-1.714654742826079,0.9284639460757698,0.816
0.3041451917493236,-0.09681028895723329,-0.4085380144566373,-1.6325591913982092,-1.6940509625548144,0.9612491063787529,0.8240000000000001
0.35329983142032734,-0.14040200498917862,-0.46301595946216445,-1.6405188134945998,-1.8790577806289888,0.6359885600848514,0.8359999999999999
0.3865400980030941,-0.10993233103598765,-0.708998505149346,-1.6324185524539954,-1.9818489522372986,0.5386740666812853,0.8279999999999998
0.3266754747372896,-0.10782459067812544,-0.21680296904639454,-1.6411043554484377,-1.8180315352387406,0.8158718801582902,0.8039999999999997
0.38555331141077753,-0.1696269580569678,-0.08034507744029436,-1.5909312805495492,-1.7479578904838418,0.9805532417743972,0.836
0.33512330459410156,-0.08814883523472689,-0.7847391234069104,-1.6285634668078715,-1.6517967186454863,0.7010478092769713,0.8119999999999999
0.3482621399748145,-0.07950217391578696,-0.805080226380136,-1.6405015802177776,-1.5468741891869935,0.8898260319015869,0.7959999999999999
0.3628824720493769,-0.1108172116674516,-0.07558602109601979,-1.6628206355697523,-1.7627794879821692,0.9409464485108993,0.812
0.34458622740346506,-0.10970432829628729,-0.08388178205465238,-1.6655988348022663,-1.8156445540395474,0.8844604932658101,0.8180000000000002
0.47466133272774824,-0.1608637217329282,-0.5955739277656402,-1.593224911276088,-1.6224221895733166,0.7970621658738637,0.814
0.3730359685600776,-0.1257518475666403,-0.9698861185564408,-1.6205247239604443,-1.629848153949486,0.7507545408559017,0.8380000000000001
0.32127966633372507,-0.12920252342169675,-0.6422375615217245,-1.6359708226194098,-1.6332692908997564,0.8381819766476717,0.828
0.4434115233630729,-0.14733326371588426,-0.19198683169359904,-1.6410071142711415,-1.8367523599233964,0.7857895861577803,0.8180000000000001
0.28773253309380664,-0.08023700686859933,-0.5899686982613837,-1.6336694996856522,-1.559043053352506,1.0592661427527097,0.828
0.3587898739269715,-0.127398325206136,-0.07696492322600954,-1.639253310318636,-1.766712942213734,1.126860479620786,0.7160000000000001
0.3604829218745822,-0.12465852536569999,-0.5020943189724699,-1.6303626474699888,-1.6170715849454522,0.9617809569796852,0.774
0.3562729871247979,-0.10755746274504727,-0.9145547607136455,-1.650464733738288,-1.4563916812406397,0.9601965364181586,0.7619999999999999
0.4383080970684462,-0.12819697263092256,-0.3372984560586637,-1.6261939470257991,-1.6006116758361066,1.0782746852460559,0.8040000000000002
0.38634995150545925,-0.18659415733904944,-0.2664639197286995,-1.6272807052804787,-1.8325900368171684,0.7470699373680955,0.78
0.3330085002774116,-0.10691689146516418,-0.49383462372818404,-1.6313021841115074,-1.751656648930683,0.7327837424343432,0.7819999999999999
0.46434689739228385,-0.19943655903667207,-0.33874943483956005,-1.6279901934677632,-1.7779648670185515,0.7715816832059771,0.798
0.3995328241833145,-0.12299060377827573,-0.9557512847313495,-1.6159660203927757,-1.9717463703145424,0.5105466850993168,0.8180000000000002
0.3474333757010067,-0.12267727464335144,-0.5935718961862412,-1.6337166271400407,-1.8432166413351083,0.710080439363663,0.8019999999999999
0.37901473190807194,-0.1528394058934848,-0.14742213163308907,-1.6620786502626743,-1.7255828030975282,0.9269990818073317,0.796
0.3652997846330077,-0.14342691279423803,-0.08637502542667112,-1.6342610720183923,-1.7495074147725749,0.883814016262699,0.822
0.38675875660342557,-0.1593931374486413,-0.2940809935759412,-1.6345634284705755,-2.139729470325445,0.5863978232971129,0.8180000000000001
0.3875089806847073,-0.11448637816845361,-0.7691648837918104,-1.6299548083346689,-1.833441660259259,0.6346532960536909,0.7980000000000002
0.4075404429561167,-0.13272837980612892,-0.6535332835517107,-1.6110511504364762,-1.8479696409313342,0.6089231036524525,0.774
0.3442651526560124,-0.1212027474542885,-0.8231892761827109,-1.6229635957238602,-1.742966215928596,0.6943068604019946,0.802
0.419838104908524,-0.1384810361749856,-0.616810012361571,-1.6223649316210913,-1.5982535867462304,0.8264528898489162,0.7759999999999999
0.3643637339415854,-0.1461663985302561,-0.16857210108004028,-1.6274560470348363,-1.949444334676853,0.7657956177108277,0.812
0.3348095822921827,-0.07927856571357736,-0.15381849411593243,-1.658978929772745,-1.676176180641112,1.0607866112084565,0.828
0.30402000719814537,-0.11320782896930966,-0.4308419226260213,-1.6374713225648532,-1.907292200259072,0.650188702896584,0.8099999999999999
0.4320208776992557,-0.12389209820806887,-0.8613669858946859,-1.609276793183977,-1.6180012905028947,0.7742193224096446,0.8220000000000001
0.2524633501532718,-0.10288942686810382,-0.3725960342365593,-1.6306728339190781,-1.8585099392226772,0.774256083013231,0.8319999999999999
0.3580175955448576,-0.15275114251334637,-0.38832844676667755,-1.6159363460138307,-1.8700213346985286,0.6839420501125043,0.828
0.32695058235330354,-0.14913090083920016,-0.1401861251719372,-1.6244317376598894,-1.7619844993312694,0.9837923684445171,0.8240000000000001
0.423731157907639,-0.14116116049887775,-0.23722074872878843,-1.631327393056879,-1.6975790120289733,0.8761551552830076,0.7839999999999999
0.34208668636886874,-0.11980769792125084,-0.07992725991335017,-1.6343771214584784,-1.746935461719855,1.0342937101458873,0.694
0.30813917200965335,-0.09219618362165906,-0.8979602292736681,-1.6473111014190156,-1.60408438861873,0.7841995634863527,0.8380000000000001
0.3869446555450321,-0.13747905801623495,-0.7752134697266997,-1.6189289025814548,-1.4690280476204323,1.0765236735961927,0.822
0.3524758543561189,-0.14343374281166665,-0.19053608093772348,-1.6424799122257707,-1.6674822054510463,1.02677073996421,0.8059999999999999
0.3708437874093071,-0.11207766053830279,-0.9981318556174185,-1.6244326307136143,-1.4422624520006235,0.9664536810323312,0.746
0.3647759200361144,-0.13008458399668993,-0.20014548811122956,-1.626791982935198,-1.9254352314147873,0.7327428887591574,0.7740000000000002
0.3789921543587477,-0.15486884501752357,-0.5314391764542378,-1.6282557125348698,-2.0126739487290553,0.5563763245302213,0.79
0.3303988036063711,-0.10113436433149839,-0.8032900044203763,-1.6420453289911174,-1.7692216880491478,0.6621465112866387,0.7580000000000001
0.39951199699616813,-0.1402398718645586,-0.5244634309127557,-1.6264945365443189,-1.7199280455803954,0.7222536030355623,0.832
0.37342161188549144,-0.16380078213882626,-0.5517348743588621,-1.6223852199106128,-2.029133798631596,0.5425464905970785,0.73
0.43074278971913554,-0.1293987134023433,-0.2165747130990617,-1.639191814281357,-1.7303970936292536,0.9734091325285154,0.7939999999999999
0.4404133665926457,-0.17464408884780733,-0.2938905164909959,-1.6141146837711813,-2.118130598995777,0.5869608530501196,0.8119999999999998
0.4073339604062269,-0.1454999445380821,-0.6185558764000053,-1.6096389612135158,-1.605990221795106,0.8306517032546455,0.816
0.33440003566286275,-0.12351181567546944,-0.2169719065575414,-1.6535760689263654,-2.0483571210002545,0.6688143407157917,0.81
0.39643945088561006,-0.12841705781211088,-0.9899325115943447,-1.6392584590634585,-1.5539912249979821,0.7062170634790802,0.8079999999999999
0.392266882867662,-0.10801746197659054,-0.407107768992755,-1.631650522899399,-1.684201050794019,0.9779268480944392,0.8099999999999999
0.37009473363526324,-0.11592325111839125,-0.8192396089198025,-1.645738910113441,-1.9850647858720307,0.5406497466818654,0.83
0.36613321437801305,-0.13743589125182706,-0.8958597457896975,-1.6002965618597995,-1.6426789154519157,0.721215791439475,0.7779999999999999
0.37131492400983135,-0.13356593360767563,-0.5236635507873983,-1.632478705992876,-1.757981180525253,0.7558288875493201,0.76
0.4064239159470534,-0.14772803091957173,-0.20636397261380546,-1.6261417773570177,-1.7923184720141043,0.8570877926856117,0.724
0.38096175098998425,-0.12643546369040237,-0.862075375407853,-1.6419249936334495,-1.735630413195459,0.6295917372591607,0.7839999999999999
0.3860084353878025,-0.12344304760159458,-0.3059718468062864,-1.638996842215659,-1.7141055123340199,0.8628392985618732,0.8
0.40353433776008324,-0.15150649048220444,-0.4404397076710406,-1.62636049217553,-1.9337886981194066,0.6355273366350658,0.8399999999999999
0.38718715111399216,-0.16996511438932663,-0.7375196307254234,-1.630579878303412,-1.8335283695782896,0.6038353398243215,0.814
0.32328988456674795,-0.10307182983249666,-0.050302442684194676,-1.644034086352184,-1.666370180181943,1.150292955571564,0.8340000000000001
0.3910361352543221,-0.09672420210710536,-0.7900087072361495,-1.6150978097180666,-1.4384470833223595,1.177426810825238,0.7839999999999999
0.4378665817144397,-0.15816660878759048,-0.3914428814292219,-1.61060319733859,-1.650883462802149,0.8640680719745452,0.7659999999999999
0.39484819322391645,-0.11503427631605805,-0.26972224049654503,-1.627239606232102,-1.7963315726724347,0.9068613135349539,0.838
0.3993001500965273,-0.13247405043769092,-0.12369657904196776,-1.6216221039973953,-1.6401672201913966,1.1182808976476695,0.7560000000000002
0.40097256105351475,-0.14775918489464612,-0.12584607124927505,-1.6073852585259683,-1.760513346048735,0.9964517776601086,0.776
0.35459560998327455,-0.11733919898975093,-0.9308102424076412,-1.6316882444301177,-1.8870447933123518,0.5463448610075629,0.7939999999999999
0.38964065610229337,-0.12665067209477732,-0.5445233380235666,-1.6391563816566088,-1.6332382937025007,0.8718918032493185,0.796
0.4751822590846276,-0.17093384459404454,-0.2421624712136817,-1.612489763285395,-1.7585351061322816,0.7805857536697769,0.8240000000000001
0.3874874892611939,-0.16216488418059324,-0.1917376153290194,-1.6308335985947233,-2.05270360803172,0.6545997888597598,0.8240000000000001
0.32932165484132647,-0.09724507621926742,-0.7625794966694468,-1.6319980783829147,-1.5631311260864131,0.9140353921923944,0.7859999999999998
0.4333523853264902,-0.18220185660779775,-0.3470702487690638,-1.6220923995236738,-1.8728049458350815,0.6698676614181757,0.7859999999999999
0.3497847142298308,-0.12922483960015133,-0.09659474009064065,-1.6295453323136706,-1.7948179888459934,0.8751695091919814,0.7779999999999999
0.4002877995390307,-0.12154096711296726,-0.1843058017724726,-1.6560781161171991,-1.6796738134799876,0.9128716598362188,0.7859999999999999
0.3031509678017153,-0.13023142632555998,-0.45999578976063993,-1.6404919486398746,-1.7117667453775016,0.8679448694596177,0.8220000000000001
0.4193360834220786,-0.16672145418847037,-0.514944029485678,-1.6235836690022836,-1.6684243397156044,0.796548404371352,0.83
0.3442917628366592,-0.10519007142101536,-0.2536352290167444,-1.6283065889321269,-1.6381811647016122,1.1169585273661926,0.7879999999999999
0.30758026098140834,-0.12277461243151133,-0.928982287235386,-1.6215967292103575,-1.4613642323835847,1.0064296241272541,0.824
0.33711135535901615,-0.09112877081714045,-0.5721076785907953,-1.6247553927241136,-1.6043711384010064,1.0751914918699543,0.838
0.4520147672381849,-0.11009960561544939,-0.16051497248429036,-1.6388662189381804,-1.673206166854266,0.9792347128737935,0.8319999999999999
0.41168451449117854,-0.1147187822109624,-0.9518337474222432,-1.6110121204075003,-1.6258425667664922,0.6713134100056011,0.7819999999999998
0.3569347698219788,-0.126263019580729,-0.24696703293289077,-1.6168769285136588,-1.6548299080794389,1.069027360357991,0.7659999999999999
0.4112496030807631,-0.1585929115528304,-0.18435592007623203,-1.6161279351254356,-1.7583758969222767,0.8602386071277286,0.78
0.4678371092783308,-0.15809303558162438,-0.8380782706808174,-1.6101992598689046,-1.4735398739203311,0.9942100453741438,0.7919999999999999
0.3551995212403419,-0.12203572112955267,-0.9502222424508877,-1.6245819946924596,-1.6644833653824316,0.6809450990554865,0.7979999999999999
0.45668799786119596,-0.13171944722355167,-0.6883401815357466,-1.6266171841560464,-1.4808077364802597,1.129450910988675,0.8280000000000001
0.429071234119746,-0.11997596530582305,-0.548542281747833,-1.6030838493417212,-1.593029512012061,0.8838418487404403,0.7419999999999999
0.3598482941761234,-0.1207660720599993,-0.07290087328055637,-1.6582439456845655,-1.689017873697678,1.1108970770973903,0.768
0.3735318557995964,-0.12270457037061931,-0.574542635583533,-1.6187498465859953,-1.6188839251416292,0.9236709155644237,0.7859999999999999
0.3399934431574122,-0.15463839605132865,-0.08955675311651154,-1.6212019271754377,-1.814872348536761,0.9146900403760224,0.8260000000000001
0.4037799962236349,-0.14172462459289148,-0.6619890289463108,-1.633315074212359,-1.6011920309803405,0.8770571972752877,0.7440000000000001
0.4527338552288755,-0.17496183956358158,-0.25018055626675284,-1.6130483339517903,-1.7534332684464837,0.8597366676228341,0.8079999999999999
0.2887394634766798,-0.08716890810557805,-0.12865679645401934,-1.6531266421608088,-1.715738401889406,1.0981801381330065,0.8079999999999999
0.38252080510839254,-0.1408308329559811,-0.7881775404932893,-1.642741807219954,-1.460277603763727,1.0266915083074017,0.7819999999999999
0.3797233402564639,-0.12401107006863288,-0.5558702455041449,-1.6403991292614368,-1.650782203585948,0.8229266344994277,0.7619999999999999
0.44155658184565033,-0.11442540007425284,-0.6835647936587171,-1.6355564917694794,-1.5535627877385079,0.9471991125272389,0.8260000000000001
0.48607560217768475,-0.13672724861957672,-0.09805119558468078,-1.5989502704495147,-1.6471177205094882,1.1526469095709746,0.8260000000000001
0.4756397404374657,-0.16005206263607644,-0.5521532362358321,-1.6060134495389935,-1.536003180624314,1.0181297604529194,0.84
0.4176702462358917,-0.1302328477126612,-0.9145501429754168,-1.6112769968669707,-1.4604107364383614,0.9881861838938735,0.8099999999999999
0.4118999715265687,-0.14218645297140556,-0.449591142313721,-1.6210228458432925,-1.8456372364093832,0.697765978839679,0.7739999999999998
0.37570153807929674,-0.13381406307847232,-0.19751996125755375,-1.6259153535630875,-1.6626646041339117,1.174988747994081,0.7899999999999999
0.3423948919958986,-0.10897611842662248,-0.21613927311452627,-1.633821630284761,-1.7190393514257614,0.9761382271705865,0.8159999999999998
0.3422809732767347,-0.12038156358674695,-0.8645534530730683,-1.622014594610909,-1.6273965252479272,0.7518379547803715,0.7879999999999999
0.3803783699644108,-0.11743144612605427,-0.7612668057116108,-1.6312368588744917,-1.5663749019552586,0.9047752984446733,0.7979999999999999
0.4406289197909567,-0.12116923165824443,-0.2376700117194577,-1.6270358406207248,-1.7266041671043857,0.8489585000882918,0.8059999999999999
0.3132711631258238,-0.12732656685633809,-0.6564208950718101,-1.6141457884797417,-1.5549664174841549,1.0097121144417818,0.838
0.42768964826151307,-0.1486747544840621,-0.29325597565638134,-1.633758366491903,-1.8951568745510232,0.6997071550499351,0.804
0.4863553221345799,-0.1065497662645862,-0.2337647159449372,-1.6087412165186765,-1.886405743843225,0.816236255948682,0.742
0.3384909552757382,-0.13695877023983144,-0.17613856612671705,-1.6044665484662668,-1.7079813327380644,1.0383793078466785,0.7999999999999999
0.48798813075169856,-0.17069086811234715,-0.08633489128860813,-1.6171400276631969,-1.7005066779456612,1.0179076752179634,0.8340000000000001
0.33738084313230177,-0.09676594849952572,-0.91173693840541,-1.646710749574489,-1.7317803557548872,0.6593934686053747,0.8160000000000001
0.3695592814789353,-0.10703325149213182,-0.43561886897693164,-1.6252531471608003,-1.62158198652971,1.0041975178256486,0.7879999999999998
0.4421571477640572,-0.19641588422487066,-0.38243188065449685,-1.6143359000380588,-1.7021338037173315,0.776326432762915,0.8100000000000002
0.41387109042322656,-0.13482886206635336,-0.23988429111423296,-1.6281860223706681,-1.8269288878818777,0.741692300491438,0.774
0.3744493713493128,-0.12450114744667251,-0.3476891557386056,-1.6302825630409952,-1.6912434300321133,0.9499498689389032,0.774
0.42300544812068336,-0.15463957315125032,-0.28596485558430046,-1.6210402379530926,-1.94282145660155,0.7568424906481837,0.796
0.3910570319237601,-0.19434874592890883,-0.13789390226760095,-1.6032453055694345,-1.7980045815152048,0.9012911991408988,0.804
0.40895518940198816,-0.13446108263992218,-0.7379330979218848,-1.6110267467700492,-1.4585852259905303,1.0650112339109423,0.828
0.3998679884468642,-0.1480074663252879,-0.17560051393037593,-1.6603333374609586,-1.860899363960815,0.7617270004025049,0.8260000000000002
0.34177768065776043,-0.1079884851729363,-0.6162424993423026,-1.621896835789658,-1.8488116048211323,0.6484526920848859,0.8119999999999998
0.42456104808079453,-0.14507327013300136,-0.3520029530744857,-1.618465797564763,-1.7064488553577877,0.9013278413850763,0.8239999999999998
0.3467802131866021,-0.13348316587459497,-0.16155718192242918,-1.614081430453248,-1.837409678572549,0.923375153607876,0.8199999999999998
0.3211229772228006,-0.10893643344974845,-0.4082656894779356,-1.650118031410738,-1.7524147285754674,0.8145184421767623,0.79
0.3986262450436252,-0.14770270509982872,-0.20449501737923248,-1.6271750507195784,-1.9558133343761728,0.765578288824095,0.7880000000000001
0.39063808366528635,-0.14416949349475278,-0.886486150556316,-1.5993389734449988,-1.8423147550002485,0.5802109612966391,0.82
0.4560934395894528,-0.16236868100997912,-0.21599997272191862,-1.6098320792747773,-1.7150318822330868,0.8630665403040463,0.818
0.433512004255436,-0.1283646262054268,-0.8792809435816702,-1.6014342793547556,-1.5489853030862117,0.7988887938296807,0.832
0.37336859113868986,-0.08739888749537547,-0.5420033026782423,-1.623280610803874,-1.524536001341546,1.1452514392026103,0.828
0.329550112331531,-0.13034492655861799,-0.42863577020454385,-1.6434204377054242,-1.6115397106579121,1.029987485885068,0.8060000000000002
0.39759266775197954,-0.15786600182056199,-0.8582178722320846,-1.62640006954489,-2.128986434618433,0.4693782823569931,0.8019999999999999
0.3837097946029232,-0.12815181399174713,-0.6645354694616963,-1.6216236672921471,-1.632303585489939,0.8557503326863496,0.836
0.4113863309865643,-0.16436168190729,-0.14518596763015712,-1.6273883622587295,-1.825902491633142,0.7775075961162028,0.756
0.4355251055121698,-0.15473579705132348,-0.6190444331933337,-1.6075325676419976,-1.713004262575001,0.7194362020158663,0.8220000000000001
0.3551298102542392,-0.08400053058366708,-0.6476735337461004,-1.6318670503827066,-1.5869666819092256,0.9661535423559524,0.7539999999999999
0.2927508435301356,-0.11352176194529946,-0.927266771710259,-1.6503778725288973,-1.8649195685643216,0.5971389784171148,0.836
0.4251741893341871,-0.15704721684084497,-0.3192322429686332,-1.6389062720281364,-1.89578356183646,0.6610722585492583,0.758
0.4302937355848572,-0.1636515632261962,-0.809021400451943,-1.609137474630568,-1.7014072841811179,0.6659956870910239,0.8200000000000001
0.3479661000368985,-0.12071731294021747,-0.23053251102996072,-1.631054327908798,-1.706015978939244,0.9720644896560874,0.714
0.44352814280949354,-0.15042416413396995,-0.3565110402829374,-1.6174493993270793,-1.7725956096389588,0.7363082752132447,0.826
0.3503625681254109,-0.12306055332766049,-0.655579268578573,-1.6305449594198687,-1.8876699524975649,0.6295556914759883,0.8279999999999997
0.3966375024328609,-0.14301344762727014,-0.2703308834446808,-1.5952132959053662,-1.6260552351250517,1.0931268668769165,0.7359999999999999
0.389319070744388,-0.12330595770550985,-0.11729473380884159,-1.605034831969399,-1.715834741156174,1.0450703421835479,0.77
0.35378603841239353,-0.09161256870298139,-0.6365238773175718,-1.6309183169527877,-1.5930909774034396,0.9522802210952943,0.8260000000000001
0.3718380020079522,-0.10359157340438763,-0.11328157243511075,-1.6145411356700623,-1.718707021372932,1.1371587078263978,0.722
0.42636847218866214,-0.13789847817058357,-0.14476576810954855,-1.6322837433985211,-1.7766996062478568,1.0250224037726956,0.772
0.3980368079965456,-0.11286420620420795,-0.7624768256774953,-1.632368157339838,-1.6902059745674518,0.7244749965525359,0.7819999999999999
0.38377582242665004,-0.10374288218602845,-0.3360869046812663,-1.6458819111901144,-1.7306005562871993,0.8289991607399487,0.812
0.41154026269025834,-0.11145958836353602,-0.08839612693157525,-1.625897456533753,-1.638686633717379,1.1066586194505494,0.8160000000000001
0.3275524611869715,-0.09503340606926164,-0.7056297624247188,-1.639654451383551,-1.725571094393935,0.6878821817860348,0.8099999999999999
0.3579810729326684,-0.12889883516354358,-0.185536869864454,-1.6283412515221223,-1.769116126490882,1.0431625519912655,0.7840000000000001
0.33493095681638346,-0.10115588748410213,-0.9761271945998586,-1.6350595062073496,-1.4746606281572956,0.9207056406402002,0.762
0.4390167060349938,-0.1298289652506318,-0.08137427788194025,-1.6072289029553557,-1.6620741260574243,1.0324354025932014,0.8380000000000001
0.36972535736908485,-0.15227245555694602,-0.871918076659642,-1.621702174086744,-2.024306423079128,0.4826320679870175,0.83
0.3961744294430815,-0.16222269402573922,-0.7805330938522442,-1.6343778832726072,-1.5868927973706415,0.7768909154908588,0.818
0.43324367021394794,-0.11065471238860528,-0.21736647354256738,-1.6427845371297032,-1.7543948553255198,0.9197643210285392,0.81
0.35381246353189333,-0.09597037694069754,-0.2438557502863774,-1.628627828003722,-1.895154904461428,0.7953131215898253,0.836
0.47243844108313143,-0.16121036096820107,-0.9352115090186705,-1.625872994056722,-1.5789706826959877,0.7164772410876707,0.816
0.30869506289010956,-0.09459917636758744,-0.7059940427233296,-1.6365644724115374,-1.6131688646590088,0.8651893950583934,0.7640000000000001
0.426627135837052,-0.16789544104426812,-0.8256435874954537,-1.6205612717291897,-1.9010970928115594,0.48903371703719056,0.828
0.4565489875038777,-0.16012011560948125,-0.13516805009558308,-1.6223063162056688,-1.7199945467793694,1.0082302212257872,0.8059999999999999
0.4052530812016606,-0.14759453223964192,-0.14988942492238227,-1.6388548379622896,-1.6460549434649163,1.108293652056512,0.7979999999999999
0.29979932585137237,-0.10160354320795423,-0.5071303044973269,-1.6410621355459716,-1.6375626897019908,0.974306950630744,0.788
0.39718079795155337,-0.11064500450514803,-0.21391336499799118,-1.612768203825079,-1.8931435513654273,0.7814436767810798,0.804
0.3351615816947953,-0.11632480102958903,-0.7847787234456246,-1.6184990415820202,-1.5876091309143967,0.8963165780045681,0.826
0.43174369439939553,-0.1872778083054668,-0.2020577926217425,-1.6124773751917925,-1.751075799946344,0.8740123224814145,0.746
0.43136025176744147,-0.17117776026883127,-0.2694237212591722,-1.6166599790560483,-1.8203536506416875,0.7243745517695047,0.8019999999999999
0.4573112656372615,-0.17070856271285695,-0.4787685669479901,-1.6066686392728522,-1.9993004468111775,0.57193015821965,0.8320000000000001
0.38331620131014277,-0.1639521101767963,-0.9300705803351526,-1.637787747262858,-1.6042912073297502,0.6959118712730938,0.83
0.38472665377113735,-0.21190935686673718,-0.2367927855717856,-1.6183365926491338,-1.9689187055455952,0.6833934877134198,0.81
0.42349675903459727,-0.16708839575534784,-0.8665101503258953,-1.6125940026688776,-1.5039873000507933,0.9331629823560679,0.772
0.38839486511552546,-0.17766924760014025,-0.2611625279567748,-1.6338523651125259,-1.961841512252829,0.6944638430041102,0.81
0.39376225319673736,-0.15430889988960245,-0.4654391899208692,-1.63110589739846,-1.7495317872610199,0.7434335865864184,0.802
0.32829117985515904,-0.11151733817673441,-0.5509198539676557,-1.6435131617176981,-1.5538459585296736,1.1118350774533672,0.834
0.343847963478531,-0.11604884918292437,-0.7387285963828966,-1.6299210216609077,-1.8356218121776209,0.6199686287629841,0.744
0.3547519568548691,-0.13582573258253589,-0.9076220136192061,-1.6162160345744876,-1.4892807016740095,0.8757759837722264,0.838
0.3538899506926189,-0.11912625463509473,-0.7515329024311234,-1.6425703848302151,-1.9018085996390348,0.597087008705081,0.812
0.35142939616489327,-0.09959408482004407,-0.2046855711700282,-1.6627962188727599,-1.8102119390162217,0.8717724658027699,0.79
0.37656970002325446,-0.08072097169525297,-0.1978819772937287,-1.6190415807628353,-1.6854510659819544,1.0542108951957154,0.828
0.4079602261342826,-0.15012745189393423,-0.9256384944109064,-1.6181021622939078,-1.582435189753137,0.7319651356082135,0.794
0.3338759789930904,-0.09546874932971121,-0.23553637518739218,-1.6518100659666912,-1.7006149945636628,0.9998423854961926,0.796
0.4753777678726666,-0.18344868419472668,-0.2446641091403932,-1.6033025090027906,-1.8381687919363063,0.8109926062366635,0.8360000000000002
0.36493377383946884,-0.15115561748994155,-0.5270087844736759,-1.6200254980564601,-1.7586756342181302,0.740630127681093,0.8180000000000001
0.35990240928081857,-0.09372437872907392,-0.6300332516852777,-1.628981106018648,-1.7546203272419274,0.715975887406984,0.8119999999999997
0.40449716575362443,-0.1342386745874533,-0.7944873934873558,-1.6206716063930688,-1.5163731222907306,0.9056819383676477,0.772
0.29468713168050037,-0.11341086815693713,-0.10829632898979027,-1.6686822254548377,-1.9881953206402938,0.7699613247731262,0.812
0.4181988023954975,-0.113072968355835,-0.26017009002470515,-1.6451628304890757,-1.7396896110966198,0.8364304695275924,0.7959999999999999
0.42143399699938006,-0.1392571649193655,-0.1406072253560426,-1.633670774020146,-1.6973714747035737,1.0548883525061934,0.7879999999999999
0.44290971802156964,-0.16605864245677016,-0.16245262917835956,-1.61348589736276,-1.7106489518994399,0.9539653293490243,0.7559999999999999
0.4476574994829822,-0.13871721954730087,-0.24636349461964618,-1.5968619678649911,-1.5962655020443588,1.048659719447453,0.8140000000000001
0.40914322016975774,-0.15072723633093044,-0.5413573140369852,-1.6059689566974715,-1.7897032071463947,0.619248433738161,0.834
0.48536504900289085,-0.2256100341931262,-0.21832830528965147,-1.573436192388462,-1.614963796927396,1.0675716296019704,0.81
0.4135972582723669,-0.15694653430929995,-0.9528914161083746,-1.6114207622002803,-1.576871548923383,0.7327538073553188,0.814
0.34611981867660446,-0.10683750509253975,-0.6903444277638445,-1.6463612540895431,-1.536767942688642,1.060879468739596,0.8079999999999999
0.3733519164356405,-0.13520805749594692,-0.28997781048653987,-1.6295707604932994,-1.8002253483328872,0.8365020896664477,0.762
0.2879715872631091,-0.09600944623053856,-0.6840880669952205,-1.6249604777262605,-1.616307186986024,0.9619723795876861,0.7759999999999999
0.409688890996032,-0.11833453540909447,-0.8494189639195784,-1.6230501043598604,-1.469105369118644,0.9844646099957332,0.7499999999999999
0.4098575969232253,-0.15324265498333656,-0.8599682444271695,-1.6201882953740379,-1.9252968593441233,0.5264415613464516,0.824
0.42490929098054336,-0.13694251100656465,-0.2665618546640407,-1.6176328590429274,-1.7927315358086686,0.8258526612438155,0.7699999999999998
0.35711535493943247,-0.1486856311422688,-0.7262955894697718,-1.626145367835891,-1.5800232830539098,0.8931067322074502,0.832
0.4230633588091757,-0.16428911598074594,-0.1816643487146347,-1.6431392990588432,-1.7838728577381866,0.8547831739689743,0.71
0.3383623327340712,-0.08658910723908782,-0.5682156818270052,-1.6434434925567882,-1.5784336426849357,1.02856745530475,0.7839999999999999
0.29389412651061686,-0.1195978530774825,-0.40952060792910494,-1.6344601159471552,-1.7671265498067228,0.8407281446194429,0.794
0.3426442331881899,-0.08776999743840333,-0.7678605582236299,-1.615569936393225,-1.4577848054275233,1.1608702020765245,0.8339999999999997
0.402621234586603,-0.176575978806045,-0.24641151448571103,-1.6174738851596255,-1.8801552118477183,0.7176228002468106,0.8260000000000001
0.3732984909427251,-0.09548723196441776,-0.4275741005457587,-1.6282563743751437,-1.611602840857265,1.013998873562509,0.824
0.28364296407926587,-0.08968030861206408,-0.47331753435312307,-1.6458719642806499,-1.5821856401191519,1.1491957974496974,0.7839999999999999
0.3922882950569535,-0.1700230750818646,-0.7013845598564082,-1.5983788555489602,-1.741689133902593,0.7113038108680997,0.84
0.442052453860849,-0.17489526228808322,-0.2101592119757717,-1.6049488087753676,-2.053403264950354,0.6597855704254091,0.8160000000000001
0.4377931900197662,-0.18047201530557144,-0.1656014383914461,-1.636350357915915,-1.6114401186315932,1.0432970948437688,0.836
0.38161309893873935,-0.17803665911495983,-0.1393959323709369,-1.6344586438192623,-1.8397038899225449,0.7694799272263058,0.758
0.40236475710901726,-0.13349725202266527,-0.16592469634996235,-1.6043859035566839,-1.7899085270052124,0.8869027862143107,0.748
0.40094119353390306,-0.12925401875812537,-0.1579834017491562,-1.6356152245136033,-1.7548563900473377,0.8844863701444632,0.778
0.3421305730670602,-0.09319399561483342,-0.7412810866491382,-1.6442121522233697,-1.6622560654613696,0.7720871043232361,0.822
0.3905154741390922,-0.20211668955648693,-0.18537183216204722,-1.6089955513426935,-1.832297615248358,0.832402866872166,0.8239999999999998
0.4142593405474877,-0.12421684893833904,-0.4232289570608616,-1.6387399412657602,-1.719423188480692,0.8026228053739266,0.8160000000000001
0.41447839616336046,-0.16607306790835757,-0.1467034448260941,-1.6265435566649504,-1.7382412240061909,0.9402102127673828,0.794
0.42598664625599014,-0.12882829277811528,-0.26441454391585667,-1.6239439742467863,-1.915933022597609,0.698308700473671,0.834
0.4603167169517387,-0.16243011651432215,-0.11943443936315096,-1.6252366909030902,-1.7457397563852468,0.9658573068249846,0.8299999999999998
0.3055669370083776,-0.11504760088305437,-0.10389145784527265,-1.6748333712552579,-1.713459369220102,1.052286851408192,0.8359999999999999
0.34413908056876363,-0.13144166722781114,-0.8472008604881076,-1.6245051227849958,-1.4632004844363293,1.0397744023930795,0.82
0.3757468069438218,-0.14600386399617624,-0.7900714540964182,-1.5945531774838695,-1.4863500866111075,1.0328514258738763,0.8099999999999999
0.3964263446125181,-0.1709109616798934,-0.8773353517476598,-1.599691086935903,-1.7992590543908986,0.5689270482641867,0.7879999999999999
0.37780434697908727,-0.12586010164867317,-0.8821815941507929,-1.6293389119270276,-1.5760873537539848,0.7533975927116006,0.832
0.39290764245416965,-0.13148176930315897,-0.27237315596330797,-1.624847336676772,-1.8547669095740549,0.7131996469009689,0.8099999999999999
0.27143954310588964,-0.13263338942594136,-0.9599290754819405,-1.626510347992362,-1.605232993019455,0.7773983099547224,0.8160000000000001
0.3342040268422547,-0.10085595011916296,-0.6876700620284673,-1.652843005495699,-1.6681499862161873,0.827456087545128,0.8059999999999999
0.30953625584868527,-0.11127947462014216,-0.8824213948384388,-1.6266303217693563,-1.4326782698430607,1.1551650962890843,0.7979999999999999
0.38874378476498145,-0.16060859169606112,-0.6558990516871916,-1.6292132118436276,-2.041462603101834,0.5470768229733147,0.834
0.4071962667922591,-0.11625943615490109,-0.3573432197367538,-1.632601130887439,-1.6834336148279783,0.9538340378385968,0.7519999999999999
0.34997280070802556,-0.1609136468934456,-0.8177375536265646,-1.6502579362072027,-1.7862827251436568,0.6135154342002437,0.8200000000000001
0.3547603248599359,-0.10868961781561119,-0.19812240721905705,-1.6529971468927553,-1.7007933634517622,1.066487781083063,0.7679999999999999
0.37575210350960986,-0.1155455014413085,-0.24967051397666434,-1.6188130125858933,-1.7507866950355988,0.9159858551506986,0.806
0.4048880209823096,-0.10820222637034393,-0.4595797340004818,-1.6196064500768577,-1.6337081568541651,0.9463756797892922,0.7680000000000001
0.4752186955700745,-0.18194016743384384,-0.8359029907145563,-1.6013152154660992,-1.443685783501206,0.9536252207228589,0.826
0.4404851198094922,-0.15353271292998202,-0.515460581797927,-1.6111412634572577,-1.640737904995281,0.8255305747907906,0.82
0.33945783906720906,-0.1166347126993128,-0.9591694063262632,-1.6470328211544214,-1.7074536763913446,0.6593684829407078,0.8320000000000002
0.38420853458878157,-0.12397314731521654,-0.4969958332066006,-1.617882646263759,-1.7733671080626678,0.7190952315694552,0.7340000000000001
0.3306892679576105,-0.08955809543763396,-0.38670690416109993,-1.6407127000882626,-1.8011656789335742,0.773106690496353,0.736
0.45117183963005913,-0.1385882683492969,-0.6051325476384388,-1.6073033453032861,-1.6042070560976045,0.8600518394174936,0.808
0.3209253032678939,-0.10608798077425237,-0.6638418749703588,-1.6396042949114245,-1.6239780560652055,0.8797647516353224,0.7599999999999999
0.41209941066127764,-0.13115019150783894,-0.6925515606487136,-1.6464191019850796,-1.6491262922508083,0.7785076182379016,0.738
0.30077234761149296,-0.08129826860878314,-0.8912660943104449,-1.6356007047988546,-1.6975276778168682,0.7683297220204918,0.8159999999999998
0.40218282341383027,-0.14349856357272778,-0.15726865206463206,-1.6148928226634003,-1.8252844624405344,0.796069194193511,0.772
0.4225432032245977,-0.1456890248200469,-0.3919640978643738,-1.607811965230625,-1.698429674330764,0.8946244599823584,0.8039999999999999
0.387868103962273,-0.12207892496757825,-0.29842911962443713,-1.6332510412949752,-1.8914867633277102,0.7377527670498638,0.8300000000000001
0.3452443869861942,-0.13121396605263783,-0.8990661298368496,-1.638635350747644,-1.5952607235462961,0.7828689923856167,0.768
0.347045107862362,-0.10079829014073642,-0.8328470806143259,-1.6252552343744853,-1.625101344947515,0.8237449821461745,0.7859999999999999
0.393371238906528,-0.14571568334717416,-0.0921734740780029,-1.617741469740996,-1.6814588057873163,1.1010828268195334,0.6679999999999999
0.4090958694527208,-0.14832732962381778,-0.12430099582590168,-1.6190620579277797,-1.7985596844368272,0.9346243229206295,0.702
0.4985142753984067,-0.19967034074646395,-0.21477659153359613,-1.6112109988388974,-1.7050079045548587,0.8664738553942852,0.814
0.42895752657630615,-0.12879368236855404,-0.6123685715816223,-1.6214110342261472,-1.5065698044125875,1.1323451342989923,0.836
0.3780860566901193,-0.10646481581263523,-0.13505169291277244,-1.646726468027176,-1.778957070609095,0.9375684325049491,0.8220000000000001
0.27787157239732363,-0.08681077845939097,-0.09860870210182421,-1.6314459588438062,-1.8034459206411135,1.044258801477478,0.8280000000000001
0.3775698936017762,-0.123504498157865,-0.09827741148898708,-1.6306632218473391,-1.8224511952102493,0.8579787073455807,0.8079999999999998
0.4349267912110415,-0.11776171488015047,-0.4443340540774875,-1.6244756012262984,-1.8399762498858065,0.6911842106151307,0.836
0.4778066449770878,-0.15140082110840905,-0.21626824204112693,-1.6081707328650747,-1.7012008081792762,1.0043963634364979,0.81
0.4046152926999678,-0.13424288719684924,-0.23447062635319035,-1.6325562209790092,-1.7426092578549799,0.9050398118639718,0.718
0.38181471934795747,-0.11922293335473882,-0.5149988321001289,-1.6421414637899314,-1.802075862568676,0.6820442980515593,0.8140000000000001
0.3830429496890784,-0.14137849808338804,-0.12313230401727143,-1.6198959819053926,-1.7296070423595338,0.9803355289729382,0.79
0.43458397427229745,-0.16031738203699078,-0.5173412161507847,-1.6174500649700654,-1.5824530788588682,0.9573154552732882,0.838
0.3805999003200673,-0.09841635490083711,-0.35831096361085857,-1.6360003635860672,-1.614258613481308,1.021650042248701,0.802
0.3689816587557616,-0.12683765276278022,-0.22003973843606572,-1.6362162569743561,-1.6544905849718163,0.995569289092747,0.7520000000000001
0.3103238601832982,-0.12926836578191292,-0.0887117860988452,-1.6481789595431324,-1.7443758816716426,1.039626513570479,0.776
0.4173549799126014,-0.12850514909739016,-0.28656600196188636,-1.6382040192513905,-1.9004716948684777,0.707730702596747,0.8060000000000002
0.3681692045378793,-0.14687589125891626,-0.1460641478660119,-1.653702820288123,-1.9099699151893057,0.7448097615878327,0.8320000000000001
0.3364704677893596,-0.09737910080406922,-0.5712546308889007,-1.6365471834272394,-1.5587350042063552,1.0362766971877475,0.7739999999999999
0.3592964904957229,-0.110716292157059,-0.8152872932778203,-1.6470851823820414,-1.5076778525767187,0.9376716291260139,0.838
0.43324350429678554,-0.13591656004080235,-0.761473834223293,-1.6333032566799615,-1.8558289669363606,0.5513590376377732,0.822
0.4143464397242149,-0.1566557390277532,-0.4378897524472628,-1.6282045762682804,-1.6276849580396684,0.9087354975010177,0.84
0.36697952328995326,-0.12473893148678213,-0.2650129051107547,-1.6568551437674035,-1.9183887602430014,0.7574369109752518,0.7900000000000001
0.30729211975929044,-0.10791406530484626,-0.9574771812050036,-1.6487173581436128,-1.5975891338902164,0.7594254630148871,0.8360000000000001
0.34220501606396897,-0.09560184204241225,-0.3057466187423243,-1.6491342503128588,-1.7164614753022602,0.9128860190804629,0.7939999999999999
0.3290869515450269,-0.09137722675350662,-0.7302947657057255,-1.6325091662400706,-1.7053842937538453,0.740849597153497,0.7959999999999999
0.3464681399573016,-0.13306481930687553,-0.3336008882683368,-1.6388033595074472,-1.755887027657449,0.7347431142612249,0.7840000000000001
0.4152847182744491,-0.12919209875538817,-0.3405331291947541,-1.599795241446705,-1.8272895118630377,0.7746230581791695,0.764
0.3866517899719611,-0.14220601069070127,-0.11656563847787743,-1.6470151814725091,-1.6775053883309026,1.0851806004362372,0.764
0.4136127042631226,-0.10195824532925175,-0.7927450811259303,-1.6236833796166203,-1.469572946467574,1.054437703469707,0.8079999999999999
0.39432329090182255,-0.1529636902352083,-0.20893303013962697,-1.6215947226280396,-1.6969313383214106,0.8770922864375269,0.7679999999999999
0.3987800840824765,-0.11917068400172276,-0.4056501988368383,-1.6259704454864758,-1.6842071611943525,0.9074366263869631,0.7919999999999999
0.39217977680343447,-0.13095356133826197,-0.5553899947689415,-1.6269235805728637,-1.7858179732562942,0.7608670338353681,0.814
0.3169543847472853,-0.09370753061573327,-0.5847201155338628,-1.640040077562417,-1.7535087426785625,0.799366361552529,0.802
0.45678521639473124,-0.16241562453009906,-0.41569252641080745,-1.613183356473566,-1.7303530764773454,0.7518286851930982,0.824
0.383579853867332,-0.14013302863912516,-0.14199043810484083,-1.6029089402505527,-1.891721029234915,0.8036686133406938,0.8180000000000003
0.26687520963820627,-0.08677402577723928,-0.39958178553466595,-1.6391226766366804,-1.786949295462815,0.8984159253119838,0.838
0.4906407469666038,-0.157992604054292,-0.8428969152346182,-1.6067156845935193,-1.6288565549453888,0.6731805622190116,0.834
0.3991155209387737,-0.1549322488163166,-0.838874981098829,-1.6018585967733643,-1.5634108944669456,0.7747317403672093,0.838
0.3231534105005538,-0.10883427001717748,-0.8968087437758565,-1.6528327902149418,-1.4676154961458556,0.9674567386792977,0.826
0.4121000642347885,-0.15377563573425454,-0.961771616883355,-1.5944133478029994,-1.4880152295000402,0.9090264595753972,0.8339999999999999
0.27838776445374097,-0.0880121470870732,-0.232661797641467,-1.643724282364203,-1.6966727077296142,1.1016054730805733,0.8240000000000001
0.3170127907874358,-0.08304598998726093,-0.21441205878609498,-1.6390013718929441,-1.6815037526645962,1.0900215468988894,0.8220000000000001
0.34636625925600206,-0.1041576561870618,-0.7026921082776694,-1.6476055216941992,-1.5250024681409717,1.003780397149805,0.758
0.36484539569267355,-0.1628627818545172,-0.3290362793855366,-1.6254770692580405,-1.6976012930284516,0.9038304145607766,0.8219999999999997
0.44611429304130557,-0.13878495942741118,-0.3095406634358687,-1.639786908374184,-1.7464954732998283,0.8358950972005916,0.8300000000000001
0.3420298239334894,-0.10790953320388623,-0.33472960626793075,-1.6391159090199634,-1.7628966559466623,0.7552125260881499,0.8339999999999997
0.34670666718945925,-0.1098865713075731,-0.6530785361754564,-1.6232902281547985,-1.7328721554228603,0.747863317953001,0.8299999999999998
0.3361923135223335,-0.14090753408074916,-0.9246764953185279,-1.632565611250944,-1.612886371212407,0.7375836722521345,0.82
0.3883992884555294,-0.13954812893364946,-0.5484142685342209,-1.633686148655103,-1.9308721886092992,0.5928389258438608,0.772
0.32044957448002925,-0.1080939797089737,-0.5672607330678673,-1.63434548636079,-1.7306091713674467,0.804242287690822,0.7759999999999999
0.432166189942883,-0.16894376790442475,-0.12069976385312017,-1.6166985080613754,-1.7591779262160034,1.0436386168657559,0.84
0.3582912315004419,-0.11634901038501497,-0.7000090071487702,-1.6334635937334951,-1.7457028693537704,0.6553226989283102,0.814
0.32801769258536523,-0.11486893118216948,-0.08432321438426191,-1.6212805686796206,-1.6740156004229463,1.0992665690387553,0.824
0.4167963062032839,-0.11336747946691379,-0.12540105486639097,-1.6364679935186637,-1.6858202191012561,1.0883978892158346,0.732
0.306008029240912,-0.1095876214458472,-0.7856681163682512,-1.63904572744644,-1.5524370256673727,0.9579259665830653,0.7939999999999999
0.44504029116523025,-0.15885411587954917,-0.21132464159446154,-1.6081211600714573,-1.9057228416196403,0.7090767726428756,0.8020000000000003
0.39797305585765774,-0.11140466094873086,-0.3797621859949961,-1.6256059425103926,-1.728759572580802,0.8327552699240384,0.816
0.3837953329439553,-0.15626691298098153,-0.12550723097144093,-1.6067619239177418,-1.8176781197696277,0.793822976421124,0.81
0.3773655258031727,-0.12912925116348328,-0.9650304305787907,-1.6487259312041276,-1.7365651317597919,0.6078467047407935,0.756
0.5210824682948643,-0.17293233314637488,-0.3136333382529774,-1.59883958435204,-1.7963263836519847,0.7567330920116274,0.8199999999999998
0.4374364486376409,-0.14129849393089416,-0.1366844866945303,-1.6252898609052129,-1.8449133453337503,0.7814657981075398,0.7459999999999999
0.49976157752828243,-0.17947573038995332,-0.15187314544029482,-1.572997078816793,-1.615909493875495,1.1376719406693372,0.798
0.38634601437277977,-0.09742200039975098,-0.9710192762075799,-1.635005090947269,-1.4782803993221714,0.9070890661708583,0.8079999999999999
0.36287949822177207,-0.12856931577752934,-0.16355546747257746,-1.6616009946119188,-1.7664477488675927,0.9275355899505944,0.802
0.3597346017655039,-0.13192904068844696,-0.30045069611222436,-1.6256125563614188,-1.989051148125131,0.6972437362372877,0.826
0.4083262747312255,-0.2025031194853966,-0.23672430388066712,-1.6134473907087887,-1.8446844910667464,0.72158986188671,0.83
0.41109078302180424,-0.1752486968075095,-0.7990429841326396,-1.6197922746905387,-1.597712256555599,0.7772147877810147,0.806
0.4619078056016656,-0.17171365226179558,-0.1663779324202539,-1.615622178657427,-1.793577789163858,0.8376474732139667,0.8260000000000001
0.42186334939351794,-0.16545789302822383,-0.4738568874896469,-1.605992494414644,-2.0497842551858665,0.5544397150806498,0.8079999999999999
0.3632084795751193,-0.07681287538850803,-0.47226518166594167,-1.6356611238510823,-1.703662543312554,0.8715986512069729,0.8180000000000001
0.3851478434292895,-0.12027579852169984,-0.13948274450926004,-1.6325833123022127,-1.6740676006047834,1.19923394684352,0.762
0.35433112955963003,-0.1709625068934941,-0.740347687356238,-1.619976705638227,-2.008455995326846,0.5421246395983109,0.7699999999999999
0.3850803568775961,-0.14737260293232318,-0.4102047425752207,-1.5949181034238447,-1.770464350212585,0.8223149932575424,0.8339999999999999
0.3369158608185596,-0.11907140495546532,-0.7828316744090138,-1.6490052965022426,-1.9504730684078568,0.5633658942270323,0.78
0.48870721154120655,-0.19649228068058563,-0.6117080036986978,-1.5762507723054222,-1.7631966563793724,0.6648516692381777,0.824
0.3631713087199951,-0.154329600868799,-0.0886871510557207,-1.6470368243330107,-1.8281438138131805,0.873706411493418,0.74
0.37935839427659424,-0.1613503341860689,-0.1311068704515673,-1.6189030039600318,-1.8955807984559145,0.8544399509071432,0.822
0.425505120377241,-0.11775175176137842,-0.9093131551625585,-1.6214204800353573,-1.872282982565195,0.5593510972073794,0.8359999999999999
0.2761261000955521,-0.1016628335874549,-0.9462456061734525,-1.6280804786004277,-1.6791163896761447,0.746454195474364,0.8380000000000001
0.4630853651736518,-0.13523966206038568,-0.27316353828302464,-1.609567408880471,-1.7425336338210191,0.8626731786534609,0.824
0.39108417045389543,-0.12584376441330744,-0.24487739521648544,-1.6304815990931092,-1.6449856496345505,0.9996816604291879,0.818
0.3784133542214862,-0.13165116292256074,-0.6721874619896988,-1.6168810204205064,-1.5320987966195516,1.0888678884831198,0.832
0.3914908795464607,-0.12928379583188832,-0.9435951126660482,-1.6133082499269096,-1.9773652888025677,0.5195218001093667,0.8380000000000002
0.36340967969665533,-0.1556875268751109,-0.45781472763331,-1.6356241330439227,-1.8219026803234168,0.6823123101643734,0.81
0.41039183681468944,-0.09978255186552219,-0.43871752277639875,-1.6408526310360994,-1.6197377392860708,0.9412368118281133,0.82
0.37448795407897356,-0.1200493156913345,-0.46808720872348164,-1.6528299388347365,-1.8909502498249349,0.6336711736660008,0.8320000000000001
0.3119248492611606,-0.11306842845947811,-0.8439207375497615,-1.629999817545089,-1.6347467421994457,0.7836656592691147,0.828
0.37749295018401485,-0.1405067016107323,-0.156657615681793,-1.661789042466659,-1.8074229760689287,0.827696333346035,0.8300000000000001
0.3423486315132428,-0.14262726229994666,-0.17833331688714382,-1.6618182679381825,-1.9190935571044816,0.7738236050980013,0.8000000000000002
0.34524759202445193,-0.09272191523808496,-0.11842028466461521,-1.661472058452399,-1.801582228597999,0.9609620650466221,0.7740000000000001
0.4299220752049147,-0.1514225257884302,-0.9115414995983984,-1.6190370200675095,-1.5677201547940955,0.7331208154810072,0.836
0.41418004669099107,-0.1074876086982729,-0.12112572307182545,-1.6342747181474429,-1.7735532522148831,1.0839525578872518,0.8280000000000001
0.36826501103547155,-0.14095118394846828,-0.944720154529055,-1.6352664652088706,-1.4201477748790712,0.9795026210538138,0.836
0.31816006717783574,-0.09298462810615654,-0.2352680644324429,-1.654022824441396,-1.734763379609155,0.9236038904574371,0.8280000000000001
0.35930052550432184,-0.1322244452571707,-0.6351698813197489,-1.6447553913424564,-1.927227539172322,0.5560062588121195,0.8339999999999997
0.3577410027162863,-0.13304526719082713,-0.5056455150650154,-1.6428402432790863,-1.7455608199347403,0.7522110124772097,0.812
0.2897428896345048,-0.09183035544947905,-0.7204459445707444,-1.6349957363176335,-1.6797856257081234,0.7979265522649199,0.7659999999999999
0.24250698013850167,-0.08173035968853387,-0.24713512954579467,-1.640733272173132,-1.8076312342071144,0.8834609667719528,0.8339999999999999
0.4619794668772512,-0.17683619699782763,-0.46106307002948466,-1.6194456672414428,-1.8691414372397355,0.6071553187019448,0.8119999999999999
0.45332030204229873,-0.16699779882895713,-0.45280955607457707,-1.6178408164349882,-1.852560763938557,0.6684583036045517,0.8039999999999999
0.4497641807937654,-0.18774030448251441,-0.2828782545791763,-1.6187908115217369,-1.9556998474089857,0.6356069252987792,0.808
0.4322443460037055,-0.17096705683678984,-0.20347735131136505,-1.6078171794720955,-1.7310898201356133,0.8741298499688055,0.806
0.3642862403012991,-0.16326685333320134,-0.13569349861084254,-1.6410427439645223,-1.8280040879677328,0.9305784944789169,0.8360000000000001
0.23252779721322447,-0.09720215507281726,-0.664778334519966,-1.632280969302431,-1.6934914928732203,0.8753970858912573,0.81
0.3687111879816726,-0.11683873391239735,-0.24025944306134941,-1.6217959519871499,-1.7340051346790708,0.9765081787064445,0.776
0.2889588310126801,-0.09025563890280676,-0.7502325768099191,-1.623437181382882,-1.641452382216495,0.8686632062195867,0.8299999999999998
0.4503363959680558,-0.16086147328614075,-0.14971999398402114,-1.6243371790612653,-1.6624104622291875,0.9938898274495793,0.81
0.4175416457048264,-0.19918510759473643,-0.15084609964474857,-1.590255756883124,-1.7973274256287268,0.912907274299571,0.8399999999999999
0.5006575284609464,-0.1659615695909478,-0.39802420647147174,-1.5813321648221896,-1.5376821975177317,1.1890630327355385,0.824
0.45054895567421793,-0.16505851152626239,-0.6407419555709643,-1.6003814451479652,-1.559529919553382,0.8689488459499191,0.7860000000000001
0.4112012748791449,-0.13767108652757337,-0.3640412971682619,-1.6210868483571659,-1.6937787336329246,0.7851849942036948,0.8000000000000002
0.37665556475914597,-0.1296382458409515,-0.16248109229723467,-1.648997968426589,-1.7534187910352375,1.0001846563223717,0.8280000000000003
0.35162188194393545,-0.11155793133663788,-0.3620034257936616,-1.619474455896532,-1.8578833749990877,0.6802580841655617,0.8059999999999999
0.42775300852822684,-0.12606295184852542,-0.7177935883219403,-1.625000519035821,-1.6648059981756906,0.769970072133261,0.7699999999999999
0.388109099123102,-0.13024702857378484,-0.8641572073318885,-1.6122722930537021,-1.5622059427869728,0.8306758741154185,0.7699999999999999
0.39307008290466333,-0.11561663702668284,-0.8478411642169468,-1.6411040148634404,-1.985302577784796,0.538272536067547,0.8100000000000002
0.33401011780022566,-0.12316943551712956,-0.673383563864675,-1.6162442046916832,-1.6661458562005866,0.8661548176730876,0.8
0.30348850243795394,-0.10101905910681158,-0.1832318176340895,-1.647018078034261,-1.8676917111301516,0.799620258551436,0.8200000000000001
0.3664797343572471,-0.11555210094306038,-0.18247517645425226,-1.6543243530853422,-1.979689007324939,0.7036677904374591,0.786
0.3682413862522009,-0.07947986226876314,-0.7556654784143403,-1.6281989543493618,-1.4421090960021608,1.1447095656563266,0.84
0.48671173918429134,-0.1937936095819321,-0.2567009563987911,-1.580884427235098,-1.84161946402718,0.8410334568464692,0.8260000000000001
0.36600913096757864,-0.13976293702468925,-0.8987251402028437,-1.627261554519164,-1.4197902080174543,1.0809074794437725,0.814
0.3650790354158674,-0.10868976055767593,-0.11426145944068396,-1.6402065021633478,-1.8142785596922777,0.9324321136230799,0.758
0.38010558064675093,-0.11666376265021439,-0.606948538103106,-1.626960141404534,-1.594193493861034,0.9199228587884395,0.828
0.35942036021412305,-0.12765010976927285,-0.6387812429961237,-1.602862457832521,-1.6700678171974117,0.8074695711217903,0.814
0.312833002588943,-0.13132252309578638,-0.439791855814389,-1.6196490393942715,-1.63926584114233,0.9823291625187387,0.7919999999999999
0.42153313875442394,-0.17429291094051685,-0.30098036732506234,-1.6066166325408444,-1.7552091796726272,0.8397110351302719,0.7879999999999999
0.3361953809893169,-0.11470737131602031,-0.750860551576229,-1.6305241150918142,-1.463266958586954,1.1357804705591454,0.7320000000000001
0.4492903959756352,-0.13316127288384574,-0.5614385074124892,-1.6119182001597836,-1.4859585463562335,1.124342516180684,0.8079999999999999
0.35732776125643584,-0.11688511479886572,-0.3415291129581428,-1.6269938400804613,-1.8103657714557566,0.7328163214737589,0.7560000000000001
0.36333673866203403,-0.12162773065018875,-0.06990002578892617,-1.6403061077013468,-1.669650174488343,1.1376441013552783,0.8400000000000001
0.37986307152087195,-0.1425415794873393,-0.7689752532000637,-1.6186437273538592,-1.5642102296660927,0.83591585908685,0.7919999999999999
0.3545626732880233,-0.12356727380683,-0.7601314892527937,-1.6405765617203696,-1.7993434591240427,0.6722107057142502,0.7959999999999999
0.43950096539316486,-0.14992767884347138,-0.3641103800756203,-1.6193610646587584,-1.7871814723541177,0.7042193409636197,0.84
0.3245967284316512,-0.09772990075275534,-0.6423539701226566,-1.6625049264279539,-1.6404297649462876,0.8591175303586244,0.8320000000000001
0.35603474802549323,-0.12371462852238367,-0.5367021268653597,-1.6256625500578694,-1.8307822334284378,0.6845796379258312,0.8119999999999999
0.47095315009710426,-0.15433206895097537,-0.10349309505126042,-1.6065938468954393,-1.7268609841433005,0.9522922389020784,0.8280000000000001
0.3862892924110159,-0.17746841623176787,-0.18142130475954732,-1.6149383800266692,-1.9565000678942812,0.7717089404098516,0.7579999999999999
0.3827597309785767,-0.11094764289133942,-0.4602832574165966,-1.64799523833077,-1.8295481592498166,0.728588635456155,0.8140000000000001
0.4712794282580062,-0.1321470059422402,-0.2284275392412052,-1.6238382233306803,-1.8135344897996268,0.8594479766626512,0.806
0.43097182613032103,-0.1250996808880724,-0.2127990915565483,-1.633277080923712,-1.649184893963681,1.1029328029063357,0.778
0.3699271813132864,-0.11911184456739601,-0.2978624389653537,-1.6269087539225846,-1.7982738678226955,0.8259572051631296,0.8
0.34890108030906253,-0.07883904994067018,-0.8103488502763406,-1.6337853483617994,-1.4905470523921294,0.952605874738969,0.8059999999999999
0.46202484916803715,-0.13827487236057037,-0.7390087533312067,-1.6118720780173188,-1.638719500432567,0.7259717593799897,0.8119999999999999
0.3681886059999444,-0.12814967775580338,-0.4375568803324764,-1.6299993520770562,-1.768017075303091,0.7659219500918709,0.7759999999999999
0.3571216243947021,-0.1459088510883485,-0.08345169322806298,-1.6301270432565191,-1.737168851108181,0.9566724708989014,0.7859999999999999
0.3596972802348367,-0.10670500737565322,-0.7730988788620644,-1.655885311340525,-2.029626367847426,0.5118673112727491,0.8360000000000001
0.43252347607662794,-0.15027923603080573,-0.3987353006865543,-1.6262827392524994,-1.6304345702144805,0.9406807996049387,0.8400000000000001
0.3396235834672125,-0.12467539224937182,-0.7716274264812569,-1.6202821235901728,-1.7527566885754353,0.6536647569466884,0.7859999999999999
0.3620003138094973,-0.11281845984558163,-0.715046418572466,-1.6368280026674247,-1.7544095494939675,0.66036957791848,0.8059999999999999
0.5724030597917187,-0.19855433688151536,-0.1561805665386623,-1.5802691527872108,-1.6254899712760902,1.0067034938877173,0.8320000000000001
0.4596649197066912,-0.1254474313477857,-0.614341155071695,-1.6339765970519338,-1.6944324479882833,0.7559633806968096,0.8340000000000001
0.4738283691885667,-0.1736435435439043,-0.19899252177808524,-1.6248615275584783,-1.7680628596045436,0.894660756780218,0.7879999999999999
0.3765738513020453,-0.13918149479151581,-0.6287605102223524,-1.629009692546354,-1.5470829024971575,1.0472466484478515,0.73
0.3893151765961438,-0.15426031509999938,-0.2682858841731044,-1.624848147889882,-2.0204184506428997,0.6570336793896301,0.7819999999999999
0.4196057644948506,-0.12846582255234798,-0.15751798603391975,-1.6164650094887434,-1.6790386797417405,0.9960754728629058,0.796
0.38364847700394594,-0.1099926177682396,-0.7966300878627134,-1.622975637139663,-1.7060137735376413,0.7410596000656882,0.828
0.3434927612466291,-0.1690219557029878,-0.16965200749294868,-1.612903516741504,-1.8970006284182128,0.7789337360378286,0.7600000000000002
0.3824790067650218,-0.09517467440902075,-0.6426758745845405,-1.638686463512691,-1.780977304519572,0.6936756108689422,0.8039999999999999
0.4235864550205194,-0.14119734231826817,-0.21144916631159227,-1.6113126831344329,-1.6165983889930302,1.1381850503873585,0.7679999999999999
0.37613551921797006,-0.16696693607938753,-0.9489575004174656,-1.6182412158791053,-2.2784115173375725,0.40928268947201807,0.824
0.3193889394840915,-0.08875942016943959,-0.834945872939718,-1.6453998156443226,-1.621602018202091,0.8172644266328253,0.774
0.42169394748941674,-0.1413522810726553,-0.7575833810790983,-1.6165448740075323,-1.9685765144901406,0.48730759447348587,0.838
0.36780095330943774,-0.08301406470452488,-0.3680658327907688,-1.6242415274589228,-1.7720394711022718,0.8216462176316162,0.8220000000000001
0.38888481642961764,-0.1038018706141161,-0.6735767769780644,-1.611756387551513,-1.5575583647622542,1.0383759699921422,0.8200000000000001
0.3742184448947881,-0.12977203237545157,-0.3909810910065737,-1.6275243609844132,-1.6087800176758926,1.0616231237126028,0.812
0.4798922732806767,-0.18179862582955159,-0.3197077279956759,-1.6281687571143726,-2.087775124789731,0.6238072712578511,0.8380000000000001
0.4028995304839013,-0.16934654250968909,-0.750509938823653,-1.6222964227805328,-2.0671883741967068,0.48792374315526077,0.7839999999999998
0.3723590008128068,-0.17147172257399299,-0.13289183652229897,-1.640099011622249,-1.71835824421545,1.0187145298670688,0.782
0.4128965420840717,-0.17617907572777214,-0.5414536409616056,-1.5943825061565795,-1.7720357973082874,0.6977316870911928,0.812
0.3509057896586401,-0.12795164718158,-0.8337854010735257,-1.623018164618989,-1.7369140792427091,0.7063583190364454,0.7919999999999998
0.32463651579047953,-0.11697207798022263,-0.8094583759667167,-1.6134692443934673,-1.7900067034926788,0.6790450499617408,0.834
0.41749076910510363,-0.09848949958410386,-0.3409531811463253,-1.628326151676194,-1.6789378711261667,0.9682261464298549,0.774
0.3285922260603453,-0.16104791565700413,-0.08576222413569717,-1.6194361269240274,-1.700624863351423,1.0894406166900839,0.8140000000000001
0.3019108459957108,-0.14525554758072798,-0.09480545273080754,-1.6418901675241757,-1.8006961575208076,0.9821407729606935,0.7720000000000001
0.3626078108951636,-0.1388717709823608,-0.8561151125341443,-1.6352560534811371,-1.4632315970564576,0.976776929842902,0.808
0.27751883680946915,-0.06725611232638336,-0.4859035171465894,-1.6352856672278193,-1.6278332029117273,1.123874324514729,0.8340000000000001
0.3521527633775333,-0.11300753065961376,-0.1804519451593128,-1.6402287850156372,-1.740422430218929,0.9872266473455238,0.7419999999999998
0.36545564988907037,-0.1254882290232064,-0.16987498771250265,-1.646295956768386,-1.9492491224496238,0.7701250136965494,0.7500000000000002
0.438933906193142,-0.1959566738792906,-0.14471292179355413,-1.6315970562316946,-1.866733284818954,0.8303916791002495,0.8220000000000002
0.3546261942253026,-0.11520531790416103,-0.805074283375168,-1.610406925885801,-1.4624967034385752,1.1925099112518498,0.8299999999999997
0.3880685774507794,-0.1419177907704848,-0.5410918517331015,-1.6467555600800228,-1.8667643208130955,0.6061106663790573,0.822
0.3154368456462938,-0.12462890147597411,-0.6560936762370082,-1.6237074446549271,-1.570845506827097,1.0424031434500856,0.8119999999999999
0.36302446437200514,-0.10556762571025825,-0.8305756955431852,-1.6484318990341635,-1.5216789035432283,0.9167211498879494,0.7779999999999999
0.39325465780716623,-0.175614328085003,-0.1999069796627676,-1.6514254814881544,-1.9226440435829728,0.7742252733111699,0.8379999999999999
0.3148570985043372,-0.11452022405935497,-0.7229328319182226,-1.6439014067160085,-1.6518858199798854,0.8099179619782937,0.8340000000000001
0.40691068950724013,-0.16746409164469722,-0.34211735533534576,-1.627876467624684,-2.111464623129549,0.5398155030635892,0.8039999999999999
0.3769290498548635,-0.17108006053398667,-0.5626802559051408,-1.605029528866406,-1.7899871668430618,0.6277231405813318,0.83
0.3951683485290023,-0.16492976994722988,-0.1997449021996496,-1.631014918467515,-2.032545673098045,0.641794754411924,0.786
0.4091249768944296,-0.1600849246207616,-0.8219878533493679,-1.626290978205755,-1.7692126065171632,0.5906226858125404,0.8300000000000001
0.4017939403102941,-0.14112361441071541,-0.17957619718547846,-1.6290027237797273,-1.7913464596885638,0.8324253676894001,0.7760000000000001
0.47874225566015954,-0.17989649846500924,-0.3262659440001423,-1.6127062932829763,-2.0898994612567563,0.5646533651459391,0.798
0.3733068499832527,-0.10552125256515857,-0.28006274338439663,-1.6411672389951202,-1.7391977010991586,0.888276005378857,0.744
0.4384264135900821,-0.1420662293298874,-0.11460201886003749,-1.6340190827817986,-1.8253084984128054,0.7732774333350465,0.8300000000000001
0.42158640311376033,-0.12627101942733188,-0.3835407259946472,-1.6279666471063665,-2.204058335288325,0.5919263454310575,0.838
0.400408484896776,-0.13558576103725012,-0.4929646044091158,-1.6165189847734867,-1.9280880093360788,0.6461978665687506,0.7619999999999999
0.3715589245883003,-0.10695492174553312,-0.8641141308565474,-1.6308445561892346,-1.5387702623856672,0.8183655646077235,0.7200000000000001
0.3357313328486456,-0.12606629856520024,-0.9784132754814784,-1.6293750048955087,-1.7483808527750038,0.6503274331970973,0.83
0.3931619698628253,-0.13174227135634897,-0.1388161365301272,-1.6408649952114942,-1.7949274919431657,0.9552416590476197,0.778
0.37461279488597393,-0.1448292925731418,-0.8647289663957711,-1.6186490784504262,-1.4481896571999233,1.0121176042303106,0.7539999999999999
0.41304187585082247,-0.12332958688639198,-0.5973064574212908,-1.596216795330573,-1.683457313385805,0.8100309734916212,0.832
0.422809101413998,-0.10912330243137315,-0.8784471629387365,-1.6217021579814734,-1.421391556858961,0.9390271533818738,0.836
0.41054465762200876,-0.12279614209484555,-0.3328027272274684,-1.6084983092313168,-1.677633893805793,1.0214683221243475,0.8299999999999998
0.48323399447606596,-0.16740737926869623,-0.22775083319001946,-1.5791664833360852,-1.8527415411952284,0.7385770927014896,0.776
0.350251821785071,-0.11343531802089551,-0.3001478950144796,-1.6381714850599558,-1.732815892920891,0.867292267123922,0.778
0.3332652592032986,-0.12048085642281334,-0.38346142055237487,-1.6240779158845013,-1.8262112260587584,0.7766046214585642,0.8399999999999997
0.3212504453284988,-0.11264444385250341,-0.09323649619442176,-1.6632848823468005,-1.8374248711197707,0.977264059108172,0.746
0.43984666516124504,-0.1842006159373048,-0.8183719986521394,-1.609254386753908,-1.7335316248545622,0.6268181675072585,0.8340000000000001
0.4271950197235991,-0.14302150666864605,-0.6374634321607577,-1.6127057104028002,-1.5541953996700186,0.9277862570035091,0.83
0.42581094082058646,-0.16544741068828267,-0.16231983575134515,-1.6038438434803999,-1.6477848109694648,1.1519429364140712,0.7179999999999999
0.2835055259664485,-0.11569787936933139,-0.8267332112515774,-1.6279294153833146,-1.7291430189528032,0.6896744830010948,0.828
0.3353842060594279,-0.09535708903479265,-0.11767380479111486,-1.6473211118610427,-1.7858215982255148,1.0849638640903343,0.768
0.3268633434004178,-0.10900021571717791,-0.8793530115487159,-1.646571119131251,-1.8703284032424368,0.580238374578071,0.8340000000000001
0.3571547110623182,-0.0863524339163637,-0.3393643822261846,-1.6541285668126673,-1.6104351681550915,1.104069607098303,0.8260000000000001
0.3883894195109938,-0.15058473962132327,-0.15864570488768825,-1.6038118842150018,-1.6947001005914923,1.0878634637346334,0.8
0.37291169368248306,-0.12430369235499793,-0.7631475684457394,-1.6207529503355793,-1.4985764010992033,1.0018249065203932,0.7939999999999999
0.4150448572143272,-0.12285962341883304,-0.3558789276651831,-1.61751314536994,-1.6171189403322983,1.088639714952696,0.828
0.3065961798266003,-0.13437738095217117,-0.8212084957910909,-1.632191783567131,-1.59327946985785,0.8207343907851121,0.808
0.31685155456707437,-0.11821098858683055,-0.19620778564828537,-1.6540224916662412,-1.8626074364979954,0.8121013720366336,0.824
0.3929678435986936,-0.13192199766430937,-0.4642170900466307,-1.615484834473021,-1.5545455443483942,1.133741320266915,0.8099999999999999
0.31585860483858347,-0.09089570859257128,-0.8688903231752316,-1.62944780452583,-1.610006693004313,0.7986291585023019,0.8
0.3642083804044327,-0.13469929250998605,-0.16341572522420927,-1.6466214254928988,-1.9426319007884174,0.7317736023058712,0.746
0.40396131841130295,-0.14944885378431985,-0.5502887455261557,-1.614953681972533,-1.630300123281227,0.9483702594438264,0.756
0.4683872324602965,-0.20399630297226407,-0.31171480367804605,-1.6065106960218383,-1.8758969266120415,0.7199261943109108,0.828
0.39303979630465413,-0.20248372661781527,-0.2966328857667547,-1.6176632688017178,-1.9618397510042223,0.6641513994662009,0.822
0.41690476384454805,-0.1374171572219783,-0.4387976391404146,-1.6009673040111467,-1.8109628425885853,0.7741418246015779,0.8299999999999998
0.3212826655962358,-0.12167915513386929,-0.0729429859996436,-1.6443237682973857,-1.800141098335041,0.9861205442629065,0.74
0.3571690018425808,-0.10988552509320446,-0.1978415119740737,-1.6499552598493434,-1.8296960119899845,0.8768191934928092,0.7700000000000001
0.3530311740129566,-0.11166114173610305,-0.1293436800049799,-1.6511806859089713,-1.795846249966821,0.9876239625486305,0.748
0.4363050559759875,-0.152729089704669,-0.14924020727979273,-1.6204193296470486,-1.791125779967127,0.9836149239863419,0.802
0.38057543932723886,-0.10571116280811856,-0.20793609960672735,-1.6340631341639276,-1.8346673556864619,0.8637443515958902,0.8140000000000001
0.35694760152822813,-0.11899392782412721,-0.21831097653894618,-1.6374280664744658,-1.659227485781459,0.9934691788148744,0.8140000000000001
0.34771544937999366,-0.13462033850058186,-0.18522831299692272,-1.630873296929971,-1.6669073501673246,1.032816354788384,0.8059999999999999
0.3292098101398549,-0.1319459334658564,-0.7698843092401527,-1.6234247335235061,-1.4324489506833944,1.1917737929532461,0.7939999999999999
0.37829015049367126,-0.1493046473582202,-0.9317466536195518,-1.62792893523311,-1.7075380670693754,0.6256308831008719,0.7959999999999999
0.38206795842202884,-0.13093838218534481,-0.8440376689069422,-1.6266865216742548,-1.5716341069121453,0.8404930433950253,0.756
0.4164143088835357,-0.14716860859165143,-0.3332763011123071,-1.605124872650339,-1.8551225631051718,0.7108635295928811,0.7999999999999999
0.3466704708224435,-0.15510046415901357,-0.21033377740450823,-1.641546974865039,-2.120135927134426,0.6517837916057481,0.8400000000000001
0.35214634612085616,-0.14486244676514654,-0.36193285593035335,-1.6418622121834947,-1.9942720921540098,0.6345144763327898,0.784
0.539357971545968,-0.21045545771129756,-0.2543680127841279,-1.5762131396441008,-1.6950936457550128,0.9287303089368166,0.824
0.44041462535279313,-0.15867552701851736,-0.20703610876265452,-1.6107384103557336,-1.6360956391140824,0.9777063051479089,0.816
0.38747134243789444,-0.22053377159321347,-0.13395331065719018,-1.6231349076196846,-1.8957715746552952,0.763117019066905,0.8360000000000001
0.36900969502240005,-0.14256683462217593,-0.19230500868332995,-1.6290824993894533,-1.725726360906274,0.9404068641753957,0.692
0.37524383465348493,-0.14128508554626631,-0.6197723873830224,-1.6238065156509829,-1.8407544310750088,0.6749826927026392,0.7879999999999999
0.35917349090541184,-0.18101554627083333,-0.14913897963933345,-1.62146088077168,-1.7175112650969444,0.957591505735611,0.8360000000000001
0.4247499049109662,-0.12294577424506596,-0.7249138812650389,-1.6110894999918934,-1.5315473488224525,0.931990461934367,0.826
0.3695308434920732,-0.09785499874441507,-0.1965493949494489,-1.6292653489642734,-1.9418282847618906,0.7374645792583624,0.8200000000000001
0.3796871664372709,-0.13636850290605834,-0.23989922127859742,-1.6221381678458653,-1.7785116133717285,0.8746501353906992,0.788
0.43303945079027134,-0.18909946204855466,-0.1616796799750038,-1.593864444431731,-1.6910927084375644,1.0214319679706507,0.838
0.32669811517785347,-0.11774950694831768,-0.11879583237430008,-1.6370701134918813,-1.6633384949321133,1.0645392739137727,0.838
0.4155529269938361,-0.10021558333538733,-0.9421997128196979,-1.6347870486276792,-1.5024156695529254,0.8680662640631943,0.822
0.40032370062676254,-0.15207265243081705,-0.481184729793064,-1.6083055912882618,-1.5780756961175264,1.029452115852721,0.818
0.43750222129631355,-0.11886461610247573,-0.4751413904957269,-1.6128485153168288,-1.736997362580814,0.8070263999215286,0.808
0.37727563459047603,-0.10962709424245183,-0.9450251388933396,-1.6535009316619094,-1.6321269706218962,0.6859286354573128,0.7659999999999999
0.3879036259672908,-0.20513831774094582,-0.24675361931512735,-1.6105136590200326,-1.9401679102235623,0.7085208801843824,0.8360000000000001
0.4111108609520316,-0.1641303014466084,-0.3325406024303475,-1.633908740151951,-2.0066084760513054,0.6008026632688441,0.822
0.4815922211658689,-0.12676072134692215,-0.11274141460667779,-1.6080380583607283,-1.6870859625001702,1.0740331720214153,0.806
0.36480713576178314,-0.1300453178388319,-0.08494095612809476,-1.6496019887645967,-1.701797617138139,0.9932630559777305,0.8220000000000001
0.39557712925380645,-0.1248992465078003,-0.18782310740300437,-1.6351521522775259,-1.8239293308501705,0.8702241653881926,0.8280000000000001
0.44521840977885785,-0.12866001169713678,-0.8785725517852353,-1.6260962394560177,-1.4378733506689414,0.9890701730372427,0.786
0.31745878470404915,-0.10705082668158442,-0.26671544665664343,-1.676240379433361,-1.8807248710956304,0.7258471086288819,0.8260000000000002
0.3604122789761322,-0.11843085780907893,-0.8636393515244944,-1.6247063328226656,-1.6065468231278581,0.7880559050808114,0.7659999999999999
0.4344762765879716,-0.18780791824481197,-0.39685057489502645,-1.613475123627575,-1.775440606065168,0.7378530520385154,0.7899999999999999
0.3453845388794172,-0.10105182324364367,-0.6320139440406235,-1.617844255716293,-1.5926681851280116,1.0063919195000237,0.814
0.4489040738745325,-0.14498310086372104,-0.6258116591123919,-1.624999491326817,-1.6590528303252288,0.7945211419755681,0.822
0.438479156374569,-0.12241957527749228,-0.8067172348514804,-1.633558748861821,-1.5380483891111476,0.8328996922251779,0.832
0.3277446543716425,-0.16435915954434477,-0.12143485442481496,-1.6212385675108212,-1.673254614601874,1.1679193696003491,0.808
0.30298473748855836,-0.0813166219468616,-0.09383838708796959,-1.6610220464421257,-1.8082832737886447,1.0575107621806523,0.798
0.48088916376656704,-0.16732980880450884,-0.15732794951015944,-1.6544205275303807,-1.7866290193304806,0.8799572411002882,0.8300000000000001
0.34092919119070464,-0.1111169429386091,-0.22960288917758576,-1.6399360161590106,-1.9279623996780724,0.6956549603202815,0.736
0.3671472800992412,-0.14330260488298469,-0.2768136228731166,-1.6105335138562316,-1.948121965026875,0.7167094549735982,0.8299999999999998
0.43427903115989835,-0.16910728105114942,-0.7653266040731779,-1.5979420684448316,-1.4960948128117086,0.9504411821795015,0.7919999999999999
0.35086299104761354,-0.11758514595170588,-0.6186819121535729,-1.6354048754557997,-1.6365949279386582,0.866854811471467,0.7459999999999999
0.3906321043282979,-0.11778869234863434,-0.61849404713839,-1.620291090917129,-1.5618740838495948,0.9466358993668786,0.828
0.4351743484720967,-0.13863095741491832,-0.5326113710395991,-1.5944251400522427,-1.5848359645432972,1.0343864697610907,0.7859999999999999
0.4328375814470748,-0.16540286696136994,-0.49484127374252856,-1.6222248986153744,-1.5670539257947338,1.0786946327875078,0.826
0.37522929439133024,-0.13752173758065814,-0.140519933350795,-1.6601966545603755,-1.8559177162229419,0.8603952708659431,0.754
0.41649228673097644,-0.11087496262523557,-0.29346867717845304,-1.6259088252537521,-1.5598834265011776,1.1465607154478286,0.814
0.4046163507448203,-0.14871552097565852,-0.16513775417860624,-1.6423217014126847,-1.9808003656693267,0.7190186735880164,0.738
0.2848300247197147,-0.0715464729589496,-0.791963028178976,-1.6528146764877236,-1.5153268404641826,1.0252022348384917,0.82
0.47524947183060773,-0.17888060939454445,-0.24949976407600222,-1.6170443073699579,-1.8006685406773595,0.7728248881386954,0.774
0.34197672315014704,-0.14179082785057626,-0.27814621687545277,-1.627137142761645,-1.8649282496715285,0.6944840596842948,0.8019999999999999
0.41666644494365324,-0.17815498199065055,-0.7900099650114666,-1.6207770671364743,-1.9080140158000811,0.5509897488310486,0.7999999999999999
0.4225502065757021,-0.13499180806048813,-0.8119532256934755,-1.6222711840002275,-1.5602574720148992,0.8438173770658529,0.7879999999999999
0.4227683703394156,-0.14862420786360753,-0.999185161669057,-1.620193172084074,-1.5722190618197607,0.7022863893304466,0.824
0.41615980811999354,-0.14572816454075915,-0.35035348476045414,-1.6467707771150655,-2.0797854157441575,0.5770461245624949,0.84
0.3187508471872112,-0.1270487201220552,-0.16803589028391505,-1.6080004902021117,-1.8086374924630044,1.002924571618931,0.8399999999999999
0.4119177521160297,-0.13120171849673165,-0.3224040965041879,-1.5984502132136504,-1.5697765756692943,1.1602317713798895,0.818
0.31781372562099525,-0.10190263136440858,-0.7603885834534116,-1.6385153576139735,-1.5187426055158688,1.0798590099658785,0.8059999999999999
0.36113534593915736,-0.11062064167446609,-0.49005887615682,-1.639942511030874,-1.7724256496133266,0.793918660810578,0.8220000000000001
0.4056018169110134,-0.15655208138959764,-0.7270655282884264,-1.5947627892644751,-1.6014937487522414,0.8559651308314286,0.8039999999999998
0.38170616938706414,-0.15989005954977514,-0.8182222025771156,-1.6406077974493094,-1.512012410503648,0.9433803123160683,0.828
0.3414279852140903,-0.1394921267643728,-0.7549842457466841,-1.6332971093285744,-1.7956540932332532,0.6538246323174101,0.826
0.4049663055974577,-0.17849316068930177,-0.3812340774869718,-1.6153114083294624,-2.0550214276602237,0.6045085455795004,0.83
0.3998999242569151,-0.1461565687277192,-0.9585062607177004,-1.6703751261327204,-1.627509989138477,0.6734735222548338,0.8380000000000001
0.3757718900620096,-0.20615998728410007,-0.14250930393477565,-1.6332513826768804,-1.866605272957853,0.7858293292384678,0.8340000000000002
0.40166743337327726,-0.14948995327636821,-0.8640588066209955,-1.6359885136645982,-1.9069539854945652,0.5173354439359883,0.8240000000000001
0.45396006176228887,-0.1517167606243824,-0.8591393367253181,-1.627287804542142,-1.4877674399317478,0.8107768106255848,0.838
0.4780867535828629,-0.1762500950469612,-0.30853366071321464,-1.6093972911451988,-1.9213306205946346,0.6570491636212129,0.8339999999999999
0.4227653485150609,-0.15549287206841364,-0.46624371018645616,-1.632111967744106,-1.8557956769443413,0.6736372308758467,0.738
0.41428532894312403,-0.090814593789322,-0.525065956430215,-1.6463432649345884,-1.7476634353874543,0.6903109079798405,0.836
0.4173341006627703,-0.16680269484168608,-0.668590892096067,-1.6008707961883069,-1.5307922730459904,0.9766502812617703,0.8119999999999999
0.32970801007058903,-0.10007961087577165,-0.7236949174326972,-1.634484713871094,-1.518529197030384,1.1040387284618272,0.814
0.3643002602160762,-0.11354047486983729,-0.8186989571174063,-1.6381743594986038,-1.7942166084537663,0.6351499389879266,0.7719999999999999
0.39430360781177815,-0.16658960037032397,-0.3224832173425317,-1.6166658171715778,-1.779278423618,0.7991414774361522,0.792
0.39897885352890317,-0.17352861900621844,-0.1706398421477355,-1.6019204972526642,-1.785689349793304,0.9107893748174041,0.7859999999999999
0.3753436638852529,-0.11710840581718995,-0.6357794812345036,-1.6255635455657778,-1.6983623501050849,0.8194482931202433,0.806
0.34312297402575975,-0.11642523763138461,-0.3961983010832866,-1.6455755535734187,-1.6078448048065643,1.0978433307895938,0.838
0.4102497574222713,-0.1475583730920545,-0.4443700026529488,-1.638805709029705,-1.8734727840840768,0.6520340902949129,0.828
0.3582551246775053,-0.09782253707996481,-0.6149929966114505,-1.6324627696527303,-1.6715657247379478,0.9016682695076523,0.826
0.31014814866625867,-0.0990315593506727,-0.6842898742913439,-1.6438313816076875,-1.500390729196316,1.1307738537880452,0.7699999999999999
0.3732485164320553,-0.11737462963222685,-0.5322749320022844,-1.6348093332834215,-1.521760938865237,1.1311647361975603,0.78
0.3945170384413715,-0.1560786056048164,-0.7318620550601995,-1.6272076321728857,-1.9121287519034615,0.5530919518702601,0.742
0.3369859597752982,-0.09072136929868935,-0.7966216047762373,-1.6455748704702566,-1.6004271671901078,0.8561392901883746,0.7519999999999999
0.3955675140938983,-0.1521187734564387,-0.6834471887647757,-1.6329483324457403,-1.5860044854536905,0.843637589865607,0.82
0.3282595344142528,-0.08598631628746681,-0.19422570518179377,-1.666507480019534,-1.6937858858868418,1.0777382332584091,0.8380000000000001
0.38121621759508184,-0.21728050854440328,-0.2445544780300271,-1.6268017366903866,-1.9178877270486179,0.7365613039861285,0.8380000000000001
0.304626934389587,-0.10506166788950826,-0.33044839500590045,-1.64301769798158,-1.6757772939805409,1.0125334118303955,0.8239999999999998
0.4636385157904901,-0.16332621627890392,-0.22977110694394515,-1.5983060454280493,-1.5887679362125442,1.059319591816405,0.8220000000000002
0.336005405461026,-0.11549987727761508,-0.5806991244234785,-1.6306799333163633,-1.6083938913193547,0.9050642304482163,0.7399999999999999
0.37810963235724887,-0.1155157607464394,-0.9453259937988974,-1.6299459912272176,-1.7469984161425567,0.5906207141285579,0.7799999999999999
0.3605357351907282,-0.10615040888891444,-0.351526336468497,-1.621123299732991,-1.6745959045921104,1.0032925458201658,0.8259999999999997
0.40324291016722524,-0.15214547577066795,-0.1703817934480717,-1.6092920459805402,-1.938461515534003,0.7005680980165411,0.8140000000000001
0.38961891373522417,-0.08979933842026215,-0.7141317171417532,-1.6322000046810052,-1.521041409777749,0.9659181530098158,0.816
0.47289892544631823,-0.1771818030182325,-0.28414540062017113,-1.5744499037693989,-1.9416395983417574,0.6840368175929781,0.838
0.29016201090763816,-0.09263398953139312,-0.7583470506665894,-1.6448655958700549,-1.7604267797811701,0.7163816429796257,0.82
0.38685371629350696,-0.171110695499996,-0.17773247515126095,-1.6017551174660636,-1.8181085160478796,0.867488458940647,0.794
0.3923120553469824,-0.10997159975365439,-0.5206108281282897,-1.6356041276506428,-1.668399132885213,0.84398415871315,0.8320000000000001
0.46149236150629,-0.15121494462155233,-0.16527532052363525,-1.6171356819416336,-1.8816144245925046,0.8853124066634684,0.8180000000000001
0.4056854053171874,-0.15756729637765138,-0.7070168639104858,-1.6056833606776284,-1.7600483538430514,0.6668649662376436,0.75
0.3794363295455777,-0.12597303714952351,-0.6383401800747539,-1.614751240431173,-1.8044090450709904,0.6744020231161572,0.83
0.3923080490242587,-0.16418565857588951,-0.10595917395896537,-1.6469799281855515,-1.7926869208798428,0.9097440060040728,0.76
0.3917322390283686,-0.1196666733433465,-0.7514571283071193,-1.630522736133428,-1.4413280792692176,1.1019137900587617,0.7939999999999999
0.49626805025108134,-0.1950812064043269,-0.3128623168604387,-1.5752697313664348,-1.7140683388988134,0.8180606273933839,0.7739999999999999
0.31987001630593276,-0.1099182000371827,-0.7417208600539904,-1.629821557006883,-1.6331721117657687,0.895139260920903,0.7999999999999999
0.3225229400723595,-0.09920799048108962,-0.8529063020490752,-1.6312609850759392,-1.4620906922681656,1.0930227850214407,0.78
0.38403495772571367,-0.13833291550511723,-0.8475723692184066,-1.6240539099389038,-1.4360721206672546,1.128652000050561,0.766
0.3710748539678723,-0.09394470985976316,-0.4689606642658238,-1.6406022670418625,-1.7283441439657696,0.7696500139453085,0.8059999999999999
0.46780682331534607,-0.15766671518296624,-0.22702141402927706,-1.6031226958344535,-1.7908015429240007,0.7746726644866857,0.8099999999999997
0.37435618694467226,-0.1335590570583761,-0.6401902456178491,-1.621262696514967,-1.5319074009685174,1.0527867550425591,0.7679999999999999
0.3574970456070262,-0.0907660687086383,-0.9289443124478085,-1.6439306553875364,-1.3697663141804637,1.1608436379841187,0.8119999999999999
0.33729086311819917,-0.12211068707681999,-0.5910336752796957,-1.6403447933497475,-1.536334935355741,1.1306528004568293,0.768
0.38356374620295697,-0.10627092370543653,-0.149905650584071,-1.649420135142801,-1.6378891202784853,1.1950738423008136,0.7979999999999999
0.4218000539666151,-0.13623325242534032,-0.5748432239202592,-1.6331174266267439,-1.8402850564688102,0.6167639937161474,0.836
0.36739932444943213,-0.13549845557013512,-0.7630967573185098,-1.642988820880851,-1.9727260847032377,0.5119993202341093,0.834
0.33009325953727303,-0.13851935108380165,-0.19057650658036762,-1.6301703268717924,-1.8111790648799309,0.8348774216568337,0.8119999999999999
0.3511973619814325,-0.11120948077937513,-0.7220235844214427,-1.6475472074739985,-1.6031387167844833,0.7801676692864904,0.834
0.3601682656247601,-0.12309583964314216,-0.4660087726469245,-1.6377585753452704,-1.7540251479725495,0.8400637756048759,0.822
0.34398145560734444,-0.10823473926747768,-0.5204233855406896,-1.621128567999447,-1.6756773453030163,0.8825908591946757,0.7939999999999998
0.4402512279402785,-0.13579346370011505,-0.3631109989428908,-1.613048011915572,-1.7077215851136238,0.8393110643182289,0.796
0.3708723576236331,-0.18250490532862584,-0.08440694125602154,-1.6111684600859904,-1.6951985003610452,1.1460964577064021,0.806
0.37527771498578794,-0.21066418362155376,-0.09930837860446577,-1.605556058128848,-1.7258654446796982,1.0393121113568886,0.782
0.40844158284157295,-0.15314188466549436,-0.5537543521547457,-1.6064316059164234,-1.637731689214112,0.9220198978718375,0.84
0.38794465534007827,-0.1390396123841214,-0.409102378475826,-1.632562187910998,-2.0393511831120947,0.5701425772089189,0.8079999999999999
0.3409062868539754,-0.10258333419372458,-0.6403785651613068,-1.612919147306608,-1.5247200742189213,1.0958089724133662,0.836
0.29180084638753917,-0.11220898799202525,-0.2949532296261845,-1.6372163249740312,-1.6548233097305547,1.1051902805217557,0.82
0.2983083736731904,-0.12373913493642798,-0.20476778671549262,-1.643074246152137,-1.8557817272308652,0.8159265005185652,0.7719999999999999
0.35336892922319624,-0.13038519934355036,-0.13515534383866942,-1.6381161627215886,-1.6808321032157882,1.0127171771814678,0.82
0.39472290580531305,-0.1374076534853408,-0.8626269351262137,-1.6365069156513616,-1.6916420226956719,0.6407909827974794,0.8260000000000001
0.4092951997998957,-0.15226359721086252,-0.10315967011901107,-1.6160965761391948,-1.667925734418672,1.138548997163614,0.774
0.42773987265293234,-0.1481565992914489,-0.18465752499347549,-1.5969882387433405,-1.789362729988024,0.8593907274418385,0.7579999999999999
0.4087632244149179,-0.14364288692314986,-0.3599346944133454,-1.601650171531162,-1.7747515413940105,0.814756157564155,0.8340000000000001
0.34913190645090586,-0.10556598303687878,-0.690260924159792,-1.6403216786949326,-1.709589168125737,0.8452578069314335,0.836
0.36658321437366426,-0.13585114152989802,-0.22578233313609342,-1.6326461497608669,-1.948284229803141,0.6935627047873235,0.7920000000000001
0.30623853806823104,-0.10245048435603774,-0.48596417531042596,-1.634532792527147,-1.6483077134746273,1.014147033273389,0.7899999999999999
0.39486493823973007,-0.14803925829020786,-0.1454702797375625,-1.6164588807877216,-1.925255872379029,0.6935079534080285,0.7760000000000001
0.39813540477352105,-0.1201328865537439,-0.25076677711101897,-1.629011017201259,-1.9330462992347226,0.6994974963286296,0.7580000000000001
0.40383435456994243,-0.1263390189101852,-0.5748414334472037,-1.623799533998315,-1.6290890322091316,0.9456355488700037,0.74
0.427052035429037,-0.11217381390125186,-0.30325497365608994,-1.6196972862039465,-1.723373042278416,0.8523801318827944,0.7619999999999999
0.3975978031221422,-0.12890003693863133,-0.14739687479479052,-1.631229468151288,-1.6886534182381316,1.0658882230042714,0.7080000000000001
0.41824915754218017,-0.10824065175470628,-0.7243683271939847,-1.6280835258533788,-1.7837531694012452,0.6946366438087169,0.802
0.43064713490326784,-0.12362991431383893,-0.8786042653566938,-1.6073917584574409,-1.4709215872483492,0.9331467959923406,0.822
0.304658733250609,-0.0925833522024187,-0.11817318487449938,-1.6609319420618158,-1.8385501908872444,0.9413459587552497,0.8360000000000001
0.4365163075265715,-0.17650779232569355,-0.2807106732254472,-1.6259288592256147,-2.0423619005474642,0.6741780923737275,0.816
0.33942384271498394,-0.08726530869525821,-0.24214835938189508,-1.6419276095173991,-1.7505212238773984,0.8872035803480196,0.834
0.404220380812164,-0.13493001867691493,-0.8175506067955445,-1.6240357342366216,-1.8964941018900234,0.5672936043478513,0.8020000000000002
0.3738788583282283,-0.11711495044002358,-0.22446126069112807,-1.6617776679859848,-1.8275834587166955,0.7801249400384718,0.8119999999999999
0.38762608138510785,-0.119020161625053,-0.5253668925688947,-1.6334326805438562,-1.7467900760540886,0.7587515205048384,0.742
0.3916187582440291,-0.13979900921033048,-0.5089840148654879,-1.620992504812958,-1.758405062773865,0.7765800700734133,0.772
0.32643012353886797,-0.12187898513240439,-0.5446543668340016,-1.6307382374290589,-1.9265177722630888,0.6570122600232687,0.822
0.3070032158023678,-0.07335524557826294,-0.36482619523047727,-1.637465143825922,-1.7521862205316094,0.8505081015489578,0.82
0.3542221515186682,-0.10184285646122236,-0.22922344044065143,-1.6219536634948353,-1.8421175762787456,0.8010993735323656,0.7859999999999999
0.4585116426588181,-0.1294648047016827,-0.25150135726933576,-1.6170477991415164,-1.6042726068195456,1.1099990579196874,0.826
0.3747492426812458,-0.1265454684540252,-0.39949973101026104,-1.6363951251933457,-1.669725302979458,0.923921602903612,0.8380000000000001
0.3533111410924398,-0.1318451891443155,-0.22115365497501993,-1.6472943173020453,-1.7723603760412854,0.8292398549236081,0.7180000000000001
0.3747977859895137,-0.10452076043931273,-0.7799469652397301,-1.6386971208386685,-1.8403119129585999,0.5992194343460626,0.7999999999999998
0.46953015043777063,-0.1875840297120699,-0.7041560082241011,-1.600310138169681,-1.5746626502233416,0.7972990966032527,0.82
0.319667957915977,-0.08427834248341078,-0.13469885101051715,-1.6642718086623767,-1.6980716484068843,1.1777878231403376,0.796
0.41301599480775847,-0.1756314161064246,-0.10035712607917302,-1.6326173322610886,-1.8041313852637006,0.7885192897312867,0.804
0.3574881674978256,-0.08293606705827195,-0.20941304578054265,-1.6476891657298371,-1.6774984155513502,0.9889676961153224,0.7859999999999999
0.3155259554807439,-0.0892652445113088,-0.7792023072735621,-1.650736031637929,-1.8306345771847221,0.643219286815997,0.7499999999999999
0.3491865021607223,-0.1524599404032389,-0.12830942216180807,-1.6383179407547315,-1.7751325610366326,0.9512907747660266,0.7060000000000002
0.35298153083036055,-0.15397368210970588,-0.4917766743830792,-1.6199278313796959,-1.6119935620657204,1.020774222035125,0.7179999999999999
0.3979192154683159,-0.12756875105149304,-0.33136937102212416,-1.62812918746995,-1.6424540671912973,1.0525531220824489,0.8240000000000001
0.44090058846022245,-0.16321516098391742,-0.4177606293554607,-1.6132210844014985,-1.8167467238218538,0.7025023445888476,0.768
0.44371410930250016,-0.13006840964575092,-0.3186497460384362,-1.6212094811405953,-1.633233655816134,1.0933175620815971,0.7599999999999999
0.5143835406301597,-0.23382042144729892,-0.3341477844978551,-1.6031187737987853,-1.7872940204999144,0.7846015905770958,0.812
0.4446227921195107,-0.17884962208431904,-0.5341685150691142,-1.6268066087784137,-1.699144451722761,0.7456868443295179,0.8039999999999999
0.4067064237420275,-0.12154163280361074,-0.23170762489923558,-1.6329607680349414,-1.8423633117165767,0.7204158628779909,0.8160000000000001
0.3693975139386397,-0.1080238250014502,-0.7185027250184131,-1.61865137858126,-1.5164867726672453,1.042334713794988,0.7859999999999998
0.34212012194380137,-0.06631158753000148,-0.3296663318371769,-1.6389911973801214,-1.629732371632928,1.1808581781122027,0.8099999999999999
0.4353497165622517,-0.14240096930689902,-0.18912532171116858,-1.6312385971270627,-1.9584432511255014,0.6504043021630795,0.836
0.42838619618140555,-0.15756576041125664,-0.49417926022314135,-1.5985851214656668,-1.9108753045140034,0.6367454881698449,0.816
0.38114163675789564,-0.14513441161378327,-0.7339010475204741,-1.628661564996928,-1.500359016304047,1.0049386208447944,0.8380000000000001
0.3857933588353286,-0.09775258932094918,-0.3441611991085881,-1.62895018907955,-1.717588887716812,0.8566767641332426,0.7399999999999999
0.4280013293293865,-0.137748661004023,-0.6517121064877553,-1.596476486271337,-1.4575183777984837,1.199038539758235,0.7680000000000001
0.39858062935954713,-0.14219331001007937,-0.2598960427971523,-1.6234684775998613,-2.0131048838536367,0.5938252258820639,0.8180000000000001
0.37192694877529275,-0.1181856338388285,-0.7885535221179699,-1.629892060963815,-1.6709492144057294,0.7083422753843067,0.696
0.3438633906777766,-0.08908473582530968,-0.3688061251191115,-1.6288192520659068,-1.5972021096978894,1.1473188183334173,0.802
0.3746814015741258,-0.1469492643950927,-0.30255108452551815,-1.6230927854626849,-1.6071926423466558,1.0797000502914276,0.836
0.3458199432802526,-0.13372392207774392,-0.8974356043059142,-1.622838445038485,-1.6466855503917672,0.7834942210031516,0.824
0.40393999261825375,-0.1205577072247015,-0.5231623558406405,-1.617569502811387,-1.690134356221737,0.8101967715686342,0.8119999999999999
0.29165211309786043,-0.06721228110644102,-0.4679927720909897,-1.6351967808805128,-1.5845244942021668,1.170601201211853,0.822
0.45374073464473924,-0.12972059710425604,-0.9150490117814627,-1.612674500363594,-1.5528052025123698,0.802803527122928,0.83
0.45162992125333035,-0.11883445837595989,-0.1782050417456119,-1.6519704164758484,-1.7682361245532852,0.8845387086419478,0.8260000000000001
0.36656254943279726,-0.08795119699375237,-0.1550961963433488,-1.65038490176165,-1.7723301631568489,0.9213458687855942,0.8380000000000001
0.37041864251420065,-0.10903499520962576,-0.07935796599706815,-1.6350332352646204,-1.7588520274139603,0.9176708122731476,0.8280000000000001
0.3480031654604112,-0.13030278422899488,-0.5103979296873967,-1.6457149285464778,-1.983844365037896,0.5878115893180633,0.8400000000000002
0.4516505786239149,-0.16470474458942627,-0.23633804244912848,-1.6235527570447352,-1.7474881075729418,0.8356807448776139,0.75
0.44139859341967436,-0.1488092283542867,-0.6974930609515078,-1.609130276377946,-1.461926827221789,1.1548350698243464,0.83
0.36468292453464846,-0.1396974035536196,-0.2245579489062483,-1.6251851163781235,-1.7915597638428797,0.7841681881500772,0.7439999999999999
0.44113162904032244,-0.1778861001901927,-0.15262792074064419,-1.6153097637826046,-1.8587639384786974,0.8365462384629623,0.806
0.4143751322430325,-0.1434139057766189,-0.20160516823049104,-1.6243053061816979,-1.9506344990040914,0.7477888364960555,0.7999999999999999
0.3825818137906788,-0.10811764538341445,-0.423495027156416,-1.6341424199365617,-1.694146046373522,0.8466078860784092,0.7539999999999999
0.4651574061475422,-0.1694554232171283,-0.19976584765737304,-1.5942668462395426,-1.8687984534114086,0.7615056292569934,0.8220000000000001
0.3716835907499568,-0.12712169489961866,-0.6807645132672856,-1.650208139717694,-1.7603284028477624,0.657376971410202,0.794
0.39975142894101084,-0.13125863047688027,-0.742623673854556,-1.6173698752018546,-1.5832154659913404,0.9117732428488432,0.754
0.3014112463097562,-0.09580838766927385,-0.9545580305023177,-1.6243648386408558,-1.557756213002292,0.8728704175358336,0.8260000000000001
0.33921550387250127,-0.12751573676420455,-0.9430780901141179,-1.6334064139944453,-1.4208928680527855,0.9974447143799804,0.84
0.44261911012929045,-0.1236858243755779,-0.19243005063571358,-1.6059816483802807,-1.7188452479618948,1.0296900864154217,0.8059999999999998
0.3475435592656642,-0.08250215476063082,-0.4266631755011898,-1.6236851647728352,-1.699451931096938,0.9982591278917634,0.8219999999999998
0.42283418477590173,-0.14449811594848663,-0.7801423427199876,-1.6076459130735754,-1.6272893808186129,0.7026592088239854,0.812
0.3820314258429529,-0.13789405216176526,-0.11882275881250812,-1.6245339493669837,-1.9316503824695446,0.8045418507716204,0.786
0.39637703139831715,-0.22418670481179137,-0.1521125553428841,-1.5928295345030088,-1.8894988544015219,0.8114550432787978,0.808
0.32299157463612727,-0.12930269218470014,-0.26575550582791146,-1.6474421751924564,-1.9013545621372114,0.6820333039182304,0.832
0.38276126638154195,-0.12247117604278318,-0.7340597042623067,-1.6161988516064199,-1.6820287256996338,0.7643185704974454,0.7819999999999999
0.3255377760622479,-0.13535341097669587,-0.7143316008580188,-1.6288134610424003,-1.601367293591281,0.9782989970238606,0.828
0.3208253912837006,-0.1179281661978602,-0.7147863497068048,-1.6185348933921158,-1.596444267268444,0.9077474201798977,0.726
0.40697586930695057,-0.14189388507181067,-0.8499631371489051,-1.624609130010421,-1.3947583049609582,1.066733904128387,0.7900000000000001
0.3137495855442305,-0.12972021486551008,-0.9321259193430366,-1.6298712843051846,-1.4797760978107937,0.960518271730589,0.8260000000000001
0.3372387517200024,-0.09840303522033744,-0.0858870324691551,-1.6521298536703648,-1.7487472858208388,1.0023785634642972,0.768
0.40989285563593125,-0.1002602700097002,-0.08064555005893742,-1.6362736885675546,-1.6662338524068054,1.1374184930802131,0.7979999999999998
0.32047986810296036,-0.10414885716888697,-0.262347338938976,-1.637453116373155,-1.7247111704344213,0.9659808763697656,0.7939999999999999
0.2661749146342028,-0.09246077195495238,-0.6152464938699295,-1.627899630173823,-1.6187543809847418,1.0003705347366756,0.838
0.42373387792105577,-0.12102792917568701,-0.7619177918934342,-1.6264305297427524,-1.4947739729643823,0.9476965377879598,0.8180000000000001
0.4373750511515237,-0.188910972390727,-0.5247583069788236,-1.6152955281816732,-1.8133916318726728,0.666526501541399,0.83
0.34459117002718515,-0.16002844793166254,-0.16509307332020676,-1.6373724955010593,-1.9209932312436442,0.7631550171114335,0.7300000000000001
0.4002504107635027,-0.12739177963228704,-0.8763361609115025,-1.6144411002161057,-1.723586186532331,0.6544096945409626,0.7979999999999997
0.36303752540744744,-0.14346982506895292,-0.41125960663115646,-1.6377919087262796,-1.8788572715843752,0.7079539173419113,0.836
0.3492457125626498,-0.11995940065431127,-0.47167567487065776,-1.6126146680738647,-1.7589080975599423,0.8244431627083196,0.7659999999999998
0.37111487248127584,-0.16582861578589564,-0.3528290777179742,-1.6222372945805137,-1.8205513336317505,0.7357948084272656,0.762
0.3711331724601513,-0.10099442991908487,-0.21928678519427475,-1.6354585296329376,-1.7508484049449824,0.8690872085607935,0.84
0.4187468036770893,-0.1161694743699918,-0.9658384260383174,-1.6126106281562034,-1.72839187606084,0.611088510904501,0.8079999999999999
0.4419995832126799,-0.17747662040421874,-0.22241651919552508,-1.6528397173931089,-1.786883030165904,0.8049359858950655,0.8200000000000001
0.3478368667830864,-0.12795705299636292,-0.9605882852215323,-1.631990050192626,-1.4452227905413333,0.906716695029602,0.7899999999999999
0.44723720883220064,-0.17253957397426697,-0.3176478139627097,-1.599540419615892,-1.8411577545245095,0.766483448940316,0.8340000000000001
0.3259134782315809,-0.1067450801828373,-0.09252317786571218,-1.635682586025307,-1.8390384988407662,0.8354898679633423,0.8399999999999999
0.3692661485043656,-0.1355037234185718,-0.9224652364897221,-1.6412569170794389,-2.0142334150202514,0.5009567397050364,0.7919999999999999
0.3638154320929531,-0.08879949393724632,-0.7878679281826722,-1.6210658961172382,-1.4533613506726921,1.1654625203162154,0.776
0.4341330568904382,-0.10389087184743626,-0.8207636002495904,-1.6467068097109236,-1.4058001426896578,1.1079282756989237,0.838
0.4191748298634094,-0.12926781429299508,-0.32910730528146176,-1.6197407031858342,-1.9409152203935642,0.6705349350031904,0.7879999999999999
0.4419119040873429,-0.15124246796861943,-0.4641987074650689,-1.6098030537237351,-1.6859840725142987,0.7902160688397863,0.7720000000000001
0.44360716201978545,-0.14471262336833302,-0.2617409738161414,-1.618236364606274,-1.8562920254445212,0.7257906718231938,0.8300000000000003
0.4587545019354749,-0.18966088388870647,-0.3236361372114414,-1.6194619627074038,-1.9062566811918944,0.6447794162330335,0.8079999999999999
0.28688679232117964,-0.10862578869042229,-0.11557452566526927,-1.6543563633569018,-1.8835135126713247,0.8985533125434533,0.7839999999999999
0.4349055140787695,-0.11791767056211216,-0.2416648279697382,-1.613876831994779,-1.5979718382110297,1.1682330608741434,0.8220000000000002
0.32337394758926175,-0.12351978415089192,-0.48231321346696315,-1.637855429923783,-1.8531594197652983,0.6808864894301295,0.834
0.27306693346873173,-0.0780832298994221,-0.2504546909769081,-1.6401872507057482,-1.8108847115588025,0.8758606568323851,0.7899999999999998
0.39769625483132487,-0.10356416100732399,-0.5879623896716478,-1.6198594585429973,-1.6056740148429454,0.8921396328588793,0.832
0.36638656651941265,-0.1423204048114083,-0.7804851986860377,-1.6327635790394848,-1.6349917486613135,0.7214159043300243,0.8019999999999999
0.3663824727001047,-0.11167637918866968,-0.1167730785719883,-1.6501465551313823,-1.7790768636512742,0.9716393784467428,0.654
0.388913233308347,-0.10712160456507724,-0.2908680821415718,-1.6401496851823758,-1.734711008353026,0.8931318332433847,0.792
0.36109564955908774,-0.13906037514316807,-0.7874462223135955,-1.619148309884693,-1.7840067838512048,0.6190522311371796,0.7919999999999999
0.41835311188207003,-0.16065758724581547,-0.09084777743499589,-1.6002515832090212,-1.7207477670475002,0.9955297992713055,0.758
0.3653499301091171,-0.11904512454125002,-0.10776376456366286,-1.647141969823333,-1.7149132791936217,0.9606977361533241,0.8
0.3216031457968144,-0.09339887027979586,-0.21947893657717601,-1.6407521531624496,-1.9898079302820435,0.7553447663093495,0.8160000000000001
0.39637041682416385,-0.11793952604297896,-0.1113177057975292,-1.6441688018260487,-1.819563902194426,0.945914877712204,0.8240000000000001
0.5033124232935603,-0.17970388131055298,-0.37339976441242756,-1.6015148510077226,-1.5844844308311994,1.0492758192368365,0.83
0.37455286486582917,-0.19194563337017595,-0.38060985065201475,-1.6164022599571661,-1.8844194542933594,0.6912745164535482,0.788
0.34455213631585213,-0.11409288873067294,-0.9017131161695983,-1.6176674654918817,-1.43690259448965,0.9846327694335346,0.818
0.37952183285975105,-0.14740937408925095,-0.17042007505667112,-1.6264049536727394,-1.8727461113782644,0.8326184730080121,0.7240000000000001
0.4389818253079113,-0.17288441877256883,-0.07781477555896424,-1.6217944539871358,-1.6948694187408944,0.9552416619681693,0.818
0.3700835881842756,-0.09982638122422262,-0.9256228991113369,-1.6348937547159583,-1.5572624812142668,0.8418874813902373,0.798
0.3532372747595188,-0.11464837604531454,-0.17802058188703407,-1.6464688659046534,-1.9146683260096629,0.7452429043609745,0.8100000000000003
0.269080270913015,-0.08789592243840258,-0.4741672654855937,-1.6279636095155992,-1.7750915376728698,0.8073740851864378,0.8319999999999997
0.34281564380943486,-0.1740273646829561,-0.15993424997009276,-1.6496372148927574,-1.9348073097152756,0.7513181111063919,0.8260000000000001
0.4061578882670682,-0.14302371062862534,-0.5914912558997967,-1.6306757933891143,-1.9391217086319423,0.5684758899448846,0.76
0.3247655097888571,-0.08944645345112684,-0.6445753158533595,-1.6582131009467265,-1.900250448868807,0.6358969745962704,0.7339999999999999
0.36853328182936007,-0.10629713960064041,-0.2501540919470287,-1.6372358220136354,-1.921894285567488,0.7527828111750646,0.822
0.3791889409769984,-0.12359593429209433,-0.8683650047448414,-1.6280575736925,-1.941410397201603,0.5481999270062452,0.798
0.3391359430670175,-0.15419000257816734,-0.2866425232669887,-1.6369706441178058,-1.809311499398092,0.7455131900404321,0.8300000000000001
0.3740547067226105,-0.08995023850743318,-0.6820433880216152,-1.6429852621362022,-1.7083241339466886,0.7266639605500407,0.7959999999999999
0.36362152081676163,-0.10727955706936457,-0.0798573913956411,-1.633967656983281,-1.7134073410838133,1.0899151803394815,0.748
0.3856841719504433,-0.10945711874787162,-0.5704486202666219,-1.6288327442432786,-1.8511113440325233,0.6813731476908986,0.7859999999999998
0.3976916675998962,-0.1315186162215559,-0.6720865131503458,-1.6436187387867598,-1.872858247972199,0.5987055988313257,0.8300000000000001
0.38413208668172155,-0.13301245879188434,-0.6420498262403685,-1.628768251800683,-1.6787574640013756,0.7588028030432367,0.772
0.3397144484146369,-0.08803014565616317,-0.42805559013737865,-1.626027528161869,-1.5980597425151346,1.1638769002141351,0.7999999999999998
0.37547175918331827,-0.12460937220517405,-0.3552071528930501,-1.6408898013230184,-1.9252622299955422,0.7310388328687365,0.828
0.416522721739847,-0.13237703947396465,-0.6563543087611168,-1.6368088235310936,-1.501627441186996,1.014492136097215,0.7559999999999999
0.39361584343143,-0.1319063553887466,-0.2564358996349768,-1.6188156968754033,-1.6150128439035718,1.0617402759580827,0.7439999999999999
0.4348637402045965,-0.14441780022159392,-0.19046723174720082,-1.6280082791140598,-1.8783684131136662,0.7754507192246337,0.782
0.45467445538221335,-0.18036150208808416,-0.2604043136387767,-1.6204664829552256,-1.9410089643476807,0.7114599779462328,0.804
0.3800698615338701,-0.08366833284731803,-0.840365583767072,-1.6166053186059437,-1.5171619294815903,0.8910064149838178,0.8099999999999999
0.30486563486211793,-0.111071758489547,-0.5989671828822598,-1.6268954195048342,-1.7958514622045463,0.7120576276052298,0.82
0.32542948678497546,-0.11788851623251204,-0.7458438974084535,-1.6377935296906352,-1.8752323246841938,0.6067284807025113,0.776
0.35282327309108624,-0.12473243832636262,-0.3949754010340704,-1.603510376826125,-1.6799338242155646,0.8843153424581341,0.8119999999999999
0.3841391639683589,-0.11719104568841524,-0.47119861452064127,-1.6373467590253943,-1.8039306779617337,0.6809582652775967,0.7979999999999999
0.3727685233563696,-0.15439844670211,-0.10803017857399422,-1.6500405484796896,-1.829300706872065,0.8943218300288579,0.736
0.4876002520552737,-0.19720184141695182,-0.2910733704148347,-1.5895394460470214,-2.0286515485932273,0.6196139718169438,0.8360000000000001
0.4067051172157803,-0.14194732124046372,-0.7416570409028409,-1.6278549428671762,-1.5460577473647978,0.8812682368316671,0.8119999999999999
0.4294150011066537,-0.1391001232175409,-0.1941356297175258,-1.6387424612896833,-2.051685795887395,0.7033947700708122,0.786
0.42019324791335777,-0.1648422530780282,-0.5980919448818787,-1.6063630251614331,-1.726082984042721,0.7309472315503502,0.81
0.37975248633282066,-0.11892029135988207,-0.19641763604551937,-1.6382304601118045,-1.7174331913570056,0.9425612993246663,0.786
0.3774298321947143,-0.13728611096743162,-0.10625482406473086,-1.6500969120304112,-1.8723275558149302,0.8191378641927519,0.756
0.38643134224837133,-0.1321810365703674,-0.10034486597040276,-1.633673401003124,-1.8016477092320065,0.8472560955810681,0.8400000000000001
0.3878817675781219,-0.10256064778508027,-0.418268591324818,-1.62047977304058,-1.6830703817200499,0.8648962216767072,0.7919999999999999
0.42639051752638796,-0.14440792940978875,-0.19050616016984048,-1.6257955489451708,-1.7378205213168796,0.9174540162113214,0.8079999999999998
0.3676337759243907,-0.11888932179096438,-0.7438869756666976,-1.622149001699599,-1.5499316825996405,0.9061011417151588,0.82
0.40693245041475634,-0.1416742808542294,-0.1758541515869864,-1.6245956559689487,-1.6445437472996756,0.9955132883830269,0.84
0.28452225310560353,-0.09961482359148664,-0.08275818927860906,-1.6627070303206781,-1.7352026798823486,1.1015648932170083,0.794
0.3492414101736286,-0.10730134327220846,-0.062062586382016977,-1.6260952340344206,-1.7419886935473299,1.0502251681287196,0.7699999999999998
0.3193035902068716,-0.09731118173949302,-0.5356031438613207,-1.645771469073011,-1.7612173452379172,0.7925276465784556,0.8200000000000001
0.4017565435692133,-0.15869932261526107,-0.6343094297230844,-1.6393053698591875,-1.6259983009796035,0.8713940812040993,0.82
0.30376617129263117,-0.08878317393171453,-0.3090929513399343,-1.6389073080621448,-1.76086277390143,0.7997071837765524,0.822
0.34301873953824213,-0.08975791555247005,-0.42375724797919756,-1.637507930738282,-1.61655947544606,1.0031483038150444,0.816
0.3315510907514023,-0.13402292918294487,-0.7709584529688818,-1.6242511543734186,-1.7550692011706321,0.7307318606349473,0.7999999999999999
0.44004476504656315,-0.12450732191823095,-0.4075735609951237,-1.6140242934222675,-1.6283132485960798,1.0082539501031784,0.8099999999999999
0.38458113209233147,-0.11372197134825103,-0.25493364720576667,-1.6322951670129073,-1.9534434537281251,0.6993937294660719,0.7680000000000001
0.3065956408764829,-0.1106704459073003,-0.595964794899686,-1.6322684531080518,-1.7021208484596682,0.7487207174312098,0.7959999999999999
0.5086919085214139,-0.15983244666470686,-0.8762522456952843,-1.5833148778538746,-1.4121281062682138,0.9757359594152228,0.8119999999999999
0.4000503959694206,-0.1280904260519457,-0.6665124555944325,-1.6140333273595207,-1.7689372653525952,0.6932200965945651,0.8280000000000001
0.3536074785943971,-0.11175849246160366,-0.8602943075532893,-1.6274703505949917,-1.4929781076428021,0.9610710088472324,0.7399999999999999
0.4572435383398218,-0.1875173599405638,-0.2594073213014307,-1.6113419541321607,-1.8734364650044966,0.7763860547705662,0.734
0.4010985667681092,-0.1393027455846866,-0.9040264754626808,-1.637890537095009,-1.8082729309284504,0.6139416066166216,0.7340000000000001
0.38081413818758586,-0.1326872754432288,-0.1692899913010222,-1.6595566443699612,-1.728248651512404,1.045558501740134,0.7479999999999998
0.4152361910540729,-0.14104305987306592,-0.3607630951819121,-1.615497170973626,-1.5989060686360066,1.1580963381181872,0.84
0.3981149303370457,-0.1316693602299927,-0.43535182809555406,-1.6158886563432073,-1.6619798271221207,0.9736136019407247,0.7839999999999998
0.44265397415042773,-0.14152440520845153,-0.8741689434934082,-1.593720194328331,-1.3985820775616074,1.0936408726744726,0.84
0.33751448317042165,-0.1576831372236717,-0.3200762137294648,-1.6403959154396115,-1.6329695288326598,1.0250037577021127,0.832
0.41390844832244944,-0.14700451795474398,-0.9940997219777432,-1.6401602613493893,-1.6017857003236438,0.6558062655110993,0.83
0.3288001682772533,-0.13770123352844157,-0.17811809857370717,-1.6432774009917357,-1.82945625683818,0.8146335810541714,0.8280000000000001
0.3639863158100698,-0.12143006736538511,-0.18510214453189422,-1.676035505697625,-1.7836246105977633,0.893463117031473,0.778
0.3827450971011711,-0.12106756005714257,-0.937355087516135,-1.6088680183035005,-1.4242538572953076,1.056411291694439,0.808
0.507346692149591,-0.2253874126974408,-0.19424592489446818,-1.5946788108199614,-1.9029453171617456,0.7191750158790833,0.81
0.42983697677624155,-0.1149670096513199,-0.851204193883687,-1.6122584229090982,-1.522722177755403,0.8750377241825841,0.8099999999999999
0.3549027301129014,-0.14975659047170492,-0.7387854869217938,-1.6088935162845466,-1.7860256196499016,0.6632319507295594,0.8339999999999999
0.44237398330859307,-0.19262161155349392,-0.1771989458039044,-1.5970312548922074,-1.6645618533720543,1.068042598057269,0.814
0.27034442496323385,-0.09882417028769047,-0.7189017295730245,-1.619428805513137,-1.562304717101186,1.0751517853230528,0.8320000000000001
0.40947297438441776,-0.1394926143415153,-0.4812190190076343,-1.610998309640859,-1.738585199033854,0.7742434697245297,0.7939999999999999
0.32141734155266455,-0.11728211940905678,-0.7597908703798827,-1.6429687838743101,-1.7401789253774824,0.6885017565076914,0.78
0.4439485163086283,-0.1405913916193281,-0.3436504957551835,-1.597262245553412,-1.9131932333978698,0.690345721064626,0.802
0.3391346017415495,-0.11599122469970824,-0.5959115365455064,-1.6156347991733433,-1.597079626594554,1.0039173872468108,0.7559999999999999
0.3172538873327022,-0.11435428198034367,-0.6911422064128215,-1.65514392515292,-1.5039096523973479,1.0519875795904041,0.83
0.31284916044604055,-0.15812758626809775,-0.1254794940364097,-1.6241536965048353,-1.798969002511838,0.9330582754762429,0.75
0.3767777482800389,-0.13474931034530208,-0.875960614896338,-1.6324701793857266,-1.5748895498922322,0.763596065159897,0.7999999999999999
0.3993770492565336,-0.16995084383098502,-0.34231486096092323,-1.604848926113336,-1.8213093291414726,0.7590515207416687,0.7439999999999999
0.4188935542780483,-0.11948495567110318,-0.9198603490838826,-1.6203499119783475,-1.435669418938968,1.0686585243090494,0.838
0.38444350202466865,-0.16766529395180643,-0.1429592856827754,-1.6277216761810338,-1.7811576353755003,0.9098658721557864,0.6900000000000001
0.4341389310731795,-0.149397442527295,-0.5535528498935539,-1.6011376954588423,-1.5409503648208274,1.021671932139423,0.818
0.3876025891673046,-0.1418178645130595,-0.17615553411113175,-1.6570659796162912,-1.8431512826503098,0.7836002954602789,0.8140000000000001
0.38618007580463803,-0.11969537512103598,-0.5727522558633548,-1.6431354385217092,-1.860621509384446,0.642362689092674,0.7799999999999998
0.3447144525401836,-0.10256473959977136,-0.8074214368929126,-1.6470288693196165,-1.6635681475801833,0.7923613841750715,0.818
0.30393222780984075,-0.10339610600331807,-0.20143008321132774,-1.6589381413004312,-1.7684242134752817,0.8735294624233678,0.8380000000000001
0.304674351570498,-0.11431317964912431,-0.09667951710910191,-1.6267309781810935,-1.7966639327473215,1.0116750608676548,0.732
0.4013499204799775,-0.11136483244102142,-0.9732233409246422,-1.6168384101201774,-1.573639823677104,0.743464460817621,0.832
0.33920726764845294,-0.10481915655308208,-0.5528373164073629,-1.6385526707897535,-1.8438093190987437,0.692249042355515,0.7800000000000001
0.33828792042131994,-0.09760692002764612,-0.919022848758599,-1.6467136416942936,-1.88420684980015,0.5676348579362372,0.7800000000000001
0.2968319651813418,-0.13458144241362727,-0.10577484360177783,-1.6450949921021498,-1.8066563644098916,0.96608016455253,0.752
0.3691207675268531,-0.1489278508119956,-0.1147267154378089,-1.6578451458334507,-1.8046652752003811,0.88738108614507,0.76
0.38522174765589645,-0.16551495907855707,-0.20847507862856737,-1.6013975780295946,-1.725163794312648,0.9828850804731801,0.8199999999999998
0.399032863919464,-0.14475564270950927,-0.33747471196907985,-1.6192634378367456,-2.0170752167383297,0.6049642248390169,0.824
0.3797938421012831,-0.1050634746171199,-0.5510259664457001,-1.621150708375734,-1.6995827381416766,0.7912087927813155,0.828
0.40128638364857666,-0.13426843313451345,-0.08698133440537664,-1.651868566771996,-1.7247714711241013,1.0889207716833325,0.812
0.4121522975640194,-0.11810079528961075,-0.48012700794857643,-1.6315644593752594,-1.59706944285544,0.9363263451399185,0.8039999999999999
0.39910250504007894,-0.1297140015245166,-0.2031355777740717,-1.6076369845379064,-1.7293084897082251,0.9181342991442898,0.7859999999999999
0.42222686786300856,-0.10988349238062384,-0.7796771430548758,-1.61820190362496,-1.571887189444474,0.8207145155229436,0.7879999999999999
0.32055057754538646,-0.10368449596372606,-0.7709997277536004,-1.6447434578154512,-1.4769769745100996,1.0275484371633938,0.832
0.3944080577625484,-0.09569832555468855,-0.472831772049483,-1.6051712908025646,-1.5488132121582767,1.195530979123466,0.8039999999999999
0.3556929146275316,-0.12617964967064454,-0.6784265218140254,-1.6097240459766586,-1.7301128010832307,0.6864021372422793,0.836
0.3696558930007766,-0.13256610114134557,-0.1697548756653539,-1.6498198131193182,-1.8092475992888535,0.883366143533209,0.794
0.39595178521104646,-0.14056853607386044,-0.48483663212892586,-1.6423281597710782,-1.6696548171434973,0.8703928242902049,0.78
0.36534735410654884,-0.19012095620791247,-0.15325717172240744,-1.6162722402623368,-1.7302279979358666,1.0642528619128255,0.8040000000000002
0.41883689570661115,-0.12798380194104084,-0.2154488774159936,-1.6324610398716688,-1.7279533192248007,0.8946966413159823,0.814
0.3766086504114859,-0.19547513124336208,-0.14821033459464386,-1.5995832399226408,-1.8302386176891312,0.8863089755944622,0.8299999999999998
0.39495161388716715,-0.155895988248764,-0.7541372554003514,-1.615768201613018,-2.0115429414746666,0.5280200394900832,0.766
0.3533441223045414,-0.0843813794319464,-0.1510987053906791,-1.6437521648905322,-1.8170363421322229,0.9013358808266836,0.7520000000000002
0.3554058069814085,-0.10999757468544147,-0.2177565833578902,-1.6464911496903527,-1.7166126496191219,0.8873332331557529,0.828
0.41801769803851935,-0.14765978706115462,-0.5355951764782186,-1.6291127118083406,-1.6511591696599073,0.8167300944925338,0.7719999999999999
0.3460517795981728,-0.12178944558684188,-0.6493280293337894,-1.6262272116377292,-1.576470954681597,1.0225298136145142,0.838
0.34963512264352176,-0.1302793492994688,-0.8836920189408708,-1.6223216893814012,-1.7007762764511771,0.7146049701050908,0.836
0.32970456333463427,-0.12212726397875182,-0.42173904284127606,-1.6255543342576033,-1.6651770400541626,0.9960664371143033,0.8280000000000001
0.4272679255924201,-0.12563849120270199,-0.7033767193053668,-1.6247711353603351,-1.8904982569020852,0.5893702751100486,0.8299999999999998
0.38019268732820233,-0.14378003185208282,-0.1303768169115911,-1.6287960284739122,-1.6972431862298305,1.1337271624832856,0.6920000000000001
0.382809047714415,-0.12766042385067294,-0.24462123491645957,-1.632241697421552,-1.7266941859567182,0.8886975160584561,0.8120000000000002
0.4223142050820756,-0.11786711268093793,-0.2591909406420654,-1.6296113266686256,-1.7860019355081187,0.7026377768836485,0.794
0.39946769177687647,-0.15602278754426743,-0.980172203593493,-1.6425805502137467,-1.6668269335423405,0.6550253058386333,0.832
0.36924939017501746,-0.09479434387438293,-0.9057319920776201,-1.6408145652704624,-1.4960819232027576,0.8741833772393011,0.814
0.3894872357427772,-0.13178183578369018,-0.325445682995587,-1.6275569314173257,-1.8685348509780948,0.7856005812337935,0.802
0.35148426851706605,-0.09094596661112861,-0.7763048358737217,-1.6249020396683092,-1.5925202902993068,0.9088332626186109,0.7719999999999998
0.35554582435168514,-0.09211534346033258,-0.5306914807883392,-1.6261986999715694,-1.5753612123392493,1.0737762746178237,0.6940000000000001
0.3706443250456088,-0.13230890661837172,-0.21439721906596443,-1.6227546068998797,-1.8476270110036004,0.803441942702528,0.8119999999999998
0.4121733231841327,-0.11495166974142038,-0.140212249444882,-1.6241835313945634,-1.7935792082482815,0.8961088954440287,0.8160000000000001
0.47441274312912474,-0.14162699935923811,-0.19606964606659627,-1.6115852707260583,-1.6150896352352873,1.1797846570268695,0.8399999999999997
0.40761967902362506,-0.14636995102151365,-0.18735477651371688,-1.6301951074031749,-2.0467156793617862,0.6442658697158211,0.808
0.39340144874090505,-0.11207074712592335,-0.11800464967518924,-1.6435262871126999,-1.716014248190979,1.168003813622519,0.808
0.36739274478135775,-0.13113176433104495,-0.18026891144128207,-1.6247249409847064,-1.6805101430560934,1.1501050729715776,0.836
0.34003300837369094,-0.0834180259233471,-0.8429384352795697,-1.6576197664229047,-2.054361957081379,0.4991098849850501,0.7980000000000002
0.36200129633975775,-0.13692063287830564,-0.7041835310047677,-1.6254997711804835,-1.9845179699404267,0.5508384958109761,0.8119999999999999
0.4254663908434371,-0.12583351477062837,-0.8093708668147626,-1.6008734950425125,-1.4204009152895307,1.10301058148178,0.824
0.4052596151801624,-0.1485946724067983,-0.16106454184537675,-1.6584991980478052,-1.9007665481216396,0.7615110258783816,0.7899999999999999
0.3821294747429137,-0.18783060858251371,-0.11595788763562939,-1.6253014268796124,-1.7229279050743769,1.0013705051276323,0.8380000000000001
0.26511426302516244,-0.08887418432965333,-0.833994148599062,-1.6370232543418404,-1.6536310047785472,0.8609928685815795,0.824
0.4219234425822104,-0.1139878012551755,-0.6309618440184639,-1.6228323284194077,-1.7421520403156825,0.7324674793793461,0.786
0.3648952255940669,-0.14136845591744024,-0.11286612302649161,-1.617262216736855,-1.7517413822682952,0.9346611701678595,0.76
0.4402635937702601,-0.15771489461122462,-0.824728088564616,-1.612511682515376,-1.6089064587940622,0.7809142790230704,0.83
0.4182577303119618,-0.14535269087526434,-0.7286046854853636,-1.6209310694403045,-1.667656105148113,0.713474600017349,0.7459999999999999
0.46759305967332626,-0.13018710148907495,-0.4373577599089108,-1.6119370697859992,-1.8795518074974031,0.6615126649416581,0.8080000000000002
0.3283382934661595,-0.11557060918481335,-0.32537600758858753,-1.640013354795721,-2.068339831705026,0.6272360924788701,0.8400000000000002
0.3419621828486651,-0.11684730616087584,-0.5738221025386632,-1.6491447271153477,-1.8863779102220253,0.6382148456962529,0.8340000000000001
0.35903703788488434,-0.11137933586648766,-0.9046060572531774,-1.642288911494227,-1.9249089976764355,0.508729251169489,0.814
0.3826037723642135,-0.15839892181632806,-0.11606134091611567,-1.6226071218253668,-1.706100585141787,1.0475413440879728,0.756
0.37097560624137693,-0.1412297990731399,-0.7021724667429763,-1.6216082346285519,-1.5627241494725974,0.9404236335516055,0.818
0.41383200643043855,-0.12441925513773985,-0.4433607304754906,-1.6293075558944408,-1.6308812964767536,0.9635237219933949,0.812
0.37257610538089836,-0.14118172054508354,-0.8141055231412353,-1.6404494268523349,-1.7352253318446633,0.6464357324271015,0.798
0.37270153342579626,-0.13761654981325708,-0.784812658695454,-1.616999992311811,-1.6723528757661357,0.7321331580459359,0.792
0.4304717504915183,-0.15844626503663883,-0.4704955802970048,-1.6265771809978888,-2.0694699058721278,0.5424733611574211,0.8099999999999999
0.4506567533825718,-0.1789868325044967,-0.1685045606379409,-1.6207399451023439,-1.8746849388751323,0.7745542147205318,0.782
0.35990901151528554,-0.11080314923081419,-0.14532599211177205,-1.6615318001130293,-1.7827835313906357,0.939758611050251,0.762
0.36277187366168345,-0.14260399801566917,-0.6088410346638358,-1.614589254292076,-1.7778570853566253,0.7185539728888234,0.8180000000000001
0.3613221603368455,-0.1255774751056581,-0.8519205598423258,-1.6405033710209593,-1.9605144661821428,0.5049559616062113,0.818
0.37435753928072213,-0.11660326044093923,-0.4181379140810433,-1.6338679145012662,-1.673508073379657,0.8278942312010523,0.8059999999999999
0.4212572239945682,-0.13249882094268833,-0.975026858358051,-1.626655453066921,-1.7183871307899252,0.5684623955910731,0.84
0.35130846264308413,-0.0993624291745372,-0.08945679580046895,-1.65419344882378,-1.7461281939691575,1.0437069954538096,0.6400000000000001
0.41240617325172324,-0.15919111787090573,-0.8004512261931005,-1.6138437774875025,-1.613018324820383,0.7129683749842913,0.8099999999999999
0.4328236773548982,-0.15064312133120158,-0.455658411825158,-1.6040750664593737,-1.8148313698746574,0.7091811557847711,0.8059999999999999
0.28572393704948407,-0.0887756982407725,-0.16028997756776509,-1.6355808739593858,-1.739654489232304,1.0988416690025464,0.8220000000000001
0.34758677870587085,-0.11603160855611612,-0.48925762592602284,-1.6270244509895069,-1.5552125966982446,1.0572951984344379,0.822
0.37581169406763715,-0.1284439381322995,-0.6959146217239953,-1.6167758687838603,-1.4497182045873274,1.158503761846845,0.8180000000000002
0.3676209594368691,-0.1372480788120201,-0.13687182768059833,-1.6463176762384808,-1.6789130616083028,1.0274221369323853,0.8200000000000001
0.38112510888567264,-0.16446727846353348,-0.381025138574978,-1.6267178842029943,-2.0073887840712548,0.6030527348499283,0.816
0.3049695755079421,-0.0941268931721169,-0.9235344953753881,-1.6361254311398574,-1.4683100691384594,1.004760979644304,0.788
0.399889916823718,-0.1718676153142493,-0.3828263111525996,-1.6194347099894588,-1.8056712644479398,0.7441359847462581,0.8339999999999999
0.45947441679074946,-0.17348725103890905,-0.5041991247893356,-1.6349872856631695,-1.6270691199993763,0.9003831778811735,0.808
0.33816472555351895,-0.14126706346004744,-0.21148368259064687,-1.6258612493905555,-1.7674261755281166,0.8715478756178736,0.7919999999999999
0.3295698064399263,-0.08312634988584683,-0.30130200651874617,-1.6314718084370436,-1.9950318321607579,0.6962455818257202,0.7979999999999999
0.4601100314581002,-0.133534459684105,-0.2988854990118601,-1.6147666066420858,-1.7525467579634362,0.821534508335393,0.8359999999999999
0.4069020243942471,-0.14211345920004897,-0.16196801771517208,-1.6356668987580352,-1.7443451787774171,0.9560982153609197,0.6399999999999999
0.38791191617451454,-0.10670226029278408,-0.8425563634071295,-1.6369340753759984,-1.5604902942918324,0.7806030521335395,0.81
0.38617998245800345,-0.15313219236274783,-0.1471440077984945,-1.6305937979759133,-1.766926021889695,0.9727811823065764,0.792
0.34422817282253915,-0.12954959023400112,-0.4830451197630369,-1.6048137953346682,-1.693656678161636,0.8650013775642958,0.828
0.4072417039433948,-0.16399242374642925,-0.1914516074521195,-1.6313051392208902,-1.832526296024205,0.714339335836666,0.822
0.4157762102948331,-0.18158651653736674,-0.31330369550522874,-1.6254263586341038,-1.7221651220647562,0.8414668012184128,0.7999999999999999
0.3412201741691486,-0.12302985725571271,-0.8410347848370175,-1.6324647220083357,-1.6226676253738426,0.7640177334306808,0.8099999999999999
0.342465785749616,-0.11487602930424867,-0.6686473381592289,-1.6476783762002865,-1.666230048149841,0.8291181544629104,0.7639999999999999
0.35546282566943527,-0.12218428244402901,-0.42795639517734524,-1.6288171178703683,-1.8297173262310367,0.7316784242629707,0.798
0.3992194523083149,-0.1090349842587283,-0.6918834721244931,-1.6153598369837554,-1.8592095352069837,0.6318986396804727,0.794
0.384439228080077,-0.12382596731959405,-0.8135362149490296,-1.6216290547681393,-1.4626104257738037,0.9382403957492031,0.834
0.45746015235284876,-0.12038290532612914,-0.2762469391079021,-1.6013044997544934,-1.5955397347018077,1.154340794459706,0.83
0.37973342467593774,-0.15406681681374318,-0.19054063996584464,-1.608910882094183,-2.0364035109539773,0.71068473784802,0.8039999999999999
0.3202424810898149,-0.10644807060859296,-0.16142253576131088,-1.6297500950118577,-1.6879185216419827,1.18514121922597,0.8339999999999997
0.4025371054982383,-0.1628258328054655,-0.16422136430945972,-1.618600323453776,-1.7168498963683014,0.9631306152892198,0.706
0.4408149241224193,-0.14750811474479544,-0.6876599522617758,-1.5957127756071883,-1.697672252656841,0.7244537858994033,0.7699999999999999
0.49626446205915314,-0.17843891205827467,-0.2033954337256571,-1.6108060319632111,-1.6668257932866024,0.9633332993183314,0.8320000000000001
0.4315753644074511,-0.16045906191611292,-0.3231272920115166,-1.6339838140934801,-1.817928355044247,0.7211224150678532,0.798
0.36192114213018806,-0.12472314141852708,-0.43518948520752104,-1.6079457253888438,-1.6478008825891415,0.9592227432482177,0.7879999999999999
0.34685072524022337,-0.13820742189663116,-0.16799210132517456,-1.6222074371941448,-1.7562254098607935,0.9278381654435179,0.792
0.37215544475542245,-0.11112739736595585,-0.6301380872812908,-1.6390089449542269,-1.8189165428407184,0.5953530181544122,0.826
0.32367480259155595,-0.12358079683892431,-0.7681627522794916,-1.6521931583260216,-1.6569084836719057,0.7709685799742062,0.7719999999999999
0.3709979233197267,-0.1229301322923453,-0.3651266794264343,-1.6194944266946212,-1.6885378781760372,0.9029722707130672,0.7320000000000001
0.40565123078130905,-0.11869301677391265,-0.25791166130067855,-1.6326414074276643,-2.1471870372959736,0.6093787718466086,0.8400000000000002
0.3544753262873054,-0.1245058980342859,-0.7257335471509399,-1.6229383889002253,-1.5143478679660953,1.032005197572923,0.84
0.3274500565715175,-0.10407272760991397,-0.35219687460165167,-1.632135462873204,-1.737097444092439,0.8933214218216667,0.8279999999999997
0.3455282425351551,-0.15114108430184103,-0.22653154313527438,-1.6361833747827896,-1.7049127420938435,0.9552609703964448,0.828
0.3712468180901688,-0.13651429545762567,-0.80223498355576,-1.6162045656676691,-1.4467154006307779,1.0330347499629042,0.8059999999999999
0.3555500628415028,-0.07955771265766272,-0.6516772737815947,-1.6263123875682048,-1.62094099831076,0.8267314481400283,0.83
0.46842271542469716,-0.18206023608526242,-0.12366251052198579,-1.600986761275922,-1.700918235909719,1.069094202334417,0.708
0.3205231711827251,-0.1192826701882865,-0.1828340832488204,-1.618154388709291,-1.6373402356772433,1.1274921452446436,0.7780000000000001
0.38836074921228747,-0.14569284881321726,-0.21026163238305748,-1.6359788987797872,-1.8008251187056348,0.7315817581105316,0.8360000000000001
0.41021725037503837,-0.15390167846828592,-0.5397028780633675,-1.6130247183863806,-1.870718102134883,0.6235442421289564,0.756
0.4190506029398633,-0.1300835769660887,-0.8559599957354145,-1.615781547127189,-1.6114261762200874,0.7034816805716881,0.836
0.482139662728779,-0.1723776356735926,-0.3966246241564169,-1.6258491907545582,-1.9316607507578907,0.6032540249230572,0.808
0.35098208381137347,-0.1003331349756319,-0.7810012342192809,-1.639898069560961,-1.6291338376135525,0.7769335765489578,0.746
0.4158235218899406,-0.12018409246773251,-0.8637956204323843,-1.6075704652928067,-1.5018658609988866,0.9515023650776036,0.836
0.4135121862926026,-0.16008255128149396,-0.16659920414115564,-1.612875813785509,-1.7154189573039877,0.9017053716563603,0.7919999999999999
0.38476732880188336,-0.13047694278545274,-0.812951684066841,-1.6468043357422661,-1.7230950207647673,0.6086503549906906,0.832
0.3904322739936249,-0.1532789003824802,-0.06604596060481942,-1.640994411201942,-1.699694681133039,1.0548056823441376,0.706
0.3867269165004197,-0.09736578491829098,-0.7415119955734364,-1.6250722253561511,-1.6183286609941032,0.7450225332988015,0.7779999999999999
0.43080730116864846,-0.16093704901295336,-0.6726447090862294,-1.6275478370759162,-1.5757914266601325,0.8752598773315274,0.8320000000000001
0.42514442891763443,-0.11450509226135015,-0.2102860931184124,-1.6421480562846018,-1.6758614425858844,0.9818356941818324,0.7840000000000001
0.3695070835702803,-0.13364226547791963,-0.17237910602376555,-1.6569185959369936,-1.7730610439473742,0.8089302798739728,0.7919999999999999
0.3469432163484468,-0.13966012220142937,-0.14012842390568142,-1.613980915949043,-1.925867012434106,0.8173606498465691,0.762
0.2881763935126349,-0.08580583051950291,-0.8679495707036429,-1.621746011297736,-1.3976023568146827,1.159500701661471,0.834
0.37520648760728237,-0.21302472285593058,-0.1785011660802095,-1.6231075718588355,-1.8693678385935624,0.7788418599720336,0.7600000000000001
0.3851046020445622,-0.13346607251003678,-0.6312714038061821,-1.6337877847297502,-1.7740089900192277,0.6690565246298494,0.8140000000000001
0.33153505091015134,-0.09824448312029437,-0.1330730693592543,-1.6188903433262725,-1.6774558545782248,1.1646187072037815,0.7899999999999999
0.4029748743414132,-0.16673226864458213,-0.17009017225062883,-1.609170199624537,-1.8834952809486645,0.80421098082246,0.8320000000000001
0.365064214902716,-0.11633314193305948,-0.28080888736192156,-1.6282016954035277,-1.6716103412636953,1.0063215654396485,0.7300000000000001
0.4383033797282088,-0.1292520243208591,-0.5459702519634217,-1.6119193577336213,-1.6126672737572165,0.8538162553528121,0.82
0.4533696429727439,-0.17775190578004557,-0.5112013577088372,-1.6080856450436394,-1.836844274051001,0.6473554331266651,0.8160000000000001
0.47131907505090964,-0.1999118196895675,-0.17077698370605215,-1.608067034839258,-1.6916623279934213,1.0385704486633032,0.794
0.38796110257513783,-0.1563230597163416,-0.9249386417149721,-1.61992500723479,-1.4272492113971174,0.9249684121624367,0.83
0.40263707757353556,-0.12189309550800087,-0.11293806332888827,-1.6213103380478777,-1.7433414074213232,1.0945287144094806,0.8179999999999998
0.4029463263858904,-0.09313724191115005,-0.8846654461741945,-1.6359849805332458,-1.6906354051042625,0.6611768201142685,0.8099999999999999
0.3727393886436158,-0.1265371832173844,-0.2963810375212928,-1.6407159438462553,-1.645643820803543,0.9626393898480817,0.8220000000000002
0.29280574074891436,-0.08778846044772137,-0.07999751648601192,-1.6507346608924018,-1.6935936089988417,1.199535450101167,0.8019999999999999
0.44611311532698106,-0.16555916162953546,-0.49771186045951465,-1.5919695411829815,-1.8506551957066772,0.6446784232841446,0.84
0.4095902107663586,-0.14363025303490556,-0.9286219533821309,-1.6091495103356777,-1.418124784431045,1.052272437221555,0.7579999999999999
0.3961664724208898,-0.11009499632895861,-0.3426123169904402,-1.6449658366565238,-1.5735432238747762,1.14008774864916,0.826
0.3810418934851485,-0.2180005013997939,-0.0902238305375101,-1.6342238645587635,-1.775378685974413,0.9638267449845416,0.8360000000000001
0.3260688422049384,-0.08839152519305776,-0.7420908175899279,-1.6504658480801666,-1.7773908481357303,0.7053162355846732,0.786
0.3851792195798098,-0.14671126333736878,-0.9778441231740471,-1.6100638889959966,-1.6457041620220936,0.6658774843272764,0.8019999999999999
0.3787633114356425,-0.08965300877477561,-0.18049900715154893,-1.6376768569078892,-1.647487132904317,1.1651930850362606,0.7419999999999999
0.3966589544007108,-0.14103952921445112,-0.9883786007188301,-1.61175023209446,-1.9036219005507404,0.5203197296016998,0.822
0.36367697469541743,-0.08860179272896529,-0.8694697664355274,-1.6357770150292146,-1.4429698529287847,1.0183440009039437,0.814
0.3271791534753333,-0.15520855065684772,-0.17277426693462092,-1.6364749457409757,-2.006275071649413,0.728861920269948,0.8400000000000001
0.29142411570997806,-0.13260916135006454,-0.9896707880047727,-1.6332102078945556,-1.5167266449912133,0.8564700710691874,0.756
0.3665808760834094,-0.09534752983590532,-0.29907082918153755,-1.6159139660706066,-1.7940988109002225,0.8662498453858878,0.74
0.4004656072368591,-0.20168625914919414,-0.28945581374741935,-1.6218757642902433,-2.1203820249275873,0.5891259299086201,0.7760000000000001
0.40478478263219836,-0.14729976905468242,-0.17489169311019095,-1.6575728607872418,-1.9668541194134375,0.686319527070138,0.8399999999999999
0.40770599388207895,-0.15804227237438906,-0.5436464624582182,-1.6354642298667992,-2.000692444622799,0.5308261177011228,0.7879999999999999
0.39351552912512655,-0.16161296170107436,-0.11279499676517066,-1.6185978217452845,-1.8778611829250385,0.8821927417941852,0.802
0.3663049833637193,-0.13719195257093403,-0.4629547476219261,-1.6053063993521794,-1.7302916771197616,0.8381888393766235,0.8379999999999999
0.28746628341295166,-0.09218440954714889,-0.12241702636756316,-1.6468781190718826,-1.9319496963374805,0.8811403790103308,0.77
0.36510572343120135,-0.10255312206228177,-0.7178749421293672,-1.6317242887473702,-1.8087647218732876,0.6439317266212982,0.7639999999999999
0.4321557813855814,-0.1265333575805811,-0.12748500763017218,-1.6207548904114133,-1.6718144688481118,1.0439319813884884,0.806
0.4321181332643192,-0.10774317801715556,-0.7527801672375589,-1.6098967411090093,-1.4487321443884666,1.044835211838999,0.8039999999999999
0.371947572630763,-0.10593762455655861,-0.5181195937332508,-1.6282804088861984,-1.5799834232849046,0.9727936466789775,0.832
0.4583847822621376,-0.15166306253014544,-0.7675708138227932,-1.6139353201497573,-1.5462959221560177,0.7875554959924296,0.8120000000000002
0.4058612632568219,-0.14383379005656305,-0.5448661164313507,-1.61659886661539,-1.7315007599935026,0.7111468699822838,0.788
0.3700443205378399,-0.12196547066180664,-0.2886775197325135,-1.6270749665344932,-1.9778479831534073,0.639261718782694,0.8340000000000001
0.361869138543719,-0.1377231987420786,-0.5316846795736528,-1.63709897599447,-1.7204862288704073,0.8185061009376607,0.8339999999999999
0.361927074194596,-0.11016690041750833,-0.5596450786098462,-1.6195967432477916,-1.65868311722199,0.8755751317013591,0.7819999999999999
0.37652611211183185,-0.1233793012433772,-0.7884744886641774,-1.6356661128781762,-1.6718233541201808,0.8095807922024488,0.816
0.37456849078756627,-0.10051200999830877,-0.1600208376673357,-1.6383338112976167,-1.8889013419569205,0.8374626730791431,0.7420000000000002
0.43604939829307415,-0.1434115336112772,-0.2884033319099121,-1.6223720625906488,-1.865270295779052,0.7285843413808845,0.7339999999999999
0.46559149362992286,-0.19683759045451038,-0.47583741307297167,-1.5817772331278075,-1.7848768141311084,0.6429871397857363,0.834
0.3311123078614775,-0.12190324457686029,-0.17106405172190448,-1.643936740044847,-1.6709381631727267,1.1439632263114854,0.7959999999999999
0.38028640790572343,-0.08006415775607584,-0.5081519222478557,-1.6367038234194937,-1.6918719839372334,0.9153931779840991,0.8180000000000001
0.46869597764370463,-0.17007049040998595,-0.351974683726507,-1.5934015205134602,-1.6746221439041955,0.8999351654996681,0.802
0.3847815131583388,-0.12793025599315905,-0.2428040526841364,-1.6218275140768508,-1.9382531248120864,0.7458139511991346,0.814
0.3508534504557702,-0.12244205433453725,-0.3690111207701627,-1.6291680801377098,-1.8856914460643899,0.7466570850670301,0.8039999999999998
0.392910670551976,-0.11036136581945716,-0.9027769439521508,-1.6302617468483396,-1.5526342691624144,0.7983711170841747,0.762
0.3814705343195154,-0.1384226465156421,-0.21254083087887954,-1.6306946256419628,-1.6552602426737462,1.077300231207665,0.7879999999999999
0.3118925795891073,-0.12120046585266543,-0.13717838126036963,-1.647332050869214,-1.893344175106487,0.8819642966464487,0.8019999999999999
0.44676842856553295,-0.16332749260466542,-0.29339781175912727,-1.6049906249951063,-2.0373949065104706,0.6045171640881603,0.8340000000000001
0.46381170800887134,-0.17260232212381235,-0.6682621675741967,-1.5855161966327724,-1.6202505901410595,0.8181812301860865,0.84
0.3671633421656573,-0.14267531860574006,-0.1588912121689675,-1.614422443667559,-1.7717503626319226,0.8715825339392607,0.774
0.367953117288789,-0.1387031006110374,-0.25723034534780875,-1.6503511698448539,-1.8132414537653818,0.7632303093487087,0.7979999999999999
0.4108917010382838,-0.1352400377239199,-0.9670943228914619,-1.6374441067061,-1.8271293722532838,0.5492443599264536,0.8240000000000001
0.40712501952571173,-0.13993195972041955,-0.4003994734377222,-1.6307126260024158,-1.6276413877918257,0.9711032788475912,0.836
0.36251968431382353,-0.1641729617366368,-0.08627052583500866,-1.6319592489179782,-1.68873177270826,1.1789975377963857,0.772
0.31041441710248296,-0.10156426147212143,-0.3171225381055268,-1.6471386181157897,-1.9389570798802862,0.687673268984079,0.8140000000000002
0.3304337808994793,-0.1133628802754993,-0.4691980249388794,-1.6383566227177313,-1.8784791558724114,0.6883288886014851,0.7819999999999999
0.4111372327973792,-0.17147797500748618,-0.2816615565520718,-1.6084378071545558,-1.7952687336386692,0.7497692498348408,0.7779999999999999
0.4301130468730355,-0.14220612232052754,-0.5379942582321294,-1.5986228262797695,-1.6008569923828249,0.9710517138681976,0.834
0.3919485393037144,-0.12832194010745301,-0.18580487045688454,-1.6481998528920243,-2.075108065659858,0.6473190189378734,0.802
0.344794596648069,-0.11532051873342285,-0.42626387080999745,-1.646072980799361,-1.6062486006174737,1.0601804156541734,0.82
0.3978115093923968,-0.1719790904497874,-0.517215104239841,-1.6095362834644118,-1.5407127717611702,1.0612583305528276,0.814
0.4358114054292931,-0.14238892549294266,-0.19547603542409883,-1.5966443649773838,-1.700512355036576,0.9468164065677347,0.776
0.430854231957016,-0.12890525228078809,-0.4352135021594045,-1.6166292230942862,-1.5763657330876586,1.0656182440816346,0.814
0.3781794663562436,-0.15798649295343276,-0.6746180189415043,-1.6438374021664213,-1.7515654886410927,0.6628850938652779,0.8220000000000001
0.3670206615188374,-0.13477797242410697,-0.27568101241671245,-1.6370222244638815,-1.7517571468546378,0.8335102213498378,0.728
0.3212759228224853,-0.12100690648403159,-0.9988766520943261,-1.625518523871212,-1.5405314492783126,0.8255299542888065,0.822
0.31913038769096214,-0.08683336131299693,-0.7973255608977895,-1.6551705868384925,-1.6047746721115494,0.8408044493773635,0.7780000000000001
0.3653544332846994,-0.10126650048012725,-0.7137274441557154,-1.6336390084665238,-1.5771664583719347,0.8742194731057419,0.832
0.39648913422226506,-0.14566957350962007,-0.07306428047076201,-1.616813133901348,-1.676918408710291,1.1523896775274467,0.742
0.3922379444205605,-0.09941604140024665,-0.2958928598845714,-1.6411246939321797,-1.752422611802148,0.8729278985812268,0.7939999999999999
0.3989510038756712,-0.15390270398936545,-0.2768149262485738,-1.6215077169027357,-1.6502999942272465,0.9873640760246702,0.746
0.33256429437354296,-0.1326937534752707,-0.8896302483164521,-1.625563733310307,-1.5589974644206441,0.8727595263143731,0.776
0.38834378075876896,-0.159987206115587,-0.41418105951024875,-1.6242717311299197,-2.100400807557633,0.5553943682921777,0.786
0.3997625849063722,-0.17023243984922742,-0.1352993011899636,-1.6061539696599754,-1.8275510876637546,0.9419258071577489,0.8360000000000001
0.3421744775808956,-0.1107774654018973,-0.21462131631990916,-1.6460706021780331,-1.7352587257100804,0.9845273465120131,0.7559999999999999
0.32158463900958145,-0.07843877763582766,-0.2865243911804838,-1.6456824553209775,-1.683462176991471,1.0765771428411166,0.774
0.3959796714429937,-0.14490772398836876,-0.7079900049767885,-1.6103805349969995,-1.7582333705411683,0.668556213012131,0.792
0.37272206343816844,-0.14465704367062718,-0.21035623094881425,-1.6135350739553196,-1.9355264949783646,0.7355642450332316,0.764
0.35260946542127986,-0.09674648645490726,-0.3947773162245318,-1.6541247456882229,-1.64741819255209,0.945762651498867,0.7959999999999999
0.3808452587436921,-0.15042962327623177,-0.8472520867053622,-1.6303212790207806,-2.285955467368978,0.42712671586222756,0.8220000000000002
0.3913095181108531,-0.21238858140080086,-0.2422902335055094,-1.598003058666903,-1.7900504013965202,0.8195968173979159,0.836
0.5193748560554359,-0.17746098697887655,-0.11096086711681741,-1.6097791298012294,-1.6333428939233876,1.0884370768391518,0.754
0.41851927746489787,-0.19949298179347175,-0.33009240984114285,-1.6068010756852449,-1.851969315107962,0.7680915588010679,0.84
0.36243453954173205,-0.12937690258713058,-0.6162488300595685,-1.6320374309116532,-1.8341353929851583,0.6049609044475499,0.84
0.3480435653574988,-0.12103767781314466,-0.6883916574371899,-1.6170021225062636,-1.6199168964828965,0.84466218804165,0.7639999999999999
0.3637517574256125,-0.10798973206159566,-0.724267346643098,-1.6299279563238944,-1.6384064619445966,0.8226574763252271,0.8140000000000001
0.32300388208690034,-0.10750141649832208,-0.16739280852791988,-1.6526829305709343,-1.7421905881376467,0.9858356186672623,0.8220000000000001
0.37237303758700996,-0.13000375262979658,-0.7563016934166892,-1.6283677144473696,-1.7105105201916597,0.6799194467445788,0.8099999999999999
0.3367950617904739,-0.1297533986373759,-0.20975542407026646,-1.6372383631410887,-1.8987105845421686,0.7723838270662047,0.802
0.4518487243748315,-0.19748270336489254,-0.5361573588529571,-1.5920865653231,-1.6881731229379724,0.7720516929178397,0.81
0.40269940369334867,-0.13181447750698178,-0.4657511033804191,-1.6007987604342262,-1.5757901355636001,1.0009244216838484,0.8059999999999999
0.3904620957902061,-0.11951028466570834,-0.999665250290769,-1.6230324051381073,-1.4635382238885577,0.8899207256355759,0.7999999999999999
0.4133586261842896,-0.18596118703876374,-0.13447426346257965,-1.6049114820553947,-1.7170568562833195,1.0090802850451195,0.8340000000000001
0.3327432369563599,-0.09840653262976935,-0.6570460997269938,-1.649467347815216,-1.5694623130491705,0.9683455403973935,0.7979999999999999
0.3484809175804452,-0.10647018235953065,-0.1683872746709011,-1.6685828933071054,-1.93935586150036,0.779420239155347,0.768
0.37859544603310086,-0.14756175682497977,-0.4074559159076546,-1.6349320650327668,-2.048286902572923,0.5593519183536291,0.7919999999999999
0.3596104708395033,-0.16764266258434243,-0.34229732610400704,-1.6275987157948666,-1.8689631025351432,0.7077687350325826,0.8160000000000001
0.436713988618574,-0.1612137351759145,-0.5962580626609029,-1.5689257111380406,-1.5460480703918285,0.9647641862529648,0.832
0.4163003072053153,-0.15195273737920514,-0.45440860316424414,-1.5911438059810432,-1.753506013897994,0.7873135850935129,0.83
0.37252863186389623,-0.09684092139999598,-0.7374803864901237,-1.6255286493707224,-1.5661445675612684,0.9056388069927778,0.81
0.31306118275975714,-0.14251688072718624,-0.7095598887059135,-1.6133584102427676,-1.5949928183556938,0.8926765903257112,0.796
0.3703772171951404,-0.12023583827719446,-0.8051836261679096,-1.613863862071556,-1.7051918350574997,0.6947955697403609,0.828
0.35035428782423456,-0.13694021234325254,-0.841135825357492,-1.614551335099033,-1.7373369215530905,0.6756962311666479,0.7659999999999999
0.2995718743816041,-0.09999569328021254,-0.2042084628201733,-1.642324913262078,-1.8247730410310443,0.8872724718644251,0.8079999999999999
0.33704758198131807,-0.11681002832300807,-0.933424968563615,-1.6271435646340038,-1.6351809210782768,0.667462092080604,0.7839999999999999
0.44372163319428587,-0.18117347563297723,-0.30423274703791514,-1.6006174923004977,-1.7334780257878415,0.8672577390381477,0.7899999999999999
0.39035530185312217,-0.12187426165246819,-0.8657234252184839,-1.6185990910358417,-1.7551860323964703,0.662334383869557,0.7959999999999999
0.3334795856241229,-0.1301434746568128,-0.6414389742731296,-1.6359762165805207,-1.700889885948555,0.7244298272438723,0.838
0.3330828526439353,-0.17422841694137922,-0.10126168307502356,-1.6158538506452114,-1.7867719794222303,0.9507200268128697,0.758
0.36742850140556016,-0.13722402716112642,-0.7063708043989384,-1.6256030269252912,-1.5544152974795213,0.9621637809914156,0.7099999999999999
0.44149933230167976,-0.17633888383405227,-0.22218037773596708,-1.588829525270001,-1.935358509125266,0.8021272229786136,0.808
0.3054448478010262,-0.10091711847083432,-0.7085175781330696,-1.6446025955856134,-1.5615681004929785,0.9676828078058709,0.826
0.3888162128520027,-0.10332790571767553,-0.6750981091160735,-1.619215593489377,-1.6556939421630115,0.838121334241931,0.7839999999999999
0.3810934705319982,-0.1268836279536712,-0.1806243817909708,-1.6442300322163514,-1.6806590292588164,0.9569484890088452,0.7419999999999999
0.4078018939413146,-0.16322330948734548,-0.35486499992401915,-1.6116303008557429,-1.8517408810349105,0.686025476008585,0.82
0.40447284563697994,-0.12528887612145898,-0.7230855308734987,-1.615765143970001,-1.5963581275908905,0.8534781919476224,0.744
0.3105301022025085,-0.10916569908294722,-0.8814941285636323,-1.6577155801477588,-1.5364738079445697,0.8538997658938605,0.822
0.43618240524928065,-0.17673464214557255,-0.16906857974302197,-1.6052752823533925,-1.9101640287680504,0.7923330881763629,0.722
0.4094703994917213,-0.1390506906073708,-0.6862205302124695,-1.6314356004423503,-1.9384250853359994,0.5527099984342403,0.8059999999999998
0.3691858238485739,-0.11890639507761436,-0.1655932667680935,-1.6200160971782271,-1.9384942293082854,0.8144066043134601,0.7859999999999998
0.39362142686534957,-0.10044013083207198,-0.1842131681767068,-1.6441994481257323,-1.8671999694618768,0.8193543479687568,0.79
0.42272820335057987,-0.16253237966827114,-0.11111225541900964,-1.621726868568185,-1.680846731481064,1.189167438733875,0.698
0.39373939210430964,-0.10199917862791817,-0.48046794575921825,-1.627508609743273,-1.589517955863605,1.0263014730197355,0.7819999999999999
0.2951418276423148,-0.1118742191872869,-0.6375513555285398,-1.6332020135695298,-1.6218760223906443,0.873902262754341,0.824
0.38724418558271073,-0.11710074767703786,-0.2533975698217562,-1.6390772203712864,-1.7262121771662715,0.8902698331660381,0.7499999999999998
0.3701863754472595,-0.14697829929138437,-0.35231218097771877,-1.6345910666492314,-1.8855786326034434,0.6697371923203876,0.7759999999999999
0.3303581974129826,-0.12762804215689907,-0.16088529671723067,-1.6356888920742052,-1.8253544746059804,0.9037441476240925,0.8360000000000001
0.43476937849319114,-0.12295741907647575,-0.5438941797064285,-1.6399097256069213,-1.7046742869313305,0.7948703583385316,0.822
0.3089366274043918,-0.1122661162173914,-0.8523623309787247,-1.6386659305730533,-1.7809570848265894,0.6601820988498825,0.7599999999999999
0.28484458267484036,-0.11018905491540179,-0.8560141379160818,-1.641216827474414,-1.4291543313486081,1.196494094722778,0.8140000000000001
0.4493465698444994,-0.1520824350601271,-0.22564321289253497,-1.62597772070053,-1.6539442191289206,1.0733239028174664,0.804
0.4094756670847895,-0.15749297445658714,-0.9544438819955501,-1.6052317774743003,-1.565548938133077,0.7622449294815072,0.78
0.38811627016027583,-0.1328743393361514,-0.9132442949324934,-1.65124908451183,-1.9317264919905017,0.5089925668113315,0.822
0.3035875326089742,-0.10632890907155215,-0.3898171007711018,-1.6265096252037508,-1.6444696982692704,1.0579346584963245,0.8039999999999999
0.4047884330836395,-0.19052093858760094,-0.18575304166230588,-1.643687148920074,-1.975196910701167,0.700087770396976,0.8
0.4026773911082465,-0.17267863275145967,-0.24859862882813327,-1.640187715856593,-2.070827986219523,0.6312299671437778,0.8380000000000001
0.322228482748727,-0.10955464560773776,-0.9796280710962207,-1.6523934175953592,-1.6785935236351823,0.6759653600518383,0.8239999999999998
0.42013534617338244,-0.127081252800762,-0.9107637171232238,-1.625795240086302,-1.6155303180406217,0.7333091316212916,0.8340000000000001
0.3702513090592542,-0.1139324741944623,-0.6690899710151074,-1.657029557230194,-1.5801256323715056,0.9523213579969126,0.8099999999999999
0.30420191339972297,-0.09470823859349341,-0.2316345581649001,-1.6212155067855785,-1.6819496442999489,1.0489426305467338,0.7859999999999999
0.4576870384723491,-0.16317098758067708,-0.296125327380216,-1.6210627509190139,-1.8171329793354396,0.7350859396615862,0.7999999999999999
0.43276235909348837,-0.11201041506723386,-0.1972759542332358,-1.638534769146967,-1.648944545305938,1.120825672907572,0.8099999999999998
0.352808498413939,-0.14221825142171785,-0.7663222527210748,-1.621049058909625,-1.4636771059021576,1.0454009765817596,0.7780000000000001
0.4365527342638463,-0.17822818687832767,-0.6581471479532659,-1.6168901077617612,-1.9279871558117758,0.5504595862814564,0.7699999999999999
0.3993724638035623,-0.1421904209839784,-0.4256220760651469,-1.6126497316889663,-1.7513400660587193,0.796085280761774,0.838
0.3717151473186528,-0.13378458738700658,-0.828981335420084,-1.6380916956439495,-1.8306893080560245,0.5709651154892901,0.84
0.36824512236059354,-0.11519501760599404,-0.46500518489580533,-1.6364315134399043,-1.6359729984035232,0.8979896103743685,0.8039999999999999
0.42359702435661617,-0.14075779667552435,-0.14843093856357287,-1.6287073354918502,-1.799161005734339,0.930802310074416,0.8320000000000001
0.3571171342319341,-0.10664547536014295,-0.46781134983478057,-1.6337831508635208,-1.8767938224345346,0.6517832955716836,0.8200000000000002
0.4356534276743445,-0.12338729186633735,-0.6535185676901574,-1.6139725102424962,-1.4556079241346065,1.1795027275219518,0.7939999999999999
0.36217722033596506,-0.08935102016485015,-0.1422860570020663,-1.65338709067158,-1.7212096137356658,0.9699566978753875,0.7999999999999999
0.31623760534678275,-0.1308932738764243,-0.452937808108777,-1.6341168026937376,-2.0061024429357808,0.5840348956244378,0.8319999999999997
0.43257165386888596,-0.16745468839938443,-0.23065385353277043,-1.623868210526357,-1.6963238832709222,0.9152122223572857,0.758
0.34401289560136,-0.07715757883256914,-0.11918858224781345,-1.6641806699129438,-1.747461428616372,1.0199464799812972,0.832
0.32313775088231195,-0.10880481594048153,-0.786847385790809,-1.625744734081056,-1.925672799770712,0.5590946046505726,0.8119999999999999
0.3234999935607918,-0.09518727255373076,-0.7789955428970972,-1.6218253187109792,-1.5357299579827381,1.010016008006509,0.8079999999999999
0.38293510455856944,-0.11280808338384962,-0.49419412910418237,-1.6158558037072965,-1.7928420744962112,0.7304173176570136,0.7799999999999999
0.439358385825037,-0.16353777580910642,-0.16178659133549603,-1.6399020057259817,-1.7315920183404168,0.8891598665173104,0.7880000000000001
0.3864943964268535,-0.1075102981779493,-0.94020685958818,-1.627896483636593,-1.5029387782605959,0.8048350119671756,0.7839999999999999
0.30916733000458724,-0.12256519326279389,-0.9171292176954972,-1.6330070764332314,-1.8555431515449048,0.5870277467462971,0.8239999999999998
0.33435642861977694,-0.09803446385406243,-0.614920934362734,-1.6229160770743813,-1.6904083943306147,0.8596714734134439,0.8179999999999998
0.4042725995049847,-0.13172358185372013,-0.894278090183886,-1.6353204639951684,-1.6617846675718475,0.642274671237764,0.826
0.3561412164821636,-0.1437760501244923,-0.191633439472472,-1.6376509646570963,-1.74223828380803,0.9580352588172696,0.6739999999999999
0.3588937697842257,-0.12030617029259938,-0.6554029434084796,-1.6188179816926775,-1.621372933900972,0.8787849057206908,0.7219999999999999
0.45218734169865715,-0.1260848740426116,-0.16673175308013014,-1.6202557151258705,-1.6195119086814578,1.1407177610381283,0.826
0.4606090115985868,-0.20086703478703377,-0.19315454027556256,-1.5991899046985174,-1.7122458790641382,0.9188891082185732,0.8380000000000001
0.4217490530439156,-0.12752243683193107,-0.253211000879238,-1.6280033601123385,-1.8472240978908354,0.7643462088459817,0.8079999999999999
0.47931504405381664,-0.21706862772093227,-0.2287210564974929,-1.583754928660808,-1.7836677923755218,0.8000589680834596,0.776
0.42901019461065715,-0.12261046024419195,-0.13862493354310507,-1.615772661604389,-1.8109527149807443,0.9949975258203398,0.8220000000000001
0.4585386636787067,-0.14278383695413846,-0.7363858726526381,-1.610331223924513,-1.5882850586220394,0.7314207859978228,0.8079999999999999
0.4000488169535049,-0.1651443143077406,-0.18026816636745352,-1.6416547225559779,-1.6794471292027209,1.0361451540766762,0.8200000000000001
0.3385301273140878,-0.1226958201286225,-0.12244364898902035,-1.654402898337185,-1.9067403691924172,0.7871889028440566,0.8240000000000001
0.4170363520682312,-0.12918565525683476,-0.7057622764180378,-1.6340481235112245,-1.4651223568430596,1.0167917496031307,0.7719999999999999
0.43180624504475257,-0.16075815407048089,-0.21230301882106106,-1.6081297526301956,-1.7039669319896806,0.933724296357668,0.78
