Meso-D3,NMP-D3,PreNeural-D3,p0/p1-D3,EarlyVentral-D3,Meso-D3.2,NMP-D3.2,PreNeural-D3.2,p0/p1-D3.2,EarlyVentral-D3.2,Meso-D3.4,NMP-D3.4,PreNeural-D3.4,p0/p1-D3.4,EarlyVentral-D3.4,Meso-D3.6,NMP-D3.6,PreNeural-D3.6,p0/p1-D3.6,EarlyVentral-D3.6,Meso-D3.8,NMP-D3.8,PreNeural-D3.8,p0/p1-D3.8,EarlyVentral-D3.8,Meso-D4,NMP-D4,PreNeural-D4,p0/p1-D4,EarlyVentral-D4
0.05,0.852,0.0,0.0,0.0,0.05,0.696,0.05,0.0,0.0,0.07,0.28,0.178,0.0,0.0,0.136,0.096,0.444,0.02,0.0,0.166,0.03,0.416,0.112,0.0,0.178,0.01,0.226,0.334,0.0
0.05,0.852,0.0,0.0,0.0,0.05,0.678,0.06,0.0,0.0,0.064,0.288,0.226,0.0,0.0,0.128,0.116,0.436,0.028,0.0,0.16,0.05,0.418,0.15,0.0,0.172,0.012,0.26,0.338,0.0
0.05,0.852,0.0,0.0,0.0,0.054,0.712,0.062,0.0,0.0,0.064,0.316,0.214,0.0,0.0,0.086,0.124,0.432,0.028,0.002,0.1,0.06,0.346,0.128,0.018,0.112,0.022,0.136,0.372,0.042
0.05,0.852,0.0,0.0,0.0,0.052,0.684,0.052,0.0,0.0,0.07,0.266,0.176,0.0,0.0,0.114,0.096,0.41,0.022,0.002,0.14,0.03,0.27,0.126,0.012,0.146,0.002,0.118,0.376,0.03
0.05,0.852,0.0,0.0,0.0,0.054,0.622,0.058,0.0,0.0,0.09,0.294,0.224,0.0,0.0,0.142,0.116,0.312,0.03,0.006,0.18,0.046,0.238,0.15,0.042,0.204,0.022,0.132,0.34,0.076
0.05,0.852,0.0,0.0,0.0,0.05,0.648,0.068,0.0,0.0,0.06,0.3,0.242,0.0,0.0,0.084,0.116,0.412,0.02,0.006,0.098,0.044,0.33,0.14,0.03,0.102,0.022,0.172,0.326,0.094
0.05,0.852,0.0,0.0,0.0,0.05,0.636,0.054,0.0,0.0,0.092,0.276,0.236,0.0,0.0,0.142,0.108,0.414,0.02,0.0,0.186,0.04,0.34,0.148,0.0,0.194,0.018,0.198,0.34,0.0
0.05,0.852,0.0,0.0,0.0,0.05,0.688,0.052,0.0,0.0,0.082,0.264,0.184,0.0,0.0,0.146,0.08,0.428,0.018,0.0,0.188,0.024,0.312,0.122,0.0,0.202,0.006,0.126,0.406,0.0
0.05,0.852,0.0,0.0,0.0,0.05,0.7,0.058,0.0,0.0,0.062,0.308,0.18,0.0,0.0,0.114,0.114,0.41,0.016,0.0,0.154,0.036,0.34,0.14,0.0,0.17,0.012,0.16,0.364,0.0
0.05,0.852,0.0,0.0,0.0,0.056,0.634,0.052,0.0,0.0,0.09,0.282,0.232,0.0,0.0,0.14,0.092,0.452,0.024,0.0,0.192,0.036,0.376,0.146,0.0,0.202,0.018,0.214,0.378,0.0
0.05,0.852,0.0,0.0,0.0,0.05,0.662,0.046,0.0,0.0,0.074,0.258,0.196,0.0,0.0,0.15,0.078,0.368,0.022,0.0,0.192,0.02,0.288,0.156,0.0,0.214,0.004,0.094,0.406,0.0
0.05,0.852,0.0,0.0,0.0,0.054,0.634,0.05,0.0,0.0,0.094,0.272,0.208,0.0,0.0,0.134,0.106,0.404,0.014,0.0,0.174,0.03,0.29,0.106,0.0,0.2,0.006,0.15,0.332,0.002
0.05,0.852,0.0,0.0,0.0,0.05,0.688,0.052,0.0,0.0,0.064,0.254,0.198,0.0,0.0,0.152,0.084,0.438,0.026,0.0,0.194,0.022,0.4,0.14,0.0,0.206,0.002,0.224,0.376,0.0
0.05,0.852,0.0,0.0,0.0,0.05,0.66,0.046,0.0,0.0,0.076,0.328,0.214,0.0,0.0,0.124,0.16,0.378,0.016,0.0,0.154,0.066,0.32,0.122,0.0,0.176,0.032,0.182,0.354,0.0
0.05,0.852,0.0,0.0,0.0,0.052,0.694,0.05,0.0,0.0,0.078,0.334,0.202,0.0,0.0,0.128,0.144,0.406,0.016,0.0,0.172,0.068,0.4,0.112,0.0,0.202,0.028,0.234,0.294,0.0
0.05,0.852,0.0,0.0,0.0,0.054,0.648,0.042,0.0,0.0,0.07,0.26,0.204,0.0,0.0,0.13,0.098,0.382,0.014,0.0,0.168,0.034,0.196,0.132,0.006,0.18,0.012,0.092,0.4,0.016
0.05,0.852,0.0,0.0,0.0,0.052,0.636,0.038,0.0,0.0,0.076,0.242,0.228,0.0,0.0,0.138,0.08,0.428,0.012,0.0,0.174,0.02,0.272,0.118,0.01,0.192,0.01,0.13,0.354,0.026
0.05,0.852,0.0,0.0,0.0,0.054,0.63,0.064,0.0,0.0,0.082,0.248,0.198,0.0,0.0,0.136,0.086,0.436,0.018,0.0,0.158,0.034,0.23,0.116,0.0,0.166,0.014,0.092,0.406,0.0
0.05,0.852,0.0,0.0,0.0,0.054,0.652,0.054,0.0,0.0,0.094,0.268,0.2,0.0,0.0,0.124,0.102,0.432,0.022,0.0,0.156,0.032,0.328,0.136,0.0,0.162,0.016,0.154,0.398,0.002
0.05,0.852,0.0,0.0,0.0,0.052,0.648,0.052,0.0,0.0,0.072,0.268,0.188,0.0,0.0,0.132,0.096,0.336,0.01,0.0,0.158,0.038,0.208,0.114,0.014,0.174,0.008,0.078,0.344,0.054
0.05,0.852,0.0,0.0,0.0,0.056,0.654,0.052,0.0,0.0,0.074,0.288,0.194,0.0,0.0,0.13,0.114,0.386,0.022,0.0,0.168,0.052,0.262,0.104,0.002,0.184,0.02,0.138,0.374,0.002
0.05,0.852,0.0,0.0,0.0,0.05,0.742,0.056,0.0,0.0,0.07,0.336,0.144,0.0,0.0,0.12,0.088,0.372,0.02,0.0,0.15,0.016,0.36,0.108,0.0,0.174,0.004,0.136,0.35,0.0
0.05,0.852,0.0,0.0,0.0,0.05,0.67,0.06,0.0,0.0,0.062,0.236,0.232,0.0,0.0,0.11,0.082,0.398,0.018,0.002,0.146,0.014,0.258,0.13,0.032,0.152,0.008,0.114,0.354,0.09
0.05,0.852,0.0,0.0,0.0,0.052,0.65,0.042,0.0,0.0,0.078,0.3,0.21,0.0,0.0,0.124,0.106,0.36,0.012,0.0,0.168,0.046,0.272,0.144,0.0,0.178,0.02,0.12,0.396,0.0
0.05,0.852,0.0,0.0,0.0,0.052,0.698,0.056,0.0,0.0,0.076,0.304,0.172,0.0,0.0,0.148,0.1,0.354,0.018,0.0,0.19,0.034,0.312,0.108,0.0,0.214,0.014,0.136,0.334,0.0
0.05,0.852,0.0,0.0,0.0,0.054,0.642,0.058,0.0,0.0,0.076,0.264,0.214,0.0,0.0,0.134,0.102,0.424,0.014,0.0,0.18,0.034,0.346,0.118,0.0,0.188,0.01,0.162,0.314,0.0
0.05,0.852,0.0,0.0,0.0,0.05,0.644,0.062,0.0,0.0,0.098,0.264,0.212,0.0,0.0,0.158,0.106,0.41,0.018,0.0,0.2,0.038,0.302,0.154,0.002,0.222,0.016,0.192,0.338,0.002
0.05,0.852,0.0,0.0,0.0,0.05,0.68,0.058,0.0,0.0,0.062,0.274,0.2,0.0,0.0,0.088,0.082,0.37,0.018,0.01,0.116,0.028,0.286,0.108,0.054,0.122,0.012,0.114,0.266,0.124
0.05,0.852,0.0,0.0,0.0,0.05,0.688,0.06,0.0,0.0,0.062,0.318,0.202,0.0,0.0,0.12,0.13,0.448,0.026,0.0,0.152,0.06,0.372,0.136,0.0,0.168,0.02,0.246,0.358,0.0
0.05,0.852,0.0,0.0,0.0,0.05,0.624,0.062,0.0,0.0,0.07,0.284,0.25,0.0,0.0,0.134,0.128,0.408,0.024,0.0,0.152,0.04,0.286,0.14,0.006,0.17,0.016,0.164,0.384,0.018
0.05,0.852,0.0,0.0,0.0,0.05,0.682,0.068,0.0,0.0,0.074,0.266,0.224,0.0,0.0,0.134,0.106,0.446,0.022,0.0,0.184,0.036,0.41,0.146,0.0,0.2,0.014,0.25,0.336,0.0
0.05,0.852,0.0,0.0,0.0,0.05,0.698,0.066,0.0,0.0,0.058,0.282,0.172,0.0,0.0,0.104,0.094,0.432,0.02,0.0,0.14,0.024,0.33,0.126,0.0,0.148,0.008,0.136,0.406,0.0
0.05,0.852,0.0,0.0,0.0,0.05,0.676,0.046,0.0,0.0,0.07,0.284,0.214,0.0,0.0,0.118,0.09,0.432,0.016,0.0,0.168,0.032,0.404,0.112,0.0,0.18,0.012,0.202,0.322,0.0
0.05,0.852,0.0,0.0,0.0,0.05,0.742,0.054,0.0,0.0,0.072,0.328,0.128,0.0,0.0,0.116,0.094,0.372,0.022,0.002,0.176,0.03,0.36,0.112,0.004,0.196,0.01,0.154,0.35,0.004
0.05,0.852,0.0,0.0,0.0,0.05,0.602,0.056,0.0,0.0,0.08,0.246,0.25,0.0,0.0,0.13,0.09,0.422,0.018,0.006,0.172,0.034,0.342,0.12,0.022,0.182,0.014,0.202,0.326,0.048
0.05,0.852,0.0,0.0,0.0,0.052,0.69,0.04,0.0,0.0,0.072,0.312,0.174,0.0,0.0,0.124,0.104,0.304,0.018,0.002,0.172,0.042,0.226,0.13,0.022,0.176,0.01,0.096,0.358,0.06
0.05,0.852,0.0,0.0,0.0,0.05,0.708,0.058,0.0,0.0,0.068,0.324,0.162,0.0,0.0,0.116,0.114,0.39,0.026,0.0,0.146,0.05,0.306,0.134,0.0,0.16,0.02,0.144,0.402,0.0
0.05,0.852,0.0,0.0,0.0,0.05,0.618,0.054,0.0,0.0,0.072,0.214,0.236,0.0,0.0,0.114,0.072,0.414,0.012,0.012,0.136,0.024,0.21,0.134,0.056,0.14,0.012,0.084,0.388,0.118
0.05,0.852,0.0,0.0,0.0,0.05,0.664,0.054,0.0,0.0,0.076,0.316,0.216,0.0,0.0,0.13,0.126,0.374,0.008,0.004,0.152,0.044,0.3,0.104,0.028,0.16,0.03,0.17,0.274,0.08
0.05,0.852,0.0,0.0,0.0,0.052,0.68,0.05,0.0,0.0,0.068,0.318,0.204,0.0,0.0,0.138,0.13,0.406,0.022,0.0,0.182,0.046,0.304,0.154,0.0,0.2,0.02,0.17,0.382,0.0
0.05,0.852,0.0,0.0,0.0,0.052,0.664,0.054,0.0,0.0,0.072,0.32,0.196,0.0,0.0,0.126,0.132,0.408,0.024,0.0,0.178,0.056,0.312,0.138,0.0,0.206,0.024,0.172,0.358,0.0
0.05,0.852,0.0,0.0,0.0,0.05,0.622,0.054,0.0,0.0,0.09,0.236,0.244,0.0,0.0,0.152,0.066,0.444,0.012,0.004,0.184,0.024,0.314,0.128,0.034,0.194,0.006,0.14,0.326,0.09
0.05,0.852,0.0,0.0,0.0,0.05,0.658,0.05,0.0,0.0,0.086,0.274,0.192,0.0,0.0,0.178,0.084,0.382,0.018,0.0,0.234,0.022,0.326,0.11,0.0,0.256,0.002,0.154,0.32,0.0
0.05,0.852,0.0,0.0,0.0,0.05,0.708,0.06,0.0,0.0,0.06,0.298,0.18,0.0,0.0,0.126,0.08,0.384,0.022,0.0,0.168,0.02,0.35,0.126,0.0,0.196,0.012,0.158,0.352,0.0
0.05,0.852,0.0,0.0,0.0,0.05,0.646,0.064,0.0,0.0,0.072,0.3,0.254,0.0,0.0,0.124,0.124,0.464,0.016,0.0,0.148,0.056,0.388,0.126,0.0,0.162,0.024,0.2,0.33,0.0
0.05,0.852,0.0,0.0,0.0,0.05,0.664,0.068,0.0,0.0,0.05,0.24,0.22,0.0,0.0,0.09,0.062,0.43,0.026,0.01,0.12,0.018,0.236,0.132,0.054,0.126,0.008,0.064,0.358,0.138
0.05,0.852,0.0,0.0,0.0,0.052,0.658,0.054,0.0,0.0,0.078,0.288,0.23,0.0,0.0,0.126,0.112,0.426,0.026,0.0,0.15,0.036,0.334,0.176,0.0,0.162,0.006,0.182,0.43,0.0
0.05,0.852,0.0,0.0,0.0,0.052,0.712,0.056,0.0,0.0,0.07,0.3,0.16,0.0,0.0,0.136,0.09,0.384,0.04,0.0,0.184,0.04,0.33,0.146,0.0,0.202,0.014,0.144,0.39,0.0
0.05,0.852,0.0,0.0,0.0,0.05,0.736,0.048,0.0,0.0,0.066,0.334,0.156,0.0,0.0,0.128,0.096,0.396,0.02,0.0,0.176,0.03,0.4,0.126,0.0,0.198,0.006,0.216,0.348,0.0
0.05,0.852,0.0,0.0,0.0,0.05,0.636,0.05,0.0,0.0,0.082,0.29,0.21,0.0,0.0,0.136,0.098,0.356,0.03,0.002,0.182,0.048,0.262,0.138,0.022,0.204,0.014,0.136,0.356,0.05
0.05,0.852,0.0,0.0,0.0,0.05,0.688,0.074,0.0,0.0,0.05,0.316,0.21,0.0,0.0,0.068,0.122,0.418,0.016,0.004,0.082,0.038,0.32,0.134,0.022,0.088,0.014,0.152,0.36,0.048
0.05,0.852,0.0,0.0,0.0,0.05,0.652,0.05,0.0,0.0,0.068,0.29,0.22,0.0,0.0,0.096,0.11,0.418,0.014,0.0,0.106,0.044,0.316,0.106,0.0,0.12,0.012,0.118,0.338,0.002
0.05,0.852,0.0,0.0,0.0,0.052,0.652,0.06,0.0,0.0,0.078,0.31,0.212,0.0,0.0,0.122,0.126,0.464,0.016,0.0,0.152,0.06,0.406,0.124,0.0,0.164,0.03,0.214,0.362,0.0
0.05,0.852,0.0,0.0,0.0,0.05,0.648,0.05,0.0,0.0,0.076,0.272,0.21,0.0,0.0,0.142,0.106,0.334,0.024,0.012,0.176,0.032,0.208,0.13,0.064,0.19,0.016,0.112,0.304,0.156
0.05,0.852,0.0,0.0,0.0,0.05,0.66,0.05,0.0,0.0,0.076,0.31,0.184,0.0,0.0,0.098,0.092,0.35,0.028,0.01,0.15,0.042,0.252,0.116,0.048,0.16,0.02,0.114,0.306,0.142
0.05,0.852,0.0,0.0,0.0,0.052,0.716,0.064,0.0,0.0,0.06,0.314,0.172,0.0,0.0,0.114,0.118,0.436,0.022,0.0,0.144,0.044,0.366,0.152,0.0,0.156,0.018,0.192,0.396,0.0
0.05,0.852,0.0,0.0,0.0,0.05,0.714,0.052,0.0,0.0,0.06,0.328,0.178,0.0,0.0,0.114,0.128,0.416,0.026,0.0,0.15,0.064,0.384,0.12,0.0,0.17,0.02,0.192,0.338,0.0
0.05,0.852,0.0,0.0,0.0,0.05,0.662,0.062,0.0,0.0,0.07,0.296,0.208,0.0,0.0,0.12,0.108,0.428,0.022,0.0,0.13,0.028,0.33,0.146,0.0,0.148,0.01,0.17,0.394,0.0
0.05,0.852,0.0,0.0,0.0,0.052,0.64,0.056,0.0,0.0,0.076,0.274,0.236,0.0,0.0,0.116,0.116,0.412,0.018,0.008,0.138,0.056,0.286,0.11,0.036,0.144,0.022,0.132,0.274,0.106
0.05,0.852,0.0,0.0,0.0,0.052,0.676,0.046,0.0,0.0,0.066,0.268,0.194,0.0,0.0,0.136,0.112,0.38,0.024,0.0,0.174,0.05,0.266,0.126,0.018,0.184,0.016,0.11,0.35,0.056
0.05,0.852,0.0,0.0,0.0,0.052,0.666,0.06,0.0,0.0,0.064,0.254,0.216,0.0,0.0,0.112,0.08,0.38,0.02,0.0,0.15,0.03,0.248,0.148,0.024,0.16,0.008,0.112,0.39,0.062
0.05,0.852,0.0,0.0,0.0,0.05,0.668,0.066,0.0,0.0,0.062,0.306,0.208,0.0,0.0,0.106,0.098,0.434,0.03,0.0,0.132,0.02,0.38,0.148,0.0,0.14,0.008,0.194,0.424,0.0
0.05,0.852,0.0,0.0,0.0,0.05,0.714,0.05,0.0,0.0,0.058,0.264,0.172,0.0,0.0,0.15,0.07,0.434,0.016,0.0,0.2,0.02,0.394,0.122,0.0,0.226,0.006,0.188,0.344,0.0
0.05,0.852,0.0,0.0,0.0,0.052,0.648,0.062,0.0,0.0,0.078,0.322,0.19,0.0,0.0,0.114,0.13,0.356,0.034,0.006,0.138,0.052,0.268,0.134,0.026,0.152,0.022,0.136,0.338,0.054
0.05,0.852,0.0,0.0,0.0,0.056,0.666,0.054,0.0,0.0,0.084,0.282,0.174,0.0,0.0,0.14,0.108,0.38,0.012,0.018,0.17,0.03,0.306,0.1,0.06,0.186,0.01,0.162,0.272,0.122
0.05,0.852,0.0,0.0,0.0,0.05,0.672,0.048,0.0,0.0,0.08,0.288,0.206,0.0,0.0,0.162,0.116,0.418,0.03,0.0,0.208,0.05,0.344,0.134,0.002,0.222,0.02,0.174,0.372,0.002
0.05,0.852,0.0,0.0,0.0,0.05,0.748,0.05,0.0,0.0,0.064,0.298,0.136,0.0,0.0,0.124,0.102,0.428,0.032,0.0,0.154,0.042,0.394,0.134,0.0,0.17,0.01,0.21,0.38,0.0
0.05,0.852,0.0,0.0,0.0,0.052,0.672,0.052,0.0,0.0,0.082,0.3,0.184,0.0,0.0,0.148,0.12,0.406,0.03,0.0,0.176,0.036,0.338,0.148,0.0,0.186,0.012,0.218,0.374,0.0
0.05,0.852,0.0,0.0,0.0,0.052,0.686,0.058,0.0,0.0,0.064,0.276,0.198,0.0,0.0,0.11,0.108,0.402,0.02,0.0,0.152,0.038,0.264,0.128,0.0,0.162,0.01,0.114,0.422,0.0
0.05,0.852,0.0,0.0,0.0,0.05,0.672,0.054,0.0,0.0,0.08,0.242,0.194,0.0,0.0,0.134,0.092,0.448,0.014,0.0,0.168,0.022,0.344,0.112,0.0,0.18,0.004,0.17,0.342,0.0
0.05,0.852,0.0,0.0,0.0,0.054,0.63,0.046,0.0,0.0,0.076,0.282,0.254,0.0,0.0,0.144,0.094,0.424,0.012,0.0,0.17,0.028,0.344,0.142,0.0,0.18,0.01,0.186,0.38,0.0
0.05,0.852,0.0,0.0,0.0,0.054,0.69,0.058,0.0,0.0,0.074,0.346,0.18,0.0,0.0,0.112,0.144,0.396,0.024,0.0,0.14,0.056,0.314,0.136,0.0,0.144,0.018,0.186,0.39,0.0
0.05,0.852,0.0,0.0,0.0,0.05,0.664,0.062,0.0,0.0,0.078,0.31,0.198,0.0,0.0,0.128,0.126,0.394,0.036,0.0,0.178,0.052,0.31,0.15,0.0,0.182,0.024,0.15,0.384,0.0
0.05,0.852,0.0,0.0,0.0,0.05,0.66,0.054,0.0,0.0,0.072,0.304,0.23,0.0,0.0,0.136,0.124,0.392,0.02,0.0,0.168,0.048,0.346,0.172,0.0,0.178,0.028,0.192,0.396,0.0
0.05,0.852,0.0,0.0,0.0,0.05,0.664,0.048,0.0,0.0,0.082,0.316,0.182,0.0,0.0,0.16,0.122,0.394,0.02,0.0,0.244,0.042,0.306,0.126,0.0,0.26,0.012,0.186,0.354,0.0
0.05,0.852,0.0,0.0,0.0,0.054,0.666,0.046,0.0,0.0,0.068,0.33,0.216,0.0,0.0,0.112,0.132,0.384,0.012,0.0,0.146,0.05,0.344,0.126,0.0,0.164,0.02,0.176,0.334,0.0
0.05,0.852,0.0,0.0,0.0,0.05,0.652,0.046,0.0,0.0,0.07,0.29,0.22,0.0,0.0,0.13,0.134,0.448,0.022,0.0,0.156,0.058,0.338,0.134,0.0,0.172,0.022,0.19,0.344,0.0
0.05,0.852,0.0,0.0,0.0,0.05,0.722,0.052,0.0,0.0,0.06,0.292,0.172,0.0,0.0,0.102,0.094,0.44,0.024,0.0,0.138,0.048,0.356,0.14,0.0,0.15,0.008,0.158,0.398,0.0
0.05,0.852,0.0,0.0,0.0,0.054,0.638,0.048,0.0,0.0,0.102,0.268,0.204,0.0,0.0,0.172,0.104,0.35,0.02,0.002,0.208,0.026,0.278,0.138,0.016,0.23,0.006,0.144,0.322,0.032
0.05,0.852,0.0,0.0,0.0,0.052,0.65,0.062,0.0,0.0,0.068,0.236,0.246,0.0,0.0,0.134,0.086,0.472,0.026,0.006,0.158,0.038,0.334,0.128,0.02,0.164,0.012,0.2,0.374,0.044
0.05,0.852,0.0,0.0,0.0,0.052,0.722,0.056,0.0,0.0,0.058,0.316,0.164,0.0,0.0,0.104,0.092,0.406,0.012,0.002,0.14,0.032,0.344,0.096,0.024,0.154,0.014,0.16,0.288,0.056
0.05,0.852,0.0,0.0,0.0,0.052,0.624,0.084,0.0,0.0,0.092,0.234,0.214,0.0,0.0,0.17,0.082,0.346,0.042,0.014,0.214,0.034,0.182,0.142,0.07,0.234,0.01,0.072,0.352,0.146
0.05,0.852,0.0,0.0,0.0,0.05,0.762,0.056,0.0,0.0,0.052,0.332,0.146,0.0,0.0,0.102,0.102,0.404,0.03,0.0,0.164,0.03,0.38,0.132,0.0,0.188,0.014,0.178,0.37,0.0
0.05,0.852,0.0,0.0,0.0,0.05,0.712,0.054,0.0,0.0,0.068,0.284,0.146,0.0,0.0,0.124,0.092,0.436,0.024,0.0,0.164,0.028,0.352,0.112,0.0,0.17,0.008,0.162,0.386,0.0
0.05,0.852,0.0,0.0,0.0,0.054,0.646,0.038,0.0,0.0,0.082,0.274,0.23,0.0,0.0,0.158,0.098,0.436,0.01,0.0,0.192,0.034,0.382,0.124,0.0,0.206,0.012,0.218,0.342,0.0
0.05,0.852,0.0,0.0,0.0,0.05,0.678,0.066,0.0,0.0,0.06,0.258,0.22,0.0,0.0,0.104,0.078,0.448,0.016,0.0,0.136,0.028,0.398,0.146,0.002,0.148,0.004,0.176,0.38,0.002
0.05,0.852,0.0,0.0,0.0,0.05,0.712,0.062,0.0,0.0,0.062,0.302,0.154,0.0,0.0,0.122,0.104,0.406,0.026,0.0,0.144,0.036,0.384,0.162,0.0,0.16,0.016,0.17,0.386,0.0
0.05,0.852,0.0,0.0,0.0,0.052,0.638,0.054,0.0,0.0,0.072,0.286,0.216,0.0,0.0,0.136,0.108,0.33,0.026,0.01,0.182,0.062,0.228,0.16,0.05,0.2,0.026,0.11,0.322,0.116
0.05,0.852,0.0,0.0,0.0,0.05,0.668,0.06,0.0,0.0,0.062,0.282,0.238,0.0,0.0,0.106,0.108,0.454,0.014,0.0,0.128,0.046,0.362,0.144,0.0,0.13,0.024,0.17,0.378,0.002
0.05,0.852,0.0,0.0,0.0,0.05,0.65,0.058,0.0,0.0,0.076,0.256,0.23,0.0,0.0,0.116,0.106,0.454,0.028,0.0,0.142,0.034,0.384,0.156,0.0,0.158,0.01,0.206,0.39,0.002
0.05,0.852,0.0,0.0,0.0,0.052,0.684,0.076,0.0,0.0,0.064,0.312,0.214,0.0,0.0,0.128,0.118,0.44,0.034,0.0,0.162,0.048,0.418,0.114,0.0,0.18,0.03,0.252,0.34,0.0
0.05,0.852,0.0,0.0,0.0,0.05,0.732,0.06,0.0,0.0,0.062,0.286,0.146,0.0,0.0,0.128,0.078,0.42,0.018,0.0,0.166,0.014,0.358,0.112,0.0,0.182,0.004,0.152,0.376,0.0
0.05,0.852,0.0,0.0,0.0,0.05,0.688,0.062,0.0,0.0,0.07,0.27,0.202,0.0,0.0,0.16,0.07,0.41,0.024,0.0,0.24,0.018,0.368,0.146,0.0,0.254,0.0,0.218,0.36,0.0
0.05,0.852,0.0,0.0,0.0,0.052,0.688,0.048,0.0,0.0,0.066,0.302,0.19,0.0,0.0,0.116,0.136,0.442,0.024,0.0,0.136,0.058,0.38,0.134,0.0,0.158,0.018,0.192,0.392,0.0
0.05,0.852,0.0,0.0,0.0,0.05,0.71,0.046,0.0,0.0,0.062,0.3,0.162,0.0,0.0,0.13,0.096,0.372,0.008,0.002,0.17,0.036,0.302,0.092,0.006,0.194,0.01,0.128,0.322,0.032
0.05,0.852,0.0,0.0,0.0,0.052,0.634,0.046,0.0,0.0,0.066,0.262,0.212,0.0,0.0,0.116,0.108,0.344,0.028,0.008,0.144,0.032,0.206,0.176,0.034,0.16,0.012,0.098,0.378,0.084
0.05,0.852,0.0,0.0,0.0,0.052,0.658,0.048,0.0,0.0,0.072,0.306,0.194,0.0,0.0,0.132,0.116,0.322,0.006,0.0,0.176,0.028,0.246,0.124,0.002,0.204,0.014,0.114,0.348,0.004
0.05,0.852,0.0,0.0,0.0,0.054,0.64,0.05,0.0,0.0,0.094,0.298,0.206,0.0,0.0,0.142,0.116,0.388,0.034,0.0,0.178,0.05,0.29,0.136,0.002,0.204,0.01,0.156,0.384,0.01
0.05,0.852,0.0,0.0,0.0,0.05,0.686,0.046,0.0,0.0,0.08,0.274,0.198,0.0,0.0,0.158,0.076,0.45,0.018,0.0,0.212,0.024,0.414,0.108,0.0,0.226,0.004,0.212,0.31,0.0
0.05,0.852,0.0,0.0,0.0,0.05,0.708,0.044,0.0,0.0,0.066,0.29,0.182,0.0,0.0,0.122,0.1,0.426,0.022,0.0,0.162,0.04,0.352,0.15,0.0,0.174,0.018,0.18,0.404,0.0
0.05,0.852,0.0,0.0,0.0,0.05,0.672,0.06,0.0,0.0,0.08,0.292,0.192,0.0,0.0,0.164,0.11,0.38,0.012,0.002,0.202,0.038,0.292,0.096,0.022,0.226,0.018,0.162,0.27,0.06
0.05,0.852,0.0,0.0,0.0,0.05,0.692,0.074,0.0,0.0,0.06,0.314,0.172,0.0,0.0,0.116,0.118,0.428,0.022,0.0,0.16,0.038,0.306,0.11,0.0,0.188,0.016,0.17,0.372,0.0
0.05,0.852,0.0,0.0,0.0,0.052,0.678,0.052,0.0,0.0,0.076,0.284,0.206,0.0,0.0,0.128,0.098,0.442,0.012,0.0,0.172,0.038,0.376,0.106,0.0,0.19,0.018,0.208,0.302,0.0
0.05,0.852,0.0,0.0,0.0,0.05,0.692,0.054,0.0,0.0,0.064,0.288,0.174,0.0,0.0,0.138,0.09,0.392,0.02,0.0,0.214,0.018,0.336,0.114,0.0,0.234,0.002,0.152,0.362,0.0
0.05,0.852,0.0,0.0,0.0,0.054,0.734,0.056,0.0,0.0,0.064,0.298,0.148,0.0,0.0,0.122,0.074,0.416,0.036,0.0,0.188,0.024,0.372,0.13,0.0,0.194,0.006,0.152,0.386,0.0
0.05,0.852,0.0,0.0,0.0,0.05,0.654,0.046,0.0,0.0,0.072,0.256,0.22,0.0,0.0,0.108,0.1,0.458,0.016,0.0,0.14,0.028,0.348,0.114,0.0,0.15,0.012,0.188,0.34,0.0
0.05,0.852,0.0,0.0,0.0,0.05,0.694,0.044,0.0,0.0,0.068,0.278,0.172,0.0,0.0,0.136,0.102,0.41,0.012,0.0,0.174,0.036,0.29,0.098,0.002,0.188,0.016,0.146,0.358,0.002
0.05,0.852,0.0,0.0,0.0,0.05,0.726,0.048,0.0,0.0,0.06,0.314,0.15,0.0,0.0,0.13,0.086,0.408,0.012,0.0,0.166,0.022,0.392,0.098,0.0,0.184,0.006,0.154,0.314,0.0
0.05,0.852,0.0,0.0,0.0,0.056,0.618,0.062,0.0,0.0,0.098,0.274,0.23,0.0,0.0,0.156,0.09,0.432,0.018,0.0,0.178,0.04,0.346,0.12,0.0,0.188,0.016,0.184,0.35,0.002
0.05,0.852,0.0,0.0,0.0,0.052,0.69,0.05,0.0,0.0,0.058,0.292,0.208,0.0,0.0,0.098,0.104,0.442,0.012,0.0,0.128,0.036,0.348,0.122,0.0,0.138,0.012,0.172,0.362,0.0
0.05,0.852,0.0,0.0,0.0,0.05,0.67,0.054,0.0,0.0,0.07,0.226,0.182,0.0,0.0,0.156,0.062,0.446,0.014,0.0,0.206,0.018,0.362,0.126,0.0,0.23,0.006,0.156,0.338,0.0
0.05,0.852,0.0,0.0,0.0,0.052,0.654,0.066,0.0,0.0,0.058,0.282,0.248,0.0,0.0,0.104,0.096,0.49,0.012,0.0,0.138,0.03,0.44,0.128,0.0,0.148,0.01,0.246,0.36,0.0
0.05,0.852,0.0,0.0,0.0,0.05,0.672,0.064,0.0,0.0,0.068,0.324,0.234,0.0,0.0,0.108,0.134,0.354,0.01,0.006,0.138,0.056,0.286,0.096,0.042,0.16,0.024,0.126,0.258,0.114
0.05,0.852,0.0,0.0,0.0,0.05,0.664,0.054,0.0,0.0,0.076,0.248,0.19,0.0,0.0,0.14,0.06,0.414,0.02,0.0,0.18,0.022,0.302,0.134,0.0,0.186,0.004,0.108,0.442,0.0
0.05,0.852,0.0,0.0,0.0,0.05,0.742,0.06,0.0,0.0,0.062,0.314,0.158,0.0,0.0,0.128,0.108,0.426,0.016,0.0,0.196,0.052,0.368,0.102,0.0,0.218,0.028,0.16,0.356,0.0
0.05,0.852,0.0,0.0,0.0,0.056,0.7,0.046,0.0,0.0,0.07,0.308,0.148,0.0,0.0,0.152,0.09,0.332,0.012,0.014,0.186,0.024,0.25,0.132,0.05,0.206,0.006,0.08,0.318,0.11
0.05,0.852,0.0,0.0,0.0,0.052,0.678,0.052,0.0,0.0,0.072,0.288,0.176,0.0,0.0,0.15,0.11,0.39,0.02,0.0,0.18,0.05,0.32,0.092,0.0,0.194,0.018,0.138,0.344,0.0
0.05,0.852,0.0,0.0,0.0,0.05,0.676,0.062,0.0,0.0,0.072,0.302,0.202,0.0,0.0,0.118,0.124,0.378,0.018,0.008,0.142,0.05,0.28,0.114,0.034,0.156,0.022,0.154,0.264,0.108
0.05,0.852,0.0,0.0,0.0,0.054,0.656,0.052,0.0,0.0,0.07,0.308,0.194,0.0,0.0,0.12,0.15,0.376,0.026,0.006,0.148,0.062,0.266,0.142,0.016,0.166,0.02,0.154,0.358,0.026
0.05,0.852,0.0,0.0,0.0,0.05,0.648,0.066,0.0,0.0,0.066,0.256,0.212,0.0,0.0,0.094,0.106,0.386,0.016,0.008,0.104,0.046,0.214,0.13,0.034,0.104,0.022,0.074,0.346,0.076
0.05,0.852,0.0,0.0,0.0,0.054,0.66,0.042,0.0,0.0,0.082,0.264,0.172,0.0,0.0,0.166,0.098,0.358,0.016,0.002,0.232,0.026,0.216,0.12,0.04,0.246,0.006,0.092,0.328,0.086
0.05,0.852,0.0,0.0,0.0,0.056,0.652,0.028,0.0,0.0,0.082,0.304,0.164,0.0,0.0,0.14,0.102,0.326,0.024,0.0,0.188,0.038,0.218,0.128,0.008,0.204,0.018,0.086,0.372,0.016
0.05,0.852,0.0,0.0,0.0,0.052,0.664,0.044,0.0,0.0,0.07,0.32,0.22,0.0,0.0,0.116,0.116,0.372,0.012,0.0,0.14,0.042,0.31,0.122,0.002,0.154,0.02,0.158,0.348,0.004
0.05,0.852,0.0,0.0,0.0,0.052,0.7,0.052,0.0,0.0,0.062,0.308,0.186,0.0,0.0,0.114,0.1,0.4,0.034,0.0,0.162,0.022,0.39,0.14,0.0,0.164,0.004,0.2,0.364,0.0
0.05,0.852,0.0,0.0,0.0,0.05,0.662,0.066,0.0,0.0,0.072,0.244,0.192,0.0,0.0,0.152,0.074,0.426,0.022,0.004,0.19,0.026,0.284,0.154,0.018,0.212,0.012,0.118,0.394,0.05
0.05,0.852,0.0,0.0,0.0,0.05,0.68,0.048,0.0,0.0,0.07,0.222,0.188,0.0,0.0,0.118,0.068,0.41,0.014,0.004,0.15,0.024,0.254,0.132,0.018,0.16,0.002,0.082,0.33,0.066
0.05,0.852,0.0,0.0,0.0,0.05,0.632,0.044,0.0,0.0,0.082,0.292,0.206,0.0,0.0,0.138,0.1,0.356,0.006,0.002,0.168,0.042,0.248,0.094,0.022,0.178,0.014,0.13,0.292,0.092
0.05,0.852,0.0,0.0,0.0,0.052,0.65,0.056,0.0,0.0,0.072,0.264,0.212,0.0,0.0,0.116,0.088,0.418,0.026,0.0,0.154,0.026,0.262,0.128,0.0,0.162,0.016,0.12,0.418,0.0
0.05,0.852,0.0,0.0,0.0,0.05,0.666,0.058,0.0,0.0,0.062,0.344,0.236,0.0,0.0,0.118,0.124,0.356,0.026,0.004,0.154,0.052,0.342,0.182,0.016,0.164,0.016,0.21,0.346,0.034
0.05,0.852,0.0,0.0,0.0,0.052,0.648,0.05,0.0,0.0,0.076,0.24,0.2,0.0,0.0,0.134,0.072,0.414,0.018,0.002,0.166,0.026,0.254,0.142,0.012,0.18,0.01,0.102,0.394,0.036
0.05,0.852,0.0,0.0,0.0,0.052,0.658,0.046,0.0,0.0,0.072,0.282,0.236,0.0,0.0,0.126,0.12,0.4,0.014,0.006,0.14,0.044,0.278,0.11,0.04,0.154,0.02,0.158,0.282,0.104
0.05,0.852,0.0,0.0,0.0,0.05,0.674,0.062,0.0,0.0,0.074,0.276,0.206,0.0,0.0,0.148,0.11,0.434,0.022,0.0,0.2,0.042,0.348,0.128,0.0,0.224,0.014,0.236,0.358,0.0
0.05,0.852,0.0,0.0,0.0,0.05,0.752,0.066,0.0,0.0,0.054,0.326,0.142,0.0,0.0,0.126,0.086,0.372,0.018,0.0,0.188,0.024,0.39,0.124,0.0,0.21,0.006,0.18,0.334,0.0
0.05,0.852,0.0,0.0,0.0,0.054,0.63,0.06,0.0,0.0,0.076,0.244,0.244,0.0,0.0,0.136,0.092,0.44,0.016,0.0,0.172,0.03,0.328,0.118,0.024,0.182,0.014,0.14,0.34,0.046
0.05,0.852,0.0,0.0,0.0,0.05,0.674,0.052,0.0,0.0,0.072,0.28,0.226,0.0,0.0,0.118,0.096,0.404,0.034,0.006,0.148,0.028,0.238,0.16,0.024,0.16,0.01,0.12,0.404,0.082
0.05,0.852,0.0,0.0,0.0,0.052,0.596,0.06,0.0,0.0,0.09,0.23,0.25,0.0,0.002,0.19,0.082,0.414,0.026,0.012,0.21,0.02,0.27,0.132,0.04,0.228,0.008,0.13,0.348,0.086
0.05,0.852,0.0,0.0,0.0,0.05,0.728,0.06,0.0,0.0,0.056,0.344,0.164,0.0,0.0,0.1,0.114,0.398,0.03,0.0,0.146,0.04,0.384,0.132,0.002,0.17,0.008,0.206,0.344,0.004
0.05,0.852,0.0,0.0,0.0,0.05,0.674,0.054,0.0,0.0,0.07,0.31,0.206,0.0,0.0,0.124,0.136,0.412,0.016,0.0,0.146,0.056,0.344,0.14,0.0,0.156,0.022,0.19,0.382,0.0
0.05,0.852,0.0,0.0,0.0,0.052,0.664,0.048,0.0,0.0,0.072,0.262,0.218,0.0,0.0,0.116,0.08,0.462,0.022,0.0,0.152,0.018,0.38,0.118,0.0,0.174,0.006,0.188,0.352,0.0
0.05,0.852,0.0,0.0,0.0,0.05,0.674,0.07,0.0,0.0,0.07,0.208,0.192,0.0,0.0,0.128,0.046,0.424,0.024,0.008,0.178,0.014,0.274,0.144,0.058,0.192,0.008,0.096,0.346,0.13
0.05,0.852,0.0,0.0,0.0,0.05,0.712,0.058,0.0,0.0,0.066,0.338,0.186,0.0,0.0,0.12,0.09,0.408,0.02,0.0,0.17,0.03,0.392,0.106,0.0,0.182,0.004,0.212,0.342,0.0
0.05,0.852,0.0,0.0,0.0,0.05,0.704,0.054,0.0,0.0,0.076,0.298,0.16,0.0,0.0,0.14,0.108,0.406,0.028,0.0,0.178,0.054,0.302,0.148,0.0,0.19,0.016,0.138,0.4,0.0
0.05,0.852,0.0,0.0,0.0,0.05,0.682,0.064,0.0,0.0,0.066,0.29,0.204,0.0,0.0,0.126,0.094,0.422,0.03,0.0,0.162,0.04,0.318,0.18,0.0,0.168,0.016,0.136,0.45,0.0
0.05,0.852,0.0,0.0,0.0,0.052,0.64,0.05,0.0,0.0,0.092,0.276,0.202,0.0,0.0,0.176,0.106,0.352,0.026,0.006,0.234,0.036,0.248,0.138,0.032,0.242,0.012,0.126,0.316,0.08
0.05,0.852,0.0,0.0,0.0,0.05,0.62,0.058,0.0,0.0,0.092,0.336,0.24,0.0,0.0,0.14,0.122,0.36,0.024,0.01,0.168,0.054,0.32,0.112,0.048,0.19,0.022,0.176,0.276,0.094
0.05,0.852,0.0,0.0,0.0,0.052,0.69,0.056,0.0,0.0,0.064,0.296,0.198,0.0,0.0,0.122,0.09,0.406,0.022,0.0,0.17,0.032,0.362,0.126,0.0,0.184,0.018,0.16,0.35,0.0
0.05,0.852,0.0,0.0,0.0,0.05,0.666,0.064,0.0,0.0,0.054,0.268,0.18,0.0,0.0,0.1,0.064,0.36,0.044,0.016,0.128,0.016,0.25,0.16,0.044,0.132,0.004,0.088,0.388,0.106
0.05,0.852,0.0,0.0,0.0,0.05,0.666,0.06,0.0,0.0,0.072,0.304,0.202,0.0,0.0,0.13,0.126,0.418,0.026,0.0,0.17,0.042,0.352,0.132,0.0,0.178,0.022,0.184,0.378,0.0
0.05,0.852,0.0,0.0,0.0,0.05,0.694,0.068,0.0,0.0,0.068,0.286,0.174,0.0,0.0,0.118,0.082,0.4,0.026,0.006,0.164,0.022,0.352,0.118,0.032,0.182,0.006,0.168,0.294,0.088
0.05,0.852,0.0,0.0,0.0,0.052,0.69,0.062,0.0,0.0,0.068,0.292,0.176,0.0,0.0,0.136,0.066,0.384,0.014,0.008,0.178,0.022,0.292,0.106,0.042,0.194,0.008,0.136,0.3,0.108
0.05,0.852,0.0,0.0,0.0,0.05,0.63,0.058,0.0,0.0,0.084,0.258,0.216,0.0,0.0,0.17,0.082,0.416,0.018,0.002,0.192,0.028,0.342,0.098,0.036,0.204,0.008,0.178,0.25,0.116
0.05,0.852,0.0,0.0,0.0,0.05,0.65,0.046,0.0,0.0,0.068,0.298,0.218,0.0,0.0,0.126,0.11,0.408,0.006,0.0,0.15,0.042,0.326,0.096,0.004,0.156,0.02,0.174,0.316,0.008
0.05,0.852,0.0,0.0,0.0,0.05,0.666,0.064,0.0,0.0,0.078,0.302,0.188,0.0,0.0,0.148,0.088,0.356,0.028,0.002,0.172,0.034,0.278,0.164,0.018,0.188,0.016,0.14,0.376,0.062
0.05,0.852,0.0,0.0,0.0,0.05,0.624,0.052,0.0,0.0,0.078,0.252,0.234,0.0,0.0,0.152,0.1,0.4,0.016,0.0,0.196,0.036,0.33,0.134,0.0,0.206,0.012,0.148,0.364,0.002
0.05,0.852,0.0,0.0,0.0,0.05,0.714,0.054,0.0,0.0,0.058,0.296,0.192,0.0,0.0,0.12,0.088,0.422,0.014,0.002,0.164,0.016,0.372,0.098,0.02,0.176,0.004,0.23,0.29,0.042
0.05,0.852,0.0,0.0,0.0,0.05,0.682,0.064,0.0,0.0,0.054,0.226,0.172,0.0,0.0,0.118,0.062,0.458,0.034,0.002,0.172,0.02,0.302,0.144,0.022,0.178,0.002,0.094,0.378,0.068
0.05,0.852,0.0,0.0,0.0,0.052,0.608,0.058,0.0,0.0,0.078,0.228,0.208,0.0,0.0,0.152,0.072,0.354,0.02,0.004,0.192,0.02,0.168,0.136,0.04,0.198,0.006,0.068,0.35,0.112
0.05,0.852,0.0,0.0,0.0,0.052,0.63,0.046,0.0,0.0,0.078,0.248,0.218,0.0,0.0,0.13,0.088,0.418,0.022,0.002,0.156,0.032,0.254,0.142,0.002,0.168,0.006,0.128,0.396,0.012
0.05,0.852,0.0,0.0,0.0,0.05,0.642,0.06,0.0,0.0,0.078,0.27,0.244,0.0,0.0,0.136,0.092,0.382,0.022,0.008,0.158,0.038,0.306,0.146,0.032,0.162,0.016,0.16,0.342,0.078
0.05,0.852,0.0,0.0,0.0,0.05,0.702,0.046,0.0,0.0,0.076,0.27,0.172,0.0,0.0,0.136,0.1,0.414,0.016,0.0,0.19,0.034,0.3,0.1,0.0,0.22,0.012,0.12,0.332,0.0
0.05,0.852,0.0,0.0,0.0,0.05,0.698,0.056,0.0,0.0,0.062,0.294,0.196,0.0,0.0,0.12,0.094,0.448,0.01,0.0,0.164,0.034,0.442,0.09,0.0,0.178,0.008,0.25,0.3,0.0
0.05,0.852,0.0,0.0,0.0,0.05,0.636,0.048,0.0,0.0,0.074,0.284,0.214,0.0,0.0,0.134,0.124,0.396,0.02,0.0,0.166,0.04,0.308,0.126,0.0,0.18,0.016,0.172,0.344,0.0
0.05,0.852,0.0,0.0,0.0,0.05,0.642,0.052,0.0,0.0,0.074,0.242,0.21,0.0,0.0,0.156,0.062,0.424,0.008,0.0,0.19,0.016,0.294,0.116,0.0,0.204,0.006,0.108,0.382,0.0
0.05,0.852,0.0,0.0,0.0,0.05,0.658,0.07,0.0,0.0,0.074,0.264,0.214,0.0,0.0,0.114,0.088,0.436,0.018,0.004,0.136,0.018,0.31,0.122,0.024,0.144,0.004,0.136,0.378,0.05
0.05,0.852,0.0,0.0,0.0,0.05,0.678,0.062,0.0,0.0,0.062,0.288,0.208,0.0,0.0,0.126,0.088,0.398,0.026,0.0,0.17,0.03,0.346,0.176,0.0,0.176,0.014,0.166,0.426,0.0
0.05,0.852,0.0,0.0,0.0,0.052,0.686,0.048,0.0,0.0,0.076,0.278,0.178,0.0,0.0,0.122,0.114,0.356,0.022,0.008,0.156,0.052,0.222,0.096,0.05,0.17,0.014,0.1,0.29,0.114
0.05,0.852,0.0,0.0,0.0,0.05,0.712,0.062,0.0,0.0,0.056,0.322,0.178,0.0,0.0,0.104,0.116,0.396,0.024,0.0,0.144,0.016,0.356,0.144,0.0,0.16,0.004,0.214,0.372,0.0
0.05,0.852,0.0,0.0,0.0,0.05,0.638,0.052,0.0,0.0,0.09,0.302,0.246,0.0,0.0,0.144,0.126,0.396,0.018,0.004,0.176,0.046,0.346,0.13,0.018,0.186,0.016,0.212,0.33,0.04
0.05,0.852,0.0,0.0,0.0,0.05,0.686,0.066,0.0,0.0,0.06,0.276,0.228,0.0,0.0,0.08,0.11,0.432,0.016,0.004,0.092,0.038,0.272,0.106,0.04,0.1,0.018,0.13,0.328,0.12
0.05,0.852,0.0,0.0,0.0,0.05,0.658,0.06,0.0,0.0,0.072,0.238,0.196,0.0,0.0,0.138,0.068,0.382,0.018,0.016,0.178,0.022,0.236,0.142,0.066,0.19,0.006,0.102,0.3,0.172
0.05,0.852,0.0,0.0,0.0,0.052,0.64,0.05,0.0,0.0,0.072,0.274,0.224,0.0,0.0,0.13,0.082,0.382,0.018,0.014,0.166,0.03,0.282,0.114,0.048,0.18,0.01,0.124,0.298,0.128
0.05,0.852,0.0,0.0,0.0,0.05,0.686,0.048,0.0,0.0,0.072,0.294,0.196,0.0,0.0,0.146,0.122,0.406,0.024,0.0,0.176,0.036,0.324,0.16,0.0,0.194,0.016,0.176,0.406,0.0
0.05,0.852,0.0,0.0,0.0,0.056,0.66,0.066,0.0,0.0,0.074,0.338,0.202,0.0,0.0,0.124,0.12,0.4,0.026,0.0,0.164,0.048,0.394,0.116,0.0,0.182,0.024,0.212,0.302,0.0
0.05,0.852,0.0,0.0,0.0,0.05,0.708,0.066,0.0,0.0,0.062,0.29,0.164,0.0,0.0,0.13,0.078,0.43,0.018,0.0,0.176,0.018,0.378,0.124,0.0,0.19,0.006,0.158,0.37,0.0
0.05,0.852,0.0,0.0,0.0,0.052,0.66,0.062,0.0,0.0,0.076,0.288,0.2,0.0,0.0,0.158,0.108,0.416,0.02,0.0,0.19,0.034,0.35,0.14,0.0,0.21,0.016,0.216,0.352,0.0
0.05,0.852,0.0,0.0,0.0,0.05,0.694,0.046,0.0,0.0,0.064,0.266,0.184,0.0,0.0,0.132,0.098,0.422,0.02,0.0,0.184,0.022,0.382,0.12,0.004,0.202,0.004,0.244,0.336,0.006
0.05,0.852,0.0,0.0,0.0,0.054,0.634,0.046,0.0,0.0,0.078,0.244,0.204,0.0,0.0,0.14,0.07,0.406,0.006,0.0,0.184,0.014,0.268,0.134,0.0,0.19,0.012,0.112,0.374,0.0
0.05,0.852,0.0,0.0,0.0,0.054,0.65,0.058,0.0,0.0,0.078,0.306,0.226,0.0,0.0,0.124,0.124,0.38,0.018,0.006,0.16,0.052,0.31,0.126,0.014,0.17,0.028,0.178,0.35,0.028
0.05,0.852,0.0,0.0,0.0,0.05,0.642,0.058,0.0,0.0,0.064,0.262,0.224,0.0,0.0,0.128,0.108,0.406,0.016,0.0,0.174,0.04,0.252,0.128,0.024,0.182,0.014,0.138,0.366,0.046
0.05,0.852,0.0,0.0,0.0,0.05,0.668,0.058,0.0,0.0,0.07,0.31,0.228,0.0,0.0,0.128,0.124,0.418,0.018,0.0,0.162,0.054,0.354,0.126,0.0,0.174,0.022,0.198,0.364,0.0
0.05,0.852,0.0,0.0,0.0,0.05,0.676,0.056,0.0,0.0,0.07,0.266,0.202,0.0,0.0,0.124,0.07,0.38,0.018,0.006,0.158,0.032,0.266,0.118,0.054,0.162,0.012,0.094,0.322,0.14
0.05,0.852,0.0,0.0,0.0,0.056,0.616,0.062,0.0,0.0,0.084,0.27,0.276,0.0,0.0,0.118,0.106,0.432,0.022,0.004,0.132,0.036,0.366,0.134,0.032,0.138,0.02,0.216,0.302,0.082
0.05,0.852,0.0,0.0,0.0,0.054,0.66,0.056,0.0,0.0,0.076,0.222,0.224,0.0,0.0,0.116,0.084,0.498,0.02,0.002,0.14,0.026,0.348,0.126,0.02,0.144,0.012,0.176,0.312,0.086
0.05,0.852,0.0,0.0,0.0,0.05,0.628,0.058,0.0,0.0,0.062,0.204,0.232,0.0,0.0,0.134,0.048,0.418,0.02,0.002,0.152,0.012,0.274,0.13,0.018,0.162,0.004,0.092,0.386,0.07
0.05,0.852,0.0,0.0,0.0,0.054,0.658,0.056,0.0,0.0,0.078,0.268,0.202,0.0,0.0,0.154,0.096,0.418,0.008,0.0,0.186,0.028,0.37,0.104,0.0,0.202,0.008,0.234,0.3,0.0
0.05,0.852,0.0,0.0,0.0,0.05,0.656,0.048,0.0,0.0,0.076,0.294,0.226,0.0,0.0,0.142,0.104,0.368,0.014,0.0,0.17,0.03,0.298,0.132,0.0,0.182,0.014,0.17,0.352,0.0
0.05,0.852,0.0,0.0,0.0,0.058,0.682,0.064,0.0,0.0,0.084,0.312,0.202,0.0,0.0,0.144,0.112,0.434,0.02,0.0,0.18,0.04,0.394,0.088,0.0,0.194,0.016,0.23,0.298,0.0
0.05,0.852,0.0,0.0,0.0,0.054,0.656,0.046,0.0,0.0,0.09,0.284,0.224,0.0,0.0,0.142,0.116,0.43,0.016,0.0,0.164,0.05,0.324,0.122,0.002,0.178,0.016,0.174,0.376,0.002
0.05,0.852,0.0,0.0,0.0,0.054,0.622,0.054,0.0,0.0,0.07,0.264,0.246,0.0,0.0,0.132,0.104,0.406,0.018,0.002,0.152,0.028,0.284,0.14,0.02,0.162,0.006,0.146,0.33,0.058
0.05,0.852,0.0,0.0,0.0,0.05,0.656,0.048,0.0,0.0,0.062,0.278,0.236,0.0,0.0,0.11,0.096,0.404,0.012,0.002,0.126,0.028,0.288,0.112,0.004,0.126,0.01,0.134,0.37,0.01
0.05,0.852,0.0,0.0,0.0,0.054,0.642,0.06,0.0,0.0,0.072,0.258,0.228,0.0,0.0,0.122,0.106,0.414,0.03,0.0,0.158,0.04,0.362,0.176,0.0,0.168,0.01,0.196,0.386,0.0
0.05,0.852,0.0,0.0,0.0,0.054,0.636,0.042,0.0,0.0,0.088,0.278,0.198,0.0,0.0,0.166,0.114,0.356,0.024,0.002,0.218,0.036,0.25,0.134,0.01,0.23,0.018,0.124,0.37,0.02
0.05,0.852,0.0,0.0,0.0,0.054,0.65,0.06,0.0,0.0,0.094,0.284,0.216,0.0,0.0,0.152,0.11,0.404,0.032,0.0,0.198,0.052,0.304,0.166,0.0,0.216,0.026,0.166,0.398,0.0
0.05,0.852,0.0,0.0,0.0,0.054,0.648,0.06,0.0,0.0,0.076,0.264,0.26,0.0,0.0,0.132,0.104,0.43,0.018,0.0,0.16,0.032,0.37,0.128,0.0,0.17,0.018,0.226,0.34,0.0
0.05,0.852,0.0,0.0,0.0,0.052,0.648,0.054,0.0,0.0,0.07,0.252,0.21,0.0,0.0,0.15,0.108,0.402,0.018,0.0,0.182,0.04,0.262,0.13,0.018,0.202,0.012,0.144,0.33,0.072
0.05,0.852,0.0,0.0,0.0,0.05,0.652,0.05,0.0,0.0,0.086,0.284,0.202,0.0,0.0,0.166,0.09,0.386,0.02,0.0,0.228,0.034,0.336,0.13,0.0,0.242,0.008,0.174,0.342,0.0
0.05,0.852,0.0,0.0,0.0,0.05,0.684,0.062,0.0,0.0,0.066,0.28,0.196,0.0,0.0,0.114,0.086,0.476,0.022,0.0,0.142,0.022,0.448,0.124,0.002,0.15,0.008,0.226,0.344,0.012
0.05,0.852,0.0,0.0,0.0,0.05,0.742,0.058,0.0,0.0,0.056,0.298,0.16,0.0,0.0,0.092,0.086,0.422,0.008,0.0,0.134,0.03,0.414,0.126,0.0,0.14,0.016,0.15,0.362,0.0
0.05,0.852,0.0,0.0,0.0,0.05,0.654,0.06,0.0,0.0,0.074,0.308,0.212,0.0,0.0,0.12,0.128,0.4,0.014,0.0,0.154,0.042,0.358,0.1,0.0,0.182,0.026,0.2,0.314,0.0
0.05,0.852,0.0,0.0,0.0,0.05,0.656,0.056,0.0,0.0,0.076,0.332,0.254,0.0,0.0,0.114,0.124,0.436,0.022,0.0,0.142,0.036,0.416,0.14,0.0,0.152,0.02,0.292,0.346,0.0
0.05,0.852,0.0,0.0,0.0,0.05,0.666,0.062,0.0,0.0,0.08,0.272,0.206,0.0,0.0,0.164,0.114,0.376,0.02,0.004,0.208,0.044,0.272,0.162,0.008,0.22,0.014,0.146,0.362,0.024
0.05,0.852,0.0,0.0,0.0,0.05,0.684,0.054,0.0,0.0,0.068,0.258,0.172,0.0,0.0,0.122,0.1,0.39,0.014,0.004,0.148,0.042,0.252,0.114,0.026,0.154,0.02,0.098,0.336,0.064
0.05,0.852,0.0,0.0,0.0,0.054,0.686,0.05,0.0,0.0,0.084,0.316,0.17,0.0,0.0,0.142,0.114,0.342,0.018,0.0,0.192,0.048,0.302,0.132,0.0,0.214,0.014,0.138,0.354,0.0
0.05,0.852,0.0,0.0,0.0,0.05,0.63,0.058,0.0,0.0,0.07,0.278,0.23,0.0,0.0,0.124,0.106,0.426,0.012,0.0,0.168,0.032,0.328,0.134,0.0,0.19,0.012,0.174,0.348,0.0
0.05,0.852,0.0,0.0,0.0,0.052,0.664,0.036,0.0,0.0,0.08,0.302,0.22,0.0,0.0,0.14,0.114,0.33,0.018,0.004,0.178,0.05,0.264,0.142,0.032,0.18,0.024,0.134,0.34,0.056
0.05,0.852,0.0,0.0,0.0,0.05,0.738,0.066,0.0,0.0,0.058,0.298,0.166,0.0,0.0,0.1,0.09,0.42,0.028,0.004,0.138,0.034,0.274,0.14,0.016,0.144,0.008,0.13,0.406,0.058
0.05,0.852,0.0,0.0,0.0,0.05,0.652,0.06,0.0,0.0,0.072,0.322,0.18,0.0,0.0,0.12,0.126,0.324,0.02,0.006,0.154,0.052,0.23,0.112,0.026,0.178,0.02,0.104,0.32,0.056
0.05,0.852,0.0,0.0,0.0,0.054,0.662,0.056,0.0,0.0,0.074,0.3,0.222,0.0,0.0,0.112,0.13,0.39,0.032,0.006,0.136,0.04,0.28,0.16,0.024,0.146,0.008,0.168,0.404,0.05
0.05,0.852,0.0,0.0,0.0,0.05,0.624,0.056,0.0,0.0,0.078,0.218,0.232,0.0,0.0,0.154,0.056,0.44,0.022,0.01,0.194,0.026,0.278,0.13,0.034,0.196,0.012,0.092,0.368,0.088
0.05,0.852,0.0,0.0,0.0,0.05,0.694,0.054,0.0,0.0,0.062,0.35,0.196,0.0,0.0,0.114,0.11,0.404,0.016,0.0,0.14,0.046,0.4,0.088,0.0,0.152,0.026,0.222,0.288,0.0
0.05,0.852,0.0,0.0,0.0,0.05,0.65,0.056,0.0,0.0,0.08,0.252,0.202,0.0,0.0,0.136,0.088,0.368,0.016,0.002,0.176,0.038,0.24,0.122,0.03,0.19,0.008,0.114,0.312,0.082
0.05,0.852,0.0,0.0,0.0,0.052,0.662,0.048,0.0,0.0,0.078,0.222,0.19,0.0,0.0,0.16,0.076,0.424,0.016,0.0,0.202,0.026,0.258,0.124,0.006,0.216,0.004,0.11,0.384,0.01
0.05,0.852,0.0,0.0,0.0,0.05,0.668,0.05,0.0,0.0,0.082,0.314,0.226,0.0,0.0,0.144,0.11,0.374,0.018,0.0,0.182,0.052,0.324,0.134,0.0,0.19,0.026,0.18,0.358,0.0
0.05,0.852,0.0,0.0,0.0,0.054,0.664,0.032,0.0,0.0,0.086,0.238,0.198,0.0,0.0,0.17,0.082,0.424,0.014,0.0,0.21,0.022,0.292,0.098,0.0,0.232,0.008,0.112,0.346,0.0
0.05,0.852,0.0,0.0,0.0,0.052,0.678,0.048,0.0,0.0,0.072,0.292,0.16,0.0,0.0,0.144,0.104,0.272,0.028,0.004,0.186,0.046,0.196,0.144,0.042,0.21,0.012,0.07,0.348,0.094
0.05,0.852,0.0,0.0,0.0,0.05,0.616,0.054,0.0,0.0,0.084,0.282,0.226,0.0,0.0,0.134,0.12,0.382,0.032,0.004,0.16,0.056,0.268,0.15,0.028,0.182,0.022,0.12,0.358,0.058
0.05,0.852,0.0,0.0,0.0,0.05,0.686,0.054,0.0,0.0,0.08,0.268,0.192,0.0,0.0,0.142,0.098,0.428,0.026,0.0,0.176,0.022,0.344,0.112,0.002,0.202,0.008,0.152,0.34,0.002
0.05,0.852,0.0,0.0,0.0,0.05,0.676,0.06,0.0,0.0,0.078,0.248,0.206,0.0,0.0,0.17,0.088,0.422,0.03,0.0,0.218,0.03,0.312,0.156,0.0,0.238,0.008,0.152,0.372,0.0
0.05,0.852,0.0,0.0,0.0,0.05,0.584,0.05,0.0,0.0,0.084,0.21,0.222,0.0,0.0,0.142,0.088,0.392,0.012,0.002,0.174,0.03,0.24,0.132,0.032,0.18,0.008,0.098,0.372,0.062
0.05,0.852,0.0,0.0,0.0,0.05,0.748,0.06,0.0,0.0,0.066,0.296,0.14,0.0,0.0,0.112,0.088,0.416,0.03,0.0,0.158,0.024,0.366,0.142,0.0,0.176,0.006,0.16,0.4,0.0
0.05,0.852,0.0,0.0,0.0,0.052,0.724,0.07,0.0,0.0,0.062,0.28,0.192,0.0,0.0,0.114,0.08,0.432,0.018,0.0,0.164,0.026,0.33,0.112,0.01,0.17,0.012,0.166,0.38,0.026
0.05,0.852,0.0,0.0,0.0,0.05,0.638,0.054,0.0,0.0,0.088,0.3,0.192,0.0,0.0,0.128,0.142,0.294,0.03,0.02,0.152,0.05,0.19,0.14,0.06,0.17,0.026,0.094,0.36,0.11
0.05,0.852,0.0,0.0,0.0,0.05,0.734,0.06,0.0,0.0,0.066,0.254,0.162,0.0,0.0,0.11,0.062,0.432,0.024,0.002,0.138,0.02,0.414,0.11,0.008,0.15,0.0,0.162,0.346,0.03
0.05,0.852,0.0,0.0,0.0,0.05,0.664,0.046,0.0,0.0,0.078,0.308,0.198,0.0,0.0,0.126,0.13,0.39,0.02,0.0,0.158,0.072,0.346,0.144,0.0,0.17,0.022,0.202,0.33,0.0
0.05,0.852,0.0,0.0,0.0,0.05,0.682,0.054,0.0,0.0,0.07,0.324,0.198,0.0,0.0,0.134,0.124,0.382,0.038,0.0,0.186,0.038,0.312,0.166,0.0,0.208,0.006,0.19,0.384,0.0
0.05,0.852,0.0,0.0,0.0,0.05,0.642,0.064,0.0,0.0,0.066,0.268,0.25,0.0,0.0,0.1,0.094,0.37,0.028,0.018,0.12,0.036,0.228,0.16,0.056,0.13,0.02,0.106,0.388,0.114
0.05,0.852,0.0,0.0,0.0,0.05,0.66,0.052,0.0,0.0,0.072,0.296,0.23,0.0,0.0,0.112,0.102,0.444,0.028,0.0,0.146,0.038,0.374,0.156,0.0,0.154,0.028,0.194,0.414,0.0
0.05,0.852,0.0,0.0,0.0,0.052,0.612,0.048,0.0,0.0,0.074,0.246,0.248,0.0,0.0,0.126,0.096,0.374,0.016,0.01,0.146,0.044,0.232,0.12,0.04,0.154,0.024,0.112,0.342,0.106
0.05,0.852,0.0,0.0,0.0,0.052,0.634,0.056,0.0,0.0,0.064,0.218,0.216,0.0,0.0,0.124,0.056,0.432,0.01,0.0,0.15,0.014,0.338,0.106,0.01,0.162,0.006,0.126,0.33,0.03
0.05,0.852,0.0,0.0,0.0,0.052,0.654,0.054,0.0,0.0,0.08,0.254,0.152,0.0,0.0,0.14,0.086,0.338,0.026,0.012,0.172,0.04,0.18,0.122,0.054,0.182,0.01,0.054,0.342,0.154
0.05,0.852,0.0,0.0,0.0,0.052,0.708,0.054,0.0,0.0,0.08,0.296,0.17,0.0,0.0,0.164,0.1,0.384,0.02,0.0,0.232,0.04,0.32,0.148,0.0,0.258,0.006,0.142,0.4,0.0
0.05,0.852,0.0,0.0,0.0,0.056,0.638,0.05,0.0,0.0,0.082,0.27,0.212,0.0,0.0,0.126,0.084,0.4,0.014,0.004,0.148,0.02,0.268,0.114,0.032,0.154,0.004,0.136,0.32,0.078
0.05,0.852,0.0,0.0,0.0,0.05,0.694,0.056,0.0,0.0,0.072,0.206,0.17,0.0,0.0,0.14,0.042,0.432,0.02,0.014,0.176,0.01,0.28,0.112,0.056,0.186,0.004,0.098,0.32,0.134
0.05,0.852,0.0,0.0,0.0,0.05,0.706,0.068,0.0,0.0,0.056,0.35,0.218,0.0,0.0,0.062,0.12,0.402,0.03,0.002,0.076,0.036,0.342,0.154,0.016,0.082,0.016,0.142,0.364,0.072
0.05,0.852,0.0,0.0,0.0,0.05,0.652,0.052,0.0,0.0,0.074,0.228,0.196,0.0,0.0,0.15,0.076,0.378,0.03,0.006,0.178,0.024,0.26,0.164,0.024,0.192,0.002,0.098,0.378,0.056
0.05,0.852,0.0,0.0,0.0,0.052,0.676,0.048,0.0,0.0,0.078,0.278,0.18,0.0,0.0,0.128,0.114,0.378,0.03,0.004,0.162,0.04,0.296,0.14,0.018,0.186,0.012,0.132,0.354,0.024
0.05,0.852,0.0,0.0,0.0,0.056,0.652,0.06,0.0,0.0,0.08,0.3,0.202,0.0,0.0,0.152,0.096,0.43,0.026,0.0,0.204,0.046,0.354,0.12,0.0,0.218,0.014,0.228,0.348,0.0
0.05,0.852,0.0,0.0,0.0,0.05,0.658,0.058,0.0,0.0,0.062,0.294,0.208,0.0,0.0,0.116,0.122,0.314,0.034,0.006,0.146,0.054,0.208,0.154,0.046,0.152,0.026,0.086,0.356,0.102
0.05,0.852,0.0,0.0,0.0,0.05,0.66,0.048,0.0,0.0,0.066,0.272,0.198,0.0,0.0,0.128,0.1,0.396,0.014,0.0,0.156,0.044,0.28,0.102,0.004,0.164,0.022,0.124,0.346,0.006
0.05,0.852,0.0,0.0,0.0,0.05,0.658,0.068,0.0,0.0,0.062,0.308,0.202,0.0,0.0,0.106,0.094,0.376,0.028,0.014,0.132,0.034,0.302,0.11,0.052,0.14,0.01,0.162,0.28,0.118
0.05,0.852,0.0,0.0,0.0,0.054,0.696,0.06,0.0,0.0,0.068,0.296,0.206,0.0,0.0,0.114,0.12,0.448,0.01,0.0,0.138,0.052,0.408,0.122,0.0,0.144,0.016,0.23,0.346,0.0
0.05,0.852,0.0,0.0,0.0,0.052,0.728,0.052,0.0,0.0,0.066,0.3,0.166,0.0,0.0,0.102,0.11,0.392,0.022,0.004,0.128,0.03,0.348,0.134,0.016,0.142,0.006,0.138,0.364,0.032
0.05,0.852,0.0,0.0,0.0,0.052,0.67,0.06,0.0,0.0,0.07,0.278,0.254,0.0,0.0,0.132,0.11,0.474,0.012,0.0,0.162,0.038,0.422,0.126,0.0,0.182,0.01,0.258,0.34,0.0
0.05,0.852,0.0,0.0,0.0,0.05,0.642,0.06,0.0,0.0,0.068,0.28,0.244,0.0,0.0,0.112,0.102,0.442,0.012,0.0,0.138,0.038,0.36,0.142,0.006,0.156,0.024,0.182,0.366,0.012
0.05,0.852,0.0,0.0,0.0,0.05,0.686,0.058,0.0,0.0,0.074,0.296,0.206,0.0,0.0,0.13,0.1,0.456,0.024,0.0,0.17,0.034,0.36,0.142,0.0,0.19,0.018,0.184,0.394,0.0
0.05,0.852,0.0,0.0,0.0,0.05,0.704,0.05,0.0,0.0,0.066,0.336,0.19,0.0,0.0,0.124,0.15,0.41,0.018,0.0,0.164,0.062,0.352,0.14,0.0,0.19,0.028,0.196,0.336,0.0
0.05,0.852,0.0,0.0,0.0,0.052,0.678,0.05,0.0,0.0,0.076,0.296,0.188,0.0,0.0,0.154,0.102,0.414,0.022,0.0,0.216,0.042,0.378,0.134,0.0,0.246,0.018,0.228,0.304,0.0
0.05,0.852,0.0,0.0,0.0,0.054,0.648,0.054,0.0,0.0,0.096,0.292,0.196,0.0,0.0,0.156,0.106,0.384,0.018,0.0,0.236,0.042,0.272,0.118,0.0,0.266,0.016,0.12,0.344,0.0
0.05,0.852,0.0,0.0,0.0,0.052,0.678,0.058,0.0,0.0,0.068,0.266,0.158,0.0,0.0,0.12,0.08,0.342,0.026,0.004,0.154,0.024,0.224,0.126,0.07,0.164,0.016,0.08,0.328,0.148
0.05,0.852,0.0,0.0,0.0,0.052,0.662,0.056,0.0,0.0,0.076,0.27,0.21,0.0,0.0,0.166,0.09,0.396,0.02,0.0,0.208,0.028,0.31,0.174,0.0,0.228,0.004,0.15,0.412,0.0
0.05,0.852,0.0,0.0,0.0,0.052,0.71,0.05,0.0,0.0,0.064,0.322,0.182,0.0,0.0,0.132,0.104,0.406,0.018,0.0,0.174,0.046,0.408,0.102,0.0,0.19,0.02,0.218,0.3,0.0
0.05,0.852,0.0,0.0,0.0,0.05,0.65,0.064,0.0,0.0,0.076,0.274,0.216,0.0,0.0,0.148,0.068,0.404,0.014,0.008,0.206,0.024,0.286,0.09,0.054,0.212,0.002,0.128,0.262,0.13
0.05,0.852,0.0,0.0,0.0,0.056,0.62,0.054,0.0,0.0,0.096,0.246,0.23,0.0,0.0,0.182,0.108,0.384,0.03,0.004,0.23,0.034,0.256,0.134,0.038,0.256,0.018,0.142,0.314,0.082
0.05,0.852,0.0,0.0,0.0,0.05,0.7,0.06,0.0,0.0,0.068,0.326,0.18,0.0,0.0,0.144,0.116,0.378,0.03,0.0,0.174,0.04,0.346,0.146,0.0,0.184,0.01,0.186,0.39,0.0
0.05,0.852,0.0,0.0,0.0,0.05,0.664,0.052,0.0,0.0,0.06,0.312,0.21,0.0,0.0,0.11,0.142,0.31,0.024,0.004,0.15,0.044,0.196,0.152,0.05,0.168,0.022,0.102,0.36,0.096
0.05,0.852,0.0,0.0,0.0,0.054,0.676,0.052,0.0,0.0,0.082,0.284,0.162,0.0,0.0,0.138,0.084,0.372,0.012,0.0,0.182,0.026,0.306,0.096,0.028,0.196,0.004,0.126,0.306,0.062
0.05,0.852,0.0,0.0,0.0,0.05,0.706,0.05,0.0,0.0,0.064,0.304,0.16,0.0,0.0,0.094,0.094,0.408,0.03,0.01,0.128,0.044,0.292,0.114,0.036,0.14,0.014,0.116,0.334,0.092
0.05,0.852,0.0,0.0,0.0,0.052,0.712,0.054,0.0,0.0,0.068,0.346,0.172,0.0,0.0,0.116,0.144,0.384,0.024,0.0,0.166,0.046,0.37,0.128,0.0,0.19,0.022,0.21,0.33,0.0
0.05,0.852,0.0,0.0,0.0,0.05,0.72,0.044,0.0,0.0,0.066,0.286,0.172,0.0,0.0,0.118,0.076,0.454,0.012,0.0,0.142,0.032,0.382,0.096,0.0,0.15,0.01,0.16,0.35,0.0
0.05,0.852,0.0,0.0,0.0,0.052,0.668,0.04,0.0,0.0,0.078,0.276,0.2,0.0,0.0,0.146,0.086,0.428,0.024,0.0,0.194,0.028,0.34,0.158,0.0,0.212,0.008,0.178,0.398,0.0
0.05,0.852,0.0,0.0,0.0,0.052,0.642,0.038,0.0,0.0,0.076,0.304,0.21,0.0,0.0,0.13,0.128,0.316,0.028,0.01,0.164,0.046,0.218,0.156,0.036,0.172,0.03,0.12,0.366,0.07
0.05,0.852,0.0,0.0,0.0,0.054,0.672,0.048,0.0,0.0,0.078,0.306,0.196,0.0,0.0,0.146,0.104,0.382,0.018,0.0,0.194,0.028,0.312,0.112,0.0,0.21,0.004,0.168,0.332,0.0
0.05,0.852,0.0,0.0,0.0,0.054,0.612,0.054,0.0,0.0,0.09,0.25,0.206,0.0,0.0,0.158,0.084,0.34,0.032,0.004,0.188,0.02,0.206,0.152,0.036,0.208,0.004,0.092,0.346,0.104
0.05,0.852,0.0,0.0,0.0,0.05,0.69,0.052,0.0,0.0,0.064,0.258,0.176,0.0,0.0,0.13,0.084,0.434,0.008,0.0,0.152,0.024,0.362,0.108,0.0,0.158,0.008,0.146,0.318,0.0
0.05,0.852,0.0,0.0,0.0,0.05,0.676,0.046,0.0,0.0,0.072,0.298,0.178,0.0,0.0,0.132,0.084,0.378,0.004,0.0,0.18,0.034,0.324,0.098,0.0,0.192,0.018,0.128,0.314,0.0
0.05,0.852,0.0,0.0,0.0,0.05,0.694,0.062,0.0,0.0,0.064,0.276,0.194,0.0,0.0,0.114,0.086,0.45,0.014,0.0,0.14,0.03,0.392,0.118,0.0,0.152,0.008,0.208,0.334,0.004
0.05,0.852,0.0,0.0,0.0,0.05,0.652,0.066,0.0,0.0,0.08,0.294,0.24,0.0,0.0,0.134,0.132,0.456,0.022,0.004,0.166,0.052,0.392,0.13,0.006,0.19,0.02,0.266,0.322,0.008
0.05,0.852,0.0,0.0,0.0,0.052,0.672,0.06,0.0,0.0,0.066,0.328,0.224,0.0,0.0,0.096,0.114,0.418,0.026,0.0,0.128,0.058,0.37,0.16,0.0,0.134,0.018,0.198,0.38,0.0
0.05,0.852,0.0,0.0,0.0,0.05,0.622,0.066,0.0,0.0,0.07,0.248,0.232,0.0,0.0,0.106,0.092,0.432,0.028,0.002,0.128,0.034,0.268,0.126,0.034,0.146,0.014,0.11,0.354,0.104
0.05,0.852,0.0,0.0,0.0,0.054,0.658,0.066,0.0,0.0,0.07,0.31,0.246,0.0,0.0,0.118,0.114,0.426,0.018,0.0,0.14,0.054,0.402,0.122,0.0,0.158,0.02,0.256,0.302,0.002
0.05,0.852,0.0,0.0,0.0,0.05,0.634,0.048,0.0,0.0,0.09,0.294,0.204,0.0,0.0,0.174,0.102,0.394,0.01,0.0,0.212,0.038,0.306,0.134,0.002,0.242,0.016,0.176,0.33,0.012
0.05,0.852,0.0,0.0,0.0,0.05,0.652,0.046,0.0,0.0,0.07,0.246,0.2,0.0,0.0,0.112,0.052,0.398,0.012,0.0,0.136,0.01,0.238,0.114,0.032,0.142,0.004,0.08,0.328,0.09
0.05,0.852,0.0,0.0,0.0,0.052,0.676,0.046,0.0,0.0,0.078,0.346,0.19,0.0,0.0,0.13,0.154,0.398,0.026,0.0,0.16,0.074,0.378,0.124,0.0,0.174,0.038,0.204,0.312,0.0
0.05,0.852,0.0,0.0,0.0,0.052,0.684,0.066,0.0,0.0,0.072,0.32,0.22,0.002,0.0,0.112,0.142,0.354,0.03,0.012,0.148,0.07,0.264,0.16,0.056,0.16,0.02,0.142,0.31,0.12
0.05,0.852,0.0,0.0,0.0,0.05,0.68,0.06,0.0,0.0,0.072,0.3,0.202,0.0,0.0,0.116,0.098,0.396,0.018,0.0,0.152,0.036,0.308,0.142,0.0,0.168,0.022,0.132,0.42,0.004
0.05,0.852,0.0,0.0,0.0,0.052,0.67,0.058,0.0,0.0,0.058,0.304,0.21,0.0,0.0,0.092,0.1,0.416,0.012,0.0,0.116,0.036,0.384,0.108,0.0,0.12,0.01,0.194,0.338,0.0
0.05,0.852,0.0,0.0,0.0,0.052,0.636,0.066,0.0,0.0,0.09,0.25,0.226,0.0,0.0,0.152,0.086,0.424,0.014,0.002,0.176,0.026,0.378,0.112,0.02,0.182,0.01,0.236,0.282,0.056
0.05,0.852,0.0,0.0,0.0,0.05,0.702,0.056,0.0,0.0,0.062,0.27,0.168,0.0,0.0,0.082,0.098,0.402,0.028,0.01,0.106,0.03,0.26,0.134,0.046,0.112,0.012,0.122,0.344,0.132
0.05,0.852,0.0,0.0,0.0,0.05,0.68,0.052,0.0,0.0,0.064,0.322,0.22,0.0,0.0,0.11,0.138,0.408,0.016,0.0,0.134,0.056,0.358,0.132,0.0,0.156,0.016,0.2,0.35,0.0
0.05,0.852,0.0,0.0,0.0,0.054,0.678,0.054,0.0,0.0,0.082,0.276,0.19,0.0,0.0,0.156,0.102,0.394,0.024,0.0,0.202,0.034,0.334,0.166,0.0,0.214,0.01,0.202,0.388,0.0
0.05,0.852,0.0,0.0,0.0,0.052,0.632,0.07,0.0,0.0,0.084,0.316,0.272,0.0,0.0,0.13,0.114,0.428,0.018,0.0,0.16,0.066,0.434,0.126,0.0,0.182,0.02,0.256,0.3,0.0
0.05,0.852,0.0,0.0,0.0,0.05,0.716,0.066,0.0,0.0,0.066,0.272,0.182,0.0,0.0,0.128,0.082,0.44,0.032,0.0,0.16,0.03,0.346,0.146,0.0,0.174,0.008,0.154,0.41,0.024
0.05,0.852,0.0,0.0,0.0,0.05,0.656,0.064,0.0,0.0,0.076,0.298,0.192,0.0,0.0,0.144,0.118,0.298,0.044,0.016,0.204,0.04,0.214,0.16,0.078,0.218,0.016,0.094,0.328,0.126
0.05,0.852,0.0,0.0,0.0,0.05,0.68,0.054,0.0,0.0,0.068,0.282,0.18,0.0,0.0,0.142,0.076,0.334,0.024,0.0,0.196,0.014,0.246,0.132,0.012,0.212,0.004,0.09,0.366,0.032
0.05,0.852,0.0,0.0,0.0,0.052,0.676,0.054,0.0,0.0,0.066,0.254,0.184,0.0,0.0,0.108,0.088,0.408,0.01,0.002,0.126,0.036,0.31,0.094,0.006,0.14,0.01,0.098,0.318,0.032
0.05,0.852,0.0,0.0,0.0,0.05,0.688,0.052,0.0,0.0,0.066,0.266,0.198,0.0,0.0,0.128,0.09,0.442,0.014,0.0,0.186,0.022,0.35,0.12,0.0,0.194,0.008,0.19,0.354,0.0
0.05,0.852,0.0,0.0,0.0,0.05,0.744,0.052,0.0,0.0,0.058,0.326,0.19,0.0,0.0,0.092,0.1,0.444,0.01,0.0,0.142,0.036,0.432,0.116,0.0,0.156,0.01,0.24,0.316,0.0
0.05,0.852,0.0,0.0,0.0,0.054,0.664,0.05,0.0,0.0,0.092,0.234,0.202,0.0,0.0,0.152,0.086,0.452,0.024,0.0,0.194,0.032,0.356,0.13,0.0,0.2,0.014,0.148,0.368,0.0
0.05,0.852,0.0,0.0,0.0,0.05,0.76,0.054,0.0,0.0,0.058,0.316,0.142,0.0,0.0,0.1,0.1,0.43,0.02,0.0,0.138,0.024,0.448,0.12,0.0,0.152,0.004,0.192,0.354,0.0
0.05,0.852,0.0,0.0,0.0,0.052,0.674,0.054,0.0,0.0,0.064,0.258,0.182,0.0,0.0,0.128,0.084,0.442,0.016,0.002,0.164,0.038,0.306,0.112,0.006,0.176,0.022,0.12,0.384,0.026
0.05,0.852,0.0,0.0,0.0,0.054,0.65,0.05,0.0,0.0,0.076,0.266,0.19,0.0,0.0,0.154,0.082,0.342,0.052,0.006,0.196,0.034,0.26,0.186,0.03,0.216,0.012,0.094,0.384,0.072
0.05,0.852,0.0,0.0,0.0,0.05,0.666,0.07,0.0,0.0,0.06,0.294,0.206,0.0,0.0,0.106,0.128,0.372,0.02,0.004,0.13,0.05,0.244,0.118,0.032,0.144,0.02,0.15,0.322,0.086
0.05,0.852,0.0,0.0,0.0,0.052,0.624,0.05,0.0,0.0,0.086,0.256,0.206,0.0,0.0,0.13,0.09,0.356,0.01,0.008,0.148,0.038,0.238,0.102,0.042,0.164,0.024,0.098,0.26,0.106
0.05,0.852,0.0,0.0,0.0,0.05,0.684,0.056,0.0,0.0,0.064,0.318,0.194,0.0,0.0,0.11,0.124,0.4,0.022,0.0,0.14,0.068,0.312,0.164,0.0,0.154,0.024,0.13,0.416,0.0
0.05,0.852,0.0,0.0,0.0,0.05,0.702,0.044,0.0,0.0,0.094,0.296,0.154,0.0,0.0,0.166,0.084,0.382,0.02,0.0,0.212,0.024,0.334,0.126,0.0,0.232,0.014,0.148,0.362,0.0
0.05,0.852,0.0,0.0,0.0,0.052,0.676,0.038,0.0,0.0,0.092,0.25,0.17,0.0,0.0,0.146,0.072,0.422,0.004,0.0,0.186,0.028,0.28,0.096,0.0,0.194,0.01,0.102,0.36,0.0
0.05,0.852,0.0,0.0,0.0,0.052,0.646,0.044,0.0,0.0,0.072,0.29,0.22,0.0,0.0,0.11,0.124,0.372,0.014,0.002,0.134,0.052,0.282,0.13,0.012,0.138,0.026,0.13,0.368,0.024
0.05,0.852,0.0,0.0,0.0,0.052,0.666,0.054,0.0,0.0,0.076,0.272,0.212,0.0,0.0,0.14,0.078,0.444,0.012,0.0,0.162,0.032,0.402,0.084,0.0,0.166,0.016,0.196,0.302,0.0
0.05,0.852,0.0,0.0,0.0,0.05,0.656,0.06,0.0,0.0,0.056,0.298,0.234,0.0,0.0,0.09,0.1,0.434,0.016,0.0,0.116,0.038,0.354,0.12,0.0,0.124,0.01,0.16,0.378,0.0
0.05,0.852,0.0,0.0,0.0,0.052,0.65,0.048,0.0,0.0,0.076,0.278,0.206,0.0,0.0,0.136,0.104,0.384,0.016,0.0,0.162,0.044,0.33,0.13,0.0,0.176,0.018,0.138,0.32,0.0
0.05,0.852,0.0,0.0,0.0,0.05,0.63,0.056,0.0,0.0,0.074,0.276,0.238,0.0,0.0,0.116,0.104,0.442,0.016,0.0,0.158,0.04,0.366,0.124,0.008,0.162,0.018,0.184,0.338,0.014
0.05,0.852,0.0,0.0,0.0,0.052,0.666,0.064,0.0,0.0,0.07,0.278,0.222,0.0,0.0,0.118,0.098,0.436,0.024,0.0,0.156,0.022,0.372,0.166,0.0,0.162,0.008,0.21,0.41,0.0
0.05,0.852,0.0,0.0,0.0,0.05,0.648,0.052,0.0,0.0,0.072,0.202,0.176,0.0,0.0,0.16,0.062,0.39,0.026,0.008,0.192,0.006,0.2,0.116,0.044,0.214,0.0,0.064,0.368,0.1
0.05,0.852,0.0,0.0,0.0,0.05,0.712,0.058,0.0,0.0,0.064,0.33,0.174,0.0,0.0,0.124,0.11,0.382,0.016,0.002,0.154,0.044,0.312,0.118,0.004,0.164,0.02,0.166,0.338,0.028
0.05,0.852,0.0,0.0,0.0,0.054,0.648,0.046,0.0,0.0,0.088,0.248,0.19,0.0,0.0,0.172,0.09,0.408,0.024,0.0,0.226,0.032,0.274,0.136,0.0,0.242,0.008,0.13,0.39,0.0
0.05,0.852,0.0,0.0,0.0,0.05,0.61,0.062,0.0,0.0,0.074,0.28,0.222,0.0,0.0,0.128,0.09,0.358,0.024,0.0,0.144,0.04,0.304,0.162,0.012,0.162,0.014,0.14,0.38,0.026
0.05,0.852,0.0,0.0,0.0,0.05,0.634,0.054,0.0,0.0,0.07,0.274,0.198,0.0,0.0,0.118,0.088,0.432,0.018,0.0,0.162,0.026,0.304,0.136,0.0,0.172,0.004,0.16,0.402,0.002
0.05,0.852,0.0,0.0,0.0,0.052,0.668,0.056,0.0,0.0,0.074,0.316,0.206,0.0,0.002,0.128,0.122,0.376,0.036,0.012,0.152,0.056,0.306,0.134,0.042,0.166,0.032,0.178,0.324,0.086
0.05,0.852,0.0,0.0,0.0,0.05,0.644,0.06,0.0,0.0,0.084,0.27,0.206,0.0,0.0,0.162,0.112,0.4,0.028,0.0,0.22,0.046,0.312,0.15,0.0,0.232,0.016,0.152,0.368,0.0
0.05,0.852,0.0,0.0,0.0,0.05,0.69,0.052,0.0,0.0,0.074,0.29,0.17,0.0,0.0,0.16,0.092,0.41,0.028,0.0,0.212,0.028,0.32,0.12,0.0,0.234,0.002,0.172,0.364,0.0
0.05,0.852,0.0,0.0,0.0,0.052,0.67,0.064,0.0,0.0,0.066,0.314,0.232,0.0,0.0,0.1,0.114,0.416,0.016,0.0,0.13,0.042,0.354,0.144,0.0,0.142,0.012,0.194,0.38,0.0
0.05,0.852,0.0,0.0,0.0,0.05,0.682,0.056,0.0,0.0,0.066,0.364,0.194,0.0,0.0,0.142,0.132,0.364,0.032,0.0,0.17,0.042,0.34,0.148,0.0,0.192,0.014,0.22,0.364,0.0
0.05,0.852,0.0,0.0,0.0,0.05,0.64,0.052,0.0,0.0,0.098,0.28,0.222,0.0,0.0,0.172,0.11,0.418,0.018,0.0,0.218,0.034,0.36,0.122,0.0,0.25,0.014,0.226,0.306,0.0
0.05,0.852,0.0,0.0,0.0,0.05,0.672,0.058,0.0,0.0,0.072,0.264,0.166,0.0,0.0,0.166,0.09,0.324,0.03,0.016,0.212,0.024,0.2,0.14,0.048,0.232,0.004,0.068,0.332,0.128
0.05,0.852,0.0,0.0,0.0,0.05,0.704,0.07,0.0,0.0,0.052,0.296,0.192,0.0,0.0,0.084,0.088,0.418,0.014,0.006,0.096,0.042,0.318,0.104,0.04,0.096,0.008,0.112,0.308,0.122
0.05,0.852,0.0,0.0,0.0,0.052,0.64,0.06,0.0,0.0,0.092,0.268,0.224,0.0,0.0,0.166,0.106,0.426,0.022,0.0,0.206,0.034,0.376,0.122,0.0,0.226,0.014,0.248,0.328,0.0
0.05,0.852,0.0,0.0,0.0,0.052,0.66,0.048,0.0,0.0,0.098,0.26,0.172,0.0,0.0,0.162,0.082,0.354,0.02,0.002,0.21,0.034,0.254,0.136,0.006,0.23,0.016,0.104,0.34,0.028
0.05,0.852,0.0,0.0,0.0,0.052,0.676,0.066,0.0,0.0,0.068,0.308,0.216,0.0,0.0,0.11,0.114,0.458,0.016,0.0,0.136,0.032,0.356,0.128,0.0,0.15,0.01,0.196,0.382,0.0
0.05,0.852,0.0,0.0,0.0,0.05,0.692,0.052,0.0,0.0,0.078,0.278,0.166,0.0,0.0,0.166,0.1,0.42,0.014,0.0,0.218,0.028,0.342,0.124,0.0,0.238,0.01,0.158,0.35,0.0
0.05,0.852,0.0,0.0,0.0,0.056,0.626,0.062,0.0,0.0,0.08,0.264,0.216,0.0,0.0,0.128,0.088,0.378,0.026,0.008,0.17,0.03,0.21,0.17,0.03,0.182,0.01,0.08,0.42,0.08
0.05,0.852,0.0,0.0,0.0,0.05,0.656,0.058,0.0,0.0,0.084,0.274,0.218,0.0,0.0,0.136,0.082,0.394,0.038,0.002,0.17,0.022,0.27,0.162,0.026,0.192,0.006,0.112,0.404,0.072
0.05,0.852,0.0,0.0,0.0,0.05,0.692,0.048,0.0,0.0,0.064,0.34,0.2,0.0,0.0,0.106,0.13,0.374,0.012,0.002,0.136,0.048,0.316,0.116,0.014,0.156,0.016,0.176,0.328,0.036
0.05,0.852,0.0,0.0,0.0,0.05,0.694,0.052,0.0,0.0,0.064,0.28,0.17,0.0,0.0,0.122,0.08,0.38,0.018,0.0,0.146,0.022,0.31,0.126,0.02,0.16,0.008,0.124,0.332,0.046
0.05,0.852,0.0,0.0,0.0,0.05,0.682,0.062,0.0,0.0,0.068,0.31,0.218,0.0,0.0,0.122,0.13,0.406,0.018,0.0,0.144,0.036,0.348,0.14,0.0,0.166,0.014,0.184,0.382,0.0
0.05,0.852,0.0,0.0,0.0,0.05,0.738,0.062,0.0,0.0,0.064,0.302,0.142,0.0,0.0,0.096,0.098,0.422,0.022,0.004,0.11,0.032,0.304,0.112,0.008,0.124,0.01,0.122,0.37,0.04
0.05,0.852,0.0,0.0,0.0,0.054,0.64,0.052,0.0,0.0,0.078,0.24,0.214,0.0,0.0,0.162,0.076,0.404,0.018,0.01,0.196,0.03,0.278,0.104,0.042,0.21,0.01,0.102,0.284,0.102
0.05,0.852,0.0,0.0,0.0,0.052,0.656,0.046,0.0,0.0,0.082,0.282,0.196,0.0,0.0,0.156,0.108,0.416,0.004,0.002,0.194,0.032,0.32,0.092,0.002,0.214,0.01,0.18,0.294,0.01
0.05,0.852,0.0,0.0,0.0,0.05,0.658,0.066,0.0,0.0,0.064,0.27,0.234,0.0,0.0,0.102,0.09,0.45,0.02,0.0,0.13,0.036,0.328,0.136,0.0,0.136,0.008,0.152,0.388,0.012
0.05,0.852,0.0,0.0,0.0,0.05,0.612,0.06,0.0,0.0,0.076,0.248,0.27,0.0,0.0,0.122,0.1,0.43,0.016,0.006,0.14,0.042,0.312,0.152,0.052,0.148,0.014,0.178,0.34,0.108
0.05,0.852,0.0,0.0,0.0,0.05,0.704,0.062,0.0,0.0,0.07,0.294,0.184,0.0,0.0,0.1,0.108,0.482,0.034,0.0,0.138,0.038,0.436,0.13,0.0,0.15,0.006,0.21,0.376,0.0
0.05,0.852,0.0,0.0,0.0,0.05,0.684,0.048,0.0,0.0,0.074,0.306,0.204,0.0,0.0,0.12,0.114,0.382,0.014,0.006,0.142,0.048,0.276,0.09,0.048,0.164,0.02,0.116,0.244,0.114
0.05,0.852,0.0,0.0,0.0,0.05,0.68,0.064,0.0,0.0,0.068,0.29,0.186,0.0,0.0,0.112,0.108,0.418,0.02,0.002,0.142,0.024,0.266,0.116,0.012,0.154,0.006,0.148,0.38,0.032
0.05,0.852,0.0,0.0,0.0,0.05,0.644,0.064,0.0,0.0,0.072,0.302,0.212,0.0,0.0,0.126,0.146,0.384,0.016,0.004,0.152,0.052,0.31,0.12,0.028,0.166,0.016,0.164,0.308,0.044
0.05,0.852,0.0,0.0,0.0,0.052,0.718,0.052,0.0,0.0,0.056,0.276,0.154,0.0,0.0,0.11,0.076,0.408,0.02,0.0,0.144,0.024,0.346,0.124,0.0,0.156,0.006,0.116,0.372,0.0
0.05,0.852,0.0,0.0,0.0,0.05,0.678,0.06,0.0,0.0,0.07,0.278,0.202,0.0,0.0,0.132,0.086,0.472,0.012,0.0,0.172,0.04,0.422,0.092,0.0,0.186,0.02,0.214,0.332,0.0
0.05,0.852,0.0,0.0,0.0,0.05,0.684,0.056,0.0,0.0,0.064,0.272,0.206,0.0,0.0,0.092,0.106,0.43,0.006,0.004,0.112,0.026,0.308,0.106,0.016,0.13,0.01,0.158,0.354,0.046
0.05,0.852,0.0,0.0,0.0,0.054,0.66,0.052,0.0,0.0,0.076,0.322,0.194,0.0,0.0,0.118,0.126,0.338,0.012,0.004,0.154,0.046,0.292,0.102,0.038,0.174,0.03,0.142,0.258,0.092
0.05,0.852,0.0,0.0,0.0,0.052,0.708,0.054,0.0,0.0,0.074,0.268,0.14,0.0,0.0,0.138,0.1,0.402,0.028,0.0,0.186,0.038,0.308,0.128,0.004,0.21,0.01,0.15,0.366,0.008
0.05,0.852,0.0,0.0,0.0,0.05,0.656,0.064,0.0,0.0,0.072,0.3,0.222,0.0,0.0,0.132,0.132,0.406,0.028,0.004,0.158,0.048,0.31,0.17,0.016,0.168,0.016,0.172,0.378,0.032
0.05,0.852,0.0,0.0,0.0,0.05,0.622,0.056,0.0,0.0,0.066,0.2,0.242,0.0,0.0,0.138,0.07,0.424,0.022,0.002,0.168,0.016,0.236,0.128,0.034,0.178,0.006,0.088,0.354,0.072
0.05,0.852,0.0,0.0,0.0,0.05,0.654,0.054,0.0,0.0,0.076,0.232,0.196,0.0,0.0,0.144,0.064,0.436,0.02,0.004,0.162,0.016,0.362,0.118,0.024,0.176,0.006,0.17,0.326,0.06
0.05,0.852,0.0,0.0,0.0,0.052,0.682,0.056,0.0,0.0,0.062,0.27,0.196,0.0,0.0,0.11,0.104,0.39,0.034,0.002,0.15,0.038,0.264,0.152,0.018,0.156,0.014,0.13,0.386,0.054
0.05,0.852,0.0,0.0,0.0,0.052,0.654,0.05,0.0,0.0,0.088,0.248,0.232,0.0,0.0,0.168,0.094,0.362,0.014,0.002,0.22,0.022,0.244,0.152,0.036,0.236,0.004,0.104,0.316,0.094
0.05,0.852,0.0,0.0,0.0,0.052,0.684,0.054,0.0,0.0,0.07,0.326,0.18,0.0,0.0,0.118,0.11,0.384,0.008,0.0,0.158,0.034,0.326,0.134,0.0,0.182,0.01,0.176,0.386,0.0
0.05,0.852,0.0,0.0,0.0,0.052,0.652,0.048,0.0,0.0,0.076,0.304,0.23,0.0,0.0,0.124,0.13,0.396,0.014,0.0,0.16,0.036,0.318,0.116,0.0,0.182,0.018,0.192,0.34,0.002
0.05,0.852,0.0,0.0,0.0,0.05,0.674,0.056,0.0,0.0,0.062,0.298,0.214,0.0,0.0,0.098,0.104,0.466,0.028,0.0,0.132,0.032,0.38,0.148,0.0,0.142,0.01,0.202,0.402,0.0
0.05,0.852,0.0,0.0,0.0,0.05,0.696,0.052,0.0,0.0,0.076,0.31,0.18,0.0,0.0,0.164,0.112,0.354,0.02,0.004,0.218,0.028,0.314,0.134,0.014,0.236,0.018,0.162,0.31,0.03
0.05,0.852,0.0,0.0,0.0,0.052,0.688,0.056,0.0,0.0,0.064,0.278,0.2,0.0,0.0,0.112,0.1,0.436,0.018,0.0,0.156,0.032,0.334,0.136,0.0,0.168,0.01,0.162,0.376,0.0
0.05,0.852,0.0,0.0,0.0,0.05,0.668,0.04,0.0,0.0,0.062,0.278,0.202,0.0,0.0,0.116,0.096,0.428,0.004,0.0,0.16,0.028,0.3,0.088,0.0,0.174,0.004,0.122,0.328,0.0
0.05,0.852,0.0,0.0,0.0,0.05,0.686,0.06,0.0,0.0,0.072,0.27,0.2,0.0,0.0,0.12,0.098,0.44,0.026,0.0,0.142,0.038,0.302,0.142,0.0,0.16,0.014,0.15,0.434,0.0
0.05,0.852,0.0,0.0,0.0,0.054,0.68,0.058,0.0,0.0,0.078,0.276,0.184,0.0,0.0,0.16,0.104,0.426,0.03,0.0,0.194,0.03,0.332,0.128,0.0,0.216,0.008,0.208,0.37,0.0
0.05,0.852,0.0,0.0,0.0,0.05,0.698,0.056,0.0,0.0,0.068,0.296,0.188,0.0,0.0,0.118,0.072,0.454,0.026,0.0,0.158,0.018,0.384,0.138,0.0,0.168,0.004,0.228,0.388,0.0
0.05,0.852,0.0,0.0,0.0,0.05,0.674,0.042,0.0,0.0,0.09,0.288,0.158,0.0,0.0,0.184,0.092,0.324,0.024,0.006,0.246,0.032,0.23,0.134,0.016,0.268,0.014,0.07,0.364,0.04
0.05,0.852,0.0,0.0,0.0,0.052,0.658,0.048,0.0,0.0,0.07,0.274,0.236,0.0,0.0,0.11,0.106,0.442,0.016,0.008,0.136,0.044,0.318,0.104,0.028,0.152,0.02,0.162,0.32,0.068
0.05,0.852,0.0,0.0,0.0,0.05,0.668,0.056,0.0,0.0,0.07,0.286,0.214,0.0,0.0,0.122,0.106,0.374,0.016,0.0,0.144,0.032,0.27,0.154,0.006,0.154,0.01,0.136,0.404,0.008
0.05,0.852,0.0,0.0,0.0,0.05,0.632,0.048,0.0,0.0,0.096,0.246,0.2,0.0,0.0,0.174,0.096,0.366,0.024,0.0,0.208,0.03,0.244,0.152,0.008,0.228,0.01,0.114,0.362,0.018
0.05,0.852,0.0,0.0,0.0,0.052,0.67,0.056,0.0,0.0,0.074,0.308,0.214,0.0,0.0,0.12,0.108,0.39,0.024,0.0,0.162,0.034,0.298,0.148,0.004,0.178,0.014,0.15,0.362,0.016
0.05,0.852,0.0,0.0,0.0,0.05,0.648,0.054,0.0,0.0,0.07,0.318,0.218,0.0,0.0,0.134,0.14,0.398,0.024,0.0,0.158,0.072,0.302,0.144,0.0,0.18,0.024,0.154,0.37,0.0
0.05,0.852,0.0,0.0,0.0,0.05,0.672,0.062,0.0,0.0,0.08,0.302,0.19,0.0,0.0,0.134,0.098,0.392,0.024,0.0,0.174,0.036,0.37,0.15,0.004,0.194,0.016,0.212,0.324,0.018
0.05,0.852,0.0,0.0,0.0,0.05,0.602,0.05,0.0,0.0,0.074,0.262,0.244,0.0,0.0,0.116,0.094,0.394,0.02,0.012,0.138,0.046,0.276,0.148,0.038,0.144,0.018,0.134,0.326,0.098
0.05,0.852,0.0,0.0,0.0,0.054,0.628,0.058,0.0,0.0,0.072,0.268,0.228,0.0,0.0,0.104,0.11,0.374,0.02,0.008,0.124,0.036,0.216,0.16,0.05,0.126,0.012,0.118,0.362,0.13
0.05,0.852,0.0,0.0,0.0,0.052,0.656,0.058,0.0,0.0,0.068,0.29,0.232,0.0,0.0,0.1,0.106,0.4,0.018,0.004,0.13,0.042,0.306,0.124,0.02,0.14,0.014,0.136,0.366,0.038
0.05,0.852,0.0,0.0,0.0,0.05,0.668,0.048,0.0,0.0,0.08,0.252,0.208,0.0,0.0,0.152,0.08,0.466,0.016,0.0,0.164,0.036,0.36,0.118,0.0,0.168,0.01,0.156,0.38,0.0
0.05,0.852,0.0,0.0,0.0,0.05,0.706,0.05,0.0,0.0,0.056,0.324,0.194,0.0,0.0,0.096,0.112,0.404,0.016,0.0,0.146,0.024,0.346,0.112,0.0,0.154,0.01,0.18,0.356,0.0
0.05,0.852,0.0,0.0,0.0,0.052,0.684,0.062,0.0,0.0,0.088,0.346,0.164,0.0,0.0,0.168,0.1,0.332,0.032,0.0,0.228,0.038,0.288,0.158,0.0,0.26,0.018,0.152,0.378,0.0
0.05,0.852,0.0,0.0,0.0,0.05,0.646,0.056,0.0,0.0,0.072,0.296,0.218,0.0,0.0,0.1,0.1,0.466,0.016,0.0,0.148,0.044,0.366,0.114,0.0,0.16,0.016,0.18,0.336,0.0
0.05,0.852,0.0,0.0,0.0,0.05,0.636,0.062,0.0,0.0,0.082,0.244,0.21,0.0,0.0,0.158,0.08,0.34,0.012,0.004,0.198,0.022,0.24,0.148,0.018,0.22,0.01,0.094,0.368,0.04
0.05,0.852,0.0,0.0,0.0,0.05,0.606,0.044,0.0,0.0,0.082,0.254,0.22,0.0,0.0,0.172,0.082,0.366,0.012,0.004,0.21,0.028,0.24,0.13,0.018,0.224,0.01,0.092,0.364,0.042
0.05,0.852,0.0,0.0,0.0,0.054,0.668,0.06,0.0,0.0,0.074,0.288,0.178,0.0,0.0,0.15,0.104,0.298,0.038,0.018,0.2,0.036,0.206,0.184,0.048,0.212,0.016,0.086,0.358,0.12
0.05,0.852,0.0,0.0,0.0,0.05,0.682,0.054,0.0,0.0,0.058,0.252,0.206,0.0,0.0,0.14,0.072,0.434,0.008,0.0,0.184,0.026,0.368,0.102,0.008,0.192,0.008,0.156,0.296,0.026
0.05,0.852,0.0,0.0,0.0,0.05,0.67,0.054,0.0,0.0,0.072,0.312,0.202,0.0,0.0,0.132,0.126,0.408,0.014,0.0,0.18,0.04,0.334,0.112,0.0,0.192,0.016,0.178,0.336,0.002
0.05,0.852,0.0,0.0,0.0,0.05,0.704,0.064,0.0,0.0,0.06,0.292,0.192,0.0,0.0,0.116,0.116,0.4,0.03,0.0,0.152,0.034,0.322,0.152,0.0,0.18,0.016,0.166,0.418,0.0
0.05,0.852,0.0,0.0,0.0,0.052,0.69,0.056,0.0,0.0,0.078,0.326,0.184,0.0,0.0,0.156,0.114,0.348,0.022,0.0,0.206,0.05,0.284,0.128,0.002,0.236,0.014,0.134,0.338,0.006
0.05,0.852,0.0,0.0,0.0,0.052,0.722,0.062,0.0,0.0,0.062,0.324,0.166,0.0,0.0,0.124,0.112,0.388,0.028,0.0,0.186,0.038,0.338,0.16,0.0,0.206,0.01,0.18,0.372,0.0
0.05,0.852,0.0,0.0,0.0,0.054,0.67,0.044,0.0,0.0,0.088,0.29,0.192,0.0,0.0,0.174,0.104,0.41,0.022,0.0,0.216,0.046,0.344,0.124,0.0,0.238,0.016,0.244,0.342,0.0
0.05,0.852,0.0,0.0,0.0,0.05,0.698,0.068,0.0,0.0,0.062,0.27,0.192,0.0,0.0,0.122,0.07,0.442,0.018,0.0,0.17,0.026,0.402,0.124,0.0,0.188,0.012,0.208,0.36,0.0
0.05,0.852,0.0,0.0,0.0,0.05,0.654,0.048,0.0,0.0,0.066,0.228,0.216,0.0,0.0,0.12,0.054,0.376,0.012,0.008,0.15,0.012,0.208,0.142,0.042,0.152,0.002,0.056,0.4,0.084
0.05,0.852,0.0,0.0,0.0,0.05,0.672,0.046,0.0,0.0,0.074,0.288,0.224,0.0,0.0,0.11,0.122,0.456,0.022,0.0,0.154,0.044,0.34,0.13,0.0,0.168,0.01,0.188,0.392,0.0
0.05,0.852,0.0,0.0,0.0,0.05,0.664,0.04,0.0,0.0,0.086,0.252,0.188,0.0,0.0,0.148,0.084,0.418,0.028,0.0,0.202,0.022,0.294,0.158,0.0,0.232,0.01,0.138,0.412,0.0
0.05,0.852,0.0,0.0,0.0,0.052,0.728,0.054,0.0,0.0,0.06,0.29,0.154,0.0,0.0,0.14,0.08,0.42,0.022,0.0,0.18,0.034,0.342,0.12,0.0,0.194,0.004,0.15,0.394,0.0
0.05,0.852,0.0,0.0,0.0,0.05,0.688,0.06,0.0,0.0,0.07,0.266,0.176,0.0,0.0,0.12,0.104,0.462,0.01,0.0,0.15,0.036,0.326,0.096,0.0,0.166,0.008,0.158,0.356,0.0
0.05,0.852,0.0,0.0,0.0,0.05,0.658,0.042,0.0,0.0,0.08,0.27,0.208,0.0,0.0,0.136,0.092,0.38,0.016,0.0,0.182,0.036,0.236,0.126,0.0,0.196,0.012,0.13,0.388,0.0
0.05,0.852,0.0,0.0,0.0,0.052,0.716,0.05,0.0,0.0,0.068,0.312,0.164,0.0,0.0,0.114,0.108,0.4,0.022,0.004,0.158,0.036,0.32,0.108,0.006,0.172,0.01,0.158,0.338,0.022
0.05,0.852,0.0,0.0,0.0,0.054,0.708,0.05,0.0,0.0,0.068,0.35,0.174,0.0,0.0,0.098,0.108,0.366,0.006,0.004,0.116,0.048,0.344,0.1,0.056,0.134,0.01,0.138,0.238,0.14
0.05,0.852,0.0,0.0,0.0,0.05,0.67,0.052,0.0,0.0,0.066,0.28,0.2,0.0,0.0,0.14,0.106,0.444,0.006,0.0,0.188,0.034,0.338,0.084,0.0,0.22,0.016,0.158,0.31,0.0
0.05,0.852,0.0,0.0,0.0,0.052,0.67,0.052,0.0,0.0,0.078,0.276,0.19,0.0,0.0,0.17,0.098,0.414,0.018,0.0,0.224,0.036,0.33,0.116,0.0,0.25,0.012,0.18,0.328,0.0
0.05,0.852,0.0,0.0,0.0,0.05,0.68,0.058,0.0,0.0,0.072,0.21,0.202,0.0,0.0,0.152,0.052,0.418,0.016,0.006,0.194,0.008,0.278,0.118,0.036,0.204,0.002,0.132,0.286,0.124
0.05,0.852,0.0,0.0,0.0,0.05,0.644,0.062,0.0,0.0,0.09,0.196,0.182,0.0,0.0,0.15,0.038,0.418,0.02,0.008,0.202,0.014,0.266,0.108,0.042,0.212,0.002,0.076,0.262,0.138
0.05,0.852,0.0,0.0,0.0,0.052,0.644,0.062,0.0,0.0,0.08,0.286,0.214,0.0,0.0,0.136,0.128,0.418,0.02,0.0,0.174,0.054,0.356,0.124,0.0,0.196,0.024,0.226,0.33,0.0
0.05,0.852,0.0,0.0,0.0,0.052,0.706,0.064,0.0,0.0,0.066,0.298,0.198,0.0,0.0,0.128,0.118,0.356,0.018,0.0,0.18,0.042,0.29,0.17,0.0,0.2,0.008,0.126,0.388,0.0
0.05,0.852,0.0,0.0,0.0,0.054,0.72,0.058,0.0,0.0,0.074,0.284,0.182,0.0,0.0,0.116,0.094,0.474,0.012,0.0,0.146,0.036,0.41,0.092,0.0,0.152,0.01,0.194,0.354,0.0
0.05,0.852,0.0,0.0,0.0,0.052,0.596,0.05,0.0,0.0,0.08,0.238,0.242,0.0,0.0,0.142,0.074,0.36,0.012,0.008,0.19,0.024,0.23,0.142,0.042,0.212,0.008,0.084,0.364,0.082
0.05,0.852,0.0,0.0,0.0,0.05,0.742,0.05,0.0,0.0,0.058,0.298,0.158,0.0,0.0,0.126,0.094,0.428,0.02,0.0,0.188,0.034,0.418,0.114,0.0,0.202,0.012,0.22,0.33,0.0
0.05,0.852,0.0,0.0,0.0,0.05,0.672,0.07,0.0,0.0,0.064,0.258,0.176,0.0,0.0,0.116,0.08,0.39,0.026,0.02,0.152,0.028,0.242,0.142,0.082,0.17,0.012,0.082,0.368,0.158
0.05,0.852,0.0,0.0,0.0,0.05,0.666,0.052,0.0,0.0,0.072,0.286,0.224,0.0,0.0,0.134,0.124,0.43,0.016,0.0,0.18,0.046,0.36,0.134,0.0,0.19,0.018,0.212,0.37,0.0
0.05,0.852,0.0,0.0,0.0,0.05,0.67,0.052,0.0,0.0,0.078,0.274,0.212,0.0,0.0,0.114,0.082,0.48,0.022,0.0,0.156,0.02,0.396,0.122,0.0,0.166,0.004,0.172,0.386,0.0
0.05,0.852,0.0,0.0,0.0,0.05,0.65,0.058,0.0,0.0,0.086,0.29,0.194,0.0,0.0,0.138,0.128,0.418,0.038,0.002,0.2,0.048,0.368,0.148,0.004,0.22,0.018,0.226,0.318,0.004
0.05,0.852,0.0,0.0,0.0,0.056,0.67,0.048,0.0,0.0,0.064,0.286,0.228,0.0,0.0,0.092,0.096,0.406,0.016,0.004,0.102,0.03,0.338,0.132,0.014,0.11,0.008,0.126,0.346,0.034
0.05,0.852,0.0,0.0,0.0,0.05,0.688,0.062,0.0,0.0,0.064,0.302,0.192,0.0,0.0,0.114,0.108,0.42,0.02,0.0,0.156,0.05,0.344,0.114,0.0,0.17,0.014,0.194,0.338,0.0
0.05,0.852,0.0,0.0,0.0,0.054,0.618,0.056,0.0,0.0,0.072,0.242,0.252,0.0,0.0,0.126,0.088,0.422,0.034,0.006,0.14,0.044,0.328,0.146,0.014,0.154,0.014,0.14,0.374,0.02
0.05,0.852,0.0,0.0,0.0,0.05,0.674,0.042,0.0,0.0,0.086,0.298,0.18,0.0,0.0,0.154,0.102,0.362,0.018,0.0,0.192,0.05,0.26,0.122,0.0,0.212,0.028,0.114,0.372,0.0
0.05,0.852,0.0,0.0,0.0,0.05,0.68,0.044,0.0,0.0,0.072,0.288,0.168,0.0,0.0,0.128,0.096,0.434,0.02,0.0,0.156,0.036,0.294,0.136,0.0,0.172,0.018,0.122,0.43,0.0
0.05,0.852,0.0,0.0,0.0,0.052,0.652,0.06,0.0,0.0,0.068,0.234,0.234,0.0,0.0,0.128,0.074,0.452,0.014,0.008,0.164,0.018,0.342,0.1,0.026,0.17,0.002,0.154,0.324,0.062
0.05,0.852,0.0,0.0,0.0,0.05,0.684,0.048,0.0,0.0,0.07,0.27,0.21,0.0,0.0,0.116,0.066,0.454,0.008,0.01,0.146,0.018,0.376,0.082,0.038,0.158,0.006,0.168,0.226,0.1
0.05,0.852,0.0,0.0,0.0,0.05,0.65,0.056,0.0,0.0,0.062,0.278,0.186,0.0,0.0,0.094,0.086,0.362,0.014,0.004,0.122,0.028,0.238,0.106,0.022,0.126,0.01,0.09,0.358,0.062
0.05,0.852,0.0,0.0,0.0,0.05,0.674,0.048,0.0,0.0,0.07,0.276,0.192,0.0,0.0,0.128,0.11,0.39,0.034,0.0,0.166,0.048,0.292,0.154,0.0,0.188,0.018,0.108,0.398,0.0
0.05,0.852,0.0,0.0,0.0,0.052,0.672,0.058,0.0,0.0,0.064,0.284,0.194,0.0,0.0,0.122,0.118,0.416,0.014,0.0,0.152,0.05,0.304,0.13,0.0,0.174,0.016,0.174,0.36,0.002
0.05,0.852,0.0,0.0,0.0,0.05,0.686,0.056,0.0,0.0,0.064,0.304,0.192,0.0,0.0,0.104,0.118,0.418,0.014,0.0,0.132,0.036,0.318,0.138,0.0,0.142,0.01,0.166,0.4,0.0
0.05,0.852,0.0,0.0,0.0,0.052,0.626,0.07,0.0,0.0,0.076,0.278,0.24,0.0,0.0,0.124,0.1,0.454,0.018,0.0,0.15,0.036,0.354,0.128,0.0,0.174,0.016,0.204,0.37,0.0
0.05,0.852,0.0,0.0,0.0,0.05,0.688,0.054,0.0,0.0,0.058,0.268,0.194,0.0,0.0,0.094,0.092,0.352,0.014,0.008,0.11,0.04,0.236,0.128,0.038,0.126,0.022,0.102,0.362,0.098
0.05,0.852,0.0,0.0,0.0,0.052,0.658,0.058,0.0,0.0,0.078,0.198,0.198,0.0,0.0,0.17,0.068,0.454,0.022,0.002,0.214,0.018,0.336,0.118,0.006,0.24,0.012,0.146,0.336,0.03
0.05,0.852,0.0,0.0,0.0,0.05,0.708,0.052,0.0,0.0,0.066,0.284,0.182,0.0,0.0,0.122,0.08,0.42,0.004,0.0,0.166,0.024,0.334,0.09,0.0,0.18,0.01,0.128,0.336,0.0
0.05,0.852,0.0,0.0,0.0,0.056,0.674,0.054,0.0,0.0,0.08,0.308,0.184,0.002,0.0,0.136,0.13,0.386,0.034,0.0,0.178,0.056,0.294,0.15,0.0,0.204,0.02,0.156,0.378,0.0
0.05,0.852,0.0,0.0,0.0,0.05,0.772,0.042,0.0,0.0,0.056,0.338,0.132,0.0,0.0,0.106,0.102,0.382,0.022,0.0,0.146,0.028,0.358,0.128,0.0,0.162,0.006,0.14,0.364,0.0
0.05,0.852,0.0,0.0,0.0,0.05,0.694,0.048,0.0,0.0,0.068,0.308,0.182,0.0,0.0,0.104,0.116,0.404,0.012,0.0,0.138,0.046,0.306,0.108,0.002,0.158,0.02,0.156,0.352,0.006
0.05,0.852,0.0,0.0,0.0,0.052,0.72,0.058,0.0,0.0,0.058,0.292,0.176,0.0,0.0,0.08,0.096,0.454,0.028,0.0,0.114,0.034,0.312,0.124,0.024,0.114,0.012,0.12,0.392,0.062
0.05,0.852,0.0,0.0,0.0,0.052,0.636,0.05,0.0,0.0,0.084,0.28,0.248,0.0,0.0,0.13,0.114,0.41,0.022,0.0,0.158,0.054,0.326,0.132,0.014,0.176,0.012,0.176,0.328,0.032
0.05,0.852,0.0,0.0,0.0,0.05,0.688,0.062,0.0,0.0,0.064,0.252,0.18,0.0,0.0,0.12,0.09,0.396,0.024,0.008,0.152,0.032,0.25,0.106,0.042,0.164,0.006,0.098,0.34,0.124
0.05,0.852,0.0,0.0,0.0,0.052,0.732,0.048,0.0,0.0,0.076,0.264,0.15,0.0,0.0,0.144,0.086,0.432,0.022,0.0,0.192,0.022,0.35,0.118,0.0,0.212,0.002,0.148,0.358,0.0
0.05,0.852,0.0,0.0,0.0,0.054,0.7,0.06,0.0,0.0,0.072,0.304,0.216,0.0,0.0,0.124,0.12,0.448,0.014,0.0,0.154,0.05,0.396,0.14,0.0,0.164,0.024,0.242,0.354,0.0
0.05,0.852,0.0,0.0,0.0,0.05,0.69,0.066,0.0,0.0,0.064,0.296,0.228,0.0,0.0,0.098,0.098,0.464,0.018,0.004,0.118,0.026,0.382,0.136,0.012,0.13,0.012,0.212,0.356,0.02
0.05,0.852,0.0,0.0,0.0,0.052,0.666,0.048,0.0,0.0,0.076,0.288,0.196,0.0,0.0,0.14,0.098,0.398,0.03,0.0,0.192,0.04,0.346,0.142,0.0,0.21,0.014,0.186,0.358,0.0
0.05,0.852,0.0,0.0,0.0,0.052,0.646,0.054,0.0,0.0,0.074,0.274,0.202,0.0,0.0,0.13,0.086,0.356,0.014,0.002,0.18,0.04,0.228,0.116,0.028,0.192,0.008,0.1,0.324,0.07
0.05,0.852,0.0,0.0,0.0,0.05,0.654,0.052,0.0,0.0,0.072,0.286,0.224,0.0,0.0,0.112,0.11,0.41,0.016,0.0,0.136,0.034,0.266,0.122,0.0,0.15,0.012,0.138,0.362,0.002
0.05,0.852,0.0,0.0,0.0,0.052,0.674,0.05,0.0,0.0,0.066,0.278,0.194,0.0,0.0,0.128,0.08,0.44,0.01,0.0,0.174,0.024,0.29,0.12,0.0,0.202,0.01,0.116,0.392,0.0
0.05,0.852,0.0,0.0,0.0,0.054,0.668,0.054,0.0,0.0,0.066,0.286,0.232,0.0,0.0,0.114,0.088,0.458,0.012,0.0,0.15,0.032,0.37,0.126,0.0,0.16,0.012,0.222,0.342,0.0
0.05,0.852,0.0,0.0,0.0,0.05,0.684,0.046,0.0,0.0,0.074,0.306,0.198,0.0,0.0,0.116,0.114,0.382,0.01,0.002,0.138,0.038,0.314,0.114,0.004,0.152,0.018,0.118,0.37,0.008
0.05,0.852,0.0,0.0,0.0,0.054,0.668,0.05,0.0,0.0,0.078,0.256,0.208,0.0,0.0,0.158,0.094,0.386,0.028,0.006,0.21,0.038,0.284,0.16,0.022,0.218,0.026,0.14,0.362,0.042
0.05,0.852,0.0,0.0,0.0,0.054,0.638,0.034,0.0,0.0,0.074,0.264,0.206,0.0,0.0,0.114,0.102,0.35,0.016,0.006,0.152,0.032,0.186,0.104,0.038,0.16,0.01,0.08,0.324,0.098
0.05,0.852,0.0,0.0,0.0,0.056,0.664,0.048,0.0,0.0,0.076,0.29,0.216,0.0,0.0,0.12,0.098,0.46,0.024,0.0,0.148,0.036,0.396,0.112,0.0,0.164,0.028,0.244,0.338,0.0
0.05,0.852,0.0,0.0,0.0,0.052,0.644,0.046,0.0,0.0,0.08,0.198,0.19,0.0,0.0,0.124,0.064,0.402,0.006,0.002,0.162,0.014,0.176,0.122,0.024,0.178,0.002,0.054,0.364,0.084
0.05,0.852,0.0,0.0,0.0,0.05,0.668,0.05,0.0,0.0,0.068,0.27,0.236,0.0,0.0,0.128,0.082,0.43,0.012,0.0,0.172,0.02,0.352,0.134,0.0,0.194,0.004,0.188,0.332,0.0
0.05,0.852,0.0,0.0,0.0,0.052,0.66,0.048,0.0,0.0,0.092,0.278,0.186,0.0,0.0,0.162,0.104,0.398,0.018,0.0,0.202,0.044,0.292,0.15,0.0,0.21,0.006,0.138,0.404,0.0
0.05,0.852,0.0,0.0,0.0,0.052,0.656,0.046,0.0,0.0,0.072,0.246,0.194,0.0,0.0,0.138,0.08,0.406,0.01,0.0,0.172,0.016,0.272,0.118,0.0,0.178,0.01,0.108,0.402,0.0
0.05,0.852,0.0,0.0,0.0,0.052,0.71,0.05,0.0,0.0,0.068,0.344,0.182,0.0,0.0,0.118,0.118,0.394,0.018,0.0,0.152,0.052,0.372,0.118,0.0,0.16,0.024,0.164,0.332,0.0
0.05,0.852,0.0,0.0,0.0,0.05,0.684,0.058,0.0,0.0,0.064,0.29,0.22,0.0,0.0,0.122,0.11,0.416,0.02,0.0,0.152,0.048,0.332,0.136,0.0,0.166,0.02,0.172,0.376,0.002
0.05,0.852,0.0,0.0,0.0,0.05,0.648,0.064,0.0,0.0,0.072,0.264,0.208,0.0,0.0,0.124,0.108,0.382,0.018,0.004,0.154,0.042,0.278,0.158,0.016,0.17,0.018,0.124,0.372,0.052
0.05,0.852,0.0,0.0,0.0,0.052,0.626,0.048,0.0,0.0,0.08,0.254,0.222,0.0,0.0,0.14,0.074,0.424,0.012,0.0,0.178,0.028,0.342,0.124,0.0,0.202,0.008,0.172,0.368,0.0
0.05,0.852,0.0,0.0,0.0,0.05,0.634,0.06,0.0,0.0,0.068,0.236,0.22,0.0,0.0,0.138,0.1,0.45,0.016,0.0,0.186,0.03,0.306,0.128,0.006,0.202,0.01,0.152,0.386,0.008
0.05,0.852,0.0,0.0,0.0,0.054,0.636,0.052,0.0,0.0,0.068,0.268,0.232,0.0,0.0,0.108,0.084,0.396,0.014,0.0,0.142,0.034,0.29,0.142,0.008,0.154,0.02,0.124,0.402,0.014
0.05,0.852,0.0,0.0,0.0,0.05,0.668,0.052,0.0,0.0,0.06,0.268,0.234,0.0,0.0,0.102,0.088,0.44,0.02,0.0,0.13,0.036,0.328,0.15,0.0,0.148,0.014,0.12,0.396,0.0
0.05,0.852,0.0,0.0,0.0,0.05,0.668,0.048,0.0,0.0,0.086,0.234,0.192,0.0,0.0,0.142,0.074,0.478,0.014,0.006,0.17,0.03,0.328,0.08,0.042,0.186,0.006,0.148,0.24,0.138
0.05,0.852,0.0,0.0,0.0,0.052,0.672,0.062,0.0,0.0,0.076,0.324,0.216,0.0,0.0,0.142,0.146,0.412,0.034,0.0,0.19,0.068,0.328,0.14,0.0,0.21,0.036,0.16,0.378,0.0
0.05,0.852,0.0,0.0,0.0,0.05,0.658,0.066,0.0,0.0,0.066,0.284,0.236,0.0,0.0,0.116,0.104,0.426,0.016,0.0,0.162,0.032,0.378,0.132,0.0,0.176,0.01,0.232,0.338,0.002
0.05,0.852,0.0,0.0,0.0,0.052,0.662,0.056,0.0,0.0,0.086,0.296,0.198,0.0,0.0,0.166,0.094,0.328,0.022,0.002,0.212,0.028,0.252,0.182,0.018,0.228,0.006,0.122,0.398,0.028
0.05,0.852,0.0,0.0,0.0,0.052,0.658,0.054,0.0,0.0,0.072,0.29,0.222,0.0,0.0,0.136,0.094,0.408,0.006,0.002,0.194,0.034,0.334,0.106,0.02,0.198,0.014,0.178,0.302,0.052
0.05,0.852,0.0,0.0,0.0,0.05,0.682,0.062,0.0,0.0,0.064,0.338,0.176,0.0,0.0,0.114,0.136,0.346,0.036,0.006,0.152,0.056,0.268,0.124,0.046,0.168,0.024,0.134,0.32,0.096
0.05,0.852,0.0,0.0,0.0,0.054,0.68,0.044,0.0,0.0,0.064,0.296,0.186,0.0,0.0,0.11,0.102,0.402,0.008,0.0,0.15,0.038,0.34,0.106,0.0,0.162,0.008,0.158,0.344,0.0
0.05,0.852,0.0,0.0,0.0,0.05,0.656,0.05,0.0,0.0,0.066,0.254,0.226,0.0,0.0,0.132,0.078,0.468,0.024,0.0,0.17,0.018,0.4,0.15,0.0,0.178,0.01,0.192,0.368,0.0
0.05,0.852,0.0,0.0,0.0,0.052,0.644,0.06,0.0,0.0,0.07,0.29,0.238,0.0,0.0,0.104,0.116,0.406,0.02,0.0,0.13,0.058,0.32,0.128,0.01,0.146,0.02,0.182,0.322,0.054
0.05,0.852,0.0,0.0,0.0,0.05,0.63,0.046,0.0,0.0,0.068,0.26,0.224,0.0,0.0,0.104,0.088,0.362,0.02,0.004,0.122,0.04,0.198,0.138,0.04,0.128,0.012,0.084,0.35,0.106
0.05,0.852,0.0,0.0,0.0,0.05,0.702,0.052,0.0,0.0,0.066,0.31,0.204,0.0,0.0,0.132,0.114,0.406,0.012,0.0,0.176,0.03,0.342,0.118,0.0,0.192,0.012,0.22,0.358,0.0
0.05,0.852,0.0,0.0,0.0,0.05,0.636,0.066,0.0,0.0,0.076,0.278,0.226,0.0,0.0,0.112,0.096,0.44,0.012,0.0,0.148,0.028,0.294,0.118,0.008,0.156,0.008,0.146,0.348,0.01
0.05,0.852,0.0,0.0,0.0,0.05,0.7,0.064,0.0,0.0,0.07,0.298,0.172,0.0,0.0,0.124,0.11,0.382,0.008,0.012,0.158,0.032,0.326,0.088,0.04,0.172,0.006,0.136,0.238,0.094
0.05,0.852,0.0,0.0,0.0,0.05,0.632,0.054,0.0,0.0,0.09,0.234,0.206,0.0,0.0,0.146,0.08,0.444,0.026,0.006,0.168,0.024,0.346,0.104,0.024,0.176,0.008,0.186,0.334,0.05
0.05,0.852,0.0,0.0,0.0,0.05,0.702,0.064,0.0,0.0,0.058,0.306,0.21,0.0,0.0,0.09,0.088,0.444,0.012,0.0,0.118,0.024,0.4,0.138,0.0,0.126,0.004,0.2,0.386,0.0
0.05,0.852,0.0,0.0,0.0,0.05,0.62,0.052,0.0,0.0,0.066,0.296,0.246,0.0,0.0,0.12,0.108,0.434,0.024,0.0,0.14,0.052,0.376,0.142,0.0,0.148,0.026,0.178,0.334,0.0
0.05,0.852,0.0,0.0,0.0,0.05,0.72,0.058,0.0,0.0,0.066,0.33,0.164,0.0,0.0,0.122,0.108,0.418,0.026,0.0,0.172,0.034,0.376,0.122,0.0,0.186,0.014,0.23,0.344,0.002
0.05,0.852,0.0,0.0,0.0,0.05,0.748,0.06,0.0,0.0,0.06,0.332,0.164,0.0,0.0,0.098,0.102,0.428,0.024,0.0,0.124,0.026,0.418,0.118,0.0,0.134,0.014,0.224,0.354,0.0
0.05,0.852,0.0,0.0,0.0,0.05,0.714,0.07,0.0,0.0,0.06,0.318,0.176,0.0,0.0,0.134,0.1,0.384,0.04,0.0,0.186,0.036,0.328,0.168,0.0,0.21,0.01,0.182,0.402,0.0
0.05,0.852,0.0,0.0,0.0,0.052,0.628,0.06,0.0,0.0,0.092,0.23,0.236,0.0,0.0,0.178,0.074,0.422,0.018,0.004,0.216,0.024,0.278,0.112,0.034,0.224,0.01,0.158,0.33,0.074
0.05,0.852,0.0,0.0,0.0,0.052,0.688,0.054,0.0,0.0,0.07,0.324,0.2,0.0,0.0,0.124,0.128,0.394,0.022,0.0,0.174,0.052,0.296,0.114,0.0,0.206,0.018,0.154,0.346,0.0
0.05,0.852,0.0,0.0,0.0,0.052,0.696,0.038,0.0,0.0,0.066,0.294,0.194,0.0,0.0,0.126,0.098,0.426,0.02,0.0,0.162,0.044,0.38,0.136,0.002,0.174,0.022,0.206,0.344,0.004
0.05,0.852,0.0,0.0,0.0,0.05,0.634,0.064,0.0,0.0,0.068,0.286,0.228,0.0,0.0,0.116,0.122,0.422,0.016,0.002,0.14,0.05,0.256,0.128,0.01,0.152,0.01,0.158,0.356,0.054
0.05,0.852,0.0,0.0,0.0,0.054,0.64,0.05,0.0,0.0,0.1,0.298,0.21,0.0,0.0,0.168,0.108,0.388,0.026,0.0,0.206,0.044,0.314,0.148,0.0,0.226,0.014,0.176,0.368,0.0
0.05,0.852,0.0,0.0,0.0,0.05,0.706,0.058,0.0,0.0,0.064,0.318,0.176,0.0,0.0,0.114,0.108,0.41,0.02,0.0,0.16,0.042,0.354,0.116,0.0,0.174,0.02,0.168,0.314,0.0
0.05,0.852,0.0,0.0,0.0,0.052,0.64,0.066,0.0,0.0,0.096,0.26,0.228,0.0,0.0,0.154,0.094,0.416,0.054,0.0,0.198,0.038,0.352,0.172,0.0,0.214,0.008,0.184,0.392,0.0
0.05,0.852,0.0,0.0,0.0,0.054,0.662,0.058,0.0,0.0,0.076,0.298,0.22,0.0,0.0,0.15,0.102,0.416,0.016,0.0,0.178,0.048,0.384,0.13,0.0,0.19,0.022,0.204,0.332,0.0
0.05,0.852,0.0,0.0,0.0,0.05,0.656,0.056,0.0,0.0,0.072,0.228,0.24,0.0,0.0,0.13,0.076,0.44,0.012,0.006,0.166,0.024,0.298,0.11,0.046,0.178,0.004,0.126,0.3,0.148
0.05,0.852,0.0,0.0,0.0,0.05,0.698,0.046,0.0,0.0,0.066,0.33,0.188,0.0,0.0,0.132,0.118,0.404,0.02,0.0,0.166,0.046,0.364,0.126,0.0,0.19,0.014,0.226,0.332,0.0
0.05,0.852,0.0,0.0,0.0,0.052,0.67,0.07,0.0,0.0,0.056,0.274,0.224,0.0,0.0,0.082,0.082,0.386,0.02,0.0,0.104,0.016,0.312,0.124,0.05,0.108,0.006,0.132,0.308,0.144
0.05,0.852,0.0,0.0,0.0,0.052,0.664,0.062,0.0,0.0,0.068,0.29,0.216,0.0,0.0,0.122,0.098,0.442,0.026,0.0,0.156,0.028,0.352,0.142,0.0,0.178,0.012,0.192,0.398,0.0
0.05,0.852,0.0,0.0,0.0,0.054,0.612,0.058,0.0,0.0,0.078,0.28,0.248,0.0,0.0,0.108,0.108,0.382,0.028,0.002,0.14,0.038,0.304,0.158,0.026,0.152,0.016,0.148,0.36,0.05
0.05,0.852,0.0,0.0,0.0,0.05,0.722,0.058,0.0,0.0,0.064,0.276,0.174,0.0,0.0,0.122,0.054,0.39,0.03,0.0,0.192,0.022,0.332,0.15,0.008,0.208,0.008,0.128,0.356,0.034
0.05,0.852,0.0,0.0,0.0,0.05,0.668,0.062,0.0,0.0,0.078,0.266,0.248,0.0,0.0,0.132,0.066,0.476,0.022,0.0,0.168,0.034,0.424,0.148,0.0,0.182,0.008,0.198,0.358,0.0
0.05,0.852,0.0,0.0,0.0,0.05,0.664,0.056,0.0,0.0,0.068,0.264,0.206,0.0,0.0,0.136,0.092,0.46,0.01,0.0,0.16,0.034,0.41,0.112,0.0,0.178,0.012,0.21,0.342,0.0
0.05,0.852,0.0,0.0,0.0,0.054,0.646,0.068,0.0,0.0,0.088,0.252,0.23,0.0,0.0,0.156,0.106,0.444,0.028,0.0,0.198,0.03,0.296,0.13,0.0,0.222,0.014,0.18,0.386,0.0
0.05,0.852,0.0,0.0,0.0,0.052,0.62,0.06,0.0,0.0,0.088,0.274,0.236,0.0,0.0,0.15,0.114,0.374,0.018,0.016,0.194,0.048,0.276,0.116,0.068,0.214,0.028,0.154,0.298,0.118
0.05,0.852,0.0,0.0,0.0,0.052,0.652,0.054,0.0,0.0,0.074,0.32,0.244,0.0,0.0,0.126,0.13,0.422,0.03,0.0,0.154,0.05,0.404,0.134,0.0,0.172,0.026,0.282,0.324,0.0
0.05,0.852,0.0,0.0,0.0,0.052,0.664,0.05,0.0,0.0,0.062,0.288,0.242,0.0,0.0,0.124,0.096,0.412,0.036,0.0,0.166,0.04,0.35,0.186,0.0,0.186,0.014,0.146,0.41,0.0
0.05,0.852,0.0,0.0,0.0,0.05,0.652,0.048,0.0,0.0,0.08,0.26,0.202,0.0,0.0,0.142,0.088,0.396,0.016,0.0,0.172,0.042,0.294,0.152,0.004,0.19,0.024,0.134,0.372,0.01
0.05,0.852,0.0,0.0,0.0,0.05,0.704,0.062,0.0,0.0,0.064,0.294,0.21,0.0,0.0,0.12,0.098,0.39,0.034,0.0,0.162,0.024,0.334,0.152,0.012,0.17,0.006,0.156,0.408,0.014
0.05,0.852,0.0,0.0,0.0,0.05,0.706,0.066,0.0,0.0,0.07,0.27,0.162,0.0,0.0,0.126,0.092,0.438,0.03,0.002,0.164,0.024,0.294,0.126,0.002,0.184,0.008,0.152,0.396,0.016
0.05,0.852,0.0,0.0,0.0,0.05,0.7,0.04,0.0,0.0,0.07,0.292,0.178,0.0,0.0,0.12,0.106,0.418,0.02,0.0,0.166,0.032,0.382,0.112,0.0,0.182,0.006,0.194,0.322,0.0
0.05,0.852,0.0,0.0,0.0,0.05,0.688,0.044,0.0,0.0,0.074,0.27,0.182,0.0,0.0,0.154,0.09,0.412,0.022,0.0,0.21,0.024,0.352,0.15,0.0,0.222,0.008,0.182,0.362,0.0
0.05,0.852,0.0,0.0,0.0,0.05,0.66,0.054,0.0,0.0,0.088,0.268,0.186,0.0,0.0,0.17,0.1,0.398,0.022,0.002,0.214,0.038,0.3,0.11,0.014,0.224,0.01,0.158,0.304,0.03
0.05,0.852,0.0,0.0,0.0,0.05,0.724,0.054,0.0,0.0,0.06,0.352,0.17,0.0,0.0,0.088,0.132,0.42,0.016,0.0,0.128,0.034,0.434,0.112,0.0,0.142,0.01,0.26,0.342,0.0
0.05,0.852,0.0,0.0,0.0,0.052,0.632,0.06,0.0,0.0,0.072,0.256,0.226,0.0,0.0,0.134,0.118,0.396,0.02,0.0,0.154,0.048,0.248,0.132,0.01,0.168,0.018,0.122,0.344,0.056
0.05,0.852,0.0,0.0,0.0,0.054,0.658,0.046,0.0,0.0,0.092,0.31,0.188,0.0,0.0,0.162,0.108,0.318,0.034,0.002,0.22,0.034,0.226,0.138,0.03,0.24,0.014,0.082,0.342,0.074
0.05,0.852,0.0,0.0,0.0,0.05,0.714,0.058,0.0,0.0,0.066,0.344,0.2,0.0,0.0,0.106,0.12,0.374,0.012,0.0,0.138,0.048,0.362,0.128,0.006,0.148,0.016,0.202,0.32,0.03
0.05,0.852,0.0,0.0,0.0,0.052,0.612,0.06,0.0,0.0,0.078,0.284,0.256,0.0,0.0,0.11,0.102,0.386,0.02,0.016,0.14,0.032,0.266,0.14,0.08,0.15,0.01,0.164,0.318,0.144
0.05,0.852,0.0,0.0,0.0,0.052,0.666,0.05,0.0,0.0,0.066,0.25,0.192,0.0,0.0,0.148,0.086,0.432,0.016,0.0,0.176,0.016,0.304,0.116,0.0,0.186,0.004,0.144,0.382,0.0
0.05,0.852,0.0,0.0,0.0,0.05,0.7,0.058,0.0,0.0,0.072,0.32,0.162,0.0,0.0,0.124,0.112,0.406,0.026,0.0,0.172,0.044,0.37,0.142,0.0,0.192,0.022,0.208,0.346,0.0
0.05,0.852,0.0,0.0,0.0,0.05,0.644,0.066,0.0,0.0,0.064,0.29,0.234,0.0,0.0,0.102,0.098,0.438,0.022,0.0,0.128,0.04,0.366,0.134,0.004,0.14,0.012,0.212,0.342,0.01
0.05,0.852,0.0,0.0,0.0,0.052,0.65,0.056,0.0,0.0,0.074,0.284,0.204,0.0,0.0,0.144,0.104,0.368,0.01,0.002,0.184,0.036,0.286,0.116,0.01,0.202,0.01,0.132,0.304,0.052
0.05,0.852,0.0,0.0,0.0,0.052,0.652,0.062,0.0,0.0,0.078,0.242,0.244,0.0,0.0,0.132,0.094,0.434,0.016,0.0,0.162,0.032,0.352,0.162,0.0,0.178,0.012,0.142,0.396,0.002
0.05,0.852,0.0,0.0,0.0,0.05,0.658,0.05,0.0,0.0,0.084,0.262,0.19,0.0,0.0,0.122,0.092,0.342,0.024,0.0,0.162,0.038,0.23,0.178,0.028,0.174,0.012,0.068,0.406,0.052
0.05,0.852,0.0,0.0,0.0,0.05,0.698,0.05,0.0,0.0,0.06,0.328,0.198,0.0,0.0,0.086,0.122,0.38,0.026,0.006,0.104,0.048,0.272,0.134,0.042,0.112,0.022,0.128,0.332,0.1
0.05,0.852,0.0,0.0,0.0,0.052,0.658,0.058,0.0,0.0,0.068,0.312,0.218,0.0,0.0,0.122,0.13,0.424,0.026,0.0,0.168,0.054,0.376,0.14,0.0,0.176,0.016,0.266,0.338,0.0
0.05,0.852,0.0,0.0,0.0,0.05,0.62,0.06,0.0,0.0,0.066,0.192,0.222,0.0,0.0,0.118,0.054,0.444,0.024,0.006,0.136,0.012,0.226,0.132,0.03,0.146,0.0,0.092,0.376,0.11
0.05,0.852,0.0,0.0,0.0,0.052,0.712,0.052,0.0,0.0,0.072,0.294,0.182,0.0,0.0,0.126,0.112,0.384,0.008,0.0,0.178,0.026,0.316,0.116,0.0,0.192,0.01,0.156,0.362,0.0
0.05,0.852,0.0,0.0,0.0,0.054,0.648,0.038,0.0,0.0,0.09,0.266,0.232,0.0,0.0,0.146,0.102,0.408,0.03,0.0,0.184,0.03,0.308,0.158,0.002,0.19,0.012,0.142,0.406,0.004
0.05,0.852,0.0,0.0,0.0,0.052,0.694,0.042,0.0,0.0,0.06,0.304,0.166,0.0,0.0,0.098,0.12,0.356,0.036,0.004,0.13,0.044,0.238,0.148,0.034,0.142,0.012,0.102,0.378,0.094
0.05,0.852,0.0,0.0,0.0,0.05,0.694,0.052,0.0,0.0,0.056,0.242,0.196,0.0,0.0,0.124,0.098,0.428,0.014,0.0,0.164,0.024,0.346,0.134,0.0,0.176,0.004,0.178,0.368,0.0
0.05,0.852,0.0,0.0,0.0,0.05,0.672,0.052,0.0,0.0,0.07,0.28,0.162,0.0,0.0,0.118,0.106,0.344,0.022,0.014,0.144,0.048,0.228,0.148,0.042,0.148,0.018,0.1,0.378,0.074
0.05,0.852,0.0,0.0,0.0,0.054,0.686,0.054,0.0,0.0,0.076,0.354,0.196,0.0,0.0,0.106,0.142,0.37,0.018,0.0,0.144,0.058,0.316,0.124,0.0,0.166,0.03,0.15,0.334,0.0
0.05,0.852,0.0,0.0,0.0,0.05,0.632,0.062,0.0,0.0,0.058,0.256,0.226,0.0,0.0,0.138,0.106,0.392,0.022,0.006,0.168,0.038,0.34,0.114,0.022,0.176,0.014,0.186,0.296,0.058
0.05,0.852,0.0,0.0,0.0,0.054,0.658,0.052,0.0,0.0,0.094,0.324,0.204,0.0,0.0,0.14,0.128,0.394,0.02,0.0,0.176,0.052,0.328,0.104,0.0,0.192,0.024,0.212,0.314,0.0
0.05,0.852,0.0,0.0,0.0,0.052,0.696,0.058,0.0,0.0,0.076,0.336,0.184,0.0,0.0,0.152,0.122,0.41,0.014,0.0,0.194,0.04,0.4,0.114,0.0,0.216,0.012,0.268,0.302,0.0
0.05,0.852,0.0,0.0,0.0,0.05,0.698,0.072,0.0,0.0,0.064,0.298,0.18,0.0,0.0,0.112,0.088,0.454,0.038,0.0,0.136,0.032,0.424,0.126,0.0,0.148,0.008,0.26,0.388,0.0
0.05,0.852,0.0,0.0,0.0,0.05,0.65,0.038,0.0,0.0,0.074,0.276,0.202,0.0,0.0,0.128,0.08,0.4,0.008,0.0,0.154,0.032,0.258,0.126,0.0,0.162,0.018,0.114,0.39,0.0
0.05,0.852,0.0,0.0,0.0,0.05,0.656,0.048,0.0,0.0,0.064,0.29,0.228,0.0,0.0,0.104,0.094,0.432,0.03,0.0,0.148,0.04,0.34,0.15,0.0,0.156,0.012,0.18,0.416,0.0
0.05,0.852,0.0,0.0,0.0,0.05,0.62,0.064,0.0,0.0,0.072,0.264,0.214,0.0,0.0,0.122,0.092,0.42,0.016,0.006,0.156,0.034,0.272,0.082,0.03,0.166,0.012,0.118,0.282,0.102
0.05,0.852,0.0,0.0,0.0,0.054,0.628,0.06,0.0,0.0,0.074,0.27,0.232,0.0,0.0,0.146,0.12,0.408,0.018,0.0,0.172,0.034,0.31,0.14,0.0,0.188,0.012,0.172,0.374,0.0
0.05,0.852,0.0,0.0,0.0,0.05,0.65,0.048,0.0,0.0,0.092,0.29,0.198,0.0,0.0,0.18,0.108,0.414,0.022,0.0,0.224,0.036,0.336,0.13,0.0,0.24,0.008,0.194,0.356,0.0
0.05,0.852,0.0,0.0,0.0,0.05,0.708,0.064,0.0,0.0,0.056,0.27,0.17,0.0,0.0,0.112,0.07,0.438,0.014,0.0,0.146,0.016,0.326,0.12,0.0,0.152,0.004,0.112,0.394,0.0
0.05,0.852,0.0,0.0,0.0,0.05,0.612,0.05,0.0,0.0,0.082,0.258,0.21,0.0,0.0,0.134,0.092,0.406,0.01,0.004,0.148,0.032,0.286,0.104,0.032,0.154,0.012,0.12,0.328,0.052
0.05,0.852,0.0,0.0,0.0,0.054,0.644,0.062,0.0,0.0,0.066,0.298,0.246,0.0,0.0,0.116,0.114,0.426,0.016,0.0,0.134,0.052,0.312,0.134,0.0,0.148,0.018,0.164,0.386,0.0
0.05,0.852,0.0,0.0,0.0,0.05,0.67,0.048,0.0,0.0,0.068,0.27,0.204,0.0,0.0,0.134,0.096,0.438,0.02,0.002,0.172,0.046,0.324,0.13,0.004,0.188,0.014,0.148,0.362,0.012
0.05,0.852,0.0,0.0,0.0,0.052,0.64,0.054,0.0,0.0,0.092,0.326,0.194,0.0,0.0,0.14,0.132,0.372,0.012,0.006,0.174,0.05,0.294,0.102,0.008,0.196,0.022,0.164,0.32,0.014
0.05,0.852,0.0,0.0,0.0,0.05,0.702,0.066,0.0,0.0,0.06,0.3,0.174,0.0,0.0,0.116,0.09,0.366,0.012,0.0,0.15,0.038,0.318,0.134,0.0,0.162,0.018,0.124,0.414,0.0
0.05,0.852,0.0,0.0,0.0,0.05,0.674,0.046,0.0,0.0,0.066,0.322,0.218,0.0,0.0,0.116,0.116,0.43,0.02,0.0,0.144,0.042,0.38,0.142,0.004,0.162,0.016,0.222,0.358,0.006
0.05,0.852,0.0,0.0,0.0,0.054,0.696,0.042,0.0,0.0,0.076,0.324,0.182,0.0,0.0,0.114,0.136,0.388,0.03,0.008,0.15,0.038,0.284,0.12,0.034,0.178,0.022,0.162,0.298,0.092
0.05,0.852,0.0,0.0,0.0,0.05,0.686,0.044,0.0,0.0,0.082,0.284,0.182,0.0,0.0,0.172,0.094,0.392,0.016,0.0,0.234,0.034,0.3,0.132,0.0,0.256,0.01,0.176,0.36,0.0
0.05,0.852,0.0,0.0,0.0,0.05,0.678,0.052,0.0,0.0,0.072,0.32,0.172,0.0,0.0,0.152,0.11,0.356,0.026,0.01,0.202,0.04,0.266,0.118,0.036,0.218,0.01,0.12,0.304,0.104
0.05,0.852,0.0,0.0,0.0,0.052,0.652,0.064,0.0,0.0,0.068,0.26,0.182,0.0,0.0,0.138,0.092,0.372,0.042,0.014,0.174,0.024,0.198,0.162,0.066,0.19,0.006,0.1,0.382,0.128
0.05,0.852,0.0,0.0,0.0,0.05,0.634,0.064,0.0,0.0,0.084,0.278,0.192,0.0,0.0,0.156,0.088,0.392,0.024,0.0,0.186,0.034,0.318,0.142,0.0,0.194,0.008,0.156,0.356,0.0
0.05,0.852,0.0,0.0,0.0,0.052,0.678,0.04,0.0,0.0,0.066,0.262,0.216,0.0,0.0,0.168,0.092,0.414,0.01,0.002,0.194,0.032,0.318,0.122,0.002,0.218,0.014,0.148,0.344,0.002
0.05,0.852,0.0,0.0,0.0,0.052,0.674,0.058,0.0,0.0,0.074,0.278,0.21,0.0,0.0,0.146,0.092,0.436,0.006,0.004,0.214,0.036,0.376,0.078,0.034,0.226,0.014,0.194,0.206,0.09
0.05,0.852,0.0,0.0,0.0,0.05,0.682,0.056,0.0,0.0,0.06,0.27,0.194,0.0,0.0,0.138,0.082,0.42,0.014,0.0,0.196,0.028,0.354,0.108,0.0,0.208,0.002,0.194,0.336,0.0
0.05,0.852,0.0,0.0,0.0,0.05,0.662,0.05,0.0,0.0,0.078,0.324,0.186,0.0,0.0,0.122,0.098,0.352,0.038,0.002,0.172,0.046,0.26,0.182,0.012,0.19,0.018,0.106,0.406,0.044
0.05,0.852,0.0,0.0,0.0,0.052,0.668,0.058,0.0,0.0,0.068,0.27,0.208,0.0,0.0,0.134,0.098,0.418,0.026,0.0,0.19,0.02,0.328,0.138,0.0,0.204,0.002,0.188,0.382,0.0
0.05,0.852,0.0,0.0,0.0,0.05,0.638,0.054,0.0,0.0,0.086,0.3,0.192,0.0,0.0,0.16,0.13,0.386,0.008,0.008,0.178,0.048,0.348,0.066,0.038,0.186,0.022,0.174,0.234,0.102
0.05,0.852,0.0,0.0,0.0,0.05,0.656,0.042,0.0,0.0,0.068,0.268,0.21,0.0,0.0,0.122,0.08,0.416,0.004,0.0,0.152,0.028,0.288,0.108,0.0,0.156,0.01,0.142,0.34,0.0
0.05,0.852,0.0,0.0,0.0,0.052,0.652,0.062,0.0,0.0,0.068,0.29,0.246,0.0,0.0,0.102,0.094,0.476,0.02,0.0,0.148,0.036,0.378,0.116,0.0,0.154,0.012,0.212,0.37,0.0
0.05,0.852,0.0,0.0,0.0,0.05,0.6,0.06,0.0,0.0,0.1,0.248,0.226,0.0,0.0,0.174,0.086,0.388,0.026,0.004,0.198,0.028,0.286,0.148,0.016,0.214,0.01,0.13,0.364,0.04
0.05,0.852,0.0,0.0,0.0,0.052,0.706,0.052,0.0,0.0,0.074,0.284,0.148,0.0,0.0,0.144,0.086,0.344,0.022,0.004,0.2,0.036,0.232,0.116,0.022,0.216,0.016,0.092,0.37,0.046
0.05,0.852,0.0,0.0,0.0,0.052,0.65,0.05,0.0,0.0,0.084,0.272,0.232,0.0,0.0,0.14,0.094,0.448,0.012,0.0,0.172,0.05,0.356,0.106,0.0,0.178,0.016,0.166,0.34,0.0
0.05,0.852,0.0,0.0,0.0,0.05,0.676,0.054,0.0,0.0,0.06,0.284,0.194,0.0,0.0,0.12,0.102,0.422,0.02,0.0,0.164,0.024,0.378,0.12,0.0,0.176,0.008,0.228,0.342,0.0
0.05,0.852,0.0,0.0,0.0,0.05,0.672,0.042,0.0,0.0,0.072,0.314,0.212,0.0,0.0,0.12,0.084,0.402,0.012,0.0,0.158,0.03,0.344,0.094,0.0,0.17,0.018,0.176,0.296,0.0
0.05,0.852,0.0,0.0,0.0,0.052,0.624,0.054,0.0,0.0,0.09,0.262,0.238,0.0,0.0,0.134,0.112,0.378,0.03,0.008,0.166,0.046,0.234,0.162,0.042,0.178,0.014,0.142,0.352,0.094
0.05,0.852,0.0,0.0,0.0,0.05,0.65,0.054,0.0,0.0,0.07,0.262,0.254,0.0,0.0,0.112,0.084,0.478,0.022,0.006,0.136,0.018,0.398,0.128,0.024,0.152,0.006,0.218,0.328,0.058
0.05,0.852,0.0,0.0,0.0,0.05,0.73,0.056,0.0,0.0,0.072,0.284,0.174,0.0,0.0,0.116,0.072,0.454,0.012,0.0,0.158,0.016,0.436,0.122,0.0,0.168,0.006,0.196,0.368,0.0
0.05,0.852,0.0,0.0,0.0,0.052,0.69,0.052,0.0,0.0,0.07,0.32,0.16,0.0,0.0,0.134,0.106,0.318,0.022,0.008,0.202,0.046,0.218,0.132,0.024,0.224,0.022,0.09,0.334,0.066
0.05,0.852,0.0,0.0,0.0,0.05,0.712,0.06,0.0,0.0,0.06,0.324,0.158,0.0,0.0,0.122,0.126,0.388,0.022,0.0,0.164,0.042,0.344,0.138,0.0,0.182,0.024,0.188,0.376,0.0
0.05,0.852,0.0,0.0,0.0,0.05,0.664,0.05,0.0,0.0,0.074,0.298,0.2,0.0,0.0,0.106,0.11,0.384,0.03,0.0,0.136,0.042,0.316,0.16,0.01,0.15,0.02,0.152,0.354,0.046
0.05,0.852,0.0,0.0,0.0,0.05,0.624,0.044,0.0,0.0,0.07,0.274,0.248,0.0,0.0,0.134,0.092,0.396,0.014,0.004,0.158,0.042,0.292,0.128,0.014,0.168,0.02,0.14,0.346,0.046
0.05,0.852,0.0,0.0,0.0,0.05,0.632,0.044,0.0,0.0,0.082,0.274,0.216,0.0,0.0,0.132,0.11,0.378,0.01,0.002,0.166,0.042,0.232,0.132,0.008,0.178,0.02,0.12,0.374,0.012
0.05,0.852,0.0,0.0,0.0,0.05,0.666,0.058,0.0,0.0,0.066,0.256,0.244,0.0,0.0,0.112,0.078,0.472,0.014,0.0,0.152,0.024,0.35,0.126,0.0,0.168,0.008,0.162,0.382,0.0
0.05,0.852,0.0,0.0,0.0,0.05,0.642,0.066,0.0,0.0,0.06,0.248,0.238,0.0,0.0,0.084,0.084,0.43,0.018,0.002,0.092,0.036,0.272,0.128,0.028,0.1,0.016,0.08,0.368,0.07
0.05,0.852,0.0,0.0,0.0,0.05,0.668,0.064,0.0,0.0,0.072,0.318,0.218,0.0,0.0,0.11,0.116,0.448,0.024,0.0,0.132,0.048,0.362,0.16,0.0,0.148,0.014,0.168,0.402,0.0
0.05,0.852,0.0,0.0,0.0,0.05,0.666,0.062,0.0,0.0,0.062,0.24,0.204,0.0,0.0,0.104,0.084,0.422,0.018,0.002,0.122,0.03,0.238,0.144,0.012,0.13,0.016,0.096,0.406,0.052
0.05,0.852,0.0,0.0,0.0,0.052,0.67,0.05,0.0,0.0,0.078,0.254,0.202,0.0,0.0,0.132,0.09,0.466,0.018,0.0,0.146,0.028,0.36,0.116,0.0,0.15,0.014,0.19,0.348,0.0
0.05,0.852,0.0,0.0,0.0,0.05,0.716,0.058,0.0,0.0,0.064,0.288,0.19,0.0,0.0,0.126,0.116,0.454,0.03,0.0,0.16,0.046,0.386,0.14,0.0,0.172,0.016,0.222,0.386,0.0
0.05,0.852,0.0,0.0,0.0,0.05,0.674,0.046,0.0,0.0,0.06,0.292,0.204,0.0,0.0,0.112,0.106,0.426,0.024,0.0,0.142,0.042,0.322,0.12,0.0,0.15,0.014,0.15,0.372,0.0
0.05,0.852,0.0,0.0,0.0,0.05,0.702,0.058,0.0,0.0,0.068,0.33,0.19,0.0,0.0,0.118,0.13,0.43,0.014,0.0,0.156,0.048,0.404,0.102,0.0,0.17,0.02,0.23,0.296,0.0
0.05,0.852,0.0,0.0,0.0,0.05,0.692,0.048,0.0,0.0,0.066,0.284,0.15,0.0,0.0,0.12,0.092,0.412,0.018,0.0,0.176,0.024,0.3,0.122,0.0,0.19,0.012,0.134,0.392,0.0
0.05,0.852,0.0,0.0,0.0,0.052,0.666,0.054,0.0,0.0,0.08,0.218,0.174,0.0,0.0,0.168,0.06,0.402,0.024,0.002,0.216,0.01,0.252,0.118,0.03,0.234,0.002,0.078,0.374,0.054
0.05,0.852,0.0,0.0,0.0,0.05,0.68,0.054,0.0,0.0,0.074,0.304,0.18,0.0,0.0,0.154,0.118,0.37,0.024,0.0,0.212,0.04,0.286,0.132,0.01,0.244,0.02,0.176,0.338,0.02
0.05,0.852,0.0,0.0,0.0,0.05,0.662,0.062,0.0,0.0,0.066,0.292,0.218,0.0,0.0,0.112,0.116,0.43,0.016,0.0,0.13,0.034,0.374,0.15,0.0,0.14,0.014,0.222,0.352,0.0
0.05,0.852,0.0,0.0,0.0,0.05,0.658,0.048,0.0,0.0,0.078,0.236,0.202,0.0,0.0,0.158,0.072,0.458,0.014,0.002,0.192,0.024,0.344,0.108,0.008,0.204,0.01,0.152,0.36,0.012
0.05,0.852,0.0,0.0,0.0,0.054,0.612,0.052,0.0,0.0,0.084,0.296,0.234,0.0,0.0,0.132,0.12,0.326,0.02,0.012,0.166,0.042,0.246,0.156,0.036,0.182,0.026,0.13,0.35,0.074
0.05,0.852,0.0,0.0,0.0,0.052,0.678,0.042,0.0,0.0,0.064,0.298,0.23,0.0,0.0,0.106,0.12,0.402,0.008,0.0,0.142,0.038,0.346,0.14,0.0,0.152,0.012,0.192,0.37,0.0
0.05,0.852,0.0,0.0,0.0,0.054,0.694,0.042,0.0,0.0,0.074,0.314,0.164,0.0,0.0,0.134,0.094,0.364,0.012,0.0,0.188,0.038,0.342,0.128,0.0,0.206,0.018,0.154,0.33,0.0
0.05,0.852,0.0,0.0,0.0,0.052,0.672,0.054,0.0,0.0,0.07,0.284,0.202,0.0,0.0,0.126,0.12,0.44,0.022,0.0,0.172,0.046,0.356,0.124,0.0,0.19,0.014,0.2,0.346,0.0
0.05,0.852,0.0,0.0,0.0,0.052,0.668,0.06,0.0,0.0,0.058,0.206,0.174,0.0,0.0,0.12,0.044,0.398,0.018,0.006,0.152,0.01,0.188,0.13,0.056,0.154,0.004,0.05,0.364,0.146
0.05,0.852,0.0,0.0,0.0,0.052,0.622,0.058,0.0,0.0,0.084,0.248,0.202,0.0,0.0,0.15,0.08,0.41,0.02,0.006,0.196,0.022,0.274,0.116,0.024,0.21,0.004,0.164,0.342,0.05
0.05,0.852,0.0,0.0,0.0,0.054,0.634,0.064,0.0,0.0,0.076,0.222,0.226,0.0,0.0,0.144,0.094,0.396,0.036,0.01,0.18,0.03,0.254,0.156,0.048,0.192,0.008,0.15,0.354,0.094
0.05,0.852,0.0,0.0,0.0,0.05,0.66,0.058,0.0,0.0,0.062,0.304,0.226,0.0,0.0,0.114,0.12,0.394,0.026,0.002,0.138,0.036,0.312,0.142,0.024,0.152,0.014,0.18,0.322,0.058
0.05,0.852,0.0,0.0,0.0,0.054,0.672,0.066,0.0,0.0,0.08,0.344,0.196,0.0,0.0,0.132,0.13,0.396,0.026,0.002,0.162,0.062,0.43,0.11,0.004,0.18,0.032,0.266,0.264,0.012
0.05,0.852,0.0,0.0,0.0,0.05,0.668,0.062,0.0,0.0,0.064,0.316,0.216,0.0,0.0,0.108,0.116,0.42,0.018,0.0,0.15,0.046,0.348,0.086,0.004,0.164,0.026,0.196,0.302,0.004
0.05,0.852,0.0,0.0,0.0,0.05,0.654,0.064,0.0,0.0,0.068,0.27,0.244,0.0,0.0,0.11,0.116,0.438,0.028,0.004,0.136,0.054,0.338,0.16,0.024,0.144,0.03,0.188,0.376,0.044
0.05,0.852,0.0,0.0,0.0,0.05,0.682,0.052,0.0,0.0,0.072,0.284,0.228,0.0,0.0,0.116,0.118,0.412,0.012,0.0,0.154,0.06,0.35,0.134,0.0,0.164,0.018,0.17,0.34,0.0
0.05,0.852,0.0,0.0,0.0,0.05,0.692,0.068,0.0,0.0,0.066,0.28,0.19,0.0,0.0,0.132,0.072,0.42,0.034,0.0,0.19,0.016,0.39,0.16,0.0,0.196,0.002,0.222,0.386,0.0
0.05,0.852,0.0,0.0,0.0,0.05,0.676,0.062,0.0,0.0,0.07,0.292,0.196,0.0,0.0,0.126,0.096,0.376,0.024,0.002,0.162,0.034,0.3,0.16,0.004,0.176,0.01,0.144,0.39,0.01
0.05,0.852,0.0,0.0,0.0,0.05,0.736,0.054,0.0,0.0,0.064,0.318,0.164,0.0,0.0,0.116,0.104,0.424,0.03,0.0,0.15,0.038,0.396,0.116,0.0,0.16,0.008,0.192,0.386,0.0
0.05,0.852,0.0,0.0,0.0,0.054,0.658,0.046,0.0,0.0,0.082,0.284,0.21,0.0,0.0,0.15,0.106,0.43,0.024,0.0,0.184,0.04,0.354,0.142,0.0,0.198,0.016,0.202,0.368,0.0
0.05,0.852,0.0,0.0,0.0,0.052,0.68,0.044,0.0,0.0,0.07,0.268,0.212,0.0,0.0,0.112,0.106,0.42,0.006,0.0,0.128,0.044,0.318,0.12,0.0,0.134,0.008,0.148,0.388,0.0
0.05,0.852,0.0,0.0,0.0,0.052,0.672,0.058,0.0,0.0,0.076,0.268,0.188,0.0,0.0,0.144,0.124,0.396,0.018,0.0,0.17,0.048,0.264,0.138,0.006,0.192,0.014,0.124,0.364,0.028
0.05,0.852,0.0,0.0,0.0,0.054,0.704,0.06,0.0,0.0,0.062,0.262,0.2,0.0,0.0,0.118,0.084,0.488,0.024,0.0,0.148,0.034,0.372,0.128,0.0,0.156,0.012,0.158,0.41,0.0
0.05,0.852,0.0,0.0,0.0,0.05,0.634,0.056,0.0,0.0,0.082,0.248,0.224,0.0,0.0,0.124,0.066,0.406,0.024,0.008,0.158,0.028,0.274,0.132,0.032,0.164,0.01,0.136,0.366,0.078
0.05,0.852,0.0,0.0,0.0,0.05,0.69,0.062,0.0,0.0,0.076,0.272,0.2,0.0,0.0,0.16,0.09,0.394,0.022,0.0,0.218,0.026,0.36,0.128,0.0,0.238,0.014,0.2,0.346,0.0
0.05,0.852,0.0,0.0,0.0,0.05,0.728,0.056,0.0,0.0,0.068,0.292,0.164,0.0,0.0,0.1,0.074,0.436,0.026,0.0,0.126,0.022,0.406,0.138,0.0,0.138,0.008,0.154,0.366,0.0
0.05,0.852,0.0,0.0,0.0,0.052,0.714,0.06,0.0,0.0,0.066,0.324,0.172,0.0,0.0,0.148,0.118,0.376,0.024,0.0,0.206,0.032,0.378,0.144,0.0,0.236,0.01,0.222,0.326,0.0
0.05,0.852,0.0,0.0,0.0,0.052,0.668,0.05,0.0,0.0,0.064,0.312,0.226,0.0,0.0,0.104,0.098,0.37,0.008,0.0,0.122,0.024,0.27,0.118,0.018,0.128,0.018,0.15,0.35,0.054
0.05,0.852,0.0,0.0,0.0,0.05,0.692,0.056,0.0,0.0,0.086,0.296,0.174,0.0,0.0,0.172,0.088,0.398,0.026,0.0,0.218,0.044,0.362,0.118,0.0,0.24,0.018,0.188,0.328,0.0
0.05,0.852,0.0,0.0,0.0,0.05,0.746,0.052,0.0,0.0,0.06,0.28,0.17,0.0,0.0,0.128,0.078,0.416,0.02,0.0,0.194,0.02,0.43,0.122,0.0,0.222,0.008,0.204,0.346,0.0
0.05,0.852,0.0,0.0,0.0,0.05,0.67,0.066,0.0,0.0,0.062,0.354,0.212,0.0,0.0,0.098,0.144,0.386,0.024,0.0,0.114,0.05,0.342,0.134,0.0,0.128,0.024,0.194,0.378,0.0
0.05,0.852,0.0,0.0,0.0,0.054,0.644,0.056,0.0,0.0,0.064,0.304,0.188,0.0,0.0,0.1,0.116,0.332,0.018,0.002,0.128,0.054,0.22,0.122,0.046,0.138,0.024,0.096,0.336,0.104
0.05,0.852,0.0,0.0,0.0,0.052,0.63,0.06,0.0,0.0,0.072,0.276,0.276,0.0,0.0,0.116,0.094,0.456,0.016,0.008,0.146,0.038,0.396,0.13,0.022,0.152,0.014,0.236,0.302,0.05
0.05,0.852,0.0,0.0,0.0,0.052,0.638,0.072,0.0,0.0,0.058,0.252,0.236,0.0,0.0,0.096,0.088,0.414,0.014,0.006,0.13,0.032,0.282,0.124,0.038,0.134,0.016,0.128,0.324,0.098
0.05,0.852,0.0,0.0,0.0,0.054,0.65,0.05,0.0,0.0,0.09,0.324,0.196,0.0,0.0,0.132,0.138,0.346,0.008,0.004,0.158,0.05,0.274,0.114,0.05,0.186,0.028,0.126,0.298,0.09
0.05,0.852,0.0,0.0,0.0,0.052,0.63,0.05,0.0,0.0,0.076,0.256,0.226,0.0,0.0,0.126,0.08,0.412,0.02,0.002,0.17,0.03,0.318,0.096,0.034,0.182,0.016,0.146,0.288,0.074
0.05,0.852,0.0,0.0,0.0,0.05,0.7,0.052,0.0,0.0,0.086,0.296,0.162,0.0,0.0,0.158,0.098,0.408,0.014,0.0,0.202,0.024,0.352,0.1,0.0,0.232,0.012,0.17,0.308,0.0
0.05,0.852,0.0,0.0,0.0,0.05,0.69,0.068,0.0,0.0,0.056,0.296,0.21,0.0,0.0,0.084,0.106,0.396,0.024,0.006,0.096,0.034,0.296,0.156,0.028,0.102,0.012,0.162,0.376,0.07
0.05,0.852,0.0,0.0,0.0,0.052,0.634,0.048,0.0,0.0,0.084,0.26,0.246,0.0,0.0,0.138,0.082,0.44,0.01,0.0,0.188,0.028,0.356,0.14,0.004,0.198,0.01,0.184,0.356,0.004
0.05,0.852,0.0,0.0,0.0,0.05,0.616,0.06,0.0,0.0,0.06,0.28,0.274,0.0,0.0,0.1,0.096,0.418,0.028,0.014,0.134,0.042,0.29,0.164,0.034,0.142,0.02,0.134,0.35,0.094
0.05,0.852,0.0,0.0,0.0,0.052,0.65,0.052,0.0,0.0,0.082,0.282,0.18,0.0,0.0,0.168,0.106,0.338,0.014,0.004,0.206,0.04,0.236,0.128,0.024,0.228,0.012,0.104,0.308,0.05
0.05,0.852,0.0,0.0,0.0,0.052,0.614,0.05,0.0,0.0,0.088,0.272,0.242,0.0,0.0,0.142,0.084,0.354,0.016,0.01,0.17,0.024,0.278,0.128,0.07,0.182,0.012,0.13,0.302,0.152
0.05,0.852,0.0,0.0,0.0,0.052,0.662,0.064,0.0,0.0,0.064,0.202,0.192,0.0,0.0,0.13,0.044,0.474,0.028,0.004,0.168,0.01,0.304,0.12,0.022,0.176,0.004,0.128,0.398,0.06
0.05,0.852,0.0,0.0,0.0,0.05,0.682,0.058,0.0,0.0,0.062,0.27,0.204,0.0,0.0,0.106,0.094,0.476,0.026,0.0,0.144,0.048,0.404,0.13,0.0,0.154,0.02,0.216,0.39,0.0
0.05,0.852,0.0,0.0,0.0,0.05,0.694,0.054,0.0,0.0,0.072,0.326,0.204,0.0,0.0,0.102,0.124,0.42,0.01,0.0,0.13,0.038,0.402,0.14,0.0,0.144,0.024,0.278,0.364,0.0
0.05,0.852,0.0,0.0,0.0,0.05,0.668,0.06,0.0,0.0,0.078,0.33,0.194,0.0,0.0,0.102,0.118,0.426,0.016,0.0,0.12,0.054,0.342,0.098,0.0,0.134,0.018,0.158,0.332,0.0
0.05,0.852,0.0,0.0,0.0,0.05,0.664,0.062,0.0,0.0,0.082,0.266,0.22,0.0,0.0,0.154,0.112,0.426,0.02,0.0,0.18,0.042,0.344,0.114,0.0,0.188,0.018,0.202,0.322,0.0
0.05,0.852,0.0,0.0,0.0,0.052,0.652,0.056,0.0,0.0,0.076,0.248,0.176,0.0,0.0,0.138,0.092,0.428,0.02,0.002,0.166,0.044,0.284,0.106,0.01,0.186,0.02,0.124,0.308,0.028
0.05,0.852,0.0,0.0,0.0,0.05,0.738,0.056,0.0,0.0,0.056,0.312,0.156,0.0,0.0,0.086,0.082,0.442,0.016,0.0,0.124,0.03,0.408,0.12,0.0,0.136,0.008,0.156,0.378,0.0
0.05,0.852,0.0,0.0,0.0,0.05,0.658,0.058,0.0,0.0,0.066,0.256,0.204,0.0,0.0,0.13,0.074,0.44,0.022,0.0,0.174,0.03,0.322,0.15,0.0,0.186,0.008,0.116,0.456,0.0
0.05,0.852,0.0,0.0,0.0,0.05,0.756,0.06,0.0,0.0,0.064,0.33,0.154,0.0,0.0,0.102,0.096,0.428,0.028,0.0,0.144,0.042,0.41,0.138,0.0,0.164,0.02,0.208,0.382,0.0
0.05,0.852,0.0,0.0,0.0,0.05,0.69,0.044,0.0,0.0,0.062,0.314,0.218,0.0,0.0,0.104,0.1,0.374,0.012,0.0,0.132,0.04,0.286,0.14,0.0,0.138,0.02,0.104,0.398,0.002
0.05,0.852,0.0,0.0,0.0,0.05,0.658,0.058,0.0,0.0,0.08,0.282,0.214,0.0,0.0,0.156,0.106,0.386,0.02,0.0,0.206,0.028,0.318,0.144,0.0,0.224,0.008,0.16,0.378,0.002
0.05,0.852,0.0,0.0,0.0,0.05,0.68,0.064,0.0,0.0,0.056,0.264,0.21,0.0,0.0,0.096,0.078,0.474,0.022,0.0,0.128,0.028,0.384,0.116,0.0,0.13,0.008,0.152,0.382,0.0
0.05,0.852,0.0,0.0,0.0,0.052,0.682,0.054,0.0,0.0,0.07,0.256,0.2,0.0,0.0,0.144,0.082,0.402,0.018,0.002,0.198,0.032,0.298,0.144,0.018,0.208,0.006,0.138,0.4,0.03
0.05,0.852,0.0,0.0,0.0,0.05,0.666,0.05,0.0,0.0,0.082,0.296,0.18,0.0,0.0,0.164,0.106,0.366,0.012,0.0,0.206,0.038,0.286,0.148,0.002,0.214,0.016,0.132,0.364,0.01
0.05,0.852,0.0,0.0,0.0,0.052,0.684,0.054,0.0,0.0,0.064,0.3,0.2,0.0,0.0,0.124,0.112,0.418,0.032,0.0,0.16,0.046,0.354,0.144,0.0,0.178,0.014,0.2,0.346,0.0
0.05,0.852,0.0,0.0,0.0,0.05,0.676,0.066,0.0,0.0,0.066,0.302,0.244,0.0,0.0,0.116,0.12,0.466,0.018,0.0,0.142,0.052,0.398,0.124,0.0,0.152,0.028,0.228,0.36,0.0
0.05,0.852,0.0,0.0,0.0,0.052,0.678,0.054,0.0,0.0,0.07,0.314,0.218,0.0,0.0,0.118,0.112,0.432,0.024,0.0,0.156,0.044,0.414,0.104,0.0,0.17,0.024,0.24,0.298,0.0
0.05,0.852,0.0,0.0,0.0,0.05,0.642,0.04,0.0,0.0,0.078,0.236,0.214,0.0,0.0,0.144,0.078,0.442,0.024,0.0,0.188,0.034,0.286,0.12,0.0,0.2,0.01,0.102,0.402,0.0
0.05,0.852,0.0,0.0,0.0,0.05,0.678,0.048,0.0,0.0,0.082,0.314,0.196,0.0,0.0,0.122,0.118,0.416,0.01,0.0,0.158,0.04,0.354,0.116,0.0,0.176,0.02,0.18,0.334,0.004
0.05,0.852,0.0,0.0,0.0,0.05,0.674,0.048,0.0,0.0,0.068,0.256,0.198,0.0,0.0,0.138,0.078,0.41,0.02,0.0,0.184,0.032,0.324,0.134,0.0,0.192,0.01,0.134,0.368,0.0
0.05,0.852,0.0,0.0,0.0,0.056,0.676,0.064,0.0,0.0,0.078,0.284,0.208,0.0,0.0,0.124,0.116,0.446,0.022,0.0,0.166,0.056,0.33,0.148,0.002,0.178,0.028,0.192,0.374,0.002
0.05,0.852,0.0,0.0,0.0,0.05,0.714,0.062,0.0,0.0,0.072,0.302,0.166,0.0,0.0,0.134,0.116,0.414,0.022,0.0,0.164,0.04,0.408,0.12,0.0,0.176,0.016,0.204,0.342,0.0
0.05,0.852,0.0,0.0,0.0,0.05,0.65,0.05,0.0,0.0,0.076,0.262,0.2,0.0,0.0,0.138,0.098,0.416,0.026,0.0,0.172,0.038,0.362,0.142,0.0,0.18,0.012,0.194,0.362,0.0
0.05,0.852,0.0,0.0,0.0,0.05,0.722,0.06,0.0,0.0,0.064,0.314,0.144,0.0,0.0,0.132,0.112,0.388,0.022,0.0,0.172,0.03,0.318,0.126,0.0,0.186,0.008,0.148,0.394,0.0
0.05,0.852,0.0,0.0,0.0,0.05,0.654,0.046,0.0,0.0,0.072,0.306,0.2,0.0,0.0,0.128,0.124,0.348,0.012,0.008,0.15,0.038,0.274,0.106,0.034,0.154,0.012,0.15,0.292,0.1
0.05,0.852,0.0,0.0,0.0,0.05,0.662,0.07,0.0,0.0,0.072,0.304,0.2,0.0,0.0,0.13,0.132,0.402,0.028,0.0,0.156,0.064,0.308,0.156,0.002,0.168,0.03,0.17,0.392,0.002
0.05,0.852,0.0,0.0,0.0,0.054,0.672,0.052,0.0,0.0,0.08,0.26,0.172,0.0,0.0,0.156,0.104,0.388,0.03,0.0,0.2,0.046,0.25,0.118,0.006,0.216,0.02,0.1,0.344,0.028
0.05,0.852,0.0,0.0,0.0,0.05,0.684,0.058,0.0,0.0,0.064,0.276,0.2,0.0,0.0,0.112,0.108,0.444,0.02,0.0,0.154,0.04,0.33,0.132,0.0,0.17,0.006,0.146,0.404,0.0
0.05,0.852,0.0,0.0,0.0,0.05,0.72,0.06,0.0,0.0,0.074,0.308,0.158,0.0,0.0,0.138,0.124,0.404,0.016,0.0,0.194,0.044,0.32,0.13,0.0,0.22,0.016,0.156,0.372,0.0
0.05,0.852,0.0,0.0,0.0,0.05,0.662,0.058,0.0,0.0,0.062,0.288,0.212,0.0,0.0,0.11,0.106,0.424,0.028,0.004,0.15,0.036,0.336,0.112,0.036,0.158,0.018,0.16,0.308,0.088
0.05,0.852,0.0,0.0,0.0,0.052,0.642,0.056,0.0,0.0,0.072,0.308,0.214,0.0,0.0,0.126,0.098,0.336,0.02,0.004,0.16,0.034,0.268,0.146,0.054,0.17,0.012,0.124,0.32,0.116
0.05,0.852,0.0,0.0,0.0,0.052,0.594,0.068,0.0,0.0,0.084,0.272,0.282,0.0,0.0,0.124,0.104,0.404,0.026,0.004,0.14,0.036,0.314,0.134,0.028,0.15,0.018,0.17,0.34,0.048
0.05,0.852,0.0,0.0,0.0,0.05,0.642,0.064,0.0,0.0,0.08,0.286,0.238,0.0,0.0,0.162,0.104,0.42,0.03,0.0,0.21,0.052,0.342,0.148,0.0,0.224,0.026,0.208,0.356,0.0
0.05,0.852,0.0,0.0,0.0,0.054,0.622,0.06,0.0,0.0,0.098,0.194,0.21,0.0,0.0,0.182,0.062,0.388,0.024,0.008,0.21,0.014,0.248,0.144,0.036,0.222,0.004,0.094,0.344,0.098
0.05,0.852,0.0,0.0,0.0,0.05,0.762,0.052,0.0,0.0,0.052,0.352,0.122,0.0,0.0,0.112,0.078,0.34,0.026,0.006,0.158,0.024,0.298,0.134,0.024,0.166,0.008,0.096,0.344,0.066
0.05,0.852,0.0,0.0,0.0,0.05,0.688,0.054,0.0,0.0,0.066,0.262,0.186,0.0,0.0,0.14,0.096,0.382,0.014,0.004,0.174,0.03,0.258,0.1,0.042,0.19,0.016,0.134,0.264,0.128
0.05,0.852,0.0,0.0,0.0,0.054,0.62,0.052,0.0,0.0,0.086,0.268,0.214,0.0,0.0,0.166,0.1,0.372,0.026,0.0,0.214,0.034,0.256,0.13,0.0,0.234,0.018,0.12,0.372,0.006
0.05,0.852,0.0,0.0,0.0,0.052,0.628,0.06,0.0,0.0,0.076,0.25,0.246,0.0,0.0,0.122,0.104,0.42,0.036,0.004,0.152,0.04,0.272,0.176,0.03,0.172,0.014,0.156,0.39,0.064
0.05,0.852,0.0,0.0,0.0,0.052,0.672,0.046,0.0,0.0,0.074,0.272,0.216,0.0,0.0,0.136,0.104,0.398,0.034,0.002,0.17,0.03,0.296,0.132,0.012,0.194,0.01,0.144,0.366,0.024
0.05,0.852,0.0,0.0,0.0,0.05,0.66,0.05,0.0,0.0,0.082,0.224,0.186,0.0,0.0,0.148,0.068,0.444,0.024,0.0,0.19,0.022,0.31,0.13,0.002,0.204,0.01,0.148,0.38,0.004
0.05,0.852,0.0,0.0,0.0,0.05,0.67,0.054,0.0,0.0,0.078,0.312,0.198,0.0,0.0,0.138,0.114,0.364,0.016,0.018,0.168,0.038,0.304,0.098,0.056,0.172,0.022,0.164,0.244,0.11
0.05,0.852,0.0,0.0,0.0,0.05,0.65,0.056,0.0,0.0,0.064,0.284,0.238,0.0,0.0,0.116,0.128,0.458,0.028,0.0,0.14,0.056,0.41,0.142,0.0,0.15,0.03,0.216,0.36,0.0
0.05,0.852,0.0,0.0,0.0,0.05,0.666,0.054,0.0,0.0,0.076,0.27,0.228,0.0,0.0,0.158,0.108,0.436,0.018,0.0,0.216,0.034,0.326,0.12,0.0,0.244,0.01,0.188,0.346,0.0
0.05,0.852,0.0,0.0,0.0,0.05,0.68,0.058,0.0,0.0,0.078,0.288,0.192,0.0,0.0,0.136,0.098,0.426,0.022,0.0,0.166,0.028,0.39,0.108,0.004,0.176,0.01,0.226,0.314,0.012
0.05,0.852,0.0,0.0,0.0,0.05,0.72,0.064,0.0,0.0,0.062,0.254,0.19,0.0,0.0,0.098,0.064,0.46,0.014,0.0,0.114,0.024,0.318,0.1,0.04,0.13,0.008,0.096,0.34,0.112
0.05,0.852,0.0,0.0,0.0,0.054,0.66,0.052,0.0,0.0,0.08,0.216,0.194,0.0,0.0,0.154,0.082,0.384,0.02,0.002,0.196,0.034,0.232,0.138,0.012,0.204,0.01,0.098,0.366,0.036
0.05,0.852,0.0,0.0,0.0,0.052,0.642,0.05,0.0,0.0,0.074,0.204,0.22,0.0,0.0,0.12,0.052,0.444,0.014,0.002,0.142,0.012,0.248,0.1,0.034,0.148,0.002,0.092,0.332,0.106
0.05,0.852,0.0,0.0,0.0,0.05,0.7,0.052,0.0,0.0,0.062,0.306,0.186,0.0,0.0,0.136,0.11,0.422,0.014,0.0,0.18,0.042,0.43,0.114,0.0,0.198,0.014,0.228,0.308,0.0
0.05,0.852,0.0,0.0,0.0,0.054,0.65,0.05,0.0,0.0,0.084,0.234,0.212,0.0,0.0,0.15,0.088,0.46,0.024,0.0,0.192,0.022,0.356,0.142,0.0,0.21,0.008,0.204,0.38,0.0
0.05,0.852,0.0,0.0,0.0,0.05,0.616,0.056,0.0,0.0,0.084,0.258,0.22,0.0,0.0,0.142,0.098,0.404,0.014,0.0,0.174,0.042,0.314,0.126,0.0,0.184,0.01,0.158,0.342,0.0
0.05,0.852,0.0,0.0,0.0,0.05,0.636,0.06,0.0,0.0,0.072,0.264,0.234,0.0,0.0,0.136,0.084,0.446,0.028,0.0,0.164,0.032,0.358,0.142,0.002,0.18,0.006,0.212,0.398,0.002
0.05,0.852,0.0,0.0,0.0,0.052,0.682,0.056,0.0,0.0,0.07,0.248,0.198,0.0,0.0,0.122,0.076,0.412,0.01,0.002,0.166,0.018,0.244,0.128,0.012,0.172,0.006,0.094,0.412,0.044
0.05,0.852,0.0,0.0,0.0,0.052,0.696,0.054,0.0,0.0,0.062,0.252,0.18,0.0,0.0,0.116,0.066,0.462,0.016,0.0,0.164,0.012,0.36,0.136,0.0,0.18,0.002,0.14,0.384,0.0
0.05,0.852,0.0,0.0,0.0,0.05,0.68,0.054,0.0,0.0,0.074,0.27,0.192,0.0,0.0,0.166,0.068,0.406,0.018,0.0,0.214,0.02,0.33,0.14,0.002,0.226,0.01,0.16,0.376,0.004
0.05,0.852,0.0,0.0,0.0,0.05,0.72,0.056,0.0,0.0,0.058,0.322,0.172,0.0,0.0,0.124,0.098,0.39,0.014,0.0,0.176,0.026,0.354,0.124,0.0,0.21,0.008,0.19,0.326,0.0
0.05,0.852,0.0,0.0,0.0,0.052,0.678,0.062,0.0,0.0,0.066,0.29,0.212,0.0,0.0,0.128,0.094,0.46,0.014,0.002,0.148,0.036,0.408,0.094,0.002,0.164,0.01,0.192,0.298,0.004
0.05,0.852,0.0,0.0,0.0,0.052,0.666,0.052,0.0,0.0,0.08,0.33,0.182,0.0,0.0,0.132,0.116,0.374,0.026,0.0,0.172,0.054,0.27,0.134,0.006,0.188,0.016,0.144,0.382,0.01
0.05,0.852,0.0,0.0,0.0,0.052,0.636,0.062,0.0,0.0,0.09,0.208,0.274,0.0,0.0,0.132,0.068,0.45,0.006,0.006,0.164,0.032,0.3,0.14,0.038,0.168,0.01,0.134,0.368,0.096
0.05,0.852,0.0,0.0,0.0,0.05,0.646,0.056,0.0,0.0,0.084,0.26,0.204,0.0,0.0,0.162,0.096,0.444,0.022,0.0,0.204,0.024,0.348,0.132,0.0,0.222,0.02,0.204,0.4,0.0
0.05,0.852,0.0,0.0,0.0,0.05,0.65,0.056,0.0,0.0,0.068,0.286,0.256,0.0,0.0,0.108,0.092,0.426,0.024,0.002,0.136,0.032,0.368,0.13,0.01,0.146,0.008,0.206,0.344,0.024
0.05,0.852,0.0,0.0,0.0,0.05,0.666,0.042,0.0,0.0,0.074,0.304,0.218,0.0,0.0,0.128,0.096,0.398,0.014,0.0,0.168,0.04,0.32,0.152,0.0,0.18,0.022,0.182,0.39,0.002
0.05,0.852,0.0,0.0,0.0,0.05,0.676,0.05,0.0,0.0,0.066,0.298,0.198,0.0,0.0,0.104,0.1,0.416,0.028,0.0,0.14,0.03,0.322,0.17,0.0,0.15,0.014,0.166,0.422,0.0
0.05,0.852,0.0,0.0,0.0,0.052,0.724,0.056,0.0,0.0,0.082,0.296,0.134,0.0,0.0,0.128,0.076,0.402,0.032,0.0,0.198,0.022,0.334,0.12,0.0,0.216,0.008,0.126,0.382,0.0
0.05,0.852,0.0,0.0,0.0,0.052,0.63,0.056,0.0,0.0,0.072,0.27,0.268,0.0,0.0,0.144,0.094,0.422,0.014,0.0,0.162,0.03,0.356,0.126,0.002,0.176,0.016,0.2,0.34,0.016
0.05,0.852,0.0,0.0,0.0,0.05,0.678,0.06,0.0,0.0,0.062,0.304,0.18,0.0,0.0,0.118,0.112,0.352,0.016,0.006,0.158,0.052,0.222,0.1,0.056,0.172,0.024,0.108,0.294,0.124
0.05,0.852,0.0,0.0,0.0,0.05,0.748,0.05,0.0,0.0,0.06,0.326,0.142,0.0,0.0,0.114,0.106,0.39,0.03,0.0,0.156,0.03,0.344,0.132,0.0,0.17,0.01,0.132,0.418,0.0
0.05,0.852,0.0,0.0,0.0,0.05,0.664,0.046,0.0,0.0,0.088,0.272,0.224,0.0,0.0,0.14,0.092,0.418,0.01,0.0,0.178,0.034,0.328,0.122,0.0,0.198,0.018,0.224,0.326,0.0
0.05,0.852,0.0,0.0,0.0,0.052,0.68,0.06,0.0,0.0,0.066,0.332,0.202,0.0,0.0,0.11,0.146,0.408,0.022,0.0,0.15,0.064,0.356,0.122,0.0,0.162,0.018,0.22,0.322,0.0
0.05,0.852,0.0,0.0,0.0,0.05,0.678,0.07,0.0,0.0,0.066,0.256,0.208,0.0,0.0,0.122,0.068,0.474,0.026,0.0,0.158,0.016,0.388,0.122,0.0,0.176,0.002,0.194,0.402,0.0
0.05,0.852,0.0,0.0,0.0,0.05,0.69,0.07,0.0,0.0,0.076,0.316,0.166,0.0,0.0,0.134,0.126,0.396,0.036,0.0,0.168,0.062,0.32,0.152,0.0,0.178,0.034,0.166,0.376,0.0
0.05,0.852,0.0,0.0,0.0,0.05,0.766,0.046,0.0,0.0,0.06,0.288,0.144,0.0,0.0,0.108,0.086,0.404,0.016,0.0,0.17,0.022,0.408,0.124,0.002,0.188,0.006,0.16,0.358,0.004
0.05,0.852,0.0,0.0,0.0,0.05,0.728,0.066,0.0,0.0,0.066,0.286,0.144,0.0,0.0,0.154,0.076,0.418,0.03,0.0,0.204,0.022,0.348,0.124,0.0,0.228,0.008,0.154,0.348,0.006
0.05,0.852,0.0,0.0,0.0,0.05,0.684,0.062,0.0,0.0,0.072,0.274,0.198,0.0,0.0,0.124,0.076,0.452,0.026,0.0,0.166,0.026,0.392,0.136,0.0,0.178,0.006,0.21,0.38,0.0
0.05,0.852,0.0,0.0,0.0,0.056,0.694,0.046,0.0,0.0,0.076,0.282,0.208,0.0,0.0,0.106,0.09,0.476,0.018,0.0,0.132,0.022,0.392,0.132,0.0,0.14,0.008,0.206,0.382,0.002
0.05,0.852,0.0,0.0,0.0,0.058,0.618,0.048,0.0,0.0,0.092,0.232,0.212,0.0,0.0,0.154,0.09,0.438,0.02,0.004,0.19,0.028,0.26,0.136,0.012,0.2,0.016,0.126,0.394,0.032
0.05,0.852,0.0,0.0,0.0,0.05,0.688,0.058,0.0,0.0,0.072,0.278,0.182,0.0,0.0,0.138,0.09,0.434,0.01,0.0,0.172,0.02,0.376,0.082,0.0,0.192,0.008,0.19,0.308,0.004
0.05,0.852,0.0,0.0,0.0,0.05,0.714,0.06,0.0,0.0,0.076,0.314,0.144,0.0,0.0,0.148,0.12,0.398,0.032,0.002,0.182,0.044,0.302,0.13,0.002,0.196,0.016,0.154,0.366,0.002
0.05,0.852,0.0,0.0,0.0,0.05,0.692,0.066,0.0,0.0,0.064,0.264,0.188,0.0,0.0,0.108,0.096,0.486,0.016,0.0,0.138,0.026,0.36,0.114,0.0,0.146,0.01,0.164,0.382,0.0
0.05,0.852,0.0,0.0,0.0,0.054,0.678,0.062,0.0,0.0,0.078,0.286,0.178,0.0,0.0,0.122,0.094,0.41,0.018,0.0,0.156,0.028,0.294,0.108,0.0,0.168,0.016,0.158,0.366,0.0
0.05,0.852,0.0,0.0,0.0,0.052,0.696,0.052,0.0,0.0,0.064,0.3,0.194,0.0,0.0,0.116,0.076,0.406,0.012,0.0,0.172,0.02,0.344,0.124,0.0,0.18,0.01,0.168,0.384,0.0
0.05,0.852,0.0,0.0,0.0,0.052,0.638,0.06,0.0,0.0,0.074,0.256,0.216,0.0,0.0,0.128,0.094,0.352,0.03,0.014,0.16,0.048,0.222,0.188,0.062,0.166,0.014,0.118,0.398,0.112
0.05,0.852,0.0,0.0,0.0,0.052,0.676,0.054,0.0,0.0,0.066,0.286,0.202,0.0,0.0,0.136,0.106,0.374,0.006,0.0,0.18,0.048,0.33,0.134,0.0,0.196,0.012,0.17,0.332,0.0
0.05,0.852,0.0,0.0,0.0,0.05,0.734,0.062,0.0,0.0,0.068,0.298,0.162,0.0,0.0,0.118,0.098,0.434,0.012,0.004,0.144,0.036,0.388,0.09,0.034,0.152,0.016,0.212,0.254,0.084
0.05,0.852,0.0,0.0,0.0,0.054,0.678,0.046,0.0,0.0,0.08,0.278,0.206,0.0,0.0,0.17,0.096,0.394,0.016,0.006,0.222,0.028,0.282,0.142,0.032,0.24,0.014,0.126,0.302,0.082
0.05,0.852,0.0,0.0,0.0,0.05,0.706,0.072,0.0,0.0,0.064,0.274,0.176,0.0,0.0,0.12,0.104,0.448,0.028,0.0,0.158,0.022,0.382,0.15,0.0,0.172,0.004,0.188,0.386,0.0
0.05,0.852,0.0,0.0,0.0,0.05,0.642,0.062,0.0,0.0,0.08,0.29,0.192,0.0,0.0,0.14,0.096,0.322,0.008,0.01,0.17,0.046,0.258,0.1,0.042,0.178,0.022,0.116,0.308,0.08
0.05,0.852,0.0,0.0,0.0,0.05,0.676,0.052,0.0,0.0,0.08,0.278,0.168,0.0,0.0,0.152,0.102,0.406,0.024,0.0,0.192,0.032,0.324,0.116,0.0,0.218,0.008,0.192,0.334,0.002
0.05,0.852,0.0,0.0,0.0,0.05,0.672,0.054,0.0,0.0,0.07,0.3,0.198,0.0,0.0,0.094,0.114,0.432,0.01,0.004,0.124,0.04,0.302,0.07,0.034,0.134,0.024,0.128,0.256,0.102
0.05,0.852,0.0,0.0,0.0,0.05,0.648,0.056,0.0,0.0,0.072,0.242,0.202,0.0,0.0,0.136,0.082,0.412,0.012,0.0,0.176,0.026,0.31,0.128,0.0,0.19,0.008,0.134,0.382,0.0
0.05,0.852,0.0,0.0,0.0,0.052,0.608,0.052,0.0,0.0,0.1,0.26,0.232,0.0,0.0,0.148,0.104,0.364,0.02,0.002,0.186,0.036,0.256,0.144,0.024,0.198,0.008,0.128,0.35,0.05
0.05,0.852,0.0,0.0,0.0,0.052,0.64,0.068,0.0,0.0,0.08,0.24,0.194,0.0,0.0,0.134,0.104,0.4,0.022,0.002,0.162,0.03,0.254,0.108,0.048,0.174,0.012,0.124,0.264,0.12
0.05,0.852,0.0,0.0,0.0,0.05,0.632,0.062,0.0,0.0,0.08,0.266,0.244,0.0,0.0,0.132,0.128,0.406,0.032,0.01,0.172,0.056,0.362,0.128,0.032,0.184,0.026,0.198,0.294,0.066
0.05,0.852,0.0,0.0,0.0,0.05,0.662,0.056,0.0,0.0,0.084,0.292,0.204,0.0,0.0,0.156,0.11,0.366,0.022,0.0,0.208,0.046,0.29,0.152,0.0,0.232,0.018,0.166,0.372,0.0
0.05,0.852,0.0,0.0,0.0,0.052,0.648,0.06,0.0,0.0,0.074,0.21,0.21,0.0,0.0,0.15,0.048,0.408,0.02,0.004,0.19,0.016,0.274,0.15,0.022,0.196,0.004,0.104,0.382,0.054
0.05,0.852,0.0,0.0,0.0,0.05,0.678,0.058,0.0,0.0,0.072,0.308,0.164,0.0,0.0,0.132,0.096,0.324,0.018,0.0,0.156,0.038,0.246,0.142,0.01,0.166,0.004,0.108,0.392,0.026
0.05,0.852,0.0,0.0,0.0,0.052,0.664,0.052,0.0,0.0,0.064,0.242,0.218,0.0,0.0,0.098,0.098,0.428,0.012,0.0,0.116,0.036,0.308,0.122,0.02,0.12,0.02,0.154,0.342,0.05
0.05,0.852,0.0,0.0,0.0,0.05,0.646,0.064,0.0,0.0,0.07,0.282,0.242,0.0,0.0,0.118,0.102,0.44,0.014,0.0,0.134,0.032,0.352,0.16,0.0,0.158,0.008,0.18,0.404,0.0
0.05,0.852,0.0,0.0,0.0,0.05,0.644,0.062,0.0,0.0,0.07,0.29,0.252,0.0,0.0,0.1,0.118,0.386,0.016,0.002,0.12,0.054,0.266,0.122,0.038,0.14,0.02,0.13,0.31,0.094
0.05,0.852,0.0,0.0,0.0,0.052,0.672,0.056,0.0,0.0,0.076,0.294,0.186,0.0,0.0,0.13,0.116,0.368,0.016,0.0,0.148,0.044,0.276,0.126,0.0,0.158,0.02,0.128,0.338,0.01
0.05,0.852,0.0,0.0,0.0,0.05,0.664,0.046,0.0,0.0,0.094,0.292,0.178,0.0,0.0,0.178,0.092,0.358,0.018,0.0,0.236,0.032,0.31,0.13,0.0,0.258,0.01,0.172,0.35,0.0
0.05,0.852,0.0,0.0,0.0,0.054,0.63,0.058,0.0,0.0,0.076,0.26,0.234,0.0,0.0,0.136,0.108,0.404,0.024,0.004,0.166,0.032,0.282,0.162,0.03,0.186,0.012,0.152,0.394,0.064
0.05,0.852,0.0,0.0,0.0,0.05,0.698,0.05,0.0,0.0,0.068,0.328,0.192,0.0,0.0,0.098,0.106,0.382,0.014,0.0,0.138,0.036,0.298,0.126,0.0,0.146,0.01,0.13,0.378,0.0
0.05,0.852,0.0,0.0,0.0,0.05,0.688,0.058,0.0,0.0,0.066,0.344,0.192,0.0,0.0,0.108,0.148,0.37,0.022,0.0,0.148,0.08,0.312,0.136,0.0,0.164,0.026,0.156,0.374,0.002
0.05,0.852,0.0,0.0,0.0,0.052,0.678,0.056,0.0,0.0,0.066,0.272,0.178,0.0,0.0,0.128,0.07,0.418,0.012,0.0,0.17,0.02,0.31,0.122,0.0,0.174,0.008,0.118,0.394,0.0
0.05,0.852,0.0,0.0,0.0,0.056,0.65,0.052,0.0,0.0,0.084,0.32,0.226,0.0,0.0,0.114,0.138,0.382,0.02,0.0,0.154,0.066,0.286,0.126,0.0,0.168,0.022,0.152,0.37,0.0
0.05,0.852,0.0,0.0,0.0,0.052,0.668,0.052,0.0,0.0,0.07,0.24,0.216,0.0,0.0,0.112,0.074,0.404,0.02,0.0,0.152,0.028,0.25,0.118,0.056,0.158,0.008,0.074,0.304,0.138
0.05,0.852,0.0,0.0,0.0,0.052,0.692,0.054,0.0,0.0,0.068,0.268,0.184,0.0,0.0,0.114,0.102,0.37,0.028,0.012,0.128,0.042,0.192,0.158,0.054,0.136,0.016,0.086,0.348,0.14
0.05,0.852,0.0,0.0,0.0,0.052,0.656,0.032,0.0,0.0,0.09,0.272,0.212,0.0,0.0,0.16,0.106,0.39,0.016,0.0,0.198,0.046,0.254,0.112,0.0,0.218,0.016,0.126,0.362,0.0
0.05,0.852,0.0,0.0,0.0,0.05,0.76,0.062,0.0,0.0,0.06,0.344,0.142,0.0,0.0,0.108,0.116,0.368,0.014,0.0,0.136,0.036,0.358,0.13,0.0,0.15,0.014,0.16,0.372,0.0
0.05,0.852,0.0,0.0,0.0,0.05,0.668,0.05,0.0,0.0,0.082,0.32,0.204,0.0,0.0,0.152,0.13,0.328,0.022,0.002,0.194,0.044,0.274,0.13,0.016,0.222,0.012,0.182,0.342,0.03
0.05,0.852,0.0,0.0,0.0,0.05,0.672,0.064,0.0,0.0,0.068,0.272,0.226,0.0,0.0,0.134,0.082,0.46,0.01,0.0,0.162,0.034,0.4,0.114,0.004,0.172,0.014,0.228,0.328,0.01
0.05,0.852,0.0,0.0,0.0,0.054,0.706,0.048,0.0,0.0,0.074,0.302,0.188,0.0,0.0,0.122,0.106,0.452,0.03,0.0,0.16,0.056,0.36,0.136,0.0,0.178,0.024,0.176,0.422,0.0
0.05,0.852,0.0,0.0,0.0,0.05,0.68,0.038,0.0,0.0,0.078,0.316,0.176,0.0,0.0,0.128,0.12,0.36,0.01,0.0,0.168,0.044,0.246,0.122,0.0,0.182,0.018,0.116,0.376,0.0
0.05,0.852,0.0,0.0,0.0,0.05,0.676,0.064,0.0,0.0,0.068,0.262,0.216,0.0,0.0,0.114,0.08,0.46,0.014,0.0,0.134,0.036,0.338,0.112,0.0,0.136,0.02,0.132,0.38,0.0
0.05,0.852,0.0,0.0,0.0,0.052,0.654,0.048,0.0,0.0,0.086,0.29,0.184,0.0,0.0,0.192,0.1,0.408,0.022,0.0,0.224,0.022,0.34,0.124,0.0,0.25,0.006,0.216,0.336,0.0
0.05,0.852,0.0,0.0,0.0,0.05,0.638,0.054,0.0,0.0,0.072,0.254,0.198,0.0,0.0,0.144,0.072,0.392,0.016,0.0,0.18,0.016,0.298,0.126,0.002,0.19,0.004,0.144,0.386,0.002
0.05,0.852,0.0,0.0,0.0,0.052,0.7,0.05,0.0,0.0,0.058,0.278,0.178,0.0,0.0,0.104,0.072,0.47,0.014,0.0,0.128,0.026,0.408,0.118,0.0,0.134,0.01,0.166,0.376,0.0
0.05,0.852,0.0,0.0,0.0,0.052,0.612,0.056,0.0,0.0,0.072,0.19,0.254,0.0,0.0,0.138,0.058,0.434,0.022,0.008,0.17,0.024,0.248,0.114,0.046,0.178,0.004,0.078,0.338,0.104
0.05,0.852,0.0,0.0,0.0,0.05,0.668,0.056,0.0,0.0,0.06,0.218,0.178,0.0,0.0,0.116,0.074,0.398,0.01,0.012,0.154,0.014,0.206,0.126,0.04,0.16,0.006,0.092,0.406,0.102
0.05,0.852,0.0,0.0,0.0,0.05,0.65,0.054,0.0,0.0,0.072,0.228,0.196,0.0,0.0,0.164,0.056,0.362,0.02,0.01,0.214,0.018,0.23,0.132,0.052,0.232,0.006,0.09,0.346,0.11
0.05,0.852,0.0,0.0,0.0,0.052,0.678,0.056,0.0,0.0,0.064,0.33,0.218,0.0,0.0,0.098,0.128,0.446,0.018,0.0,0.136,0.052,0.37,0.124,0.0,0.15,0.018,0.218,0.33,0.0
0.05,0.852,0.0,0.0,0.0,0.05,0.648,0.052,0.0,0.0,0.068,0.282,0.218,0.0,0.0,0.146,0.112,0.308,0.032,0.016,0.196,0.044,0.204,0.166,0.066,0.222,0.014,0.098,0.352,0.116
0.05,0.852,0.0,0.0,0.0,0.05,0.678,0.056,0.0,0.0,0.07,0.24,0.222,0.0,0.0,0.132,0.094,0.454,0.024,0.0,0.182,0.036,0.342,0.146,0.0,0.198,0.016,0.192,0.382,0.0
0.05,0.852,0.0,0.0,0.0,0.05,0.674,0.05,0.0,0.0,0.074,0.228,0.182,0.0,0.0,0.154,0.062,0.442,0.02,0.0,0.224,0.012,0.306,0.118,0.002,0.244,0.004,0.124,0.37,0.01
0.05,0.852,0.0,0.0,0.0,0.052,0.692,0.042,0.0,0.0,0.066,0.278,0.176,0.0,0.0,0.122,0.092,0.422,0.006,0.0,0.162,0.016,0.33,0.094,0.0,0.186,0.0,0.138,0.326,0.0
0.05,0.852,0.0,0.0,0.0,0.05,0.664,0.052,0.0,0.0,0.06,0.266,0.198,0.0,0.0,0.102,0.074,0.49,0.024,0.0,0.134,0.022,0.392,0.116,0.0,0.14,0.01,0.17,0.362,0.0
0.05,0.852,0.0,0.0,0.0,0.05,0.732,0.056,0.0,0.0,0.064,0.302,0.17,0.0,0.0,0.126,0.094,0.418,0.012,0.0,0.16,0.026,0.372,0.108,0.0,0.186,0.012,0.19,0.366,0.0
0.05,0.852,0.0,0.0,0.0,0.05,0.748,0.058,0.0,0.0,0.064,0.288,0.126,0.0,0.0,0.108,0.046,0.428,0.022,0.0,0.148,0.01,0.396,0.122,0.0,0.162,0.002,0.126,0.374,0.002
0.05,0.852,0.0,0.0,0.0,0.052,0.618,0.05,0.0,0.0,0.078,0.278,0.216,0.0,0.0,0.124,0.088,0.414,0.014,0.0,0.152,0.032,0.298,0.106,0.006,0.162,0.012,0.16,0.342,0.016
0.05,0.852,0.0,0.0,0.0,0.05,0.624,0.042,0.0,0.0,0.086,0.286,0.234,0.0,0.0,0.134,0.104,0.386,0.014,0.0,0.16,0.044,0.308,0.124,0.006,0.164,0.016,0.156,0.364,0.012
0.05,0.852,0.0,0.0,0.0,0.05,0.624,0.056,0.0,0.0,0.076,0.264,0.226,0.0,0.0,0.112,0.084,0.394,0.012,0.004,0.15,0.034,0.242,0.122,0.016,0.154,0.016,0.114,0.336,0.068
0.05,0.852,0.0,0.0,0.0,0.05,0.622,0.058,0.0,0.0,0.076,0.278,0.234,0.0,0.0,0.134,0.11,0.396,0.024,0.006,0.16,0.05,0.296,0.114,0.036,0.166,0.022,0.18,0.332,0.06
0.05,0.852,0.0,0.0,0.0,0.052,0.666,0.066,0.0,0.0,0.06,0.23,0.232,0.0,0.0,0.098,0.076,0.406,0.024,0.014,0.112,0.02,0.25,0.182,0.058,0.122,0.004,0.09,0.398,0.122
0.05,0.852,0.0,0.0,0.0,0.05,0.768,0.06,0.0,0.0,0.06,0.352,0.128,0.0,0.0,0.1,0.086,0.4,0.016,0.0,0.138,0.012,0.426,0.118,0.0,0.154,0.004,0.19,0.37,0.0
0.05,0.852,0.0,0.0,0.0,0.052,0.662,0.064,0.0,0.0,0.078,0.294,0.182,0.0,0.0,0.136,0.098,0.408,0.046,0.0,0.188,0.044,0.284,0.152,0.002,0.198,0.022,0.136,0.388,0.004
0.05,0.852,0.0,0.0,0.0,0.05,0.748,0.05,0.0,0.0,0.06,0.322,0.146,0.0,0.0,0.12,0.108,0.404,0.014,0.0,0.18,0.034,0.334,0.108,0.0,0.2,0.012,0.156,0.378,0.0
0.05,0.852,0.0,0.0,0.0,0.05,0.622,0.062,0.0,0.0,0.09,0.25,0.248,0.0,0.0,0.148,0.088,0.436,0.022,0.006,0.176,0.038,0.33,0.102,0.034,0.19,0.018,0.192,0.304,0.082
0.05,0.852,0.0,0.0,0.0,0.05,0.688,0.058,0.0,0.0,0.066,0.338,0.198,0.0,0.0,0.102,0.148,0.364,0.024,0.006,0.118,0.07,0.268,0.142,0.038,0.126,0.032,0.144,0.338,0.08
0.05,0.852,0.0,0.0,0.0,0.052,0.652,0.062,0.0,0.0,0.088,0.348,0.218,0.0,0.0,0.122,0.164,0.396,0.034,0.0,0.156,0.07,0.39,0.144,0.002,0.17,0.03,0.254,0.348,0.002
0.05,0.852,0.0,0.0,0.0,0.05,0.652,0.064,0.0,0.0,0.072,0.322,0.234,0.0,0.0,0.122,0.128,0.424,0.022,0.0,0.158,0.054,0.424,0.12,0.0,0.168,0.016,0.246,0.304,0.0
0.05,0.852,0.0,0.0,0.0,0.05,0.678,0.058,0.0,0.0,0.062,0.294,0.198,0.0,0.0,0.114,0.112,0.444,0.016,0.0,0.142,0.05,0.434,0.1,0.002,0.154,0.014,0.226,0.302,0.004
0.05,0.852,0.0,0.0,0.0,0.05,0.658,0.052,0.0,0.0,0.074,0.22,0.188,0.0,0.0,0.166,0.088,0.416,0.04,0.008,0.182,0.028,0.24,0.172,0.012,0.186,0.006,0.098,0.39,0.056
0.05,0.852,0.0,0.0,0.0,0.05,0.668,0.052,0.0,0.0,0.064,0.268,0.204,0.0,0.0,0.116,0.092,0.452,0.014,0.0,0.164,0.04,0.32,0.088,0.0,0.176,0.01,0.138,0.348,0.004
0.05,0.852,0.0,0.0,0.0,0.052,0.646,0.054,0.0,0.0,0.092,0.292,0.222,0.0,0.0,0.162,0.112,0.4,0.022,0.0,0.204,0.046,0.308,0.136,0.0,0.23,0.022,0.144,0.352,0.0
0.05,0.852,0.0,0.0,0.0,0.05,0.67,0.052,0.0,0.0,0.066,0.294,0.222,0.0,0.0,0.122,0.114,0.398,0.024,0.0,0.162,0.03,0.362,0.14,0.0,0.18,0.01,0.206,0.346,0.0
0.05,0.852,0.0,0.0,0.0,0.052,0.642,0.042,0.0,0.0,0.078,0.248,0.202,0.0,0.0,0.144,0.072,0.408,0.016,0.0,0.192,0.034,0.258,0.134,0.0,0.206,0.004,0.108,0.376,0.0
0.05,0.852,0.0,0.0,0.0,0.052,0.712,0.056,0.0,0.0,0.066,0.32,0.166,0.0,0.0,0.11,0.124,0.408,0.018,0.0,0.15,0.038,0.348,0.122,0.0,0.172,0.016,0.188,0.384,0.0
0.05,0.852,0.0,0.0,0.0,0.052,0.708,0.052,0.0,0.0,0.064,0.244,0.158,0.0,0.0,0.128,0.062,0.422,0.012,0.002,0.162,0.01,0.29,0.09,0.018,0.178,0.002,0.086,0.346,0.056
0.05,0.852,0.0,0.0,0.0,0.052,0.668,0.038,0.0,0.0,0.068,0.238,0.184,0.0,0.0,0.134,0.068,0.378,0.008,0.006,0.172,0.018,0.236,0.102,0.034,0.19,0.002,0.062,0.338,0.076
0.05,0.852,0.0,0.0,0.0,0.05,0.658,0.052,0.0,0.0,0.076,0.258,0.182,0.0,0.0,0.172,0.1,0.454,0.038,0.0,0.22,0.034,0.372,0.13,0.0,0.254,0.016,0.22,0.324,0.0
0.05,0.852,0.0,0.0,0.0,0.052,0.656,0.048,0.0,0.0,0.074,0.3,0.202,0.0,0.0,0.122,0.132,0.352,0.024,0.008,0.148,0.072,0.222,0.176,0.032,0.156,0.03,0.088,0.398,0.068
0.05,0.852,0.0,0.0,0.0,0.05,0.692,0.062,0.0,0.0,0.056,0.256,0.222,0.0,0.0,0.118,0.098,0.446,0.026,0.0,0.146,0.042,0.394,0.154,0.0,0.16,0.014,0.188,0.396,0.0
0.05,0.852,0.0,0.0,0.0,0.052,0.676,0.054,0.0,0.0,0.078,0.266,0.172,0.0,0.0,0.15,0.086,0.362,0.022,0.012,0.19,0.02,0.206,0.116,0.036,0.218,0.01,0.106,0.342,0.106
0.05,0.852,0.0,0.0,0.0,0.052,0.646,0.054,0.0,0.0,0.07,0.272,0.23,0.0,0.0,0.132,0.094,0.458,0.018,0.0,0.178,0.04,0.346,0.154,0.0,0.188,0.012,0.206,0.368,0.0
0.05,0.852,0.0,0.0,0.0,0.052,0.718,0.06,0.0,0.0,0.064,0.312,0.192,0.0,0.0,0.12,0.126,0.392,0.024,0.0,0.152,0.056,0.39,0.128,0.0,0.168,0.028,0.198,0.336,0.0
0.05,0.852,0.0,0.0,0.0,0.05,0.746,0.056,0.0,0.0,0.064,0.334,0.184,0.0,0.0,0.1,0.124,0.416,0.03,0.0,0.136,0.036,0.402,0.13,0.0,0.148,0.012,0.222,0.36,0.0
0.05,0.852,0.0,0.0,0.0,0.052,0.656,0.066,0.0,0.0,0.068,0.326,0.218,0.0,0.0,0.1,0.124,0.392,0.028,0.002,0.124,0.048,0.32,0.136,0.006,0.14,0.016,0.186,0.37,0.012
0.05,0.852,0.0,0.0,0.0,0.05,0.68,0.058,0.0,0.0,0.066,0.304,0.2,0.0,0.0,0.132,0.11,0.434,0.026,0.0,0.17,0.02,0.4,0.13,0.0,0.186,0.008,0.254,0.354,0.0
0.05,0.852,0.0,0.0,0.0,0.05,0.652,0.064,0.0,0.0,0.072,0.296,0.234,0.0,0.0,0.146,0.112,0.44,0.03,0.0,0.192,0.048,0.406,0.132,0.0,0.206,0.024,0.256,0.342,0.0
0.05,0.852,0.0,0.0,0.0,0.052,0.68,0.04,0.0,0.0,0.072,0.294,0.202,0.0,0.0,0.128,0.086,0.424,0.012,0.002,0.162,0.022,0.346,0.104,0.004,0.188,0.008,0.166,0.32,0.006
0.05,0.852,0.0,0.0,0.0,0.05,0.67,0.056,0.0,0.0,0.08,0.248,0.19,0.0,0.0,0.16,0.09,0.422,0.012,0.01,0.194,0.022,0.302,0.084,0.056,0.204,0.01,0.164,0.246,0.156
0.05,0.852,0.0,0.0,0.0,0.05,0.688,0.06,0.0,0.0,0.068,0.314,0.19,0.0,0.0,0.106,0.11,0.466,0.022,0.0,0.132,0.034,0.416,0.124,0.0,0.138,0.01,0.244,0.346,0.0
0.05,0.852,0.0,0.0,0.0,0.05,0.676,0.054,0.0,0.0,0.074,0.264,0.182,0.0,0.0,0.134,0.088,0.398,0.026,0.0,0.166,0.032,0.31,0.148,0.0,0.182,0.01,0.14,0.404,0.0
0.05,0.852,0.0,0.0,0.0,0.056,0.65,0.048,0.0,0.0,0.078,0.284,0.214,0.0,0.0,0.13,0.128,0.402,0.02,0.0,0.162,0.044,0.312,0.118,0.004,0.174,0.01,0.188,0.31,0.014
0.05,0.852,0.0,0.0,0.0,0.052,0.67,0.046,0.0,0.0,0.082,0.23,0.194,0.0,0.0,0.164,0.05,0.458,0.022,0.0,0.204,0.012,0.376,0.122,0.0,0.218,0.004,0.152,0.382,0.0
0.05,0.852,0.0,0.0,0.0,0.052,0.726,0.054,0.0,0.0,0.064,0.308,0.152,0.0,0.0,0.116,0.092,0.402,0.008,0.0,0.168,0.028,0.366,0.108,0.0,0.172,0.01,0.148,0.344,0.0
0.05,0.852,0.0,0.0,0.0,0.054,0.632,0.05,0.0,0.0,0.084,0.274,0.224,0.0,0.0,0.152,0.114,0.356,0.02,0.008,0.18,0.05,0.312,0.12,0.044,0.186,0.02,0.148,0.254,0.104
0.05,0.852,0.0,0.0,0.0,0.05,0.696,0.064,0.0,0.0,0.06,0.278,0.206,0.0,0.0,0.088,0.086,0.386,0.016,0.008,0.11,0.034,0.232,0.148,0.046,0.12,0.022,0.076,0.386,0.12
0.05,0.852,0.0,0.0,0.0,0.052,0.64,0.052,0.0,0.0,0.082,0.24,0.206,0.0,0.0,0.14,0.074,0.434,0.02,0.0,0.19,0.028,0.296,0.118,0.0,0.202,0.008,0.144,0.386,0.0
0.05,0.852,0.0,0.0,0.0,0.052,0.628,0.052,0.0,0.0,0.09,0.264,0.224,0.0,0.0,0.156,0.1,0.332,0.03,0.004,0.196,0.032,0.24,0.156,0.03,0.216,0.012,0.108,0.364,0.062
0.05,0.852,0.0,0.0,0.0,0.052,0.638,0.044,0.0,0.0,0.096,0.266,0.206,0.0,0.0,0.164,0.1,0.406,0.016,0.0,0.204,0.034,0.316,0.14,0.006,0.226,0.014,0.188,0.35,0.022
0.05,0.852,0.0,0.0,0.0,0.052,0.67,0.044,0.0,0.0,0.086,0.298,0.192,0.0,0.0,0.128,0.136,0.368,0.02,0.0,0.172,0.048,0.276,0.144,0.006,0.2,0.024,0.15,0.37,0.01
0.05,0.852,0.0,0.0,0.0,0.05,0.68,0.054,0.0,0.0,0.074,0.27,0.184,0.0,0.0,0.154,0.116,0.426,0.012,0.0,0.196,0.032,0.386,0.122,0.0,0.226,0.012,0.212,0.306,0.0
0.05,0.852,0.0,0.0,0.0,0.052,0.634,0.058,0.0,0.0,0.082,0.274,0.248,0.0,0.0,0.134,0.114,0.438,0.016,0.0,0.178,0.048,0.32,0.132,0.0,0.196,0.018,0.176,0.368,0.0
0.05,0.852,0.0,0.0,0.0,0.05,0.668,0.046,0.0,0.0,0.062,0.278,0.226,0.0,0.0,0.114,0.092,0.426,0.012,0.0,0.15,0.024,0.328,0.136,0.0,0.168,0.002,0.154,0.392,0.002
0.05,0.852,0.0,0.0,0.0,0.054,0.698,0.056,0.0,0.0,0.068,0.274,0.198,0.0,0.0,0.108,0.066,0.396,0.018,0.006,0.138,0.016,0.36,0.092,0.048,0.146,0.004,0.162,0.258,0.114
0.05,0.852,0.0,0.0,0.0,0.05,0.652,0.044,0.0,0.0,0.09,0.252,0.186,0.0,0.0,0.172,0.076,0.394,0.01,0.0,0.22,0.026,0.278,0.106,0.0,0.236,0.008,0.098,0.348,0.0
0.05,0.852,0.0,0.0,0.0,0.052,0.628,0.058,0.0,0.0,0.076,0.254,0.242,0.0,0.0,0.138,0.088,0.446,0.026,0.004,0.17,0.034,0.354,0.142,0.004,0.174,0.014,0.184,0.396,0.006
0.05,0.852,0.0,0.0,0.0,0.05,0.714,0.062,0.0,0.0,0.062,0.318,0.18,0.0,0.0,0.122,0.102,0.392,0.012,0.0,0.166,0.036,0.366,0.104,0.0,0.178,0.01,0.17,0.328,0.0
0.05,0.852,0.0,0.0,0.0,0.05,0.694,0.066,0.0,0.0,0.062,0.29,0.18,0.0,0.0,0.142,0.094,0.398,0.012,0.0,0.184,0.026,0.336,0.106,0.0,0.208,0.006,0.162,0.324,0.0
0.05,0.852,0.0,0.0,0.0,0.056,0.59,0.05,0.0,0.0,0.092,0.282,0.26,0.0,0.0,0.146,0.12,0.406,0.034,0.008,0.174,0.052,0.314,0.122,0.04,0.196,0.02,0.166,0.272,0.106
0.05,0.852,0.0,0.0,0.0,0.052,0.636,0.042,0.0,0.0,0.092,0.276,0.222,0.0,0.0,0.166,0.126,0.416,0.016,0.0,0.206,0.052,0.312,0.12,0.0,0.232,0.018,0.158,0.346,0.0
0.05,0.852,0.0,0.0,0.0,0.05,0.62,0.06,0.0,0.0,0.078,0.276,0.246,0.0,0.0,0.118,0.088,0.394,0.028,0.002,0.152,0.04,0.28,0.164,0.026,0.166,0.018,0.14,0.39,0.074
0.05,0.852,0.0,0.0,0.0,0.05,0.662,0.062,0.0,0.0,0.074,0.27,0.228,0.0,0.0,0.142,0.088,0.452,0.036,0.0,0.17,0.022,0.412,0.154,0.0,0.194,0.01,0.194,0.372,0.0
0.05,0.852,0.0,0.0,0.0,0.05,0.648,0.052,0.0,0.0,0.074,0.268,0.188,0.0,0.0,0.116,0.088,0.36,0.014,0.004,0.14,0.028,0.232,0.132,0.012,0.146,0.004,0.102,0.378,0.048
0.05,0.852,0.0,0.0,0.0,0.052,0.662,0.06,0.0,0.0,0.064,0.292,0.224,0.0,0.0,0.116,0.122,0.414,0.022,0.002,0.162,0.054,0.33,0.106,0.018,0.184,0.02,0.184,0.28,0.062
0.05,0.852,0.0,0.0,0.0,0.052,0.682,0.05,0.0,0.0,0.074,0.292,0.206,0.0,0.0,0.13,0.108,0.394,0.026,0.0,0.178,0.044,0.288,0.16,0.0,0.192,0.018,0.146,0.406,0.0
0.05,0.852,0.0,0.0,0.0,0.05,0.676,0.064,0.0,0.0,0.06,0.304,0.218,0.0,0.0,0.094,0.114,0.374,0.012,0.0,0.118,0.036,0.282,0.116,0.03,0.128,0.01,0.114,0.34,0.078
0.05,0.852,0.0,0.0,0.0,0.05,0.654,0.044,0.0,0.0,0.084,0.256,0.188,0.0,0.0,0.164,0.098,0.406,0.02,0.0,0.208,0.034,0.282,0.142,0.0,0.222,0.016,0.132,0.39,0.0
0.05,0.852,0.0,0.0,0.0,0.052,0.648,0.052,0.0,0.0,0.074,0.338,0.234,0.0,0.0,0.116,0.128,0.428,0.028,0.0,0.152,0.052,0.358,0.154,0.008,0.176,0.02,0.21,0.342,0.02
0.05,0.852,0.0,0.0,0.0,0.05,0.68,0.054,0.0,0.0,0.062,0.27,0.212,0.0,0.0,0.11,0.09,0.386,0.01,0.0,0.138,0.03,0.298,0.112,0.0,0.144,0.018,0.112,0.346,0.0
0.05,0.852,0.0,0.0,0.0,0.05,0.666,0.054,0.0,0.0,0.076,0.244,0.202,0.0,0.0,0.162,0.068,0.412,0.02,0.0,0.206,0.018,0.33,0.13,0.0,0.22,0.004,0.14,0.382,0.0
0.05,0.852,0.0,0.0,0.0,0.05,0.652,0.028,0.0,0.0,0.082,0.29,0.202,0.0,0.0,0.14,0.098,0.41,0.002,0.0,0.176,0.032,0.344,0.072,0.0,0.186,0.016,0.16,0.296,0.0
0.05,0.852,0.0,0.0,0.0,0.052,0.678,0.042,0.0,0.0,0.088,0.284,0.17,0.0,0.0,0.176,0.104,0.364,0.02,0.0,0.216,0.04,0.312,0.134,0.0,0.236,0.014,0.128,0.344,0.002
0.05,0.852,0.0,0.0,0.0,0.052,0.682,0.06,0.0,0.0,0.088,0.316,0.184,0.0,0.0,0.162,0.144,0.384,0.024,0.0,0.222,0.054,0.282,0.142,0.0,0.248,0.018,0.146,0.374,0.0
0.05,0.852,0.0,0.0,0.0,0.05,0.672,0.06,0.0,0.0,0.072,0.282,0.222,0.0,0.0,0.132,0.094,0.438,0.022,0.0,0.164,0.04,0.368,0.148,0.0,0.172,0.016,0.232,0.402,0.0
0.05,0.852,0.0,0.0,0.0,0.052,0.598,0.06,0.0,0.0,0.088,0.242,0.224,0.0,0.0,0.136,0.082,0.324,0.024,0.004,0.164,0.03,0.188,0.15,0.038,0.174,0.01,0.07,0.384,0.09
0.05,0.852,0.0,0.0,0.0,0.052,0.662,0.04,0.0,0.0,0.074,0.278,0.194,0.0,0.0,0.13,0.094,0.402,0.01,0.0,0.152,0.036,0.272,0.124,0.0,0.158,0.022,0.138,0.364,0.0
0.05,0.852,0.0,0.0,0.0,0.05,0.656,0.064,0.0,0.0,0.058,0.246,0.23,0.0,0.0,0.088,0.082,0.45,0.03,0.002,0.122,0.032,0.33,0.154,0.018,0.128,0.008,0.138,0.372,0.074
0.05,0.852,0.0,0.0,0.0,0.05,0.662,0.06,0.0,0.0,0.064,0.31,0.238,0.0,0.0,0.088,0.122,0.422,0.02,0.0,0.112,0.034,0.356,0.136,0.0,0.126,0.012,0.19,0.38,0.0
0.05,0.852,0.0,0.0,0.0,0.05,0.704,0.058,0.0,0.0,0.062,0.33,0.186,0.0,0.0,0.114,0.124,0.394,0.024,0.0,0.154,0.038,0.312,0.134,0.0,0.164,0.012,0.158,0.392,0.0
0.05,0.852,0.0,0.0,0.0,0.05,0.746,0.048,0.0,0.0,0.062,0.322,0.144,0.0,0.0,0.11,0.102,0.378,0.022,0.0,0.15,0.036,0.356,0.116,0.0,0.162,0.014,0.15,0.36,0.0
0.05,0.852,0.0,0.0,0.0,0.052,0.642,0.062,0.0,0.0,0.084,0.288,0.202,0.0,0.0,0.172,0.104,0.41,0.024,0.0,0.216,0.042,0.304,0.15,0.002,0.23,0.018,0.158,0.38,0.004
0.05,0.852,0.0,0.0,0.0,0.05,0.68,0.072,0.0,0.0,0.058,0.26,0.214,0.0,0.0,0.08,0.086,0.478,0.016,0.004,0.112,0.038,0.354,0.114,0.026,0.124,0.012,0.148,0.314,0.088
0.05,0.852,0.0,0.0,0.0,0.05,0.704,0.066,0.0,0.0,0.056,0.262,0.192,0.0,0.0,0.076,0.074,0.44,0.022,0.01,0.104,0.018,0.282,0.12,0.048,0.11,0.004,0.1,0.368,0.112
0.05,0.852,0.0,0.0,0.0,0.052,0.684,0.064,0.0,0.0,0.066,0.306,0.23,0.0,0.0,0.112,0.114,0.492,0.018,0.0,0.136,0.04,0.378,0.126,0.0,0.15,0.02,0.196,0.374,0.0
0.05,0.852,0.0,0.0,0.0,0.05,0.752,0.064,0.0,0.0,0.068,0.336,0.14,0.0,0.0,0.138,0.096,0.35,0.036,0.0,0.212,0.024,0.368,0.132,0.0,0.252,0.008,0.188,0.35,0.0
0.05,0.852,0.0,0.0,0.0,0.05,0.688,0.046,0.0,0.0,0.064,0.272,0.194,0.0,0.0,0.126,0.088,0.386,0.018,0.0,0.168,0.026,0.324,0.154,0.014,0.186,0.004,0.148,0.372,0.032
0.05,0.852,0.0,0.0,0.0,0.05,0.646,0.062,0.0,0.0,0.064,0.224,0.184,0.0,0.0,0.14,0.064,0.392,0.026,0.002,0.176,0.012,0.222,0.128,0.042,0.186,0.004,0.08,0.356,0.1
0.05,0.852,0.0,0.0,0.0,0.052,0.636,0.044,0.0,0.0,0.068,0.232,0.268,0.002,0.0,0.108,0.076,0.404,0.018,0.01,0.128,0.032,0.238,0.146,0.064,0.134,0.018,0.09,0.376,0.128
0.05,0.852,0.0,0.0,0.0,0.052,0.72,0.05,0.0,0.0,0.08,0.324,0.166,0.0,0.0,0.134,0.14,0.396,0.024,0.0,0.174,0.048,0.378,0.144,0.0,0.186,0.014,0.21,0.352,0.0
0.05,0.852,0.0,0.0,0.0,0.05,0.64,0.05,0.0,0.0,0.064,0.246,0.242,0.0,0.0,0.13,0.068,0.414,0.012,0.0,0.166,0.03,0.324,0.126,0.002,0.168,0.006,0.152,0.374,0.004
0.05,0.852,0.0,0.0,0.0,0.05,0.714,0.066,0.0,0.0,0.062,0.34,0.168,0.0,0.0,0.096,0.112,0.426,0.032,0.0,0.13,0.028,0.394,0.154,0.0,0.14,0.012,0.216,0.398,0.0
0.05,0.852,0.0,0.0,0.0,0.05,0.68,0.052,0.0,0.0,0.076,0.266,0.206,0.0,0.0,0.15,0.106,0.408,0.024,0.0,0.198,0.036,0.328,0.154,0.0,0.22,0.01,0.178,0.374,0.0
0.05,0.852,0.0,0.0,0.0,0.052,0.65,0.064,0.0,0.0,0.066,0.212,0.222,0.0,0.0,0.114,0.058,0.402,0.026,0.008,0.136,0.018,0.224,0.166,0.04,0.14,0.004,0.058,0.432,0.084
0.05,0.852,0.0,0.0,0.0,0.052,0.69,0.052,0.0,0.0,0.062,0.234,0.192,0.0,0.0,0.126,0.064,0.488,0.018,0.0,0.166,0.018,0.386,0.118,0.0,0.172,0.002,0.146,0.374,0.0
0.05,0.852,0.0,0.0,0.0,0.05,0.648,0.054,0.0,0.0,0.064,0.296,0.2,0.0,0.0,0.11,0.086,0.362,0.016,0.002,0.136,0.022,0.3,0.108,0.016,0.15,0.006,0.142,0.32,0.034
0.05,0.852,0.0,0.0,0.0,0.05,0.692,0.056,0.0,0.0,0.064,0.312,0.192,0.0,0.0,0.106,0.104,0.43,0.008,0.0,0.13,0.038,0.426,0.088,0.0,0.144,0.012,0.214,0.284,0.002
0.05,0.852,0.0,0.0,0.0,0.052,0.646,0.056,0.0,0.0,0.07,0.288,0.192,0.0,0.0,0.12,0.114,0.332,0.02,0.002,0.138,0.046,0.218,0.116,0.044,0.152,0.018,0.094,0.306,0.108
0.05,0.852,0.0,0.0,0.0,0.052,0.642,0.052,0.0,0.0,0.078,0.256,0.208,0.0,0.0,0.124,0.106,0.458,0.008,0.0,0.154,0.038,0.328,0.094,0.0,0.174,0.014,0.158,0.344,0.0
0.05,0.852,0.0,0.0,0.0,0.05,0.64,0.05,0.0,0.0,0.064,0.252,0.234,0.0,0.0,0.104,0.088,0.414,0.018,0.002,0.126,0.034,0.274,0.126,0.028,0.134,0.014,0.144,0.364,0.078
0.05,0.852,0.0,0.0,0.0,0.05,0.622,0.058,0.0,0.0,0.074,0.248,0.206,0.0,0.0,0.116,0.098,0.336,0.026,0.006,0.134,0.044,0.222,0.138,0.042,0.144,0.02,0.078,0.352,0.078
0.05,0.852,0.0,0.0,0.0,0.052,0.644,0.066,0.0,0.0,0.064,0.248,0.194,0.0,0.0,0.138,0.084,0.432,0.028,0.0,0.19,0.032,0.304,0.136,0.004,0.204,0.012,0.122,0.386,0.014
0.05,0.852,0.0,0.0,0.0,0.05,0.64,0.038,0.0,0.0,0.08,0.238,0.244,0.0,0.0,0.146,0.082,0.394,0.014,0.002,0.172,0.028,0.25,0.106,0.048,0.184,0.012,0.102,0.282,0.132
0.05,0.852,0.0,0.0,0.0,0.054,0.66,0.04,0.0,0.0,0.078,0.31,0.176,0.0,0.0,0.122,0.108,0.276,0.02,0.006,0.17,0.032,0.176,0.144,0.022,0.186,0.016,0.066,0.386,0.048
0.05,0.852,0.0,0.0,0.0,0.052,0.676,0.058,0.0,0.0,0.072,0.298,0.2,0.0,0.0,0.112,0.108,0.38,0.018,0.002,0.148,0.032,0.298,0.146,0.002,0.156,0.014,0.144,0.378,0.002
0.05,0.852,0.0,0.0,0.0,0.05,0.68,0.066,0.0,0.0,0.064,0.298,0.198,0.0,0.0,0.13,0.084,0.416,0.022,0.0,0.188,0.03,0.358,0.124,0.0,0.196,0.012,0.194,0.344,0.0
0.05,0.852,0.0,0.0,0.0,0.052,0.71,0.056,0.0,0.0,0.062,0.288,0.172,0.0,0.0,0.102,0.088,0.434,0.014,0.0,0.134,0.026,0.334,0.132,0.0,0.138,0.006,0.14,0.4,0.0
0.05,0.852,0.0,0.0,0.0,0.05,0.664,0.052,0.0,0.0,0.066,0.238,0.198,0.0,0.0,0.122,0.066,0.378,0.034,0.012,0.156,0.02,0.25,0.166,0.04,0.162,0.006,0.106,0.396,0.09
0.05,0.852,0.0,0.0,0.0,0.05,0.672,0.066,0.0,0.0,0.07,0.306,0.218,0.0,0.0,0.112,0.118,0.462,0.028,0.0,0.134,0.042,0.406,0.136,0.0,0.142,0.014,0.218,0.37,0.0
0.05,0.852,0.0,0.0,0.0,0.05,0.66,0.042,0.0,0.0,0.078,0.344,0.198,0.0,0.0,0.136,0.146,0.4,0.026,0.0,0.184,0.076,0.35,0.114,0.0,0.194,0.038,0.198,0.324,0.0
0.05,0.852,0.0,0.0,0.0,0.052,0.678,0.062,0.0,0.0,0.072,0.31,0.204,0.0,0.0,0.148,0.126,0.416,0.02,0.0,0.214,0.058,0.354,0.098,0.0,0.232,0.026,0.204,0.312,0.0
0.05,0.852,0.0,0.0,0.0,0.052,0.694,0.052,0.0,0.0,0.072,0.29,0.192,0.0,0.0,0.144,0.124,0.396,0.028,0.0,0.168,0.06,0.328,0.156,0.0,0.186,0.028,0.152,0.382,0.004
0.05,0.852,0.0,0.0,0.0,0.052,0.666,0.06,0.0,0.0,0.066,0.298,0.208,0.0,0.0,0.11,0.118,0.38,0.018,0.006,0.136,0.056,0.252,0.102,0.048,0.154,0.03,0.114,0.302,0.094
0.05,0.852,0.0,0.0,0.0,0.05,0.686,0.052,0.0,0.0,0.058,0.25,0.198,0.0,0.0,0.124,0.09,0.43,0.028,0.0,0.162,0.034,0.334,0.122,0.002,0.176,0.014,0.168,0.374,0.004
0.05,0.852,0.0,0.0,0.0,0.05,0.718,0.058,0.0,0.0,0.058,0.304,0.178,0.0,0.0,0.12,0.09,0.388,0.02,0.0,0.146,0.038,0.3,0.14,0.0,0.162,0.016,0.122,0.428,0.002
0.05,0.852,0.0,0.0,0.0,0.054,0.682,0.054,0.0,0.0,0.07,0.234,0.172,0.0,0.0,0.13,0.066,0.382,0.022,0.014,0.168,0.016,0.22,0.13,0.052,0.174,0.0,0.066,0.366,0.14
0.05,0.852,0.0,0.0,0.0,0.052,0.622,0.056,0.0,0.0,0.08,0.29,0.256,0.0,0.0,0.112,0.098,0.44,0.012,0.0,0.126,0.032,0.348,0.138,0.0,0.132,0.012,0.17,0.388,0.0
0.05,0.852,0.0,0.0,0.0,0.052,0.672,0.054,0.0,0.0,0.08,0.288,0.218,0.0,0.0,0.142,0.118,0.45,0.03,0.0,0.172,0.04,0.368,0.122,0.0,0.19,0.018,0.242,0.344,0.0
0.05,0.852,0.0,0.0,0.0,0.05,0.686,0.066,0.0,0.0,0.07,0.334,0.204,0.0,0.0,0.12,0.132,0.4,0.028,0.004,0.158,0.064,0.362,0.126,0.014,0.17,0.032,0.172,0.326,0.038
0.05,0.852,0.0,0.0,0.0,0.05,0.74,0.052,0.0,0.0,0.058,0.314,0.148,0.0,0.0,0.122,0.096,0.432,0.014,0.0,0.142,0.036,0.392,0.094,0.0,0.154,0.014,0.172,0.336,0.0
0.05,0.852,0.0,0.0,0.0,0.054,0.68,0.058,0.0,0.0,0.074,0.268,0.184,0.0,0.0,0.144,0.064,0.392,0.032,0.008,0.188,0.02,0.218,0.158,0.032,0.212,0.008,0.064,0.424,0.08
0.05,0.852,0.0,0.0,0.0,0.052,0.678,0.044,0.0,0.0,0.082,0.242,0.178,0.0,0.0,0.156,0.09,0.412,0.012,0.0,0.206,0.028,0.282,0.102,0.0,0.218,0.014,0.124,0.368,0.0
0.05,0.852,0.0,0.0,0.0,0.052,0.674,0.064,0.0,0.0,0.07,0.248,0.196,0.0,0.0,0.188,0.076,0.416,0.02,0.0,0.232,0.022,0.352,0.132,0.0,0.256,0.006,0.202,0.35,0.0
0.05,0.852,0.0,0.0,0.0,0.052,0.678,0.064,0.0,0.0,0.076,0.354,0.194,0.0,0.0,0.09,0.154,0.402,0.038,0.008,0.116,0.068,0.312,0.138,0.02,0.128,0.042,0.16,0.37,0.046
0.05,0.852,0.0,0.0,0.0,0.05,0.686,0.06,0.0,0.0,0.08,0.276,0.194,0.0,0.0,0.154,0.116,0.434,0.024,0.0,0.19,0.042,0.368,0.122,0.0,0.206,0.02,0.202,0.34,0.0
0.05,0.852,0.0,0.0,0.0,0.05,0.688,0.06,0.0,0.0,0.072,0.302,0.212,0.0,0.0,0.142,0.11,0.422,0.04,0.0,0.196,0.048,0.306,0.162,0.0,0.21,0.024,0.174,0.392,0.004
0.05,0.852,0.0,0.0,0.0,0.05,0.704,0.06,0.0,0.0,0.064,0.29,0.202,0.0,0.0,0.106,0.084,0.476,0.006,0.0,0.13,0.03,0.414,0.102,0.0,0.144,0.004,0.184,0.356,0.0
0.05,0.852,0.0,0.0,0.0,0.05,0.688,0.056,0.0,0.0,0.066,0.21,0.21,0.0,0.0,0.122,0.044,0.436,0.012,0.0,0.144,0.008,0.302,0.13,0.008,0.152,0.0,0.08,0.402,0.038
0.05,0.852,0.0,0.0,0.0,0.05,0.674,0.056,0.0,0.0,0.08,0.31,0.234,0.0,0.0,0.126,0.128,0.428,0.034,0.0,0.174,0.05,0.358,0.15,0.0,0.188,0.018,0.23,0.376,0.0
0.05,0.852,0.0,0.0,0.0,0.05,0.716,0.06,0.0,0.0,0.066,0.284,0.146,0.0,0.0,0.122,0.088,0.434,0.028,0.0,0.16,0.032,0.362,0.11,0.0,0.186,0.008,0.164,0.354,0.0
0.05,0.852,0.0,0.0,0.0,0.05,0.622,0.058,0.0,0.0,0.082,0.234,0.234,0.0,0.0,0.136,0.09,0.376,0.02,0.01,0.166,0.028,0.21,0.106,0.044,0.176,0.01,0.07,0.344,0.11
0.05,0.852,0.0,0.0,0.0,0.054,0.654,0.064,0.0,0.0,0.07,0.31,0.236,0.0,0.0,0.112,0.112,0.424,0.026,0.0,0.14,0.04,0.36,0.158,0.0,0.156,0.016,0.194,0.38,0.0
0.05,0.852,0.0,0.0,0.0,0.05,0.678,0.062,0.0,0.0,0.062,0.314,0.22,0.0,0.0,0.106,0.096,0.358,0.02,0.0,0.124,0.042,0.27,0.144,0.028,0.13,0.022,0.144,0.396,0.04
0.05,0.852,0.0,0.0,0.0,0.05,0.67,0.046,0.0,0.0,0.062,0.294,0.226,0.0,0.0,0.082,0.09,0.414,0.016,0.002,0.104,0.036,0.286,0.132,0.01,0.11,0.014,0.11,0.388,0.03
0.05,0.852,0.0,0.0,0.0,0.05,0.668,0.054,0.0,0.0,0.07,0.342,0.2,0.0,0.0,0.126,0.162,0.342,0.02,0.002,0.166,0.05,0.286,0.166,0.004,0.192,0.032,0.144,0.368,0.004
0.05,0.852,0.0,0.0,0.0,0.05,0.662,0.064,0.0,0.0,0.064,0.25,0.206,0.0,0.0,0.122,0.074,0.404,0.022,0.004,0.156,0.018,0.256,0.116,0.062,0.162,0.004,0.106,0.32,0.152
0.05,0.852,0.0,0.0,0.0,0.052,0.672,0.046,0.0,0.0,0.088,0.242,0.188,0.0,0.0,0.142,0.068,0.382,0.016,0.004,0.2,0.026,0.28,0.136,0.006,0.204,0.012,0.092,0.382,0.03
0.05,0.852,0.0,0.0,0.0,0.05,0.666,0.048,0.0,0.0,0.07,0.236,0.194,0.0,0.0,0.142,0.068,0.424,0.03,0.008,0.174,0.012,0.234,0.142,0.026,0.186,0.002,0.102,0.392,0.092
0.05,0.852,0.0,0.0,0.0,0.05,0.642,0.06,0.0,0.0,0.084,0.262,0.19,0.0,0.002,0.152,0.106,0.324,0.04,0.016,0.172,0.026,0.23,0.176,0.064,0.184,0.01,0.108,0.378,0.112
0.05,0.852,0.0,0.0,0.0,0.05,0.652,0.058,0.0,0.0,0.078,0.264,0.17,0.0,0.0,0.158,0.1,0.346,0.024,0.006,0.208,0.038,0.238,0.15,0.028,0.218,0.018,0.12,0.36,0.056
0.05,0.852,0.0,0.0,0.0,0.052,0.65,0.06,0.0,0.0,0.066,0.256,0.21,0.0,0.0,0.132,0.09,0.464,0.016,0.0,0.17,0.04,0.362,0.112,0.0,0.182,0.006,0.196,0.348,0.004
0.05,0.852,0.0,0.0,0.0,0.05,0.69,0.058,0.0,0.0,0.066,0.268,0.222,0.0,0.0,0.108,0.096,0.48,0.008,0.0,0.14,0.034,0.376,0.128,0.006,0.144,0.01,0.192,0.35,0.026
0.05,0.852,0.0,0.0,0.0,0.052,0.724,0.066,0.0,0.0,0.062,0.312,0.196,0.0,0.0,0.108,0.1,0.468,0.028,0.0,0.138,0.046,0.444,0.13,0.0,0.144,0.016,0.252,0.362,0.0
0.05,0.852,0.0,0.0,0.0,0.05,0.692,0.058,0.0,0.0,0.072,0.316,0.202,0.0,0.0,0.116,0.114,0.426,0.012,0.0,0.136,0.05,0.358,0.104,0.0,0.146,0.02,0.182,0.324,0.0
0.05,0.852,0.0,0.0,0.0,0.05,0.678,0.06,0.0,0.0,0.068,0.298,0.23,0.0,0.0,0.12,0.116,0.412,0.016,0.0,0.148,0.046,0.346,0.146,0.0,0.164,0.016,0.17,0.378,0.0
0.05,0.852,0.0,0.0,0.0,0.05,0.656,0.054,0.0,0.0,0.066,0.314,0.19,0.0,0.0,0.132,0.124,0.384,0.018,0.0,0.152,0.054,0.266,0.116,0.008,0.168,0.02,0.172,0.362,0.024
0.05,0.852,0.0,0.0,0.0,0.05,0.672,0.058,0.0,0.0,0.062,0.246,0.152,0.0,0.0,0.1,0.068,0.386,0.018,0.006,0.118,0.016,0.186,0.124,0.026,0.124,0.01,0.056,0.358,0.102
0.05,0.852,0.0,0.0,0.0,0.05,0.672,0.062,0.0,0.0,0.06,0.228,0.186,0.0,0.0,0.124,0.07,0.422,0.02,0.0,0.154,0.024,0.288,0.144,0.004,0.168,0.008,0.084,0.404,0.006
0.05,0.852,0.0,0.0,0.0,0.058,0.66,0.054,0.0,0.0,0.074,0.324,0.226,0.0,0.002,0.128,0.15,0.37,0.028,0.004,0.15,0.072,0.3,0.132,0.028,0.156,0.034,0.172,0.326,0.058
0.05,0.852,0.0,0.0,0.0,0.05,0.626,0.054,0.0,0.0,0.072,0.296,0.244,0.0,0.0,0.122,0.126,0.42,0.018,0.002,0.144,0.056,0.37,0.132,0.014,0.162,0.022,0.216,0.308,0.032
0.05,0.852,0.0,0.0,0.0,0.05,0.666,0.066,0.0,0.0,0.06,0.302,0.222,0.0,0.0,0.082,0.104,0.38,0.016,0.01,0.1,0.04,0.268,0.112,0.056,0.102,0.02,0.114,0.294,0.134
0.05,0.852,0.0,0.0,0.0,0.05,0.654,0.068,0.0,0.0,0.072,0.268,0.23,0.0,0.0,0.112,0.096,0.42,0.02,0.004,0.136,0.03,0.33,0.142,0.012,0.148,0.016,0.16,0.38,0.038
0.05,0.852,0.0,0.0,0.0,0.05,0.674,0.054,0.0,0.0,0.064,0.288,0.184,0.0,0.0,0.128,0.09,0.38,0.024,0.0,0.16,0.044,0.32,0.17,0.0,0.17,0.01,0.128,0.384,0.0
0.05,0.852,0.0,0.0,0.0,0.05,0.71,0.072,0.0,0.0,0.06,0.32,0.222,0.0,0.0,0.076,0.108,0.436,0.016,0.004,0.096,0.036,0.386,0.114,0.024,0.104,0.01,0.198,0.3,0.064
0.05,0.852,0.0,0.0,0.0,0.05,0.684,0.068,0.0,0.0,0.076,0.302,0.212,0.0,0.0,0.174,0.126,0.398,0.02,0.0,0.21,0.032,0.356,0.13,0.0,0.236,0.014,0.222,0.314,0.0
0.05,0.852,0.0,0.0,0.0,0.054,0.66,0.04,0.0,0.0,0.076,0.226,0.182,0.0,0.0,0.144,0.088,0.376,0.016,0.006,0.176,0.028,0.196,0.102,0.028,0.186,0.016,0.102,0.372,0.076
0.05,0.852,0.0,0.0,0.0,0.05,0.68,0.058,0.0,0.0,0.066,0.3,0.19,0.0,0.0,0.106,0.11,0.412,0.03,0.0,0.134,0.038,0.304,0.142,0.006,0.138,0.018,0.164,0.394,0.026
0.05,0.852,0.0,0.0,0.0,0.05,0.674,0.07,0.0,0.0,0.066,0.336,0.22,0.0,0.0,0.106,0.16,0.386,0.03,0.006,0.128,0.082,0.334,0.12,0.03,0.134,0.032,0.178,0.316,0.058
0.05,0.852,0.0,0.0,0.0,0.05,0.716,0.06,0.0,0.0,0.064,0.296,0.198,0.0,0.0,0.12,0.076,0.442,0.014,0.004,0.174,0.022,0.434,0.078,0.018,0.194,0.014,0.23,0.25,0.042
0.05,0.852,0.0,0.0,0.0,0.052,0.64,0.048,0.0,0.0,0.09,0.264,0.186,0.0,0.0,0.172,0.116,0.392,0.026,0.0,0.22,0.05,0.318,0.13,0.0,0.244,0.026,0.136,0.346,0.0
0.05,0.852,0.0,0.0,0.0,0.05,0.688,0.06,0.0,0.0,0.064,0.31,0.228,0.0,0.0,0.114,0.128,0.45,0.014,0.0,0.138,0.052,0.406,0.138,0.0,0.162,0.028,0.232,0.35,0.0
0.05,0.852,0.0,0.0,0.0,0.052,0.676,0.048,0.0,0.0,0.076,0.308,0.192,0.0,0.0,0.162,0.122,0.362,0.028,0.0,0.198,0.048,0.306,0.124,0.004,0.222,0.016,0.146,0.354,0.006
0.05,0.852,0.0,0.0,0.0,0.052,0.66,0.056,0.0,0.0,0.078,0.254,0.206,0.0,0.0,0.15,0.076,0.418,0.02,0.0,0.19,0.026,0.314,0.134,0.0,0.198,0.006,0.156,0.382,0.0
0.05,0.852,0.0,0.0,0.0,0.05,0.684,0.06,0.0,0.0,0.056,0.3,0.21,0.0,0.0,0.072,0.096,0.378,0.024,0.008,0.098,0.024,0.274,0.146,0.03,0.104,0.016,0.126,0.386,0.068
0.05,0.852,0.0,0.0,0.0,0.05,0.62,0.05,0.0,0.0,0.064,0.236,0.218,0.0,0.0,0.118,0.076,0.408,0.014,0.004,0.14,0.028,0.244,0.114,0.014,0.152,0.006,0.102,0.36,0.042
0.05,0.852,0.0,0.0,0.0,0.054,0.598,0.054,0.0,0.0,0.08,0.256,0.236,0.0,0.0,0.17,0.104,0.392,0.022,0.008,0.216,0.038,0.256,0.132,0.056,0.23,0.016,0.098,0.288,0.124
0.05,0.852,0.0,0.0,0.0,0.05,0.66,0.058,0.0,0.0,0.062,0.24,0.246,0.0,0.0,0.118,0.086,0.438,0.014,0.006,0.162,0.024,0.332,0.086,0.042,0.176,0.004,0.184,0.264,0.112
0.05,0.852,0.0,0.0,0.0,0.05,0.662,0.052,0.0,0.0,0.08,0.23,0.19,0.0,0.0,0.17,0.044,0.366,0.022,0.008,0.21,0.016,0.236,0.152,0.038,0.22,0.004,0.104,0.346,0.094
0.05,0.852,0.0,0.0,0.0,0.052,0.652,0.068,0.0,0.0,0.072,0.302,0.222,0.002,0.0,0.134,0.132,0.412,0.034,0.0,0.182,0.062,0.334,0.146,0.0,0.204,0.028,0.172,0.358,0.0
0.05,0.852,0.0,0.0,0.0,0.052,0.658,0.056,0.0,0.0,0.072,0.188,0.188,0.0,0.0,0.14,0.06,0.448,0.016,0.0,0.16,0.012,0.282,0.122,0.008,0.178,0.004,0.094,0.378,0.024
0.05,0.852,0.0,0.0,0.0,0.052,0.704,0.05,0.0,0.0,0.066,0.286,0.174,0.0,0.0,0.118,0.11,0.434,0.028,0.0,0.158,0.042,0.348,0.124,0.0,0.17,0.016,0.142,0.374,0.0
0.05,0.852,0.0,0.0,0.0,0.05,0.652,0.062,0.0,0.0,0.07,0.318,0.208,0.0,0.0,0.114,0.134,0.406,0.02,0.002,0.138,0.048,0.304,0.12,0.002,0.154,0.024,0.192,0.36,0.006
0.05,0.852,0.0,0.0,0.0,0.052,0.728,0.048,0.0,0.0,0.062,0.312,0.158,0.0,0.0,0.134,0.12,0.424,0.024,0.0,0.178,0.054,0.348,0.124,0.0,0.196,0.016,0.158,0.392,0.0
0.05,0.852,0.0,0.0,0.0,0.052,0.65,0.052,0.0,0.0,0.084,0.246,0.242,0.0,0.0,0.158,0.102,0.428,0.028,0.0,0.188,0.046,0.322,0.148,0.0,0.208,0.018,0.152,0.38,0.0
0.05,0.852,0.0,0.0,0.0,0.052,0.636,0.064,0.0,0.0,0.086,0.26,0.238,0.0,0.0,0.152,0.082,0.428,0.022,0.0,0.192,0.024,0.34,0.16,0.0,0.208,0.01,0.194,0.358,0.0
0.05,0.852,0.0,0.0,0.0,0.05,0.7,0.064,0.0,0.0,0.062,0.294,0.21,0.0,0.0,0.09,0.116,0.438,0.022,0.004,0.106,0.054,0.346,0.14,0.028,0.116,0.018,0.188,0.356,0.064
0.05,0.852,0.0,0.0,0.0,0.05,0.674,0.056,0.0,0.0,0.066,0.252,0.164,0.0,0.0,0.14,0.05,0.352,0.024,0.022,0.192,0.01,0.206,0.136,0.062,0.212,0.002,0.064,0.366,0.128
0.05,0.852,0.0,0.0,0.0,0.052,0.59,0.07,0.0,0.0,0.08,0.212,0.28,0.0,0.0,0.142,0.072,0.392,0.026,0.006,0.192,0.026,0.222,0.148,0.038,0.2,0.01,0.092,0.372,0.122
0.05,0.852,0.0,0.0,0.0,0.052,0.66,0.064,0.0,0.0,0.066,0.264,0.184,0.0,0.0,0.122,0.088,0.394,0.012,0.004,0.162,0.036,0.258,0.112,0.018,0.172,0.012,0.094,0.346,0.038
0.05,0.852,0.0,0.0,0.0,0.052,0.698,0.056,0.0,0.0,0.068,0.328,0.17,0.0,0.0,0.102,0.126,0.374,0.014,0.006,0.13,0.036,0.244,0.13,0.012,0.144,0.018,0.118,0.384,0.026
0.05,0.852,0.0,0.0,0.0,0.05,0.672,0.068,0.0,0.0,0.074,0.3,0.226,0.0,0.0,0.13,0.134,0.408,0.02,0.0,0.16,0.062,0.378,0.146,0.0,0.182,0.03,0.216,0.346,0.0
0.05,0.852,0.0,0.0,0.0,0.05,0.672,0.052,0.0,0.0,0.072,0.312,0.2,0.0,0.0,0.114,0.112,0.402,0.024,0.0,0.154,0.036,0.36,0.168,0.0,0.17,0.014,0.206,0.37,0.0
0.05,0.852,0.0,0.0,0.0,0.05,0.696,0.056,0.0,0.0,0.074,0.3,0.174,0.0,0.0,0.132,0.112,0.438,0.026,0.0,0.178,0.03,0.392,0.124,0.0,0.198,0.014,0.282,0.334,0.0
0.05,0.852,0.0,0.0,0.0,0.05,0.654,0.056,0.0,0.0,0.084,0.326,0.216,0.0,0.0,0.112,0.144,0.41,0.036,0.0,0.156,0.046,0.354,0.168,0.0,0.176,0.022,0.206,0.368,0.0
0.05,0.852,0.0,0.0,0.0,0.054,0.674,0.058,0.0,0.0,0.074,0.29,0.218,0.0,0.0,0.112,0.104,0.44,0.042,0.0,0.132,0.04,0.418,0.172,0.0,0.14,0.008,0.252,0.38,0.0
0.05,0.852,0.0,0.0,0.0,0.05,0.648,0.058,0.0,0.0,0.066,0.234,0.226,0.0,0.0,0.12,0.056,0.402,0.026,0.012,0.144,0.014,0.248,0.132,0.064,0.154,0.008,0.094,0.352,0.144
0.05,0.852,0.0,0.0,0.0,0.052,0.678,0.048,0.0,0.0,0.072,0.288,0.238,0.0,0.0,0.144,0.102,0.44,0.022,0.0,0.182,0.036,0.436,0.12,0.0,0.212,0.012,0.268,0.304,0.002
0.05,0.852,0.0,0.0,0.0,0.05,0.636,0.056,0.0,0.0,0.07,0.27,0.204,0.0,0.0,0.138,0.094,0.33,0.02,0.01,0.162,0.03,0.194,0.124,0.046,0.176,0.01,0.078,0.332,0.11
0.05,0.852,0.0,0.0,0.0,0.052,0.7,0.05,0.0,0.0,0.066,0.262,0.164,0.0,0.0,0.142,0.058,0.432,0.024,0.0,0.194,0.01,0.398,0.124,0.0,0.21,0.004,0.19,0.37,0.0
0.05,0.852,0.0,0.0,0.0,0.05,0.602,0.058,0.0,0.0,0.08,0.234,0.258,0.0,0.0,0.13,0.09,0.418,0.022,0.012,0.158,0.036,0.232,0.128,0.038,0.164,0.012,0.126,0.372,0.08
0.05,0.852,0.0,0.0,0.0,0.05,0.688,0.056,0.0,0.0,0.066,0.296,0.182,0.0,0.0,0.114,0.1,0.428,0.012,0.0,0.142,0.03,0.348,0.082,0.006,0.15,0.01,0.154,0.284,0.026
0.05,0.852,0.0,0.0,0.0,0.054,0.646,0.046,0.0,0.0,0.08,0.284,0.218,0.0,0.0,0.132,0.12,0.406,0.018,0.0,0.154,0.044,0.302,0.13,0.0,0.156,0.016,0.152,0.344,0.0
0.05,0.852,0.0,0.0,0.0,0.052,0.634,0.066,0.0,0.0,0.076,0.274,0.236,0.0,0.0,0.144,0.094,0.424,0.018,0.0,0.176,0.028,0.332,0.148,0.0,0.196,0.012,0.188,0.384,0.0
0.05,0.852,0.0,0.0,0.0,0.052,0.634,0.054,0.0,0.0,0.078,0.288,0.218,0.0,0.0,0.142,0.104,0.396,0.024,0.0,0.186,0.04,0.302,0.134,0.0,0.192,0.026,0.182,0.362,0.0
0.05,0.852,0.0,0.0,0.0,0.05,0.626,0.048,0.0,0.0,0.08,0.198,0.214,0.0,0.0,0.146,0.078,0.414,0.01,0.004,0.166,0.036,0.218,0.114,0.02,0.172,0.01,0.078,0.35,0.05
0.05,0.852,0.0,0.0,0.0,0.052,0.744,0.062,0.0,0.0,0.072,0.358,0.14,0.0,0.0,0.1,0.132,0.344,0.026,0.002,0.144,0.044,0.276,0.126,0.022,0.158,0.014,0.126,0.362,0.058
0.05,0.852,0.0,0.0,0.0,0.05,0.662,0.054,0.0,0.0,0.068,0.322,0.212,0.0,0.0,0.132,0.152,0.424,0.018,0.0,0.158,0.068,0.372,0.126,0.002,0.178,0.03,0.26,0.348,0.004
0.05,0.852,0.0,0.0,0.0,0.05,0.682,0.056,0.0,0.0,0.072,0.27,0.176,0.0,0.0,0.138,0.086,0.418,0.034,0.0,0.172,0.022,0.374,0.168,0.0,0.188,0.002,0.174,0.41,0.0
0.05,0.852,0.0,0.0,0.0,0.05,0.682,0.048,0.0,0.0,0.074,0.284,0.182,0.0,0.0,0.16,0.108,0.394,0.024,0.0,0.202,0.038,0.31,0.134,0.0,0.212,0.012,0.168,0.386,0.0
0.05,0.852,0.0,0.0,0.0,0.05,0.698,0.062,0.0,0.0,0.07,0.328,0.186,0.0,0.0,0.126,0.148,0.406,0.02,0.0,0.152,0.084,0.334,0.13,0.0,0.158,0.04,0.15,0.38,0.0
0.05,0.852,0.0,0.0,0.0,0.05,0.68,0.064,0.0,0.0,0.07,0.278,0.23,0.0,0.0,0.12,0.104,0.464,0.02,0.0,0.14,0.034,0.362,0.162,0.0,0.156,0.01,0.188,0.414,0.0
0.05,0.852,0.0,0.0,0.0,0.05,0.718,0.05,0.0,0.0,0.062,0.302,0.166,0.0,0.0,0.1,0.088,0.406,0.032,0.0,0.122,0.03,0.358,0.132,0.0,0.13,0.014,0.154,0.362,0.0
0.05,0.852,0.0,0.0,0.0,0.052,0.64,0.046,0.0,0.0,0.07,0.288,0.208,0.0,0.0,0.098,0.092,0.386,0.02,0.004,0.11,0.026,0.26,0.14,0.012,0.12,0.012,0.102,0.398,0.032
0.05,0.852,0.0,0.0,0.0,0.05,0.644,0.06,0.0,0.0,0.068,0.248,0.238,0.0,0.0,0.132,0.074,0.438,0.014,0.0,0.17,0.014,0.34,0.138,0.0,0.172,0.002,0.166,0.38,0.0
0.05,0.852,0.0,0.0,0.0,0.05,0.648,0.052,0.0,0.0,0.058,0.24,0.242,0.0,0.0,0.088,0.08,0.436,0.014,0.004,0.1,0.028,0.268,0.116,0.032,0.102,0.008,0.094,0.35,0.102
0.05,0.852,0.0,0.0,0.0,0.05,0.654,0.06,0.0,0.0,0.072,0.232,0.242,0.0,0.0,0.124,0.09,0.428,0.002,0.0,0.152,0.024,0.282,0.116,0.0,0.174,0.01,0.128,0.382,0.0
0.05,0.852,0.0,0.0,0.0,0.052,0.638,0.052,0.0,0.0,0.086,0.23,0.24,0.0,0.0,0.13,0.084,0.484,0.024,0.0,0.148,0.028,0.384,0.13,0.0,0.162,0.006,0.198,0.36,0.0
0.05,0.852,0.0,0.0,0.0,0.054,0.64,0.044,0.0,0.0,0.066,0.262,0.248,0.0,0.0,0.102,0.112,0.406,0.008,0.002,0.136,0.044,0.264,0.122,0.024,0.148,0.018,0.128,0.35,0.058
0.05,0.852,0.0,0.0,0.0,0.052,0.636,0.06,0.0,0.0,0.07,0.276,0.224,0.0,0.0,0.13,0.102,0.418,0.016,0.0,0.166,0.034,0.308,0.12,0.0,0.184,0.01,0.15,0.38,0.004
0.05,0.852,0.0,0.0,0.0,0.052,0.642,0.044,0.0,0.0,0.078,0.242,0.202,0.0,0.0,0.166,0.094,0.396,0.022,0.0,0.232,0.032,0.286,0.118,0.002,0.264,0.008,0.12,0.322,0.004
0.05,0.852,0.0,0.0,0.0,0.05,0.674,0.062,0.0,0.0,0.07,0.316,0.23,0.0,0.0,0.108,0.128,0.426,0.02,0.0,0.136,0.044,0.398,0.148,0.0,0.148,0.03,0.25,0.352,0.0
0.05,0.852,0.0,0.0,0.0,0.05,0.728,0.058,0.0,0.0,0.066,0.3,0.164,0.0,0.0,0.14,0.078,0.424,0.036,0.0,0.19,0.026,0.372,0.142,0.0,0.204,0.006,0.19,0.386,0.0
0.05,0.852,0.0,0.0,0.0,0.05,0.654,0.058,0.0,0.0,0.064,0.262,0.202,0.0,0.0,0.124,0.086,0.428,0.018,0.0,0.178,0.016,0.288,0.13,0.0,0.196,0.002,0.12,0.41,0.0
0.05,0.852,0.0,0.0,0.0,0.052,0.678,0.058,0.0,0.0,0.068,0.298,0.232,0.0,0.0,0.102,0.112,0.442,0.02,0.0,0.128,0.036,0.336,0.142,0.006,0.138,0.016,0.178,0.37,0.014
0.05,0.852,0.0,0.0,0.0,0.05,0.69,0.054,0.0,0.0,0.06,0.296,0.222,0.0,0.0,0.094,0.118,0.386,0.028,0.006,0.116,0.028,0.302,0.148,0.04,0.122,0.008,0.154,0.35,0.084
0.05,0.852,0.0,0.0,0.0,0.05,0.664,0.052,0.0,0.0,0.09,0.304,0.194,0.0,0.0,0.146,0.098,0.368,0.03,0.0,0.188,0.032,0.306,0.17,0.0,0.198,0.014,0.162,0.398,0.0
0.05,0.852,0.0,0.0,0.0,0.05,0.674,0.066,0.0,0.0,0.062,0.246,0.222,0.0,0.0,0.144,0.086,0.462,0.024,0.0,0.17,0.026,0.416,0.142,0.0,0.176,0.006,0.256,0.364,0.0
0.05,0.852,0.0,0.0,0.0,0.052,0.64,0.048,0.0,0.0,0.074,0.258,0.24,0.0,0.0,0.128,0.086,0.396,0.012,0.002,0.152,0.016,0.298,0.142,0.006,0.16,0.004,0.142,0.376,0.01
0.05,0.852,0.0,0.0,0.0,0.052,0.7,0.056,0.0,0.0,0.066,0.296,0.172,0.0,0.0,0.152,0.102,0.374,0.034,0.0,0.192,0.028,0.348,0.156,0.0,0.206,0.01,0.16,0.392,0.0
0.05,0.852,0.0,0.0,0.0,0.05,0.69,0.064,0.0,0.0,0.06,0.266,0.21,0.0,0.0,0.12,0.064,0.464,0.02,0.0,0.174,0.022,0.438,0.13,0.0,0.19,0.004,0.21,0.352,0.0
0.05,0.852,0.0,0.0,0.0,0.05,0.68,0.056,0.0,0.0,0.086,0.27,0.214,0.0,0.0,0.144,0.094,0.462,0.018,0.0,0.174,0.028,0.43,0.124,0.0,0.188,0.006,0.258,0.344,0.0
0.05,0.852,0.0,0.0,0.0,0.05,0.67,0.056,0.0,0.0,0.066,0.288,0.2,0.0,0.0,0.114,0.086,0.416,0.02,0.0,0.142,0.026,0.316,0.108,0.0,0.15,0.01,0.16,0.366,0.0
0.05,0.852,0.0,0.0,0.0,0.05,0.676,0.044,0.0,0.0,0.08,0.29,0.196,0.0,0.0,0.138,0.09,0.438,0.016,0.0,0.19,0.024,0.312,0.114,0.0,0.22,0.004,0.14,0.408,0.0
0.05,0.852,0.0,0.0,0.0,0.05,0.642,0.064,0.0,0.0,0.076,0.244,0.24,0.0,0.0,0.132,0.082,0.476,0.022,0.0,0.144,0.022,0.394,0.124,0.0,0.158,0.01,0.218,0.368,0.0
0.05,0.852,0.0,0.0,0.0,0.054,0.682,0.062,0.0,0.0,0.072,0.236,0.172,0.0,0.0,0.17,0.058,0.438,0.028,0.0,0.194,0.012,0.338,0.146,0.01,0.212,0.006,0.138,0.382,0.018
0.05,0.852,0.0,0.0,0.0,0.052,0.676,0.058,0.0,0.0,0.062,0.268,0.238,0.0,0.0,0.078,0.086,0.432,0.016,0.006,0.088,0.02,0.278,0.14,0.036,0.094,0.01,0.1,0.388,0.07
0.05,0.852,0.0,0.0,0.0,0.05,0.726,0.056,0.0,0.0,0.06,0.28,0.168,0.0,0.0,0.122,0.07,0.446,0.024,0.0,0.176,0.008,0.4,0.118,0.0,0.19,0.004,0.176,0.382,0.002
0.05,0.852,0.0,0.0,0.0,0.05,0.658,0.062,0.0,0.0,0.078,0.29,0.242,0.0,0.0,0.136,0.106,0.426,0.008,0.004,0.166,0.044,0.398,0.102,0.016,0.18,0.026,0.268,0.3,0.028
0.05,0.852,0.0,0.0,0.0,0.05,0.704,0.064,0.0,0.0,0.062,0.304,0.194,0.0,0.0,0.124,0.092,0.416,0.032,0.0,0.16,0.042,0.4,0.124,0.0,0.176,0.016,0.23,0.36,0.0
0.05,0.852,0.0,0.0,0.0,0.052,0.654,0.05,0.0,0.0,0.084,0.264,0.198,0.0,0.0,0.16,0.086,0.404,0.016,0.0,0.196,0.036,0.346,0.11,0.0,0.2,0.018,0.12,0.312,0.0
0.05,0.852,0.0,0.0,0.0,0.05,0.688,0.04,0.0,0.0,0.07,0.314,0.172,0.0,0.0,0.14,0.12,0.376,0.024,0.0,0.182,0.036,0.324,0.134,0.002,0.198,0.012,0.206,0.368,0.004
0.05,0.852,0.0,0.0,0.0,0.052,0.668,0.048,0.0,0.0,0.064,0.306,0.208,0.0,0.0,0.11,0.116,0.346,0.008,0.002,0.146,0.036,0.264,0.094,0.04,0.152,0.012,0.132,0.298,0.086
0.05,0.852,0.0,0.0,0.0,0.052,0.674,0.066,0.0,0.0,0.076,0.316,0.198,0.0,0.0,0.162,0.114,0.376,0.014,0.0,0.206,0.032,0.372,0.108,0.0,0.246,0.016,0.236,0.306,0.0
0.05,0.852,0.0,0.0,0.0,0.054,0.658,0.046,0.0,0.0,0.078,0.324,0.186,0.0,0.0,0.126,0.152,0.328,0.016,0.004,0.158,0.06,0.22,0.126,0.024,0.182,0.038,0.106,0.336,0.058
0.05,0.852,0.0,0.0,0.0,0.05,0.736,0.044,0.0,0.0,0.058,0.298,0.16,0.0,0.0,0.112,0.068,0.404,0.012,0.0,0.154,0.02,0.394,0.114,0.0,0.164,0.006,0.144,0.352,0.0
0.05,0.852,0.0,0.0,0.0,0.052,0.686,0.056,0.0,0.0,0.064,0.344,0.188,0.0,0.0,0.09,0.126,0.362,0.026,0.002,0.114,0.05,0.28,0.144,0.024,0.138,0.024,0.126,0.372,0.052
0.05,0.852,0.0,0.0,0.0,0.05,0.624,0.064,0.0,0.0,0.088,0.226,0.238,0.0,0.0,0.148,0.088,0.44,0.028,0.0,0.202,0.03,0.324,0.148,0.0,0.224,0.012,0.156,0.376,0.0
0.05,0.852,0.0,0.0,0.0,0.052,0.644,0.046,0.0,0.0,0.09,0.292,0.202,0.0,0.0,0.146,0.114,0.304,0.038,0.018,0.182,0.046,0.184,0.172,0.054,0.198,0.024,0.086,0.368,0.128
0.05,0.852,0.0,0.0,0.0,0.05,0.674,0.06,0.0,0.0,0.076,0.286,0.202,0.0,0.0,0.118,0.114,0.424,0.014,0.0,0.154,0.048,0.314,0.132,0.0,0.162,0.02,0.17,0.37,0.0
0.05,0.852,0.0,0.0,0.0,0.05,0.696,0.048,0.0,0.0,0.07,0.308,0.154,0.0,0.0,0.138,0.114,0.41,0.026,0.0,0.168,0.04,0.328,0.116,0.0,0.178,0.014,0.162,0.328,0.0
0.05,0.852,0.0,0.0,0.0,0.05,0.618,0.064,0.0,0.0,0.072,0.228,0.234,0.0,0.0,0.122,0.088,0.45,0.028,0.012,0.142,0.024,0.242,0.122,0.046,0.146,0.006,0.118,0.354,0.116
0.05,0.852,0.0,0.0,0.0,0.05,0.67,0.06,0.0,0.0,0.086,0.316,0.244,0.0,0.0,0.148,0.098,0.396,0.016,0.0,0.192,0.034,0.4,0.136,0.0,0.214,0.01,0.268,0.314,0.0
0.05,0.852,0.0,0.0,0.0,0.05,0.664,0.058,0.0,0.0,0.074,0.326,0.224,0.0,0.0,0.104,0.132,0.396,0.018,0.002,0.132,0.048,0.352,0.142,0.012,0.138,0.02,0.198,0.342,0.032
0.05,0.852,0.0,0.0,0.0,0.05,0.702,0.056,0.0,0.0,0.062,0.354,0.184,0.0,0.0,0.102,0.11,0.35,0.04,0.0,0.146,0.034,0.39,0.168,0.0,0.162,0.016,0.188,0.364,0.0
0.05,0.852,0.0,0.0,0.0,0.05,0.732,0.056,0.0,0.0,0.066,0.304,0.176,0.0,0.0,0.14,0.088,0.414,0.014,0.0,0.192,0.044,0.37,0.126,0.0,0.21,0.022,0.18,0.358,0.0
0.05,0.852,0.0,0.0,0.0,0.05,0.688,0.054,0.0,0.0,0.08,0.294,0.198,0.0,0.0,0.126,0.11,0.448,0.028,0.0,0.17,0.026,0.358,0.128,0.0,0.182,0.014,0.202,0.4,0.0
0.05,0.852,0.0,0.0,0.0,0.052,0.688,0.06,0.0,0.0,0.068,0.25,0.178,0.0,0.0,0.15,0.068,0.42,0.028,0.0,0.194,0.018,0.368,0.116,0.0,0.214,0.008,0.164,0.344,0.0
0.05,0.852,0.0,0.0,0.0,0.052,0.658,0.05,0.0,0.0,0.066,0.262,0.22,0.0,0.0,0.13,0.114,0.402,0.018,0.0,0.16,0.044,0.276,0.122,0.008,0.176,0.028,0.148,0.332,0.038
0.05,0.852,0.0,0.0,0.0,0.05,0.656,0.068,0.0,0.0,0.074,0.282,0.214,0.0,0.0,0.134,0.116,0.43,0.028,0.0,0.164,0.04,0.38,0.156,0.0,0.17,0.02,0.226,0.378,0.0
0.05,0.852,0.0,0.0,0.0,0.052,0.678,0.056,0.0,0.0,0.078,0.286,0.184,0.0,0.0,0.148,0.114,0.432,0.028,0.0,0.21,0.036,0.34,0.124,0.0,0.23,0.01,0.216,0.336,0.0
0.05,0.852,0.0,0.0,0.0,0.05,0.696,0.066,0.0,0.0,0.068,0.288,0.198,0.0,0.0,0.12,0.088,0.45,0.036,0.0,0.166,0.022,0.422,0.14,0.0,0.176,0.006,0.248,0.374,0.0
0.05,0.852,0.0,0.0,0.0,0.052,0.654,0.054,0.0,0.0,0.07,0.256,0.204,0.0,0.0,0.17,0.074,0.398,0.032,0.006,0.224,0.02,0.336,0.12,0.018,0.242,0.006,0.16,0.312,0.04
0.05,0.852,0.0,0.0,0.0,0.052,0.63,0.048,0.0,0.0,0.094,0.256,0.21,0.0,0.0,0.162,0.102,0.402,0.006,0.0,0.196,0.034,0.3,0.116,0.002,0.208,0.01,0.152,0.332,0.01
0.05,0.852,0.0,0.0,0.0,0.05,0.654,0.044,0.0,0.0,0.07,0.26,0.192,0.0,0.0,0.118,0.084,0.438,0.004,0.0,0.138,0.024,0.344,0.1,0.0,0.15,0.006,0.158,0.326,0.0
0.05,0.852,0.0,0.0,0.0,0.052,0.692,0.062,0.0,0.0,0.06,0.3,0.168,0.0,0.0,0.098,0.1,0.386,0.014,0.0,0.116,0.036,0.348,0.122,0.022,0.12,0.012,0.156,0.324,0.038
0.05,0.852,0.0,0.0,0.0,0.05,0.664,0.048,0.0,0.0,0.068,0.28,0.22,0.0,0.0,0.124,0.086,0.466,0.012,0.0,0.16,0.036,0.424,0.11,0.0,0.168,0.014,0.224,0.302,0.0
0.05,0.852,0.0,0.0,0.0,0.052,0.662,0.048,0.0,0.0,0.074,0.272,0.212,0.0,0.0,0.138,0.086,0.4,0.02,0.0,0.168,0.024,0.318,0.178,0.0,0.182,0.006,0.144,0.416,0.0
0.05,0.852,0.0,0.0,0.0,0.054,0.704,0.058,0.0,0.0,0.07,0.34,0.186,0.0,0.0,0.126,0.128,0.38,0.022,0.0,0.176,0.034,0.322,0.14,0.0,0.194,0.014,0.196,0.38,0.0
0.05,0.852,0.0,0.0,0.0,0.05,0.654,0.062,0.0,0.0,0.082,0.3,0.218,0.0,0.0,0.13,0.128,0.398,0.03,0.002,0.168,0.042,0.284,0.152,0.002,0.19,0.018,0.188,0.364,0.012
0.05,0.852,0.0,0.0,0.0,0.05,0.722,0.064,0.0,0.0,0.062,0.33,0.186,0.0,0.0,0.106,0.14,0.4,0.02,0.014,0.134,0.056,0.306,0.108,0.052,0.146,0.026,0.186,0.304,0.116
0.05,0.852,0.0,0.0,0.0,0.05,0.666,0.058,0.0,0.0,0.06,0.286,0.224,0.002,0.0,0.072,0.116,0.422,0.03,0.0,0.084,0.034,0.32,0.152,0.038,0.096,0.008,0.142,0.344,0.112
0.05,0.852,0.0,0.0,0.0,0.052,0.674,0.064,0.0,0.0,0.072,0.34,0.198,0.0,0.0,0.134,0.144,0.358,0.03,0.0,0.178,0.076,0.324,0.15,0.0,0.192,0.038,0.178,0.368,0.0
0.05,0.852,0.0,0.0,0.0,0.05,0.662,0.058,0.0,0.0,0.058,0.282,0.184,0.0,0.0,0.108,0.092,0.382,0.016,0.0,0.138,0.036,0.278,0.114,0.004,0.148,0.012,0.116,0.336,0.012
0.05,0.852,0.0,0.0,0.0,0.05,0.75,0.062,0.0,0.0,0.07,0.314,0.164,0.0,0.0,0.142,0.122,0.414,0.034,0.0,0.19,0.038,0.392,0.132,0.0,0.214,0.028,0.218,0.34,0.0
0.05,0.852,0.0,0.0,0.0,0.052,0.718,0.062,0.0,0.0,0.064,0.272,0.174,0.0,0.0,0.108,0.09,0.476,0.028,0.0,0.142,0.016,0.428,0.13,0.0,0.156,0.004,0.196,0.39,0.0
0.05,0.852,0.0,0.0,0.0,0.05,0.71,0.05,0.0,0.0,0.068,0.268,0.17,0.0,0.0,0.112,0.072,0.428,0.014,0.0,0.136,0.03,0.32,0.108,0.012,0.142,0.006,0.106,0.366,0.03
0.05,0.852,0.0,0.0,0.0,0.052,0.666,0.046,0.0,0.0,0.072,0.256,0.21,0.0,0.0,0.138,0.072,0.454,0.018,0.0,0.174,0.016,0.38,0.094,0.016,0.18,0.006,0.184,0.308,0.036
0.05,0.852,0.0,0.0,0.0,0.05,0.63,0.058,0.0,0.0,0.068,0.284,0.238,0.0,0.0,0.13,0.1,0.442,0.01,0.0,0.154,0.034,0.33,0.098,0.0,0.164,0.01,0.184,0.356,0.0
0.05,0.852,0.0,0.0,0.0,0.052,0.686,0.056,0.0,0.0,0.068,0.274,0.208,0.0,0.0,0.118,0.128,0.418,0.014,0.006,0.158,0.046,0.298,0.122,0.058,0.17,0.024,0.178,0.298,0.104
0.05,0.852,0.0,0.0,0.0,0.052,0.674,0.054,0.0,0.0,0.072,0.286,0.208,0.0,0.0,0.132,0.102,0.39,0.02,0.0,0.168,0.042,0.268,0.124,0.02,0.17,0.018,0.136,0.334,0.038
0.05,0.852,0.0,0.0,0.0,0.054,0.704,0.056,0.0,0.0,0.07,0.354,0.182,0.0,0.0,0.12,0.138,0.37,0.026,0.0,0.174,0.048,0.288,0.138,0.002,0.192,0.028,0.154,0.356,0.01
0.05,0.852,0.0,0.0,0.0,0.05,0.688,0.052,0.0,0.0,0.068,0.266,0.192,0.0,0.0,0.142,0.096,0.406,0.034,0.0,0.182,0.034,0.308,0.174,0.0,0.198,0.02,0.106,0.43,0.0
0.05,0.852,0.0,0.0,0.0,0.052,0.682,0.052,0.0,0.0,0.066,0.252,0.18,0.0,0.0,0.134,0.076,0.39,0.01,0.004,0.16,0.026,0.248,0.108,0.018,0.18,0.014,0.092,0.336,0.058
0.05,0.852,0.0,0.0,0.0,0.05,0.698,0.052,0.0,0.0,0.074,0.296,0.184,0.0,0.0,0.14,0.088,0.428,0.032,0.0,0.184,0.016,0.368,0.142,0.0,0.198,0.006,0.188,0.408,0.0
0.05,0.852,0.0,0.0,0.0,0.05,0.672,0.05,0.0,0.0,0.072,0.292,0.172,0.0,0.0,0.126,0.104,0.374,0.012,0.002,0.152,0.026,0.29,0.088,0.034,0.168,0.012,0.11,0.244,0.096
0.05,0.852,0.0,0.0,0.0,0.05,0.658,0.05,0.0,0.0,0.066,0.294,0.188,0.0,0.0,0.124,0.116,0.366,0.024,0.002,0.164,0.052,0.222,0.136,0.02,0.18,0.014,0.086,0.356,0.04
0.05,0.852,0.0,0.0,0.0,0.052,0.686,0.048,0.0,0.0,0.074,0.294,0.184,0.0,0.0,0.138,0.102,0.416,0.03,0.0,0.182,0.048,0.348,0.138,0.0,0.194,0.012,0.152,0.396,0.0
0.05,0.852,0.0,0.0,0.0,0.05,0.646,0.056,0.0,0.0,0.086,0.268,0.214,0.0,0.0,0.154,0.104,0.418,0.024,0.0,0.184,0.052,0.284,0.146,0.006,0.206,0.016,0.142,0.362,0.014
0.05,0.852,0.0,0.0,0.0,0.05,0.668,0.062,0.0,0.0,0.078,0.3,0.178,0.0,0.0,0.138,0.106,0.384,0.022,0.006,0.158,0.042,0.372,0.136,0.012,0.172,0.014,0.194,0.312,0.046
0.05,0.852,0.0,0.0,0.0,0.054,0.656,0.066,0.0,0.0,0.09,0.278,0.19,0.0,0.0,0.152,0.09,0.368,0.034,0.0,0.204,0.034,0.304,0.15,0.0,0.218,0.014,0.15,0.388,0.0
0.05,0.852,0.0,0.0,0.0,0.054,0.66,0.056,0.0,0.0,0.09,0.324,0.202,0.0,0.0,0.15,0.142,0.384,0.034,0.0,0.186,0.06,0.338,0.13,0.0,0.204,0.022,0.214,0.338,0.0
0.05,0.852,0.0,0.0,0.0,0.05,0.68,0.05,0.0,0.0,0.066,0.224,0.158,0.0,0.0,0.142,0.064,0.416,0.024,0.008,0.168,0.012,0.2,0.142,0.04,0.178,0.002,0.096,0.416,0.106
0.05,0.852,0.0,0.0,0.0,0.05,0.626,0.06,0.0,0.0,0.068,0.262,0.21,0.0,0.0,0.112,0.094,0.34,0.026,0.008,0.136,0.032,0.2,0.154,0.04,0.148,0.014,0.074,0.406,0.078
0.05,0.852,0.0,0.0,0.0,0.05,0.672,0.038,0.0,0.0,0.088,0.302,0.162,0.0,0.0,0.152,0.098,0.38,0.01,0.0,0.192,0.022,0.314,0.106,0.012,0.212,0.006,0.172,0.308,0.028
0.05,0.852,0.0,0.0,0.0,0.05,0.64,0.054,0.0,0.0,0.076,0.254,0.19,0.0,0.0,0.148,0.088,0.376,0.026,0.0,0.192,0.024,0.276,0.13,0.0,0.208,0.006,0.114,0.372,0.0
0.05,0.852,0.0,0.0,0.0,0.05,0.67,0.058,0.0,0.0,0.068,0.232,0.196,0.0,0.0,0.162,0.074,0.408,0.022,0.002,0.202,0.022,0.274,0.122,0.014,0.22,0.002,0.126,0.324,0.046
0.05,0.852,0.0,0.0,0.0,0.052,0.642,0.05,0.0,0.0,0.08,0.282,0.194,0.0,0.0,0.146,0.106,0.424,0.02,0.0,0.184,0.036,0.314,0.12,0.0,0.2,0.014,0.168,0.374,0.002
0.05,0.852,0.0,0.0,0.0,0.05,0.664,0.066,0.0,0.0,0.06,0.282,0.21,0.0,0.0,0.122,0.114,0.408,0.028,0.0,0.138,0.036,0.334,0.162,0.0,0.146,0.016,0.146,0.4,0.0
0.05,0.852,0.0,0.0,0.0,0.052,0.692,0.056,0.0,0.0,0.066,0.282,0.16,0.0,0.0,0.124,0.092,0.426,0.02,0.0,0.156,0.038,0.266,0.13,0.0,0.164,0.014,0.094,0.428,0.0
0.05,0.852,0.0,0.0,0.0,0.052,0.716,0.038,0.0,0.0,0.072,0.28,0.148,0.0,0.0,0.144,0.092,0.454,0.02,0.0,0.196,0.018,0.358,0.098,0.0,0.224,0.008,0.122,0.348,0.002
0.05,0.852,0.0,0.0,0.0,0.05,0.686,0.062,0.0,0.0,0.066,0.308,0.17,0.0,0.0,0.138,0.088,0.358,0.016,0.006,0.176,0.032,0.286,0.106,0.02,0.196,0.008,0.14,0.322,0.046
0.05,0.852,0.0,0.0,0.0,0.054,0.64,0.058,0.0,0.0,0.098,0.244,0.206,0.0,0.0,0.184,0.102,0.418,0.022,0.002,0.228,0.036,0.326,0.132,0.006,0.256,0.012,0.2,0.306,0.018
0.05,0.852,0.0,0.0,0.0,0.052,0.66,0.052,0.0,0.0,0.076,0.254,0.218,0.0,0.0,0.102,0.104,0.466,0.034,0.0,0.136,0.03,0.368,0.158,0.0,0.144,0.012,0.18,0.396,0.002
0.05,0.852,0.0,0.0,0.0,0.05,0.67,0.054,0.0,0.0,0.072,0.268,0.206,0.0,0.0,0.142,0.068,0.424,0.014,0.0,0.164,0.028,0.35,0.122,0.004,0.172,0.01,0.142,0.334,0.026
0.05,0.852,0.0,0.0,0.0,0.052,0.668,0.05,0.0,0.0,0.076,0.254,0.204,0.0,0.0,0.144,0.08,0.4,0.016,0.0,0.184,0.034,0.268,0.128,0.0,0.194,0.01,0.128,0.38,0.0
0.05,0.852,0.0,0.0,0.0,0.054,0.646,0.07,0.0,0.0,0.066,0.306,0.246,0.0,0.0,0.104,0.096,0.45,0.022,0.0,0.134,0.038,0.402,0.148,0.0,0.14,0.012,0.232,0.34,0.0
0.05,0.852,0.0,0.0,0.0,0.052,0.686,0.054,0.0,0.0,0.074,0.23,0.17,0.0,0.0,0.178,0.056,0.43,0.024,0.006,0.224,0.01,0.28,0.124,0.028,0.246,0.002,0.108,0.378,0.066
0.05,0.852,0.0,0.0,0.0,0.05,0.652,0.052,0.0,0.0,0.076,0.252,0.242,0.0,0.0,0.118,0.086,0.42,0.008,0.006,0.138,0.03,0.318,0.082,0.034,0.148,0.016,0.152,0.242,0.116
0.05,0.852,0.0,0.0,0.0,0.05,0.664,0.058,0.0,0.0,0.072,0.242,0.202,0.0,0.0,0.186,0.084,0.41,0.028,0.0,0.24,0.028,0.314,0.132,0.006,0.26,0.008,0.14,0.326,0.03
0.05,0.852,0.0,0.0,0.0,0.05,0.696,0.056,0.0,0.0,0.078,0.254,0.16,0.0,0.0,0.14,0.078,0.414,0.012,0.0,0.186,0.024,0.33,0.12,0.0,0.206,0.008,0.102,0.374,0.0
0.05,0.852,0.0,0.0,0.0,0.05,0.67,0.05,0.0,0.0,0.064,0.278,0.216,0.0,0.0,0.096,0.076,0.428,0.01,0.002,0.124,0.03,0.312,0.132,0.026,0.13,0.016,0.116,0.352,0.074
0.05,0.852,0.0,0.0,0.0,0.052,0.696,0.07,0.0,0.0,0.076,0.302,0.198,0.0,0.0,0.124,0.104,0.448,0.028,0.0,0.152,0.028,0.392,0.15,0.0,0.16,0.014,0.204,0.378,0.0
0.05,0.852,0.0,0.0,0.0,0.05,0.684,0.062,0.0,0.0,0.062,0.276,0.204,0.0,0.0,0.114,0.104,0.45,0.034,0.002,0.16,0.046,0.354,0.15,0.002,0.168,0.012,0.202,0.392,0.006
0.05,0.852,0.0,0.0,0.0,0.05,0.654,0.064,0.0,0.0,0.08,0.294,0.21,0.0,0.0,0.142,0.108,0.396,0.02,0.002,0.17,0.048,0.286,0.118,0.006,0.174,0.022,0.148,0.344,0.014
0.05,0.852,0.0,0.0,0.0,0.05,0.654,0.062,0.0,0.0,0.08,0.278,0.2,0.0,0.0,0.148,0.106,0.406,0.036,0.002,0.192,0.048,0.302,0.174,0.014,0.216,0.02,0.15,0.386,0.018
0.05,0.852,0.0,0.0,0.0,0.05,0.612,0.056,0.0,0.0,0.072,0.268,0.262,0.0,0.0,0.102,0.09,0.418,0.022,0.006,0.116,0.032,0.312,0.164,0.03,0.128,0.01,0.13,0.382,0.052
0.05,0.852,0.0,0.0,0.0,0.05,0.662,0.058,0.0,0.0,0.062,0.29,0.25,0.0,0.0,0.12,0.126,0.418,0.024,0.0,0.142,0.048,0.324,0.144,0.002,0.154,0.012,0.182,0.374,0.004
0.05,0.852,0.0,0.0,0.0,0.052,0.638,0.04,0.0,0.0,0.084,0.246,0.198,0.0,0.0,0.136,0.07,0.396,0.014,0.004,0.18,0.024,0.294,0.092,0.024,0.194,0.014,0.126,0.29,0.066
0.05,0.852,0.0,0.0,0.0,0.05,0.698,0.064,0.0,0.0,0.062,0.3,0.206,0.0,0.0,0.128,0.132,0.404,0.03,0.0,0.178,0.042,0.342,0.16,0.0,0.204,0.01,0.184,0.378,0.0
0.05,0.852,0.0,0.0,0.0,0.05,0.698,0.058,0.0,0.0,0.074,0.262,0.2,0.0,0.0,0.162,0.074,0.432,0.028,0.0,0.228,0.032,0.326,0.154,0.0,0.246,0.014,0.134,0.396,0.0
0.05,0.852,0.0,0.0,0.0,0.052,0.634,0.05,0.0,0.0,0.078,0.25,0.196,0.0,0.0,0.144,0.1,0.376,0.006,0.008,0.18,0.042,0.212,0.1,0.044,0.192,0.016,0.09,0.27,0.102
0.05,0.852,0.0,0.0,0.0,0.052,0.656,0.05,0.0,0.0,0.074,0.31,0.2,0.0,0.0,0.116,0.126,0.366,0.018,0.0,0.148,0.06,0.282,0.16,0.002,0.168,0.032,0.13,0.37,0.002
0.05,0.852,0.0,0.0,0.0,0.05,0.676,0.054,0.0,0.0,0.062,0.274,0.23,0.0,0.0,0.108,0.108,0.476,0.026,0.0,0.132,0.044,0.408,0.154,0.0,0.142,0.018,0.19,0.384,0.0
0.05,0.852,0.0,0.0,0.0,0.05,0.676,0.054,0.0,0.0,0.07,0.26,0.202,0.0,0.0,0.144,0.082,0.428,0.016,0.0,0.208,0.032,0.35,0.114,0.002,0.222,0.008,0.14,0.342,0.002
0.05,0.852,0.0,0.0,0.0,0.052,0.672,0.062,0.0,0.0,0.084,0.316,0.198,0.0,0.0,0.138,0.126,0.42,0.028,0.0,0.18,0.066,0.41,0.128,0.0,0.194,0.03,0.248,0.322,0.0
0.05,0.852,0.0,0.0,0.0,0.05,0.664,0.044,0.0,0.0,0.064,0.258,0.194,0.0,0.0,0.12,0.11,0.408,0.014,0.002,0.144,0.03,0.262,0.082,0.022,0.166,0.018,0.128,0.288,0.064
0.05,0.852,0.0,0.0,0.0,0.052,0.668,0.062,0.0,0.0,0.068,0.292,0.21,0.0,0.0,0.112,0.086,0.442,0.018,0.0,0.148,0.028,0.378,0.126,0.0,0.166,0.018,0.168,0.356,0.0
0.05,0.852,0.0,0.0,0.0,0.05,0.668,0.064,0.0,0.0,0.076,0.268,0.194,0.0,0.0,0.194,0.108,0.408,0.024,0.0,0.23,0.03,0.32,0.136,0.0,0.252,0.014,0.18,0.352,0.0
0.05,0.852,0.0,0.0,0.0,0.05,0.67,0.062,0.0,0.0,0.064,0.284,0.224,0.0,0.0,0.1,0.106,0.468,0.026,0.0,0.124,0.038,0.408,0.15,0.0,0.14,0.014,0.238,0.372,0.0
0.05,0.852,0.0,0.0,0.0,0.052,0.698,0.06,0.0,0.0,0.064,0.312,0.182,0.0,0.0,0.11,0.118,0.422,0.032,0.0,0.134,0.038,0.328,0.136,0.0,0.142,0.012,0.19,0.396,0.0
0.05,0.852,0.0,0.0,0.0,0.05,0.648,0.046,0.0,0.0,0.08,0.282,0.212,0.0,0.0,0.156,0.108,0.39,0.022,0.0,0.196,0.046,0.33,0.13,0.0,0.214,0.02,0.18,0.34,0.0
0.05,0.852,0.0,0.0,0.0,0.05,0.718,0.052,0.0,0.0,0.074,0.3,0.158,0.0,0.0,0.146,0.066,0.398,0.024,0.0,0.204,0.008,0.404,0.15,0.0,0.23,0.0,0.204,0.366,0.0
0.05,0.852,0.0,0.0,0.0,0.056,0.666,0.042,0.0,0.0,0.092,0.256,0.214,0.0,0.0,0.168,0.114,0.416,0.024,0.0,0.206,0.048,0.306,0.13,0.0,0.218,0.014,0.16,0.342,0.0
0.05,0.852,0.0,0.0,0.0,0.05,0.608,0.062,0.0,0.0,0.076,0.2,0.248,0.0,0.0,0.16,0.072,0.4,0.014,0.004,0.206,0.032,0.238,0.14,0.046,0.222,0.006,0.092,0.35,0.098
0.05,0.852,0.0,0.0,0.0,0.05,0.612,0.056,0.0,0.0,0.072,0.204,0.214,0.0,0.0,0.17,0.064,0.404,0.022,0.002,0.216,0.018,0.24,0.13,0.032,0.224,0.01,0.108,0.372,0.068
0.05,0.852,0.0,0.0,0.0,0.052,0.638,0.054,0.0,0.0,0.09,0.27,0.192,0.0,0.0,0.164,0.098,0.352,0.012,0.002,0.196,0.024,0.308,0.1,0.032,0.22,0.006,0.136,0.236,0.088
0.05,0.852,0.0,0.0,0.0,0.05,0.676,0.038,0.0,0.0,0.066,0.238,0.208,0.0,0.0,0.134,0.064,0.408,0.008,0.0,0.164,0.018,0.292,0.12,0.0,0.172,0.006,0.114,0.382,0.0
0.05,0.852,0.0,0.0,0.0,0.058,0.622,0.054,0.0,0.0,0.092,0.262,0.238,0.0,0.0,0.124,0.098,0.41,0.028,0.002,0.158,0.03,0.288,0.126,0.016,0.17,0.02,0.16,0.368,0.052
0.05,0.852,0.0,0.0,0.0,0.052,0.654,0.058,0.0,0.0,0.072,0.29,0.234,0.0,0.0,0.146,0.108,0.424,0.032,0.0,0.18,0.044,0.36,0.178,0.0,0.192,0.02,0.21,0.386,0.0
0.05,0.852,0.0,0.0,0.0,0.05,0.686,0.05,0.0,0.0,0.07,0.322,0.208,0.0,0.0,0.118,0.106,0.404,0.01,0.002,0.15,0.042,0.356,0.104,0.014,0.162,0.014,0.164,0.288,0.038
0.05,0.852,0.0,0.0,0.0,0.056,0.618,0.052,0.0,0.0,0.084,0.282,0.252,0.0,0.0,0.12,0.112,0.35,0.022,0.004,0.14,0.044,0.224,0.154,0.044,0.148,0.014,0.112,0.36,0.104
0.05,0.852,0.0,0.0,0.0,0.05,0.648,0.062,0.0,0.0,0.06,0.262,0.206,0.0,0.0,0.116,0.108,0.324,0.026,0.01,0.148,0.046,0.182,0.162,0.04,0.158,0.018,0.086,0.38,0.11
0.05,0.852,0.0,0.0,0.0,0.05,0.674,0.062,0.0,0.0,0.07,0.27,0.206,0.0,0.0,0.162,0.1,0.424,0.016,0.0,0.21,0.042,0.328,0.128,0.0,0.23,0.016,0.154,0.342,0.0
0.05,0.852,0.0,0.0,0.0,0.05,0.656,0.04,0.0,0.0,0.078,0.306,0.198,0.0,0.0,0.132,0.152,0.35,0.012,0.004,0.162,0.058,0.25,0.12,0.044,0.172,0.02,0.12,0.29,0.082
0.05,0.852,0.0,0.0,0.0,0.052,0.656,0.058,0.0,0.0,0.064,0.26,0.24,0.0,0.0,0.134,0.076,0.426,0.016,0.0,0.172,0.022,0.356,0.124,0.0,0.174,0.004,0.172,0.354,0.0
0.05,0.852,0.0,0.0,0.0,0.054,0.68,0.052,0.0,0.0,0.064,0.32,0.196,0.0,0.0,0.124,0.132,0.42,0.03,0.0,0.168,0.056,0.332,0.154,0.0,0.184,0.016,0.152,0.382,0.0
0.05,0.852,0.0,0.0,0.0,0.05,0.754,0.048,0.0,0.0,0.058,0.354,0.152,0.0,0.0,0.108,0.098,0.37,0.026,0.0,0.152,0.03,0.366,0.12,0.0,0.172,0.016,0.172,0.382,0.0
0.05,0.852,0.0,0.0,0.0,0.05,0.69,0.068,0.0,0.0,0.054,0.282,0.22,0.0,0.0,0.096,0.084,0.488,0.014,0.0,0.128,0.018,0.436,0.128,0.0,0.142,0.008,0.232,0.364,0.0
0.05,0.852,0.0,0.0,0.0,0.05,0.648,0.048,0.0,0.0,0.084,0.322,0.208,0.0,0.0,0.142,0.12,0.338,0.036,0.004,0.198,0.052,0.264,0.17,0.02,0.218,0.024,0.134,0.36,0.044
0.05,0.852,0.0,0.0,0.0,0.05,0.69,0.044,0.0,0.0,0.078,0.324,0.158,0.0,0.0,0.172,0.108,0.362,0.036,0.0,0.232,0.026,0.318,0.144,0.0,0.264,0.012,0.144,0.378,0.0
0.05,0.852,0.0,0.0,0.0,0.054,0.64,0.066,0.0,0.0,0.08,0.286,0.258,0.0,0.0,0.12,0.118,0.448,0.008,0.0,0.144,0.046,0.37,0.118,0.0,0.16,0.02,0.186,0.356,0.0
0.05,0.852,0.0,0.0,0.0,0.052,0.662,0.054,0.0,0.0,0.066,0.304,0.2,0.0,0.0,0.118,0.11,0.304,0.014,0.01,0.146,0.03,0.218,0.114,0.056,0.158,0.01,0.092,0.296,0.142
0.05,0.852,0.0,0.0,0.0,0.05,0.706,0.068,0.0,0.0,0.062,0.332,0.194,0.0,0.0,0.084,0.132,0.368,0.02,0.012,0.102,0.034,0.244,0.116,0.042,0.108,0.014,0.128,0.346,0.108
0.05,0.852,0.0,0.0,0.0,0.05,0.674,0.048,0.0,0.0,0.07,0.26,0.182,0.0,0.0,0.112,0.092,0.428,0.004,0.002,0.142,0.022,0.266,0.106,0.012,0.154,0.006,0.144,0.346,0.026
0.05,0.852,0.0,0.0,0.0,0.05,0.668,0.052,0.0,0.0,0.078,0.292,0.21,0.0,0.0,0.142,0.122,0.4,0.014,0.0,0.18,0.036,0.292,0.144,0.0,0.196,0.012,0.158,0.382,0.0
0.05,0.852,0.0,0.0,0.0,0.05,0.708,0.062,0.0,0.0,0.072,0.298,0.184,0.0,0.0,0.118,0.116,0.418,0.036,0.0,0.148,0.052,0.362,0.176,0.0,0.152,0.016,0.15,0.42,0.0
0.05,0.852,0.0,0.0,0.0,0.05,0.712,0.054,0.0,0.0,0.064,0.322,0.194,0.0,0.0,0.086,0.11,0.424,0.024,0.0,0.12,0.04,0.418,0.126,0.0,0.14,0.014,0.184,0.37,0.0
0.05,0.852,0.0,0.0,0.0,0.052,0.64,0.06,0.0,0.0,0.062,0.294,0.24,0.0,0.0,0.13,0.1,0.448,0.02,0.0,0.16,0.036,0.416,0.13,0.0,0.174,0.008,0.276,0.35,0.0
0.05,0.852,0.0,0.0,0.0,0.05,0.73,0.054,0.0,0.0,0.064,0.292,0.192,0.0,0.0,0.098,0.09,0.466,0.016,0.0,0.14,0.028,0.392,0.128,0.0,0.148,0.006,0.19,0.396,0.0
0.05,0.852,0.0,0.0,0.0,0.05,0.684,0.058,0.0,0.0,0.068,0.272,0.18,0.0,0.0,0.152,0.094,0.348,0.018,0.012,0.186,0.028,0.254,0.128,0.038,0.204,0.004,0.124,0.294,0.114
0.05,0.852,0.0,0.0,0.0,0.052,0.64,0.052,0.0,0.0,0.09,0.23,0.218,0.0,0.0,0.178,0.094,0.394,0.02,0.012,0.218,0.044,0.268,0.116,0.048,0.238,0.014,0.13,0.28,0.116
0.05,0.852,0.0,0.0,0.0,0.052,0.708,0.052,0.0,0.0,0.072,0.298,0.144,0.0,0.0,0.134,0.076,0.412,0.03,0.0,0.178,0.03,0.334,0.12,0.002,0.196,0.014,0.146,0.39,0.004
0.05,0.852,0.0,0.0,0.0,0.05,0.774,0.056,0.0,0.0,0.054,0.334,0.142,0.0,0.0,0.094,0.104,0.408,0.024,0.0,0.132,0.032,0.412,0.126,0.0,0.158,0.01,0.216,0.382,0.0
0.05,0.852,0.0,0.0,0.0,0.056,0.636,0.044,0.0,0.0,0.072,0.266,0.244,0.002,0.0,0.146,0.096,0.446,0.022,0.0,0.18,0.046,0.388,0.14,0.0,0.188,0.018,0.196,0.37,0.0
0.05,0.852,0.0,0.0,0.0,0.052,0.642,0.054,0.0,0.0,0.076,0.28,0.258,0.0,0.0,0.108,0.102,0.428,0.022,0.0,0.134,0.044,0.33,0.144,0.0,0.142,0.018,0.17,0.38,0.004
0.05,0.852,0.0,0.0,0.0,0.05,0.67,0.062,0.0,0.0,0.066,0.244,0.186,0.0,0.0,0.108,0.096,0.388,0.03,0.006,0.126,0.026,0.242,0.144,0.026,0.132,0.012,0.088,0.358,0.1
0.05,0.852,0.0,0.0,0.0,0.052,0.692,0.046,0.0,0.0,0.068,0.322,0.184,0.0,0.0,0.126,0.11,0.352,0.02,0.0,0.164,0.046,0.34,0.128,0.0,0.182,0.014,0.166,0.34,0.0
0.05,0.852,0.0,0.0,0.0,0.05,0.69,0.046,0.0,0.0,0.072,0.27,0.192,0.0,0.0,0.104,0.108,0.43,0.016,0.002,0.124,0.03,0.304,0.126,0.004,0.128,0.012,0.142,0.408,0.008
0.05,0.852,0.0,0.0,0.0,0.05,0.692,0.05,0.0,0.0,0.06,0.298,0.198,0.0,0.0,0.122,0.118,0.404,0.02,0.0,0.15,0.044,0.326,0.138,0.002,0.166,0.022,0.142,0.396,0.002
0.05,0.852,0.0,0.0,0.0,0.05,0.674,0.062,0.0,0.0,0.056,0.344,0.22,0.0,0.0,0.098,0.112,0.39,0.012,0.002,0.124,0.036,0.352,0.108,0.008,0.134,0.012,0.178,0.36,0.012
0.05,0.852,0.0,0.0,0.0,0.05,0.678,0.05,0.0,0.0,0.078,0.28,0.188,0.0,0.0,0.16,0.092,0.4,0.022,0.002,0.212,0.024,0.334,0.088,0.014,0.226,0.012,0.18,0.282,0.038
0.05,0.852,0.0,0.0,0.0,0.052,0.66,0.052,0.0,0.0,0.076,0.316,0.194,0.0,0.0,0.136,0.126,0.372,0.014,0.0,0.184,0.054,0.33,0.114,0.0,0.194,0.026,0.15,0.32,0.0
0.05,0.852,0.0,0.0,0.0,0.052,0.592,0.068,0.0,0.0,0.076,0.228,0.28,0.0,0.0,0.114,0.096,0.428,0.02,0.002,0.132,0.034,0.258,0.13,0.034,0.14,0.004,0.128,0.374,0.084
0.05,0.852,0.0,0.0,0.0,0.05,0.698,0.054,0.0,0.0,0.066,0.286,0.214,0.0,0.0,0.106,0.102,0.446,0.012,0.0,0.148,0.036,0.402,0.124,0.0,0.152,0.014,0.214,0.352,0.0
0.05,0.852,0.0,0.0,0.0,0.05,0.654,0.05,0.0,0.0,0.084,0.286,0.198,0.0,0.0,0.138,0.132,0.36,0.022,0.002,0.164,0.062,0.24,0.156,0.01,0.172,0.022,0.126,0.378,0.042
0.05,0.852,0.0,0.0,0.0,0.052,0.694,0.042,0.0,0.0,0.066,0.284,0.176,0.0,0.0,0.12,0.092,0.408,0.0,0.006,0.174,0.028,0.258,0.07,0.036,0.182,0.012,0.122,0.268,0.1
0.05,0.852,0.0,0.0,0.0,0.05,0.648,0.056,0.0,0.0,0.066,0.256,0.206,0.0,0.0,0.14,0.08,0.42,0.014,0.0,0.18,0.018,0.26,0.126,0.0,0.194,0.006,0.112,0.386,0.0
0.05,0.852,0.0,0.0,0.0,0.05,0.676,0.054,0.0,0.0,0.078,0.28,0.172,0.0,0.0,0.17,0.104,0.416,0.028,0.0,0.222,0.046,0.346,0.134,0.0,0.238,0.016,0.172,0.36,0.0
0.05,0.852,0.0,0.0,0.0,0.052,0.648,0.062,0.0,0.0,0.102,0.262,0.228,0.0,0.0,0.182,0.084,0.414,0.03,0.0,0.22,0.032,0.36,0.154,0.0,0.236,0.01,0.226,0.354,0.0
0.05,0.852,0.0,0.0,0.0,0.052,0.64,0.046,0.0,0.0,0.088,0.272,0.196,0.0,0.0,0.146,0.11,0.374,0.02,0.0,0.182,0.048,0.248,0.118,0.016,0.198,0.014,0.11,0.34,0.04
0.05,0.852,0.0,0.0,0.0,0.054,0.654,0.06,0.0,0.0,0.076,0.304,0.206,0.0,0.0,0.128,0.122,0.414,0.024,0.0,0.162,0.054,0.354,0.122,0.0,0.18,0.022,0.202,0.324,0.0
0.05,0.852,0.0,0.0,0.0,0.05,0.612,0.05,0.0,0.0,0.096,0.224,0.224,0.0,0.0,0.14,0.09,0.388,0.014,0.0,0.168,0.04,0.26,0.104,0.016,0.178,0.014,0.116,0.348,0.064
0.05,0.852,0.0,0.0,0.0,0.054,0.642,0.046,0.0,0.0,0.078,0.244,0.242,0.0,0.0,0.114,0.11,0.428,0.012,0.002,0.14,0.048,0.252,0.126,0.024,0.148,0.016,0.13,0.366,0.048
0.05,0.852,0.0,0.0,0.0,0.05,0.688,0.062,0.0,0.0,0.058,0.248,0.154,0.0,0.0,0.108,0.074,0.37,0.022,0.006,0.138,0.01,0.228,0.136,0.026,0.15,0.002,0.076,0.374,0.11
0.05,0.852,0.0,0.0,0.0,0.05,0.664,0.056,0.0,0.0,0.074,0.294,0.202,0.0,0.0,0.154,0.114,0.41,0.028,0.002,0.208,0.034,0.358,0.12,0.004,0.232,0.008,0.264,0.31,0.01
0.05,0.852,0.0,0.0,0.0,0.052,0.69,0.052,0.0,0.0,0.058,0.27,0.184,0.0,0.0,0.104,0.086,0.456,0.016,0.0,0.13,0.032,0.336,0.108,0.0,0.142,0.008,0.14,0.376,0.0
0.05,0.852,0.0,0.0,0.0,0.05,0.742,0.062,0.0,0.0,0.064,0.294,0.144,0.0,0.0,0.122,0.092,0.404,0.028,0.0,0.166,0.026,0.328,0.122,0.0,0.186,0.01,0.128,0.372,0.004
0.05,0.852,0.0,0.0,0.0,0.05,0.634,0.048,0.0,0.0,0.066,0.316,0.216,0.0,0.0,0.156,0.116,0.41,0.03,0.0,0.2,0.04,0.344,0.104,0.0,0.224,0.018,0.206,0.336,0.0
0.05,0.852,0.0,0.0,0.0,0.05,0.664,0.066,0.0,0.0,0.066,0.264,0.216,0.0,0.0,0.11,0.084,0.464,0.014,0.0,0.14,0.026,0.396,0.13,0.0,0.15,0.006,0.22,0.342,0.0
0.05,0.852,0.0,0.0,0.0,0.052,0.658,0.05,0.0,0.0,0.072,0.256,0.22,0.0,0.002,0.13,0.084,0.39,0.014,0.008,0.156,0.02,0.268,0.136,0.048,0.17,0.002,0.096,0.348,0.108
0.05,0.852,0.0,0.0,0.0,0.052,0.656,0.052,0.0,0.0,0.078,0.238,0.212,0.0,0.0,0.15,0.074,0.444,0.014,0.0,0.204,0.022,0.318,0.124,0.002,0.21,0.01,0.138,0.362,0.01
0.05,0.852,0.0,0.0,0.0,0.05,0.708,0.062,0.0,0.0,0.056,0.296,0.198,0.0,0.0,0.102,0.108,0.426,0.022,0.0,0.132,0.034,0.38,0.12,0.0,0.142,0.012,0.18,0.322,0.0
0.05,0.852,0.0,0.0,0.0,0.05,0.658,0.056,0.0,0.0,0.068,0.304,0.218,0.0,0.0,0.11,0.108,0.382,0.022,0.01,0.134,0.04,0.308,0.106,0.056,0.146,0.016,0.18,0.276,0.124
0.05,0.852,0.0,0.0,0.0,0.05,0.626,0.05,0.0,0.0,0.07,0.248,0.24,0.0,0.0,0.134,0.076,0.442,0.012,0.006,0.146,0.032,0.344,0.102,0.034,0.154,0.008,0.164,0.294,0.086
0.05,0.852,0.0,0.0,0.0,0.05,0.696,0.044,0.0,0.0,0.066,0.28,0.152,0.0,0.0,0.128,0.08,0.354,0.022,0.006,0.198,0.028,0.206,0.146,0.02,0.216,0.014,0.062,0.378,0.052
0.05,0.852,0.0,0.0,0.0,0.054,0.632,0.058,0.0,0.0,0.088,0.254,0.196,0.0,0.0,0.166,0.104,0.342,0.028,0.014,0.194,0.036,0.178,0.154,0.052,0.206,0.016,0.086,0.34,0.132
0.05,0.852,0.0,0.0,0.0,0.054,0.626,0.05,0.0,0.0,0.082,0.304,0.244,0.0,0.0,0.122,0.112,0.432,0.032,0.002,0.156,0.036,0.35,0.156,0.006,0.174,0.012,0.246,0.362,0.014
0.05,0.852,0.0,0.0,0.0,0.05,0.676,0.062,0.0,0.0,0.064,0.288,0.188,0.0,0.0,0.104,0.09,0.436,0.028,0.0,0.116,0.028,0.332,0.13,0.002,0.122,0.008,0.132,0.402,0.004
0.05,0.852,0.0,0.0,0.0,0.05,0.7,0.07,0.0,0.0,0.07,0.318,0.18,0.0,0.0,0.13,0.124,0.406,0.016,0.0,0.176,0.05,0.39,0.096,0.0,0.192,0.026,0.206,0.308,0.0
0.05,0.852,0.0,0.0,0.0,0.05,0.656,0.054,0.0,0.0,0.058,0.274,0.198,0.0,0.0,0.11,0.108,0.378,0.024,0.006,0.138,0.036,0.208,0.146,0.032,0.144,0.01,0.094,0.364,0.086
0.05,0.852,0.0,0.0,0.0,0.052,0.642,0.054,0.0,0.0,0.074,0.284,0.222,0.0,0.0,0.126,0.11,0.43,0.012,0.014,0.144,0.032,0.35,0.076,0.046,0.152,0.01,0.222,0.234,0.102
0.05,0.852,0.0,0.0,0.0,0.052,0.656,0.044,0.0,0.0,0.072,0.272,0.218,0.0,0.0,0.138,0.08,0.424,0.024,0.0,0.194,0.032,0.326,0.162,0.0,0.2,0.008,0.144,0.406,0.0
0.05,0.852,0.0,0.0,0.0,0.05,0.682,0.05,0.0,0.0,0.068,0.214,0.184,0.0,0.0,0.134,0.056,0.402,0.012,0.004,0.19,0.012,0.236,0.114,0.018,0.212,0.0,0.072,0.33,0.088
0.05,0.852,0.0,0.0,0.0,0.05,0.75,0.048,0.0,0.0,0.064,0.314,0.13,0.0,0.0,0.122,0.104,0.396,0.022,0.0,0.154,0.026,0.376,0.114,0.0,0.176,0.008,0.162,0.338,0.0
0.05,0.852,0.0,0.0,0.0,0.05,0.666,0.052,0.0,0.0,0.062,0.246,0.228,0.0,0.0,0.072,0.048,0.422,0.014,0.002,0.094,0.006,0.286,0.14,0.04,0.098,0.0,0.084,0.368,0.098
0.05,0.852,0.0,0.0,0.0,0.054,0.644,0.05,0.0,0.0,0.068,0.286,0.198,0.0,0.0,0.12,0.108,0.408,0.018,0.0,0.146,0.03,0.284,0.118,0.0,0.16,0.006,0.146,0.364,0.002
0.05,0.852,0.0,0.0,0.0,0.052,0.69,0.06,0.0,0.0,0.068,0.268,0.188,0.0,0.0,0.134,0.092,0.396,0.018,0.0,0.18,0.03,0.294,0.13,0.0,0.198,0.016,0.102,0.38,0.0
0.05,0.852,0.0,0.0,0.0,0.05,0.67,0.058,0.0,0.0,0.064,0.28,0.162,0.0,0.0,0.138,0.092,0.37,0.022,0.002,0.176,0.038,0.236,0.13,0.008,0.184,0.02,0.108,0.39,0.026
0.05,0.852,0.0,0.0,0.0,0.05,0.67,0.044,0.0,0.0,0.07,0.316,0.194,0.0,0.0,0.136,0.112,0.36,0.022,0.0,0.17,0.028,0.264,0.116,0.0,0.19,0.016,0.148,0.374,0.0
0.05,0.852,0.0,0.0,0.0,0.05,0.688,0.058,0.0,0.0,0.062,0.282,0.206,0.0,0.0,0.1,0.096,0.44,0.008,0.0,0.118,0.032,0.362,0.104,0.0,0.126,0.012,0.174,0.352,0.006
0.05,0.852,0.0,0.0,0.0,0.05,0.63,0.042,0.0,0.0,0.092,0.268,0.196,0.0,0.0,0.176,0.094,0.402,0.02,0.0,0.21,0.028,0.322,0.134,0.0,0.224,0.01,0.152,0.34,0.0
0.05,0.852,0.0,0.0,0.0,0.05,0.718,0.07,0.0,0.0,0.066,0.234,0.188,0.0,0.0,0.134,0.076,0.432,0.016,0.014,0.174,0.03,0.284,0.108,0.048,0.182,0.012,0.126,0.31,0.122
0.05,0.852,0.0,0.0,0.0,0.05,0.688,0.06,0.0,0.0,0.08,0.276,0.164,0.0,0.0,0.148,0.092,0.406,0.02,0.0,0.188,0.026,0.278,0.134,0.0,0.206,0.006,0.118,0.392,0.0
0.05,0.852,0.0,0.0,0.0,0.052,0.638,0.054,0.0,0.0,0.07,0.234,0.218,0.0,0.0,0.148,0.06,0.428,0.012,0.0,0.176,0.01,0.328,0.134,0.0,0.192,0.006,0.136,0.38,0.0
0.05,0.852,0.0,0.0,0.0,0.052,0.664,0.068,0.0,0.0,0.062,0.292,0.236,0.0,0.0,0.104,0.096,0.444,0.02,0.0,0.132,0.036,0.354,0.144,0.0,0.156,0.02,0.172,0.386,0.0
0.05,0.852,0.0,0.0,0.0,0.052,0.698,0.042,0.0,0.0,0.076,0.28,0.168,0.0,0.0,0.144,0.096,0.434,0.032,0.0,0.204,0.036,0.342,0.13,0.0,0.228,0.006,0.18,0.386,0.0
0.05,0.852,0.0,0.0,0.0,0.052,0.648,0.048,0.0,0.0,0.078,0.296,0.196,0.0,0.0,0.126,0.11,0.378,0.032,0.0,0.164,0.038,0.232,0.148,0.008,0.176,0.02,0.11,0.414,0.016
0.05,0.852,0.0,0.0,0.0,0.052,0.656,0.064,0.0,0.0,0.088,0.268,0.206,0.0,0.0,0.17,0.086,0.418,0.024,0.0,0.2,0.028,0.418,0.118,0.0,0.21,0.01,0.222,0.316,0.0
0.05,0.852,0.0,0.0,0.0,0.05,0.662,0.062,0.0,0.0,0.074,0.318,0.21,0.0,0.0,0.134,0.114,0.43,0.016,0.0,0.17,0.056,0.394,0.114,0.002,0.184,0.014,0.228,0.318,0.004
0.05,0.852,0.0,0.0,0.0,0.054,0.612,0.048,0.0,0.0,0.082,0.248,0.214,0.0,0.0,0.14,0.116,0.392,0.03,0.006,0.162,0.048,0.212,0.13,0.038,0.176,0.01,0.114,0.37,0.074
0.05,0.852,0.0,0.0,0.0,0.05,0.636,0.06,0.0,0.0,0.076,0.27,0.218,0.0,0.0,0.12,0.122,0.372,0.022,0.002,0.136,0.052,0.226,0.148,0.026,0.146,0.02,0.106,0.366,0.06
0.05,0.852,0.0,0.0,0.0,0.05,0.686,0.052,0.0,0.0,0.076,0.338,0.192,0.0,0.0,0.132,0.142,0.394,0.016,0.0,0.174,0.058,0.374,0.128,0.0,0.202,0.024,0.208,0.294,0.0
0.05,0.852,0.0,0.0,0.0,0.05,0.738,0.056,0.0,0.0,0.07,0.306,0.14,0.0,0.0,0.114,0.092,0.414,0.014,0.0,0.154,0.026,0.384,0.1,0.0,0.164,0.008,0.162,0.338,0.0
0.05,0.852,0.0,0.0,0.0,0.05,0.674,0.052,0.0,0.0,0.064,0.292,0.174,0.0,0.0,0.126,0.11,0.4,0.014,0.0,0.146,0.026,0.328,0.126,0.0,0.156,0.006,0.17,0.352,0.0
0.05,0.852,0.0,0.0,0.0,0.05,0.704,0.054,0.0,0.0,0.06,0.34,0.202,0.0,0.0,0.108,0.124,0.386,0.026,0.0,0.156,0.05,0.37,0.14,0.0,0.172,0.024,0.2,0.336,0.0
0.05,0.852,0.0,0.0,0.0,0.052,0.65,0.05,0.0,0.0,0.068,0.272,0.198,0.0,0.0,0.146,0.076,0.416,0.012,0.0,0.204,0.02,0.328,0.104,0.002,0.226,0.004,0.158,0.336,0.002
0.05,0.852,0.0,0.0,0.0,0.052,0.638,0.054,0.0,0.0,0.07,0.238,0.224,0.0,0.0,0.11,0.064,0.422,0.018,0.006,0.144,0.018,0.246,0.122,0.054,0.154,0.004,0.076,0.338,0.142
0.05,0.852,0.0,0.0,0.0,0.05,0.64,0.046,0.0,0.0,0.072,0.296,0.214,0.0,0.0,0.11,0.126,0.35,0.014,0.006,0.13,0.062,0.238,0.124,0.028,0.142,0.026,0.096,0.348,0.056
0.05,0.852,0.0,0.0,0.0,0.052,0.648,0.058,0.0,0.0,0.084,0.264,0.232,0.0,0.0,0.13,0.108,0.464,0.024,0.0,0.16,0.044,0.37,0.138,0.0,0.172,0.024,0.206,0.356,0.0
0.05,0.852,0.0,0.0,0.0,0.05,0.636,0.048,0.0,0.0,0.07,0.246,0.194,0.0,0.002,0.134,0.092,0.332,0.016,0.006,0.176,0.03,0.162,0.144,0.05,0.19,0.012,0.076,0.358,0.12
0.05,0.852,0.0,0.0,0.0,0.05,0.672,0.062,0.0,0.0,0.064,0.316,0.214,0.0,0.0,0.114,0.13,0.418,0.03,0.0,0.138,0.058,0.33,0.144,0.0,0.152,0.018,0.19,0.396,0.0
0.05,0.852,0.0,0.0,0.0,0.052,0.648,0.054,0.0,0.0,0.08,0.236,0.21,0.0,0.0,0.16,0.08,0.408,0.024,0.0,0.198,0.03,0.292,0.12,0.014,0.212,0.008,0.156,0.342,0.052
0.05,0.852,0.0,0.0,0.0,0.052,0.69,0.048,0.0,0.0,0.06,0.264,0.194,0.0,0.0,0.128,0.09,0.38,0.008,0.012,0.158,0.032,0.226,0.104,0.038,0.18,0.014,0.082,0.292,0.126
0.05,0.852,0.0,0.0,0.0,0.052,0.674,0.058,0.0,0.0,0.068,0.3,0.198,0.0,0.0,0.138,0.112,0.342,0.008,0.008,0.18,0.04,0.304,0.094,0.056,0.196,0.014,0.162,0.222,0.112
0.05,0.852,0.0,0.0,0.0,0.05,0.668,0.054,0.0,0.0,0.082,0.308,0.194,0.0,0.0,0.162,0.096,0.364,0.016,0.0,0.226,0.04,0.35,0.126,0.0,0.234,0.014,0.188,0.334,0.0
0.05,0.852,0.0,0.0,0.0,0.054,0.634,0.048,0.0,0.0,0.078,0.26,0.238,0.0,0.0,0.128,0.12,0.402,0.018,0.004,0.16,0.064,0.262,0.152,0.022,0.168,0.026,0.126,0.37,0.06
0.05,0.852,0.0,0.0,0.0,0.05,0.654,0.056,0.0,0.0,0.068,0.254,0.238,0.0,0.0,0.124,0.088,0.462,0.024,0.0,0.166,0.036,0.392,0.13,0.0,0.178,0.012,0.216,0.342,0.0
0.05,0.852,0.0,0.0,0.0,0.054,0.674,0.07,0.0,0.0,0.082,0.314,0.212,0.0,0.0,0.132,0.132,0.41,0.022,0.0,0.17,0.058,0.364,0.096,0.01,0.178,0.018,0.232,0.27,0.032
0.05,0.852,0.0,0.0,0.0,0.05,0.714,0.064,0.0,0.0,0.068,0.25,0.156,0.0,0.0,0.138,0.052,0.43,0.03,0.006,0.19,0.006,0.308,0.098,0.036,0.198,0.0,0.106,0.33,0.094
0.05,0.852,0.0,0.0,0.0,0.05,0.704,0.046,0.0,0.0,0.074,0.306,0.172,0.0,0.0,0.128,0.102,0.37,0.022,0.002,0.172,0.032,0.264,0.1,0.044,0.194,0.006,0.12,0.28,0.144
0.05,0.852,0.0,0.0,0.0,0.05,0.72,0.046,0.0,0.0,0.07,0.294,0.16,0.0,0.0,0.132,0.096,0.41,0.018,0.0,0.202,0.026,0.304,0.122,0.0,0.228,0.002,0.17,0.38,0.0
0.05,0.852,0.0,0.0,0.0,0.052,0.662,0.054,0.0,0.0,0.088,0.256,0.226,0.0,0.0,0.142,0.09,0.424,0.02,0.0,0.178,0.036,0.318,0.156,0.0,0.194,0.014,0.16,0.428,0.0
0.05,0.852,0.0,0.0,0.0,0.05,0.682,0.048,0.0,0.0,0.06,0.296,0.176,0.0,0.0,0.11,0.094,0.416,0.012,0.0,0.17,0.026,0.362,0.094,0.0,0.202,0.006,0.188,0.306,0.002
0.05,0.852,0.0,0.0,0.0,0.05,0.684,0.054,0.0,0.0,0.066,0.28,0.202,0.0,0.0,0.152,0.09,0.442,0.014,0.0,0.198,0.032,0.382,0.108,0.0,0.212,0.008,0.228,0.34,0.0
0.05,0.852,0.0,0.0,0.0,0.05,0.7,0.054,0.0,0.0,0.066,0.33,0.168,0.0,0.0,0.104,0.13,0.422,0.028,0.0,0.142,0.046,0.308,0.14,0.0,0.162,0.024,0.134,0.394,0.0
0.05,0.852,0.0,0.0,0.0,0.052,0.662,0.064,0.0,0.0,0.084,0.294,0.214,0.0,0.0,0.146,0.108,0.382,0.036,0.0,0.198,0.052,0.34,0.166,0.0,0.214,0.032,0.174,0.354,0.0
0.05,0.852,0.0,0.0,0.0,0.05,0.662,0.04,0.0,0.0,0.072,0.288,0.208,0.0,0.0,0.13,0.106,0.368,0.01,0.0,0.174,0.038,0.246,0.11,0.01,0.192,0.018,0.108,0.358,0.034
0.05,0.852,0.0,0.0,0.0,0.052,0.714,0.052,0.0,0.0,0.06,0.334,0.19,0.0,0.0,0.114,0.102,0.396,0.01,0.0,0.146,0.032,0.418,0.106,0.0,0.166,0.014,0.236,0.316,0.0
0.05,0.852,0.0,0.0,0.0,0.054,0.654,0.066,0.0,0.0,0.08,0.308,0.224,0.0,0.0,0.128,0.132,0.418,0.034,0.0,0.174,0.054,0.368,0.146,0.0,0.19,0.026,0.228,0.33,0.0
0.05,0.852,0.0,0.0,0.0,0.05,0.662,0.036,0.0,0.0,0.074,0.286,0.224,0.0,0.0,0.14,0.114,0.402,0.012,0.0,0.162,0.054,0.292,0.138,0.0,0.18,0.016,0.146,0.402,0.0
0.05,0.852,0.0,0.0,0.0,0.05,0.708,0.05,0.0,0.0,0.07,0.302,0.2,0.0,0.0,0.13,0.09,0.436,0.03,0.0,0.174,0.03,0.386,0.126,0.0,0.188,0.01,0.21,0.348,0.0
0.05,0.852,0.0,0.0,0.0,0.052,0.648,0.058,0.0,0.0,0.08,0.294,0.21,0.0,0.0,0.112,0.094,0.374,0.022,0.002,0.132,0.042,0.272,0.146,0.022,0.146,0.028,0.098,0.402,0.054
0.05,0.852,0.0,0.0,0.0,0.05,0.654,0.046,0.0,0.0,0.072,0.258,0.216,0.0,0.0,0.142,0.09,0.412,0.018,0.0,0.168,0.028,0.296,0.132,0.0,0.198,0.01,0.106,0.4,0.0
0.05,0.852,0.0,0.0,0.0,0.052,0.668,0.07,0.0,0.0,0.066,0.26,0.212,0.0,0.0,0.128,0.066,0.394,0.034,0.004,0.162,0.02,0.332,0.176,0.016,0.182,0.004,0.15,0.362,0.044
0.05,0.852,0.0,0.0,0.0,0.05,0.676,0.048,0.0,0.0,0.07,0.292,0.206,0.0,0.0,0.126,0.114,0.428,0.034,0.0,0.166,0.038,0.358,0.172,0.0,0.18,0.016,0.234,0.398,0.0
0.05,0.852,0.0,0.0,0.0,0.052,0.648,0.046,0.0,0.0,0.084,0.302,0.202,0.0,0.0,0.148,0.12,0.384,0.036,0.0,0.19,0.046,0.338,0.148,0.0,0.206,0.02,0.176,0.368,0.0
0.05,0.852,0.0,0.0,0.0,0.054,0.658,0.058,0.0,0.0,0.09,0.334,0.206,0.0,0.0,0.142,0.154,0.396,0.026,0.0,0.17,0.064,0.358,0.134,0.0,0.178,0.026,0.242,0.328,0.0
0.05,0.852,0.0,0.0,0.0,0.05,0.682,0.06,0.0,0.0,0.058,0.256,0.216,0.0,0.0,0.108,0.08,0.506,0.022,0.0,0.136,0.026,0.426,0.126,0.0,0.146,0.012,0.206,0.38,0.002
0.05,0.852,0.0,0.0,0.0,0.05,0.622,0.064,0.0,0.0,0.094,0.262,0.22,0.0,0.0,0.134,0.096,0.452,0.006,0.0,0.15,0.028,0.368,0.106,0.0,0.162,0.004,0.198,0.324,0.0
0.05,0.852,0.0,0.0,0.0,0.05,0.704,0.056,0.0,0.0,0.062,0.258,0.198,0.0,0.0,0.108,0.068,0.446,0.008,0.0,0.142,0.016,0.3,0.092,0.022,0.148,0.006,0.114,0.334,0.054
0.05,0.852,0.0,0.0,0.0,0.05,0.652,0.062,0.0,0.0,0.066,0.204,0.22,0.0,0.0,0.142,0.05,0.436,0.022,0.002,0.184,0.02,0.276,0.148,0.028,0.19,0.002,0.09,0.382,0.066
0.05,0.852,0.0,0.0,0.0,0.056,0.68,0.056,0.0,0.0,0.074,0.312,0.2,0.0,0.0,0.134,0.114,0.37,0.024,0.0,0.19,0.052,0.318,0.152,0.0,0.208,0.018,0.184,0.38,0.0
0.05,0.852,0.0,0.0,0.0,0.05,0.622,0.054,0.0,0.0,0.074,0.258,0.238,0.0,0.0,0.108,0.096,0.356,0.026,0.006,0.126,0.03,0.238,0.128,0.044,0.13,0.014,0.102,0.322,0.118
0.05,0.852,0.0,0.0,0.0,0.054,0.664,0.06,0.0,0.0,0.076,0.292,0.204,0.0,0.0,0.14,0.116,0.384,0.032,0.0,0.186,0.042,0.348,0.148,0.0,0.202,0.018,0.208,0.342,0.0
0.05,0.852,0.0,0.0,0.0,0.052,0.694,0.058,0.0,0.0,0.066,0.346,0.186,0.0,0.0,0.09,0.12,0.406,0.016,0.0,0.116,0.034,0.322,0.126,0.0,0.128,0.016,0.188,0.388,0.0
0.05,0.852,0.0,0.0,0.0,0.05,0.67,0.068,0.0,0.0,0.068,0.306,0.244,0.0,0.0,0.104,0.124,0.42,0.024,0.004,0.124,0.056,0.348,0.16,0.016,0.136,0.018,0.198,0.336,0.042
0.05,0.852,0.0,0.0,0.0,0.052,0.772,0.056,0.0,0.0,0.062,0.352,0.136,0.0,0.0,0.118,0.1,0.376,0.028,0.0,0.156,0.042,0.382,0.124,0.0,0.18,0.012,0.186,0.384,0.0
0.05,0.852,0.0,0.0,0.0,0.05,0.668,0.056,0.0,0.0,0.068,0.316,0.206,0.0,0.0,0.124,0.13,0.4,0.024,0.0,0.162,0.074,0.34,0.14,0.0,0.17,0.026,0.172,0.346,0.0
0.05,0.852,0.0,0.0,0.0,0.052,0.728,0.062,0.0,0.0,0.066,0.298,0.19,0.0,0.0,0.104,0.088,0.424,0.014,0.0,0.158,0.032,0.352,0.11,0.0,0.176,0.01,0.168,0.354,0.0
0.05,0.852,0.0,0.0,0.0,0.052,0.646,0.046,0.0,0.0,0.076,0.304,0.2,0.0,0.0,0.128,0.13,0.356,0.026,0.002,0.158,0.052,0.23,0.134,0.016,0.174,0.032,0.118,0.372,0.036
0.05,0.852,0.0,0.0,0.0,0.05,0.71,0.06,0.0,0.0,0.064,0.322,0.18,0.0,0.0,0.126,0.116,0.406,0.026,0.0,0.168,0.044,0.378,0.146,0.0,0.182,0.01,0.204,0.378,0.0
0.05,0.852,0.0,0.0,0.0,0.05,0.674,0.062,0.0,0.0,0.066,0.256,0.212,0.0,0.0,0.124,0.068,0.508,0.018,0.0,0.166,0.02,0.438,0.13,0.0,0.174,0.008,0.23,0.348,0.0
0.05,0.852,0.0,0.0,0.0,0.05,0.704,0.06,0.0,0.0,0.06,0.32,0.184,0.0,0.0,0.086,0.092,0.398,0.02,0.004,0.102,0.032,0.306,0.126,0.026,0.116,0.004,0.13,0.346,0.078
0.05,0.852,0.0,0.0,0.0,0.05,0.666,0.048,0.0,0.0,0.072,0.268,0.222,0.0,0.0,0.144,0.106,0.424,0.01,0.0,0.19,0.038,0.322,0.114,0.0,0.208,0.016,0.188,0.364,0.0
0.05,0.852,0.0,0.0,0.0,0.052,0.678,0.064,0.0,0.0,0.064,0.328,0.196,0.0,0.0,0.11,0.134,0.374,0.014,0.002,0.144,0.036,0.314,0.134,0.004,0.166,0.014,0.144,0.338,0.02
0.05,0.852,0.0,0.0,0.0,0.052,0.68,0.062,0.0,0.0,0.07,0.336,0.202,0.002,0.0,0.12,0.124,0.378,0.042,0.0,0.168,0.052,0.31,0.176,0.0,0.2,0.02,0.178,0.396,0.0
0.05,0.852,0.0,0.0,0.0,0.05,0.674,0.062,0.0,0.0,0.068,0.316,0.194,0.0,0.0,0.1,0.104,0.398,0.026,0.0,0.126,0.024,0.284,0.106,0.02,0.134,0.016,0.134,0.368,0.076
0.05,0.852,0.0,0.0,0.0,0.054,0.656,0.05,0.0,0.0,0.082,0.326,0.198,0.0,0.0,0.13,0.126,0.378,0.038,0.0,0.168,0.058,0.39,0.142,0.0,0.178,0.022,0.266,0.348,0.002
0.05,0.852,0.0,0.0,0.0,0.05,0.6,0.064,0.0,0.0,0.072,0.202,0.228,0.0,0.0,0.148,0.06,0.416,0.016,0.002,0.172,0.014,0.276,0.106,0.034,0.18,0.002,0.084,0.334,0.092
0.05,0.852,0.0,0.0,0.0,0.05,0.66,0.05,0.0,0.0,0.076,0.244,0.202,0.0,0.0,0.144,0.078,0.396,0.016,0.0,0.184,0.03,0.322,0.144,0.0,0.198,0.004,0.148,0.36,0.0
0.05,0.852,0.0,0.0,0.0,0.05,0.696,0.052,0.0,0.0,0.08,0.272,0.186,0.0,0.0,0.15,0.098,0.408,0.032,0.0,0.188,0.018,0.296,0.144,0.0,0.206,0.008,0.138,0.402,0.0
0.05,0.852,0.0,0.0,0.0,0.05,0.708,0.046,0.0,0.0,0.07,0.276,0.188,0.0,0.0,0.122,0.072,0.444,0.002,0.0,0.174,0.022,0.358,0.086,0.004,0.18,0.01,0.154,0.346,0.012
0.05,0.852,0.0,0.0,0.0,0.05,0.722,0.06,0.0,0.0,0.054,0.28,0.186,0.0,0.0,0.106,0.1,0.384,0.02,0.012,0.148,0.034,0.258,0.144,0.028,0.158,0.004,0.104,0.37,0.076
0.05,0.852,0.0,0.0,0.0,0.05,0.672,0.062,0.0,0.0,0.078,0.314,0.204,0.0,0.0,0.15,0.13,0.376,0.016,0.0,0.182,0.052,0.288,0.12,0.0,0.208,0.024,0.18,0.352,0.0
0.05,0.852,0.0,0.0,0.0,0.05,0.662,0.064,0.0,0.0,0.072,0.244,0.196,0.0,0.0,0.13,0.068,0.438,0.024,0.0,0.17,0.032,0.294,0.14,0.0,0.188,0.022,0.114,0.402,0.0
0.05,0.852,0.0,0.0,0.0,0.05,0.676,0.044,0.0,0.0,0.068,0.236,0.188,0.0,0.0,0.142,0.076,0.424,0.01,0.0,0.168,0.024,0.324,0.122,0.0,0.176,0.002,0.116,0.372,0.0
0.05,0.852,0.0,0.0,0.0,0.05,0.704,0.052,0.0,0.0,0.066,0.252,0.172,0.0,0.0,0.102,0.062,0.412,0.024,0.012,0.128,0.014,0.276,0.136,0.032,0.13,0.004,0.102,0.368,0.108
0.05,0.852,0.0,0.0,0.0,0.05,0.664,0.058,0.0,0.0,0.064,0.276,0.21,0.0,0.0,0.114,0.08,0.386,0.018,0.0,0.148,0.02,0.248,0.116,0.044,0.164,0.01,0.14,0.3,0.136
0.05,0.852,0.0,0.0,0.0,0.052,0.694,0.052,0.0,0.0,0.058,0.328,0.2,0.0,0.0,0.102,0.128,0.398,0.034,0.0,0.122,0.056,0.328,0.136,0.01,0.132,0.02,0.184,0.364,0.032
0.05,0.852,0.0,0.0,0.0,0.05,0.642,0.054,0.0,0.0,0.068,0.248,0.184,0.0,0.0,0.14,0.1,0.378,0.022,0.0,0.158,0.042,0.258,0.116,0.006,0.168,0.02,0.11,0.34,0.038
0.05,0.852,0.0,0.0,0.0,0.052,0.682,0.046,0.0,0.0,0.074,0.306,0.184,0.0,0.0,0.154,0.116,0.396,0.02,0.0,0.192,0.046,0.342,0.104,0.0,0.208,0.02,0.166,0.322,0.0
0.05,0.852,0.0,0.0,0.0,0.05,0.626,0.054,0.0,0.0,0.09,0.234,0.22,0.0,0.0,0.158,0.08,0.372,0.032,0.008,0.192,0.028,0.214,0.166,0.052,0.204,0.006,0.098,0.346,0.124
0.05,0.852,0.0,0.0,0.0,0.052,0.648,0.06,0.0,0.0,0.09,0.264,0.224,0.0,0.0,0.158,0.084,0.456,0.014,0.0,0.19,0.02,0.378,0.144,0.0,0.212,0.01,0.222,0.364,0.0
0.05,0.852,0.0,0.0,0.0,0.05,0.694,0.062,0.0,0.0,0.068,0.334,0.174,0.0,0.0,0.122,0.12,0.388,0.014,0.002,0.16,0.046,0.358,0.106,0.01,0.174,0.014,0.186,0.304,0.03
0.05,0.852,0.0,0.0,0.0,0.05,0.662,0.056,0.0,0.0,0.078,0.33,0.222,0.0,0.0,0.142,0.116,0.4,0.018,0.0,0.192,0.04,0.356,0.102,0.0,0.212,0.02,0.194,0.3,0.0
0.05,0.852,0.0,0.0,0.0,0.05,0.704,0.048,0.0,0.0,0.064,0.27,0.196,0.0,0.0,0.14,0.074,0.452,0.024,0.0,0.182,0.026,0.436,0.118,0.0,0.188,0.01,0.258,0.35,0.0
0.05,0.852,0.0,0.0,0.0,0.05,0.68,0.058,0.0,0.0,0.078,0.356,0.186,0.0,0.0,0.138,0.142,0.392,0.022,0.0,0.19,0.076,0.374,0.12,0.0,0.212,0.03,0.22,0.342,0.0
0.05,0.852,0.0,0.0,0.0,0.05,0.684,0.058,0.0,0.0,0.062,0.34,0.206,0.0,0.0,0.096,0.116,0.41,0.008,0.0,0.124,0.058,0.388,0.102,0.0,0.132,0.022,0.21,0.332,0.0
0.05,0.852,0.0,0.0,0.0,0.05,0.654,0.052,0.0,0.0,0.068,0.21,0.228,0.0,0.0,0.116,0.054,0.424,0.024,0.004,0.156,0.018,0.296,0.178,0.022,0.162,0.004,0.096,0.384,0.068
0.05,0.852,0.0,0.0,0.0,0.05,0.632,0.054,0.0,0.0,0.09,0.28,0.242,0.0,0.0,0.148,0.1,0.432,0.026,0.0,0.174,0.038,0.348,0.13,0.0,0.18,0.01,0.194,0.378,0.0
0.05,0.852,0.0,0.0,0.0,0.05,0.672,0.062,0.0,0.0,0.06,0.3,0.224,0.0,0.0,0.086,0.104,0.418,0.028,0.002,0.094,0.038,0.31,0.162,0.018,0.102,0.016,0.144,0.398,0.082
0.05,0.852,0.0,0.0,0.0,0.052,0.6,0.05,0.0,0.0,0.102,0.264,0.22,0.0,0.0,0.152,0.096,0.38,0.016,0.006,0.192,0.042,0.282,0.142,0.026,0.206,0.012,0.142,0.344,0.034
0.05,0.852,0.0,0.0,0.0,0.052,0.694,0.06,0.0,0.0,0.056,0.346,0.214,0.0,0.0,0.07,0.134,0.386,0.018,0.006,0.086,0.048,0.294,0.132,0.044,0.09,0.02,0.138,0.332,0.104
0.05,0.852,0.0,0.0,0.0,0.052,0.662,0.046,0.0,0.0,0.07,0.316,0.2,0.0,0.0,0.12,0.108,0.356,0.014,0.0,0.144,0.034,0.3,0.134,0.0,0.152,0.016,0.136,0.392,0.0
0.05,0.852,0.0,0.0,0.0,0.05,0.67,0.04,0.0,0.0,0.086,0.294,0.156,0.0,0.0,0.144,0.1,0.35,0.016,0.0,0.19,0.028,0.244,0.122,0.024,0.22,0.002,0.096,0.334,0.064
0.05,0.852,0.0,0.0,0.0,0.05,0.662,0.058,0.0,0.0,0.066,0.252,0.21,0.0,0.0,0.128,0.052,0.452,0.014,0.004,0.172,0.016,0.366,0.102,0.014,0.178,0.006,0.17,0.302,0.032
0.05,0.852,0.0,0.0,0.0,0.052,0.668,0.042,0.0,0.0,0.086,0.284,0.206,0.0,0.0,0.158,0.1,0.408,0.014,0.0,0.196,0.032,0.36,0.128,0.0,0.208,0.016,0.21,0.338,0.0
0.05,0.852,0.0,0.0,0.0,0.054,0.73,0.056,0.0,0.0,0.072,0.312,0.15,0.0,0.0,0.134,0.124,0.406,0.026,0.0,0.17,0.052,0.362,0.128,0.0,0.182,0.014,0.204,0.364,0.0
0.05,0.852,0.0,0.0,0.0,0.05,0.668,0.052,0.0,0.0,0.068,0.254,0.222,0.0,0.0,0.136,0.108,0.424,0.014,0.0,0.144,0.038,0.302,0.168,0.0,0.164,0.02,0.136,0.414,0.0
0.05,0.852,0.0,0.0,0.0,0.05,0.686,0.066,0.0,0.0,0.056,0.288,0.204,0.0,0.0,0.098,0.11,0.46,0.028,0.0,0.13,0.04,0.384,0.152,0.0,0.14,0.008,0.18,0.406,0.0
0.05,0.852,0.0,0.0,0.0,0.05,0.66,0.044,0.0,0.0,0.074,0.292,0.208,0.0,0.0,0.136,0.12,0.384,0.01,0.0,0.18,0.052,0.274,0.11,0.0,0.198,0.018,0.15,0.358,0.002
0.05,0.852,0.0,0.0,0.0,0.054,0.67,0.07,0.0,0.0,0.076,0.238,0.198,0.0,0.0,0.144,0.084,0.44,0.03,0.002,0.162,0.022,0.32,0.148,0.026,0.172,0.006,0.16,0.362,0.082
0.05,0.852,0.0,0.0,0.0,0.05,0.674,0.048,0.0,0.0,0.078,0.254,0.19,0.0,0.0,0.162,0.1,0.412,0.018,0.004,0.198,0.034,0.334,0.104,0.008,0.21,0.008,0.166,0.31,0.016
0.05,0.852,0.0,0.0,0.0,0.052,0.65,0.054,0.0,0.0,0.082,0.294,0.2,0.0,0.0,0.14,0.096,0.408,0.008,0.0,0.17,0.024,0.35,0.086,0.008,0.192,0.01,0.182,0.264,0.026
0.05,0.852,0.0,0.0,0.0,0.05,0.63,0.066,0.0,0.0,0.064,0.258,0.25,0.0,0.0,0.118,0.102,0.426,0.016,0.0,0.146,0.032,0.318,0.154,0.0,0.156,0.012,0.154,0.39,0.0
0.05,0.852,0.0,0.0,0.0,0.052,0.68,0.044,0.0,0.0,0.082,0.288,0.18,0.0,0.0,0.15,0.088,0.416,0.022,0.0,0.216,0.028,0.376,0.114,0.0,0.238,0.012,0.212,0.298,0.0
0.05,0.852,0.0,0.0,0.0,0.05,0.656,0.042,0.0,0.0,0.08,0.28,0.186,0.0,0.0,0.14,0.1,0.388,0.02,0.0,0.178,0.026,0.26,0.152,0.0,0.194,0.012,0.132,0.402,0.014
0.05,0.852,0.0,0.0,0.0,0.05,0.69,0.062,0.0,0.0,0.07,0.314,0.19,0.0,0.0,0.138,0.12,0.38,0.022,0.0,0.192,0.04,0.32,0.146,0.0,0.224,0.022,0.178,0.368,0.0
0.05,0.852,0.0,0.0,0.0,0.052,0.686,0.058,0.0,0.0,0.074,0.312,0.192,0.0,0.0,0.132,0.114,0.404,0.022,0.0,0.2,0.03,0.364,0.116,0.0,0.24,0.012,0.194,0.35,0.0
0.05,0.852,0.0,0.0,0.0,0.052,0.69,0.056,0.0,0.0,0.072,0.27,0.184,0.0,0.0,0.132,0.128,0.38,0.024,0.004,0.174,0.046,0.22,0.136,0.02,0.196,0.01,0.134,0.366,0.048
0.05,0.852,0.0,0.0,0.0,0.052,0.662,0.046,0.0,0.0,0.088,0.278,0.176,0.0,0.0,0.176,0.11,0.36,0.018,0.006,0.214,0.042,0.214,0.112,0.044,0.238,0.014,0.11,0.296,0.098
0.05,0.852,0.0,0.0,0.0,0.05,0.614,0.062,0.0,0.0,0.09,0.268,0.226,0.004,0.0,0.146,0.116,0.384,0.038,0.006,0.188,0.03,0.312,0.156,0.022,0.198,0.014,0.196,0.342,0.048
0.05,0.852,0.0,0.0,0.0,0.052,0.656,0.05,0.0,0.0,0.072,0.274,0.182,0.0,0.0,0.138,0.094,0.33,0.006,0.014,0.172,0.026,0.212,0.114,0.042,0.18,0.012,0.102,0.302,0.108
0.05,0.852,0.0,0.0,0.0,0.054,0.614,0.066,0.0,0.0,0.086,0.23,0.204,0.002,0.0,0.164,0.08,0.374,0.042,0.018,0.204,0.018,0.26,0.182,0.048,0.224,0.008,0.104,0.372,0.088
0.05,0.852,0.0,0.0,0.0,0.05,0.69,0.062,0.0,0.0,0.066,0.262,0.182,0.0,0.0,0.114,0.08,0.456,0.032,0.004,0.142,0.026,0.326,0.152,0.006,0.154,0.004,0.164,0.406,0.032
0.05,0.852,0.0,0.0,0.0,0.052,0.664,0.038,0.0,0.0,0.068,0.236,0.178,0.0,0.0,0.158,0.068,0.414,0.01,0.0,0.196,0.02,0.298,0.114,0.0,0.22,0.008,0.078,0.36,0.0
0.05,0.852,0.0,0.0,0.0,0.052,0.696,0.042,0.0,0.0,0.062,0.3,0.156,0.0,0.0,0.128,0.116,0.4,0.02,0.0,0.156,0.04,0.274,0.122,0.0,0.168,0.018,0.114,0.37,0.0
0.05,0.852,0.0,0.0,0.0,0.05,0.662,0.058,0.0,0.0,0.08,0.308,0.208,0.0,0.0,0.148,0.144,0.422,0.026,0.0,0.184,0.052,0.374,0.126,0.0,0.212,0.022,0.238,0.296,0.0
0.05,0.852,0.0,0.0,0.0,0.05,0.612,0.058,0.0,0.0,0.064,0.184,0.242,0.0,0.0,0.12,0.054,0.412,0.022,0.008,0.146,0.018,0.212,0.13,0.038,0.154,0.008,0.064,0.368,0.116
0.05,0.852,0.0,0.0,0.0,0.05,0.656,0.056,0.0,0.0,0.066,0.288,0.266,0.0,0.0,0.094,0.114,0.402,0.024,0.002,0.112,0.038,0.288,0.16,0.028,0.12,0.012,0.162,0.38,0.078
0.05,0.852,0.0,0.0,0.0,0.05,0.74,0.064,0.0,0.0,0.06,0.304,0.136,0.0,0.0,0.108,0.07,0.406,0.032,0.0,0.162,0.024,0.35,0.132,0.0,0.184,0.008,0.106,0.414,0.0
0.05,0.852,0.0,0.0,0.0,0.05,0.644,0.052,0.0,0.0,0.078,0.274,0.198,0.0,0.0,0.156,0.106,0.402,0.024,0.0,0.2,0.04,0.3,0.116,0.0,0.218,0.016,0.158,0.364,0.0
0.05,0.852,0.0,0.0,0.0,0.052,0.67,0.06,0.0,0.0,0.056,0.298,0.212,0.0,0.0,0.104,0.106,0.426,0.004,0.006,0.124,0.03,0.322,0.104,0.042,0.142,0.014,0.18,0.274,0.1
0.05,0.852,0.0,0.0,0.0,0.052,0.642,0.056,0.0,0.0,0.066,0.274,0.242,0.0,0.0,0.11,0.074,0.436,0.026,0.0,0.144,0.036,0.386,0.158,0.0,0.16,0.024,0.182,0.396,0.0
0.05,0.852,0.0,0.0,0.0,0.054,0.66,0.046,0.0,0.0,0.094,0.266,0.208,0.0,0.0,0.154,0.1,0.42,0.022,0.0,0.18,0.026,0.336,0.126,0.0,0.198,0.008,0.194,0.348,0.0
0.05,0.852,0.0,0.0,0.0,0.052,0.626,0.054,0.0,0.0,0.084,0.28,0.202,0.0,0.0,0.134,0.124,0.362,0.018,0.0,0.17,0.042,0.256,0.144,0.002,0.194,0.02,0.114,0.366,0.014
0.05,0.852,0.0,0.0,0.0,0.05,0.672,0.058,0.0,0.0,0.07,0.238,0.16,0.0,0.0,0.14,0.082,0.374,0.018,0.0,0.168,0.026,0.236,0.116,0.008,0.178,0.004,0.082,0.382,0.028
0.05,0.852,0.0,0.0,0.0,0.052,0.682,0.056,0.0,0.0,0.068,0.24,0.2,0.0,0.0,0.116,0.086,0.454,0.018,0.0,0.152,0.028,0.302,0.116,0.0,0.16,0.006,0.134,0.394,0.0
0.05,0.852,0.0,0.0,0.0,0.052,0.668,0.042,0.0,0.0,0.072,0.252,0.182,0.0,0.0,0.136,0.092,0.406,0.01,0.0,0.176,0.036,0.348,0.114,0.0,0.186,0.01,0.13,0.292,0.0
0.05,0.852,0.0,0.0,0.0,0.05,0.672,0.066,0.0,0.0,0.062,0.304,0.226,0.0,0.0,0.098,0.12,0.402,0.024,0.006,0.126,0.046,0.328,0.11,0.036,0.132,0.012,0.186,0.33,0.082
0.05,0.852,0.0,0.0,0.0,0.05,0.714,0.068,0.0,0.0,0.054,0.306,0.206,0.0,0.0,0.102,0.12,0.418,0.034,0.0,0.14,0.034,0.378,0.15,0.0,0.148,0.01,0.24,0.372,0.0
0.05,0.852,0.0,0.0,0.0,0.05,0.642,0.052,0.0,0.0,0.088,0.282,0.21,0.0,0.0,0.16,0.086,0.394,0.028,0.0,0.22,0.034,0.328,0.164,0.0,0.234,0.008,0.178,0.38,0.0
0.05,0.852,0.0,0.0,0.0,0.05,0.656,0.056,0.0,0.0,0.072,0.26,0.216,0.0,0.0,0.124,0.08,0.464,0.016,0.0,0.152,0.016,0.354,0.118,0.0,0.16,0.006,0.18,0.368,0.0
0.05,0.852,0.0,0.0,0.0,0.05,0.688,0.058,0.0,0.0,0.058,0.31,0.23,0.0,0.0,0.106,0.106,0.44,0.02,0.0,0.13,0.032,0.364,0.124,0.0,0.146,0.016,0.202,0.358,0.0
0.05,0.852,0.0,0.0,0.0,0.052,0.65,0.04,0.0,0.0,0.072,0.276,0.208,0.0,0.0,0.12,0.11,0.382,0.012,0.002,0.148,0.034,0.246,0.108,0.008,0.156,0.012,0.112,0.354,0.022
0.05,0.852,0.0,0.0,0.0,0.05,0.63,0.056,0.0,0.0,0.078,0.27,0.244,0.0,0.0,0.132,0.1,0.368,0.014,0.002,0.156,0.04,0.218,0.114,0.038,0.17,0.024,0.108,0.336,0.1
0.05,0.852,0.0,0.0,0.0,0.052,0.646,0.058,0.0,0.0,0.076,0.19,0.204,0.0,0.0,0.156,0.052,0.448,0.018,0.006,0.194,0.02,0.26,0.13,0.03,0.2,0.004,0.066,0.388,0.078
0.05,0.852,0.0,0.0,0.0,0.05,0.676,0.056,0.0,0.0,0.068,0.27,0.218,0.0,0.0,0.118,0.096,0.448,0.014,0.0,0.15,0.038,0.322,0.134,0.0,0.158,0.02,0.162,0.402,0.0
0.05,0.852,0.0,0.0,0.0,0.05,0.676,0.044,0.0,0.0,0.072,0.264,0.192,0.0,0.0,0.134,0.09,0.424,0.012,0.0,0.182,0.032,0.324,0.076,0.0,0.196,0.006,0.13,0.316,0.0
0.05,0.852,0.0,0.0,0.0,0.052,0.664,0.058,0.0,0.0,0.078,0.26,0.206,0.0,0.0,0.146,0.088,0.47,0.01,0.0,0.174,0.032,0.392,0.1,0.0,0.196,0.01,0.194,0.322,0.0
0.05,0.852,0.0,0.0,0.0,0.05,0.658,0.042,0.0,0.0,0.076,0.26,0.19,0.0,0.0,0.148,0.086,0.432,0.006,0.0,0.184,0.036,0.342,0.11,0.0,0.194,0.012,0.174,0.314,0.0
0.05,0.852,0.0,0.0,0.0,0.05,0.642,0.048,0.0,0.0,0.07,0.224,0.206,0.0,0.0,0.128,0.08,0.408,0.02,0.008,0.16,0.03,0.262,0.122,0.05,0.178,0.006,0.082,0.346,0.122
0.05,0.852,0.0,0.0,0.0,0.052,0.664,0.058,0.0,0.0,0.064,0.304,0.23,0.0,0.0,0.118,0.114,0.438,0.018,0.0,0.154,0.05,0.38,0.122,0.0,0.17,0.028,0.206,0.314,0.0
0.05,0.852,0.0,0.0,0.0,0.05,0.662,0.052,0.0,0.0,0.074,0.298,0.2,0.0,0.0,0.112,0.138,0.392,0.026,0.0,0.14,0.052,0.3,0.152,0.004,0.152,0.024,0.154,0.378,0.008
0.05,0.852,0.0,0.0,0.0,0.05,0.738,0.046,0.0,0.0,0.068,0.36,0.144,0.0,0.0,0.118,0.112,0.344,0.022,0.002,0.18,0.024,0.31,0.128,0.006,0.21,0.004,0.14,0.36,0.018
0.05,0.852,0.0,0.0,0.0,0.05,0.688,0.068,0.0,0.0,0.062,0.31,0.212,0.0,0.0,0.116,0.114,0.458,0.024,0.0,0.144,0.026,0.412,0.122,0.0,0.164,0.008,0.302,0.344,0.0
0.05,0.852,0.0,0.0,0.0,0.05,0.682,0.056,0.0,0.0,0.076,0.298,0.21,0.0,0.0,0.134,0.124,0.452,0.026,0.0,0.162,0.054,0.412,0.13,0.0,0.176,0.02,0.268,0.338,0.0
0.05,0.852,0.0,0.0,0.0,0.052,0.674,0.064,0.0,0.0,0.066,0.24,0.196,0.0,0.0,0.11,0.076,0.482,0.026,0.0,0.128,0.024,0.38,0.1,0.024,0.138,0.008,0.18,0.33,0.052
0.05,0.852,0.0,0.0,0.0,0.05,0.692,0.054,0.0,0.0,0.066,0.286,0.184,0.0,0.0,0.094,0.078,0.414,0.018,0.0,0.11,0.02,0.312,0.132,0.006,0.122,0.006,0.14,0.364,0.026
0.05,0.852,0.0,0.0,0.0,0.052,0.716,0.058,0.0,0.0,0.064,0.278,0.172,0.0,0.0,0.126,0.076,0.432,0.022,0.0,0.168,0.026,0.376,0.128,0.0,0.19,0.006,0.184,0.392,0.0
0.05,0.852,0.0,0.0,0.0,0.05,0.704,0.064,0.0,0.0,0.062,0.318,0.218,0.0,0.0,0.09,0.128,0.428,0.022,0.0,0.11,0.048,0.332,0.134,0.002,0.128,0.01,0.166,0.382,0.012
0.05,0.852,0.0,0.0,0.0,0.05,0.64,0.048,0.0,0.0,0.082,0.27,0.254,0.0,0.0,0.136,0.086,0.448,0.02,0.0,0.168,0.046,0.362,0.142,0.0,0.182,0.022,0.172,0.38,0.002
0.05,0.852,0.0,0.0,0.0,0.05,0.694,0.054,0.0,0.0,0.06,0.294,0.194,0.0,0.0,0.102,0.09,0.446,0.014,0.002,0.136,0.022,0.35,0.11,0.014,0.148,0.01,0.178,0.34,0.018
0.05,0.852,0.0,0.0,0.0,0.052,0.69,0.058,0.0,0.0,0.066,0.32,0.156,0.0,0.0,0.128,0.09,0.352,0.018,0.002,0.162,0.032,0.244,0.132,0.006,0.19,0.016,0.096,0.4,0.014
0.05,0.852,0.0,0.0,0.0,0.05,0.624,0.05,0.0,0.0,0.084,0.248,0.224,0.0,0.0,0.152,0.094,0.396,0.028,0.002,0.18,0.036,0.28,0.16,0.014,0.198,0.018,0.126,0.396,0.026
0.05,0.852,0.0,0.0,0.0,0.052,0.646,0.06,0.0,0.0,0.082,0.286,0.2,0.0,0.0,0.124,0.098,0.378,0.02,0.012,0.158,0.032,0.272,0.144,0.04,0.168,0.01,0.142,0.36,0.078
0.05,0.852,0.0,0.0,0.0,0.056,0.658,0.054,0.0,0.0,0.088,0.264,0.208,0.0,0.0,0.168,0.074,0.422,0.012,0.0,0.226,0.02,0.33,0.118,0.0,0.242,0.004,0.178,0.346,0.0
0.05,0.852,0.0,0.0,0.0,0.05,0.652,0.062,0.0,0.0,0.064,0.248,0.226,0.0,0.0,0.114,0.098,0.384,0.028,0.002,0.144,0.036,0.23,0.18,0.046,0.154,0.008,0.112,0.392,0.088
0.05,0.852,0.0,0.0,0.0,0.052,0.718,0.05,0.0,0.0,0.06,0.356,0.152,0.0,0.0,0.106,0.124,0.416,0.026,0.0,0.14,0.05,0.396,0.102,0.0,0.154,0.02,0.196,0.34,0.0
0.05,0.852,0.0,0.0,0.0,0.05,0.658,0.062,0.0,0.0,0.06,0.274,0.252,0.0,0.0,0.108,0.1,0.418,0.01,0.0,0.124,0.04,0.31,0.118,0.014,0.132,0.014,0.158,0.316,0.05
0.05,0.852,0.0,0.0,0.0,0.05,0.652,0.048,0.0,0.0,0.07,0.272,0.228,0.0,0.0,0.108,0.094,0.428,0.016,0.0,0.136,0.028,0.342,0.14,0.004,0.144,0.012,0.21,0.364,0.012
0.05,0.852,0.0,0.0,0.0,0.05,0.704,0.06,0.0,0.0,0.06,0.272,0.206,0.0,0.0,0.124,0.084,0.45,0.014,0.0,0.164,0.018,0.39,0.118,0.0,0.172,0.0,0.186,0.34,0.0
0.05,0.852,0.0,0.0,0.0,0.05,0.688,0.062,0.0,0.0,0.066,0.288,0.186,0.0,0.0,0.142,0.088,0.42,0.018,0.0,0.18,0.026,0.344,0.142,0.0,0.192,0.01,0.182,0.398,0.0
0.05,0.852,0.0,0.0,0.0,0.05,0.684,0.052,0.0,0.0,0.066,0.282,0.204,0.0,0.0,0.132,0.11,0.412,0.012,0.0,0.16,0.046,0.306,0.13,0.0,0.166,0.014,0.178,0.384,0.0
0.05,0.852,0.0,0.0,0.0,0.052,0.67,0.054,0.0,0.0,0.064,0.288,0.194,0.0,0.0,0.126,0.114,0.386,0.022,0.0,0.188,0.052,0.28,0.136,0.0,0.206,0.03,0.12,0.386,0.0
0.05,0.852,0.0,0.0,0.0,0.05,0.69,0.06,0.0,0.0,0.07,0.314,0.202,0.0,0.0,0.114,0.126,0.47,0.014,0.0,0.158,0.046,0.38,0.106,0.0,0.178,0.016,0.222,0.332,0.0
0.05,0.852,0.0,0.0,0.0,0.052,0.656,0.056,0.0,0.0,0.08,0.282,0.186,0.002,0.0,0.154,0.126,0.406,0.026,0.006,0.21,0.064,0.348,0.128,0.008,0.222,0.034,0.21,0.334,0.018
0.05,0.852,0.0,0.0,0.0,0.05,0.69,0.062,0.0,0.0,0.06,0.29,0.168,0.0,0.0,0.112,0.112,0.318,0.026,0.006,0.148,0.03,0.176,0.136,0.044,0.16,0.014,0.09,0.362,0.104
0.05,0.852,0.0,0.0,0.0,0.05,0.716,0.06,0.0,0.0,0.066,0.26,0.178,0.0,0.0,0.136,0.098,0.418,0.028,0.002,0.17,0.028,0.294,0.154,0.006,0.186,0.004,0.142,0.424,0.028
0.05,0.852,0.0,0.0,0.0,0.05,0.674,0.064,0.0,0.0,0.064,0.292,0.212,0.0,0.0,0.114,0.118,0.42,0.024,0.006,0.146,0.058,0.314,0.138,0.016,0.154,0.024,0.144,0.348,0.052
0.05,0.852,0.0,0.0,0.0,0.052,0.668,0.044,0.0,0.0,0.078,0.306,0.212,0.0,0.0,0.128,0.134,0.398,0.014,0.0,0.174,0.056,0.336,0.138,0.0,0.194,0.024,0.158,0.35,0.0
0.05,0.852,0.0,0.0,0.0,0.052,0.626,0.052,0.0,0.0,0.076,0.28,0.252,0.0,0.0,0.128,0.108,0.386,0.024,0.006,0.15,0.038,0.3,0.168,0.032,0.164,0.014,0.202,0.336,0.072
0.05,0.852,0.0,0.0,0.0,0.05,0.636,0.06,0.0,0.0,0.08,0.23,0.224,0.0,0.0,0.14,0.086,0.428,0.016,0.002,0.174,0.028,0.28,0.136,0.012,0.188,0.01,0.148,0.354,0.022
0.05,0.852,0.0,0.0,0.0,0.054,0.718,0.054,0.0,0.0,0.06,0.328,0.172,0.0,0.0,0.126,0.118,0.414,0.024,0.0,0.17,0.054,0.372,0.126,0.0,0.192,0.016,0.196,0.34,0.0
0.05,0.852,0.0,0.0,0.0,0.05,0.724,0.062,0.0,0.0,0.056,0.318,0.194,0.0,0.0,0.1,0.116,0.42,0.02,0.0,0.116,0.026,0.354,0.12,0.002,0.122,0.008,0.18,0.344,0.038
0.05,0.852,0.0,0.0,0.0,0.052,0.658,0.05,0.0,0.0,0.072,0.276,0.214,0.0,0.0,0.142,0.102,0.436,0.008,0.0,0.178,0.03,0.356,0.092,0.0,0.192,0.01,0.17,0.286,0.0
0.05,0.852,0.0,0.0,0.0,0.05,0.708,0.058,0.0,0.0,0.07,0.254,0.184,0.0,0.0,0.126,0.076,0.444,0.028,0.0,0.148,0.028,0.388,0.144,0.0,0.158,0.01,0.17,0.37,0.0
0.05,0.852,0.0,0.0,0.0,0.05,0.678,0.06,0.0,0.0,0.062,0.296,0.194,0.0,0.0,0.12,0.11,0.42,0.014,0.0,0.15,0.05,0.368,0.126,0.0,0.164,0.018,0.196,0.358,0.0
0.05,0.852,0.0,0.0,0.0,0.052,0.622,0.052,0.0,0.0,0.074,0.274,0.186,0.0,0.0,0.134,0.088,0.294,0.02,0.002,0.19,0.028,0.16,0.146,0.042,0.208,0.006,0.058,0.346,0.084
0.05,0.852,0.0,0.0,0.0,0.05,0.726,0.056,0.0,0.0,0.064,0.294,0.182,0.0,0.0,0.11,0.132,0.442,0.026,0.0,0.148,0.06,0.406,0.142,0.0,0.17,0.024,0.198,0.348,0.0
0.05,0.852,0.0,0.0,0.0,0.05,0.676,0.056,0.0,0.0,0.064,0.264,0.208,0.0,0.0,0.134,0.1,0.444,0.02,0.0,0.176,0.032,0.28,0.16,0.004,0.188,0.016,0.142,0.41,0.006
0.05,0.852,0.0,0.0,0.0,0.05,0.674,0.062,0.0,0.0,0.064,0.256,0.206,0.0,0.0,0.1,0.088,0.494,0.022,0.0,0.124,0.032,0.364,0.13,0.01,0.134,0.014,0.15,0.412,0.016
0.05,0.852,0.0,0.0,0.0,0.052,0.706,0.062,0.0,0.0,0.066,0.326,0.188,0.002,0.0,0.12,0.13,0.426,0.016,0.0,0.16,0.054,0.394,0.11,0.0,0.182,0.02,0.216,0.318,0.0
0.05,0.852,0.0,0.0,0.0,0.05,0.686,0.054,0.0,0.0,0.076,0.278,0.188,0.0,0.0,0.16,0.098,0.392,0.016,0.0,0.232,0.03,0.322,0.122,0.0,0.262,0.012,0.182,0.32,0.0
0.05,0.852,0.0,0.0,0.0,0.05,0.648,0.056,0.0,0.0,0.07,0.288,0.24,0.0,0.0,0.096,0.104,0.42,0.026,0.006,0.122,0.042,0.314,0.138,0.054,0.134,0.018,0.158,0.332,0.122
0.05,0.852,0.0,0.0,0.0,0.05,0.73,0.056,0.0,0.0,0.072,0.336,0.188,0.0,0.0,0.1,0.096,0.438,0.014,0.0,0.134,0.028,0.426,0.11,0.0,0.152,0.016,0.234,0.326,0.014
0.05,0.852,0.0,0.0,0.0,0.052,0.668,0.048,0.0,0.0,0.072,0.24,0.206,0.0,0.0,0.136,0.094,0.416,0.016,0.0,0.182,0.04,0.312,0.096,0.01,0.192,0.012,0.156,0.26,0.062
0.05,0.852,0.0,0.0,0.0,0.054,0.678,0.052,0.0,0.0,0.074,0.294,0.186,0.0,0.0,0.106,0.106,0.41,0.024,0.0,0.142,0.042,0.334,0.118,0.002,0.156,0.024,0.15,0.35,0.004
0.05,0.852,0.0,0.0,0.0,0.05,0.708,0.068,0.0,0.0,0.07,0.306,0.18,0.0,0.0,0.118,0.118,0.436,0.016,0.0,0.146,0.062,0.386,0.104,0.0,0.162,0.03,0.174,0.3,0.0
0.05,0.852,0.0,0.0,0.0,0.052,0.632,0.044,0.0,0.0,0.08,0.242,0.216,0.0,0.0,0.124,0.094,0.416,0.008,0.0,0.168,0.042,0.266,0.14,0.006,0.176,0.018,0.13,0.37,0.022
0.05,0.852,0.0,0.0,0.0,0.052,0.656,0.048,0.0,0.0,0.068,0.276,0.198,0.0,0.0,0.144,0.076,0.432,0.028,0.0,0.198,0.036,0.352,0.13,0.0,0.21,0.012,0.16,0.344,0.0
0.05,0.852,0.0,0.0,0.0,0.054,0.668,0.05,0.0,0.0,0.088,0.316,0.198,0.0,0.0,0.152,0.118,0.366,0.032,0.0,0.2,0.056,0.316,0.154,0.0,0.22,0.034,0.176,0.356,0.0
0.05,0.852,0.0,0.0,0.0,0.056,0.678,0.046,0.0,0.0,0.068,0.294,0.21,0.0,0.0,0.106,0.112,0.414,0.022,0.002,0.14,0.054,0.328,0.116,0.016,0.146,0.034,0.166,0.308,0.058
0.05,0.852,0.0,0.0,0.0,0.05,0.652,0.062,0.0,0.0,0.08,0.234,0.188,0.0,0.0,0.14,0.1,0.468,0.022,0.0,0.168,0.034,0.37,0.086,0.0,0.18,0.004,0.162,0.318,0.0
0.05,0.852,0.0,0.0,0.0,0.05,0.66,0.068,0.0,0.0,0.068,0.258,0.23,0.0,0.0,0.124,0.09,0.426,0.014,0.012,0.14,0.026,0.292,0.112,0.06,0.166,0.01,0.144,0.294,0.144
0.05,0.852,0.0,0.0,0.0,0.05,0.676,0.04,0.0,0.0,0.078,0.292,0.2,0.0,0.0,0.156,0.1,0.412,0.016,0.0,0.19,0.038,0.406,0.11,0.0,0.204,0.01,0.2,0.286,0.0
0.05,0.852,0.0,0.0,0.0,0.05,0.65,0.046,0.0,0.0,0.066,0.256,0.246,0.0,0.0,0.126,0.09,0.454,0.024,0.0,0.154,0.03,0.368,0.152,0.0,0.172,0.018,0.192,0.384,0.0
0.05,0.852,0.0,0.0,0.0,0.05,0.63,0.072,0.0,0.0,0.08,0.246,0.226,0.0,0.0,0.17,0.094,0.422,0.016,0.004,0.202,0.03,0.316,0.122,0.018,0.22,0.004,0.172,0.32,0.048
0.05,0.852,0.0,0.0,0.0,0.05,0.66,0.058,0.0,0.0,0.066,0.262,0.204,0.0,0.0,0.13,0.068,0.422,0.014,0.0,0.152,0.016,0.374,0.094,0.022,0.158,0.006,0.182,0.266,0.046
0.05,0.852,0.0,0.0,0.0,0.054,0.69,0.054,0.0,0.0,0.068,0.322,0.194,0.0,0.0,0.092,0.116,0.34,0.02,0.008,0.108,0.038,0.242,0.126,0.048,0.124,0.014,0.086,0.338,0.11
0.05,0.852,0.0,0.0,0.0,0.052,0.724,0.058,0.0,0.0,0.064,0.322,0.174,0.0,0.0,0.14,0.106,0.43,0.022,0.0,0.192,0.036,0.438,0.094,0.0,0.212,0.012,0.254,0.294,0.0
0.05,0.852,0.0,0.0,0.0,0.05,0.654,0.062,0.0,0.0,0.056,0.286,0.228,0.0,0.0,0.078,0.1,0.424,0.016,0.004,0.096,0.034,0.306,0.14,0.02,0.102,0.01,0.104,0.354,0.058
0.05,0.852,0.0,0.0,0.0,0.05,0.636,0.056,0.0,0.0,0.07,0.262,0.218,0.0,0.0,0.122,0.088,0.442,0.02,0.0,0.154,0.036,0.322,0.128,0.0,0.164,0.004,0.18,0.384,0.0
0.05,0.852,0.0,0.0,0.0,0.05,0.716,0.064,0.0,0.0,0.072,0.292,0.17,0.0,0.0,0.156,0.082,0.404,0.02,0.0,0.208,0.028,0.332,0.112,0.026,0.23,0.02,0.178,0.31,0.058
0.05,0.852,0.0,0.0,0.0,0.05,0.684,0.052,0.0,0.0,0.072,0.338,0.186,0.0,0.0,0.114,0.14,0.336,0.03,0.002,0.14,0.054,0.232,0.126,0.024,0.146,0.018,0.132,0.314,0.096
0.05,0.852,0.0,0.0,0.0,0.05,0.674,0.054,0.0,0.0,0.08,0.278,0.192,0.0,0.0,0.128,0.084,0.42,0.034,0.0,0.162,0.03,0.354,0.164,0.004,0.18,0.012,0.164,0.4,0.008
0.05,0.852,0.0,0.0,0.0,0.05,0.658,0.052,0.0,0.0,0.08,0.28,0.21,0.0,0.0,0.144,0.126,0.39,0.026,0.0,0.202,0.05,0.328,0.136,0.0,0.21,0.016,0.168,0.332,0.0
0.05,0.852,0.0,0.0,0.0,0.052,0.66,0.058,0.0,0.0,0.072,0.282,0.236,0.0,0.0,0.104,0.102,0.436,0.008,0.0,0.12,0.038,0.35,0.122,0.002,0.124,0.014,0.168,0.394,0.004
0.05,0.852,0.0,0.0,0.0,0.05,0.652,0.07,0.0,0.0,0.06,0.286,0.256,0.0,0.0,0.088,0.102,0.436,0.034,0.004,0.104,0.042,0.306,0.162,0.028,0.118,0.014,0.142,0.38,0.09
0.05,0.852,0.0,0.0,0.0,0.05,0.66,0.054,0.0,0.0,0.08,0.274,0.232,0.0,0.0,0.13,0.098,0.478,0.018,0.0,0.158,0.03,0.402,0.112,0.0,0.166,0.012,0.234,0.312,0.0
0.05,0.852,0.0,0.0,0.0,0.05,0.628,0.058,0.0,0.0,0.076,0.286,0.202,0.0,0.0,0.152,0.104,0.324,0.022,0.01,0.188,0.042,0.22,0.164,0.054,0.204,0.016,0.12,0.322,0.13
0.05,0.852,0.0,0.0,0.0,0.05,0.664,0.046,0.0,0.0,0.078,0.26,0.186,0.0,0.0,0.164,0.1,0.412,0.01,0.0,0.22,0.034,0.31,0.108,0.0,0.246,0.02,0.144,0.332,0.0
0.05,0.852,0.0,0.0,0.0,0.056,0.642,0.058,0.0,0.0,0.074,0.268,0.23,0.0,0.0,0.13,0.088,0.462,0.02,0.0,0.164,0.026,0.408,0.132,0.0,0.18,0.01,0.256,0.334,0.002
0.05,0.852,0.0,0.0,0.0,0.05,0.722,0.064,0.0,0.0,0.058,0.264,0.162,0.0,0.0,0.126,0.068,0.426,0.026,0.006,0.186,0.012,0.298,0.106,0.028,0.194,0.0,0.144,0.348,0.08
0.05,0.852,0.0,0.0,0.0,0.052,0.67,0.052,0.0,0.0,0.07,0.294,0.204,0.0,0.0,0.116,0.138,0.406,0.018,0.0,0.14,0.056,0.308,0.116,0.002,0.15,0.026,0.174,0.344,0.006
0.05,0.852,0.0,0.0,0.0,0.052,0.682,0.042,0.0,0.0,0.092,0.328,0.21,0.0,0.0,0.138,0.138,0.406,0.024,0.0,0.172,0.05,0.344,0.146,0.0,0.188,0.018,0.182,0.384,0.0
0.05,0.852,0.0,0.0,0.0,0.05,0.65,0.06,0.0,0.0,0.072,0.252,0.202,0.0,0.0,0.158,0.092,0.442,0.04,0.0,0.204,0.026,0.378,0.15,0.0,0.22,0.008,0.23,0.354,0.0
0.05,0.852,0.0,0.0,0.0,0.05,0.668,0.068,0.0,0.0,0.062,0.27,0.236,0.0,0.0,0.084,0.086,0.42,0.022,0.016,0.092,0.034,0.278,0.138,0.07,0.096,0.012,0.116,0.338,0.166
0.05,0.852,0.0,0.0,0.0,0.05,0.668,0.046,0.0,0.0,0.076,0.234,0.184,0.0,0.0,0.14,0.072,0.434,0.022,0.0,0.174,0.024,0.32,0.124,0.0,0.194,0.002,0.124,0.388,0.0
0.05,0.852,0.0,0.0,0.0,0.05,0.692,0.056,0.0,0.0,0.072,0.316,0.178,0.0,0.0,0.116,0.12,0.43,0.012,0.0,0.14,0.062,0.368,0.098,0.0,0.15,0.024,0.158,0.33,0.0
0.05,0.852,0.0,0.0,0.0,0.052,0.664,0.06,0.0,0.0,0.088,0.264,0.214,0.0,0.0,0.176,0.076,0.424,0.022,0.0,0.234,0.03,0.31,0.13,0.0,0.256,0.01,0.148,0.354,0.016
0.05,0.852,0.0,0.0,0.0,0.05,0.684,0.048,0.0,0.0,0.066,0.336,0.198,0.0,0.0,0.142,0.114,0.366,0.01,0.0,0.17,0.054,0.306,0.118,0.0,0.186,0.018,0.152,0.33,0.0
0.05,0.852,0.0,0.0,0.0,0.052,0.658,0.062,0.0,0.0,0.07,0.272,0.216,0.0,0.0,0.164,0.132,0.414,0.016,0.0,0.204,0.036,0.322,0.134,0.0,0.23,0.012,0.198,0.352,0.0
0.05,0.852,0.0,0.0,0.0,0.054,0.688,0.058,0.0,0.0,0.056,0.27,0.19,0.0,0.0,0.07,0.064,0.372,0.012,0.0,0.112,0.026,0.238,0.12,0.032,0.114,0.008,0.072,0.358,0.096
0.05,0.852,0.0,0.0,0.0,0.05,0.738,0.068,0.0,0.0,0.052,0.344,0.18,0.0,0.0,0.086,0.104,0.438,0.02,0.0,0.116,0.03,0.412,0.114,0.0,0.134,0.01,0.172,0.362,0.0
0.05,0.852,0.0,0.0,0.0,0.05,0.676,0.05,0.0,0.0,0.076,0.316,0.168,0.0,0.0,0.142,0.096,0.364,0.028,0.002,0.192,0.028,0.288,0.144,0.008,0.214,0.012,0.124,0.376,0.016
0.05,0.852,0.0,0.0,0.0,0.05,0.662,0.06,0.0,0.0,0.06,0.302,0.178,0.0,0.0,0.104,0.104,0.328,0.022,0.004,0.122,0.03,0.232,0.12,0.032,0.126,0.016,0.092,0.354,0.08
0.05,0.852,0.0,0.0,0.0,0.052,0.62,0.046,0.0,0.0,0.072,0.23,0.25,0.0,0.0,0.128,0.044,0.376,0.01,0.002,0.152,0.018,0.244,0.118,0.042,0.162,0.004,0.076,0.328,0.112
0.05,0.852,0.0,0.0,0.0,0.052,0.66,0.058,0.0,0.0,0.078,0.24,0.192,0.0,0.0,0.122,0.07,0.426,0.008,0.0,0.144,0.028,0.312,0.112,0.0,0.156,0.008,0.138,0.348,0.002
0.05,0.852,0.0,0.0,0.0,0.052,0.66,0.054,0.0,0.0,0.074,0.274,0.19,0.0,0.0,0.12,0.108,0.354,0.03,0.02,0.136,0.036,0.212,0.138,0.064,0.144,0.008,0.094,0.326,0.17
0.05,0.852,0.0,0.0,0.0,0.05,0.704,0.054,0.0,0.0,0.07,0.326,0.204,0.0,0.0,0.114,0.154,0.408,0.02,0.0,0.146,0.058,0.312,0.138,0.0,0.158,0.02,0.188,0.376,0.0
0.05,0.852,0.0,0.0,0.0,0.05,0.716,0.056,0.0,0.0,0.062,0.238,0.138,0.0,0.0,0.132,0.062,0.404,0.02,0.006,0.17,0.018,0.2,0.126,0.034,0.188,0.002,0.044,0.374,0.116
0.05,0.852,0.0,0.0,0.0,0.05,0.674,0.048,0.0,0.0,0.07,0.266,0.194,0.0,0.0,0.148,0.09,0.386,0.016,0.0,0.178,0.038,0.32,0.132,0.0,0.19,0.012,0.138,0.372,0.0
0.05,0.852,0.0,0.0,0.0,0.05,0.648,0.056,0.0,0.0,0.074,0.308,0.246,0.0,0.0,0.13,0.116,0.352,0.012,0.002,0.168,0.044,0.308,0.112,0.038,0.19,0.022,0.174,0.274,0.092
0.05,0.852,0.0,0.0,0.0,0.05,0.634,0.06,0.0,0.0,0.09,0.306,0.226,0.0,0.0,0.142,0.128,0.426,0.018,0.0,0.192,0.038,0.352,0.126,0.0,0.222,0.008,0.238,0.322,0.0
0.05,0.852,0.0,0.0,0.0,0.052,0.67,0.056,0.0,0.0,0.076,0.298,0.196,0.0,0.0,0.154,0.118,0.42,0.018,0.0,0.188,0.046,0.406,0.118,0.0,0.2,0.022,0.264,0.296,0.0
0.05,0.852,0.0,0.0,0.0,0.054,0.644,0.048,0.0,0.0,0.076,0.284,0.232,0.0,0.0,0.114,0.096,0.454,0.018,0.0,0.154,0.04,0.41,0.134,0.0,0.17,0.016,0.238,0.332,0.0
0.05,0.852,0.0,0.0,0.0,0.05,0.644,0.06,0.0,0.0,0.062,0.27,0.236,0.0,0.0,0.122,0.1,0.418,0.026,0.0,0.16,0.03,0.344,0.146,0.0,0.18,0.014,0.194,0.35,0.0
0.05,0.852,0.0,0.0,0.0,0.05,0.65,0.048,0.0,0.0,0.082,0.26,0.184,0.0,0.0,0.128,0.11,0.376,0.008,0.004,0.176,0.032,0.228,0.092,0.012,0.192,0.01,0.112,0.318,0.056
0.05,0.852,0.0,0.0,0.0,0.054,0.696,0.068,0.0,0.0,0.058,0.264,0.212,0.0,0.0,0.12,0.094,0.45,0.018,0.0,0.166,0.018,0.326,0.15,0.0,0.178,0.008,0.154,0.402,0.0
0.05,0.852,0.0,0.0,0.0,0.054,0.7,0.054,0.0,0.0,0.07,0.296,0.166,0.0,0.0,0.144,0.104,0.432,0.026,0.0,0.186,0.034,0.388,0.102,0.0,0.204,0.01,0.18,0.33,0.0
0.05,0.852,0.0,0.0,0.0,0.05,0.682,0.07,0.0,0.0,0.064,0.286,0.196,0.0,0.0,0.126,0.088,0.398,0.042,0.0,0.178,0.028,0.316,0.17,0.0,0.192,0.006,0.142,0.42,0.0
0.05,0.852,0.0,0.0,0.0,0.054,0.636,0.056,0.0,0.0,0.072,0.262,0.198,0.0,0.0,0.158,0.074,0.35,0.028,0.008,0.194,0.026,0.224,0.138,0.034,0.218,0.012,0.072,0.348,0.09
0.05,0.852,0.0,0.0,0.0,0.052,0.658,0.05,0.0,0.0,0.088,0.272,0.206,0.0,0.0,0.136,0.086,0.384,0.012,0.002,0.176,0.038,0.24,0.138,0.012,0.19,0.018,0.09,0.386,0.034
0.05,0.852,0.0,0.0,0.0,0.052,0.634,0.064,0.0,0.0,0.07,0.278,0.236,0.0,0.0,0.122,0.108,0.432,0.012,0.0,0.136,0.042,0.358,0.13,0.0,0.148,0.024,0.196,0.324,0.002
0.05,0.852,0.0,0.0,0.0,0.05,0.716,0.06,0.0,0.0,0.06,0.288,0.174,0.0,0.0,0.126,0.096,0.418,0.028,0.002,0.182,0.018,0.318,0.136,0.002,0.196,0.006,0.194,0.372,0.02
0.05,0.852,0.0,0.0,0.0,0.052,0.682,0.058,0.0,0.0,0.078,0.294,0.188,0.0,0.0,0.184,0.102,0.356,0.034,0.0,0.23,0.038,0.302,0.146,0.0,0.26,0.012,0.136,0.364,0.0
0.05,0.852,0.0,0.0,0.0,0.052,0.616,0.058,0.0,0.0,0.082,0.276,0.234,0.0,0.0,0.13,0.104,0.426,0.022,0.0,0.17,0.044,0.338,0.142,0.004,0.184,0.022,0.202,0.378,0.008
0.05,0.852,0.0,0.0,0.0,0.05,0.684,0.046,0.0,0.0,0.074,0.316,0.156,0.0,0.0,0.108,0.122,0.366,0.024,0.002,0.146,0.05,0.238,0.122,0.012,0.16,0.026,0.104,0.366,0.048
0.05,0.852,0.0,0.0,0.0,0.05,0.708,0.056,0.0,0.0,0.06,0.318,0.166,0.0,0.0,0.108,0.112,0.382,0.024,0.0,0.142,0.048,0.3,0.142,0.002,0.16,0.016,0.132,0.374,0.014
0.05,0.852,0.0,0.0,0.0,0.05,0.664,0.05,0.0,0.0,0.084,0.276,0.196,0.0,0.0,0.164,0.098,0.42,0.032,0.0,0.204,0.034,0.298,0.126,0.0,0.218,0.014,0.168,0.364,0.0
0.05,0.852,0.0,0.0,0.0,0.05,0.724,0.064,0.0,0.0,0.072,0.31,0.18,0.0,0.0,0.118,0.11,0.396,0.03,0.0,0.15,0.042,0.38,0.15,0.006,0.164,0.01,0.208,0.348,0.01
0.05,0.852,0.0,0.0,0.0,0.052,0.71,0.062,0.0,0.0,0.056,0.224,0.168,0.0,0.0,0.112,0.074,0.432,0.026,0.008,0.134,0.028,0.21,0.142,0.036,0.14,0.0,0.06,0.392,0.102
0.05,0.852,0.0,0.0,0.0,0.052,0.664,0.054,0.0,0.0,0.072,0.3,0.196,0.0,0.0,0.114,0.128,0.332,0.018,0.002,0.15,0.048,0.228,0.126,0.018,0.168,0.022,0.104,0.306,0.062
0.05,0.852,0.0,0.0,0.0,0.05,0.676,0.058,0.0,0.0,0.068,0.36,0.202,0.0,0.0,0.106,0.144,0.382,0.022,0.0,0.14,0.048,0.372,0.148,0.0,0.162,0.02,0.25,0.334,0.0
0.05,0.852,0.0,0.0,0.0,0.052,0.67,0.064,0.0,0.0,0.064,0.326,0.194,0.0,0.0,0.118,0.134,0.372,0.016,0.0,0.152,0.044,0.266,0.112,0.018,0.178,0.018,0.156,0.32,0.066
0.05,0.852,0.0,0.0,0.0,0.052,0.666,0.054,0.0,0.0,0.066,0.25,0.232,0.0,0.0,0.112,0.062,0.428,0.004,0.0,0.154,0.014,0.326,0.12,0.01,0.164,0.004,0.13,0.35,0.03
0.05,0.852,0.0,0.0,0.0,0.05,0.644,0.048,0.0,0.0,0.08,0.258,0.232,0.0,0.0,0.142,0.084,0.416,0.008,0.0,0.19,0.026,0.286,0.092,0.0,0.21,0.006,0.122,0.356,0.0
0.05,0.852,0.0,0.0,0.0,0.052,0.648,0.056,0.0,0.0,0.08,0.26,0.246,0.0,0.0,0.14,0.094,0.472,0.014,0.0,0.174,0.038,0.362,0.154,0.0,0.188,0.004,0.184,0.38,0.0
0.05,0.852,0.0,0.0,0.0,0.05,0.668,0.062,0.0,0.0,0.064,0.26,0.242,0.0,0.0,0.094,0.094,0.434,0.018,0.012,0.114,0.034,0.316,0.134,0.064,0.122,0.012,0.148,0.33,0.146
0.05,0.852,0.0,0.0,0.0,0.052,0.682,0.054,0.0,0.0,0.076,0.276,0.158,0.0,0.0,0.148,0.062,0.382,0.016,0.0,0.186,0.008,0.316,0.114,0.0,0.198,0.004,0.092,0.36,0.004
0.05,0.852,0.0,0.0,0.0,0.05,0.698,0.05,0.0,0.0,0.064,0.28,0.192,0.0,0.0,0.108,0.1,0.412,0.006,0.0,0.14,0.032,0.322,0.118,0.0,0.152,0.01,0.142,0.392,0.0
0.05,0.852,0.0,0.0,0.0,0.052,0.644,0.054,0.0,0.0,0.068,0.302,0.214,0.0,0.0,0.12,0.1,0.388,0.006,0.0,0.144,0.048,0.336,0.12,0.002,0.154,0.024,0.174,0.34,0.026
0.05,0.852,0.0,0.0,0.0,0.052,0.68,0.044,0.0,0.0,0.078,0.338,0.198,0.002,0.0,0.13,0.15,0.392,0.03,0.0,0.182,0.058,0.334,0.14,0.0,0.196,0.02,0.216,0.348,0.0
0.05,0.852,0.0,0.0,0.0,0.052,0.64,0.048,0.0,0.0,0.078,0.216,0.198,0.0,0.0,0.144,0.06,0.374,0.01,0.008,0.182,0.014,0.208,0.11,0.04,0.188,0.008,0.046,0.312,0.12
0.05,0.852,0.0,0.0,0.0,0.052,0.682,0.066,0.0,0.0,0.064,0.258,0.208,0.0,0.0,0.148,0.09,0.472,0.03,0.0,0.192,0.036,0.392,0.146,0.0,0.196,0.022,0.204,0.372,0.0
0.05,0.852,0.0,0.0,0.0,0.052,0.66,0.068,0.0,0.0,0.068,0.28,0.226,0.0,0.0,0.11,0.1,0.49,0.026,0.0,0.134,0.046,0.428,0.134,0.0,0.146,0.016,0.258,0.362,0.0
0.05,0.852,0.0,0.0,0.0,0.052,0.646,0.042,0.0,0.0,0.078,0.266,0.212,0.0,0.0,0.164,0.102,0.408,0.016,0.0,0.194,0.046,0.32,0.11,0.036,0.212,0.022,0.154,0.288,0.07
0.05,0.852,0.0,0.0,0.0,0.054,0.658,0.052,0.0,0.0,0.078,0.292,0.226,0.0,0.0,0.158,0.124,0.414,0.026,0.0,0.196,0.05,0.362,0.138,0.0,0.216,0.022,0.21,0.34,0.0
0.05,0.852,0.0,0.0,0.0,0.052,0.674,0.056,0.0,0.0,0.07,0.28,0.22,0.0,0.0,0.102,0.064,0.434,0.02,0.0,0.122,0.024,0.376,0.144,0.0,0.132,0.008,0.184,0.386,0.0
0.05,0.852,0.0,0.0,0.0,0.05,0.668,0.054,0.0,0.0,0.07,0.294,0.224,0.0,0.0,0.114,0.096,0.434,0.014,0.0,0.144,0.032,0.354,0.126,0.008,0.158,0.016,0.194,0.35,0.018
0.05,0.852,0.0,0.0,0.0,0.05,0.736,0.056,0.0,0.0,0.066,0.33,0.15,0.0,0.0,0.11,0.138,0.42,0.016,0.0,0.146,0.054,0.374,0.12,0.0,0.154,0.024,0.164,0.356,0.0
0.05,0.852,0.0,0.0,0.0,0.05,0.686,0.058,0.0,0.0,0.072,0.24,0.182,0.0,0.0,0.16,0.058,0.44,0.012,0.0,0.22,0.02,0.36,0.132,0.0,0.236,0.004,0.114,0.364,0.0
0.05,0.852,0.0,0.0,0.0,0.052,0.674,0.058,0.0,0.0,0.08,0.318,0.172,0.0,0.0,0.168,0.112,0.394,0.026,0.0,0.204,0.042,0.364,0.104,0.0,0.222,0.014,0.216,0.326,0.0
0.05,0.852,0.0,0.0,0.0,0.05,0.656,0.046,0.0,0.0,0.068,0.268,0.226,0.0,0.0,0.112,0.1,0.442,0.022,0.01,0.134,0.038,0.324,0.112,0.054,0.142,0.016,0.156,0.292,0.14
0.05,0.852,0.0,0.0,0.0,0.052,0.632,0.056,0.0,0.0,0.08,0.258,0.202,0.0,0.0,0.162,0.088,0.39,0.026,0.0,0.228,0.03,0.262,0.14,0.006,0.246,0.012,0.114,0.376,0.012
0.05,0.852,0.0,0.0,0.0,0.052,0.648,0.06,0.0,0.0,0.076,0.29,0.226,0.0,0.0,0.126,0.112,0.432,0.034,0.0,0.144,0.036,0.384,0.148,0.002,0.158,0.02,0.202,0.352,0.006
0.05,0.852,0.0,0.0,0.0,0.05,0.724,0.058,0.0,0.0,0.058,0.34,0.19,0.0,0.0,0.106,0.098,0.414,0.012,0.0,0.132,0.04,0.374,0.15,0.0,0.142,0.012,0.176,0.406,0.0
0.05,0.852,0.0,0.0,0.0,0.05,0.668,0.052,0.0,0.0,0.064,0.268,0.2,0.0,0.0,0.122,0.09,0.35,0.016,0.002,0.152,0.032,0.234,0.124,0.014,0.158,0.008,0.092,0.358,0.03
0.05,0.852,0.0,0.0,0.0,0.05,0.67,0.058,0.0,0.0,0.064,0.332,0.18,0.0,0.0,0.1,0.136,0.35,0.028,0.012,0.118,0.048,0.222,0.152,0.056,0.13,0.022,0.132,0.344,0.126
0.05,0.852,0.0,0.0,0.0,0.05,0.694,0.048,0.0,0.0,0.066,0.264,0.186,0.0,0.0,0.128,0.086,0.446,0.014,0.0,0.168,0.028,0.336,0.126,0.002,0.182,0.008,0.132,0.396,0.018
0.05,0.852,0.0,0.0,0.0,0.05,0.666,0.062,0.0,0.0,0.086,0.256,0.172,0.0,0.0,0.176,0.09,0.41,0.04,0.0,0.216,0.024,0.326,0.132,0.0,0.242,0.008,0.148,0.382,0.002
0.05,0.852,0.0,0.0,0.0,0.054,0.678,0.054,0.0,0.0,0.078,0.306,0.202,0.0,0.0,0.138,0.12,0.398,0.018,0.0,0.182,0.038,0.284,0.132,0.0,0.194,0.02,0.178,0.36,0.0
0.05,0.852,0.0,0.0,0.0,0.05,0.658,0.05,0.0,0.0,0.07,0.3,0.2,0.0,0.0,0.116,0.124,0.372,0.022,0.002,0.136,0.044,0.226,0.108,0.026,0.152,0.01,0.11,0.334,0.068
0.05,0.852,0.0,0.0,0.0,0.052,0.686,0.056,0.0,0.0,0.086,0.264,0.194,0.0,0.0,0.172,0.078,0.434,0.014,0.0,0.218,0.022,0.374,0.108,0.0,0.234,0.01,0.172,0.34,0.0
0.05,0.852,0.0,0.0,0.0,0.052,0.68,0.048,0.0,0.0,0.062,0.266,0.176,0.0,0.0,0.136,0.104,0.378,0.012,0.0,0.162,0.04,0.246,0.124,0.0,0.174,0.014,0.088,0.372,0.002
0.05,0.852,0.0,0.0,0.0,0.052,0.698,0.066,0.0,0.0,0.058,0.316,0.212,0.0,0.0,0.078,0.112,0.436,0.02,0.0,0.1,0.044,0.346,0.118,0.01,0.108,0.016,0.162,0.342,0.036
0.05,0.852,0.0,0.0,0.0,0.05,0.61,0.068,0.0,0.0,0.086,0.302,0.248,0.0,0.002,0.128,0.126,0.39,0.016,0.008,0.174,0.042,0.328,0.142,0.04,0.192,0.014,0.188,0.296,0.09
0.05,0.852,0.0,0.0,0.0,0.052,0.668,0.06,0.0,0.0,0.062,0.324,0.208,0.0,0.0,0.096,0.128,0.368,0.028,0.002,0.12,0.046,0.282,0.152,0.016,0.14,0.014,0.154,0.39,0.032
0.05,0.852,0.0,0.0,0.0,0.05,0.678,0.056,0.0,0.0,0.08,0.3,0.186,0.0,0.0,0.14,0.096,0.418,0.008,0.0,0.19,0.046,0.336,0.082,0.0,0.196,0.016,0.178,0.302,0.0
0.05,0.852,0.0,0.0,0.0,0.05,0.692,0.054,0.0,0.0,0.062,0.31,0.192,0.0,0.0,0.12,0.112,0.412,0.016,0.0,0.162,0.032,0.356,0.128,0.0,0.172,0.008,0.228,0.364,0.0
0.05,0.852,0.0,0.0,0.0,0.05,0.686,0.06,0.0,0.0,0.07,0.292,0.176,0.0,0.0,0.172,0.122,0.41,0.026,0.0,0.208,0.058,0.314,0.128,0.0,0.22,0.018,0.138,0.356,0.0
0.05,0.852,0.0,0.0,0.0,0.05,0.688,0.058,0.0,0.0,0.066,0.222,0.188,0.0,0.0,0.13,0.046,0.46,0.028,0.004,0.168,0.012,0.318,0.122,0.01,0.178,0.002,0.13,0.38,0.048
0.05,0.852,0.0,0.0,0.0,0.05,0.642,0.058,0.0,0.0,0.07,0.298,0.218,0.0,0.0,0.12,0.122,0.448,0.018,0.0,0.158,0.026,0.332,0.108,0.0,0.188,0.012,0.21,0.35,0.0
0.05,0.852,0.0,0.0,0.0,0.05,0.722,0.054,0.0,0.0,0.06,0.254,0.158,0.0,0.0,0.102,0.068,0.414,0.02,0.006,0.144,0.02,0.258,0.12,0.028,0.156,0.008,0.092,0.348,0.074
0.05,0.852,0.0,0.0,0.0,0.052,0.652,0.064,0.0,0.0,0.064,0.282,0.23,0.0,0.0,0.108,0.11,0.45,0.018,0.0,0.144,0.04,0.338,0.13,0.0,0.152,0.024,0.196,0.37,0.0
0.05,0.852,0.0,0.0,0.0,0.05,0.698,0.05,0.0,0.0,0.06,0.322,0.188,0.0,0.0,0.12,0.122,0.424,0.024,0.0,0.158,0.062,0.406,0.124,0.0,0.184,0.024,0.23,0.314,0.0
0.05,0.852,0.0,0.0,0.0,0.052,0.686,0.058,0.0,0.0,0.074,0.326,0.204,0.0,0.0,0.142,0.136,0.384,0.022,0.0,0.184,0.056,0.33,0.116,0.0,0.212,0.022,0.17,0.336,0.0
0.05,0.852,0.0,0.0,0.0,0.05,0.686,0.06,0.0,0.0,0.054,0.322,0.232,0.0,0.0,0.098,0.144,0.408,0.028,0.008,0.116,0.07,0.28,0.128,0.034,0.132,0.024,0.158,0.336,0.084
0.05,0.852,0.0,0.0,0.0,0.052,0.722,0.054,0.0,0.0,0.066,0.258,0.202,0.0,0.0,0.132,0.09,0.456,0.024,0.0,0.17,0.028,0.422,0.14,0.0,0.184,0.006,0.206,0.34,0.0
0.05,0.852,0.0,0.0,0.0,0.05,0.65,0.044,0.0,0.0,0.066,0.202,0.198,0.0,0.0,0.142,0.048,0.39,0.02,0.002,0.174,0.016,0.2,0.148,0.036,0.19,0.01,0.044,0.378,0.11
0.05,0.852,0.0,0.0,0.0,0.05,0.662,0.05,0.0,0.0,0.064,0.262,0.184,0.0,0.0,0.124,0.082,0.394,0.016,0.0,0.15,0.03,0.276,0.108,0.006,0.16,0.012,0.11,0.34,0.018
0.05,0.852,0.0,0.0,0.0,0.05,0.678,0.056,0.0,0.0,0.062,0.272,0.206,0.0,0.0,0.106,0.092,0.466,0.012,0.002,0.13,0.03,0.314,0.124,0.006,0.142,0.014,0.162,0.378,0.012
0.05,0.852,0.0,0.0,0.0,0.05,0.66,0.058,0.0,0.0,0.082,0.338,0.196,0.0,0.0,0.128,0.154,0.396,0.024,0.0,0.166,0.064,0.362,0.14,0.0,0.174,0.028,0.25,0.332,0.0
0.05,0.852,0.0,0.0,0.0,0.052,0.676,0.062,0.0,0.0,0.064,0.316,0.202,0.0,0.0,0.114,0.134,0.378,0.028,0.002,0.156,0.048,0.31,0.162,0.004,0.164,0.026,0.166,0.378,0.006
0.05,0.852,0.0,0.0,0.0,0.054,0.672,0.044,0.0,0.0,0.072,0.3,0.19,0.0,0.0,0.18,0.094,0.388,0.022,0.0,0.232,0.04,0.324,0.126,0.0,0.238,0.012,0.168,0.356,0.0
0.05,0.852,0.0,0.0,0.0,0.05,0.72,0.056,0.0,0.0,0.058,0.298,0.19,0.0,0.0,0.094,0.1,0.456,0.02,0.0,0.112,0.032,0.43,0.136,0.0,0.12,0.006,0.192,0.372,0.0
0.05,0.852,0.0,0.0,0.0,0.052,0.714,0.052,0.0,0.0,0.058,0.35,0.19,0.0,0.0,0.1,0.122,0.394,0.016,0.0,0.134,0.044,0.324,0.12,0.0,0.154,0.026,0.186,0.366,0.0
0.05,0.852,0.0,0.0,0.0,0.05,0.696,0.042,0.0,0.0,0.07,0.316,0.18,0.0,0.0,0.108,0.114,0.386,0.026,0.0,0.146,0.042,0.344,0.13,0.0,0.164,0.022,0.148,0.38,0.0
0.05,0.852,0.0,0.0,0.0,0.05,0.73,0.062,0.0,0.0,0.066,0.284,0.136,0.0,0.0,0.13,0.09,0.384,0.024,0.0,0.176,0.024,0.28,0.138,0.008,0.19,0.01,0.112,0.37,0.03
0.05,0.852,0.0,0.0,0.0,0.05,0.69,0.064,0.0,0.0,0.07,0.292,0.202,0.0,0.0,0.132,0.092,0.434,0.008,0.0,0.154,0.022,0.416,0.088,0.0,0.166,0.008,0.202,0.296,0.0
0.05,0.852,0.0,0.0,0.0,0.052,0.666,0.054,0.0,0.0,0.066,0.314,0.222,0.0,0.0,0.11,0.138,0.41,0.018,0.0,0.154,0.07,0.312,0.142,0.004,0.168,0.026,0.144,0.35,0.02
0.05,0.852,0.0,0.0,0.0,0.052,0.682,0.054,0.0,0.0,0.066,0.28,0.188,0.0,0.0,0.13,0.112,0.42,0.022,0.0,0.182,0.05,0.248,0.124,0.0,0.208,0.024,0.098,0.41,0.0
0.05,0.852,0.0,0.0,0.0,0.05,0.702,0.044,0.0,0.0,0.062,0.276,0.208,0.0,0.0,0.116,0.082,0.468,0.006,0.0,0.136,0.028,0.404,0.098,0.0,0.148,0.01,0.184,0.346,0.0
0.05,0.852,0.0,0.0,0.0,0.05,0.716,0.06,0.0,0.0,0.06,0.306,0.18,0.0,0.0,0.078,0.102,0.402,0.02,0.01,0.11,0.028,0.298,0.122,0.038,0.114,0.008,0.134,0.332,0.1
0.05,0.852,0.0,0.0,0.0,0.05,0.696,0.056,0.0,0.0,0.06,0.328,0.196,0.0,0.0,0.112,0.112,0.434,0.02,0.0,0.148,0.038,0.41,0.124,0.0,0.154,0.008,0.222,0.364,0.0
0.05,0.852,0.0,0.0,0.0,0.05,0.67,0.054,0.0,0.0,0.062,0.346,0.186,0.0,0.0,0.098,0.16,0.318,0.02,0.01,0.13,0.06,0.234,0.138,0.04,0.142,0.022,0.108,0.37,0.072
0.05,0.852,0.0,0.0,0.0,0.052,0.668,0.048,0.0,0.0,0.07,0.242,0.198,0.0,0.0,0.138,0.074,0.476,0.02,0.0,0.172,0.016,0.384,0.126,0.0,0.182,0.0,0.18,0.398,0.0
0.05,0.852,0.0,0.0,0.0,0.05,0.646,0.056,0.0,0.0,0.078,0.318,0.204,0.0,0.0,0.148,0.124,0.384,0.022,0.0,0.198,0.036,0.316,0.142,0.0,0.22,0.012,0.186,0.342,0.0
0.05,0.852,0.0,0.0,0.0,0.052,0.64,0.064,0.0,0.0,0.07,0.258,0.232,0.0,0.0,0.13,0.07,0.426,0.016,0.0,0.174,0.03,0.376,0.118,0.012,0.188,0.012,0.174,0.328,0.03
0.05,0.852,0.0,0.0,0.0,0.05,0.664,0.042,0.0,0.0,0.066,0.318,0.202,0.0,0.0,0.126,0.124,0.386,0.024,0.002,0.152,0.05,0.306,0.116,0.006,0.16,0.026,0.174,0.33,0.01
0.05,0.852,0.0,0.0,0.0,0.05,0.682,0.058,0.0,0.0,0.074,0.278,0.198,0.0,0.0,0.146,0.112,0.43,0.02,0.0,0.178,0.048,0.352,0.134,0.0,0.192,0.016,0.172,0.354,0.0
0.05,0.852,0.0,0.0,0.0,0.05,0.696,0.054,0.0,0.0,0.06,0.244,0.198,0.0,0.0,0.116,0.072,0.476,0.01,0.0,0.144,0.018,0.406,0.128,0.0,0.158,0.002,0.186,0.366,0.0
0.05,0.852,0.0,0.0,0.0,0.05,0.672,0.056,0.0,0.0,0.066,0.296,0.204,0.0,0.0,0.106,0.104,0.342,0.026,0.006,0.146,0.04,0.212,0.146,0.05,0.156,0.014,0.092,0.348,0.124
0.05,0.852,0.0,0.0,0.0,0.05,0.662,0.04,0.0,0.0,0.086,0.266,0.208,0.0,0.0,0.152,0.09,0.402,0.002,0.0,0.188,0.038,0.29,0.114,0.0,0.2,0.018,0.136,0.358,0.0
0.05,0.852,0.0,0.0,0.0,0.05,0.688,0.048,0.0,0.0,0.064,0.3,0.18,0.0,0.0,0.11,0.106,0.342,0.022,0.008,0.15,0.052,0.2,0.122,0.046,0.168,0.02,0.09,0.32,0.122
0.05,0.852,0.0,0.0,0.0,0.052,0.636,0.052,0.0,0.0,0.084,0.244,0.182,0.0,0.0,0.16,0.094,0.364,0.02,0.008,0.204,0.02,0.222,0.114,0.032,0.222,0.004,0.084,0.338,0.076
0.05,0.852,0.0,0.0,0.0,0.052,0.632,0.062,0.0,0.0,0.068,0.272,0.242,0.0,0.002,0.128,0.108,0.414,0.02,0.01,0.15,0.046,0.296,0.166,0.048,0.16,0.014,0.148,0.35,0.108
0.05,0.852,0.0,0.0,0.0,0.05,0.674,0.054,0.0,0.0,0.072,0.276,0.21,0.0,0.0,0.186,0.098,0.398,0.022,0.0,0.234,0.03,0.336,0.136,0.0,0.254,0.008,0.178,0.364,0.0
0.05,0.852,0.0,0.0,0.0,0.05,0.742,0.058,0.0,0.0,0.054,0.32,0.164,0.0,0.0,0.106,0.072,0.434,0.012,0.0,0.144,0.026,0.454,0.116,0.0,0.156,0.006,0.208,0.34,0.0
0.05,0.852,0.0,0.0,0.0,0.05,0.696,0.058,0.0,0.0,0.064,0.286,0.206,0.0,0.0,0.13,0.092,0.4,0.02,0.0,0.186,0.042,0.328,0.138,0.004,0.2,0.014,0.154,0.344,0.012
0.05,0.852,0.0,0.0,0.0,0.05,0.666,0.05,0.0,0.0,0.074,0.268,0.186,0.0,0.0,0.128,0.106,0.396,0.012,0.0,0.152,0.028,0.302,0.092,0.008,0.16,0.008,0.142,0.348,0.022
0.05,0.852,0.0,0.0,0.0,0.05,0.694,0.058,0.0,0.0,0.062,0.236,0.166,0.0,0.0,0.118,0.078,0.422,0.024,0.002,0.158,0.02,0.228,0.142,0.026,0.162,0.008,0.11,0.414,0.076
0.05,0.852,0.0,0.0,0.0,0.054,0.64,0.048,0.0,0.0,0.092,0.246,0.218,0.002,0.0,0.166,0.08,0.398,0.016,0.0,0.216,0.032,0.3,0.148,0.0,0.232,0.016,0.128,0.374,0.002
0.05,0.852,0.0,0.0,0.0,0.05,0.714,0.046,0.0,0.0,0.072,0.282,0.184,0.0,0.0,0.126,0.106,0.424,0.01,0.0,0.162,0.024,0.322,0.104,0.0,0.184,0.004,0.128,0.372,0.0
0.05,0.852,0.0,0.0,0.0,0.05,0.758,0.058,0.0,0.0,0.064,0.318,0.156,0.0,0.0,0.112,0.076,0.444,0.026,0.0,0.166,0.01,0.438,0.108,0.0,0.178,0.004,0.2,0.37,0.0
0.05,0.852,0.0,0.0,0.0,0.052,0.638,0.056,0.0,0.0,0.1,0.248,0.236,0.0,0.0,0.156,0.104,0.424,0.022,0.004,0.182,0.03,0.29,0.154,0.018,0.196,0.02,0.174,0.386,0.028
0.05,0.852,0.0,0.0,0.0,0.05,0.682,0.068,0.0,0.0,0.058,0.31,0.192,0.0,0.0,0.124,0.134,0.414,0.032,0.0,0.154,0.062,0.334,0.138,0.0,0.168,0.022,0.17,0.358,0.0
0.05,0.852,0.0,0.0,0.0,0.05,0.64,0.046,0.0,0.0,0.072,0.234,0.216,0.0,0.0,0.12,0.066,0.442,0.018,0.0,0.148,0.016,0.308,0.122,0.0,0.158,0.01,0.12,0.366,0.0
0.05,0.852,0.0,0.0,0.0,0.05,0.756,0.07,0.0,0.0,0.064,0.324,0.15,0.0,0.0,0.118,0.098,0.418,0.038,0.0,0.166,0.024,0.412,0.112,0.0,0.184,0.01,0.234,0.358,0.0
0.05,0.852,0.0,0.0,0.0,0.05,0.638,0.058,0.0,0.0,0.064,0.242,0.22,0.0,0.0,0.096,0.068,0.392,0.014,0.014,0.116,0.02,0.234,0.124,0.046,0.122,0.006,0.086,0.346,0.122
0.05,0.852,0.0,0.0,0.0,0.052,0.61,0.054,0.0,0.0,0.072,0.258,0.23,0.0,0.0,0.108,0.096,0.352,0.016,0.002,0.124,0.022,0.216,0.144,0.034,0.138,0.006,0.094,0.366,0.09
0.05,0.852,0.0,0.0,0.0,0.052,0.69,0.048,0.0,0.0,0.074,0.254,0.174,0.0,0.0,0.148,0.088,0.43,0.006,0.0,0.182,0.016,0.332,0.104,0.0,0.2,0.008,0.15,0.366,0.0
0.05,0.852,0.0,0.0,0.0,0.052,0.638,0.046,0.0,0.0,0.088,0.312,0.222,0.0,0.0,0.158,0.118,0.354,0.02,0.0,0.194,0.042,0.302,0.15,0.0,0.214,0.012,0.16,0.362,0.0
0.05,0.852,0.0,0.0,0.0,0.05,0.642,0.064,0.0,0.0,0.074,0.232,0.222,0.0,0.0,0.15,0.066,0.446,0.032,0.0,0.176,0.02,0.388,0.142,0.0,0.19,0.006,0.17,0.382,0.0
0.05,0.852,0.0,0.0,0.0,0.05,0.708,0.048,0.0,0.0,0.054,0.334,0.184,0.0,0.0,0.1,0.11,0.418,0.018,0.002,0.134,0.028,0.372,0.11,0.002,0.16,0.008,0.228,0.354,0.006
0.05,0.852,0.0,0.0,0.0,0.052,0.63,0.054,0.0,0.0,0.078,0.256,0.24,0.0,0.0,0.122,0.108,0.436,0.012,0.004,0.144,0.03,0.316,0.132,0.01,0.154,0.018,0.172,0.344,0.034
0.05,0.852,0.0,0.0,0.0,0.054,0.646,0.05,0.0,0.0,0.096,0.23,0.23,0.0,0.0,0.176,0.094,0.402,0.01,0.0,0.242,0.03,0.276,0.13,0.02,0.262,0.014,0.166,0.368,0.044
0.05,0.852,0.0,0.0,0.0,0.05,0.684,0.05,0.0,0.0,0.07,0.314,0.21,0.0,0.0,0.118,0.104,0.462,0.02,0.0,0.14,0.038,0.442,0.128,0.0,0.15,0.014,0.27,0.328,0.0
0.05,0.852,0.0,0.0,0.0,0.05,0.652,0.048,0.0,0.0,0.08,0.266,0.204,0.0,0.0,0.112,0.104,0.422,0.008,0.0,0.138,0.048,0.338,0.118,0.004,0.142,0.026,0.164,0.356,0.008
0.05,0.852,0.0,0.0,0.0,0.052,0.672,0.052,0.0,0.0,0.074,0.334,0.218,0.0,0.0,0.114,0.152,0.38,0.026,0.0,0.144,0.054,0.334,0.134,0.002,0.168,0.02,0.212,0.344,0.006
0.05,0.852,0.0,0.0,0.0,0.056,0.674,0.054,0.0,0.0,0.074,0.28,0.18,0.0,0.0,0.124,0.106,0.45,0.012,0.0,0.152,0.024,0.334,0.086,0.0,0.162,0.008,0.178,0.34,0.0
0.05,0.852,0.0,0.0,0.0,0.054,0.672,0.058,0.0,0.0,0.082,0.282,0.19,0.0,0.0,0.142,0.112,0.424,0.022,0.0,0.18,0.048,0.384,0.112,0.0,0.196,0.018,0.222,0.308,0.0
0.05,0.852,0.0,0.0,0.0,0.054,0.622,0.052,0.0,0.0,0.09,0.238,0.218,0.0,0.0,0.148,0.094,0.358,0.03,0.016,0.178,0.03,0.208,0.176,0.05,0.188,0.008,0.102,0.382,0.096
0.05,0.852,0.0,0.0,0.0,0.05,0.69,0.036,0.0,0.0,0.072,0.254,0.156,0.0,0.0,0.138,0.074,0.436,0.016,0.0,0.178,0.024,0.314,0.108,0.0,0.194,0.01,0.108,0.362,0.002
0.05,0.852,0.0,0.0,0.0,0.054,0.664,0.048,0.0,0.0,0.096,0.326,0.214,0.0,0.0,0.156,0.132,0.41,0.026,0.0,0.196,0.044,0.356,0.128,0.0,0.228,0.02,0.254,0.336,0.0
0.05,0.852,0.0,0.0,0.0,0.05,0.632,0.058,0.0,0.0,0.084,0.244,0.218,0.0,0.0,0.158,0.074,0.406,0.012,0.004,0.21,0.018,0.3,0.126,0.02,0.23,0.008,0.138,0.312,0.048
0.05,0.852,0.0,0.0,0.0,0.05,0.7,0.04,0.0,0.0,0.056,0.28,0.182,0.0,0.0,0.1,0.094,0.424,0.014,0.0,0.124,0.03,0.328,0.114,0.002,0.13,0.002,0.122,0.342,0.008
0.05,0.852,0.0,0.0,0.0,0.052,0.652,0.062,0.0,0.0,0.062,0.292,0.276,0.0,0.0,0.102,0.102,0.436,0.014,0.004,0.14,0.048,0.324,0.142,0.016,0.146,0.016,0.142,0.366,0.038
0.05,0.852,0.0,0.0,0.0,0.052,0.622,0.052,0.0,0.0,0.082,0.23,0.21,0.0,0.0,0.166,0.07,0.388,0.014,0.004,0.21,0.024,0.222,0.146,0.032,0.22,0.008,0.12,0.378,0.084
0.05,0.852,0.0,0.0,0.0,0.05,0.718,0.048,0.0,0.0,0.064,0.306,0.166,0.0,0.0,0.122,0.09,0.402,0.016,0.0,0.154,0.036,0.356,0.104,0.0,0.166,0.008,0.152,0.332,0.0
0.05,0.852,0.0,0.0,0.0,0.05,0.702,0.058,0.0,0.0,0.066,0.27,0.188,0.0,0.0,0.144,0.088,0.406,0.032,0.0,0.19,0.028,0.34,0.16,0.0,0.206,0.014,0.158,0.386,0.0
0.05,0.852,0.0,0.0,0.0,0.05,0.682,0.048,0.0,0.0,0.064,0.324,0.18,0.0,0.0,0.132,0.118,0.378,0.022,0.0,0.166,0.048,0.304,0.132,0.0,0.19,0.02,0.162,0.366,0.0
0.05,0.852,0.0,0.0,0.0,0.05,0.638,0.052,0.0,0.0,0.08,0.208,0.254,0.0,0.0,0.132,0.076,0.424,0.018,0.006,0.166,0.024,0.278,0.14,0.036,0.174,0.01,0.15,0.346,0.084
0.05,0.852,0.0,0.0,0.0,0.054,0.678,0.056,0.0,0.0,0.072,0.3,0.216,0.0,0.0,0.128,0.11,0.414,0.008,0.0,0.178,0.05,0.37,0.118,0.0,0.192,0.018,0.198,0.322,0.0
0.05,0.852,0.0,0.0,0.0,0.05,0.71,0.05,0.0,0.0,0.062,0.276,0.178,0.0,0.0,0.112,0.09,0.406,0.008,0.0,0.15,0.024,0.314,0.126,0.0,0.16,0.012,0.13,0.396,0.0
0.05,0.852,0.0,0.0,0.0,0.05,0.72,0.05,0.0,0.0,0.068,0.316,0.16,0.0,0.0,0.134,0.118,0.382,0.024,0.0,0.18,0.044,0.322,0.124,0.0,0.202,0.016,0.156,0.378,0.0
0.05,0.852,0.0,0.0,0.0,0.05,0.646,0.062,0.0,0.0,0.066,0.28,0.226,0.0,0.0,0.138,0.096,0.416,0.02,0.0,0.178,0.048,0.33,0.12,0.0,0.19,0.016,0.18,0.306,0.0
0.05,0.852,0.0,0.0,0.0,0.05,0.69,0.058,0.0,0.0,0.072,0.302,0.198,0.0,0.0,0.112,0.1,0.424,0.024,0.0,0.13,0.03,0.328,0.138,0.012,0.14,0.01,0.158,0.364,0.036
0.05,0.852,0.0,0.0,0.0,0.05,0.692,0.062,0.0,0.0,0.066,0.348,0.21,0.0,0.0,0.114,0.128,0.41,0.026,0.0,0.154,0.054,0.358,0.146,0.0,0.18,0.02,0.184,0.366,0.0
0.05,0.852,0.0,0.0,0.0,0.05,0.626,0.06,0.0,0.0,0.084,0.276,0.232,0.0,0.0,0.154,0.108,0.432,0.024,0.0,0.198,0.054,0.306,0.144,0.014,0.214,0.02,0.178,0.328,0.042
0.05,0.852,0.0,0.0,0.0,0.05,0.612,0.058,0.0,0.0,0.066,0.29,0.246,0.0,0.0,0.106,0.11,0.396,0.028,0.008,0.132,0.052,0.314,0.14,0.034,0.14,0.028,0.174,0.332,0.064
0.05,0.852,0.0,0.0,0.0,0.052,0.638,0.044,0.0,0.0,0.084,0.284,0.198,0.0,0.0,0.162,0.104,0.38,0.02,0.002,0.192,0.048,0.276,0.12,0.012,0.198,0.018,0.128,0.322,0.04
0.05,0.852,0.0,0.0,0.0,0.052,0.644,0.064,0.0,0.0,0.088,0.308,0.226,0.0,0.0,0.126,0.12,0.372,0.016,0.006,0.148,0.048,0.264,0.13,0.022,0.156,0.018,0.168,0.338,0.052
0.05,0.852,0.0,0.0,0.0,0.052,0.656,0.056,0.0,0.0,0.08,0.282,0.2,0.0,0.0,0.16,0.114,0.302,0.048,0.008,0.19,0.05,0.214,0.184,0.044,0.202,0.016,0.084,0.348,0.114
0.05,0.852,0.0,0.0,0.0,0.052,0.624,0.05,0.0,0.0,0.094,0.306,0.22,0.0,0.0,0.146,0.114,0.412,0.018,0.0,0.188,0.04,0.374,0.102,0.0,0.206,0.012,0.196,0.296,0.0
0.05,0.852,0.0,0.0,0.0,0.05,0.628,0.066,0.0,0.0,0.076,0.246,0.286,0.0,0.0,0.112,0.082,0.46,0.032,0.002,0.136,0.024,0.352,0.142,0.028,0.146,0.006,0.17,0.378,0.056
0.05,0.852,0.0,0.0,0.0,0.05,0.662,0.052,0.0,0.0,0.064,0.25,0.182,0.0,0.0,0.11,0.08,0.382,0.014,0.008,0.152,0.026,0.23,0.098,0.062,0.16,0.01,0.106,0.302,0.138
0.05,0.852,0.0,0.0,0.0,0.052,0.662,0.068,0.0,0.0,0.072,0.268,0.222,0.0,0.0,0.14,0.098,0.458,0.024,0.0,0.186,0.036,0.408,0.124,0.0,0.2,0.01,0.228,0.33,0.0
0.05,0.852,0.0,0.0,0.0,0.052,0.62,0.06,0.0,0.0,0.074,0.266,0.242,0.0,0.0,0.128,0.12,0.432,0.022,0.002,0.154,0.032,0.326,0.124,0.018,0.158,0.018,0.176,0.352,0.042
