noiseA,noiseB,noiseC,noiseD,u1,u2,u3,u4,u5,u6,v1,v2,v3,v4,v5,v6,velA,velB,velC,distance
0.598963255611628,0.7381351728260389,0.7360909094700955,0.5030417085397387,-2.2841655009873367,-0.5438635451222222,17.365305445188472,-8.28337409125144,5.645802191019905,3.379999717962395,-1.191628810571199,-1.5177044628203904,4.412069173367181,-3.1633869647540136,-1.2887579320152154,7.438133143599766,1.0834554680368143,0.9499538167585266,0.43287233715648954,1.3800000000000003
0.7761687847525931,0.6595262218712779,0.7317466696379308,0.4557396982801178,-1.9717197907910267,-0.5530238183703475,21.38818475744216,-11.67645324190817,5.858283392268412,4.634299038359644,-1.3176496757354321,-1.743092199039382,3.172310859601546,-1.7079792100159386,-1.5750917247805072,8.299993703563073,0.7693555801232679,0.9116374904879547,0.3660744944770342,1.3599999999999999
0.7421766588061071,0.5348048983177806,0.7732468007414645,0.49222304307913983,-1.7299250516918323,-0.5091676221773747,18.64341114601114,-10.4110806085471,5.654200319963905,3.690008455277645,-1.1532887824055276,-1.966004900992849,7.078916205994162,-2.1525660003859413,-1.4475309098441966,10.77928010807743,0.985180670868947,0.6639705195686205,0.6348222082430705,1.4100000000000001
0.6180504575752184,0.6067135252464488,0.5480222515475416,0.5269613327056781,-0.926332187102038,-0.09369165701764492,22.78739595538519,-11.299334601514479,5.5930342764932,4.3512785945740164,-1.9400251038920053,-2.097975477228362,4.372784662281417,-2.939904299630119,-1.9395482612114483,10.147872908362567,0.5692140700725462,0.6542220655523577,0.32850101008125715,1.4
0.6102622966293422,0.7791028481028712,0.7795684576243939,0.7026156636772062,-2.4666732063930836,-1.301865493223215,22.06489407628696,-11.297082828931561,6.050388983703355,7.094293040829746,-1.316049290047232,-1.367562989851839,-3.6138010718522784,-1.7298419915206535,-1.9457040090679676,12.068370260724507,0.5847178272936986,1.0415019004075854,0.4233558847290486,1.41
0.633331755169815,0.2392288398688468,0.6969869509111476,0.7134197890500202,-1.0700517876343936,-0.08500366586394115,22.206547938546358,-11.913441832404235,5.902947732413268,6.039035016044847,-1.5166020583050586,-2.086451454063221,8.883129827125464,-1.0603653165878688,-1.3165886708554568,9.402027800241356,0.4184445906426171,0.6481005205464513,0.6768646023722128,1.4
0.31972948756532443,0.8907772466038697,0.746618010773258,0.6471044731623995,-2.3532538481363683,-0.6733425239283768,22.01486311933738,-7.101183052470303,5.151049183319413,3.335249375546962,-0.7280903320487031,-1.8830671489850024,6.27484809662914,-4.0121410860955375,-1.5693922160626723,9.086812683982599,0.8206293965116644,0.9047398901383055,0.3059251627042339,1.4100000000000001
0.48693104343715254,0.8638205769603314,0.7576754787611399,0.4458409221998624,-2.333978373802747,-0.7159471343136617,20.670461561436657,-10.321677358121107,5.00783664447218,3.5341821403822324,-0.7749953009170463,-2.113452460767013,6.295504990843727,-2.132543519665647,-1.4008853114544446,11.61973632740347,0.6404066775776233,0.8667886721772672,0.44911921692637985,1.3399999999999999
0.5269928375425199,0.6392921585007256,0.6681520861281075,0.39681928731474525,-1.797306505916124,-0.22987370644561755,13.742882717890522,-10.136473371393928,5.296807217001589,5.847574287756968,-1.540741717974711,-1.9664116266376346,2.829621723587209,-2.072548331014078,-1.4419530195835941,10.62307487009955,0.45744834872113127,1.0292893417674098,0.4982546815426778,1.4099999999999997
0.6216758636092734,0.6701384944939728,0.7024988629453506,0.72297047911216,-1.4525818359178169,0.10620531739319128,15.103325284932463,-6.619156082027501,6.630550395787601,6.2306424459039,-1.9480633867191621,-2.0512244268504847,4.614587461251042,-2.183360436073328,-0.5566384206571581,9.187794022500956,0.7975117996474141,0.9593065046733271,0.7737303510167985,1.39
0.7241964756879026,0.4839168141063622,0.6590190315421327,0.552418107101579,-1.5395315110223766,-0.04323324587998134,17.857115031017138,-7.035013946248608,5.983012253372907,5.380048553034445,-1.9143511900033674,-1.639645978636822,3.35787741606672,-4.170503469934095,-1.6087264409019217,9.808734887817074,0.6174554791756827,0.7763100836018593,0.38652972834881594,1.31
0.5225056830015671,0.7589394608941209,0.7153021758804354,0.6484230561382072,-2.2048137077140075,0.029641958689537985,20.680981128942243,-7.597395605570292,5.995883225114955,5.431333659751509,-1.4938977670249485,-1.8957912706903355,5.379462044047756,-6.1302776542589905,-1.281193175056935,9.002358204444691,0.4860216322132853,0.8453364994000969,0.421237709371476,1.26
0.38846585484667684,0.9978092971931292,0.7631457667593712,0.5912737002134925,-1.908755902557441,-0.45554996896779376,18.774636906700415,-10.623832774217368,6.877340444498499,5.018690617672596,-1.3859314768187492,-1.694276272360772,1.6732764413815282,-2.5504642975578906,-1.3183037391558339,8.930335356497313,1.0744214800405714,0.8838495554069368,0.5033814971950442,1.39
0.41613821836536985,0.8354313250468198,0.700279539450927,0.575215966925431,-2.2555560141803683,0.06952350308032407,18.495146063797375,-8.828283317684493,5.219955780991244,5.762022001312105,-1.328784135465472,-1.6601663699799971,5.922187483664411,-3.6925791073838568,-1.1053547184351384,10.63430392971532,0.8444403527848737,0.9730150792865978,0.5781569759860058,1.42
0.5992454120221827,0.9064303269837427,0.6889164724126715,0.2894951677371013,-1.7759366958294416,-0.226066528837657,16.204275689435576,-8.775168506938748,5.9571273440382475,5.787712576890424,-1.4071178519151573,-1.832295583783743,6.113514606055894,-3.340427797800951,-0.968511201667239,7.211247968842665,0.9029342995194672,0.8560132803120004,0.6411906123115932,1.39
0.6693107087387591,0.6947125930859888,0.7201286930410993,0.6301338455134811,-1.0736194491207822,0.22158659455165935,21.505863993839505,-8.949876343888556,6.4866231854737055,4.339703492271974,-1.8848738254224597,-1.9010154695132802,9.935368133171089,-3.9196357496223064,-1.3281137773283938,10.17146864715646,1.0435273991031406,0.6663268343722026,0.498889359177173,1.4100000000000001
0.497543610674665,0.27156605305649784,0.7778167785962352,0.5983320989253891,-0.9641374151104514,-0.10347369193289402,19.094009967363764,-5.596409987969325,6.8127644022022995,4.319109207024684,-1.603936157311963,-2.0413990710293413,3.984185910464085,-3.3352063435608343,-0.7194642877534273,8.825644634147015,1.0126652456709258,0.8872922896410878,0.6831987935766237,1.33
0.5457686433313915,0.8199000813569957,0.6882025747322644,0.7094588943750244,-1.7424391064769493,0.09687580168551373,20.142365058401847,-8.506645248487047,6.364576159025898,6.270137319792681,-1.4201504759098262,-1.961271469655715,7.717040219350172,-2.43919386312959,-1.97814511751394,10.033995824953289,0.8721657313052857,0.757981564061748,0.42288485612206844,1.42
0.5745163028185439,0.8541051985968954,0.7714342574297413,0.7016840368150759,-2.2663953686160148,-0.09918594185231422,18.98151812701328,-9.976826672866318,6.553017508668708,5.377069139033506,-1.9596285755649516,-1.6666930407601708,6.355767196393225,-2.1850691635333632,-1.1342273852159162,12.672384513316288,0.8265675240098953,0.8046064181199976,0.6241598671099109,1.3199999999999998
0.6685635245319402,0.3277783452826076,0.6923769588975314,0.30728697690289425,-1.8066547837477294,0.13792857587996518,20.149414106445416,-6.321197360190602,5.385023589442099,7.111285665045157,-1.007003792565045,-2.0515342082343624,9.342830982790593,-2.70583063956102,-1.0225925512432914,11.724907787038811,1.0605284269097526,0.8585408602530842,0.5279512004157634,1.38
0.48101735261056733,0.8309934673847396,0.708269491793958,0.2825477554365389,-0.4405792156589917,-0.7332074554710746,13.495243950631728,-11.045979193018981,5.30299829699025,7.7974864365151255,-1.4959705098681364,-2.1252336212202905,6.01122033577004,-1.9903420436746342,-1.7372371923746968,13.624221906097835,0.9006572979688733,1.0917452282935267,0.5510529869636588,1.41
0.7246180730856377,0.21543942420028855,0.6757736860280815,0.27807281951077334,-1.4341816214194878,0.24148321487511032,21.812685590465144,-6.636424694173224,6.0729798723167265,6.218686001083833,-1.6802646079684707,-2.113668839706692,7.979963237976218,-7.241434412929245,-0.525753639813838,10.348927911365738,0.39827571798712785,0.558169933873193,0.3310607713414534,1.1999999999999997
0.544449449170908,0.6798167300529433,0.4955879539135971,0.7039921408646088,-1.083851529957911,0.017959613245177586,15.05262639371641,-11.087542462439941,5.313403697253906,5.693377279357654,-1.6905405411096979,-2.156340594098661,3.8373335633133876,-3.278418352641197,-0.9291119059568962,8.621122483518594,1.0432505068057303,0.8510571156280804,0.6561237777552258,1.2799999999999998
0.7442404254961298,0.8565909328626519,0.7737843963125411,0.6968261241228924,-0.8387571750358412,-0.4603343697449077,21.517980479987344,-11.934216947395054,6.588988694158126,5.876057125940431,-1.8086381329184558,-1.8087179205160673,4.161003241821886,-2.745672935060329,-1.5314850727436018,13.707831881938656,0.962895288840911,0.6875693772365106,0.3961378506618105,1.41
0.3975010582052961,0.2717260415371357,0.6855459576299341,0.7286404610091359,-2.4659888391655045,0.13735796291456853,16.752783384072963,-9.415195096786807,5.035118022409601,3.002722854135742,-0.8228903511965909,-1.8467564485217527,8.070270343200717,-2.566917118001779,-1.8361416543463103,8.880431122268314,0.7582006390756673,1.1640865080686542,0.3618989585608664,1.2600000000000002
0.2617590725497599,0.5641616368570758,0.6505929526462745,0.7908568528256376,-1.8127165216077779,-0.2274328958302226,18.39447596644569,-8.935136006310554,5.513364225069317,5.072323921064782,-1.3381427480651618,-1.9374422923280572,-0.5113171767580424,-2.6861167441077822,-1.626408446374111,7.8584528075011075,0.8894284554612156,0.9321367503175855,0.47328353020986336,1.4100000000000001
0.6852557853827285,0.857340648666306,0.7567311327798829,0.7505593341976942,-2.0979238009598404,-0.4610518835722597,14.133035331230108,-11.74321394722525,5.359820272396787,5.53824218496528,-0.8804642673644896,-2.0345932821807735,9.346065394869575,-1.0519022991473117,-1.690111729638002,13.109670731951864,0.5730576309449388,1.1542184434778506,0.35071841209636123,1.4100000000000001
0.35612645909441426,0.8625924254953181,0.7599997267526101,0.6295446344502675,-1.1829524514017864,0.2546655474133201,20.028422953333273,-10.169132253205843,5.585671205405982,7.948590466990068,-1.5355665205138078,-2.1536699607010807,9.628085094879353,-1.230824953913313,-1.6640388609212042,7.320351220466817,0.890925391897516,0.7392863473915636,0.26167876920014355,1.2999999999999998
0.7014012809732304,0.9676697490975944,0.6981301408092637,0.6162935153435309,-1.4453105378217708,-0.06835031808256797,17.294774630506534,-11.665762619861965,5.711645250001742,7.0231616445336345,-1.551042698187467,-1.6873357784666874,4.577578173409817,-1.665014162814892,-1.4364598896509304,10.09568665885744,1.0972653158075685,0.9456377830990692,0.4935339879948565,1.35
0.20974307175198148,0.6477346243423263,0.6750875544933088,0.7580055406396657,-0.26050443560847514,0.15950191041316852,20.257448687691472,-10.200918617541433,7.219884870275003,7.870147760536006,-1.8042407857092213,-2.1895513102192887,7.630754384312817,-4.021067723507107,-0.7914295616763383,13.20558677080944,1.1564787619741406,0.6976920361374991,0.6165102768534748,1.42
0.47088805033559733,0.3872748831641052,0.7884763972176108,0.40173295631692907,-1.74117002258933,-2.460409084793267,11.787588895954249,-9.36346069844341,5.568956376489934,2.265471823844088,-1.2307795231707654,-0.884195287691649,9.534374016048309,-2.7964201637193074,-1.8262242172292897,7.182663158449749,0.8477458282591717,0.9611313114553063,0.3109028919260042,1.4100000000000001
0.7236860092178564,0.8803425383830767,0.6899495071796808,0.30977107626710787,-2.313555762746102,-1.57142220734251,14.057189377938975,-11.677138559032873,5.780621637491947,7.454344178637161,-1.1696003296114401,-1.6919211854577505,5.532124137429114,-2.4661915896210296,-1.8555687058742403,9.407545911969837,0.6560448826285681,0.8782903816129926,0.29807354989626067,1.42
0.550696344897563,0.6379332733300584,0.6734613353670231,0.2650614396220251,-1.942315388177421,-0.33937373504403684,22.12932587290559,-7.736226924476121,5.826304417852066,3.8198212942601946,-1.9327718351155225,-1.651620619528177,3.6434089465270674,-3.9198755674794947,-1.2731118544200812,11.509035201859069,0.6492159143220984,0.8469498637984589,0.49799818336636775,1.34
0.298667376356172,0.7192831504543701,0.7278978811478473,0.5950262507783364,-1.9077708884862565,-0.08826861944620162,16.826665894020273,-3.580841832206068,6.1307517851868205,6.540244826959975,-1.7918041408955845,-1.8073437311958689,1.7976204924776098,-4.007156171730117,-0.19601717698958826,8.973219141948716,1.0727915620478958,0.9556626489025498,0.6869226460255885,1.3599999999999999
0.6955442416856052,0.49244240618162777,0.6325514644232648,0.5633886039048498,-1.806379392510923,-0.7604642722923101,18.146880019958953,-11.022690304875765,5.13628108667321,5.533881613712494,-1.699147543705542,-1.8086125827677768,2.921846519473471,-2.1577101509265164,-1.6059011967241035,9.001572717032836,0.4479083277439026,1.1805212758097854,0.3877619654477879,1.3099999999999998
0.7888000476398394,0.644248349967972,0.7839602628960463,0.487912815693765,-0.9324213578233638,-0.5496300423818212,16.083336804266242,-10.675297300348046,6.502669881260897,7.159168120523767,-1.7326906804202369,-1.9449347823987464,3.711177937594785,-1.1977898962037483,-1.3549846693251901,12.268213574213776,0.4999531507622684,1.0910103203993384,0.466233849156652,1.4
0.7715317305810085,0.8318749093483105,0.6885276003231142,0.39154506390109456,-1.8214217239188617,-0.7051723817462704,19.817801361029215,-9.368281864785118,5.423361759095601,5.542997306167395,-1.1294959336524477,-2.0151782950774866,1.6952399468856427,-2.7612568783551565,-1.9251323228424102,13.38108848372472,0.6631540091354657,0.9930996056385637,0.40783321825641167,1.4
0.32318595921212956,0.3380458178709523,0.7356425072364833,0.6670002584986964,-2.465450367161026,-0.014816088505657188,16.212434918006633,-11.153291751814772,5.548118579551949,6.115457272680342,-1.329553939955907,-1.9707588034070087,6.527327998268853,-4.056450322454428,-1.9303419429648265,13.446385212208122,0.6318913420556562,1.0021207135746555,0.23034528861551545,1.3399999999999999
0.6542200431623149,0.9922798161797755,0.7170136320293006,0.7401552818668424,-1.5527077283411512,-0.9469871189195918,20.500192295227926,-10.817787437325721,5.775626641919333,3.0962960735257687,-1.014622693132877,-1.7224956608339355,1.2587929304447536,-2.0341513920376286,-1.5893073945797016,6.893409257251643,1.0137074114961555,1.0094642094549222,0.5287362257914209,1.3199999999999998
0.7410556504183958,0.8999704885223307,0.6731941764979056,0.3643587511802634,-1.5875550695971732,-0.19233023932919235,15.65556741575962,-8.686041156129349,5.380619803331372,2.7387986814536545,-1.336916456561577,-1.6709699276296759,6.31726606319855,-3.645737865168016,-1.4739146465153716,11.998892059233407,0.7714670192269191,1.1001550703024703,0.47586101486914567,1.38
0.48591384916402747,0.6078765480136724,0.664405398146806,0.6578080824272999,-1.2655035620318484,0.33861997049246584,21.07362733037985,-3.2678565442025196,6.846601142891468,5.257262410278615,-1.5397045146421062,-1.9869090491016645,9.869761074986007,-5.0048227610398195,-0.48874660926177077,9.675078348860357,0.5110109953378262,0.9214154682863199,0.3687995687332211,1.2799999999999998
0.5198111802585492,0.6829586240775195,0.6620680227060148,0.4522830380437849,-1.901879731870348,-0.20435676268580205,17.155184876567237,-7.389707693137762,5.7451903080148705,7.2511839424309015,-1.6082863336498492,-2.0776357420439533,7.850417473541099,-4.036546670055878,-1.2590723714173473,7.646841437257971,0.525638858920628,0.7977981994614787,0.48497441852025425,1.42
0.5693707453032395,0.7621315037254871,0.6551728884810543,0.7055170687164951,-1.6492820162975028,-0.46616240319749314,20.398884615866365,-10.738697778540018,5.022246259962772,3.582577417966906,-1.685295979113403,-1.5621338372467015,0.7008779966067474,-3.451532095114908,-1.5286260001446252,12.34324108558476,1.06570736500377,1.013129819827249,0.4479499347343311,1.4
0.3373590473591873,0.8729189634516086,0.6115417223799676,0.6041197657331926,-0.5125019264834834,0.22809098832643807,18.506226565255712,-9.21677486209629,5.193711917047825,5.5976643593077,-1.8482730220846437,-2.0523308755170717,9.325517010839498,-2.2886395923640857,-1.8135238948100272,8.397006090122774,1.13531569006142,0.763134230043285,0.412920310259848,1.2999999999999998
0.7022714935616483,0.7941136576624951,0.7426678517169747,0.6597750437070725,-2.218592547856167,-0.06734177837081196,21.197826291956996,-8.3169176882794,5.654552736905087,5.486296150648272,-0.9680557092304977,-1.9981955165685392,8.49902925679749,-3.4620395016539947,-0.9982018274722031,10.250977902532465,0.699756515435755,0.6586063504963722,0.37959014413335834,1.2799999999999998
0.6593120379728435,0.5507777678261446,0.7660225117083104,0.6234339290027677,-1.1256616970788786,-0.6823027333224128,20.04944736346344,-9.41410944496138,5.524999513422049,2.3877088753959055,-1.332313609481292,-1.6678825367051164,8.658317594615564,-3.6266581709413654,-1.7843551872555223,10.120653807246242,1.1982243298150201,0.6829187808577358,0.4409842328848281,1.39
0.715507155376869,0.726151622040664,0.7495677090301601,0.6815963639626162,-0.660426073008799,-1.3189322778031616,19.191829138353995,-10.62920629067546,5.409053691753742,3.0204309235658005,-1.6617679430512675,-1.5032585301681032,2.883140511086341,-1.5233949976427026,-1.598805259695195,7.614076897017065,0.7593231258026235,0.9131477087396487,0.5122931700410587,1.42
0.3885545115254054,0.423594349735477,0.6871829323820325,0.6137281619400965,-1.5798807877413856,-0.7394422110890636,18.3142122758713,-10.664764430255056,5.8880058042921455,3.709905708729185,-1.4929448158743328,-1.497515561129158,8.305845844247091,-4.368384881012559,-1.7088720977065113,10.045790504847968,0.9312774851041327,0.9812402360499799,0.39341520720162915,1.42
0.48635470314323515,0.9162133543000296,0.7212398784877284,0.5189094809773233,-0.3202641765316582,-0.6383987912730988,22.228420096855544,-5.417381751796692,5.815819578293275,6.56485588753989,-1.9023072429149541,-2.076765798387327,4.420191620957627,-4.0499465872637375,-1.6066714231669217,11.57500702246321,0.5366229113143298,0.8023667787433436,0.3368471293518195,1.4
0.6551052751681442,0.2603449137751366,0.7872192893697614,0.31899571734096466,-1.8752973665113593,-0.3127681144949839,14.502910900772322,-6.913791545006379,5.9799771573710565,7.087788837419141,-1.1170458534509116,-1.9191075288677797,2.8903961221057974,-3.8743087443843627,-1.5038934394794843,9.217664434790073,0.9338082515624762,1.1546963122199123,0.3435610772755866,1.35
0.7959833605518134,0.6025004239209979,0.5605101005722587,0.72726276625591,-1.8766413462032516,0.2828356340600609,17.755633621457683,-4.069016271088667,5.688202528935136,7.516162594278281,-1.76746934831066,-1.8891276929146616,9.180041465811023,-4.648815791328683,-0.39289839601252147,7.809238838740305,0.4638665881394906,1.0571705525754855,0.48273741402924203,1.3699999999999999
0.5553301108795095,0.6870546103168687,0.7904743511106995,0.22758500051845723,-2.113656736596394,0.44503014469454283,20.87130805870933,-4.612637053296682,7.4750171019830525,6.430736839033447,-1.8659739079731312,-1.767121847003691,9.998814570376256,-3.93512770936714,-0.6855311788480158,10.435164561534744,0.5279029255016978,0.8614158854122547,0.6084560095156035,1.19
0.7725107957762468,0.39854026525351693,0.7586366157162971,0.5742242624585496,-1.597686024572594,-0.1563750527579622,22.293962178609874,-9.625658815168647,7.401369106866559,5.1802909895249885,-1.6895876599755257,-1.7496565998078946,9.325528125230347,-3.7078765069286783,-1.3106150531329206,10.639891810228372,0.712223476784236,0.6471370243758929,0.3860396897432571,1.41
0.5789009878552133,0.6088442831779403,0.7272070344025856,0.3886343449335057,-1.7781473026849637,-0.4434982361908387,21.72753306561578,-10.181217731884699,5.911255317914916,4.34802642747016,-1.664274013407705,-1.8258725150475013,3.7586319050401205,-2.2119694297833963,-1.301184849249917,10.894188298703266,0.3795313441057332,0.9262823819754731,0.814985806530995,1.3599999999999999
0.5573844828199468,0.5343156760851737,0.7109213137891869,0.6015892029241297,-2.4697855761861898,-0.35332894410878696,21.032513064083737,-9.542137960283783,6.102840306385728,5.303874424980055,-1.4781940079055864,-1.8284492499273395,4.264785681541624,-2.217117015029313,-1.603756039224588,11.57832810949251,1.0050705384040175,0.5912007178161274,0.5483866543358599,1.41
0.25203116911753104,0.889784429903051,0.7077523539787799,0.5684004567790193,-0.4641620429413073,0.14177125974032256,21.416774408723118,-8.966395936646418,6.293801078926716,6.109063281379063,-1.5268445796476913,-2.1227843003303786,8.324900995255717,-4.120407856134305,-1.063947538982507,9.779602259336254,1.0604942982556116,0.8257033341840032,0.4592902673250552,1.34
0.6321893377567949,0.9648266964072922,0.6986647534651586,0.7144276482110475,-1.4946863883285446,-0.3002690177846047,13.795767192852281,-11.411671383407947,5.668474869932226,7.636343881310801,-1.5210100842739436,-1.9100483615929702,9.08427604286351,-1.3529414172164218,-1.4014718300202622,6.315260310266158,0.8066581559496422,0.8409507731963299,0.5463779678436652,1.4000000000000001
0.47847104174634913,0.629718031857976,0.4552464994783105,0.3499882308514747,-1.9871520433930523,-0.19807499741003282,16.210563370171528,-9.0704683017917,5.303861102957449,3.6473911794908207,-1.4334122368225042,-1.7198834560396297,1.7484532049906365,-3.1814244055009357,-1.1689776935827114,11.025704306947388,0.6573483423538582,1.1976632976868582,0.7717581972957015,1.3900000000000001
0.7353536794282237,1.0635336543040323,0.7895301783002308,0.7035595026851159,-2.0223179873549477,-0.25042025492439524,18.91559633596638,-9.373852084779907,6.367938607637174,3.6146368920553043,-1.1201257604666557,-1.8875251419067205,7.244563524786296,-2.8719548541311286,-1.235247927475088,11.213060354346844,0.9342540157363348,0.7831140503828153,0.45269404308847355,1.19
0.6857675840645214,0.5794534573044048,0.6973945979659703,0.6997690335357374,-2.1885664661326594,-0.0759204098779016,19.84298584731672,-10.393750882328188,6.186476223156184,6.659806791973271,-1.5987833818693966,-1.9850898372619468,8.49993154382954,-3.0425726463806413,-1.2989520881657062,12.38532809422281,0.4620244664023011,0.9175953006908825,0.31063522601327603,1.25
0.6709579964505392,0.3240382781276187,0.7845231819487084,0.7395955475665084,-2.2388268615663836,-1.8391621905498425,11.464148585942386,-11.610480748236647,5.519187212256738,6.729753801139453,-1.3536277284292808,-1.694897384004894,9.452871479034997,-1.559215014376175,-1.8454973252612916,10.318031342672127,0.600133138287742,0.7815439967432767,0.4202119962026556,1.3599999999999999
0.7441209679887202,0.35714857069752703,0.7569537228104193,0.31888239013662595,-2.00983530133199,-0.8704530527534977,17.505009163974517,-10.317170987104515,5.313662060295196,4.424037449270461,-1.2587140025526555,-1.3278975342944404,9.800073363663268,-3.332867133796638,-1.8257671038020367,9.334068093207916,1.1860277784788418,0.7611622904144006,0.3209538949368782,1.3699999999999999
0.7946964274414346,0.8113861884918663,0.7417196895158291,0.6479682165173447,-1.6338872277583318,-1.241343276684343,21.205158809070888,-7.3298523607160675,5.593711967563612,4.866105866829216,-1.5852755904071862,-2.149868820504853,-1.656902394019313,-3.107643091514829,-1.4384420549644543,9.078527332115245,0.41448292860238833,0.7977675916912499,0.48401110004714454,1.3900000000000001
0.6181381537786259,0.6518595900501845,0.613664547824684,0.7335959111113679,-2.0227392290026085,-0.1869816417898747,17.846137979666295,-4.438637092462743,5.246996138339265,4.242086935598281,-1.5095066574852916,-1.9458037181445975,2.386254856420468,-5.4252659721308065,-0.8799605374454251,8.036659266196894,0.7275925370633213,0.8946904598916329,0.543374082906761,1.39
0.6811196121997444,0.6477308348014891,0.7930344475221653,0.570102482379877,-2.1896650533126816,-2.083182365578207,22.65989161061795,-9.312468583307593,5.293894896875864,4.809368184588351,-0.7577415551376927,-1.0281666129541396,3.7317696336826813,-3.1997461871467494,-1.5240000596277115,11.336259411889007,1.0329142220408187,0.7496186737212105,0.3761896565388078,1.4099999999999997
0.4262248647874159,0.6684055019717429,0.640622522687883,0.7474356585108451,-1.275995709255188,0.13381463557888867,18.81160478206758,-9.070227067923977,5.679883279687096,6.903898045274405,-1.329647910583001,-2.0852121978723797,7.9331845812963895,-3.4764011741624086,-1.0442160349351433,8.871173272546544,0.9525166213344802,0.9896768578633932,0.7027773861536692,1.38
0.6708223999197122,0.7076267950501303,0.7562472336733123,0.34288261272720855,-1.2233797946253557,-0.9696270569170737,18.15364883042382,-9.642763581571428,5.8623219208616275,4.402143252666821,-1.9691272186591258,-1.4926181115481718,1.192902023572731,-1.8145533568840873,-1.2629628336392953,12.497304989317175,0.6846658668459462,1.0269175070362866,0.5592292904134512,1.4
0.5332166416976283,0.6805078503419274,0.5138952001379251,0.7539026425578188,-1.6286264780110211,0.1780990490286428,18.324722327044164,-11.861230870988638,6.331675175519713,6.3216036789277865,-1.0650481526113873,-2.1700964846892847,5.409032133645962,-5.557661061535296,-0.7473791041389378,9.438306449471577,0.5587544836839856,0.8952709810135526,0.8456256415982644,1.4
0.28235103076360435,0.4014209563136303,0.7989026439544379,0.4428147541219408,-1.8780794552752176,-1.7882362555794566,12.587569717436583,-7.787338539708994,6.032418471058267,4.5122553389048115,-1.929543219333687,-1.4736156088720325,5.055134895494749,-2.6449096775313214,-1.6661892021634552,13.716033672519997,0.5681547425423896,1.031575109648769,0.2920753432348096,1.38
0.46204403928313514,0.33844201998335754,0.7393216926338073,0.7704976856420493,-0.8015764363485202,-2.037793874284384,20.920091390724494,-7.177569713476826,5.354217985262914,3.1102903529532475,-1.9436447968412525,-0.7928532578210576,0.7894611616846421,-5.171948983085646,-1.4414659803292111,13.544576733752924,0.9014093935999034,1.0549078832641183,0.31188535587258015,1.4
0.3276810493365857,0.9854336060682998,0.6816574299248381,0.46690572932327473,-1.4494898747714147,0.12417697315127502,18.93478392443808,-8.40644723230024,7.174401713156062,6.0656981907117595,-1.6657778531406502,-2.0244566319796404,8.06537389884129,-2.5074056332433683,-1.5429668233080427,10.99186706956255,0.9189649364906891,0.6578954222674379,0.3476410902560203,1.38
0.47950732532821944,0.8853447437495885,0.729550959175122,0.5060153145773763,-1.238611583850544,-0.7058886782322806,21.492702906871486,-4.745689135669199,5.461568035882536,3.350171910729752,-1.9212022205493289,-1.520178065655292,6.1714203785861095,-5.233209900548644,-1.266034443341586,13.120206781473128,0.8075375190601397,0.8329227541626689,0.3105984811119853,1.4100000000000001
0.7555625457520365,0.2918645696401435,0.716324614354752,0.5074500536867239,-2.222711415190794,-0.16244403874222596,18.170024633343427,-8.505904665086868,5.998844966780073,4.807696445946752,-1.430967020735801,-2.0588049714508223,5.418170909153461,-4.089236121654188,-1.4409985840701394,8.934937059938228,0.4715615225074105,0.8369667590866198,0.4061025372570995,1.29
0.5650322239421106,0.9038898408808005,0.7079007282577707,0.4683239129686604,-1.4487841135165118,-0.7018924479437205,15.56901339327429,-6.778613302419315,5.816473038597846,2.520834829823184,-1.0904199847960192,-2.0137024667725276,1.985796756967313,-3.9964749880221637,-1.175279264966449,11.163981205207984,0.9559226309530843,1.152535735359296,0.38350547863027795,1.3599999999999999
0.7180713345522628,0.6652559398250851,0.7493326673235918,0.6186787008553103,-2.431595191948969,0.20260369090559918,17.821101247752726,-4.891274175003919,6.0800100499527865,5.904149195986248,-0.966365144660635,-1.713498430468021,7.832206970625901,-5.435142353530534,-0.39272199448868267,8.842280287393056,0.8219054917070248,1.0815010609911904,0.3487087485804502,1.3199999999999998
0.5358842141954807,0.31861551098844676,0.7448231428843182,0.26238422173139686,-2.104945805547284,-0.33702719852435403,19.23891806894847,-10.552909812908233,6.323445036366319,5.728631188246695,-1.3697550073393987,-1.8790603754186697,-0.2789024439020138,-3.3279502049163283,-1.0649216423698866,10.841214508509784,1.0311059222089607,0.8841012848686697,0.5325151572170485,1.37
0.747579718736928,1.0352442483663,0.7206399833266988,0.7298409641647648,-2.2720489078166146,-0.17814557005064813,14.647995064083132,-11.192524798240221,5.698232479445366,7.7387468141601286,-1.3416823827085773,-2.0722963293014653,2.8248067051833896,-1.6057235590992565,-1.1942268964000133,7.400463172714298,0.6613477520167835,1.0138196947540299,0.44155284701076314,1.3399999999999999
0.5016075213868464,0.5988031965269099,0.7488427715556583,0.5113611705208572,-0.5407796210503556,-0.32466089171537343,22.30075013942735,-4.669550113780956,6.162182023781687,3.1890128384360374,-1.5747717726560655,-1.9509624104258547,3.9517028827517438,-4.4177619611014,-0.6604743677296278,9.522702111530627,0.9799201404256636,0.8620406508238977,0.5890075381048805,1.35
0.5878211126639906,1.0485584343942158,0.7737323341510995,0.7610433164489436,-1.0140724589125716,-0.016896428210651807,18.927692404540483,-9.763852758859636,5.719381547941987,5.826589924424221,-1.8700896510601115,-1.6636151837795603,6.856483611604034,-1.9277061832206215,-1.6910752488542098,7.092529320866617,0.9370261368534619,0.9022431256893075,0.33011279165848567,1.29
0.7224907427223524,0.7394425674201103,0.7895142510714351,0.6063502726669967,-2.0136249877465437,-0.7264246301992789,21.505114702189477,-6.858615474964262,5.915417769109749,3.4697494200473438,-1.170900738669106,-1.483460273081805,-1.9132795748708358,-3.423454733002967,-0.92669786996716,9.86210375657972,0.8690913008227764,1.078323417952949,0.6187089037240584,1.2799999999999998
0.7662040906461304,0.42517598409017443,0.7197793943367016,0.6488711521082265,-1.658567717040629,-0.8280248203902842,12.718194320845619,-9.908983493934935,5.296280495341261,3.8777532958015613,-1.0538454753472306,-1.982511607117454,3.6612211144513753,-2.4155803924513584,-1.6960740463540933,11.447386412855423,0.7424327538801534,1.1594285222681322,0.40414405345250964,1.3699999999999999
0.5510502880476609,0.48823782346432376,0.46349318751163304,0.6689129942947227,-1.840545065853522,-0.2846696146976728,16.44592752306148,-8.25247213618889,5.3559073150731376,3.4249431058555055,-1.9130444149535921,-1.910899576194462,3.298066113905099,-2.401453823575789,-0.8865122613378723,11.219283676326171,0.557104454166267,0.9755169320677117,1.1286399676625347,1.42
0.29012568770273894,0.48020417620834854,0.5950643355966523,0.4914643255674242,-1.1939814280473429,0.36808693404431037,22.709244108527724,-11.232129123958854,7.782107282015264,7.280500949683488,-1.734818806335686,-1.798557208030081,9.825051929278038,-3.1389125531056448,-0.19821134157360243,8.694672600517283,0.9183460441238034,0.7809170618718249,0.6399450445544645,1.3800000000000001
0.5580925127970255,0.3129224341688171,0.7320779755823746,0.5574201629034324,-1.126717627931125,-0.10156049876999676,20.977455200688606,-6.440407927980826,6.107597095397905,3.834122439801783,-1.1777809526086498,-2.0286600777755415,5.929774218194389,-4.398656755299663,-1.0275507017288426,9.785981852130417,0.9823511056214855,0.7206819187926665,0.6593214999145431,1.42
0.7308465529290529,0.35220630722182844,0.6938863643625723,0.736289838501131,-2.4485556316385866,-1.5844085566535486,12.400320467301418,-8.172222513070933,5.587607848101374,5.930163165092604,-1.762485094458249,-1.065771250790333,6.708818820440915,-5.334074605840936,-1.245976063050009,10.35760666698895,0.6908194155995625,1.0007292050072496,0.49165879496729104,1.42
0.20955008001471676,1.0865721422848413,0.595112904834941,0.39529573718780864,-1.1181391863548382,-0.4075671561047196,19.193048418647606,-9.17629173462935,5.810636284014048,4.808567684560823,-1.298441038278906,-2.073605235401436,3.8400961891305028,-2.8685272985663195,-1.0225880836037933,10.366837277091156,0.814962998083495,1.120690436691344,0.9487181779852347,1.3699999999999997
0.7459421647626948,0.5957214087025435,0.6452026782432834,0.7127205028359159,-0.5315342728700572,-0.04015619908336038,16.268658554858643,-10.204960181063548,5.462210068273565,3.9206390496378773,-1.7488296057824249,-1.8595089028518321,6.916927388828736,-2.80261987276927,-1.5486685845010062,9.600835030981848,0.7696092783673596,0.9950450710139559,0.5651052389992647,1.13
0.5587616971223952,0.3054640970965073,0.7090631130220272,0.21771349812486512,-1.3092798148613798,0.28984928254664366,20.476072568955317,-11.459599067240962,5.16119865077014,4.925763911181991,-1.4110477520939082,-1.954093684051272,8.695284968805607,-3.487564400558222,-1.432044505494807,10.75171626652083,0.7942098254014702,0.9572707139334125,0.4104359867232231,1.42
0.6865145470806148,0.8974939776015796,0.5499227112953484,0.7798376335585929,-1.942151157716892,0.13883629816336102,15.031585939866655,-8.25327725290351,5.377886729601281,7.972298362330693,-1.3896868984796995,-2.118639630866048,5.865403424060819,-3.360780411439678,-0.7150663918865355,6.262909249801964,0.937733432840701,0.9008931205347216,0.6295265190214268,1.3199999999999998
0.37134220367635973,0.5315358880348254,0.7254070032010159,0.7773727489508363,-2.3166351634999343,0.21596586889576128,21.885116633499162,-2.6117489715652704,6.586175934311396,4.403879693544102,-1.2103367495490553,-1.840430475217324,8.257155289473104,-5.916413956648927,-0.2922097982198907,9.76315635084392,0.7084944888642142,0.9242684618808927,0.5683819773635508,1.4100000000000001
0.47059090590911323,0.6294244392414411,0.6683684523109455,0.43070802733247393,-2.1482718873875877,0.10798796402673327,21.70412252747993,-10.048359796864371,5.034188337346328,2.121072550513019,-0.6901980123110725,-2.056183647843116,8.674472993661059,-3.503319316678842,-1.3625088414269426,10.770083453247915,0.662470265648289,0.9013700183164478,0.595827994638501,1.4100000000000001
0.7741437886459497,0.2535663044458008,0.7677429262916453,0.5911025263901655,-1.0561940516248505,-0.3030710678149935,17.060542911126795,-7.932533233669347,5.58096252928131,2.221415222307087,-1.8864401692062627,-2.1836142998181476,5.7542167726414375,-3.431290939391003,-1.458703610796594,7.634707696487316,0.9266581186153289,0.6169487123680335,0.38198282734069755,1.22
0.7214742360726184,0.6020537765702534,0.7675574200518769,0.6976639162699119,-1.7006510784315783,-0.1991240307417959,20.037121740239137,-6.795808379589691,6.5212701008154275,5.223219346950108,-1.316998478509648,-1.6103340808655757,8.095890154207739,-4.695129054402725,-0.9292555807669326,11.025778996556244,0.9002581534743961,0.8594512452006402,0.6101223825831587,1.4
0.5927347003314825,0.6501484625230154,0.6744937263168739,0.33109757358277114,-0.6151197953406053,-0.4248794963469861,22.34925766544973,-9.07165597443449,5.451349083635115,6.384039636128843,-1.8868560810826314,-1.7264706769461018,6.832398973365466,-2.9957296535545623,-1.7834476235811678,8.301245622311427,0.7054298568601595,0.9711345580937216,0.4450704679881477,1.38
0.4527676186672967,0.5149032829554253,0.6703853554377855,0.49426965454594507,-1.6550094143538345,0.13754491645611844,21.6217624862228,-5.827174767528179,5.631015968464233,7.839356157234801,-1.5415474112097614,-2.0523207727935358,7.331185359782717,-4.417788800489917,-1.1044034643025489,8.882733876416586,0.8124196533442567,0.6211179608603591,0.3503345559346621,1.2999999999999998
0.30562341895647166,0.5003652844029546,0.7557060070103349,0.49970705668597015,-1.4552304124839661,-1.7118321414795727,20.292172877295116,-11.604376595428336,5.612963318035179,6.386448858450007,-1.4181519176889334,-2.023957063602415,8.170238819477547,-3.4902130190329403,-1.6191650753190399,8.792707696519974,0.4925938283075354,0.5872981062568591,0.31407465514385935,1.42
0.5292653979095485,0.6556865471761785,0.5416753637983043,0.6003810540800285,-2.3967719967673444,0.05640519675149673,22.468376809867834,-6.034243281102701,5.427370890757103,6.275672311278628,-1.6509009791985325,-1.9868209361440337,5.584077201473066,-3.239246751943061,-1.2160567820515922,9.457804556285778,0.4801375550300878,0.8054337650413173,0.5319425062630052,1.21
0.5287471766465212,1.0142066324796353,0.6205278308282899,0.754363134801842,-1.3450854268390522,-1.0644570298226612,20.77546122689879,-9.340726132739348,5.509064767358948,4.586558156914978,-1.8915319551345418,-2.095069781663701,4.202238509670784,-2.9557454844522213,-1.2929933089003813,8.70653721207949,0.2931164158078181,1.0527298850158768,0.6119534476059066,1.4100000000000001
0.5071990161252009,0.3982733231184559,0.5702050969380388,0.39153492849255067,-1.8458574277460174,-0.007327033516556503,22.091834224409904,-7.341102427792895,5.030104948765247,6.373032018129708,-1.3368462007906863,-1.9774809353826346,7.575943712759418,-5.72924138044295,-1.5258105937275648,10.093868297589234,0.6826422676193681,0.7329339808294881,0.3640112594497256,1.35
0.4448434930954901,0.6282338805666151,0.6733563026624848,0.3510540332156724,-0.5366775342089489,0.03462295259595255,19.843938124812272,-6.5851989118841505,5.795091133673654,7.167283433679161,-1.7001992978406002,-1.766739790075932,9.333705773793811,-4.912488165045111,-1.2723337442764664,12.784416960314843,0.9452352160250702,0.891070998113679,0.33243095951032386,1.3699999999999999
0.24417056099026102,0.9999040160546336,0.449513263668598,0.6003119090718668,-2.314803767791458,0.09503381701955059,16.65626622898785,-6.166511395384371,5.330702282486411,5.378436313126479,-1.4699931769128864,-1.9058603925671953,6.953413086277665,-4.46536710922339,-0.8322724308823661,8.551469926220246,1.1650805027111875,0.7093515198426215,0.9800051589874423,1.3499999999999999
0.739312583235417,0.6511057336212671,0.6586095280012145,0.6378412143373203,-1.412394783321634,0.2588670203446536,20.751458358629748,-11.004876886184336,6.656734447952487,7.083671874836467,-1.9446537157479606,-2.070618918362104,9.273901523621644,-4.951457699263931,-0.7547100222244649,7.977014247597331,0.4594940773020839,0.6991318579908865,0.4583547071455904,1.3399999999999999
0.6814535442708486,0.7800360873228929,0.6412751350518408,0.7434955091663398,-1.9320530886340213,-0.209725502665211,18.483391347837227,-9.661840104114283,6.103839938582666,5.648330746620629,-1.4554077716399756,-1.9577396108114309,6.077729219944784,-3.7614344907819985,-1.5746392518402559,7.384204802148469,0.8145062152880429,0.7934534177797807,0.4820004320032528,1.31
0.3510355445094354,0.8321809384864882,0.7214717194322336,0.6292383350087167,-2.201034812999892,0.029194309538758317,16.918455678822774,-10.444956310161006,5.4556243389826165,5.483721536092046,-0.9720058601088672,-2.1950191901552056,6.5327703770519125,-3.0455716083900732,-1.2666702389782234,9.539559616507225,0.36538729183144586,0.957769862221212,0.3346549180114931,1.4
0.792623676234482,0.6844829438398669,0.6399986079964011,0.49934589833531473,-2.136879938098582,0.07229278857591459,21.21628921389814,-5.118412310681645,5.476585005839499,5.505269068176872,-1.0066132807900698,-1.8860208957375075,8.508233174862692,-5.0372340147877015,-1.5317588655308205,9.541581909862794,0.5809499724188777,1.0063028922730373,0.2523753550600167,1.27
0.7265725171112495,0.3349933844360456,0.6860546159967947,0.6250981270314528,-2.037347187773284,-0.4028152933681637,22.67389533446574,-7.941923900451756,6.345966166949026,2.5491819140101666,-1.2419905140173526,-1.755207108451562,0.965717789243441,-2.619993937127222,-0.8639208251846626,10.709474707436677,0.8580269790672693,0.7363856894747599,0.8843251632397053,1.42
0.31499444758194467,0.442467650477364,0.7553181952628136,0.7202047379445292,-2.0807459884668655,-1.265891219920922,17.645225690721563,-11.26685397436157,5.380712896983169,2.6223719041295785,-0.9601513861078226,-1.3984202662086544,6.180708914609716,-2.2042533221296696,-1.8418382348872413,7.8032856021702734,0.9197923231965488,1.1310390732911377,0.30168000627569536,1.35
0.45754973170696694,0.2902839791499918,0.7626568068133324,0.527396801969435,-2.3349768671472058,-0.11485092703626665,22.95175968771712,-10.340233283454625,5.5849664497604286,7.094832548499399,-1.1425980501376323,-1.610057934916329,8.749011329829766,-3.0038413340158088,-1.855751365169992,7.151154498197668,1.0628135028555619,0.7733912726685065,0.35075200710691046,1.36
0.7881553011961047,0.6954797982439149,0.7962280739617748,0.621485753481273,-1.233700964963471,-1.8166639664896453,18.138791655689545,-10.694835616174405,5.9399270814992615,2.796405206825504,-1.2140819412645223,-1.2570696201631182,3.943647559999464,-1.201133133228106,-1.369132710660462,10.787738941489128,0.9847433830391064,0.9448397712716288,0.48266980724479797,1.3399999999999999
0.6292197429362746,0.7394658091526323,0.7711240442017155,0.2756507913909907,-1.3945894413400277,-0.1656161512257028,21.082201493983767,-9.979378201860913,6.200213184129458,4.7346728823543875,-1.675632584356922,-1.8431963069030988,8.799075489100817,-1.5862771035710723,-1.3995859868789173,7.726572811447047,0.7665458240352542,0.7060713953984236,0.4539940308234161,1.36
0.40437465700147884,0.32945464590619833,0.6755624024969173,0.5147174415191319,-1.9493526037991247,-0.9269277635626674,18.994587457653694,-7.108892439597934,5.230593012616719,3.882070676751283,-0.9514220109794551,-1.9364271386287972,6.89048359103564,-4.983100338226424,-1.3075095042361842,10.788852834429653,0.6215482541248695,1.0182164187251648,0.3915455757153466,1.39
0.5549631671726132,0.30101169047739035,0.6810239354057813,0.535889829309766,-0.677168417108104,0.1474340474772183,20.841322974270458,-10.84140430338341,6.5175285772882185,7.499897998967162,-1.7062593177137324,-1.863211447559973,8.103606622414706,-2.6453517256811443,-0.763076444916214,10.776648621092168,1.128562539402486,0.8322883838899272,0.3434492828572266,1.3199999999999998
0.7483207528095657,0.923146835172867,0.7469496566451727,0.694744998949996,-2.1168881721351243,-0.6088995603479771,21.159112713888398,-10.349684566806186,6.336809513018315,2.5496153455586823,-1.3986208873830905,-1.6984829676085973,0.796624090858117,-2.749803288595535,-1.4241033823431226,7.990152605984719,0.6102387792976482,0.9886474518210494,0.5218699848821509,1.3599999999999999
0.6129616238806451,0.8202955078763168,0.7725097228307658,0.4760586314435446,-1.7659034889061003,-0.031710236110717105,21.16578246321986,-10.81524410109679,6.839968675571376,4.716821382982002,-1.3611546521189968,-2.147707578220761,8.34916368287847,-4.500233728391256,-1.4151284949066714,10.995225954358428,0.6203566438018033,0.6112088496172102,0.3667942735217267,1.4
0.7374264912675058,0.4207716045940963,0.7363062352302978,0.7378908798517247,-2.0275740453233584,-0.14120647713946233,18.375376895844703,-10.276094009298804,6.295422730076597,6.966840659791002,-1.3104342274775416,-1.8940213347549375,7.801821501272712,-2.901534084158394,-1.5019284965443913,11.665779453241441,0.4921427503616327,0.9204105119098857,0.33476148046883514,1.29
0.7834651729795706,0.8471357158010977,0.7305471523092878,0.5976775977552404,-0.81283981261388,-0.4862799266470601,17.5352375572128,-10.009166140911063,5.1199050426142705,3.6708005529802703,-1.3815760058553432,-1.8666441671083298,5.628173814794322,-4.125286753527707,-1.6330251275761787,10.860722337513872,0.6174697666772619,1.0566558219311946,0.47142711551262884,1.2599999999999998
0.5476966776793037,0.8454088410907816,0.7902136058866549,0.479698669302163,-0.633952817313293,-0.5933833915264867,15.547007167736497,-8.04816070190901,5.49949647852225,2.678137100753092,-1.6411996719814868,-1.981449951314117,2.477295284531089,-3.0719646102186595,-1.2237064144169563,6.930807764014722,0.8038673082884408,1.1036646120101565,0.3417504069810007,1.38
0.29045777402003586,0.46970803681073353,0.7881487635591893,0.600216016259368,-1.5682172958638807,-1.6538977011137048,18.23264785049431,-9.15312502805587,5.878719685453594,2.941378642935806,-1.4753484297834358,-0.9768701369549236,8.923239279356741,-3.970600412194058,-1.2789368728788695,10.713952655479233,1.1232817867476839,1.0260851868051144,0.5414202936837978,1.4
0.7839101873029939,0.273408621120614,0.7255743451749097,0.3360415535786401,-2.0841630043206147,-0.47389509911900507,19.853767803981157,-8.150077193603643,6.152628104475744,5.565237331634546,-1.409776584967755,-1.9509894050654641,-1.4003914178963697,-5.3009951958127335,-1.481180202225716,10.206859355238482,0.945498363749847,0.7170025307537605,0.364499355851454,1.3599999999999999
0.4637833260005616,0.42713960493947367,0.7919389752852203,0.39157652653785313,-1.6996650351298574,-2.7914028746996262,16.45988264655311,-8.923709099380707,5.682018659698389,4.337874463860042,-1.1280916698149743,-1.0486555976039726,9.160617592269894,-3.0802066559266983,-1.7210370162597841,13.586899630931104,0.5506199353733636,1.0418666123556393,0.4447144859701577,1.38
0.6159668551462835,0.6056770156030368,0.60049067594669,0.4992965463973795,-0.3221616015066122,-0.14425833712693864,19.00235816346151,-10.360954694061494,6.5850046834404194,6.1537529592462885,-1.5010491043498009,-1.944737655666553,-0.20319251582647535,-2.3057863191987833,-1.2640404620147057,9.457258261286794,0.9440792335859065,0.9808010451028164,0.5431235539783311,1.38
0.7555940882774136,0.4533338519456915,0.785016634951066,0.38108730878346475,-1.7763395421774428,-0.6604539085153096,17.393009619099743,-11.389229984642547,6.496414608386475,7.2174742062320085,-1.4315103903379605,-1.8951778355152489,5.380602511687715,-1.8513518590816722,-0.9637923700878683,6.096903713404878,0.4263899033891854,1.0295511480165351,0.7147216710183377,1.3699999999999997
0.4548171398110151,0.9923775549042131,0.787539579294202,0.5330978892071404,-0.5506082011564455,-0.5687370282081536,19.742240272900247,-8.55159084974288,5.5439547710318955,3.508976100052672,-1.7276957517238263,-1.5104609858960762,7.479778869736543,-2.654115448762689,-1.4575586554213666,7.2174265736066,1.153582632999678,0.9335525020032114,0.4867451368995322,1.2799999999999998
0.22150236172974003,0.4223409798591021,0.6219439408189122,0.5767335956990324,-1.0391518177224761,0.42444226282013253,20.811008212438963,-9.295921794996374,6.042354287717876,7.630300054654663,-1.809107512120184,-2.099861463757012,9.774218069452465,-3.989000319740131,-1.2775026339403166,11.489907084941454,0.9676382298720552,0.6933048010068777,0.23996493884378234,1.2999999999999998
0.5542505628858092,0.21779359799613754,0.7375998577501962,0.3506530373583865,-0.7890428821726659,-1.672119594739375,16.79780112749734,-5.30276633625704,5.6546544803497945,2.602351559281371,-1.914527899959264,-1.7665470334271507,7.047499234474324,-5.08227989348391,-1.095264401038458,11.152180250063566,0.33704444728720384,1.0797085195264582,0.3127068142569997,1.4000000000000001
0.7592505437951959,0.2765971796613114,0.6107855874316318,0.6549761837085015,-0.6031732567805507,-0.2785163279279377,22.580213842619543,-9.436039919598052,5.435088991905713,6.603949437855515,-1.4311566501601107,-1.9649224821480626,2.8348909972484364,-4.5209652470375765,-1.757294924518719,8.641769227833581,1.078677905528124,0.6336994924331399,0.44221904075358354,1.38
0.6642053177129985,0.7986409403891416,0.7880010443105784,0.4087075581690937,-2.0673181165253047,-0.07423434875493917,16.278972340926327,-7.527119537448039,7.877477430186068,6.317035763725227,-1.35557507673238,-2.0480834476067526,4.4599734679966,-2.9837895988473417,-0.5564131378402657,10.242479146074347,0.8829673437322196,0.9435156462484809,0.4966265806466503,1.23
0.742112157038179,0.8231389030544329,0.7743636380487724,0.7228472488081776,-2.04785310005993,-0.9127608395093366,17.728324729127124,-10.047587150561071,6.03619064718227,5.794807760170398,-1.30254494558135,-2.0035534230522396,6.115987322256936,-2.37721722466285,-1.1595074016172666,9.602195409119307,0.47260389126563895,0.9828327507653416,0.32895226297739105,1.4
0.3881474949858937,1.0030312521457319,0.6998253775320635,0.5012012450478904,-1.3302577247012408,-0.17134483742928802,17.36791933654451,-3.943860983845525,7.364999164544643,6.258428733940259,-1.5203235478749193,-1.8882429844111583,1.8876421478717598,-4.07038086963156,-0.8437984055795268,9.105837825000906,0.810553961079353,1.0318122018807712,0.278075918472584,1.38
0.6957065925141557,0.3643665049979874,0.6468375969116489,0.6263402273463551,-0.7064346615151857,0.29316196220742397,19.80334180801286,-10.440416173298118,6.059172979965144,5.185639765409627,-1.4838099927329227,-2.1031077980447725,7.9944253819486,-6.925665800433307,-1.6882569161415129,9.896839095008431,0.7659059446432488,0.8178961417935156,0.3383430332102784,1.42
0.6860354360128627,0.31109984787151296,0.7724022140349732,0.3774369568853006,-0.6436078281192268,-2.6905750431915285,13.979567368842396,-10.345130062057013,5.694122233302325,2.570714112108038,-1.5340556199300313,-1.7814306342929769,6.564790136338156,-1.9956838047860481,-1.686430065132097,13.444542190002972,0.7209696935052977,0.764284109007001,0.5776871937135121,1.42
0.3130307655029142,0.9421563959322284,0.560573646317331,0.7112142614992224,-1.099628705085227,0.1712935931497091,16.237257676587276,-8.549967437370373,6.0949768378991225,5.101144287706019,-1.8157334989667764,-1.849275261303332,6.756526888874983,-3.742412862142736,-0.9096524577431605,9.314206900120164,0.6823775395133758,1.0662589877841693,0.9918564902274357,1.4
0.5862169540239472,0.7930826939192663,0.6975661346139398,0.6561554348943519,-2.3719211691148683,0.0640346067413419,20.944783256985783,-8.190552597099611,7.121743744969912,7.537349564873031,-1.5502772897713346,-1.8622044674431328,8.230126878502897,-3.89738033510944,-1.127192366831089,7.927986847439351,0.46502852694168395,0.6948183474800108,0.5865425336090185,1.4
0.5314282818044179,0.4326630914590468,0.7555533385155786,0.6727000368353327,-2.410801860720426,0.09383350546919866,19.808624165897843,-7.618785473473258,5.8670311932581125,4.1158112954164086,-1.372987166276368,-1.6856705464597515,8.253952599637445,-2.9464261816319395,-0.9503262509164991,10.350157429502065,0.6753953434545252,0.9484060000530032,0.7613885596781618,1.3800000000000001
0.7673542630163188,1.017153251328065,0.6349214371997637,0.31382436988919105,-0.5544195750665701,0.02194506929956312,22.36337652304334,-11.979690846536888,5.104152447524384,6.319039562686283,-1.4160584557031763,-2.0445995256910963,5.573696194042956,-4.739571842888623,-1.5538763635378028,9.745639937091582,1.0678309015463832,0.5922120922339396,0.4928794752157136,1.35
0.41265555384598435,0.7343475043439365,0.6579282003979189,0.2736876832010289,-1.0396670582573109,-0.08487027902949087,17.020411311544027,-11.690133378950883,6.090085443052103,7.009387952253711,-1.5560232894408652,-1.9705657868582231,7.032166899606561,-4.848990156299066,-1.4917222358877962,13.980319380882653,0.8207128503299628,1.0757026704352173,0.3401305308661342,1.42
0.5215003198434143,0.45164896796944476,0.7296648371748338,0.7122482942838775,-1.9847912654745592,0.13036358240798612,19.7043883660435,-11.070963274884203,7.08792948107556,4.939186910879556,-1.7614215235565522,-1.738251884164681,7.7793429239771585,-2.119685077386359,-1.1687369547697404,9.366959208457397,0.7207029997047756,0.8426741407552092,0.19543650923197625,1.37
0.5308628403397108,0.8584380893708723,0.7921677324685623,0.5693873752972083,-2.341111733023854,-0.44095976532610287,16.552662370355005,-10.629389526412778,5.584152159208925,4.60806982662859,-1.7610738186833834,-1.7464738106084432,3.6501229404375253,-1.3819202423472081,-1.6891674445192086,11.089590266063496,0.6166726998816802,1.028737983604487,0.4978442729969779,1.2999999999999998
0.30794199827709445,0.3955585035060731,0.7796595499827956,0.7278724998665236,-2.2374381718370486,0.3980931706880084,18.04207328391035,-10.719497047158255,7.395121785139869,6.33458618389963,-1.2317959660358921,-2.0811271142061063,9.901768217421976,-1.239395843770533,-1.9257060086084654,9.001802213780495,0.6810629937089366,0.985871093579654,0.24681823155378435,1.37
0.6184104009682475,0.26767837988311655,0.7113266121405669,0.331491463859084,-1.8854529967509313,-2.0214134403369073,22.08611452305189,-8.035215791143505,5.719071671821486,4.284888124740455,-1.322221350106458,-1.133781793838667,2.8677653000737697,-4.087264550546069,-1.6154315786723794,11.924025899787777,0.5089777964517725,0.9790148263118061,0.46753469480418997,1.42
0.6523138728020904,0.6386007190532612,0.7078399440070827,0.39739470619265665,-0.42153761283157,-0.5089528893171941,22.528525737200823,-1.4283034137543789,5.684972106404963,4.458804254865634,-1.8722885597266667,-2.127236737287161,4.968483756087163,-4.769802921129847,-1.2152946501814508,10.311519946202353,0.3795594234444297,0.9545881862858097,0.3065634564947104,1.4199999999999997
0.7405567245766531,0.30017218743289115,0.6938482266581532,0.49234783830263557,-1.080034996620597,-0.488167522127128,17.04082264483205,-11.490031053532423,5.754816412022564,6.568262982768679,-1.317527066698956,-2.145775766895561,6.370774161198084,-2.8182301725865364,-1.5647003876214052,13.290939319674266,0.7941017210249575,1.0399596959532569,0.3680541773461537,1.42
0.2408799708892979,1.0919263811687112,0.7815104793971756,0.42692495641706185,-0.8586505103089627,-0.2926732932414501,20.438925135066558,-10.283396147161218,5.467706561277755,4.0056970757199295,-1.3898872713707928,-2.0185593593967686,-0.1732262457201068,-2.3506432038618823,-1.3770845101639664,10.635454468982134,0.8749545896882526,0.8670722157676427,0.6320182496185849,1.38
0.34607267678120085,0.5177487225726597,0.6141187184965274,0.7727331814255074,-1.937220292808476,-0.3732417139616415,17.021094704059095,-10.528352380035795,5.424897744647181,3.924354620218641,-1.6242072762376227,-2.1869889493421,-0.4060852824274377,-2.8087880634743394,-1.6512089436461292,8.582421647553966,0.9498054961591652,0.8919589464326979,0.5369036287302871,1.21
0.7929197484273304,0.6741328170993754,0.7767542843911596,0.2580279979596929,-1.1266709719326613,-0.44526146389196486,17.983032147181447,-9.37265029561707,5.477734402395843,7.137860563093472,-1.935015204157044,-2.112968810833627,7.106806336592569,-4.1252234116836535,-1.7364965326206319,10.094877059191584,0.3836437216770709,0.8432810338926069,0.27867201645119943,1.39
0.5038958828498181,0.8976425763366331,0.5037744611092632,0.5602209367442023,-1.719447320643617,-0.5081600262133126,20.769149843148135,-4.576527640173844,5.167756546147371,5.350020985020202,-1.3847792590211903,-2.09726181950247,-0.4385919590417998,-5.149656167176474,-0.5194781221955962,9.092955873327538,0.5083496613988359,1.1172427657097395,0.7233497140477476,1.4099999999999997
0.6688181287855877,0.7069273036013699,0.7999631591145712,0.6382593583453855,-1.167287508996226,0.1920346173975257,17.228801050082605,-9.912039314308524,7.262544919786505,7.142224511801915,-1.489744164670113,-2.1490628610448423,6.6615905516886285,-2.181223578609722,-0.6649862977378401,11.866247130395292,1.0591704241764832,0.8397140751345807,0.8017127174371035,1.38
0.7052330803038723,0.6490865339164908,0.7595031138326624,0.5729157895821236,-2.485799923065374,-0.7025670309272646,16.29940072137319,-9.892501937509024,6.190727677672254,5.725393186651488,-1.786106139279123,-1.8347663635428568,5.5640327841100135,-1.308767938170595,-1.5420275251099436,8.123875136625095,0.3506056131487957,0.9756822285328834,0.5902526190106683,1.3599999999999999
0.5325165542391971,0.6535308424985244,0.7964988866504,0.7394744002197065,-2.353524623378628,-0.048501784975640644,18.507302966464476,-4.639307532642565,6.336338036849215,2.2908250207266656,-1.485450122224955,-1.997710915490145,7.777125229664128,-4.595883219384682,-1.1001512504598765,10.636318518479053,0.3733015715797362,1.0902401321761526,0.5298588112536665,1.3599999999999999
0.627424324509578,0.5046419031014737,0.6387656809809057,0.34853390339651247,-1.465144227775031,-0.13441636756150743,18.971148951671633,-10.238014873311645,5.930592013584741,7.339097130151766,-1.8122433729471996,-1.6469187100429745,3.564582998152954,-2.7644069439616894,-1.4706958383598532,11.489211770660047,1.1013779548903115,0.718854156769255,0.4116542461977214,1.3900000000000001
0.5048507690470335,1.0405020121424442,0.6654642407145326,0.6922024478472688,-0.520353653358673,0.235811809942312,18.23589652565959,-10.16574304247287,5.076865235550457,5.857720044621736,-1.7259027281382453,-1.7592381349556558,8.466437636486306,-4.84450284222254,-1.1781415343790083,8.634861464699181,1.124441481071677,0.8289471023918012,0.6563241866044373,1.3299999999999998
0.6310647379235199,0.9215924949331804,0.6849836626675172,0.20812170779771316,-1.6848372671774876,-1.0082874797609127,21.290167401075422,-7.122590697805488,5.3045694802382135,4.040186375102998,-1.218155214426787,-2.0290751043460316,-3.025871341784775,-3.1186451481749398,-1.1064812588905475,10.965907423143147,0.7421433050665276,0.9295403979851762,0.3709814579504378,1.4
0.26675224148981797,0.23332266798101473,0.6551015233598333,0.6588513456413693,-0.4398559677348144,0.1800714174486614,22.090656104372272,-9.760665106099319,6.039208372400314,4.036548866890079,-1.8353373062614136,-2.002016702811599,6.956624900158928,-3.2224117437229283,-1.3817688198243634,9.196911030363323,1.0968462367591307,0.8101062053590339,0.4472722687025135,1.2000000000000002
0.3034640900220006,0.9554021164329127,0.7839051697593026,0.7207549985709104,-1.8868875893248995,0.10304974742656536,20.017030723393027,-8.790562308152968,6.437971207608515,5.658931531359081,-1.4622698267255356,-1.9114566242909006,7.681448602269541,-3.3273212892875303,-1.6168775647982228,8.100653617294649,1.0089663671206015,0.7085336830819441,0.29323016442389904,1.23
0.6978499933025808,0.7950678425203086,0.7798021246359726,0.737899916767999,-1.3882704882653139,-0.37236626571040593,18.626303670587006,-9.488776405683495,5.357042667928068,4.763031518162942,-1.3770233458432832,-2.1251898803536244,6.988056384515736,-2.7596848528819953,-1.2417922908333618,9.412184066557495,0.5597662866342931,1.0501814356910915,0.5628607316801953,1.3900000000000001
0.3403121963873177,0.5257407178902759,0.6007261205414112,0.691265972029757,-1.3021431295320989,0.17720940451559017,17.786612791097465,-2.858148262451837,5.502352596918987,2.621885731434726,-1.8375368579035243,-1.7079488620794103,8.465931894236064,-5.816068533355807,-1.3785292456555975,10.093522793136668,0.926766550175592,1.0968693639782543,0.2335082252042669,1.27
0.7351838589854464,0.4549309485885225,0.6692523311279696,0.6184414250067207,-2.321318962685627,-1.1342636974037723,19.470268318506026,-11.102979400957711,5.564715847024752,4.150853626851346,-1.8385839260007675,-1.5513228475114709,7.159796849994562,-2.107143215788118,-1.4625856824493484,9.310599416928664,0.37863425499181497,0.993651349429692,0.5680032062832039,1.42
0.7817566109715715,0.7103638795363727,0.7782633449310505,0.7201991139900732,-0.6860101785383804,-1.0542081867617927,22.95275986659431,-9.869938171830578,5.594228062250023,5.172678384617389,-1.537701699949579,-1.9139412494180879,3.2033909135595517,-4.0094620552281945,-1.5711617302141314,9.594329745541184,0.8196849938207345,0.6483627525897567,0.4077572199056287,1.42
0.6597034881348451,0.23427867878260383,0.7818245979257727,0.7507525215951206,-1.014601611595456,-0.2674392435389811,19.707894016788394,-11.45050374830542,5.262198908756526,4.166511163120269,-1.7423566557580394,-1.9582874464975044,3.45503976104974,-3.1732234231043295,-1.5786771738110819,8.784659514938685,0.6799006474572065,0.909814160095177,0.23430293396416363,1.23
0.7407486276012116,0.48171003162355513,0.6570069480933804,0.4729842159410547,-1.0789802783767848,-0.8763794643918968,15.059163272925682,-8.954113862248457,5.36576442549668,2.4787189270353718,-1.65865972066195,-1.4142651501631276,7.936208297459119,-2.905976067906351,-1.5807501362221175,7.117099265516478,1.075097226751772,0.8819504177896317,0.530514694292437,1.39
0.48965167664848286,0.5575972534319632,0.6824581671780338,0.6792488319660215,-0.7086242905720301,0.13494323407191344,20.77605783206625,-9.605267125932595,6.128030955039469,5.205801637601452,-1.5589918739388198,-1.912448688071621,8.505667354548333,-1.756885464035814,-1.2168432418425255,8.371939167347168,1.1961516457369132,0.8942344966046135,0.6184365514373752,1.1800000000000002
0.5180385624521802,0.5643615325591274,0.789553280840137,0.5866258888710004,-1.0409183743695647,-0.14742194783260154,22.858105119121717,-8.295738071255247,5.886964332114723,7.483881089382382,-1.3798379975748896,-1.9209268625526559,2.4744527245807584,-3.3327488335340796,-0.9492107568033441,7.901114805705436,0.8515144159956902,0.9583199127471566,0.5667662056620303,1.28
0.5304382764277462,0.6226461589793064,0.6807346362138158,0.5863305325655267,-0.3143395162522955,-0.7997945890264481,19.878235468769528,-11.205188573368272,5.612381570161555,4.585973639992721,-1.7088573989183682,-1.78118362772726,4.467766740979043,-1.1439057349755206,-1.5988402858592354,13.630787207562186,0.62345352485286,1.0991696989937676,0.6273889529169719,1.36
0.7188428529238944,0.2931936884382923,0.7345708046649143,0.5010527970475,-2.4981754722526004,-0.992856210143352,14.371546874597863,-10.013585314004297,5.3592987552575515,2.4386529471692295,-1.0936222212546807,-2.1897790740996563,5.2068592648255185,-1.3834490040830436,-1.656398432669007,12.272349425526127,0.6855829127269688,0.7457747441872145,0.44597948910299345,1.38
0.49132173945311447,1.0309391298551627,0.7848814670874448,0.4460597507297113,-1.5401531319962565,-0.5153184341787407,15.933968678808688,-9.295808504544947,5.597529007949386,3.1032433452562826,-1.2295100551098508,-1.7065800302836356,5.185980033714538,-2.146364752328755,-1.442534694839775,12.158881447390694,1.0973616199632292,1.1182607458677292,0.5003827466730117,1.4100000000000001
0.7825698409092002,0.7084159702736903,0.7350208177984785,0.5554251167927717,-2.4224898738368403,-0.20368099358650296,15.496721219193407,-4.877147061598843,5.982335925999559,4.555632579787327,-1.8519099947949857,-1.60752935195439,4.501524769075191,-3.532274843957301,-1.3991062687697347,10.65889929381227,1.0288847632068654,0.8836238684909165,0.4040357761882838,1.2999999999999998
0.7542941569920046,0.4946591108874242,0.7883086375054307,0.7931875623046973,-0.20463115864589582,-0.34035579258504156,15.8180905076986,-10.357618771723509,5.033241551273903,2.7118444043581142,-1.9161185975738928,-2.1924805780291097,5.741234616911964,-1.541409759512241,-1.8705260255783935,9.866018748619231,0.9185185364951375,0.8604112929139636,0.49420690819762086,1.4
0.47121871593473014,0.4471376252527694,0.6633458492029752,0.647708288058841,-1.697223872496437,-1.9781608830369901,19.4231655649529,-11.24469047113277,5.0306138483936085,4.5583987923837785,-1.596009447648222,-1.206246254397552,6.4662305205285815,-2.7605773498760002,-1.7878526431806498,6.878082721075919,0.4472119412354787,1.1884962849506895,0.3016603673425679,1.39
0.26680359405107734,0.7151995362386447,0.6490456770566547,0.2087406623053033,-2.2108659483096056,0.057872561104227005,15.719677104933773,-9.61846966551729,5.552037432499686,6.908532148568047,-1.10518866779161,-2.0934042914720625,5.700834864624209,-2.4316553494502395,-1.4950323404699153,10.148459093627602,1.0305213027631686,0.8441021773276842,0.4771017516741376,1.17
0.7642990997543944,0.31868566732540343,0.7834747191019328,0.5993048396674874,-2.497700039404209,-2.985947405455048,12.225317852479787,-10.620612089831537,5.323150138913081,4.851277252279626,-0.8342687046747101,-1.6499656547069985,6.857270212549257,-2.095709898297463,-1.5962765985819234,11.945314943748805,0.5705883797041679,0.8779995671737791,0.2672954811198645,1.4100000000000001
0.21622766303850524,0.4455335442631114,0.724404701551199,0.6287718588906787,-1.4191827208978742,-0.8531853384002237,20.82997442485002,-9.375838664262243,5.552160918021467,4.7416928935095,-1.6183286403628345,-1.7812555221985182,6.508235683704179,-2.4781481299202355,-1.3110846134395229,13.487961639517803,0.7896754669151771,0.5838958420108507,0.557352998464525,1.3599999999999999
0.5633526132278855,1.0281983986881371,0.6914361317156754,0.25116018297506626,-1.961533214552537,-0.22502831016484837,18.45540154812233,-9.353118775896892,5.495518060476043,2.5859162910415967,-0.9788499416557515,-2.182512600516271,8.467435743839557,-2.216869157069007,-1.3456887643682514,11.605464592489637,0.4364621815775905,0.9757618210480525,0.7009715623850088,1.2899999999999998
0.7710491930268999,0.7932202569362345,0.639956840904026,0.3861103834610492,-1.2539193392292618,-0.06347000295799113,22.097390446049868,-4.1404124607251624,5.310172128502486,4.703447537566315,-1.4387034327320203,-1.7431734863301214,8.939493729379342,-6.065358459008736,-0.910610505002734,11.322415700343315,0.8000577325360212,0.6914553996134621,0.5154116636974574,1.3699999999999999
0.686914135964622,0.6076225620680099,0.7339610579776383,0.693288823659988,-2.1261090717200433,-0.6862126925659516,22.160733484545155,-11.641252391687829,5.461119107828464,6.9513439217155595,-1.6881887173118932,-1.6425328570992308,-0.3308079856252738,-2.0750228542660576,-1.9550625615762238,10.449721506930977,0.7777507037487323,0.7970869585098656,0.4335399565078689,1.4
0.5796406064503397,0.430922604898324,0.7032416474814915,0.5915359783720363,-1.8432149495961077,-0.38482836448101493,18.723231971764797,-9.349919579964311,5.078582023665242,6.67443061892491,-1.0547848371099322,-2.159602042112142,5.958104342996196,-2.248181609890199,-1.4068088392145661,13.329955254051269,0.8170964212957958,0.8301366456773597,0.47486023748270567,1.4100000000000001
0.5754080859813127,0.42908691143646993,0.6981372621287939,0.6391555178022486,-0.6285158170051467,0.33152596042360505,18.849863757584217,-9.792296409790298,7.283485277191598,7.167131582823371,-1.904562933990205,-2.0041974268312415,9.975002011824422,-1.8910478662216637,-1.0671528008263502,8.330978674184802,0.859009382728925,0.9359918689142417,0.363593235023371,1.3399999999999999
0.7514262718025702,1.0161716393512044,0.7122175968672985,0.3535295199896238,-1.5383855077260025,-0.08559098512664087,17.20826391015707,-5.445876103040761,5.499044156546175,5.788622134894193,-1.095815403973576,-1.7701470816619105,7.517938704465417,-5.226654249094224,-1.0315861234729478,10.581220137718661,0.7341358664703486,0.9935562849726641,0.6480019183639547,1.35
0.4364369333411765,0.3487170078764331,0.7526244528308207,0.6305499078701796,-0.6614648299224569,-0.16850995756470666,19.944627472983576,-7.497945890818158,6.0733535996622985,2.7863564236346745,-1.824019130888827,-1.8171751052852503,6.176877792323967,-4.3407788270850585,-1.2911446334128873,7.293871762402114,0.5897621590843751,1.1666118342580187,0.20421962304714056,1.42
0.4126266952774108,0.7685889923401794,0.6270941391466576,0.7345164271359795,-1.6350474821262968,-0.1914857175401667,19.7565299195429,-2.315674278093657,5.068010056914849,4.9303726058101205,-1.8544343219084938,-2.030156375246689,-0.46608129128735776,-4.597952016764871,-0.34590796586948724,8.241667291920635,0.9919692667987429,0.8326002498108904,0.2173207232008375,1.4000000000000001
0.6782479856834962,0.7520455133707435,0.7510717567230851,0.7161623161202009,-2.3367418914787947,-0.18242344022755153,15.371784813692052,-11.59937865026689,6.339112531586149,5.610092041198824,-1.926163374907175,-1.7705385118133719,4.997462532250592,-2.5376570517199797,-1.5756635946071447,11.325484213989315,0.6312913055674163,0.8030181250004005,0.37074614581311494,1.3599999999999999
0.48303501962838613,0.713845744448986,0.49766586670610874,0.7766556202135038,-0.784836645495824,-0.3016759116089168,21.194753135214167,-10.205739786726625,5.262012928068591,6.615071502193543,-1.93045415267079,-1.9633886213221643,2.15498927756935,-2.6835148739898567,-1.5756530185675541,7.609588533515945,0.5429276127741312,0.8607982862601231,0.466788272155546,1.4
0.2910770796950545,0.2628029756718596,0.6003071502247352,0.42696061302668303,-0.8590804822173828,0.21961637223827388,21.40868740108159,-8.371207332481019,6.013071221399203,7.365014448699155,-1.8052366481728397,-2.1985385123787933,7.270848784572218,-3.064191092921872,-1.002988518762577,9.732464372703008,0.8473768701747773,0.7165446838808567,0.46846748711694164,1.3199999999999998
0.7636515706333555,0.6363017436557845,0.7288974548834201,0.473650654125212,-1.68702562635673,-1.805555246609628,14.80298339136708,-10.506262898279,5.682232068939873,7.720370335429551,-1.055449287386341,-1.9864383836712882,9.527314797627012,-2.6456012494462495,-1.499947255003284,8.634160021023574,0.4599261747513549,0.8508741588732601,0.503955663144479,1.3900000000000001
0.749061819735854,0.6969681095047003,0.5862522626626753,0.49865208026869867,-1.0004134394336517,-0.3934863742723109,19.714256254656572,-11.085354155844108,5.125909582862719,2.528398173273454,-1.6332730910328548,-1.6411079551913794,2.924966573658554,-2.5371466057027168,-1.346376269086004,9.504196591719783,0.9070420721723923,0.9152711646860557,0.7448819640488201,1.3399999999999999
0.6446147179055226,0.8676327065387106,0.5376881926411613,0.4447610814115986,-1.5741961117342664,-0.09569946626023801,15.042779198070757,-7.880154605690157,5.066128327568283,6.666856039814046,-1.5782815872768392,-2.0855064087060065,5.479428469139066,-4.5164031054146925,-1.2318766314285434,10.322551446020212,0.59571534257153,0.9824501494967429,0.5594233654002526,1.21
0.6732951514020777,0.7659111303201268,0.7376296291462383,0.6909698978093505,-0.9333907757293017,-0.8224901452843366,21.588362154103248,-5.632847841139089,6.076880297155849,4.66674978765634,-1.7755248858105255,-1.8000421226880545,4.568608604798325,-3.2590995956056004,-0.9447038824438261,8.382960676542247,0.4984722891853468,1.008799032856054,0.5668278174661313,1.42
0.5465779194779066,1.0445512155717867,0.6820640902524907,0.6351323177797114,-1.552965969760943,0.25239718244603576,19.437300433211195,-8.477326186099216,6.376131098706338,5.031144977829628,-1.4116255724007551,-2.1898729795368603,7.50422928558781,-3.976382776816742,-1.0899297668288968,9.055477231875551,0.7983722575133275,0.7839236674809996,0.5276421314643257,1.25
0.763218596310573,0.38300193680127786,0.7133353042331533,0.635136302247963,-1.3420850516565008,-0.09030424872722548,17.168977411420844,-5.838764565859735,5.702749523405663,5.787798260920885,-0.9845919661043588,-2.199774341525348,4.891835805499393,-4.537239834451842,-1.7769692977935785,9.488681793442199,0.5503582381868946,1.0381531840348077,0.2647649610644143,1.38
0.6550151983992266,0.3626154391745838,0.6635127967354386,0.638093092771768,-1.4121877987744653,0.25025131007689017,18.243688894213605,-6.69770545320749,5.216524178743277,5.549397186752624,-1.7374577664747721,-1.9349439847584917,8.964448045796257,-2.6670761433097576,-1.4894189214065385,9.761747529943888,0.6944206926861561,0.8128898463937394,0.3041882863842895,1.25
0.6914421602732492,0.20505915795709276,0.7166245068093904,0.7737282660138464,-2.0385113451723615,-0.34681610138178054,15.608613690318862,-8.628462222539705,5.7729118966305535,2.8160929110292567,-1.2434866842683858,-1.7801568420598861,2.8121031104079184,-4.035457635389045,-1.7849147097499118,7.093760303290749,0.7570753820118639,1.058882859150943,0.34729149959531447,1.3399999999999999
0.7552161810008594,0.3633054390315721,0.6105522198055776,0.4051733397590729,-2.162083004740889,-0.136240031264052,20.944174904537274,-9.410255423852247,5.215430350573107,5.070554931523855,-1.4738070604177216,-2.1416441266642483,9.30647985497213,-2.2403150363741826,-1.0811935033360285,7.603154894964008,0.49873246264264576,0.6075287399786427,0.8577637833471858,1.37
0.7251141195073036,0.6592388489312234,0.5761723287982454,0.5530827943489832,-1.9121676914350072,-0.07937220732840866,16.70998577608557,-8.987765916544936,6.752112745298535,5.885557139919434,-1.4803142137500278,-1.9833567565290948,2.5942585313442983,-3.857820691204203,-0.7480852804596223,9.64437721370076,0.4692634836219748,0.9864655546108092,0.8388466595663873,1.2999999999999998
0.2617927451759552,0.8620571441429723,0.7039000937015121,0.2914477914746763,-1.3712197771631718,0.032223827237492536,19.22537559903365,-10.799752520206527,6.252703604721926,4.357114673609389,-1.5301618195886162,-1.7797030094691153,8.682584995796734,-3.001788359342108,-1.62124088292494,7.508962690948986,0.8577288244302151,1.012302319139422,0.49923713252636337,1.34
0.23553230736163588,0.806383474689691,0.7863471704124617,0.4725650726928041,-1.5707318448858882,-1.3066554427202028,22.734230674345017,-10.059089012080243,5.781316301491642,4.853350631942934,-1.991328137215073,-1.2056574365529427,1.5293077925295329,-3.40965943418821,-1.461067629366016,9.010167477372967,0.9545015861722109,0.9016575899860693,0.2966826277322928,1.4100000000000001
0.6724039681360096,0.9264974213919862,0.6822984799617191,0.27628509095212495,-1.8813750177757105,-0.5649251106931364,17.409701741017493,-4.3982589599313044,5.588899339701534,4.995105648209957,-1.8343100190297112,-2.089758736033571,5.115366161034951,-6.133119860038973,-1.065367236358956,10.543854763890522,0.43049884867031485,0.8941725401058516,0.4927486956456799,1.38
0.6540108805947769,0.5077080590673614,0.7883558535697663,0.47495481981231197,-1.7143390015699027,-0.23156271027090802,14.184708613747977,-5.710438937212353,5.933161239419795,6.681161688584288,-1.9938879437839616,-2.0988179522235315,4.625455994720241,-5.301047929108741,-1.0572582522387093,9.350592724664196,0.4752416604602351,1.020651737196259,0.3918801743377299,1.2799999999999998
0.7574196025747023,0.5628985570456214,0.7126084832178629,0.4309891034457219,-1.7904053073159478,-1.3480080976175621,18.07555714648099,-9.723299752845039,5.676901663204901,3.9696410927187586,-1.7373631537150274,-1.6296124432386005,-0.4020121020078715,-2.306410883416199,-1.2769253286787479,11.408120713956967,0.4810792458881223,1.0048498420280312,0.6338887330636016,1.39
0.6490348787268228,0.9842201965431152,0.7116395521997599,0.4969858561129058,-2.3393079065135507,-0.4258250585150505,17.107931868350153,-9.93386924522261,6.031623917773475,4.799532570270538,-0.9415127621392592,-1.8458200063434602,4.656501373206703,-3.0158657847713566,-1.6021225709638347,13.2047011118463,1.0039041619244826,0.8613050206470481,0.37059041290017,1.3199999999999998
0.6407055259477212,0.377949721464104,0.7219711031032635,0.5702487702321493,-1.1460800706429033,-1.4578867204597996,21.159412907145235,-9.58650507501245,5.858841200120994,4.036896646666064,-1.3798198087844664,-1.430139839347298,8.705332387638954,-2.1958361640840387,-1.4859119640285057,8.454046583929086,0.7852599172335989,0.7511181357263101,0.5098677122951828,1.4100000000000001
0.5235483042369375,1.049009351713941,0.5965058537648091,0.6227381270654357,-0.3163765856241735,-0.5881782652639556,13.506009366914775,-9.943418541145736,5.241747103023415,5.295265284783187,-1.5731175990253992,-2.181785850359135,2.4860691042829037,-2.4766257470600843,-1.6295979177116635,8.03490367976017,0.9975896465578212,1.144972922176344,0.4268181090938824,1.42
0.5393193885130374,0.7010726621753754,0.7384196713031659,0.764037771207203,-1.7467753924086509,-0.33284209880714727,18.722840121067556,-11.922621805037348,5.588643403945071,3.185359079627706,-1.5190882529607936,-1.7705034465215181,7.8355607346025735,-1.0913246796180385,-1.9250526229171812,10.559051928178032,0.8981752044516209,0.8033414662050108,0.32275277198281177,1.3900000000000001
0.6890222547871708,0.23545056425626104,0.7592207502430423,0.40771523913463203,-2.4178995902468565,-1.7090748783184995,16.84397081038999,-10.45298661196173,5.245561679675675,4.782516512473861,-1.4077287395666815,-1.6711279051834378,2.6380839061532915,-2.676389922722509,-1.6399900662669389,10.375115527192088,0.32537727741450323,1.1005205277834937,0.3677668263466163,1.4100000000000001
0.554500126816398,0.6466262417013839,0.5007797009854538,0.6514024182728255,-1.4664835037580086,0.258025952827899,21.92176217818467,-9.323003679555514,6.07471285741171,6.363198133172474,-1.6419352291237805,-2.0318077144432314,7.906814262246083,-3.478789055869194,-0.772745705976272,9.51665390501344,0.3643638690304626,0.8812544336426451,1.1158363083427785,1.33
0.46230078672151,0.9278776351319651,0.6469060419799758,0.4183789734185288,-1.6714809484513542,0.0714278796848814,15.734459313777466,-8.579725947771333,5.579961936614423,7.166875734917145,-1.4443671517288488,-1.7901576892398758,7.99050399501003,-2.6396906783253886,-1.3734412243463763,9.586356745390225,1.0038007028862121,0.9015836854807128,0.4406469206006055,1.2999999999999998
0.43539550917575337,0.46402686781626823,0.6619241884315682,0.7472488368166335,-2.4882494648489253,0.14682488036364116,17.910709311738426,-9.899880538169,5.09282397857615,5.747821027305488,-1.153005540089363,-1.6892195619662378,5.493783008427634,-6.253144566265587,-0.9427649313355563,8.732886347550457,0.634233634998883,0.9328010281555156,0.4283165290762141,1.3399999999999999
0.32079805938083844,0.5773729712018096,0.7928361180145966,0.6088800759890065,-0.6605622078206126,-0.9530135276789499,14.43094469220429,-11.341099567542798,5.661121704278908,4.6467634805929485,-1.6758720495439077,-1.7395144317703188,6.115748077949076,-2.558280363186382,-1.4322668980467816,13.153595101233451,1.1392794729721627,0.7781402192034903,0.3396266403020485,1.4100000000000001
0.40149897604900975,0.4987657170547677,0.7479329545974576,0.5483516943606068,-2.312483371764944,-1.5084769791855348,12.158741241903979,-10.49511399886417,5.720557448915363,3.567131610931385,-1.3666330740405601,-1.7525467964316592,9.779838794960668,-1.4770793640033415,-1.2180792062549006,11.763946955866626,0.46006177190267716,1.0000968472774716,0.5141216467048982,1.4000000000000004
0.6154054973907802,0.21211042793465965,0.6828619486369619,0.7036874346747559,-1.374614490558605,-0.2163079356802524,17.187269541949895,-7.96143151809647,6.587257257888992,3.9608965537773795,-1.4886478113436739,-1.8873000691878499,5.250232255617089,-5.725323833648887,-1.8665843164739515,9.156332589672052,0.5729717289675591,1.095227299629766,0.35275266129407135,1.3399999999999999
0.6316790527560783,0.7172010468527437,0.7028342348091275,0.756962105540743,-2.1502472126175403,-0.23931521589043947,17.021298307796812,-11.257562360950685,5.308567426543851,4.859383559386191,-1.1651509284123633,-2.137814185958951,7.512773014137319,-2.370187962255981,-1.5227063916750643,11.333700879998737,0.5477460753864783,0.9206065866070804,0.4262545982022454,1.19
0.7556503930762684,0.4812478343978875,0.7825913447952034,0.6719353617709058,-1.9019113236152132,-0.46775487956581135,19.936229712142953,-6.943932975983477,5.287411037807837,4.4782109802159304,-1.892556985736881,-1.7550302109115945,9.952477961446778,-4.008607685673616,-1.1459728906099396,13.999636935817648,0.46000303656163366,0.7216701688332845,0.5249587984084663,1.42
0.7022097866311402,0.5472815223169802,0.7233757348343254,0.4458158169808121,-2.384901076512445,-0.30826209066913746,14.397147814870715,-10.055297361336017,6.330341026870666,4.960326005036242,-1.616662271152904,-2.039712593354525,6.929560506495196,-2.660917638439308,-1.333745845525228,10.884916956976525,0.4629880852033326,1.1319649191034615,0.3437347474017586,1.33
0.7199009670945872,0.8207253742204893,0.5675111936757166,0.6105837378411241,-0.7570622760674874,-0.23575674841784255,16.60693561168171,-10.052946376210071,5.483426129607102,4.7163402476779535,-1.6211781334495994,-1.762226119297913,3.384794231908274,-7.618917313320303,-1.3977660796823874,9.448266946443733,0.5408213241347353,1.064263742936705,0.5718277619285215,1.4100000000000001
0.6104120215607236,0.6731451284765577,0.7041953642172415,0.31347109940152407,-2.2429163600624094,-0.29196954467229913,16.55949783287618,-9.899501995190654,5.643577606411818,6.223803712231837,-1.8518297298412967,-1.8965529785582318,3.5252821846426383,-2.5267448488012265,-1.1582018016506128,10.278416205648243,0.48281149300374626,1.163589572675651,0.3376643359135568,1.3299999999999998
0.24010995113036837,0.7833740972789555,0.7384648771851722,0.7069091011920201,-2.3954766145726514,0.22573238745606422,20.17879173955703,-9.409556027656695,6.930834484586489,5.659340300607909,-1.681699857720804,-2.0727178583686316,9.168574226047973,-4.18622280654084,-0.5958737141218455,9.37286292969311,0.6134879618556043,0.7485426495817514,0.5710066713371694,1.13
0.7473519828116839,0.8075803373709628,0.7995373822544611,0.7601581675696363,-1.122011397205961,-2.101454674929241,22.613897632854908,-9.75699265931117,5.457063647942732,6.861298812574873,-1.6096531832743621,-1.4560122037435659,2.6512357716259984,-3.18733600222819,-1.5303548706513075,6.748026766053497,0.40013329600237035,0.8846837473872308,0.5066598822421366,1.3699999999999999
0.6852274910216076,0.9381130596195035,0.5679043917654363,0.6918742134565417,-1.60231396330648,-0.1466323897219697,17.561209258838634,-11.887222092113312,5.841645547439207,5.875836064520542,-1.212877977139086,-2.1702819716464683,3.93881011234773,-7.270338697444445,-1.1781129796741885,8.145661378286071,0.7748961944031311,0.8242071387741392,0.5360839318463673,1.3399999999999999
0.3665325010509547,0.6263117184239968,0.7865170064361418,0.5857685918997785,-0.9998530757432742,-1.1916517785766898,15.406902590046203,-11.756435784775066,5.33336203710794,2.8012360589591014,-1.6916997844243395,-1.2565845730966916,5.894204071091345,-2.5147842222560035,-1.8848035831501462,13.12607077260673,1.0875757676796505,1.1341156293663603,0.4105850933468912,1.3599999999999999
0.5776311670282557,0.6410183002271562,0.7398114474424591,0.3097919107596703,-2.3448727714777844,-2.0600309815413995,16.45908835714633,-11.627553117923233,5.393908676912242,2.1076887629225274,-1.1759013354700392,-1.7867295648694816,3.478495697420615,-1.6737362888635752,-1.9987287663850104,9.82015656721055,0.6048218878444891,0.685702291537283,0.3954366277061591,1.38
0.612522068193762,1.069054231522872,0.6075575710061549,0.5565232496543706,-1.4398778437176922,-0.8345295563036592,21.251861441457812,-10.489497636674177,5.125843776082559,5.271922852739719,-1.5296224054149468,-1.9322775171179631,-2.005305331457087,-4.756685169476275,-1.7730604182028589,9.867384706173837,0.8167936512499614,0.5959030238083772,0.30308933611887806,1.42
0.5119106381633141,0.9316640454757072,0.6554425893424511,0.3129602150309079,-1.9255283853188319,-0.28679517437530094,16.31276001885714,-11.38693194127935,5.095823596137744,4.989555215429593,-1.5208215935491236,-1.7790871312012038,6.259962624019045,-1.6827578002049304,-1.5041355940974526,12.141705438985966,0.82471318040312,0.8520016212187091,0.5348704580609212,1.3600000000000003
0.7645883140569351,0.7119585861068682,0.5954734754812364,0.4760812936542064,-1.6922724310585098,0.05980708076832453,17.107479831443243,-10.407744196929357,5.704348042843333,5.417333216907897,-1.0368403989551798,-2.1085554090811587,5.855344898873254,-4.7283548389970225,-1.1672679591715278,9.317769008629671,0.8012821136405817,0.9287282737880266,0.7735806430372748,1.39
0.7794896387768891,0.2997516504792155,0.6709814644911557,0.487766681095984,-0.6220400376787556,-0.40961500859792105,19.904672385569253,-9.526981165119428,5.86257362311664,6.078488200818804,-1.667719646945214,-2.1062153060934774,6.464684996004398,-3.7102274738842382,-1.4633714441921903,9.439650995374532,0.6905211318986746,0.7545351748413786,0.4178493276126192,1.26
0.31527899159141654,0.8981495703989764,0.6739177754845265,0.3451868348786272,-1.586740580258724,-0.2882606714611441,22.36632475761206,-7.6470892827757595,5.172192682872489,6.336869215429177,-1.0857489224842152,-1.8784257132935307,6.045862357125745,-3.453712478335833,-1.5465665079967092,6.803054298881555,0.9725709782244164,0.9803543683987972,0.33956818486039897,1.32
0.7181969897785669,0.9744849482430643,0.701158205071684,0.40657113117196597,-1.608260006339497,-0.4459678302070502,20.316085601441145,-7.622331854362746,5.876268906883772,4.310058159211465,-1.177566115827144,-1.8004254356241696,3.91564305671156,-3.007844350716004,-1.233991720326322,12.921831537814288,0.8052855523437417,0.966912562696702,0.642578704632691,1.32
0.6895156490928616,0.5112495844798892,0.6646459288511788,0.39152228945775047,-1.2058135748089809,-0.26074062101764944,20.52432382132544,-3.9034570285489063,6.012839490051761,6.11593872745414,-1.7379827579278233,-1.8965568324932567,5.8431643705753125,-5.331744672189617,-0.8819084749748017,12.559813282643768,0.6148867795197848,0.7851991636144283,0.25743169964721785,1.42
0.7426995382455803,0.5347669226332823,0.7784280553770269,0.43164581765643767,-0.42028723892603703,-0.7213004181033367,13.40870995511217,-8.131843075782475,5.018480821411957,4.816263580114273,-1.7500773151439053,-2.0735238738241764,3.8740021412297563,-3.099589629900041,-1.3887009579756249,13.543956565092426,0.6109039983438285,1.1245352155240653,0.3731134393749387,1.3599999999999999
0.7680381891681802,0.49254246021531933,0.6045619277347953,0.7887518476432901,-1.9279736405929735,0.1526567008279478,18.480165868874614,-5.206857345408084,6.140024683432214,6.493499507573153,-1.3978844973261968,-2.193859528848285,5.9962522930565525,-3.9306916699509946,-1.9760774052113164,7.754235942189562,0.5766824992609841,0.7908158578545202,0.1376223549692037,1.38
0.335566011755317,0.5496425397535953,0.7685164123803786,0.5197838156655517,-1.7799692397845508,-1.3149273837024789,20.72516731247125,-11.898034203505645,5.242947943865716,2.905914472410611,-0.8982373807559361,-1.7586954937653023,6.65679153060141,-2.0398068822324578,-1.8792648575644089,12.105217061448853,1.108540777561946,0.9384879273421152,0.3740734389882377,1.31
0.4933785273940628,0.6624750949871967,0.7576727527986121,0.6630567423369761,-1.8951837326145013,0.0387573095457166,19.847779229315552,-7.522637250110569,6.106228536460505,6.0369385885434275,-1.1643145831938417,-1.7281993611946984,5.927488067332989,-2.8710501850353705,-0.9277806123703287,8.688616421545307,1.132522266899666,0.8497720606609185,0.7827484585440097,1.12
0.544060597817961,0.43150912271054465,0.6735251778032829,0.5908472495786701,-1.7406685477622006,-1.6339599667293436,13.34979112397784,-10.288513183737678,5.072829709699071,3.0676082181184325,-1.1607283210200154,-2.189069611172883,9.821902453643695,-4.198648304084266,-1.43261032249552,11.30427839114107,0.32752530214142767,1.1627495244761823,0.4202855102910026,1.4
0.5142204727017644,1.0090028017571835,0.6521605122815299,0.4928343036287108,-1.2740552750624607,0.33836325648858223,18.643337679987678,-8.447383140741792,6.235297302707269,7.970730156605965,-1.916149930492299,-2.020551887724213,8.698755386382432,-3.4627434193014084,-1.1752818546421888,8.697869720640082,0.5773417627152667,0.7210666837363046,0.517283745563523,1.2
0.6821994270283106,0.8920010624202771,0.580368188154422,0.72138014111166,-0.8323722091013082,0.20709458414916004,20.014261862368965,-11.072761487772386,5.660580051213417,4.806091985403793,-1.8449680238196224,-1.882443877954398,7.5474931254734425,-1.2395838297846082,-0.8573159332196059,9.823633321608702,0.8821495552977768,0.779166514215462,0.9524103162952473,1.2599999999999998
0.5973489851711581,0.6473716591584489,0.7488452283191933,0.5047087800193844,-0.43821018755118263,-0.09996745729545353,19.838340042815375,-10.797711824870083,5.568832631789437,5.340447649162289,-1.9451352204383408,-1.9802367955168876,8.184235405148804,-3.146100320167668,-1.2234695395483413,10.27150073983439,0.6193945560015683,0.8345774544706673,0.5015384355925996,1.3499999999999996
0.7955303271157026,0.7234144921153907,0.7199075790611996,0.30997010410375553,-1.5906535693637447,-2.50713110421778,19.50399166567633,-11.361737755396454,5.67733926765808,5.349370760485256,-1.7661265899057106,-0.560585661891105,3.8814630140997037,-1.9872344232420214,-1.3132117195339714,13.742314738786822,0.9647937259997013,0.7923864448254514,0.5566907204559239,1.3800000000000001
0.7975338078801955,0.40265096211743073,0.6737579985934201,0.6470340039025367,-1.9841808922313704,-0.24806436338600202,19.602455778839108,-9.775652927352414,5.49930972915241,5.443958345040014,-1.4197394019424292,-1.8951512711770384,7.37175737440592,-4.848210164929591,-1.9121909983218197,13.310821324105632,0.6347096267074618,0.5755561252476167,0.40785217819072817,1.33
0.6418393744027998,0.8071467903422962,0.6042344030260287,0.7914609351588731,-2.302989185563297,0.1142930379933326,20.93455900437109,-7.272025009175083,5.566462660977679,7.37070045074872,-1.1573838605965934,-1.5937753815308124,7.169129473416119,-5.015087351277684,-0.8115390281924644,6.683579631748664,1.1229477735673767,0.7857777700462163,0.635548393346637,1.38
0.6968801322949169,0.39142700928052276,0.6839439044339474,0.7437819148305483,-0.7766780478208672,0.20290488129271217,21.94994960438124,-9.241550196279363,5.426525630203246,2.932800452253717,-1.4484995305899175,-1.9692558302178331,9.457843572587931,-1.8760176649144733,-1.3517265107057406,9.215243466195483,1.0726207467499096,0.6330425277487866,0.5882778820919875,1.2899999999999998
0.7379163770467143,0.9089214515752847,0.6631613243980004,0.7197569172480945,-0.41051876924837505,-0.5320599050769109,15.901392763041905,-9.057846973305692,6.48476292897561,7.221897950842048,-1.7638568211280101,-2.175272563132369,3.3734400351157663,-2.424080197050861,-1.4596099935142943,8.176161464198648,0.5773404758109055,0.9850813871606586,0.34873818828998276,1.42
0.6673774485348676,0.9884974310316283,0.6503282667561215,0.6919483300263378,-2.252971998218734,0.13494438247824414,17.081209908169804,-11.296526758915418,6.65330480063896,6.975737242843227,-1.8164555950492638,-2.1542293304008426,8.459283828817252,-2.4033166107734436,-0.8661725570397361,8.826264223573338,0.5851232735349535,0.7289179251331406,0.4880956582003146,1.35
0.5662924477194176,0.7858296545120016,0.5954806757398023,0.514201704234992,-2.0655120134625693,-0.06183967383048827,21.37584425885487,-4.509536907155518,5.213314792885798,2.2698015540425986,-1.8806976143151153,-1.8284531184496151,3.5167562965839876,-3.7748409355827217,-1.1798927791750018,10.981094253339604,0.7323303348677798,0.8142099634519677,0.7181844967842768,1.39
0.6417471924140324,0.4020829276122113,0.7454388231186362,0.38303404359774407,-0.5702245495436112,-1.6022754002171689,22.58254847462124,-10.086025569845734,5.574350938602844,7.153318023612699,-1.4073901143462346,-1.6240925885724624,0.049835567290515304,-2.27623827786038,-1.552666246934888,9.494358635311016,0.7614596875717103,0.9721076065384213,0.4319084731311816,1.42
0.681985342297673,0.9947188759117801,0.6959669804455879,0.5874054785230531,-0.7941502898958002,0.2996670845610673,21.077107493771138,-11.476660006906199,5.412627405322524,5.985855898841086,-1.3472499530416193,-1.89379180121833,8.536276246801709,-5.189988709921463,-1.443984049229764,9.946781929873945,1.1354665971911648,0.5644708236769594,0.5346386328775872,1.2499999999999998
0.733507523841913,0.203747205677552,0.7165940798190262,0.597588279019656,-1.6781656311660345,0.044323998007163135,18.766665517143664,-6.05713948329317,5.593987422720012,6.394873944072394,-1.4120719248671074,-1.8156047324131845,5.741119937842493,-7.973256238068126,-1.1775682393953262,8.446372175158551,0.4294178633186161,0.8350548241857954,0.4337543442852134,1.42
0.7179866549238065,0.9146389351407469,0.7120551697489328,0.4997434890881486,-2.114152510479358,-0.1402844706574773,18.59303392496817,-10.717369097384855,5.823506099983785,2.8040063836635034,-1.3945888831428257,-1.9696633803912267,5.683151456372279,-2.0947583869833393,-1.7991361559545556,11.051038887650455,0.8622692024566516,0.5833346259989762,0.5820642229119875,1.4099999999999997
0.5949448720653673,1.0101958957755302,0.7095865665909391,0.7605883673237515,-0.6687605297900769,0.08424158456343245,20.8026302693628,-9.49748208172616,7.578384063277213,2.963179584674153,-1.4771938247247776,-2.0617505756081758,9.226294937703386,-2.626444916319491,-1.1753559909924791,9.448261045398189,0.9423600091073576,0.8769605960621175,0.6699837486297817,1.3900000000000001
0.7325207055481017,0.8349080800685567,0.7697587958650391,0.727380256495485,-1.1466295405258573,-0.7918564281238792,18.52516858087601,-10.468591186498436,6.024080239340727,6.094608650939112,-1.5087729924780757,-2.19666829077512,0.8833829470889185,-2.1189510555798625,-1.2107671700099774,9.286939703920119,0.3799021888136823,0.7674691415971899,0.5475242070447437,1.42
0.4260796817751504,0.2636359394562888,0.7673402008051832,0.4497782419570951,-1.2363028813959454,-1.4040520800579304,21.01164212652733,-11.067244830693808,6.052708295769015,5.316946063976536,-1.5232953900339796,-1.284716778747204,4.411100650953686,-1.9100631010955722,-1.5571236991671784,8.727367106706396,0.8262925182147952,0.9721578279177184,0.5609994462380887,1.34
0.6999149136119799,0.43334667996978227,0.759284148022386,0.40535211049538794,-0.6664854433709193,-1.89681917484286,18.12407926108184,-10.646042606400245,5.114590923463705,2.2448479051418095,-1.8753544523668089,-1.047491639396087,7.283486083189664,-2.5346716538233225,-1.5783877928129755,11.055297305953786,1.0992730373697575,0.5564722542374976,0.36472830241846116,1.41
0.40886658953417515,0.4371156810068101,0.5804099114561306,0.6896935921767543,-0.7285621846523305,0.17653890955387624,22.82439821550347,-10.062479468788487,5.865720194334432,5.893663774976153,-1.9494840253933683,-1.6960358657049228,8.851097936936116,-4.037466272251605,-1.7046411225572007,9.113558612673993,0.8778833251610514,0.755474611479444,0.3503040326883919,1.24
0.7602556971860672,0.663804223208514,0.616636204441869,0.7920503717571277,-1.9308682408766311,-0.46891336984254006,15.358862766572013,-8.353592001600118,6.0794341815765325,7.550679825078852,-1.4228872097806626,-2.1380594009064184,4.46095419832248,-4.52810138069113,-1.1898769746869644,11.163791641328684,0.5510482911346906,1.0082558762458913,0.5334162196258825,1.4100000000000001
0.6515042171610338,0.5463664531713158,0.605098708449256,0.7809781468106611,-2.103542254836338,-0.001961638600164295,14.112756540901904,-8.833171944866967,5.375072037425588,5.512159323279541,-1.8763427366934933,-2.016778139610012,4.156536229727836,-4.098061543965658,-1.3185432158582784,9.227926044116646,0.5329101209924313,1.049488486621822,0.6910116859401071,1.2699999999999998
0.5980306422090014,0.5877128572930773,0.4340724075969048,0.5225577830525809,-1.8739447775344895,0.20543885966515862,16.91618891991131,-10.11412731903567,5.340868102805305,6.263774597334276,-1.6649532738345862,-1.8787944141323776,5.862080320451133,-2.2684106387556677,-0.9711959100215717,10.390643708419665,0.5926712428677349,0.8240085466680654,0.7126088098856243,1.3199999999999998
0.789055137162763,0.43843201855001357,0.7582751499837816,0.6553145810856363,-0.8487118814226867,-1.4377151899030087,22.49119123347235,-7.700903296871722,6.104650746561043,7.219691089940443,-1.4409974833722383,-1.5223536165083684,7.6587898612740934,-3.2613561321569335,-1.5483866896091143,12.756217238081405,0.8060456863878037,0.7233906159698766,0.33987612386362875,1.3900000000000001
0.3724883609923833,1.0819580040291594,0.635590535153352,0.7782425315772881,-1.3054078829522633,-0.1420198052783641,18.170260784443865,-1.1880262422482146,6.284689373545297,5.143243729096049,-1.8592823153374765,-1.8504510371099054,1.372879587701525,-5.397920926682586,-0.908523233320065,8.5475009000511,0.7709203851251178,0.9137026541181679,0.1361193134529814,1.4
0.7181099718605741,0.22884818170207177,0.5616673053827349,0.7971720478635789,-2.345866397822436,0.4298157412262137,19.33755245812066,-4.607976294243705,5.243716964449375,5.237063509159764,-0.8597734829051769,-1.8486163069723165,9.114588546509372,-4.650830119198816,-0.6491676224155581,9.667802780602301,0.6217813320336048,0.8698428505211664,0.8726013498689436,1.2899999999999998
0.7823986711449538,0.6290008141621719,0.6978795241092247,0.6791301935159507,-1.9861954722098096,-0.0027162301838595006,20.517644448924806,-9.341227082398587,6.88724275028222,7.653736689157496,-1.6793882278864978,-1.7269720537678124,7.587176722170227,-1.8027033051699424,-0.8935682239955268,9.684181934748098,1.128885006406856,0.6785601771427394,0.5088203306710478,1.38
0.44483840415833514,0.9242100529064088,0.7152692774788582,0.7857009463598855,-2.2008033430455844,-1.850386626040854,19.237032447136894,-9.974325093005593,5.349992188099977,6.364038566036239,-0.737754324395914,-1.4071677393819453,5.631120582470763,-3.3361952530745875,-1.624037514977901,12.135970194241702,1.1564379775786122,0.8250706901020822,0.3438126442476079,1.38
0.5302986706287646,0.5880359694336678,0.7258264716969731,0.35813702712490736,-1.6730746888239867,-0.08176781944734324,19.87041888246445,-9.711790287364064,6.636344243885461,6.759414469851963,-1.6265073729716828,-1.7113879736383717,4.063558454417375,-4.054586557464844,-1.0237865600659077,9.945147929680472,0.5947570599747662,0.8076230329054488,0.6761901666544801,1.42
0.7160705618229908,0.6602973471802829,0.5665859207798347,0.7596222783776773,-1.902517229639746,-0.004858495097796761,20.127723019971537,-7.105962932429415,5.072635873181225,6.082640775525697,-1.005015950409892,-1.7841782330865599,7.9340834421090625,-6.729093531434592,-1.505859549181148,8.914314937396108,0.6246492742723172,0.8308617167982993,0.3958783161893483,1.42
0.6281689337669263,0.2787380954355822,0.7114942807176221,0.5869787288948227,-2.020738756153767,0.08930921363988448,20.047473511920618,-11.620552363203107,7.801627655906003,7.386934909798359,-1.7235622532779673,-2.0893071465388275,7.671912898348564,-2.9512973347855693,-1.8049174865311928,12.133600789767131,0.43732712272025254,0.7495818872177533,0.36922747987161963,1.42
0.7747895484897175,0.39984694320042025,0.6900648977292879,0.7937696986877345,-1.9189798886518865,-0.27544304456232377,17.58926133151495,-8.168455422266954,5.411407536802113,3.2586173211644462,-1.6813971738367248,-1.8169157235371198,9.036366211235661,-4.110453400922878,-1.275468641742278,8.846193354269266,0.8857437446039154,0.5859059297080409,0.40112179729716557,1.3599999999999999
0.6096137572368213,0.629093725795437,0.6765281660210273,0.25384414140441613,-1.9026425184576339,-0.2362088746082458,20.464354734946163,-8.127184034241248,5.239875626657363,7.967893602490656,-1.2101609509456057,-1.6314632031498573,9.056951343385506,-3.329974980897501,-1.974136791613077,13.448516844898176,0.977063453900688,0.8614683112869278,0.27639852804887677,1.2400000000000002
0.6180265479074026,0.6267011700936799,0.7158073411070328,0.7594884891911584,-1.4247905605955,-0.014767852226547529,22.60249605220016,-6.437368578270952,5.193489788731759,4.776492800886871,-1.2346544139314246,-2.1944880284448933,8.761707972712282,-5.272540392060299,-1.1955201693379687,8.968523357958862,0.7030986525522321,0.8322325861155588,0.5157178069240876,1.34
0.5738628716097113,0.8154553139085516,0.758244324998326,0.47109492780326556,-0.7069615944522807,-2.268007364828806,16.65128908058992,-7.588733415231183,5.553117962710105,5.341690861619807,-1.6093819784961947,-1.8119786716961346,3.6783906188811692,-3.6694433794531816,-1.892203280153941,12.719049788167034,0.3679702677008502,1.126703275975711,0.31306983436127694,1.42
0.6334887079368736,0.7886631143890526,0.709137320254011,0.6812054492021754,-1.7650793022909559,-2.9271787782023204,17.437389232231524,-9.089520508548999,5.189913449656919,5.4688189806682,-0.9338484195267136,-1.0659969125945161,7.695326613839658,-3.110938275815715,-1.9247041742370032,10.377903267511652,0.7451359074870167,0.919933574012095,0.37632169282814637,1.38
0.5198514690663174,0.6988601738461409,0.6718073271106555,0.7473692569678371,-1.7668429555841236,-0.22981921967182006,17.954506594598453,-8.409558334935799,5.078318758707619,5.1578003433182165,-1.2991581523551206,-2.0567569948666633,7.96701626872805,-5.645091755910714,-1.3422201997267662,9.67735904873448,0.6839811262302752,0.8694246582481067,0.35985968531002965,1.39
0.7823280166556923,0.6418538907261329,0.7810844074628506,0.706472764630267,-1.3624131961442436,-0.036951621843167914,16.29812785328398,-8.328684255332192,6.361510592891341,7.006005464695621,-1.8150238253527453,-1.9540166537480086,7.200030516691658,-4.138473658894766,-1.0000438408709806,10.972854062813546,0.4665404974431753,0.9080954637742291,0.3810214526527431,1.42
0.7149272435857181,0.9225157126551544,0.5911611099427665,0.41362280283037794,-2.2114835005608655,-0.15914718254852467,19.489804245432854,-4.762954750149543,5.069396289093203,5.190050990076359,-1.4695629336590823,-1.6066794609241537,7.442623262538143,-4.735257022490689,-1.1059432152665294,10.044239230422148,0.8471626136923475,0.8021217386803879,0.4330843552670348,1.2999999999999998
0.2336286462244241,0.5469105129238493,0.6706142918927429,0.7979107460251393,-1.428154778822058,-2.2433028441321223,19.836048029499537,-9.617360136046887,5.163167020269528,4.236648339577222,-1.312890592238815,-1.805982482752536,2.7229014964862723,-2.734635444623731,-1.7888903007422166,6.588861573982013,0.5810476745866563,0.7668453236416197,0.36964192411774427,1.4000000000000004
0.6284795461023135,0.8197258221646174,0.6292012101283502,0.3899565718314524,-1.6004790913932352,-0.47745244560396016,18.131383609717933,-9.679630001364055,5.071313099725493,7.135773952535067,-1.325602647609264,-1.9856652471671579,4.91323104556532,-2.9873373005145436,-1.8678256482719142,6.295542557889194,0.601800899647086,1.0718686943515345,0.47556559627731254,1.3699999999999999
0.2386119170441178,0.8945341739470107,0.6382203676564907,0.46335008624256857,-1.5157980663981188,0.06823319725144188,22.55706476148899,-3.846947271787565,5.97276082940285,5.523766149008396,-1.6338733099395317,-1.6938045878186319,6.435250303774741,-7.527866624594438,-0.8136675586505755,9.965233536352725,1.1992176529172793,0.6335224336226343,0.5320744735601841,1.3900000000000001
0.4184763855716455,0.6462174064491797,0.6747567153605337,0.7027732692403691,-1.4361622236752893,-0.03849255312653266,20.1879936844397,-9.997322535244162,6.533902648830638,5.176509726793053,-1.4594001215936863,-1.9915816616287079,8.279961336418001,-3.8850650823976816,-1.3688173401881707,8.667057815126414,0.7292329345352128,0.962892942843633,0.2707163935824333,1.4100000000000001
0.6318120802270825,0.5706692808762398,0.6465746969761255,0.22037280421476554,-1.0817489802908726,0.15317200031516143,19.001368630597977,-5.908304143898753,6.4762123626409025,6.569311808722559,-1.778809655278227,-1.8155601460810054,7.651224794908,-3.220928290702326,-1.3587548272783148,10.356399740365683,0.7866079779624545,0.9864952818579087,0.41988967150009127,1.25
0.776168855126741,0.20617958943528056,0.5431678555814512,0.3586970787686781,-1.3064823088990631,0.18549014500246563,17.26462601094086,-1.6088946614951423,5.776886314130424,6.848464527291631,-1.5667211710407745,-1.7203019416466263,6.726605946783939,-4.73030796736572,-0.02873351407425928,10.033985025715488,0.8515716853430594,1.0162802248949077,0.9355175023683072,1.38
0.33218666555840404,0.8419576514044262,0.7463892389515356,0.5455929572378251,-1.952631242605723,0.1822283499306948,19.550868771333718,-6.500625239476647,7.726402698311039,5.5502168976181,-1.8312539973872817,-2.0967983002907853,6.561512989177224,-7.7887546900448665,-0.8713293861725973,10.073215942141019,0.33681844196166055,0.676633261567729,0.44051042795438033,1.41
0.4371530723380316,0.5486030415868183,0.7638908495862123,0.7683903867888492,-1.3773845552096557,0.11829329615701689,17.746687475379737,-5.9759754444862825,5.657934547805959,6.979336497008158,-1.302344084830567,-2.174369337699257,8.677767827547498,-4.879628163625922,-1.5525590371443037,6.061956948732705,0.8099444721953046,0.8254083215136392,0.36942920029790427,1.42
0.5975675078331446,0.6596830587821498,0.7763681544057236,0.35203280585556124,-1.2451086811916248,-0.342610803112331,20.04095798473609,-10.333781845558043,5.9063497654432275,7.461635276811533,-1.7609083150128073,-1.8827788296794838,3.864407901683058,-1.8943195400482056,-1.6830622764964847,13.852298999406553,1.0117958115515457,0.6079748029905847,0.3957123419803005,1.38
0.25966680588785146,0.91767838323053,0.6162043686031765,0.40094839255042297,-2.169268871565612,0.09857123454306799,17.32503244741353,-11.737254239410836,5.45658291779313,7.515494652525448,-1.7924181846664795,-2.152432058315248,6.191550094574875,-1.3084059061779736,-1.2944281294343527,8.355721655356659,0.9797438402583626,0.7325089620692103,0.3828252470473354,1.29
0.7336523281135382,0.6117525840303227,0.703940913819965,0.6872299816175556,-0.835693366434952,-0.24180667635196568,21.86282144236095,-11.584316390151104,5.935302472569972,6.879707699370049,-1.6608870375276878,-1.9686540482986123,4.932942611015226,-2.6290814894814645,-1.542594880671368,11.063282107979992,1.014545749933703,0.6632780338538822,0.4240481505980978,1.3299999999999998
0.5929691073847405,0.8517313389319754,0.5416369851987017,0.2592551625507102,-1.2832255595939426,-0.13712414230320272,20.025530282115945,-7.014674168805185,6.273374167911623,5.986964007902591,-1.518154445407848,-1.8317724009900898,3.171740861486212,-4.128402287588943,-0.6091992919635199,10.463589387578175,0.8048432004866876,0.7783459376500466,0.939778745739104,1.41
0.7332107437149856,0.2903832981398947,0.7849776609700699,0.717473298718577,-0.871985375957278,-0.15050653389961488,20.498756369138423,-9.61853475388701,6.323580673362965,6.897942797719619,-1.9677165662054492,-2.01588986469838,6.058222513250955,-3.927479464171186,-1.6483889137898746,10.9006660697043,0.6995547686197151,0.694808095194616,0.44687173973598177,1.3499999999999999
0.20961222964365248,0.610996766436729,0.7832181799445372,0.4641570425362168,-1.629547360396821,-1.150665860509438,14.048272904102914,-11.498139313355502,5.634901160078529,4.132558286333602,-1.5240642939838858,-1.5466024349555236,8.9547846752133,-2.7191811097639746,-1.906574417488703,6.486007420901009,1.0716619697877785,0.6305644113728183,0.2293953695086734,1.42
0.7673469967492299,0.4950453847268877,0.6152654671394644,0.6055738688795387,-0.5309379520844931,-0.023064726460080565,17.92805245690066,-11.209547429819645,5.176313584116011,6.980812531958671,-1.4984231118292362,-2.1584141323945865,4.606336030050892,-6.883826478057859,-1.3974735071523923,10.22223411062627,1.0603610332795266,0.6749096112495422,0.4797665208772149,1.3599999999999999
0.7766955721863706,1.0692847745911105,0.6863717081104679,0.5369518461662703,-1.8185765894050048,-0.26898228870715163,15.315703310052001,-10.77751423814517,5.190058475673578,2.6124613711642395,-1.294613198466283,-1.879636536744754,7.788392891802253,-3.3383498268791425,-1.6665794932426166,8.452991766633273,0.7693471788602947,0.9541715643886852,0.3366078547292786,1.4100000000000001
0.4866259344078588,0.874692722913898,0.5658881024418199,0.6302766047296171,-0.4674687979203409,0.1378930931162612,16.822874893091548,-9.88997183673488,5.6844192487014285,4.339433016842806,-1.9711441876250626,-1.9265730518988888,8.390832264652278,-1.3860971949558047,-1.2387413020414426,9.98399427887779,0.661017538030075,1.0334378682128587,0.6865764890552519,1.2200000000000002
0.5521556493909476,0.7314813080534117,0.7333075846561148,0.5180678367746181,-0.9944983417516483,-2.421378792745091,18.807543052064542,-9.764758411690643,5.997098214547651,3.617719499777121,-1.315964156960852,-1.9898636921365613,2.291490225175255,-3.4239201015770195,-1.3757300947380877,12.698572199867394,0.49392322092571217,1.0782747900104053,0.6266915425104324,1.42
0.5422006794407861,0.7659712836103671,0.5155988108497952,0.6361754947633229,-0.8421039659369213,0.15248730312763362,21.295192335572516,-3.707020515997285,6.096219237317523,5.764540075626537,-1.4474565379794673,-2.07425858811702,7.134227549993259,-5.281480334255133,-0.49829581736041517,9.071042449964391,0.7849704351058249,0.7340658045252405,0.7248156686817462,1.39
0.3148847282857026,0.9048187009044983,0.4943997557832795,0.6953683287612351,-1.0079366420306304,0.044023281863034135,15.591548885179975,-7.496695215025421,5.1714815309579665,4.929625924333833,-1.8069232205876218,-2.024311022522673,4.560962664713913,-7.057833829758708,-1.3781480976542284,9.542003616232703,1.0399603919064229,0.7801058764587722,0.2668384241798832,1.3699999999999999
0.3005253223611899,0.3110920085024615,0.7768955073237198,0.44831715749772527,-1.1000176548241203,-2.596161941676952,21.813563906220327,-6.6625038984033065,6.027546914300546,7.8872844037292635,-1.2175479879641853,-1.4248432690297739,6.92432610270024,-4.110977539728821,-1.5395110598207584,11.31455299597109,0.9249929790708016,0.8005965324892695,0.3703096131674294,1.42
0.6019341650180501,0.7169552076348544,0.6029413293470963,0.29273247844847616,-1.2740673863974674,0.178309935609807,20.78043733371023,-9.236396322938694,5.264649931305248,6.677504519629583,-1.3477228513817365,-2.120576746569084,5.755361596428568,-2.9673761498514897,-0.9342128634141773,10.228343376342576,0.7884435442498691,0.6344305545089188,0.5664945095306331,1.3599999999999999
0.7497210737152058,0.4006410792743907,0.7384922702249641,0.7475355182789494,-2.2918224399026763,-0.23257552029972373,21.46064854381143,-9.458031026837968,5.540720555771133,6.1535290980619894,-1.4331050501794715,-2.0917828535349523,6.743733649623609,-2.972939748881032,-1.5360901676868877,11.638865585114175,0.37900296624475066,0.9246954928407098,0.2691693495605163,1.3900000000000001
0.6805424764020238,1.0228361957901548,0.6638321359032572,0.31080280013739875,-0.9190536238243862,-0.5105526753503755,19.768175259001644,-2.3369841076374787,6.1902084629636605,7.0310096132838735,-1.8105184428696401,-2.02887773642463,2.6539102706368602,-5.240539055718274,-0.566342049827059,9.314717750902759,0.5404158569483835,0.8918037629054567,0.3809972505141426,1.39
0.47945499679991505,1.070439131092473,0.7027691432591632,0.5684913275636525,-1.3153481148489221,-1.3290793646035777,21.492602982292496,-11.84577712100027,5.338413829953676,7.583957214776217,-1.2932213258072687,-1.334182103086127,9.757519952521902,-2.2414592699715428,-1.6152763969978552,9.788453948419601,1.0137410648946952,0.838702377132925,0.43663137107290007,1.39
0.36427533540611573,0.9074712227437807,0.7110216913744466,0.4428647965540666,-1.815873762968981,-0.05232016570412995,20.843191352339748,-6.013281553545621,5.4848993077303465,5.977842527424797,-1.398685452913448,-1.839828816075126,4.767476262159642,-6.445854906347337,-0.7052855777396559,9.8016699967067,1.0263249754428525,0.6584211637895738,0.26955694911547445,1.3199999999999998
0.7768994387735321,0.9544984942298891,0.7602385049532255,0.4623125699870293,-2.417099639943154,-1.2992933672606028,20.536053986830854,-8.50684537858541,5.5976452602258755,3.0015430310203,-0.6720940777549376,-1.406825181612022,3.634096129134593,-2.71194278865436,-1.7027376119800899,8.506676126049857,1.0994650428167396,0.9249566708259124,0.41098816281326056,1.41
0.7494490584820371,0.7595501193108507,0.7356969115905598,0.6368729861803362,-1.8130288191044226,0.02754369122228212,22.929361651186536,-7.903551786879522,6.121642847994585,7.192717141751878,-1.2672000212753256,-2.0721351722151415,5.883978614046381,-2.2194815654951108,-1.1867223466980055,7.737740696938054,0.6377694436414378,0.937398820743834,0.5235338520424172,1.3599999999999999
0.4405911426609552,0.33016080069999554,0.7632225882696911,0.30944768665070077,-1.762839506077228,-2.0828810186603555,18.44192603501442,-6.544310829284337,5.362204926091147,4.316222948384976,-0.9919387452170516,-1.4387646373164005,7.8346491078732505,-3.337362405290426,-1.2971721236128924,7.43568024491601,0.6193327328788372,1.0295485208666617,0.5029229907370824,1.37
0.5694232117553855,0.32520024587399515,0.6987430840542398,0.5965656377646521,-2.2472669443011375,0.1149153957303658,19.08367565493199,-7.0771549931250926,6.223942591105146,2.4729573682945754,-1.3406867524977928,-1.9248783142437447,8.993636942518032,-4.7208922638754265,-1.6677771369667949,11.817704666194375,1.1076640915677671,0.5981576081781245,0.22667006379559143,1.38
0.6341348848897298,0.3608954725574203,0.5209316986332694,0.5276147625297468,-1.6473770788470223,0.169222327069282,21.17123632472811,-6.93979791144514,5.778827915012273,6.235269989032023,-1.1631989050120917,-1.9829817709145001,7.273014460621896,-6.666769468528772,-1.3539625980964398,9.12440697760502,0.6176841542179887,0.9249796240571807,0.5151042373456622,1.3699999999999999
0.48655060999125954,0.22247740623649281,0.6870520327526798,0.6364264414889671,-1.9710934107113718,-2.71236113453283,13.052231651317387,-11.394949556259805,5.47943837904324,3.441457442484321,-1.1577755976112982,-2.0711083313744867,5.154273291856121,-1.74713417690443,-1.745381108852522,13.880576245690921,0.5548446339628605,0.8319975822110361,0.4899578806731815,1.39
0.5068303901254222,1.020194919006625,0.588035839002437,0.3804786195211852,-1.345592849757447,0.10047861107034994,17.829269347105306,-10.582074949789359,6.418259301985037,5.300476871544341,-1.550750733028627,-2.1635174391005725,6.913389613658438,-2.871309265068292,-1.6514417045264964,10.185643078818263,0.9833066539635716,0.5994050881301993,0.5239713975779066,1.3399999999999999
0.2127879413771715,0.7882967938380726,0.7210281605191068,0.6007407646551374,-0.9428971782006745,-0.33114858032480377,19.07636415904767,-4.48785243226904,5.645485981634597,3.6708808177235657,-1.8697620199233493,-2.1540987908254645,2.5697220209338076,-3.7010906692259935,-0.990064468395768,8.662162123695968,0.5722587552551028,0.9168464746295422,0.4671821114749214,1.38
0.5958210770839243,0.3515304702277068,0.4964759288466917,0.3334653680848619,-1.771959910845799,0.1983915135458198,20.78336049649909,-11.152592210167182,5.13484518232527,3.6607075278690138,-1.2962809184813735,-1.7990414615312265,7.932320871674423,-3.34677770931747,-1.1868483656527142,11.501295044389803,1.0239332132960808,0.7140067325039423,0.7639379762407351,1.2799999999999998
0.5595402983158246,0.5260766876286975,0.7908817471544792,0.31139838599732894,-1.1752959358216075,0.17710178536949045,22.62648899718178,-5.302283514641761,7.590379504516866,6.170328465933306,-1.9172143963755601,-1.7844411883861913,9.450878196447137,-4.763338606052332,-0.08555901749465758,10.09527959159167,0.56177204331382,0.8398317610952293,0.47377469692413743,1.31
0.5703866994148259,0.27417554064817107,0.7815273285766731,0.5836925113958976,-1.8774292407181379,-0.9247137515850918,22.55491269888668,-8.4948355669725,5.321829198362534,2.1555801037163875,-1.2368677790803,-1.8748253420460195,6.675877374990105,-2.698056401460404,-1.932381341315339,9.705321056236645,0.7901811793883009,0.5268019802642794,0.25871250884105257,1.38
0.6674556464104745,0.7827768033086676,0.7758158964652164,0.29071635506585386,-1.8525930270168103,-0.5531579767193006,14.209132750319553,-9.848397947394556,5.716562326313985,6.476552400178428,-1.5835554501768174,-1.9020336600842995,4.18401051537546,-3.617031256796998,-1.4626197494441002,12.08409624502688,0.5066657534863248,0.9431686726859521,0.30912305196472684,1.38
0.20206164924089481,0.7528859933091836,0.7600286719598944,0.7772280129871596,-2.2198446153212408,0.40058666612753907,21.948927263588292,-7.335069040746921,5.132927852931484,6.359340429477266,-0.9913228763432124,-2.070336267149432,9.458782310335438,-4.425294135860436,-1.9179820628179398,8.405704110746209,0.825109893222778,0.8560541540768376,0.18262345316721396,1.29
0.7548751871546198,0.4473376186334459,0.6643139900443116,0.5873231118597442,-1.8079283840003701,-0.13111726802400125,20.289849812434397,-4.4412456054812015,5.813039816703195,6.661312193722061,-1.6097671291975164,-2.088551486101691,8.527985721963567,-5.286375573555912,-0.8970074932228363,10.525899157074523,0.286622122804475,0.8225419974616237,0.46935420990969723,1.3299999999999998
0.7059950470423285,0.5135292654583913,0.7035064561907706,0.715111676046168,-2.414399354848427,0.1121269387525734,16.64235275281814,-6.253179939240908,5.778194867295265,4.6349636028699495,-0.7476453628797002,-2.194937536671993,5.663349797476483,-3.773138499790003,-1.6060947897708402,10.244279518904875,0.5593821615237934,0.9918079368452828,0.40080208395307976,1.3099999999999998
0.5449363383211612,0.6053092350539035,0.7819918332242337,0.7201191712405997,-2.0217782610207524,-1.9121656937681117,19.97671555005142,-8.52284604656999,5.662330958266638,2.598751108468222,-0.7945189193442607,-1.7678447240770319,2.674478397927821,-2.474858408308113,-1.2573772584101166,7.220533145004612,0.8679259917371913,0.9476666708936461,0.45359394772276634,1.42
0.7518222784893631,0.3338206951100751,0.7405883834192908,0.6552420162304504,-2.3769748157655592,-0.9620013331803594,19.310238204232952,-8.696864076964602,5.355642363373515,6.4775228576033586,-1.20666618832189,-1.5437306363001797,2.601938171293885,-2.9806312535332893,-1.733239595771682,7.922683199832104,0.5549276286103002,0.9923569683106365,0.31137532637653775,1.42
0.2992632185813683,0.8447573077379843,0.5617765236309603,0.7818052687366144,-1.4639507220786228,0.21754373038393082,19.712420514641234,-10.358156136681313,5.280630014373327,4.170835126097535,-1.0200352809739388,-2.149606373155399,9.615576830771527,-3.9392199020766303,-1.0370766532683613,10.049127995242085,1.112617772809293,0.8571670445365603,0.6677106775379739,1.4100000000000001
0.6330113367523305,0.7580516707117219,0.7679182607266339,0.7804663461681229,-1.1506093062845373,-0.13656904583889506,19.064360374233154,-9.779791737686251,5.759930921016181,6.223904448912434,-1.6948136179415805,-1.7360074056891166,7.204337720810172,-2.093107481522479,-1.6796315031531075,6.14409669160994,1.0974418243641018,0.9385090817557897,0.39070880514344486,1.38
0.3489621917793239,0.34883139228313326,0.728472338430506,0.4619926450554249,-1.893365824730044,-2.9213971095903117,19.989845642810586,-7.891868219488523,5.392534606353555,4.934395649932881,-1.1253348420261702,-1.9584359869194727,-0.23259702558797501,-3.3985064411309254,-1.686802905710429,6.268474950521693,0.4560406664518406,0.810000718302873,0.38802735336698746,1.42
0.2993706506223307,1.0805549661670508,0.7712232276472435,0.55312329713635,-1.1587885962256688,-2.132815315262794,21.02341617017898,-8.87669207500116,5.6212205595687275,3.527295021813452,-1.4226790517003647,-0.8520340956997519,7.674691667465493,-4.355425814025933,-1.43531340925359,11.76948854855608,1.0222937352809383,1.0268371679688075,0.34355784114806276,1.4100000000000001
0.7460601731852728,0.8528277825241257,0.7625192579571302,0.3446633995323142,-1.3916171560132833,0.01614373742400487,21.348205294082888,-6.289540434824809,6.962552580302862,6.916707228769993,-1.9710740409045844,-2.0394657647694996,9.324506882397502,-3.308446086745718,-1.5107098906942502,11.203685738717379,0.78543446067908,0.5749736572711559,0.2128924947043109,1.35
0.6546454482899586,0.4808063021318406,0.7623790316145779,0.3642300237537099,-1.3983108665620623,-0.012194872007763523,17.882896615338765,-6.1104914668999335,6.75110994047599,5.189546227775919,-1.955415327465337,-1.8036098638308438,7.487800686149516,-5.826643730610154,-1.159217999904527,11.516509139744922,0.6118901283299264,0.8051909713716788,0.41882103473935467,1.41
0.7442957114021125,0.28730159716443554,0.6623448022764189,0.6015493011338137,-0.6368358714105496,0.29314361601026806,20.64601693034346,-9.400598864795883,7.556199068247333,6.30365758306929,-1.8235432462841223,-1.6369406138517801,7.169278877140406,-3.8956800331793637,-0.7765063811212298,9.891322504846357,0.8605940498545877,0.7517654320154141,0.6722899299818481,1.42
0.5214871478075143,0.5111534942325456,0.7550497635736544,0.7731494030777494,-1.9136100582171143,-2.9149161651891338,15.036613578987303,-11.464956753569469,5.781353564820865,5.074315832434796,-1.926736374043375,-1.472255023387487,-1.1366696843365034,-1.6489205130668545,-1.753351078878455,10.794397222856801,0.8881823401127323,0.7765702854268088,0.45633908253385874,1.4100000000000001
0.7224826684598524,0.7414338218553773,0.7193599427710057,0.6917195082587523,-0.5650080631441001,-1.5370473381851597,11.25075729599519,-10.9940877587951,5.185996084205859,5.1815593660772885,-1.9249501370219324,-1.1572660347398567,8.624851508641221,-2.1428762833578543,-1.6576813494490672,12.174902885370683,0.6644588546684078,1.1650286449872786,0.5986758898209268,1.4100000000000001
0.6307081217359466,0.44505575818555576,0.619068237233372,0.5386854708461666,-0.6329689984904062,-0.2767610751559235,19.91191987365217,-5.1432496603424145,5.696351449945595,2.3311400825297417,-1.4676413779234294,-1.9302839862617038,2.9591303261732054,-4.556280766179133,-0.5110558456309442,10.866333846747533,0.938988024375118,1.0639803521713884,0.8642541166236695,1.3299999999999998
0.5846806587314216,0.8745337649447238,0.6916820936953539,0.3094989532975558,-0.6348692909725091,-1.0491388576371912,19.88240111666613,-11.830463838507303,5.110771914688173,6.8719201970505654,-1.7228494663367893,-1.9511232770287141,8.988968800361096,-1.8287608256230357,-1.6155052784550188,12.169774641275112,0.3631704903444551,0.9523606469582155,0.581039972114019,1.4
0.4042233792422113,0.45910337968598114,0.7550111969350227,0.3030209200814049,-1.192971870951569,-1.551955394577933,22.663656523486775,-6.462512918021767,5.368162658352926,4.525403547792939,-1.2206772701809334,-1.3563274750190024,7.2438332235781075,-3.8861059174386154,-1.9384082184848581,11.822567043034788,1.0410467648268045,0.8413010910071408,0.27130873963304986,1.4000000000000001
0.6048813715945189,0.6123651026289443,0.7581475372721809,0.4105054499222406,-1.182878229475803,-0.031221313190534394,16.676650428910854,-7.540209634743476,5.471883962187313,5.448181542826388,-1.7542534838258146,-2.0601486865571585,7.504963129549626,-2.516940833640323,-1.1194880827078648,11.235761419218989,0.4997804659351025,0.8717522498375387,0.5910961664156817,1.3199999999999998
0.654177176003668,0.8765061357050616,0.6443422067378812,0.75174101627227,-1.1313751917253043,-0.25181560492527405,20.481632994744075,-7.103959215633859,5.707517795897424,4.607060295775085,-1.1626694930736639,-2.0782213614364826,4.933239622661674,-4.613937482700161,-1.0391922791249022,8.359717883383563,0.76929264362491,0.9176703255668064,0.44298129597431846,1.27
0.7933886489861912,0.5930889214497799,0.7519438193118723,0.7840683515453718,-1.3020089945259556,-0.19293431933597194,18.800062513101206,-7.498981277065598,6.48201748569147,4.416572834205905,-1.5819085724623547,-2.081820856379872,6.216159820587036,-2.0556837152511624,-1.4969645114119456,9.946960233789767,0.6862164095031961,0.6782187168581433,0.4457343287590589,1.33
0.7864820854955116,0.35177191559180254,0.6634628330178904,0.3217501183676359,-1.456373218609738,-1.3938846496012134,12.487451451160714,-9.857875900578737,5.458563913155877,7.970707303719499,-1.3955735497771862,-1.969918595464897,8.899915906395773,-3.7107077345892465,-1.7082757424568895,8.379626263120334,0.41602626195781384,1.0426635402659385,0.42090889823640965,1.4100000000000001
0.3351750061747853,0.41000548426173766,0.6214371500487337,0.5706426779619141,-0.43266010956961154,0.13047469930712977,21.562714682904193,-11.535258746469815,6.4143242460036705,7.70218759681469,-1.735139863364867,-2.0265434935305797,5.391525115850468,-1.6383179017857439,-0.6859948534406544,8.19155817417327,1.129317546026322,0.7950048661551917,0.7329853908968016,1.27
0.6041956251493625,0.749189661307346,0.6295222812725892,0.20350474786121456,-1.8799823862902183,-2.2449833342043974,21.056897972601377,-9.231777985228943,5.395995477887874,5.786175919731377,-1.4378898890297571,-1.9849482310551998,6.913291173401083,-3.571495853461082,-1.5326657189462212,11.891896757783654,0.2594382426024732,0.980176899391184,0.44981271370274856,1.4
0.48855092142446643,1.0868636418329525,0.7961237699045022,0.5196307319775451,-2.498910973151095,-1.2377967819115272,22.432903225878132,-10.53641377144776,6.69515480727924,7.213537778877754,-0.8234283275914829,-1.4631028894627904,-1.9355381395586302,-2.3936567740378765,-1.4593942365713382,6.861119596731137,0.7669492700841798,1.1110202949482642,0.413053804501141,1.34
0.4414025512781843,0.5159176255263997,0.7078254028219861,0.3141802799336011,-2.302230840666202,-0.9799311702602005,16.98848186006588,-11.489891387879366,5.246233716552679,4.440814420374366,-1.5438201523295185,-1.7037338462032248,0.9338057984853991,-1.9660589646122673,-1.6045945226612202,9.840418071413556,1.0595801707641155,0.6949345620629633,0.4083006268425662,1.3800000000000001
0.7482542064473946,0.9134707642164408,0.6100614767839133,0.7532597045044216,-2.0228299955369238,-0.13681555569215384,15.873995867474997,-3.0697503582393786,6.2354146543343445,6.646318364754584,-1.908999715447627,-2.14911876502271,5.2942144078110935,-4.161676157192598,-0.42024203516613867,8.937360401491562,0.8976271573771512,0.6613562978545311,0.517736290976512,1.4
0.6793491118321888,0.2110591258554792,0.620222299827344,0.5674938299131559,-0.6440816656699779,0.17410546306311123,20.636625302554314,-11.07277597746084,6.958725285952262,6.253345001183633,-1.9908206999429041,-1.9314217929130184,8.747236643485584,-3.8586180211229157,-0.7605701671755916,9.436017430872708,0.5153990871722632,0.9943588033599512,0.46817486467056246,1.1400000000000001
0.4234544388050612,0.4233786264129036,0.7403138679915784,0.5714017938954233,-0.7565328919762897,-0.054894091557578406,17.790644566431677,-5.349265436468605,6.601352611134182,2.068298349291548,-1.5332748943909043,-2.112008378130028,6.741651531350516,-4.092110718999058,-1.4250664017596553,12.518152340232904,1.1268310302767797,0.8349534819669563,0.39298818183548107,1.3900000000000001
0.7610501999688883,0.4698549604920865,0.7987145382245039,0.7930963588844501,-0.7349819728717237,0.05737398178551997,17.64926450226371,-8.507307854192842,7.469467078150081,3.736228257698295,-1.9290197887710037,-1.6559686223602106,7.681083084277678,-4.688498819986442,-0.8556744051266669,8.457519195420794,0.7968747479164094,0.9703476832151613,0.7131947260937181,1.33
0.7891799267891565,0.35389129311582845,0.6770176894964394,0.29681431200041175,-0.454537083747635,-0.8497362200995363,21.40585307631236,-11.749846315031718,5.468769241007818,5.957963834785572,-1.821411876396658,-1.4375236944136622,0.3617519725466223,-1.7131871692606064,-1.558419410250541,10.040695442015418,1.0166937240432377,0.8974501782731856,0.6526442824267633,1.3900000000000001
0.3258076514418117,0.8860629381443563,0.7791666628919613,0.46699871434962636,-1.6674070313606941,0.3647045555076206,19.773367802313203,-3.7676078138013986,7.315306716725212,5.517424239431077,-1.4431257813873173,-1.837065711709732,9.579030910875861,-5.951658475442569,-0.30355831248163845,9.826451621703221,0.9299539966127559,0.9485894458847215,0.38187353181849654,1.26
0.7599753079521632,0.845024422369314,0.6915724763351172,0.6095487362566667,-1.8418592912850889,-0.3413105898749542,17.903283061685663,-8.072701401123505,5.887526107923745,3.842743509241177,-1.5210641608815405,-1.918057341274596,6.950737565640109,-4.578630601769862,-1.4208895039761522,10.217324464164417,0.828414291150178,0.7033743443534428,0.3721379435684698,1.31
0.5245088733241542,0.3892239011357284,0.7739948961265918,0.32316508199007027,-1.421050714396467,-0.2765839774447511,13.255437468604017,-6.004118543683331,6.443854476994346,2.084708372788702,-1.6551033929672472,-2.166545162071656,3.5705882203624832,-5.295247071100084,-1.369739792366589,11.79996080708172,0.9164530368682278,0.9525397680294816,0.4057867742457072,1.4
0.45576031709868003,0.7231331644956387,0.7046002293033671,0.34193276320041405,-0.7073441921145487,0.23108379364580234,19.87926504181719,-11.22677128403934,5.586851986834498,7.2457693605509945,-1.5681340118957765,-1.7809233721271296,9.420002818317126,-4.929822898351979,-1.3547077046542106,9.409594626326149,1.0067552708916294,0.7453056226503258,0.4951319545253405,1.3399999999999999
0.5246745940677746,0.6319219144853638,0.598402106321671,0.784889491997248,-1.9935552089232622,-0.13098201781939797,22.45168486896817,-3.426282471909543,6.003831707254614,5.2137470759623605,-1.0158342782862309,-2.164446680045079,0.7613955716466996,-4.903582167467659,-0.4610906865434441,7.90054705734012,0.8139878749082956,0.8004220795578546,0.609008431576954,1.4
0.635976494013459,0.59509102766294,0.7625520232010238,0.7775311864096678,-2.127310151135098,-1.5858590598378663,16.5956571594323,-9.632119893900468,5.42510331245844,5.107907907961158,-0.7552610314691641,-1.855092871447696,9.359922981153789,-1.7291947880545528,-1.671953034500187,11.102620059664682,0.7793952907367719,0.8593287384631135,0.3573915395869104,1.3900000000000001
0.3953271147914744,0.4687254991887869,0.6862560245478142,0.799588937917789,-1.5480320572994872,0.09090131481294396,21.57332438453171,-8.21142426056598,5.918088892174633,5.88376503225564,-1.3806417469432415,-2.0512805288019793,5.432951915447916,-2.205643192965339,-0.9841538490498418,7.384335818072016,0.672303159147764,1.028717632150531,0.1263380619530378,1.3900000000000001
0.6772701024248562,0.3242345934047998,0.5511540183082205,0.49485136617872594,-1.5706028593114616,-0.10628930351809751,19.672814283490368,-10.930089474963083,5.281262666347824,4.768796758833753,-1.5780952797237042,-1.867986932724702,7.539178185150708,-4.814580817826974,-1.512405404909454,10.27117626244766,0.6935997499931128,0.7351149974103279,0.6367726449000659,1.3900000000000001
0.3236578369703017,0.8343026698592962,0.733064808871637,0.6790988291525175,-1.81744727528914,0.13406250118588464,19.64499207505837,-11.890393623777408,6.602862965323421,6.159830771788169,-1.7838710451088229,-1.7478385600839699,8.308624483389075,-1.5946725972170859,-1.2897503780926611,11.677118856113449,0.8517188732130501,0.9124830137225668,0.781154917530664,1.3199999999999998
0.6976339729875999,0.8381567921807719,0.7213332569558935,0.559986851533906,-1.7105607393415294,-0.13274940688294182,21.545507738929725,-9.862420141884437,5.706525280585888,4.683960584980109,-1.041830167911955,-1.8929469580495677,9.986605272791316,-2.2683748657182337,-1.4988362030343534,10.21466667458614,0.8765281401717084,0.7820488977590307,0.770725505327352,1.31
0.3463366672850632,0.30322137084517237,0.6616325751118086,0.36568317558227353,-2.286036293662855,-2.0990130526769146,14.821989560033192,-9.835914473537201,5.519585528138931,5.759046965234828,-0.6582961480206433,-1.636142668555419,7.942151088938045,-3.364861218924916,-1.5039698462880389,11.843116502565831,0.9437755617424642,1.0358835659261463,0.46436864908545633,1.3900000000000001
0.5583444822651918,0.7795274762270834,0.7280277474053067,0.6256897552255566,-2.3767335697230716,-0.23609461925258873,15.152097696042155,-9.616520086321572,5.670072093631323,4.183404352373982,-1.2501000568287954,-1.6688886818430269,3.9518856360562054,-1.8630550248344901,-1.4869813210971436,8.064242917550137,1.0067913348034905,0.9826177739180769,0.43703461310914515,1.34
0.7956852676087333,0.6099845703335492,0.52479812090678,0.7177303332004101,-1.5602377121488522,0.2585002539764331,20.76594127436406,-7.098875866121281,5.487165023607486,6.251390896139078,-1.3338642960813736,-2.0882222833889696,8.523303168888427,-2.950525705896216,-0.8735811255146094,9.280468779157763,0.6779338890607437,0.7736801854858624,0.9351197951997047,1.16
0.7579726700270217,0.3721889692301769,0.7057807062374849,0.7315717969004677,-2.015795708446405,0.15794407366772756,21.821922258853284,-3.544143699051849,6.352535177448143,5.7794623699136585,-0.8950258696563569,-2.0993388648819713,9.484002319719249,-4.711898904510735,-0.38182589535691464,10.754123282412097,0.810764496305526,0.8186326972954521,0.6656858867833122,1.28
0.48673170894873913,1.041666729608037,0.6480329845885316,0.7987803050356836,-1.770260382513383,-0.1267885218979402,21.57535876068757,-10.80367197462302,5.561987988914877,5.674039564687286,-1.611677878610768,-2.153591179815267,8.68716895987291,-2.325994123525404,-1.0470375356161494,8.695674802611071,0.45347586429295494,0.8155321214778388,0.6334582759557645,1.3499999999999999
0.6746971349318878,1.0639511229761345,0.5063345939774561,0.7274557414425313,-1.9540948527417112,-0.1530489418929296,22.48466755194854,-9.56334334577682,5.623090021583659,4.980018178427094,-1.2989300771978913,-1.9452753563069292,1.9188106100247708,-3.203461939761623,-0.9676122454152396,8.340995412568319,0.881683050837181,0.6783917015784084,0.8504471159438487,1.27
0.6683873504965416,0.38546343966814023,0.692835282007801,0.3963690058076702,-0.9432568248642353,0.11302357016075001,22.47009915820459,-9.930523366930876,5.033027751110916,5.6512932926194335,-1.4586361283982492,-1.660382204503657,9.56917532071618,-4.926050242897077,-1.4461358375439506,10.674192606040181,1.1431116710942195,0.5939493748943147,0.49349644944660986,1.3599999999999999
0.6295831035222317,0.9724595932026073,0.675711251044909,0.5844899848150922,-1.2617582740805742,-0.37659104496094653,15.55215218861109,-10.055522574225936,5.470978637279901,3.983478880180388,-1.8485654530013078,-1.6976055587842311,2.7103452920290514,-3.2606968544946424,-1.7514533648359947,10.474246070799115,1.004701865227462,0.8013670406156739,0.3074839261818899,1.4
0.581485779768701,0.4378448860729546,0.771404714063164,0.3286143766085082,-1.7040810000691313,-0.21693825828920812,19.604243189100863,-9.816779147093548,5.174141756567396,2.810202377279963,-1.3972958898923686,-1.718333375659432,9.355408913148297,-2.922619256107814,-1.3549506742481636,11.163625877784137,0.8196994494918134,0.8436168118946475,0.43962653086433967,1.3900000000000001
0.7134511194796578,0.36804591777232065,0.769349531230019,0.6133074942652462,-1.8757840874622624,-2.3117808780011173,12.057041830637669,-8.256956162837291,5.069947451800334,4.370691077299613,-1.451052280095571,-1.76929733610265,5.7430761110819635,-3.229843882140832,-1.791343285057667,6.379872175506778,0.5510313854966475,0.8456625011138457,0.2734035171418032,1.4100000000000001
0.3541438446244154,0.9710990192469199,0.5822099925367716,0.7356329025911398,-0.8866281906944805,0.012474166342036408,17.72927286386223,-11.506143751827814,5.706185881556755,5.333973387356029,-1.60506684655072,-2.068673695658575,7.842332912172791,-1.1842310575292925,-1.7323654209674173,8.744144626044124,0.9733118988262424,0.8383072520171488,0.3496442606698582,1.21
0.5728249526574662,0.4673866237465757,0.608137154478112,0.20741471966851557,-2.044940500172707,-0.012905605655468912,22.255410927822368,-10.911233427882987,5.882240576903394,3.587316120082892,-1.8513442500254422,-1.716817569729152,6.802639316363658,-3.2840742876082554,-1.4185911825327837,12.638256297966299,0.9396017359481834,0.6616453743890635,0.6796960205101328,1.37
0.6941396583947216,0.6713866121824137,0.7308768803397098,0.7536505082660773,-0.6025578982510786,-0.5597107150271605,18.01007159442371,-10.752814198484359,6.4689915495643096,2.6188977770698334,-1.8662449706328719,-1.8499966217134591,5.970764452497215,-2.7381939944912768,-1.7623434379233214,9.86644729231037,0.6111014798124126,0.9063387170252849,0.41380470058978874,1.2399999999999998
0.493541190906956,0.5405354991023379,0.7473723539288809,0.5964940472484537,-0.7930060306168502,0.204406851941195,18.168019796710617,-7.378022076018751,6.99642799266168,4.83297973943824,-1.4938381415490583,-1.871704778348716,8.421781363742788,-4.889703326120506,-1.1962206453146549,10.424532129145613,1.175744853098753,0.8265257132815915,0.4710211297976274,1.29
0.717484304522765,0.7791429637288176,0.6117370000628896,0.6540386842763185,-1.0284523082696464,0.044850082927960236,19.953299252049675,-10.455477703718115,5.418103062732671,3.36686377993112,-1.718136322598769,-1.6090715246723308,8.874923291375545,-1.7498841978603226,-1.650839008144407,9.926855949026466,1.120616315514738,0.7505313373950226,0.7146933803830341,1.17
0.6544962703732027,0.4066560724429281,0.7144303049421183,0.4546624754042847,-1.5767940447852944,-0.47404959114211276,21.181189026793312,-10.203858821624893,6.287688618050524,5.829566741993178,-1.6664715486728088,-1.9782709597496217,6.28943217973648,-4.073113105637322,-1.669558887792443,12.54030705189589,0.4937654943702233,0.8566407938691918,0.2730238592213047,1.42
0.6098729333895385,0.5178729125187158,0.7691676290296648,0.6209319481623985,-2.0171518223699847,0.3159147870784143,22.898439753056905,-11.149306654969477,7.737537483346262,6.676778975525488,-1.2474904173464598,-2.0396355079206674,9.67704170552959,-1.361015304170977,0.06895733901502682,8.83896303637149,0.6813103575809063,0.728163475868995,0.4263768631720384,1.3399999999999999
0.47436884995369255,0.8505308021728085,0.7341868075870963,0.39720935114709044,-1.4325114993183534,-2.497250041411621,18.997410447964935,-9.281819255665894,5.505049855409307,6.665397993494972,-1.1744994950844854,-1.2850896515690287,8.645863220714533,-2.620539067337691,-1.786460202126421,6.620376592320746,0.7077892094172517,0.8662501094153258,0.4626184330749341,1.34
0.6789104777511747,0.8266483348828373,0.6290055964957998,0.6712823766493077,-0.9918451974997846,-0.4042361400550854,18.75529557642617,-5.516393927588791,5.17664251295493,5.717121336829704,-1.2673605857166925,-2.165880680865404,4.690283818439999,-4.431229025319142,-1.2320509666846915,9.018539139332997,0.8400716847214141,0.8314837106830671,0.5821574035474488,1.2999999999999998
0.7496939343334674,0.9798825482628571,0.7565404702156352,0.6473138820437093,-2.21343696513838,-0.101432471411014,19.32048336466752,-10.758050649458108,6.45243141620246,4.151658720395762,-1.4971035972391125,-1.8411288487028776,7.628937263993268,-2.8463946435053766,-1.8928714490150795,9.4193181092197,0.597016472012567,0.9549417928339627,0.39047233047014906,1.25
0.42139802648515745,0.5142575020229465,0.5412967344856455,0.5963239087435209,-2.121874167353381,0.01981210421021732,18.86754021255436,-3.017352981865839,5.727141894795837,4.849835781140574,-1.832432237009343,-1.8088270621937834,4.968589446483493,-7.075748726841338,-0.748491398455911,9.51298699690619,0.7761314849114644,1.0369693985835806,0.42412586590704665,1.3900000000000001
0.4850647427136913,0.44143163081154585,0.7125832318460025,0.7231946518900794,-0.49995619199901475,-0.23531460580854277,17.71449170830632,-10.392316384886962,6.8590064315339845,7.012806561711904,-1.8754196684972135,-1.791591683319409,1.2858311760800571,-4.341010373545409,-1.0022510566910685,7.127905801173042,1.0076115545597502,1.0840278446887428,0.5620403006863576,1.39
0.4856884998007434,0.35530165202671904,0.7639714966268466,0.25592711080364594,-0.44170422333779447,-2.1149035453997316,13.071679054175648,-7.556167570565781,5.407633988804436,7.918412785758636,-1.8220868276307205,-1.8046229622693146,8.943188076785825,-4.0391628734625025,-1.4682491356926228,9.334799507734191,0.3482518564900028,1.171935858611333,0.4002011513710823,1.41
0.6500837243531381,0.49594106210771527,0.7923414749687665,0.7882615217242367,-2.252136660525397,-0.2674375866568446,15.939103150661795,-7.635569456575833,6.505825819056541,5.183244375172376,-1.4693158663848318,-1.9305902437414628,3.6112666272735767,-2.7922902774663703,-1.0497829672096126,8.837362738358364,0.38016183573499407,1.0716989480860097,0.30782225489222326,1.3399999999999999
0.799260028986019,0.4166535987728672,0.7698437975627015,0.5525023375228442,-1.3617017565203027,-0.7311302104415017,21.136772822397802,-11.19333159776541,6.668794090439834,3.4706854344032916,-1.2877526599344866,-1.6020719170718714,1.508339624943872,-1.1329606881658305,-1.382239179515726,11.896442049492485,0.860237561795969,1.008135156076029,0.6162651544067097,1.41
0.6381600172171975,0.9621945436598056,0.74706502609158,0.5931694340128704,-1.0019075385234917,-2.433240785067523,21.005242099031598,-10.044544494540084,5.517330566768782,4.059109965363211,-1.426575735684109,-0.7478245449837675,0.9397377018611901,-1.9277764136330706,-1.659994489833258,13.734250139499819,1.0166796455601013,1.078475971011657,0.47543426893769164,1.4100000000000001
0.29522620567605284,0.350490946760693,0.6577235725489111,0.7655052060769528,-2.484130995568685,0.28670257492735046,18.43296059162719,-10.983556277285356,5.556537638465898,6.264749432467414,-1.352169977557086,-1.9136870001231163,7.724688938420501,-2.555190568188887,-1.3869991310321383,8.944341333056844,0.48475271854157165,1.180481840167878,0.44551061610257714,1.2999999999999998
0.5827405801992775,0.5705075897913867,0.7571146575946307,0.3859482871987845,-2.3547050788100723,-2.9409898718986507,18.77327666759967,-9.679513694423825,5.538440919643012,3.431345299166466,-1.1803751921883225,-0.9641610294618628,2.7538182530529163,-2.9185606536884094,-1.6108549040743378,6.775249705489045,0.5448136891383709,0.8813077823353405,0.45049372700466483,1.4100000000000001
0.6025715545757485,0.5297928720584111,0.7497077425652074,0.2987967287928126,-0.6647511330169659,-0.3711442836055121,21.958352793860744,-10.465659516501516,5.7844239139889835,5.306304883587036,-1.5878405942767342,-2.0306854958481937,1.3321202571829867,-1.7601850820452425,-1.7500708742287756,10.256246472013377,1.0234673265569738,0.7073446437881066,0.3593254935375425,1.23
0.45308258642365634,0.8526726521484442,0.5584743099684398,0.29131240064803077,-0.8874995850263294,0.19212211052935735,19.824340575653736,-4.565358101645784,5.899960804536282,5.928713656191684,-1.721428039037606,-1.8865724011864053,8.318435852509392,-5.394266486425074,-1.0737962346487064,10.679730534678626,1.1631471135260132,0.7529541823313941,0.2974536383753457,1.2899999999999998
0.477512032851879,0.9326807941542541,0.7009680265389807,0.5195216443677482,-2.177440921385725,0.14044388831278026,22.131494902330733,-3.488413112415267,6.0197750297894785,3.337696169309244,-1.2078466254051317,-1.7670967460782598,9.735463931558536,-5.118332157383133,-0.6280753761275066,9.969579732888395,1.0589642525302698,0.7493198851844719,0.7830058241909884,1.3599999999999999
0.5460678314010032,0.5568190461920615,0.7531842185672881,0.383262978243226,-1.4376494351041822,-0.31635174303987434,22.071851410899637,-9.125728587377644,5.504744162351925,3.012036955566586,-1.9933085789528104,-1.7760084400197091,5.734461547703441,-2.6666023152251435,-1.863047005584703,6.1453943786819885,0.9061290154570137,0.636908866386927,0.3241302803100794,1.35
0.794979533528174,0.5568670248644809,0.727848726608593,0.660842600511748,-1.735233054706476,-0.7030820511716347,15.841357676685618,-9.598439830707608,6.711262244876564,4.128521553498748,-1.7963119224287725,-1.7436249859419313,2.902192952630373,-2.073088564035662,-1.0949054092024724,10.113693219732475,0.5582163960877504,1.0404185322265982,0.5654293600162781,1.4000000000000001
0.7133005102637112,0.42924518904627823,0.7922184759497634,0.48256914492365555,-2.3388221576510904,-0.5453035870056337,18.537487957487794,-7.306862534788628,7.896467146918487,4.514884004870621,-1.0558809081441678,-2.0422860809866776,-1.025687827740508,-3.6425878335930646,-0.5111091352967447,10.238929416034704,0.9172007256977959,0.974252759631607,0.6151109393170294,1.4
0.4557345942814728,0.5568092009839266,0.6441134589749411,0.292024582880483,-2.257279487309947,0.0809185738473884,17.875986534455226,-11.313540131195078,5.3129892418625815,3.1307822675537693,-1.541079094631977,-1.8967621506377108,7.518549395637488,-2.0691130544099074,-1.3681909465599937,6.023125909437423,0.6652365712906287,0.9898878167967182,0.46314891393316315,1.31
0.6991138364523585,0.6160992739423978,0.74972242552685,0.52692806949755,-1.6163382016368815,-0.21310625723426846,20.100492442570438,-10.42764858525472,5.727982002528397,6.12800150457907,-1.616096126544258,-1.830110467379776,1.949898001138841,-2.499373721155082,-1.3562146158265822,8.870653374884736,0.6548302106725008,0.9969577474401663,0.7444227014006415,1.3899999999999997
0.641572046493101,0.41764263946350333,0.7901247170984571,0.3359028041359068,-0.6887610762814992,-0.3145138291925107,17.561788409518986,-11.713418701310353,5.508130440780071,4.404147544169401,-1.5315475078034606,-1.8305015193828895,3.88573218274295,-1.6579442119319248,-1.8680052903439837,10.733284970506697,0.5952067094728457,1.1883896442443858,0.28737983548972557,1.37
0.7018417058821884,0.695045078792448,0.7052742411343473,0.7524249934008869,-0.4176880454667894,-0.19630115104750118,22.393805263226508,-8.22260927879503,5.437062043611568,2.2227008172785268,-1.6084879735942916,-1.9754638378949443,6.120440140037427,-4.697009660586135,-1.0909148666809318,10.347550519392058,0.6834649676493896,0.7804112768957235,0.7310915650248491,1.39
0.3859483101600425,0.3723681569871769,0.7845609065873519,0.579549192680493,-1.4240537593109917,-0.8239661751141658,20.212837406662917,-11.024796092719804,5.9799641288822025,4.310825842727282,-1.6551077603219047,-1.4422601588054578,8.257093478282506,-1.7883613474458673,-1.8044598049925924,7.591834478697704,0.9120883590424163,0.905293646075982,0.39093247091947547,1.3
0.49785328910247706,0.6162397087836992,0.7024962401287257,0.6678935758087675,-0.9115317218499672,0.12525232765388045,21.82594270023783,-9.356288160903791,6.395390293537977,6.636421970822293,-1.5538603225940872,-1.7692269654284556,7.020195400482738,-4.7141736444009394,-1.6378165300169898,9.251709719855013,0.785711475554934,0.900149757851327,0.1775447394049003,1.3499999999999999
0.5809400063004563,0.48358964230309676,0.6387349998650853,0.5936125774344079,-2.360559784391234,0.06422582209661831,20.39186784430209,-2.317133071726603,5.809860897534536,3.5884059923171643,-0.8914168101660721,-2.0878733762823063,7.65249365852681,-4.753364612104359,-1.3692782499713276,10.430297809199146,0.96194036672837,0.7713724600105101,0.20384833954661777,1.19
0.7417491671425405,0.7738145244666688,0.55321185125974,0.682240332418076,-0.8218613669011833,-0.05911461923401484,21.49508761297306,-7.346057751646891,5.689188677827414,5.679289169085412,-1.9208057123907123,-1.84336368946201,7.5838785922512955,-3.514510992661479,-1.2993743315941284,8.943717436382077,0.47160667339820195,0.774663110602684,0.7099618263704288,1.19
0.7351058069009476,0.39105485785645283,0.6434392435783362,0.44993929276703487,-1.0867151252399503,-0.14128110910573324,21.1892949936324,-8.813457759755854,6.487609843116289,7.766427046160732,-1.9278683929387044,-1.8207566525955492,4.6958635004805505,-3.9339303231226386,-0.495819296114284,7.944544662024186,0.7642713452289461,0.8003389026963124,0.5124879893320875,1.35
0.47244010367887257,0.5100832851149485,0.7061080662935448,0.7972807054310809,-2.3014503399786164,-0.12998721997264873,20.497457918275718,-9.718738887109845,5.259328626833264,6.784032282456712,-1.3155585795338784,-2.1073967083131326,6.465393579436909,-3.3465146318000483,-1.688824346059916,7.162289921867262,0.3703875397428635,0.9211089699776652,0.3452100879208482,1.2699999999999998
0.7621094755902723,0.5553279460181723,0.6479616476955005,0.36576863405442306,-1.9881050226232362,-0.002272979461397706,16.37077910320568,-7.811719571317311,5.476854914776416,6.931484691729576,-1.256568817033318,-2.1482085571678255,4.650938667732676,-2.7941168731861854,-0.6551860809097991,10.3011789457316,0.8634786300977253,0.9102242139972139,0.6406303234857595,1.33
0.46637362304933017,1.0770991757884292,0.5230286966371698,0.7371453593338249,-0.4305317806436837,-0.1342885022541842,17.39326506882245,-8.532135107936691,5.099863559155041,5.4661009640706295,-1.8196267869803227,-1.8996474726846468,5.226165609796426,-3.7201448339969,-0.7963234397993243,7.964335284959249,0.4732193313903292,1.1983064892664625,0.8308278575649424,1.42
0.7515054508193856,0.9241201677156867,0.793078207784315,0.2911927269526108,-2.0309086983300526,-0.6923325544349341,20.139342862007098,-7.733606091342814,5.760734496777477,5.88956428754108,-0.7973659770859799,-2.181621756173268,-0.08445227637618613,-3.5025666263189263,-1.0760129912289407,7.7415414521737205,1.1515891142524703,0.7511095393086705,0.5576351027888413,1.4
0.5385187324431733,0.9425943914187074,0.6704939914865536,0.3039730250414921,-1.6632554545675289,0.0976645582519336,22.618771630078832,-9.564562913103158,6.276857758764559,4.404371275056936,-1.3249556529084514,-1.6026202754052719,9.14871622689871,-2.9720530967668672,-1.0458238613242543,10.584157348530741,1.1984843692119203,0.8815004750512887,0.5826869617970625,1.3399999999999999
0.4482066092823363,1.0673840869211226,0.6158385124843555,0.7414592293404647,-1.2227664214189715,0.2647514543330542,18.98098040428307,-1.2316782488601148,5.449296570581874,5.202832585060117,-1.8220568935062607,-2.0639875942656474,7.890766352677494,-3.9764316840476144,-0.2006849707371112,9.03061951898297,0.5690602658377379,0.8628216012017973,0.8446761826652186,1.3899999999999997
0.5571038806742066,0.6340660331404931,0.6697129417077553,0.76552483253392,-2.356570407367297,-0.8323372931139434,19.108984815415177,-11.119230045684587,5.55747202067611,4.788363079173806,-1.2929984495521463,-1.9334392636377216,1.443723445955147,-1.1226076636615376,-1.4103859683291,12.009022084393418,0.3684837382583994,1.1102424082856546,0.8168470049998786,1.3900000000000001
0.37209522256487715,0.9120968883587313,0.6495817654728502,0.37221884069134503,-1.0832006547500443,-0.12666155930768835,17.3993207863881,-3.643729188762218,5.494227220954371,7.621022489469928,-1.599298723269909,-1.8662929043095182,3.3804433768846187,-5.037370324833683,-1.1388615448987742,8.500533528603466,0.7072927090494497,1.1517639207871535,0.2679819231526378,1.35
0.7286944604919126,0.7030418015558677,0.6575167586206087,0.49592367915787117,-1.8751860582531479,0.07630076199016475,19.177165510793262,-5.8779678641629625,5.9271287843154745,6.609482259691996,-1.0541878953769386,-1.879368241094281,8.418047245399366,-5.128180217812122,-1.010741468099029,11.823568105547166,0.709663404180922,0.9238574204238497,0.44722976065305753,1.36
0.6733038481561009,0.4209172581908269,0.7576476208305368,0.6547918586292993,-1.2315807887551462,-0.19658820164352964,17.059474117435144,-6.6702128324828,5.918609152554782,6.199764588457791,-1.5150407017141647,-2.0643302152598917,2.4757586143232544,-3.9967851016551967,-0.8077852206624272,8.700632513900402,0.7039859735536832,0.8167524910354195,0.3526035461390286,1.42
0.6110342804702644,0.4152064621786241,0.7987984612582578,0.5186394464750158,-0.3931016211665993,-2.7909845902176986,14.363426493151302,-9.495943514145171,5.4605801282569075,7.977014039404232,-1.6520400707857843,-1.922026267258146,7.366811291508309,-2.6181692659777442,-1.8546343593723824,12.524653380930175,0.4121926720652904,1.0540194525878634,0.2676565651544503,1.4
0.6910006485791599,0.3717168879172529,0.7831355726991803,0.6359852220808221,-1.2979145819814946,-2.7157056773227586,19.396552657510465,-11.23992322119958,5.446500492236336,2.877569612634806,-1.8238006023902569,-0.5628453186588247,6.644078655183665,-1.1331339126207711,-1.7482135043983364,13.462969218300847,0.6525315734585664,0.8487876264836121,0.4862033765231134,1.4
0.5877522202719866,0.5866504521586127,0.7947230863449489,0.6649518476739653,-0.6529752053276953,-0.1338284158167361,14.714647629588082,-10.60920905837081,7.317347965427731,6.830585496975685,-1.8392037029533992,-1.771192770130337,4.293573870110388,-4.456104333798047,-0.6431392299701315,8.287709460275446,0.6193975237401448,1.0959106501422626,0.6498766929584636,1.39
0.6561050520404762,0.7573886161361763,0.6091475719476486,0.7256118439216271,-1.0715984401039838,0.26006814981201054,18.310015342252804,-2.3424804677137394,6.037442525519537,6.1105208043188295,-1.8382248714794902,-2.099243236967964,8.500468635012016,-4.900251191446872,-0.990710881746143,8.536576552055529,0.758636107282189,0.6984660352967134,0.3928033958701513,1.3299999999999998
0.5487234623967692,0.5490149678248011,0.675905858812839,0.2897720127641575,-1.1503451496572854,0.2805462703160379,20.46903626268638,-4.448926293073286,6.494383187528327,6.883578423439443,-1.854758080990458,-1.9219434363173087,7.546403106968005,-5.980256885986255,0.0020653462272583467,9.919209160799868,0.37720909488304316,0.9318457234087736,0.464852104544051,1.3399999999999999
0.5418082099120549,0.49313376353230065,0.7516453470119521,0.4990219775767416,-1.5377276168942362,-1.7841563560637375,22.394663503791556,-4.576668318448592,5.222840646491777,2.9960678706602817,-1.864887286795155,-1.3537085585310897,3.2531722509750813,-5.253980848663751,-1.0723609933363132,10.249472278449486,0.42450625146046017,0.9873156367165109,0.21379348511822963,1.4100000000000001
0.5452851700338014,1.0864201160463285,0.7999652140348213,0.5312390584249647,-2.272224501483756,-0.2602284863916736,18.1339997991899,-10.831505301679645,5.82403120207428,4.858212947557663,-1.0562756528854602,-2.0600042363149145,6.34945016023388,-1.6623332552991559,-1.636155401041751,9.277479255485453,0.489651530115839,1.0994229234571522,0.4113320736130588,1.2
0.7574082000829108,0.6499057459229232,0.7636256158228644,0.6858926299927277,-2.2199230574201314,-0.8354652560751024,19.157473477550386,-6.158934611570772,5.626781046378313,4.318595144427588,-1.0205939669097999,-2.1960762564897265,-1.2266856991048638,-3.3073109543902612,-1.5461213644015421,10.267240154206556,0.5466293009973668,0.9386910637817857,0.431182361865472,1.38
0.7149403616285699,1.0430535570503758,0.7062945805926092,0.637223435745717,-1.814789312808017,-0.20620184471509528,19.421336149162066,-7.604303898422445,5.863343502283073,4.304548022751644,-0.9725914816151482,-1.9520884868212918,3.3548204145887013,-4.790206143674387,-1.541478209540561,9.611107348132395,0.8430357761062006,0.9250952336758543,0.32109964008334396,1.17
0.5482419581238347,0.4050006342019726,0.7024460981087116,0.7066416059556251,-2.3048458790839876,-1.0652885504583898,11.003147553524865,-9.552872109874203,5.076277433732533,4.988674752466581,-1.1878265630037272,-1.7113401174424139,5.835536148398202,-2.161684469752339,-1.845444541707426,8.907436627382749,1.125350808460613,0.9021050348704897,0.4195015160415524,1.4
0.3934295167425571,0.5137688844770347,0.7988866146666467,0.569601785431923,-1.3733080540091063,-2.3882437011000572,16.212985152072036,-10.423959346936803,5.118674199753585,3.853247334744271,-1.4330500213939257,-1.8915219826337137,3.4982591213751326,-2.492554069322236,-1.7217655871989257,11.42209541490077,0.34527583194747685,1.1756870354450237,0.394253894355707,1.4100000000000001
0.42408347071464114,0.5981251442888552,0.7635620841961833,0.5683797102213586,-2.104656822324226,-0.23084815282158588,16.66677827416486,-8.823030552778135,6.176278364589532,5.9486226319212845,-1.2150203311240184,-1.9079146785680658,2.5311197701168875,-2.3200521593036325,-1.2048869400729767,11.21198456315486,0.9675254469637817,0.9292255975166268,0.37207387164149575,1.42
0.7920284121818056,0.5094961743225723,0.6883579145900954,0.3493990588534399,-1.132495820953087,-1.233008753753902,20.83978635175295,-11.565793354398929,5.579446773260058,4.022554158387041,-1.6809992725670873,-1.7366284599608361,7.322905034903731,-2.2240455529130596,-1.8946579676187654,11.04708562231511,0.375789256527693,0.7660917666054199,0.44813241745114585,1.3499999999999999
0.778831990557105,0.707694103606394,0.7612992745656549,0.39640540437699784,-0.7760367148022487,-0.9781701273876429,21.119834175167522,-11.236929306866356,5.561831747050172,4.068195695804932,-1.8377950198231858,-1.62758741409673,4.344703814098619,-2.5537293537342767,-1.868367499028367,13.597276764998385,0.3522516091637568,0.9945376946370362,0.4502546345954918,1.35
0.6330888675657977,1.0320708103827707,0.7315187277767725,0.4702091492399282,-1.3695394814896276,-1.0631524310387044,16.368738328693897,-11.735323147672498,5.138604612778795,4.128310479881209,-1.1418235573391027,-1.5871527114356683,9.13639635707938,-1.7856617608610883,-1.8595787451399632,12.095648318716202,1.1912732890241222,0.9846097214342612,0.48542267359650704,1.42
0.4566061845243506,0.22872884840836688,0.7523585832222716,0.6863533557664661,-1.1657834610671025,0.025292914864879446,21.22458134397931,-11.235613763811829,6.68871347837747,5.418477888101194,-1.9596597593959106,-2.004562772291813,6.397464332319313,-2.8096298346879216,-1.079465556614434,9.148752490263258,0.5596346965124086,0.8201991372295797,0.16810218727665294,1.3499999999999999
0.5234336912855508,0.388597316284349,0.7226992315396278,0.5481443927423069,-2.1598669652648437,-0.946240886560227,10.596394402783108,-10.350274894503318,6.056846793516372,4.176180720285914,-1.3166135634734484,-1.9609885320907523,6.955035646979174,-3.444795819918557,-1.5514448521038167,6.360341274789784,0.671591777826489,1.0305639518513103,0.40577589825268773,1.42
0.7679887130060289,0.6310314605941352,0.7917123618837709,0.40562957230448393,-1.1353421832555215,-0.8729984416756454,19.95804351358632,-10.124986155621215,6.815014373166241,5.869243669386453,-1.6557451591445582,-1.93194347257446,2.0928470109728745,-3.684580529935587,-1.1113451651750152,10.992948980864297,0.440196635411348,0.8783473320669464,0.4939258482105413,1.4100000000000001
0.5068127901662827,0.26179113375400154,0.7343858160784501,0.4483942594078927,-2.4814841345713234,-0.13364155457994165,19.133981760284883,-10.996256420374353,6.953119714597452,7.183806999562728,-1.9695209104361997,-2.081419249092539,5.417019821399332,-2.939549971327025,-1.047985827753664,11.54632350006549,0.5061290764640731,0.878616726734747,0.488723077218742,1.41
0.5795790197828722,0.44737271800854683,0.7525104208319626,0.20378878265884712,-1.7540171715832882,-2.3716773479918425,16.266245106401282,-9.036693721416015,5.378074904905019,6.3467415870364325,-1.4731068436807044,-1.3719883099102452,3.7844417582131626,-2.7299959030665244,-1.4177842008813286,10.636160789036667,0.6552066413671802,0.698937906972781,0.5409391456092513,1.4100000000000001
0.759130650566062,0.43811674957013474,0.6556976477690132,0.6657154046870464,-2.267929950485731,-0.3057038320310933,22.50308918007896,-8.855345313391139,5.590984605290241,5.502894865628345,-0.9975371597673106,-1.941283647867024,5.68562151948604,-3.6371644411893165,-1.4629386644115463,11.516417096662165,0.9209107913631536,0.5570417330582089,0.6519676233910929,1.4
0.6260151971342888,0.33607983168968125,0.7905418341140075,0.31409755361542635,-1.4607757720253745,-2.7503803930926893,21.935221112716526,-7.374199471796976,5.484489007808458,3.4942161179262174,-1.7631343879683552,-0.6692236784932111,2.76313821821428,-3.670268281351331,-1.67006537402264,10.785029805211089,0.5583409052321691,1.0611967791112826,0.21256563487711388,1.41
0.7827415840054514,1.023831102914774,0.7495282493815596,0.7007549566275644,-0.9525524365573602,-1.5986311022840671,17.574277471237504,-11.33686070153284,5.376603062423094,6.775818709093037,-1.7113995062470124,-1.1070014218192856,6.1655648701419,-1.6212657253040654,-1.6815081605846824,10.101648293274993,0.6751792172872996,0.9975296626135461,0.4645439988089116,1.38
0.5322219361985081,0.5891596241883458,0.5978176374278528,0.7933280833261758,-1.561341792206132,-0.047253886579005866,20.198449544250522,-8.33018579280856,5.861205815062091,4.913232476334464,-1.2117735561129226,-1.7858009715032936,5.779512216613547,-3.1882246805726338,-1.271183054805157,7.752921851880601,1.1340228427703922,0.9380892552111232,0.5466142149117678,1.26
0.3935619233097288,0.44634056024730817,0.775040680491804,0.5032307849242739,-2.1499551134885757,-0.9489126162134319,11.856069899197363,-7.50368562473681,5.459045604964996,4.626179846209233,-1.0219640421396778,-1.8083874096270627,9.788045026976965,-3.600538371270543,-1.3034129893743138,13.43489533568328,1.1049868928587065,0.7758335453050467,0.41760789723889014,1.41
0.2461532755256592,0.41857669970053657,0.6777814975257933,0.6899312174522361,-2.4805183213112656,-0.13497920991982193,19.50686210108537,-8.456938071217682,5.481792074316612,6.051926013866883,-1.8267075212906354,-1.7478743791214348,2.8449740003733566,-5.092129077523367,-1.7525824522617635,11.120725626510957,0.9327365608024726,0.8670390657567321,0.3109587667897694,1.3499999999999999
0.3969582203506936,0.6357205724488331,0.7198974240478571,0.2394724097379836,-1.2603882565585391,-0.02804718562704947,21.89099776612858,-11.570437250212517,6.409527395726371,3.4996412253013975,-1.995193907115051,-1.7238640736805366,8.136573254168747,-3.720768470593737,-1.6124973474615207,11.244228099319875,1.0733466363319524,0.7094979526772914,0.46605772524098915,1.3399999999999999
0.41751694838640624,0.6840328522319516,0.7719330112913863,0.2974643642865419,-0.8619464663097055,-2.955242973227411,19.677957712412006,-8.46829644090208,5.514070043312562,5.533365767571927,-1.3726943015054673,-1.2572995587925846,8.064359650049129,-4.231839975070635,-1.9637496180167364,12.01731728019336,0.673826400818191,0.9544634705962686,0.2544618459977045,1.41
0.41980146069051283,0.5284734565399873,0.6416817591740218,0.29486450074871734,-0.24911051550631058,-0.36276895745827065,15.901921006763013,-10.24716208150747,5.264140346230543,6.285985926867075,-1.6608073875403182,-1.882556816379704,9.350545538914892,-3.201406453873716,-1.550635497781275,12.216513863349585,0.8290219557636502,1.140833933254384,0.451324001372292,1.4
0.7081476020624496,0.8007172796665897,0.7999118502683297,0.40236378251726823,-2.3031826849270245,-1.9307635566286248,22.143468159801525,-10.362731681875758,5.541116516996912,5.378428975195418,-0.6026132475901077,-1.9682886590633861,-0.4124807321327476,-2.5193831181320747,-1.7844936991431766,6.189206489659108,0.7219927629239057,0.849562983665357,0.36123802382404213,1.39
0.6915015100412207,0.9198467264246317,0.6936047433261883,0.7402507958557116,-0.5693390380640921,-0.23719736500002733,18.637013775908308,-8.550649599099621,5.379824509727973,5.32661798587785,-1.4554929279315394,-1.9830869996788252,8.335625339457549,-2.531991053080858,-1.0133458457082756,7.795071143795768,1.1959934464378157,0.7907897409624217,0.5305119996510362,1.33
0.6841048311531418,0.99604906434917,0.5946747896975565,0.6244030342035309,-1.757162200567858,0.1341569577708911,22.790435965902866,-11.57195689888982,6.790147825479392,6.379530146387948,-1.8732607495818727,-2.0710011902214687,5.818624752550293,-3.262518096675258,-1.1148137701617213,9.104846499085344,0.4730933767107327,0.556652911816613,0.7136679014845312,1.28
0.6364888479002733,0.6151361278548839,0.7925310902593722,0.3807377959420741,-1.3432007358876892,-0.6459265032168234,18.020304035339237,-10.787045440677074,5.691938845774635,3.4628854340413393,-1.8120300814730994,-1.6916836012509173,0.6594854464335591,-1.1390379653631197,-1.6927085140093978,12.549646330422316,0.5976675427105258,1.1494077405624437,0.3962524968778472,1.3699999999999999
0.6859437250331344,0.8065160816178383,0.5655555314190897,0.7162724465726154,-0.5286761048226447,0.3130769072875246,21.026156803856615,-5.665848572696418,6.248756253344368,7.081975876622041,-1.833389092330489,-2.1799554791363525,7.05863043388676,-3.9567681242326054,-0.8052118620893856,7.879508891905002,0.610349792019794,0.751449810355395,0.6909605991280534,1.3699999999999999
0.4688626071532317,0.6600950673325096,0.6479647797668568,0.5262723805110627,-2.097737599178274,-0.22291522090238153,19.68549092479527,-7.8898314763863215,5.15685443185059,3.782313794611401,-1.6145751175685006,-1.682924143576625,-0.26461438518273317,-2.413816367657639,-1.4202867414861586,10.336133410861725,0.9117191128216996,0.9268492058902743,0.7042894997335298,1.3900000000000001
0.7360812049079164,0.8406027390169036,0.6991957095798262,0.6587900965995155,-2.324854465273857,-1.0117753848314517,21.2596698285931,-11.458598101340517,5.878752828699799,4.83900376782599,-0.8792220378130348,-2.097021206108271,-1.113150674493491,-4.573847100640622,-1.3911413650399187,9.26595258291664,0.32686226978736244,0.7695097248092013,0.7941034791102657,1.38
0.5316859216867312,0.5180498103316556,0.6392676527852295,0.44363895967460854,-1.7088453214811337,-0.22193519719163213,19.923860708286718,-8.321846104761702,5.612059294535651,5.295318271417195,-1.6263923625507528,-1.797402260007665,1.9993167789761566,-3.6149423950529718,-1.2966307452166066,10.337598999327914,0.6750717171273642,0.9442310421463047,0.710358768951041,1.3299999999999998
0.3772747266687087,1.0551844489774218,0.6833430377105985,0.6379232070712748,-1.8830549185734746,0.31770701017579234,21.849138346488754,-7.782093308779773,6.7991011863492625,7.645865604127708,-1.3753443526870763,-1.7139578796422925,8.970093429411355,-3.3910398974169436,-0.8876437788378293,7.745596372256642,1.0454569206167703,0.9581358111051127,0.49540405701441564,1.3900000000000001
0.7686281195359466,0.7440371205579979,0.7168909011340819,0.6350018692429253,-0.9576292993117224,-1.7655411486928467,22.42334882223943,-11.140175255394107,5.201927293471564,6.041857070657283,-1.3104690194809072,-1.360289636987904,4.081587355626238,-1.5542731398230554,-1.932117080619275,9.436585323707574,0.9569037153943717,0.6670181379059621,0.5201939378855739,1.37
0.44291095128736757,0.8700977503321603,0.6405109447897411,0.6809032268268927,-1.7659876010441047,0.012980671045701137,21.550163771911794,-3.1737345120294815,6.048966251139936,3.200975915086706,-1.6265336294723862,-2.04973228405757,7.824694004036743,-4.530246145631331,-0.7055592834574097,9.58085270328268,0.5962841670350603,0.6360735503866387,0.5640954485311658,1.39
0.7355800043430191,0.8759410023210699,0.7084626908913338,0.6545282718941933,-2.1798517242993256,-0.2515392258295743,17.713817083797547,-6.638893220576006,5.584614723044355,7.0874944551870644,-0.9775254074749014,-1.8116663851652097,2.876634690071829,-5.132152302683299,-0.9684079915617011,8.037700053735396,0.7726814530911109,1.017905155957054,0.5504147928652608,1.3399999999999999
0.37890009708928113,0.948104961272099,0.7285131964115081,0.5191865809554124,-1.7203443691051605,-0.027760110583916586,17.84876348255527,-4.298819608881104,5.331788106979833,4.681387171497249,-1.1318537611995678,-2.136678113874928,5.305043497095752,-4.232308637052375,-1.1727949268802957,10.867746771871634,0.9891545569555155,0.9723688378629272,0.36043612300328814,1.39
0.6062382272090813,0.8581317897290758,0.6623130475923381,0.7733568614089793,-1.456811788623738,-0.16712099059808422,16.241551729797262,-10.456772912479344,6.007468272460857,6.919969422141948,-1.6754240092181798,-2.0995936579149905,1.7490902494806764,-2.2226735647854743,-1.3070694256637674,8.084007935551098,0.9042954514567647,0.8328084215267002,0.659564389999432,1.42
0.7733169395484862,1.0516089542184652,0.7825180705881813,0.675959893908807,-2.2218845261108937,0.21834757236243255,22.32563148330205,-2.661151033891064,5.8872355688039715,5.787869977669258,-1.2546439939262655,-1.70133278998196,7.53627990795398,-5.073129636889632,-1.2714073155079184,8.93893971531569,0.990437658772936,0.5900190911076116,0.2620869316395288,1.31
0.5305398850485,0.39952138104324353,0.7774478197417302,0.40966170111247346,-1.0517182242239083,-2.6313883585660287,22.6127316180173,-5.449937048797141,5.911619006241301,2.6660771185301564,-1.7076767760337173,-1.4307943343831133,4.002861311495962,-3.1625683378776723,-1.009094647498902,7.8563535320630535,0.7675355385477398,0.40316295104146005,0.45028056662093313,1.3900000000000001
0.41386617769671535,0.3496134585778318,0.722997442290769,0.5810817295659108,-1.1011028869847497,-2.6908175723739767,11.874404742882902,-10.736235462808951,5.130026172850525,3.3265326083885993,-1.4704936947373382,-1.4080131017324744,6.174847561649661,-1.7244724389146802,-1.7713823178686179,12.652132760567305,0.6363264416628084,1.08056767940994,0.3230962047891345,1.41
0.43753691196650923,0.730424601375958,0.7230071023867373,0.4494222383420414,-1.3830817267829556,-0.8680264342670988,20.75625103122548,-9.32720970171689,5.517095153279253,3.296583186337683,-1.3561687682673202,-1.569147837408194,3.4366509763260873,-2.3468063999643496,-1.3933857635102085,8.518888440522826,0.869143268109995,0.9885575862769628,0.621219175819233,1.4100000000000001
0.68884928048093,0.6988818487924606,0.6680091872229568,0.5514160237298429,-2.166440129282835,0.1556708286223525,16.747874648563947,-9.990072697833527,5.99868452451147,7.2701272799046555,-1.8349252728725773,-1.898257103987113,6.231719192297844,-2.284357846279473,-1.9694707646336622,9.68726672358533,0.5615016678757571,0.7465614079523964,0.34417956658305193,1.4099999999999997
0.6922754229667892,0.8312697530758075,0.5519729549029219,0.5325057621294922,-1.970455322005894,-0.48710086686245974,21.094709111347477,-10.530686470191087,5.51619149801523,3.4469392807761805,-1.9399954076580803,-2.15078007969162,3.631014007603251,-2.718577997470449,-1.231759821640968,10.660438928612242,0.7217128179538695,0.3910566545171572,0.9005198662948508,1.3499999999999999
0.636544594311577,0.4732795673309658,0.7353290470821084,0.6207641588833668,-1.1731930353801447,-0.3572468372246823,20.95072119122866,-9.664636917501005,5.926652563080982,3.562192172898501,-1.6439174199631394,-1.6739961132562515,0.08818210379970814,-3.9922772252884853,-1.551497501262965,9.914801960714486,0.6975822540616698,0.8218453914714324,0.547461462200115,1.3399999999999999
0.5641670626876478,0.9648230137607237,0.69248652443099,0.5633290483879158,-2.1082406856089744,-0.42032710063931167,18.75486359233694,-4.659077761908862,5.915227811784459,6.929710390953266,-1.1512056617812356,-2.1453558859658424,0.5348299419826594,-4.114510220416849,-1.10940427851411,8.302347909455776,0.9546772715520195,0.8523162871648351,0.3668359228187721,1.4100000000000001
0.6433407739982347,0.4194696900619075,0.7202615689665115,0.7750625506770554,-0.375227464822113,0.1785223579289167,18.603139466285143,-10.821948093704812,6.022303251291343,7.029554983756781,-1.7441204721934191,-2.1374660591732413,8.645174415415136,-2.283568719049775,-1.3629067535656108,10.984398541072624,0.8731429954337654,0.8282079747021525,0.6476664806468706,1.2499999999999998
0.5279680318532682,0.28404081447626994,0.7331215171693317,0.7165279362410875,-1.5739395038668986,0.16831151266436023,21.51689268098064,-11.04219715529336,7.7609994211741435,5.942208709679049,-1.2218735540698165,-1.6734772313343156,7.404588782017418,-3.8304328125461566,-1.136901712322664,9.052129320470435,1.143838042026354,0.7706750341261854,0.5055421012489023,1.18
0.754965202733196,0.8500245852104772,0.7736217477716635,0.6015721929695347,-1.5706021421625604,-0.1609662236688866,17.76921445263185,-7.599945484648751,6.259039787470975,2.620651186550611,-1.8192637596700176,-1.7962608058644034,5.719978191195476,-3.5990647665694415,-0.7004275086861845,9.94957247771158,0.6565146126118969,0.8399124727074225,0.9330377901891018,1.2999999999999998
0.6045210781092554,0.7485968144047338,0.707134244720115,0.3117451521656014,-2.1773680389204073,-0.591181740262967,21.04498076801413,-4.721508807192541,5.044445954034121,4.100247752178597,-0.8665728491063852,-1.8856246189023333,0.9948815073277921,-4.927423535654592,-1.5011704280038833,7.8247295393994305,0.7294973816407601,0.9742499563448609,0.3207436933039356,1.3399999999999999
0.7942402262046899,0.780929067129816,0.7272690309476385,0.6330191949461144,-0.7719139453072679,0.46986727297790787,22.191874722908953,-10.863530779604806,6.978193942242227,6.378478959929335,-1.747696067286925,-2.197231409559417,9.473785414866978,-2.8691948438607975,-0.5775036107605906,8.534846604522297,0.3948852575501952,0.706501200576151,0.2856135036913093,1.41
0.7095618199550722,0.7876820797595373,0.7534752908205363,0.362756127931528,-1.4679967644725556,-0.45830510373406397,17.5836949791971,-9.313111642058036,5.942839826143745,4.9935861342882895,-1.6736361573634893,-2.022928436488387,4.536083649846951,-4.191790500336491,-1.3562751271934643,10.55230757865794,0.5076851705793565,1.021228456981773,0.3790055360020305,1.27
0.6565426457134097,0.6719521800431748,0.5620261585271263,0.6507840186475747,-0.9654165313680777,0.4507822330123342,18.640717491069665,-3.220967346326156,5.3618522384777885,6.270083903185317,-1.7350530348808764,-2.100743576405479,8.126408459148553,-5.360541976797842,-1.240436501210699,9.344390224017628,0.8346681191379048,0.7272517433640012,0.20053033660312217,1.22
0.7541461693537014,0.47223812815076527,0.5488369799798396,0.6507374665747399,-1.8776122381969682,-0.27463929421054434,21.424248578837684,-7.317829407018175,5.044763038181508,7.578474780684628,-1.6632149858539076,-2.0363491879103517,8.07345238143811,-3.3701303874054034,-1.1787946205076405,6.923901164890712,0.35436598635688143,0.7172310112106641,0.6527928295041441,1.38
0.6904174683750516,0.4004936786054238,0.7530086315259278,0.35300990776654895,-2.2172320001614976,-2.4621377771339303,18.971107112931417,-9.69871099054342,5.249186607953302,5.358014915210295,-0.8093919887501053,-1.414139347877676,3.851047769133075,-3.4528090401284,-1.6662107976344964,9.93751819317028,0.7234101470396197,0.7755926908879478,0.36275612458563145,1.38
0.3087172350991656,0.6453889403193052,0.6545190823077047,0.3774282091424387,-1.4874383053957287,0.2425168842691487,22.637654479088788,-10.792622440478919,5.967364844824645,5.109813992835496,-1.4007502032720613,-1.9754442550719642,9.06782743341477,-4.380099390687424,-1.857214212721621,9.62967527815056,0.7581565137313333,0.9394713975606659,0.39774575512077415,1.4
0.4287003853123895,1.051385764287893,0.47453274846275956,0.4063242552139904,-1.1077687910303378,0.004767628369503951,18.949133485330403,-1.9355101165955273,5.070574574444217,6.02550901858717,-1.845683177370512,-1.9665988995978447,5.720108697246729,-6.279465878738206,-0.2650339600290085,9.881158692133491,1.1807029101416127,0.5433614334982703,0.7396725487636912,1.4
0.46829631866525173,0.38508507948027004,0.7386133171754751,0.5007230550090488,-1.4475864606854691,-2.9069008481295207,17.623821261981945,-10.602998713937959,5.508899661769348,2.6133454621823655,-1.1169741973426563,-1.2315347916172514,3.264557730882584,-2.1328874779084,-1.844163442167117,12.693883020562387,1.0119414921596674,0.9181730589348085,0.35072187131604765,1.3900000000000001
0.47932435775830173,1.0408466509755792,0.6350900141297902,0.6839993734917015,-1.0156377837340134,0.1563397458964343,21.20521380598304,-4.186538273742015,6.29763407783422,5.889348868618501,-1.6496953882637642,-2.044970194072311,9.357104830607266,-4.614672920482732,-0.29845945220506054,8.912150310562605,1.007332572730565,0.7429859163003705,0.4690460460090479,1.3800000000000001
0.7890419111661343,0.7749018191167268,0.7144460566232986,0.6159930896521947,-1.6491502890153837,0.2630410395142011,20.601916754341197,-10.024741516579788,5.126427641800145,5.575283196380062,-1.0438009078471764,-1.9883303680429965,9.31359270598637,-3.0757251301301163,-1.3678004935322368,9.919682005628776,1.095517758912613,0.5081274133662654,0.3592127003590979,1.39
0.7835948720251502,1.0838139571014567,0.5704811425226943,0.6655423914953388,-2.1078658817437788,-0.3202769923026971,18.050657629597872,-9.920116143672603,5.642365117373153,4.765411211163907,-1.7080390535703875,-2.120200931531733,5.852908531120086,-3.70904409981851,-1.0635273273045533,9.024461880464544,0.2805705841470424,0.8450248240050782,1.168723568034763,1.38
0.7129398967249446,0.8694916120896254,0.7717577097967424,0.67943818856209,-2.246700441424697,-0.026467008153427785,15.735981792706841,-11.238305685256789,5.821769171769398,7.8433810384631375,-1.5719201574228296,-1.8162180364483445,4.751177370540058,-2.1890915195344043,-1.41516222052521,8.052099102843057,0.5744012015530521,0.8575542965417647,0.29124697739408884,1.3299999999999998
0.6448988550118403,0.7443903068344839,0.6364424104371076,0.7488266551745041,-1.57585577767731,-0.13076708553251443,14.63670092945942,-8.575918836611448,6.444125484445914,6.134512151120891,-1.2853712939636779,-1.9570642466982875,2.668741077435803,-3.289323860115945,-1.0111014765323472,9.108010137020125,0.9018670773133561,1.0838794166069585,0.6220836905168923,1.3499999999999999
0.3846824249207921,0.3545859966175125,0.6597915737026697,0.6517929101775705,-1.020538662740381,0.21583472175565777,17.24932235780785,-8.678372211818521,5.363069333870021,5.4143339646165,-1.7149225679292843,-2.111691964128,7.743885514847265,-4.8567166347477935,-1.2146080157875647,9.460892050465604,0.7347881556965264,0.9029476126819628,0.4742179462546657,1.1400000000000001
0.4628772380978647,0.6617375149335025,0.7135910331404376,0.7871377565343808,-2.123154686762695,0.2114222299431473,19.606411698440176,-8.800648668672792,5.537127946961374,3.06934740216901,-1.0944055241656327,-2.116173066749017,7.18129588074007,-2.358884767121528,-1.668114211426251,8.327630085524941,0.5608876288553177,0.9436649003698107,0.521460950737169,1.2999999999999998
0.35041845775042224,0.723708490031947,0.7073447519845051,0.35056893930133926,-0.8449418849716324,-2.5363603489842967,21.383642664164938,-9.068157007722718,5.663857140047446,5.664139895060204,-1.3479168034940898,-1.3526713521401965,7.1829970214410706,-3.505427112151774,-1.6196897982245984,7.916033324610148,1.039252695296308,0.7361123609095893,0.38112089570789004,1.3900000000000001
0.7322217129923347,0.354280794304222,0.6051374591060459,0.3648411519152124,-1.9732776863096166,-0.35399721078796265,21.592571406394203,-11.672139747762373,6.088275315259164,3.5603096326209513,-1.551331219538182,-1.9251033173594563,8.582353677474867,-1.9866761926580354,-1.328505777673919,12.018094177194664,0.38226617941049534,0.9078637304042776,0.755540472969979,1.4100000000000001
0.5770603746384151,0.7943850503801179,0.78516569351537,0.6066819637130031,-1.6128836976563743,-2.2373017297396873,21.89025538509877,-9.70226676101898,5.964446525058261,3.5051732985576254,-1.3856754143148382,-1.128208941806665,7.7858627849494715,-2.711442246468576,-1.7537860141769437,13.568000948493253,0.5359141364072031,0.7680965305340182,0.3991143552816573,1.3599999999999999
0.6033000045641076,1.0643548383554695,0.7246832073255663,0.6898840555114356,-1.8230252237204194,-0.7473656803794417,18.34535272281286,-8.695935289662213,5.2748274283116245,5.291485440707573,-1.063069652508755,-2.090002246244652,7.0325455016372285,-3.0368827640076352,-1.2275060785918601,10.327581800296596,0.5425889601446141,1.023373725523259,0.39554043692306873,1.3699999999999999
0.5308612393677834,0.9086165329700714,0.7013319350715238,0.7348848776971524,-1.9578515134736152,0.2626392521296581,20.675705755848405,-11.179287958265219,5.732915809722798,6.167736172522469,-1.3901177678756562,-2.0138921423524194,9.65967611550024,-2.152458357850334,-1.7982180272838444,8.900079240880297,0.5501746664215211,0.73263587570827,0.20602827118509093,1.3199999999999998
0.6284528728921882,0.5765921253557389,0.7381419448768499,0.6993874378607786,-0.9177546302017923,-0.6981613722301899,20.207237014327763,-11.696016749685079,5.03812381468605,4.861545859195991,-1.3674384203033854,-1.7704901921138227,6.582699426843182,-1.3365048474220655,-1.6766681299295967,10.03187215646312,0.8883015784260034,0.8263126964584971,0.4350600276519272,1.4
0.5126647628401028,0.8671045870215026,0.43501907155188635,0.7837611840195826,-2.442052166363769,-0.19435079835667468,17.651194365385614,-10.553680638133873,5.1265401631930905,3.5425194996452563,-1.774260386258217,-1.822497300575554,3.8813943526417574,-1.75439789881993,-0.9109450158841712,10.422120896779408,0.708086361577373,0.8380638688551106,1.1261482226632673,1.38
0.7016392372921978,0.3577228062130382,0.6845757884950922,0.4332746312722152,-0.278428421564917,-0.5859530481035018,19.00302845442398,-11.869097042749557,5.984449674295139,6.479140013261842,-1.9598124596643012,-1.647306909719053,8.188593757851423,-3.078863866488546,-1.4283530238607387,6.581503224458892,0.6401314062141767,0.8267331204491638,0.5384448906467785,1.3900000000000001
0.7197502453547093,0.36236310458062837,0.6954558410493982,0.7188992646174195,-2.2144156819862877,0.15755456423119168,18.884610933316303,-5.736805392008031,6.514798412714704,4.752095353953141,-1.4962352293064065,-2.009296964819869,7.961352205688733,-6.449508897397996,-0.697451103066392,9.80655825329124,1.066236010514427,0.5440150074833011,0.3507462030046806,1.41
0.5458501073140869,0.4074032639992344,0.6287811313136055,0.3724989857999035,-1.7833886807031667,0.29744605463319773,18.048248515921287,-7.0741931916401395,5.545705255346319,7.324400408018187,-1.1359209388344582,-1.8709532988286732,8.202318707740268,-4.674494983567719,-1.1772727861287688,9.698720309329147,0.8038429795797163,0.8774594871806854,0.5662699288124325,1.31
0.3961915736621281,0.45462224160999326,0.7364765883899342,0.7257587377755403,-1.748434531607175,-1.8295342512445705,15.268970941763138,-10.661318287882487,6.10255118859369,2.337218139646851,-0.9209322375208592,-1.522389587618295,5.079886306612051,-2.411963390543562,-1.472011112812085,8.137492961046583,0.9053075429736723,1.1674165857017709,0.40931819309991047,1.42
0.7790083589500574,0.21523609651411227,0.704824618957466,0.45195726538034037,-1.7548213190755104,-2.7857906518235334,16.23040922729018,-10.061148048158179,5.828786289613451,4.768986463103103,-0.8615237756714055,-1.6373434645320986,4.697083039171811,-3.632420884247185,-1.2557220621951137,7.195585098440069,0.6629445102533719,0.886820979074523,0.5814510899332664,1.4
0.32193555238564014,0.9786083753259258,0.5809960307653341,0.30569739488165143,-1.3358263367150416,-0.21336507325821624,18.18479773079619,-9.611135935914612,5.534621508300692,6.206307457686276,-1.8223829883083114,-1.8759057635649259,5.669434698077721,-2.6198982327473423,-0.9109487131495255,6.576344830903218,0.9559717644080417,0.6658436496469181,1.1486933200549276,1.38
0.6437510521749743,0.6099513825706482,0.7768656811643156,0.7886318116991832,-2.0721069204355844,-0.22365144267757212,20.840633627336228,-9.927066898671129,6.670479946399762,5.08799366629459,-0.8775298164183893,-2.1323819359094203,2.2334992187493863,-5.083688173991913,-1.2632808218097349,9.432128476551938,0.5013466049245059,0.6201551381205381,0.566145626385984,1.3199999999999998
0.6950077413484903,0.9053884611966988,0.6473280856382738,0.47315250957920263,-1.512093255805964,0.428163897042075,18.614675431379585,-10.472440653163385,5.307276149463931,5.382842729724862,-1.2222712873352408,-1.9680657198300193,9.276376640295382,-1.999083009953759,-1.9050910131129712,10.571319709616107,0.7518779440258525,0.9579049901945633,0.3777853932366695,1.3800000000000001
0.6032085401050609,0.9226561179630892,0.7199124693050138,0.5929850416978973,-1.4459969088086937,0.06810681535125165,20.12945465357916,-8.657468531109505,7.302027173585036,5.524349288456921,-1.489380376596216,-1.9139329070525268,4.679765589051802,-6.914611700433294,-0.5194229529129704,9.14204994246642,1.0070250517706363,0.6126246506857667,0.6853691672249642,1.3499999999999999
0.5187747458009049,0.21759805881080335,0.6458116271026516,0.6291041265238952,-0.7363619156869063,0.32906668328228844,20.659983433023637,-10.567063041457166,6.080222322514628,6.796110071074672,-1.4709857159523194,-1.8633192103701488,8.554215848830497,-4.428082174376678,-0.9303330943521952,9.74864376125893,0.8483806620845825,0.9605921414032108,0.6463453821547434,1.3099999999999998
0.351812433652374,0.9755780691239677,0.4607604870867963,0.6858254688635954,-1.0147732131660585,0.11820897241604597,19.01483632896423,-7.219980370820627,5.377352584549473,6.59100196815877,-1.7613364367013604,-1.8524315090030878,5.8519760998719335,-8.066891065772213,-0.6290875735077954,8.316149921396589,0.5883213774278467,0.8348553960868099,0.709744976758721,1.4
0.7072650013189203,0.7735533046382441,0.7696582611075486,0.3467537765483901,-0.9904916274585089,0.062141224962521224,21.542449148892523,-8.785743082065576,6.688684869550797,3.16863462841392,-1.24555369095108,-2.1868411080000616,8.911281276031541,-3.5065047250221095,-0.8474616463329513,11.28733168361433,1.1940879194255918,0.706163674522548,0.6013229696657221,1.38
0.6498376184703171,0.33390096536736247,0.5858603081116105,0.706718594847832,-0.6620753554852451,-0.007842685401474925,21.37670881258576,-8.368391846922744,5.7332258702980194,6.184821769594366,-1.8362271470507356,-1.880815502093202,5.171855976633994,-2.780626491483122,-0.9625127612686558,8.608958362229467,1.0184926336621176,0.7647295522182282,0.5926603908793853,1.06
0.554470428750625,0.900763826931279,0.6643508623109651,0.6619084525635385,-1.99255791896358,-0.4038607340217915,20.464886771300776,-3.563997983777859,5.796500007248086,2.800465299305358,-0.8477834088781175,-2.1502540623795667,-0.2453640215039642,-5.736215458715661,-0.7289283884964414,9.846982437696548,0.8298419060877525,0.9694914258757871,0.3882869690648871,1.33
0.6271117032678216,0.2756270045694299,0.7808715448444208,0.5036270954204877,-2.3829068422670745,-1.9895178823718305,16.692735919385928,-7.625358095026575,5.488524294669772,3.5093674656089773,-0.8992254042273341,-1.6226379877843413,6.518621233602749,-2.3239225321827446,-1.352426903446795,8.058532229417198,1.0318470401652244,0.5336502812082576,0.5113780295277188,1.4099999999999997
0.5507248788292506,0.76344104655221,0.6886132474497133,0.6573280519552855,-2.0525780321892437,-0.03353054163029644,18.24021991651807,-7.106646520304618,5.341080279765177,6.087062376660812,-1.975642216255297,-1.8488488650177897,4.916151803853101,-3.755081200273362,-1.4017846736445383,8.274820124632916,0.7266279281567355,0.758554608650552,0.41616357320362296,1.29
0.598429418568924,0.2776101317112972,0.6861286140251948,0.33679160175811773,-1.690869294342028,-0.05611017060749096,17.264871933931218,-4.92297405065884,5.6234674477475455,3.715587849721206,-1.5552416685000299,-1.7144938050467087,4.999261418571996,-3.8263323579572157,-0.7343895301761827,8.911338258785303,1.0079720603189222,0.9381986522586712,0.5232666705438836,1.42
0.5897776288141217,0.3854684343606217,0.5800778106655117,0.627706109285003,-1.1405397271485098,0.05729489557614366,18.417539988469073,-10.624496479442767,5.344789528457792,5.9237397499402515,-1.319016303912404,-2.0245665769434007,5.602467657824887,-6.684810054110202,-1.5603362097809934,9.013474449954648,0.9680568526870075,1.0095961589401905,0.3083317209258651,1.18
0.5204524083126599,0.8659599037087459,0.5930213633185002,0.5099485931970018,-1.624403531666177,-0.3402356583772952,21.69294715079584,-1.7371162587733264,5.184497572227424,5.878583520114997,-1.6706029563043294,-1.9977851630367955,5.269550855884824,-5.165660914839858,-0.4890179083627362,9.735329580222741,0.4223862185648433,0.765963360587827,0.4330004978874512,1.3899999999999997
0.48685972681772915,0.6067654724418063,0.6079936308185004,0.671474071579233,-1.428741876644807,-0.07452592596973134,16.771012636988658,-10.29643248138525,5.646551863362683,6.893425123773255,-1.8474219782262535,-2.070001014665859,5.854560579915868,-2.1567128916310327,-1.5808464998124276,8.875562213023015,0.9774968712231631,0.6825727485525147,0.5532471883999158,1.3400000000000003
0.5300325207570211,0.8996316176601016,0.7678111210403649,0.7447869206561746,-2.1406580099927335,-1.478698489523065,14.817297616631087,-7.8433063515317665,5.245036872507907,2.8135297850672107,-0.8588871235131579,-1.7642299567916404,8.82277377411428,-2.7247045619996415,-1.803981806396234,11.43727473429344,0.615365354272347,0.9923719803242915,0.37522139837667656,1.36
0.7662415874498222,1.0572777753561904,0.7324071655400362,0.5244005805234797,-2.4407828348591427,-0.4222612323807961,16.419366261623356,-10.297955179765296,5.123490634832192,6.568889983024835,-1.185548587649532,-2.0269358560386816,8.19162238069086,-1.7796970344710057,-1.634895939391979,11.803736667343705,0.6532267040280951,0.7784548223543378,0.4662543013914926,1.29
0.44524410614361576,0.5360053073478678,0.6883390901756998,0.5579229170953603,-0.7986873091731134,-0.03706217555666161,17.31862741208203,-7.319064758419501,6.190842000810369,6.625691518851687,-1.6415743398772278,-1.9903075570723565,8.610409940468253,-3.2947672447061143,-1.6257433816129867,12.983060093230952,0.9568557524796724,0.8237424931650076,0.3825082216804954,1.4
0.4005029761531925,0.8235117655030004,0.6966516113685164,0.708377283604929,-1.770920563807262,0.12550946483982,16.315928470622953,-10.039738525862939,5.011911338956525,4.985904238987152,-1.9495234068840719,-1.8310517839337173,7.54079156322771,-3.6229553386783855,-1.3583603503356143,9.556604528997237,0.5845805826881467,0.7868616672458684,0.4539432104223689,1.35
0.5696022955379715,0.49901448938556436,0.7485157488770453,0.562101460967142,-0.8794720738813299,0.0747285331389339,18.46474460778087,-11.852677776382068,5.478280488691694,6.026634372958494,-1.910753097797372,-2.03353199516169,7.852450938983477,-1.9622190452938775,-1.6490379371816246,8.905772605750862,0.8260108683878455,0.7253574301171379,0.5902432179522518,1.2899999999999998
0.36482400714487856,0.7047676202478832,0.6784670840056075,0.5576387689234735,-1.4140704972487854,0.1319722833455347,19.29349172098324,-7.088578243982859,5.631382080257382,7.1796197588046855,-1.6918272928164788,-1.7721087757161786,9.627848309494286,-3.8719410319434786,-1.2335395870568067,11.30283157801108,0.6475367730335352,0.9135093432476191,0.5249333235917881,1.33
0.7901955349237572,0.9289484053005692,0.613237146477059,0.7514134412335947,-1.9163583620492601,0.05943474127585724,21.441473190065942,-7.78018120384039,5.541299399759849,5.382060457958314,-1.5178912727753404,-1.812082226370526,8.680705657881173,-2.553077471618204,-1.4322211899827402,7.758870703544267,0.7447818473387043,0.7273754111907584,0.6483045430889263,1.2599999999999998
0.6508607503379185,0.5576797992824882,0.6525925673164109,0.48444226713467714,-1.7578109917987537,-2.6883760442034053,13.244797937270972,-9.280481769322025,5.403877801981106,2.2683240891807595,-0.884195753187749,-1.1717839786820075,8.648720806336478,-2.3263492637205383,-1.5718733403661858,12.787193078506156,0.8551581391067093,1.0182895856167993,0.4985168200223721,1.3900000000000001
0.3316324923633691,0.5566207515389165,0.7837973647503302,0.5423555828342385,-1.5488578722753426,-1.2506794132165564,15.64468139199731,-10.789920214677391,5.783841986715241,5.806416977512953,-1.5210852699731334,-2.135343078750877,7.6200128928927855,-2.097208010602045,-1.792656102232348,12.34639333006965,0.8347627224500935,0.5039286695338325,0.36199764745716895,1.35
0.7410273280126511,1.0231317491994694,0.6060277785835355,0.705937202602434,-1.3263049847741788,-0.29382745190677245,21.90155576802494,-10.593615750443135,5.630751495970398,6.378370129660382,-1.667007025869115,-2.1511708955526725,8.816956451924977,-2.065051920438558,-1.21037423511956,9.060771170132318,0.644727395617283,0.5780476491487325,0.8772171868880823,1.3499999999999999
0.582040598802444,0.5305489456568037,0.7422524204817126,0.2424699165337617,-1.5682669414352346,-2.1289252298541355,19.562415012900153,-9.462397830653417,5.3959135442878186,3.127909235092749,-1.8120059045218946,-1.016186583647856,4.117074242128587,-3.308847786977646,-1.551514295823373,12.7317141567757,0.460889404800901,0.9267848971675411,0.4773379283014536,1.42
0.7353760552340393,0.3677218424913924,0.6581110058115546,0.5864961906039817,-1.2119258143164275,-0.01655640848639768,20.14379790990426,-3.5680420375534387,6.415849886677256,6.375670930008889,-1.4509901469245392,-2.1540800055082068,7.147171413421817,-4.779374257115622,-0.40091932950703824,10.074428988959491,0.7896744959814928,0.8786057707069389,0.9419711272000703,1.42
0.39462185682441503,0.5187859241139912,0.6641064661355598,0.3614107046750865,-2.296102545626027,0.05139952307110282,20.158960294120345,-11.85110405769219,5.615817165238653,3.9755916300296583,-1.9138980587942922,-1.8509842866217525,6.987277464504189,-1.8696933545944896,-1.63812787950619,9.113703262184197,0.6567340156976698,0.8681700350415352,0.5393245420857633,1.34
0.7904949630586661,0.8378933780378649,0.7696500511550018,0.40674507590293296,-2.1284475934483744,0.2944406330060668,19.330720123391178,-11.799552070506632,7.707344179089542,6.510685875316695,-1.5613400005763165,-2.057801751259491,9.87935810668904,-2.8089928243218063,-0.5227170823500505,9.575817137615735,0.6559569069890225,0.5737379699359616,0.6342066227406364,1.42
0.795938609115046,0.27711462973349243,0.7577830648546666,0.5125583389591671,-1.8106341759537157,-1.2392420550225498,17.26732370572523,-8.24363639282572,5.205581066058985,3.340042138662243,-1.361491677221574,-2.1341976299692775,2.1871085474895615,-3.836815996709444,-1.705343886118432,10.44503512145634,0.32408186232630837,1.091499242815283,0.38430664892067073,1.3099999999999998
0.675740410578688,0.8146007296265301,0.7923856628067595,0.6921479479930011,-1.0820874955536992,-2.9143900183925635,21.651873409675467,-10.30727480491487,5.885767111388349,6.35660134577509,-1.388096650389995,-0.7998396090279014,1.4359713321848044,-2.5959273785725707,-1.9215059010135624,8.295467345354933,0.9824218643160442,0.780846190679789,0.286551962729651,1.42
0.6200448228870185,0.7025041541789088,0.7503212927980171,0.5314624848353667,-2.1113421644571617,-0.7796991872050459,22.757883775892093,-9.936939819044703,5.282755305903257,4.921638938571539,-1.2526536105595822,-1.790246118343853,6.632051792826366,-3.048289549124219,-1.6387136961985496,8.13798369259906,0.48676724028405965,0.827180766059203,0.329182351143821,1.3299999999999998
0.7171020162121936,0.28753681846215673,0.7784169399740679,0.43147776558456596,-0.8945172743666969,-0.3001794120849488,17.39715318739971,-8.112696614828364,6.368909583952906,5.75961019355843,-1.281919877029478,-1.8509468364138373,-0.8668639967015854,-4.865720520224723,-0.5916490221133288,9.881336282030198,0.9136235612642749,1.110507404056289,0.39302274472700593,1.37
0.38157800652047885,0.995482990501176,0.6652998027814518,0.35747674528546913,-2.266391849997886,0.16872721121835269,18.6295368011913,-11.114042445971677,6.954531388237505,5.829004787911002,-1.9268322344827358,-2.0640872522070923,8.968635349179575,-4.9208199329260225,-0.7265153195177991,10.482259910349766,0.6166434374039502,0.6885771865314647,0.584423301094136,1.38
0.591149886786594,0.7155329996842964,0.7659040462095925,0.35856045878766385,-2.29715416388267,-0.0636241875521621,15.720015803658924,-8.154050132267248,7.120796188363628,6.239730977989575,-1.4408727734541351,-2.0822818808312604,4.063211411783544,-6.794654720224584,-0.905382689696338,9.865527697660916,0.7251647422204572,0.80713576139414,0.5404860515042811,1.38
0.7031877053033114,0.4350416783541995,0.7455817047622545,0.6916309563353951,-1.8627430851103945,0.11137671595001111,18.360054792722337,-6.127260198734552,6.440550782643753,2.4086839682993406,-0.9592076889403716,-1.8627207009210491,7.38885156602835,-3.070648514225888,-0.9151573885842902,10.283112707908762,0.9184046291732064,0.9826116835663861,0.9042215960350148,1.3199999999999998
0.7226500225888938,0.9053014713036446,0.5750581102055103,0.4824695893733125,-2.358030696715364,0.1103415748664067,15.057392942269747,-8.961143165423229,5.490966704311296,6.617676629873619,-0.9921058430712468,-1.932283356416003,3.480317963069942,-4.755595723055691,-1.2036148752018343,9.388214374790207,0.4590130770188117,0.9198259752798206,0.3986218826611791,1.3599999999999999
0.7502321489613852,0.5523540704904284,0.7914197094563288,0.43607163844560165,-1.8668910644150043,-0.6817348821277845,22.67533843835068,-9.992921904474462,5.752070495196063,3.9483935242211063,-0.824532217262533,-1.763143433892228,-0.05390448706805148,-1.9708383179712134,-1.229178485451268,7.044705774698622,1.1548022475224047,0.9790529556262542,0.5054048760247225,1.3399999999999999
0.3408038167768589,0.7510238002176433,0.7501568235379296,0.7529755635804507,-2.3047748812854416,0.09138980449745593,16.432747685406593,-8.329276128980709,5.560971738343997,6.467367915483662,-1.888441210982113,-2.193121059087248,8.513651587841073,-2.620963758766399,-1.066190218508765,7.953362491485466,0.4636889750634766,0.7789532912119572,0.5030241810745442,1.2799999999999998
0.5205386003077876,0.6573411044814796,0.7220850965320949,0.42205623881260623,-1.7767287454530591,-0.253633742687479,17.487026340209272,-11.925803220934242,5.188232030355073,4.8593205775071935,-1.9416402482929351,-1.8478528558353173,5.215741650405242,-1.5426805158603956,-1.7846298982982511,7.702549409277939,0.6965989132698215,0.8847538398433962,0.5612561388171591,1.35
0.5258383101002415,0.6224021268583596,0.7249045987345927,0.6058449942356304,-1.955207246434083,0.009844255477050423,16.20246887975362,-9.778053929289683,5.574989226098707,2.2889132114137842,-1.820692451414799,-2.0867798957752646,6.848811331323146,-2.821148747484336,-1.7675692913391492,10.585536417258227,0.5130663818310124,0.9169824840332254,0.3773132756559218,1.01
0.5893283494002358,0.5868038002880621,0.662119570757051,0.6351621026259184,-0.24401786220177302,-0.3102966648943364,18.88613453805018,-10.406168490150286,6.080650198238022,5.113055858732148,-1.5252200534466862,-2.0611580404813634,4.024296475675247,-6.71353930648277,-1.6106013568427928,10.384595210782798,0.7984531343620431,0.8635048871510989,0.47174442166389585,1.42
0.5081179401388476,0.8722157598857936,0.6375400934009167,0.7294352804120215,-2.091375373984722,0.06565283981811498,20.326741594813647,-7.111179298463024,5.638000998964974,4.987516515544679,-1.2417809301123353,-1.8020885528999646,9.819590293700315,-3.3169979861696963,-1.2365712594433846,8.10807847565929,0.9283901837334713,0.7881343357623685,0.5796021664463804,1.33
0.4626833462067136,0.280377228655194,0.744564124455693,0.6944242298566261,-0.9582639662442188,-0.010954820114224237,17.58875638098417,-10.029416893127436,6.076420682540437,5.638906646566345,-1.81256218986714,-1.7563208568857287,6.565418527590122,-3.55547725288339,-1.685083296832504,8.10737839592668,0.9119527551184261,0.963787836315565,0.15854633976310917,1.38
0.5950441390664745,1.0372854394980786,0.731789487020936,0.40326769469836177,-1.3710874190540483,-0.4539412428174125,13.793986529638316,-10.897268476361221,6.219055860637618,4.098076695389368,-1.2105694760607886,-1.8752611948118783,7.922959693494134,-2.935806415745855,-1.7210961288665017,13.29335660901377,1.0758324716111907,1.1002561486192528,0.35650494207036865,1.42
0.6528014865410068,0.8379050737414254,0.6419688162671535,0.44588015926755226,-2.204796539283792,-0.0576551811959265,18.479037197290122,-3.972365894133284,5.233406178019222,7.259320021006359,-1.4167342125927698,-1.939900998333276,9.394194559151149,-5.291484056173034,-0.8190998865953651,7.620438798998293,0.5272266554844899,0.845497853721565,0.6329852270639629,1.42
0.5469219910286357,1.0619487549857012,0.46795558775219026,0.7464357819714489,-0.8344512073873633,-0.23193028595124907,21.075429414479004,-8.029528965825678,5.257490213306796,6.949663652158975,-1.9329963435963027,-1.9263186783110309,-0.5348577811759175,-6.267586931562416,-1.8544223202172432,8.081806456158901,0.9860041601127183,0.47121811380678547,0.312415592569474,1.4
0.6902422379579718,0.873031161067422,0.6895151598749055,0.5613915585259989,-1.5473500877383066,-0.05782170010536225,17.065674843685155,-5.848320619356121,5.489839886336543,3.4389271522874965,-1.380891031479257,-1.7923416251678652,9.419693022835043,-3.0674603860167835,-1.7174606418843061,10.776849418556871,0.8431574515565605,0.9100076401291441,0.3117279789298759,1.31
0.6846023248958972,0.3182638042397935,0.6912308500136046,0.5003568071771941,-1.4834052073957087,-1.8099394824416597,19.831403477487385,-8.57714968548795,5.503105845537625,7.423797270240176,-1.1950313399341315,-1.2432992327134793,7.852104079926808,-3.3459503875362633,-1.6898864213332436,11.426664302404648,0.6915089015292251,0.9498881588529439,0.48403733293919726,1.42
0.5851944969807563,0.7300990662270723,0.6233437844621829,0.4584178612997434,-2.3082647565135863,-0.07676037909769484,16.22263797275194,-11.279637563253665,6.143330698330152,6.502267986169872,-0.9063490888875224,-2.0938903707457523,1.7622055547982767,-3.125092751382233,-0.8881537908677687,9.59464884284678,0.5791146303895107,0.9741787465203142,0.8732382264680708,1.3900000000000001
0.5512686876754918,0.8944896388511724,0.7456442749199657,0.7394950960523136,-2.034613610161302,-0.4255119323211958,21.086599008076558,-7.877226190288825,5.821602364949458,4.054864810165093,-1.9280912244210788,-1.9516702478711914,3.3673985365593193,-1.9055742125965696,-1.3069808850898494,9.750655811553717,0.5918517770579094,0.750875331988206,0.7621593289596563,1.39
0.7673251309213752,0.46299470173817986,0.7942493546706685,0.7713197865183062,-1.025759370848451,-0.6240625061936587,20.989510805409324,-9.57782524138041,5.703314548719536,6.33764036924888,-1.3211667863365713,-1.9208020088891529,4.750713175561575,-3.2289343876800443,-1.9585137862394646,10.533004725341947,1.1783627763486784,0.7323325174727091,0.26321868625242323,1.33
0.66086557418502,0.8202492136991157,0.7282589340317014,0.4692545051916239,-1.4752420067432612,-0.08406919423306497,22.023833352288225,-7.8388979623651505,5.928576352379577,4.653817394936567,-1.1701957299303773,-1.7379129877931792,9.010722405793487,-5.272473392784942,-0.8564416370600936,9.930974573334055,0.8783661958753873,0.9532030475947504,0.433037977212695,1.42
0.3533653281453545,0.7342061562888573,0.6124440140333457,0.6346887546196391,-0.5170071661117803,-0.02634252729773079,17.72843797802955,-10.744100380863493,5.5756172667331665,5.976784326494549,-1.951970111913654,-1.9736608277244987,4.797653248877869,-1.9052779256758283,-1.1032264888969878,9.872887521545257,0.7050351580115793,0.7552306307225045,0.6549810082226611,1.3800000000000001
0.701755969076407,0.964954256901875,0.6783200610889664,0.7136513789150545,-2.4880542160681776,-0.2733711883969661,14.90469441826437,-9.733883045262372,6.101584130799515,6.438248092240256,-0.831456413188902,-2.019190602204106,5.22809887724354,-2.976889891258274,-0.9671664707468137,10.822592681345329,0.6062411995924168,1.0242273149041377,0.7064488041309974,1.4100000000000001
0.601634254159416,0.7398145131840178,0.5561290136401483,0.6758564241211887,-1.477898062758038,-0.1670240060088104,22.13675281639657,-4.844660596950622,5.018000489463383,6.360378538955441,-1.6126645453893904,-2.1490478883017943,2.5074798184196885,-4.4964169076615,-0.8547407068974495,7.711326614573288,0.569648547388587,0.7371297038713345,0.7790537202056067,1.3999999999999997
0.6844603650863705,0.6247198718394025,0.7902198045367111,0.5817902136768807,-1.9928013619613525,-0.770617048894868,13.80196307674715,-9.00732800869172,5.715543019658846,2.9732722628597736,-1.7446630864184545,-1.7310918588678643,6.561589381471637,-3.01447201240319,-1.5640092280577758,10.829018504152325,0.5393066442582144,0.9189035075018086,0.42585411814850316,1.4100000000000001
0.5331552439214116,0.9239066922708521,0.7160033094807965,0.5269051786438564,-0.27189854922718837,-0.7734163107957973,18.421315049411238,-9.816378793425374,5.153551916555925,4.887898995387431,-1.8356360580966116,-2.1831591914888766,-0.680464956556607,-1.8791221418331545,-1.7105292369333545,9.868658509697763,0.9128624938707627,0.6934666264631018,0.4704867703512301,1.3699999999999999
0.6439397519948901,0.430111348663539,0.646405228385484,0.6221649889854431,-2.2071006361938816,-0.213797079669041,20.60758336346059,-10.254911005068983,6.183350308719178,4.7736254256337896,-1.0901450728207909,-1.9753640382104247,3.0487028714266917,-1.648198185379883,-1.1004862322318207,8.928130841352985,1.003380977540552,0.8371464688442108,1.1088591783458446,1.37
0.7988855503202503,0.4831969757942833,0.5144629818847538,0.7157470084896816,-1.3231772061051863,0.10914380106476135,19.310157623483082,-8.045988194792173,5.416717199070563,5.54719010768357,-1.2584941387519064,-2.1927277593079944,6.193415650603057,-7.920490868981659,-1.0606841171618318,8.875121823068145,0.8872241200830615,0.8040809068586512,0.31706681336243125,1.3
0.3833329471688691,0.6612944616216394,0.7532659409595812,0.20467730060044526,-0.9975964774840685,-1.6333037987867607,20.64411404320459,-10.50814387277162,5.3443211185539035,2.279845616942426,-1.4434553090015838,-1.9253165476698155,5.588185570774913,-1.855424763550057,-1.7309215327572247,8.560543026681808,1.093873182841204,0.5207063593940253,0.4848885542517432,1.4
0.5057629448874248,0.4284551544749058,0.7420329523993661,0.26469020438353835,-1.0154439282336507,-2.493601237697666,18.897017819715902,-7.43273417317499,5.270751825845984,3.9921234959111342,-1.8346101415215985,-1.4246169979164363,2.968699994173782,-3.3349729910886934,-1.6857839635456628,13.615591646868477,0.9978527376200644,0.4539964126167816,0.3171214591173932,1.4
0.331239962143114,0.6577363288406455,0.6907992758893308,0.43080620865478425,-0.4829919020305734,-2.3712030756407483,22.85023467744401,-8.497806051358289,5.274711335778697,4.7651105632131,-1.4855516477604558,-1.408604183276616,8.269641040055298,-2.588075013534099,-1.7992774014864537,12.514016382612771,1.0084841150463357,0.7952579142884866,0.4385672241047913,1.42
0.7442582182732846,0.9611217658476495,0.7572648824398545,0.6715372173121024,-0.5892958902783259,-0.5015317131807591,19.208414192995434,-6.407571955037659,6.32145740088287,6.769650396561469,-1.877058018901631,-2.0675206021750827,3.5269322244278873,-3.416653696084711,-0.8268827833189978,7.612956036081221,0.7494015771538327,0.7509148157542008,0.5129582029009887,1.3199999999999998
0.3910649421365301,0.6306439005397844,0.5553578466406089,0.34830486743239375,-2.223565250440793,-0.018983025105137677,17.3601988559943,-6.650429680724677,6.064262009087252,5.796000507766416,-0.7777163855383264,-2.0540386632618794,3.9630408470765484,-6.446228107440151,-0.8176182056984723,10.609940545736821,0.7452119038766081,1.0886304934142965,0.6616824886922283,1.41
0.5320720001807766,0.508630942658944,0.6745978963433864,0.6187663067479761,-2.2990675974206884,-0.036575877265179496,20.685929727933985,-9.622335462792918,6.18863743043486,7.564833338204879,-1.6474597761441268,-1.7452376860182754,5.929391764795049,-2.759596672570296,-0.8577156025063102,8.153996628985462,0.8958491762425472,0.7637667251842662,0.6450281831705241,1.15
0.6841092252264214,0.23566610617750966,0.7557001834772477,0.357761767534866,-1.5957211764952683,-2.2081011809485678,10.945931454708873,-10.649346319906847,5.230419093558305,2.928400904615915,-1.1992188940471258,-1.8413752348066053,9.192426012225015,-2.4464025643852896,-1.6787524916416054,12.597422773966557,0.6431763390192342,0.9113814073262182,0.41130948190682176,1.33
0.37329199593098583,0.8088981021653088,0.6183833266694125,0.4218526340113373,-0.2833804494162732,-2.823567853372075,12.428293173451584,-8.193886608459625,5.07163637731098,3.3593284658334626,-1.6071970094996257,-1.4430842033042999,8.72431277670032,-3.1834660073143026,-1.2007828585730478,6.79298004765539,0.642300765892199,1.117074439267582,0.5660928082588312,1.38
0.4466382087090076,0.7037386788982432,0.749672536601672,0.696323601491474,-1.6768893440730304,0.18106463501257838,19.376607035990588,-6.837674317984727,5.9008721783258045,7.093821863954354,-1.403148290447625,-2.111730594192273,6.213086567956612,-3.393128896611375,-0.47354574581052467,8.159760446956437,0.6431209180441175,0.9340193043921892,0.47638959311773454,1.3499999999999999
0.7991729456787147,0.7134804735193829,0.6951098366461148,0.5226101723861902,-2.0074038304914845,-0.5605074339511511,16.179798416270405,-8.122721370012883,5.81596003251028,2.265588348230229,-1.4319534418357431,-2.0492843332400756,3.0209115830815163,-1.835582423962542,-1.528860143182846,10.4648498177136,0.8911260810637133,0.7861538861447754,0.609358072490622,1.39
0.5085895546016699,0.9409399043598315,0.7105457523846569,0.40584990013244837,-1.9839275131418141,-0.9719026053653272,19.643256954852653,-10.430250379748035,6.058684517155507,6.2716810597324795,-1.431967746165311,-1.7592900684178538,-3.1237889297669024,-3.1751615486724223,-1.334470013387943,8.264005864520382,0.5225576745033652,1.1090710241541246,0.40577325233468137,1.42
0.6959672119749927,0.4696970996518434,0.7647181381502143,0.3670609680234149,-1.5572658713902792,-0.48691109004505584,17.798312706846662,-8.5003733702064,5.136037646369725,5.851808241601564,-1.1468038878727012,-2.037652251989857,3.283505764937988,-3.2944011397176007,-1.4228985388945274,13.420568261156061,0.9644684380427349,0.8521794444381023,0.3104191385532414,1.34
0.7500463320952628,0.3769330338205826,0.6985649264634034,0.5089627123989023,-2.3718352664613724,0.05283924660820974,18.89648611533542,-3.3103011243723515,6.05048367862232,6.616045701592863,-0.7647040489031214,-1.851510976705316,5.81670264317976,-3.4161894407463698,-0.313380097951315,9.67330966775153,0.9582098367544521,0.9287908254818775,0.6397065029483183,1.4
0.6256028284800018,0.4215730669336625,0.5855454327204279,0.529968403772612,-1.5749051024904415,-0.04885084414515567,19.9184960825117,-6.065929490709977,5.549805655502171,6.7132701430595,-1.4093693229322968,-1.942200916701807,4.701593601066338,-4.23037471555092,-0.8096134550010206,10.266016497832748,0.7774438953864976,0.9799368382213425,0.2990993924029187,1.41
0.755567284609502,0.5670537312261842,0.7190695059609454,0.43739073395338146,-0.9489512592826826,-0.5127258078796514,20.110323058010486,-9.516752331638505,5.968655182984257,2.39371442504552,-1.2717679782436648,-1.9123862889959984,5.920510966857412,-2.607161927437583,-1.8128348185835381,7.487215016342945,0.7822952014183602,0.96847663864618,0.3885959285674018,1.35
0.372953609793487,0.6055283162905889,0.6916986803769314,0.6118376989509223,-2.084512662458919,0.16240291169691903,18.499553774412902,-5.362640472086305,7.197825782647109,5.576919857426009,-1.1517147404638273,-2.062469678139392,6.468778152401806,-5.504763460229691,-0.783778872291113,9.97713629544248,0.5812018114734938,1.055605864699786,0.5335221763109944,1.38
0.6897476480039446,1.000328649995675,0.6182483716743086,0.658538957802987,-1.6031034741628822,0.18052814562947586,16.921518127909685,-3.756472022995436,5.8988860477697616,6.845758286047332,-0.9854382815692622,-1.974031319588281,6.570357011994059,-4.842342057467718,-0.31609992843513507,9.696011914991491,1.0967469951844944,0.9622739806633204,0.7821100795756141,1.3900000000000001
0.5814170325178241,0.8503803370309732,0.7263410884848074,0.6008294180403951,-1.4054929857617713,0.12421300134488256,19.20263802047036,-9.23484587138227,6.192854791445406,5.863573656079267,-1.5610416579853217,-2.146999126609388,8.398016490310688,-5.8530414729362485,-1.3336158721004263,9.316398103738443,0.7500748941100931,0.5815765200561803,0.5685902449418424,1.42
0.7749669903104136,0.9383500221102911,0.6702345321891927,0.5392346791795263,-2.1726231037971306,-0.24643668175257938,17.545225620051927,-11.642309043484554,6.002422544142896,5.329339937171771,-1.778436984164871,-1.9790624055490997,9.563181323141983,-1.7170711605439866,-1.2277862801598274,9.16897866546109,0.38806814826977476,0.9041857941801696,0.5940705160775573,1.3900000000000001
0.6000700076819406,0.7732120659162809,0.7083668819591178,0.32213456261611517,-2.0631401125832083,-2.879972794106806,22.2216345447261,-6.9139608929077525,5.691989690777958,6.125379129699734,-0.9007877648018299,-1.379459375185264,7.783705238627874,-3.98198488873944,-1.1192367602641549,9.64646814963828,0.48193438410433387,0.9370994193577094,0.40376485774046456,1.4100000000000001
0.773612248173744,0.4607560467506493,0.7052915781298136,0.617695254714454,-2.1526969283702893,-0.11593389711361479,14.766722082789837,-11.312848793436876,6.226442967870925,5.688661980293615,-1.2428108140790202,-1.6240129523718196,1.9106077398352372,-2.5972348380914494,-1.1942309597738436,8.478288149223413,0.854912753419357,1.1296453785688867,0.44393736060092825,1.3900000000000001
0.5371554976819295,0.7053548834734584,0.7828160584608398,0.3028483378256991,-2.0766249066855536,0.09394751218790198,19.61648690338527,-11.963707986254754,6.018713445746933,2.8997089836827996,-1.2825552179615247,-1.943180573355766,6.712851353238591,-1.2834718913254135,-1.639674926336756,11.24559998422926,0.3939826921329146,1.159832291676772,0.4402807688832451,1.29
0.7823307660267821,0.3491706381447738,0.42475029984880786,0.4567310684611845,-0.589790456399429,0.47195004596881546,20.92347720775669,-10.088989312397647,5.362143912241023,7.314154899178324,-1.2866590599154082,-2.1462965492086683,9.227649517392004,-5.891799618899676,-0.6478429035554301,9.247349958160862,0.9837985099510991,0.8596144608469924,0.8254430176977267,1.38
0.7947496192417803,0.5270890718044239,0.5632958864804747,0.5343188320087588,-2.436984325150097,-0.2733883707486163,16.599983952088145,-9.824536495148585,5.9362891650416225,4.999571040059531,-1.4091753597581227,-2.1396898202908963,2.1508353795408364,-3.195414602490686,-1.048250476833544,9.35245267314206,0.3499680195194193,0.9393840503445201,0.9791730184510936,1.3199999999999998
0.4808612658100346,0.6919081586606194,0.7810332897602097,0.6294115646787688,-1.5508649810639905,-2.8374416778898315,22.3731785245299,-8.663096997158133,5.844561597840335,4.920663844186118,-1.6606463006259229,-0.535338468307363,2.999103242603038,-3.447526016776347,-1.8505407771343492,11.678698369015015,0.676030617543508,1.017707980253795,0.3692802144636018,1.42
0.7101824043811512,0.4769049455391952,0.7700161687062349,0.2588999776232185,-2.043460896397719,-1.7679867841841934,12.034288954438152,-10.063574418220737,5.92750177336066,3.935993736417272,-1.0173592075606361,-1.50381728953099,7.824849439305678,-1.5687371426675631,-1.678399005073972,7.351486101095253,0.6171572848114318,1.1276321515868717,0.39755939575800453,1.37
0.6876526153002002,0.2172824453074496,0.6908895052356966,0.5240956679851088,-1.0424176869683395,-2.530319374526404,17.378127292137183,-10.329205654798677,5.061876761694237,7.645370777641258,-1.3794712541655532,-1.4997870429961846,-0.5056103170719595,-2.7339276274158446,-1.9099221910120434,13.054673856735086,0.8038418645535291,0.9199259904432067,0.29417998914885063,1.4100000000000001
0.7882004071874176,0.932470686617389,0.7828357370661662,0.3427967251624614,-1.746801512491993,-0.49507783959920343,15.016176068417465,-11.225792942866864,6.268639313429135,7.261725037078223,-1.6915009397611256,-1.8447812377097719,7.977516901797339,-2.600798907902967,-1.3287018169193796,8.130693669797898,0.5404246209737594,0.8275827309581901,0.3614027956304766,1.3399999999999999
0.5458708983557318,0.6290412051460663,0.7519628382151354,0.4475745041147131,-0.8872599415431395,-0.2970088965618233,16.939331700982155,-7.32380426331491,6.042505441465422,2.787860693935197,-1.5946631153359176,-2.048417797412084,7.0392989606654615,-5.360167213043175,-1.214254522469072,12.97167270716445,0.527461207966566,0.9689325898029515,0.3235770092045776,1.4
0.6569775332991632,1.048695001233881,0.6681205348190487,0.5034133999982747,-0.9903923929217325,-1.6633078711843605,20.414482194462032,-6.9322737876786125,5.760469038673014,3.972029016423108,-1.6878836017446748,-1.289153932640557,-3.21825224503314,-3.710148810951237,-1.3554575705391545,7.871478736992889,0.5497832023313252,1.1674996905041373,0.5466049895576135,1.33
0.5790526716540012,1.034807112733376,0.5914029184026505,0.31382819261953626,-0.6511111951485042,-0.3498590098422866,18.19132784172627,-10.517960239179537,5.644611249639031,3.0523890206162805,-1.5530469129399078,-1.9809151117054147,6.332677449422612,-1.6396676748828678,-1.4652293039224433,11.321891275617178,1.1050082661607041,0.8104771949389089,0.6594869272854101,1.3599999999999999
0.730718389398036,0.8472165248087448,0.6929561342463378,0.5357133259906293,-2.254882886309575,-0.31044385185197143,19.890156221401682,-10.935240507987755,5.477799710452429,4.11285254791164,-0.9802719920428572,-1.747351896446897,4.032525241295727,-1.538187432258443,-1.559683494661955,12.730079787918942,0.8663011591814384,1.028457928764595,0.6276944486480366,1.4
0.392014568202586,0.7225025190853803,0.7564615214070898,0.6959461332422273,-1.1644736639634816,-0.9728743047305417,18.536197717224095,-10.278663908218448,5.350401452414253,3.590117038587183,-1.3690124620652613,-1.9949808625479772,7.72574801546889,-1.9341164112748375,-1.8049012996339426,7.484687164165409,0.7565434115962149,0.7370054909479957,0.3039611023111952,1.41
0.4116499736680054,0.7845291663746243,0.6467639510689176,0.7359672751881898,-1.8820034241796153,-0.07815677126066045,19.3026681866627,-6.5866523543561994,5.9970002127294855,2.4381059039103254,-1.3356708387182543,-2.130301759925083,6.153676064612082,-3.682659896650513,-1.7267713374877645,11.623369804702213,0.43763827122534993,1.083649258360137,0.3875517438230686,1.39
0.48719545863656116,0.9575772825211395,0.6728514579366811,0.47260163825893814,-1.8359769053157673,-0.43883948186911126,17.096058720622874,-11.542714127072351,5.915994912007726,4.703225124021565,-1.1028257474382241,-1.8990518441098563,8.560169085803038,-1.4792076372381548,-1.2988251681391159,7.837524380135872,0.6591544909743057,1.0937024530020407,0.5895579247549558,1.4100000000000001
0.7560518799773003,1.0413652954115924,0.5207712642279569,0.5141988057552529,-2.028326630539327,0.10544936216291502,22.811969328363034,-9.71188663059571,6.145105195127643,7.710721175135843,-1.4263433069236222,-2.1012366112189427,6.4785973385752245,-4.505915937721408,-0.7792903014650419,8.382106595673868,0.41344474161222966,0.764609304909212,0.7869674251805253,1.3599999999999999
0.79202816891737,0.3145761151207437,0.7217539645988089,0.6886100880588618,-1.8657589764449476,-2.289029170493207,21.29257793811768,-8.450349185301533,5.379356699006336,3.598879677905215,-0.9896006759663122,-1.9007718501497264,3.3030693459021165,-2.7030866178898982,-1.5432839141590062,7.127580060615399,0.4050500577930644,0.8976693157924232,0.49925936673098514,1.39
0.5144253816434966,0.7928808680389501,0.6288267984200197,0.4964099555397081,-1.2789808711473187,0.01946652719709574,20.33744518973136,-7.749856875000939,5.400170756574166,2.6057413236478095,-1.6126446287123886,-1.8442806497668969,6.2130601016424585,-4.03909235783832,-1.8639475136767076,10.616688211760302,0.6885662661687302,1.0539466885215785,0.20228952794709767,1.2799999999999998
0.5887546176718996,0.5956047328853133,0.521825806429465,0.7191746604130611,-1.5026786111381187,-0.2717340286869822,19.54526842228016,-8.938134272936926,5.686331428973457,5.626345012609731,-1.5508266068652619,-2.022973041449569,4.062445654755988,-5.640372179373514,-1.0145621640118059,9.581968845661823,0.5631943702995704,0.944059962366832,0.487230241233878,1.42
0.6725689995418922,0.23403511922113868,0.6858036367484293,0.61413255990311,-2.1029484565939525,-0.22844571202883163,18.598517147643495,-7.890757102141645,5.477995105894473,5.823529229746727,-1.7867152240918585,-1.894807997625342,4.436574202561279,-2.7799611812976543,-1.9934866312957222,9.783553434262327,0.6505935354612857,0.9345613215379038,0.24544924782897456,1.3499999999999999
0.749736944580914,0.5938965586696825,0.651857784636368,0.7380410540256118,-1.3929326613125,-0.020292778080472362,19.990371623505318,-11.422643675052925,5.833755467482833,5.812980608282563,-1.3173647596892994,-1.8757709811384147,4.061620150899145,-6.947364964472062,-0.9789745394340554,9.105643374921984,0.6346703541595221,0.7568302948006362,0.7927036951160157,1.4099999999999997
0.7567101457948824,0.36560776953143825,0.6390875802196622,0.6783023670621885,-1.7802234436337812,-0.2554808637402884,22.277350977145023,-7.86613403827737,5.464446359864584,4.849004888915592,-0.8887020170525914,-2.137084328475483,2.9597769282608732,-4.111708568104459,-1.0157281651054153,9.026054351482165,0.7232833978799914,0.8360164761735865,1.07309426330523,1.39
0.5523325270493006,0.5354618728764002,0.6928310192620966,0.38347416459652883,-1.6001893340884532,-0.1958698159295857,19.803051303956238,-9.29532832772228,6.325201368824855,4.845146947850722,-1.2115693928525075,-2.02765286162527,5.533335567732907,-3.5626342937336393,-1.386964466501118,11.761508233419384,0.9993739404518627,0.87359851420862,0.5737690570800311,1.41
0.6714937811883422,0.5596458983594058,0.731646133541842,0.7006041409163712,-1.6463575546259692,-0.44039140068809085,15.616996890245368,-8.966934999058386,5.426621165849005,5.1452856335521595,-1.6007218253809032,-1.5171602345933322,8.326500258156015,-2.921302298666473,-1.7984602692124003,10.830926701875333,1.0544661169578944,0.9425992181162498,0.4200896036586135,1.4100000000000001
0.7644245112050466,0.6012878887733816,0.7928522149216253,0.7078917392071051,-1.8923493828709543,-0.15406750331911007,16.035300372233003,-11.91391582604855,6.91864761041552,5.0601454460914415,-1.8942408933088273,-1.7855820178196393,1.873721160868501,-2.886124315574341,-1.0052950481176275,8.687166736454504,0.7429937487820959,0.9716035526999688,0.7096580314764273,1.3900000000000001
0.551789925577856,0.3364278446279567,0.726146343997072,0.47646871186950146,-2.303004855494425,0.03318057968669332,17.0366655055022,-9.213403894969995,5.527599016621563,6.950097016011999,-0.9967505566360741,-2.1449060967506233,6.181895261757729,-2.6523304085703847,-1.9048666469506643,10.351107730587076,0.5578938748739448,1.1445087919156824,0.23365971272830593,1.29
0.4985689880305258,0.7627262706626081,0.7961267451349002,0.6240427921263101,-1.050087922816171,-1.0635819631159735,18.10531966650713,-9.061794376956907,5.145898359491356,7.103202148808984,-1.7618785616435477,-1.4140325076671378,3.7281509238040567,-2.8677150260743938,-1.1425539300975627,8.71510631073063,0.8261636330154102,0.8816843628321389,0.32077313405236374,1.42
0.7383514343743273,0.5225095025146411,0.5881590466921083,0.5544515786332153,-1.0404382920137336,0.11558155201644763,17.207990264087673,-8.72380551398872,5.331075875330179,7.264420625744974,-1.337121558535678,-1.9741578779344953,8.833128305137596,-4.1798015545997815,-1.6374120766054783,10.011625242724058,0.6676149192278561,1.0972046404487321,0.27100030219082744,1.38
0.5680569476849834,1.0371349421762008,0.7492060466927193,0.283796025324901,-1.6409019570097898,0.22772886432644424,17.39625346170896,-7.617361377648346,6.059893665963051,6.772200532010647,-1.9964436842193463,-1.9191914500285905,9.561831773919653,-3.682610513494072,-0.8611270666621659,9.934913977584696,1.0644029712872778,0.6247247622053362,0.4253436950909488,1.1999999999999997
0.5738574657968356,0.3895484396601479,0.708691536454425,0.5739392973611792,-2.1595677810537097,0.050584175176208834,21.332969515532216,-6.826321357855193,5.459439109007004,3.3304218646545354,-1.971116012806133,-1.837981255267976,8.313385485555848,-4.533565134722425,-1.0246404523311314,9.588838565229175,1.1851185644200026,0.5213338856127034,0.3809525523052106,1.23
0.6884746868040589,0.8064669790188956,0.7730995720086477,0.779276017585518,-1.8362880494264782,-1.246838646979264,20.066300161057317,-7.906286017436965,6.082633801041021,2.822619260775589,-1.6144405060301912,-1.3668036228086828,6.507593712524377,-2.533323243800736,-1.3518334853805392,10.443672252119141,0.6271816375450341,0.7573643802703471,0.6912617964987957,1.41
0.7129045822719249,0.9641031979042127,0.7506411958719518,0.5465015592610921,-2.3863016079692643,-0.06196441844108158,22.427939783696175,-10.314511359089256,6.313742009373885,5.950941448428325,-1.146529539820324,-1.9383092688408852,9.279163706237714,-3.7792148045260636,-1.5236634650992023,11.40232601603834,0.7249255976304139,0.5943053209458935,0.4348628646238019,1.42
0.6664599276602889,0.6424149120727257,0.7558554780289614,0.5101802115891079,-0.5971491410017621,-0.3568234222465509,15.208338527117926,-11.189855879488356,5.043316359311126,4.016331725240721,-1.4610536128851255,-2.138668911946496,7.115446114361893,-3.10842493460094,-1.9183237052485638,9.685453065335537,1.0956268509343612,0.8427808826374581,0.28836008060163043,1.3199999999999998
0.5495917852853365,0.6288891394891276,0.6604781763034492,0.7407153519116839,-0.5688666627420933,-0.07310783242185437,21.050320370855488,-5.120387364042566,5.500430765929853,5.409084833651988,-1.6113864624482985,-1.9298067123604967,3.8138631315479032,-4.5643443936827115,-1.4517646081950186,9.15404006370538,0.7062280979926645,1.0634442057515192,0.357230032603272,1.4
0.43927386404346264,0.43054158861170994,0.693174881697479,0.6464103758892357,-1.890329900213803,0.10734163891315007,17.895258947382093,-4.121497348201041,5.68417357470339,6.589793887958817,-1.9581350518864586,-1.9685320227602754,8.73756025783205,-4.329123135394246,-1.133335283265105,7.448486512069862,0.4582452999634755,0.9902897389443076,0.4455612032497139,1.32
0.49896737793105844,0.7981858311965772,0.7262798639783904,0.7184683275673058,-1.260648996294524,0.18135241319081802,22.528782207003168,-8.422140496510103,6.870831511244686,5.101559204520691,-1.8199875662004295,-1.8734614746094373,9.70281973554874,-6.241982259651959,-0.43474085155676634,9.631793865650419,0.6121738020249162,0.6871699348534117,0.49325837016508284,1.41
0.7875670377935395,0.49732008350462675,0.740702715689874,0.675020585688048,-0.6173144118353993,-0.47457949151212153,16.767399643663715,-8.862928654526941,5.8298767270958365,7.453830943087281,-1.5031410654308934,-2.108449935903671,1.4674693101731977,-1.9307838298868945,-0.9472099710055029,6.623820770819508,0.9282297952355059,1.031453567972999,0.5972700850118726,1.4
0.775417722975749,0.5447086783116784,0.7284566832154924,0.264822883475004,-2.1795141935548124,-0.2712385085913753,18.572075960796873,-8.516590865656056,5.482684170630631,6.848130359008634,-1.6785460538859969,-1.6875212174332712,6.315688736638577,-4.574825564699775,-1.6966261773838611,12.35533789844871,0.6243514094639584,0.8767792980948874,0.38120312959503305,1.4
0.6962738977669142,0.7706576905429615,0.7442139416777206,0.4295101879820369,-0.9053624955487256,-0.8848268868786865,20.122178208575708,-8.525576009381647,5.633787412317059,4.205300847297934,-1.6358962106920465,-1.9820417139750401,2.6068212557177044,-2.379680976325986,-1.5996089095104595,9.543647372111854,0.37901430841054445,1.073403208159215,0.43924361009895957,1.42
0.6071214687766643,0.7560231795204432,0.6715688861619531,0.3240021050484525,-1.0079341544809177,-0.476433579614284,21.113791299533656,-11.498003453444493,5.9664747714788176,5.904207111967986,-1.819735927430795,-1.8938462501703395,0.5785792566743777,-2.4209704017881677,-1.477969935782931,10.495384407808316,0.7639627991159414,0.8655240891257094,0.39203603255720115,1.23
0.7447047472571241,0.6875811656846286,0.7210544313064601,0.6955298985542555,-1.1253851128361234,-0.6795729926421252,19.96269371100111,-10.847689203438392,5.070330559465264,6.833970436513486,-1.7410648331335914,-1.806336135461376,3.4726483210575116,-2.9919467413393703,-1.4280637502030042,7.624400735475611,0.382184182699002,0.9243685543693492,0.38157144474166904,1.4
0.697666070564923,0.7906986030035126,0.5311806198042291,0.5146784490457239,-2.31422738903579,0.13501004336478048,20.98038515812202,-9.177904884009239,5.318150680590291,6.384233036911164,-0.5509457404259782,-2.191305956957265,9.442553643437083,-3.48987883684408,-1.5914681715909065,11.298616716763727,1.1090648023424108,0.676834157822281,0.5008476257954172,1.4000000000000001
0.7365438149292174,0.5262511699884735,0.7595410034923983,0.5924495189314298,-1.9685144877416785,-1.1243496146337981,17.19588111560239,-6.344277618140392,5.8493439234617846,4.570852874049149,-0.8499649317716712,-2.174722077734617,7.578072698876476,-5.259716862374806,-1.375932961562539,9.027815960573013,0.7187058218229543,0.8231420063734557,0.2615032925446994,1.42
0.6699903580576294,0.8721168565723496,0.5565091893065148,0.6754889217226029,-2.1961070222961725,0.24316650625308348,22.534125517815777,-11.048304838771578,6.192957543238618,5.105775970035062,-1.628830377668952,-2.060791657228498,9.843103227270237,-2.4802759498944065,-1.1213351571618062,9.283710903879916,0.5399914245650146,0.6222821339754734,0.41445448551094627,1.31
0.5207151524963547,1.0067405936148788,0.6895623118921402,0.5886169697802677,-1.0613558759229247,0.1076863012944223,17.90670429058121,-8.508975536762083,6.244988060300825,5.6974788702151935,-1.2568709968790865,-1.9434552290173643,4.556541525062861,-3.1708550220485883,-1.5399821866252097,9.747677559621545,1.163657238912913,0.8028271441491729,0.5630938502274024,1.41
0.7032596114360271,0.6029422471369201,0.5842521682666639,0.7287497535167975,-1.2126422232051532,-0.2510485760266813,16.840789455454075,-10.318749211836248,5.778476572827116,7.759509879345264,-1.561808992591177,-2.143866730727491,2.121651518801586,-7.552463883734649,-0.7398789764358116,7.142353776944325,0.4318451285275988,0.8409665101487744,0.6614417341649512,1.29
0.5408646323877359,0.904810197016092,0.7939082787349047,0.3113519918870535,-1.7135812076191979,-1.7377075339952917,22.46317321800435,-9.729390371774205,5.665833419231571,4.416874057005823,-1.6027276846051968,-1.2260948048016858,0.45789128393515677,-3.457628597108939,-1.5769952427792446,8.335287844815804,0.7060328979815764,0.7815316053571739,0.3890333761400496,1.42
0.5937249431196554,0.3039752001466909,0.6975396555891394,0.7412924211421429,-1.4340779003977777,-0.11218335271912025,15.82243989214996,-10.81236643990379,5.422354699155056,2.877507484691221,-1.9475716480739698,-1.6427231603349925,4.630124926390162,-1.9343902657645935,-1.5492115448318828,9.330502781374417,0.9315783326993387,0.8817945190140111,0.5314211921822153,1.11
0.7996093285678985,0.9452128338363172,0.7941966890775317,0.6763104349440726,-2.352311276461038,0.21358075444462288,20.221809862653764,-9.595885111620294,7.202955018286898,6.973831246090061,-1.5206573386641262,-1.5774339769393766,8.075099443935201,-5.1332395238988,-1.3344501755571136,8.096135233021801,0.9102979748438493,0.638116448409286,0.4336537939158096,1.2999999999999998
0.6817840625203502,0.9668130396948196,0.7530562669141837,0.6708987210180258,-0.4476468854219756,-0.6232559723762561,19.148371696734245,-8.012822252438124,5.531416601681879,2.3589238680630085,-1.5567542206188358,-2.005581958891354,0.8631555262043311,-3.246215266109467,-1.560023834521296,9.314857424740852,0.915410088616858,0.8501857403874276,0.5247398155624287,1.41
0.7285200687230575,0.6923042823833394,0.744541398207203,0.4543287068699446,-2.0091108518023546,-0.2843713515732649,18.702139077174902,-6.173499022176948,6.8254401631031145,5.940087275121739,-1.051665696332634,-2.045070546601172,3.678904196162006,-5.266440586612983,-0.7973559450350676,10.086460785391484,0.8111794901730209,0.8960897961001352,0.22467614061244126,1.3699999999999999
0.7642258335688502,0.6004041165589202,0.7425684028089716,0.6316826329274744,-2.4289503338033023,-0.2339932404765558,16.42803444768605,-10.770078951120851,6.033977805492965,4.52267369341574,-1.0286570010619553,-1.8373729012974938,3.8989971030976527,-3.415046857919603,-1.7796865403380546,9.2908954980513,0.9109964910026642,0.7928084260741716,0.39931006993005846,1.3199999999999998
0.2996284302782825,0.916680479752533,0.5754255177849293,0.4191450890868662,-0.6640197658682967,-0.04995853324718236,21.540547640887905,-6.934223231765571,5.1958823056517565,7.948116443644778,-1.6233820411773652,-1.9200880599885133,7.78262334447552,-3.8688519268099264,-0.9372318617622195,7.895079715743167,1.0702103502948188,0.7855731289026852,0.6840428215417129,1.39
0.6360824008410046,0.33627713876017695,0.6178680343879895,0.4178197615129359,-1.4824712747821134,-0.4700438504365744,17.23604849737938,-11.948102897228573,6.064024981478189,5.715648348350141,-1.6712525199175388,-2.0245023546485736,3.520332309735431,-1.0585319016787769,-1.21906216161694,10.294127364107199,0.7124345645872776,0.8219629023770253,0.9182994563048956,1.42
0.6104339437040109,0.5216116883595145,0.7268742387130693,0.5997358195835836,-2.2754583190488327,-1.0047713334176667,14.937294400175784,-10.015567078550099,5.301244945135294,5.695582862184257,-1.5931021559299068,-1.8072923695888388,7.679887798773503,-2.6328952439072038,-1.836491030171375,10.517209035186672,0.5311403559821046,0.760030989292289,0.33691929720229297,1.37
0.5951181102499326,0.39744042010285485,0.7783299991178338,0.21737017109158535,-2.0803111566781136,-2.1213097805104555,10.17587097091377,-11.4047576329123,5.629504403300385,5.913375468810507,-1.473861798064453,-1.8586273943537888,8.607373683299553,-1.770056782539497,-1.340832243141428,13.894622624488788,1.1139559878949532,0.6008606608373326,0.529517311070081,1.41
0.6983926077652707,0.4095663317389727,0.7216984534574162,0.3796253196450744,-1.5876295887539718,-0.6623600685806422,21.67239313348861,-10.727852288996043,5.508896674655745,3.873046867087603,-1.6743629608865778,-2.1815055781921107,2.7953341334169663,-2.125138347577736,-1.7797759725366513,6.483994378910209,0.6713103870896621,0.5954687694294649,0.3299995356578058,1.2600000000000002
0.36169831921598433,0.6821819046455617,0.5287059270587267,0.6355841564537266,-0.6995058689097471,0.25757753331883204,18.821926726664394,-10.285907065714987,5.714099284532352,5.578400335978894,-1.6332418904044466,-1.8634818008700422,7.704332792217901,-5.094528395012348,-1.0694637836932457,8.85077763369832,1.163575019236565,0.9255663346211755,0.38500721069144267,1.35
0.6000869716748501,0.8154660853619939,0.6387073357368496,0.38879128041714117,-2.278905214967856,-0.04810452798516936,22.939007757523882,-8.923700029901836,5.877430422227384,5.38055372117031,-1.6006674852183862,-1.7651483536286754,5.795752328015336,-4.13908471528593,-1.4379246103332546,9.839788838445083,0.6030108694292559,0.5655877378016642,0.5580480906114925,1.3499999999999999
0.2583774933534034,0.5166852330439015,0.7234762477001174,0.6822470871601211,-1.8585829981868764,-1.643265501872858,14.266458765698998,-10.820373783573013,5.706448254313954,7.637225524855866,-1.2454393530282053,-1.8494890888564042,8.570231368984222,-4.360094116174351,-1.3886787865662837,12.977221119243875,0.7312730380276138,0.6551447668275904,0.4989374790852506,1.3900000000000001
0.7723198321877349,0.24379263961281245,0.6297310470321636,0.5775742107948584,-0.9201582168616768,-0.2471402430378592,17.871885889091597,-8.717283911255182,6.941824239595276,5.065312070117945,-1.8589927009511285,-2.040508067006319,6.276748205060088,-2.4524282408171256,-1.4328694127247505,9.69754912298714,0.4615840154841475,0.9049269349221645,0.6343801920820903,1.3599999999999999
0.6644349411585362,0.6687781323144573,0.797914007478481,0.7353115462865771,-0.9353419124708494,-1.3368264875534313,21.287996237543428,-11.801702547229473,5.30790653546176,3.255124731437274,-1.9394526332319912,-1.3455867740954004,7.80490248416368,-1.9702188776984677,-1.9019882301700008,8.57804298049685,1.192051446198968,0.4790074640852764,0.35018135568150033,1.42
0.7461075854413611,0.543883349131166,0.6067436265640499,0.5670193531400203,-1.1763190535795325,-0.369501862359658,16.994676104538634,-7.186813006520611,5.835282423340132,4.123165082135255,-1.8462938215695506,-1.9871956127749375,1.9793486639622317,-4.666874918179912,-1.6017345289773908,10.076819985147827,0.864798561990964,0.7794489997473155,0.3780108441343132,1.31
0.5659054004391808,0.922641763194636,0.7306085043902045,0.33192066365452183,-1.766604350684326,-0.18535767583628315,21.84698733851413,-9.998476134140008,6.596698066760314,3.4845275786761865,-1.3113476404644557,-1.7845231225830795,4.379790957043246,-2.5200876258103495,-1.3972259573580164,10.753659225284457,0.706319301980043,0.9425759197634485,0.6031675313596535,1.2799999999999998
0.6764959419691355,0.7950643353235134,0.6066568575653709,0.7844571070223301,-1.8005227321429227,-0.4459744707142171,21.765501979408032,-6.144882115777833,5.066228600762473,4.930682864448912,-1.2059707989306805,-1.9570284109998084,6.84341332915767,-4.8845670778517585,-1.53780750526445,7.258281448474552,0.4798731505937346,0.9418245793013975,0.4840515099188336,1.39
0.6075814097869833,0.39308671508366355,0.7841243181091389,0.45232673419629893,-2.488564380444441,-0.5627557973117883,19.93018983774633,-10.606010618243113,5.246746627398704,5.670307929339583,-1.2755868245291944,-1.7198947182534763,3.6885016764664296,-2.4286356065344212,-1.8947143839396106,7.474905374250538,0.7574568659706185,0.7363941475612403,0.4005169767882049,1.41
0.42843498680667563,1.0105411071083616,0.6863433600129417,0.5065735519458403,-1.775938019568651,0.036944363450543076,18.491193517969258,-11.965209979804163,5.010232858600653,6.324089945573669,-1.4622949783547472,-1.969377249150201,5.433852021661979,-1.4378500727278147,-1.8859164827295523,8.376557994382967,0.5594512263289895,1.059640771417413,0.273715362728201,1.3299999999999998
0.49333349122004416,0.7838528228356969,0.7703612962179763,0.40280174693332466,-2.227784423312841,-0.006599558875059364,18.19665005607273,-7.286344740289689,6.813349565719747,5.778808220357429,-1.4106151143184325,-2.121001777656193,5.8866057352723455,-3.6635638027975865,-0.585603744466877,10.737802856371639,0.30906597870165226,0.8502166043966418,0.6379030009934927,1.4
0.36838008028353386,0.5003666399233596,0.7074568599503026,0.4339322291316632,-2.397914516173876,-2.909585216224829,13.223132656977612,-10.097102348119883,5.720288408156047,5.67626527142373,-1.5695939789590314,-0.7983616460146592,6.317599404848787,-3.5232808558517896,-1.6993565207436137,11.129616155280482,1.0181349413550058,0.592467330508175,0.4543758912918059,1.42
0.4316019582771692,0.8571782366419547,0.6312592831117407,0.7660691792569473,-1.5857323503967642,0.23177433950818516,21.815422853080356,-9.051308648307154,6.138744789980306,5.618911570510109,-1.3588319559274338,-2.0566803762863244,9.750235727092024,-2.2393341348713323,-1.0344340858551178,8.482533530596376,1.0481258127510387,0.7840091140919332,0.7987780415007332,1.35
0.36569261111126944,0.539631390404011,0.614220513862135,0.6609518666324712,-2.400196672063863,-0.5260388900167593,20.009416437732998,-3.9377656754843082,5.1112545702012815,2.7069703621372634,-1.5192031925143719,-1.93486796699049,-3.6272743475734295,-5.900709294151231,-1.4953916048212534,9.834107307952902,0.9770480142573222,0.8371630814963502,0.2318085500358298,1.42
0.21627246763655633,0.9571051063618669,0.7736679372690538,0.33589374482277345,-2.150091106513517,0.28851692766896014,17.299040766575658,-8.47535668622796,6.560594274072637,7.102370134376236,-1.6835321806872712,-1.8816138295713905,8.848950584682436,-2.4239770461175683,-0.9099998379540799,10.45841255044119,0.6649793775080544,0.8794146518997962,0.4783622708285187,1.33
0.5270463739163477,0.7321004483327844,0.6769130226958223,0.41091215001768755,-2.4561936815863366,0.02324692306517219,20.775637764063806,-9.553791660989397,5.997677831357949,2.6358417610115725,-1.0349551040537917,-1.7066693653166694,8.693165312474305,-3.779798155803123,-1.0957527229272483,12.685800782644336,0.9886656234933441,0.8184077992372846,0.6464241626207222,1.3299999999999998
0.39308225775783046,0.4910344763400289,0.6543797977526881,0.6840838441670796,-1.7671381610739803,0.32684067293788904,17.3684526361391,-8.67132131226951,6.051484255473059,6.412390002365225,-1.9512154016904446,-2.0312085581447406,7.907458769271891,-4.908901084675144,-1.2258304966132603,9.65668853994257,0.7545797170651148,0.8448812019386521,0.3996930904845597,1.3399999999999999
0.6110356362852307,0.5492316115417807,0.6570599255876138,0.40617914136069777,-1.9688098072856777,-1.6779001953811505,18.46937487539786,-8.05321790845465,5.384843465241681,5.315680624812472,-1.3300432846184778,-1.000515338472546,4.970987427016855,-3.4497700496398997,-1.1658927086615078,6.398136503288227,1.0117055018325136,0.8836258098671519,0.5443172610392004,1.37
0.22727396603721503,1.0282386477289394,0.7672194198091365,0.5713421168851549,-1.7573771752688088,-0.28533729689663156,20.70654075477333,-7.8885203493545095,5.071008617103667,6.805220594909824,-1.8073914445605808,-1.792910319879798,2.4728525838954454,-2.5690389015634185,-1.0935278134214346,7.013164971500768,1.0470040727119705,0.6079216270291766,0.37686830666258625,1.38
0.5881409798402463,0.5796246744922343,0.7193487235406201,0.5221069291668348,-0.626496306480238,-2.3057488643956314,21.293054360765478,-10.348907992118498,5.410118905285025,7.052244947051571,-1.6484538391556818,-1.8052631082823185,3.13930889427147,-3.0834861312915978,-1.8951185516279119,11.088820652573293,0.4713378707383261,0.8728665572057287,0.3852951643378775,1.4
0.5862936028593728,0.6789990396650962,0.5545739737393374,0.7443360876277443,-1.8907295272132836,-0.10911312789802963,22.56291620854467,-7.7346181868496595,5.427102691018906,4.741115017134139,-1.5512286688954045,-1.5834837915497797,5.255689632536566,-3.681863124984821,-1.309536158780825,9.222444536771352,0.7020428939993141,0.7782751584679195,0.7613347045553827,1.35
0.23502418119416796,0.7297687597864247,0.7776350975975829,0.725951661125922,-2.036659854990039,-0.009011788351021843,17.277803865410675,-11.04689791373324,5.783866704823528,3.163499500441696,-1.4840426055337017,-1.8582354877842204,4.759010125007967,-1.8697755579688407,-1.7086286831710302,8.554198660686627,0.9659028382780364,0.9591811073517045,0.5225443150722541,1.31
0.549801509544999,0.5089655588073495,0.6724030194132954,0.7324978962852904,-1.6499342809434099,-0.07584122781640418,20.05810251501883,-3.2950480832750184,5.257707441516064,5.649664429888147,-1.2957303092175096,-2.1590610114645146,3.2908663526959865,-6.843407024167809,-0.3045094147111761,8.667876858527535,0.9703425123082934,0.6862538505704707,0.4717016525555499,1.29
0.3621740367407996,1.0129893624542823,0.7452266674164952,0.42154206093325663,-2.396180723318663,-2.2592440070998108,14.18089820065293,-10.296746992469789,5.349919332562084,6.899784965852728,-1.0349772037054648,-1.3522199377647266,9.210155023369827,-1.7166011539882922,-1.8453437415954657,10.933583061716147,0.4465073725058418,1.1674251144239287,0.47407721111751255,1.3900000000000001
0.6702206412842475,0.8577970208790329,0.7646373596215763,0.5028988042097827,-1.2769182962977454,-0.31347148471105846,20.240640914434298,-11.207495958214901,5.940158431553871,2.634103178807951,-1.337804602254317,-2.129357825895697,2.3989034747831974,-1.3827219544584564,-1.429026918167777,9.651628594127926,0.9445539798694866,0.8652104099199064,0.3938101062300205,1.39
0.6636799029740151,0.41362417684427094,0.7164431298756779,0.4167277035014685,-1.50694679748529,-0.31147452186706737,12.539463688287238,-11.066832838786482,5.22963211919174,7.259376685396894,-1.0689072837056723,-1.8210571716583714,9.20591805962931,-1.7639512155793988,-1.5680800281446219,12.660402032708049,1.0981571749287573,1.0302415061345225,0.5115427678885095,1.42
0.6866302534473961,0.8311719313622575,0.738710643876775,0.7118489327206534,-1.2469033430986287,0.05640788081544182,21.275998415210946,-11.459020550282531,6.851631805253124,6.8465115130894905,-1.3728134360383486,-2.1421859311173,4.397430849954771,-3.9462358130785384,-1.270313907523189,8.362980045598409,0.5607940106926225,0.7541562846884734,0.6747375019620511,1.4
0.7711094035735886,1.0237713993015198,0.6711010633618084,0.4269262802545727,-2.035602642298952,0.4372513449027099,16.069118619672956,-7.935677429489861,6.099488023830519,6.655660389086248,-1.5619624884193613,-1.9351935401299707,8.147409752612951,-3.8056198691500356,-0.8749352833475337,9.6135266996814,0.838649003783418,0.9454819132024298,0.6886396566556057,1.38
0.43648608438760983,0.2706086588326055,0.7734764562889418,0.21041563116131393,-0.789172298253201,-0.5201327414490864,20.52224732879701,-11.620740572032194,6.531185602790044,5.510984118177819,-1.4497518606906432,-2.0465623632563394,9.695502664675455,-2.611594865148454,-1.0599799798733447,10.8155493181558,0.7793037550464678,0.8860189158117476,0.49574234447434373,1.4100000000000001
0.6780969203192608,0.5055900294431801,0.7698382104478917,0.4077372240893085,-2.4514713245577076,0.036746719388784016,20.02648733735585,-6.165472630678652,6.362232731397883,2.6781738738502168,-0.7542625930716151,-1.9525895885854503,5.777999523655784,-2.6756147451318912,-1.1880088256626173,10.939923949758349,0.8180638719358475,0.8774881569957258,0.7358988274815996,1.26
0.4522316005495914,0.8284296838668127,0.6535742077999811,0.6357833634381711,-2.445074696897223,0.13340260183903782,16.52635909427246,-10.345738376127068,5.646441254995885,5.483504807968661,-1.95966347609339,-1.8824938222230962,6.3984408482725135,-2.1137288255768816,-1.6567705627923037,10.514276422689278,1.1890165532101291,0.7465310296854961,0.34274876498401363,1.24
0.7838738793643588,0.4914971096927549,0.6971747873145261,0.4532487182903259,-2.044682822408051,-1.5285842028221588,21.397059512167175,-11.653322321587645,5.398584370200223,4.10251349720848,-0.8284383616584741,-1.774549092686009,2.1826623141975983,-3.2864858085669684,-1.6853849520696664,13.579901607790891,0.7680298109675832,0.7535220844579764,0.34414084819544644,1.41
0.5702579073316792,0.579449596900956,0.7910698774777998,0.4879991353069858,-1.1784768938762469,-0.3040149150571584,19.69743699051647,-11.249767344326044,5.256124452007263,4.317103862965049,-1.465490273143222,-2.1299361960083547,6.1250767081831,-2.224656103046888,-1.4868425384917459,6.550048105483894,0.683596852316788,0.881807935488562,0.2689652364937619,1.41
0.6065722637160029,0.8264559428799445,0.6817240762258348,0.797503285500045,-1.8740420272529956,-0.46443919899975844,22.820634532109686,-6.730224424937836,5.837754689161631,4.5845409943789175,-0.8832820318196122,-1.932636726402555,2.676607625946411,-4.286011986961715,-1.3312232808231603,9.665473063589967,0.9389744749360743,0.9394045942104985,0.3121077024498039,1.38
0.38948499292489236,1.0175124582640906,0.7796983209701261,0.24618689284881484,-1.7637331690803402,-0.408917310779306,21.382588776176174,-10.130103026159476,6.680745318496339,5.656089144625356,-1.6743142761382586,-2.0571501278324007,6.1006353065970345,-3.0009554646893473,-1.7736433723274325,11.216129672363625,0.9292980038784047,0.5118751100752242,0.2697790186533619,1.42
0.6144582687831375,1.0641901787264016,0.6503840861650823,0.6186672334582882,-0.6704188273710345,0.10550416818079045,16.21466059182243,-10.828042302623054,6.082592494711401,5.901205190233677,-1.954224151860753,-1.6885670718854122,8.909008117914373,-1.8910197529112358,-1.5280479420612043,9.373760061486703,0.7896162538706748,0.9344456856842985,0.7268566366287972,1.3900000000000001
0.4205917147176402,0.8920059634663985,0.7271851568344996,0.7521025351565596,-1.848198528131898,-2.442768604633625,21.761911059457972,-8.29174108867526,5.1167633111246476,4.7466485557453995,-0.9005169939218474,-1.5502587747731693,6.205134548535931,-2.9807687418007793,-1.9979345927462109,10.738663989474627,0.6393294444698592,0.951534546740303,0.4078116963841089,1.42
0.7766157559040976,0.3878857988199571,0.6322538462097785,0.6870548371783001,-2.4028496210155468,-0.020414292804994606,20.924811200647035,-10.573131813851242,6.379469755118298,6.743474573005141,-1.7459128259107257,-1.8512179111856317,6.849960836423749,-4.057787992377779,-1.9008618909367923,11.048237630803353,0.8995010586038225,0.5278602457666907,0.24418266779661252,1.38
0.313771655376924,0.4934725444075595,0.7209590794401214,0.5684888331796976,-2.4944234040490847,-1.1769349334181565,21.31746454703841,-11.565009298322307,5.752362168978791,3.856952976844784,-0.6919533469290629,-1.309978724223661,8.41248087509171,-1.3014170124285467,-1.6341065417308374,13.835264853927761,1.1995190660688384,1.0611283924318589,0.5933699684330435,1.38
0.5416890370724444,1.01995197872483,0.7466337551057407,0.5965830896748429,-1.6664122485990982,-0.26395371431372416,20.72370606352214,-11.015229441340958,6.1597436192167425,6.110858811773316,-1.0942380700862964,-1.9758140411670895,8.94620876862413,-1.4116127654452608,-1.6607743014212806,12.878448553948227,0.9257165131320233,0.7916378221031306,0.5916921776557137,1.3699999999999999
0.7598339526751741,0.7238259443386347,0.5384455455885185,0.6551640786496609,-0.6828358414954615,0.08582630155543913,22.965494599724327,-9.238106804884348,5.1654926573865065,6.821309548931061,-1.6294144863907705,-1.7673323144906807,5.260514108083044,-4.385551551194623,-1.1390906413072628,8.38733805064547,1.054147232798576,0.4285768894238745,0.6511792239063297,1.3599999999999999
0.609707321610869,0.7048144974423427,0.7555038017590303,0.7348219378517542,-1.0809385211046671,-0.5018853887108495,19.92954008736171,-10.025150740816775,5.631783196217496,6.719743026528306,-1.6255689249737535,-2.176279397805129,4.596568777636742,-3.335137250362102,-1.9286283843769312,7.404780724927755,0.5012287452049247,0.8603982442126942,0.26580374899145665,1.28
0.4040429175271639,0.23164679048530684,0.7171376878824827,0.37255396855171674,-1.6467801030225424,-0.06428223269266398,17.616962672786936,-10.849386995705675,5.590674150397986,6.968852213222235,-1.6487789375260185,-1.8889205786620091,4.71507709889272,-4.7877733548789925,-1.6790692382084802,9.713739118305254,0.5161444810188982,0.9893491848231348,0.41932437384546717,1.3599999999999999
0.6675820955709004,0.8005317158740148,0.6620098843764344,0.5348759859267218,-1.5601253730956617,-0.3718278310545571,18.774044505420903,-8.398674228320122,5.179810752297959,6.687614372706392,-1.1924497897151707,-2.0732665260526844,6.834423319498344,-3.1881883045965576,-1.7398171594741,9.251598004812818,0.9603772874345305,0.7118028028629759,0.3786488041099167,1.34
0.7972671546009734,0.7519166148533601,0.7806043106149235,0.749268921388929,-1.7077037303193743,-0.15795839770582729,19.431974019270307,-9.766657454942337,7.261349806089845,4.792779934467868,-1.8412359340584104,-1.8074811852254495,6.085075246932701,-4.765455505747794,-0.8538600363677709,8.967886599383823,0.6494702477552757,0.767117566270674,0.7303543430242497,1.3399999999999999
0.509861950072039,0.6686207666710251,0.7412368061033568,0.34561979071987753,-1.5891286829248357,-1.4085777542063835,22.05422524695966,-10.36440057894006,5.407470680584239,2.8585913906717573,-1.8490802292541875,-1.228359811859602,-3.233706511674668,-3.374680464208081,-1.5388561021574487,9.942218431514837,0.7558184787127683,1.05784538688613,0.3739368988239873,1.3199999999999998
0.22912609208782497,0.731595827341692,0.7814447450976422,0.47662564207640207,-2.3860817289684824,-2.513554387855551,20.766009034042916,-8.270773317523222,5.491337073978239,5.291233280548242,-0.6811625537131992,-0.96068471889041,4.363217026471818,-3.716253271927628,-1.62792643341764,6.265284186718168,0.9280585307043094,1.0619019302057726,0.3290921408257849,1.39
0.5629861269905007,0.3825838184534276,0.4414728734312273,0.5516554176775764,-0.22837154222852285,0.15114746402937285,14.988166603938875,-6.396577664483256,5.352003187409108,6.617894077761534,-1.674122836461607,-1.8307487312655513,4.7554220510211,-5.313500945860769,-0.7968779785223408,9.524455437449257,0.8171061778045026,1.1411036273282837,0.7430656976697212,1.2799999999999998
0.784530548438586,0.8528897127314602,0.6027083427872514,0.5744057720129684,-0.6124899652469926,-0.12606968451950679,18.43855566903823,-9.375930505551233,5.536571970127458,5.8292680131057075,-1.3761162099764261,-1.8243720435712227,5.161527379689233,-3.7311850307092755,-1.5855359833134743,9.677586376699512,0.7346144865779025,1.075110489009845,0.32738584882909516,1.42
0.7213769363544827,0.7861994756185311,0.7923600489811873,0.40003402667808763,-0.8710699772823168,-0.5158051582141836,15.600796130353444,-10.445370313963371,7.274966943112884,5.734704911947301,-1.8965958341607143,-2.0281052090006284,4.4702495077718165,-1.4810526007775582,-0.8739297044626251,10.847049352548925,0.6432460218033738,0.8402289327222472,0.6941287492916625,1.4
0.5509557323902863,0.5323749822019045,0.7259007341142062,0.4210023931774247,-0.6471193642419979,-0.4352004240032227,16.99745556951961,-5.22123877540326,5.315508893961568,5.710019552424475,-1.5522205130880855,-1.7965661735753362,4.577275700038834,-4.970779273097669,-1.3776192316194502,13.43087973487844,0.8630935792456854,1.1619081593742597,0.17400459737226887,1.39
0.42589160479874943,1.0423225294120595,0.788406393083686,0.2720600631916917,-2.051506238764345,-0.8411106229494151,20.23780419348075,-9.599222723151192,5.519175606756116,5.147718444816373,-1.2935071506115505,-1.774885105571741,-0.1539808324730525,-2.892822525058058,-1.7023773692589148,10.27576350966985,0.998680775103951,0.7588222877746599,0.3181534902089923,1.4100000000000001
0.614511362013115,0.8216274996104456,0.7922541321181907,0.3733155325030859,-1.9336561001210781,-0.242189107342889,17.11007714464597,-8.729825248208266,6.375035519194647,2.327872533655364,-1.5250505918929684,-1.8465212775164122,8.745960645114597,-2.0395848085427866,-1.9118540305687008,13.200416006536702,0.4540712742280801,1.0703653907825306,0.3567806116838582,1.3299999999999998
0.5113487790225976,0.8173369267221675,0.7622989695258743,0.49738470582653344,-1.1050076083514409,-1.3733849376999143,13.24614743263568,-11.008685061985572,5.255839846408701,6.757012116640729,-1.6017854603067492,-1.4795955262978149,7.134234961105069,-1.2071997960878715,-1.6899486700651778,9.264103841897255,0.6811319162690261,1.0251013500482031,0.36323078908961093,1.3900000000000001
0.41932001348835596,0.5214878600929209,0.7199323605769382,0.5780521547551165,-1.6332471391955772,0.18970033980536483,18.462228357783502,-11.021560313850642,6.8421657951808506,5.595312047311599,-1.3083370056862809,-1.6642901342255083,8.111179249310268,-3.8599725700777023,-0.7356235769596196,9.670772117441853,1.0499026976521493,1.0562385351319152,0.5635858702189578,1.1199999999999997
0.41005982446642575,1.0365942635769096,0.774186839004626,0.6009322260105142,-0.6499037868547157,-0.035037670124814894,19.353625431000097,-3.82582453975545,6.001066748423101,4.440021183897395,-1.486052485105072,-1.9785210215904858,8.209900470838576,-6.054454685096159,-0.67677655022424,10.707830153788297,0.9186043878751747,0.8135555697984312,0.5593213783793701,1.35
0.4363322464876437,0.659641717930445,0.5482427400487137,0.69100041143289,-0.31529791981480193,0.18683265291041173,19.68484772638398,-6.374593445557201,5.637197191306988,5.752692809440328,-1.759738194692386,-2.195217157606686,6.803864410838234,-4.251371226232635,-0.8938923497960467,9.093599507077238,0.3997397886806322,0.8203840007915151,0.5486027491815527,1.21
0.7016152135164262,0.8005623498206083,0.7196664242570185,0.7580699460889484,-1.5520993852654354,0.21000883639344708,18.09857130042702,-4.372588783633518,5.95816834323842,4.001384508115898,-1.9631029709810555,-1.8135488392462784,9.106942141435397,-4.686462349745287,-0.8919669006724884,9.060941360119648,1.1776777560621317,0.7384864248729996,0.4428160926241652,1.3399999999999999
0.4931318435838505,0.4186741392335222,0.7896536117425857,0.65269604274268,-1.4457146592295407,-1.0122100157342728,12.685004567631344,-10.698420008825728,5.224752784911023,4.27610706768636,-1.166925141701693,-1.7535271244093964,8.319019798307847,-1.5681769515375361,-1.8704160131633634,11.157009127290511,1.0039087038932601,1.1019355164213016,0.3231032166677915,1.4
0.4776538985460367,0.7257420381739366,0.7345590453586819,0.37425901538697337,-1.1948414384270927,-1.007084745811855,19.614451420647825,-10.611428496212678,5.8814286563079055,4.827444058006511,-1.353710365218483,-1.6950859305612826,9.302689494473379,-1.634835291454095,-1.520401721967828,9.99713592733949,0.6445737514601032,0.9779626418768064,0.49571133184705546,1.4100000000000001
0.24033138864430417,0.8502672479954075,0.7614119471072148,0.21263800782339753,-0.9130931673916647,-0.26314185669772105,18.08437805759233,-5.902953971188369,5.064285651616211,5.094382657647738,-1.4443645619159804,-1.9168760935440405,9.735276815239816,-4.28454266091792,-1.690529068908354,10.31220777940377,0.6571682457028838,1.110820912515046,0.3122702654791238,1.4
0.6562687376240397,0.8040148633808346,0.602949487542434,0.7728197990512097,-1.604600277529555,-0.1062788673202878,20.12768770661081,-10.375576546500774,5.987369154370835,6.651753257447517,-1.4757580040878577,-2.0847165481756664,4.240808545495737,-2.431372964757033,-1.0956351864158886,7.049478502263477,1.141331639088055,0.734630114297674,0.21093533024410144,1.42
0.4913140187693267,0.6787908680087051,0.6926722362533794,0.32404241342725054,-1.142803843644734,0.045502561935540364,18.945781355368858,-11.014502135626792,5.899208336313365,2.8111327039124894,-1.4184554555191475,-2.172965799159737,8.75896845897816,-2.2343936379327314,-1.3786764622507999,11.319470527342668,1.1692067478859098,0.7842905230933565,0.6086458093126826,1.23
0.3968312324973094,1.0560851524149897,0.7202947681959885,0.6321094711709881,-0.36943111410047247,0.09165859750179095,20.417267544213356,-7.4178821703561315,6.450441067261947,5.772585166639405,-1.9221431058545926,-2.1949608140780548,6.364196097641879,-3.565148406342099,-1.1403998800878559,9.609522234328793,0.8293418186986963,0.7687212392705245,0.35806440708687276,1.1600000000000001
0.26305785630395145,0.38109954240830046,0.6460247608794328,0.5761111224586886,-1.725518371876409,-1.9181434197482707,16.149700626921252,-10.088181085048674,5.244970268869477,3.601842923668749,-1.2505934008338924,-2.0833196119183777,1.9299141834997888,-3.4699172206739473,-1.895758585710851,6.908531040332444,0.6839169376569333,0.7826749982296011,0.30635602690100877,1.3599999999999999
0.7847514215296968,0.9335831802017368,0.7927541524776949,0.7806456988432156,-2.2060965357371796,-0.7464978492873985,20.350331784588214,-10.666631503327899,5.41535024371327,5.356735269707648,-1.3935768958569694,-1.5550156810788276,6.465177546745153,-1.6913039251383086,-1.8715005752519311,10.984249206773107,0.49921980796051507,0.8324584768156944,0.4781619477925111,1.3599999999999999
0.6732834010010158,0.4232208424756997,0.7303404771524661,0.5892770686326603,-0.9183332255427442,-0.250967626972468,17.857704821240752,-7.837990374242674,6.19924976678813,7.018046722054719,-1.8954433138609568,-2.0898885890465366,8.668067985476066,-4.97184665454669,-1.1803986565749403,7.25935635120288,0.4520993616350415,1.0465286129153972,0.3650779522284933,1.42
0.7563852135369264,0.8079453057385984,0.6390563301318676,0.40765146872609626,-1.5117234280124645,-0.2655733673828018,19.932557857794897,-3.6604675980753694,5.583392047845532,3.045943055123602,-1.7846679463195252,-2.032626066333038,7.170365811909712,-4.940929459061522,-0.46121597680768855,10.837590590051157,0.5951962640644934,0.6752024082220139,0.5758475444601723,1.3900000000000001
0.6967410017514457,0.2585659935988915,0.725463317747703,0.5614344843893934,-1.3606811886925687,-1.2334706849536237,17.117198900627724,-7.284194188898338,5.216795676949101,3.185101660418325,-1.5944363055636184,-2.105927482078273,2.5813177772800255,-3.0874551242320565,-1.7449375340979494,10.052322053979271,0.3435186085496998,1.1453954586335828,0.19785524074739488,1.39
0.6103458568478044,0.3365175619517142,0.6899829718277992,0.24530425070514644,-0.7956744996583202,-0.6259262505058493,21.34692109874792,-9.573944790688476,5.377241882962229,5.076400230462343,-1.9417504612375458,-1.7299364307709877,7.322113261360741,-1.9209713651772546,-1.3227724082087549,6.5634672524185955,0.5717292478727214,0.8361622974085666,0.6161172315947459,1.2999999999999998
0.770548016272472,0.6241396578468434,0.7206429653854947,0.7795165244852973,-0.9209104725674241,-0.18117812347441076,21.076767159122078,-7.898029043340314,7.061766427421406,6.482314196898788,-1.4146018959926714,-1.9091022539876215,6.510660805196882,-2.458071906674914,-0.985674495723893,8.365325813278593,0.9104061547603336,0.7997325852668185,0.48192453625435216,1.28
0.675434204522,0.9647673384670429,0.5372603638378056,0.7145298386389303,-2.0422410492435383,0.4368133739189115,19.93045299511543,-10.762397312896638,5.59488903310119,5.969540392440284,-1.5946467910117779,-1.7316621764640243,9.574717212604941,-2.2421146892426584,-1.3655962980873881,8.174043357122489,0.8677647206396794,0.6721259756609576,0.5072831451135926,1.1400000000000001
0.37282534964687775,0.9925280745903737,0.696711917672923,0.6569573247969976,-1.3711258451332065,-0.48097491846165874,19.073590632236918,-0.6524276521805898,5.717149309837665,2.4880462256558076,-1.9220259250556155,-2.003502241419473,-1.236352287109004,-5.411924926143395,0.05911142539714703,9.955828012561621,0.8179954012955617,0.8396967768478122,0.20445228595555315,1.42
0.37275951592555634,0.4063694106807873,0.7527892716730045,0.5929024614697478,-1.069228843276746,-0.9685496355518415,11.132039356372056,-6.459721502771087,5.032736034180019,7.662224894140614,-1.6023211447791783,-1.99612094951329,6.162131989285763,-3.312471054440864,-1.2852441634657836,12.34717509047674,1.0945296837616283,0.885559139143409,0.47860192751991504,1.37
0.5442315927923047,0.4698960226395448,0.7487405213529099,0.7365321526262062,-2.305283038453301,-0.00811386315574214,21.745682518808803,-5.792888988333388,5.5566690177167315,5.748246751218107,-1.85306027098846,-2.081774253723255,5.648817149983152,-4.874012918577384,-1.6084008137087273,9.263400645597008,0.3138287032747198,0.5858713921313715,0.22921099706806514,1.3699999999999999
0.45810162326941734,0.9935276401712522,0.6957806141728602,0.5711149564235833,-1.620134150643428,-0.5097133120096355,22.117448688213745,-11.795605444800444,5.235657866662835,3.6714256949314357,-1.1424710037483825,-1.7751272811637295,9.540058110697942,-1.9037660230648479,-1.7855061109164672,8.377805490829324,0.9295800700791892,0.8470012889683399,0.3381433403264995,1.36
0.4564748677568982,0.9516056701984003,0.7425957403702748,0.5281385136565515,-0.5930726573623577,-2.1339431585114865,22.888021788552976,-11.451012357272003,5.165161700191947,3.709909239510755,-1.7284117675023554,-1.0500963733094621,6.082799809770973,-2.8776497468076476,-1.616518355755363,13.460544352070066,0.5638893099947343,0.9685974242584082,0.4746588616391546,1.4
0.7129884424524657,0.412743648662097,0.7923861677341926,0.4743974610550938,-1.2905085483847547,-0.27152876312144786,15.693545434410419,-6.175660404247651,5.996378943369515,4.330879894560043,-1.2432598256524667,-1.8872572867068873,1.9015081296338794,-4.779389177160249,-1.6896584154774137,9.973874418634267,0.9713402307442147,0.9484200967198053,0.41147072825066144,1.39
0.5583082487445635,1.052525400988202,0.7687906237103965,0.3761854509079034,-1.2824311099439218,-0.3709978909133601,15.479006503895361,-8.690983219143572,6.389727702738123,4.659987961386893,-1.3602502837016812,-2.0877786938250646,6.954215814727252,-2.130585196658252,-1.3141680969737801,12.202352866076914,0.5618195924716369,1.0349717309541733,0.5690598328952747,1.3599999999999999
0.6855028227067701,1.0263461810228434,0.7450990892826093,0.33336887472653687,-0.733549591347079,-0.16583488851323702,21.920964612185752,-6.591106997584646,5.980611408879192,5.550255835523461,-1.512953031393765,-1.9403294773566617,8.490030658557831,-3.1529433481399205,-1.2507649581685536,10.747980518530095,1.0416817381292074,0.7240391573570155,0.5381841684318328,1.23
0.6237084956404538,0.48665948111855284,0.6390268730868004,0.6023261121991024,-1.6753178216392632,0.3805662814427766,20.819837183637404,-9.631687561765649,5.302899752234094,7.292955086490341,-1.726449114904397,-1.9223296474517744,8.26865406114499,-2.825260929972873,-0.9203466312245453,9.33681739526033,0.9112921530639806,0.5958975954783952,0.6548895510874387,1.4
0.6600114251494533,0.5077083083498234,0.7893528625548492,0.45993569901091647,-1.413683360756551,-2.768624517083974,20.247391122457906,-7.656481060203596,5.838936715422622,2.499750577111796,-1.7389961896586574,-0.9388822196534067,5.1988359522847984,-3.4812372233395945,-1.3771689555607303,9.562001124375874,0.40106724867280663,0.9836589829536272,0.35662815858291114,1.33
0.7892185112734091,0.7642705646138788,0.7095156697334636,0.44340893106225243,-1.9876952565334998,-1.2343325146580082,19.340408271257274,-10.843371022820376,5.979444365600876,6.042465710943094,-1.2841251915887417,-1.9764865568353014,-3.4986811589156033,-1.681605094861635,-1.7876726507270897,10.845199483944423,0.43475129674986324,1.145091861154919,0.4027057969318578,1.4
0.498479379448146,0.4986869141796483,0.689929546055181,0.5604882321871586,-2.3354380527647347,-2.7103907688461666,12.248834058989512,-5.843256173155467,5.1629475622143275,4.088755274467145,-1.4774226996764859,-1.2722675210474377,9.985849082038303,-4.394735664173167,-1.0567696172581276,8.190887307598018,0.9911411940639488,0.46773006463291245,0.45807077309417743,1.42
0.7101234994066608,0.29131414772022546,0.5913080327194291,0.6213099709775811,-2.4912994949478002,-0.17311497593655034,16.795834025463282,-9.381310674963002,5.266178243168633,4.8699474219982415,-0.7409878156988468,-2.096697751985785,2.1256255755852225,-4.2107082933568005,-1.7671979392452855,9.487573081346799,0.6577160659151313,0.9652073836727789,0.6191880422500713,1.32
0.7011155940377363,0.8634317363095594,0.7811564903718096,0.5819815079565998,-2.096374703293881,-0.2619413404664479,16.878414827840732,-10.212600412082939,6.555063906009847,5.970125448874311,-1.1777030585088644,-2.131623230252627,5.273699890689329,-1.931059239836431,-1.264972850341106,6.944884071944356,0.9785918331153767,0.7058917864039951,0.45948215355473276,1.4100000000000001
0.65899655342383,0.9594512908682284,0.7666553108322354,0.5478494113351223,-1.9494508821542487,0.3831150161286741,20.998616474070786,-10.541640855486582,7.005386484658538,7.072095215023358,-1.2155372858522169,-1.998114760137835,8.819384247396423,-3.392235220446658,-0.4424723555959593,8.812425556966652,0.6514427437555004,0.6702915174766301,0.45422277408073064,1.41
0.7815872904208037,0.33827813139019147,0.6737412868998452,0.39404159447654896,-1.183126587115593,0.11032903339927694,17.25333981364243,-9.28190962242732,5.904216176445295,6.892950593386879,-1.6343500318887825,-1.924524916199436,4.733077125669007,-3.354692807954824,-1.5258754831838226,10.170040634424746,0.5531434944252535,0.9951906969504162,0.258455977096513,1.3699999999999999
0.6403678707759322,0.6222167484432704,0.6856222586478057,0.3937504133447669,-1.9701382604518458,-0.15123426539684104,14.182152106770491,-2.004844677674695,5.8474275330329375,5.682688722703989,-1.844540166524329,-1.8117749973063935,5.346797372702691,-4.269331258459902,-1.0265829767252768,11.622541250757068,0.7643401119711968,0.9781547097229074,0.3500979312209249,1.3599999999999999
0.3456422747979994,0.606956404101593,0.7657992020521487,0.5859616613357135,-2.0773011747848695,-0.6116057044332335,17.100908804525066,-11.325607950002986,5.54391208253857,3.649672296217958,-1.3448098002714666,-1.649214802852089,6.088538864760825,-1.4153011559706623,-1.9177518057781313,7.428602526648209,0.7587107396966909,1.1049875858537266,0.32619281013224555,1.3800000000000001
0.7451113555228915,0.5416498566131827,0.6888227727653606,0.7649928946731618,-1.5295103870260918,-0.3138520741942889,16.233858136487694,-7.97001926330706,6.2227127554364605,2.504991147553617,-1.7710102889916455,-1.8195300753776043,4.227797333993151,-4.852401510597921,-1.1837551886991138,10.022939243567416,1.079539312665214,0.7310035256991385,0.29434294946413,1.3499999999999999
0.510421017874161,0.24749461599662462,0.7265989169628851,0.3065192496144646,-1.2838902879678393,-0.5129860259095209,21.492166770333235,-10.562495983116303,5.875669037519536,2.3746560457803145,-1.8094245838145018,-2.0700664763350805,6.642867652563936,-2.3828404486818675,-1.428830245778239,6.16390241094427,0.4786166844934413,0.752206555720054,0.4313696582986416,1.29
0.5887264978612519,0.9312069789660736,0.7689648232061196,0.2691906824456418,-2.4590221450216623,-0.40939242274616466,17.53765276097748,-8.680719647559593,6.999267396708066,7.003903664645379,-1.4443512892517003,-1.8447313458019914,4.226152113332173,-2.550135346639451,-0.740489154851957,8.453191346721256,0.6679444695412218,0.8874087404983615,0.9720967483514487,1.42
0.4469837013909897,1.0725758704853927,0.681078662982737,0.75796778120375,-1.8004604109239515,0.01833874733501077,19.216543562722812,-5.837979364373934,7.26519753898935,6.4653075500283474,-1.3489902629320036,-1.6669041145556087,5.711813960167695,-3.6694328696583947,-0.8177593526955901,8.427389443699182,1.1659332570277905,0.989797580469056,0.44074839961001167,1.2999999999999998
0.5317540484723609,0.4985166144696697,0.7928559174400192,0.5515524851107508,-1.8782772247740078,0.044422298268754996,22.002681295072293,-11.722322800968879,6.73786998366069,6.2125752338496,-1.1078379112621894,-1.9599339700006797,7.71819499258794,-1.3133010519785322,-1.4354946361125565,9.221123871971074,0.6243078662308791,0.977028702086277,0.47532627882936385,1.15
0.40013062559982054,0.5399743321478455,0.711914824415717,0.39588156208353964,-1.0394123226647,-2.8554254525361102,22.328532598423493,-8.048285023145697,5.145842046933019,3.641821635795604,-1.2932896719536868,-1.086782996676714,4.42865117412055,-4.709355305369926,-1.8511073836201295,9.031386327701027,1.0981604839321213,0.6085754130540016,0.28943805125185734,1.42
0.744473846838856,1.079535046575865,0.7067964758692936,0.3342789991229297,-2.1577098860533908,-1.4069121969463012,17.512521235319575,-10.199127486442183,5.458283843825131,5.5487419687419015,-1.015996381514872,-1.2474853373891057,5.086724505633323,-2.0936595247784657,-1.5765803248359427,9.287914678338817,0.7069921263512255,1.0142176465599053,0.48693247104748694,1.4100000000000001
0.21909540634735386,0.3176247959889977,0.676208952494092,0.2546248536692103,-1.3711818204659465,-0.03928936818945407,22.952849533421123,-11.13313276459572,5.351921016854566,7.639622124793142,-1.998610058412811,-1.9293663079216887,7.7467485449312035,-2.1060814346523937,-1.85401787783686,7.86430795196492,0.8393386978267048,0.6014012975881579,0.472218741515798,1.3400000000000003
0.7303637466675407,0.4890778983234774,0.7721756834098914,0.35409610541556635,-0.8537581132825158,-1.4584560077468185,21.58755983158246,-9.296681665191292,5.377886802417932,7.550116183455601,-1.3535289981900867,-1.9163831095030655,8.811319171613121,-2.7821853587287855,-1.5120436522109826,8.161450784782287,0.9596811802694161,0.5145692536709848,0.339250508742184,1.38
0.5493731391282587,0.23952125763281426,0.5935273390987937,0.4923583904845801,-1.6156220312122938,-1.8301342813059929,20.0390267026626,-9.347749531591788,5.54217966244026,5.115792422948056,-1.6549194225784332,-1.5607516348102426,9.036070839759883,-4.673296688800135,-1.2658327329162968,7.6282635290207725,0.36390149603062144,0.9706357953360485,0.6256193173496272,1.42
0.5373630975296828,0.6157519895204449,0.5676792686937859,0.7401173826658346,-1.7754153574542901,0.4485196644569539,19.296399114947036,-3.651888393817365,5.822987157823467,6.625857474043774,-1.7089753276427453,-2.086864139013544,8.572337414325663,-5.556924648644437,-0.33190215241409465,8.674099636146384,0.4615471876905789,0.891287446690552,0.21648253239481588,1.17
0.5604895408975767,0.6130068162034052,0.6310690315821184,0.49042269576643893,-0.33300062106781275,0.013882067659182887,20.880198416788982,-11.249276085641611,5.908521132463649,5.350990986453345,-1.9197521354907663,-1.8144010786716878,7.659249784211174,-2.9688847813348125,-1.7351202855025842,8.178463492452906,1.05787791273185,0.7320262066815524,0.3921456065387847,1.4
0.5747881075220378,0.24285651193806151,0.7970273283084822,0.5325395936729241,-1.8772242875197551,-2.4891066793553813,18.73471688955574,-8.844326187043372,5.820869505403074,7.849629207955394,-0.9415990715147676,-1.6046644712810385,0.1922563207269361,-2.1677342620063507,-1.5349862949494493,7.2846609300229055,0.816702121826661,0.8445010853653405,0.47935572452649705,1.3900000000000001
0.589629646949654,0.614102665666915,0.6464619262031229,0.23083479610255964,-2.4471624436646664,-0.3900006228099966,21.876855591662398,-10.963047996099714,5.488421639633837,2.4176109977635356,-1.9153221056323309,-1.5051511028967073,1.7452381519275584,-1.742454066758758,-1.685406348761639,9.72423781575122,0.8421267141108905,0.9501373653385088,0.45523308452078365,1.41
0.6017288798109436,0.8188974954392496,0.6054000798813232,0.4113459571488841,-1.8375301572711515,-0.3794636119853886,13.648734319391597,-7.130722756516947,5.47569328936623,6.276700744436146,-1.8724411756903565,-2.1790796902767853,2.5641829165788126,-7.800650226955921,-1.5545749442531869,10.365295250895764,0.3549904913134573,0.9870583025751619,0.2935315819498124,1.38
0.781919599886787,0.8786833273649958,0.703871309244794,0.26703760689853884,-1.790175843338731,-0.0012674815794597727,21.85335540891827,-9.789534369016211,6.875102416568496,6.338620403694582,-1.6294188373683773,-1.643434611955076,8.911036751222719,-4.0279985902630315,-1.2076357131255944,10.857292519617367,0.8946132660664435,0.5963406224918806,0.4628249402650908,1.3900000000000001
0.43483510464953173,0.8200531597887778,0.7531778504056966,0.5367746081871497,-0.47244634103627225,0.1773895562848007,20.68980229162293,-6.037966759261096,5.988015713328054,5.913197786455569,-1.5338083083531941,-2.1782150834671894,7.274658186774361,-4.476843729253431,-1.2114155414468804,9.561147503541044,0.47469716323972333,1.0573512577367639,0.5061915844365634,1.3599999999999999
0.7383285749648495,0.4401746599748745,0.6703108880731863,0.3062703925707676,-2.184607978620784,-1.48435672127321,21.900196195304627,-10.339475638563815,5.047308942782497,7.41418136444401,-1.847092078977863,-2.00005517246581,-2.0861428088668035,-3.187708981229486,-1.7886207807438355,12.630867268404588,0.4451320667208832,0.7214189149564488,0.34697475516784815,1.42
0.3425200261855139,0.751260765412707,0.6703885269087614,0.7620794531217425,-1.8438345821274815,0.10008775892721739,19.19862826281835,-11.310018854903333,6.8272620952286065,6.193513728738558,-1.6869281518684673,-2.1510744107694864,5.673216799779631,-1.8187008645411564,-1.2845571198976926,7.980709282318866,0.5182063946141996,1.026985192601032,0.1160979427885594,1.3099999999999998
0.4186436571430849,0.2610656335571324,0.7852254001143348,0.7365234024064394,-1.237290235759274,-1.6974090112965219,15.795374613657193,-10.325343748582604,6.16139565348545,5.974287511655734,-1.4626361869080124,-1.5238694537464228,5.814357883269782,-2.5758884458253166,-1.4200041366149905,13.353978100597223,1.0634845571751852,0.658057009646159,0.4088931957519805,1.3599999999999999
0.4364719035574969,0.9398597751401863,0.6706216248717956,0.642170424134784,-1.3060422873610542,0.30553033329512214,22.692277425169127,-9.411491379366286,5.8188520759988,4.8987615465032235,-1.8378316349686434,-1.9544224926022866,9.6633116248366,-1.7790369211193764,-1.0465188517789967,10.128527299293303,0.7238120731451247,0.6239593037514696,1.0553646324284576,1.3199999999999998
0.5221845162265325,0.6903915748325979,0.7284647543639071,0.6467165625780739,-2.2734783077609073,-0.6701987585404157,18.704357735556666,-11.126929163797843,5.7658323906575895,6.762758576200177,-1.5075589793940192,-1.5183404293001501,0.14620735466979418,-3.325300979187884,-1.506341507935779,11.582367759056547,1.078419319414123,1.036787868701392,0.3782840820442638,1.42
0.7061601749892039,0.329673393681941,0.6258414570843001,0.2849883232564913,-2.293335958375619,-0.31485292695943934,21.990029218047606,-4.902057463649646,6.193103369193634,5.323049457939664,-1.868978462885964,-2.0261944642052923,0.9849007063563435,-3.9718329997770057,-1.0268608058418205,10.307636263421985,1.0485695464104932,0.5498380455680522,0.6553902242697836,1.3699999999999999
0.57213387930342,0.69554676571528,0.7647402586363385,0.44266072107724375,-1.1294884205732376,-0.955298978417711,20.13162932785943,-6.967192439962391,6.353053969041837,6.576813290561418,-1.3140682568110367,-1.6218134421001276,9.292069423251306,-3.6701534842351706,-1.342196157510977,9.654500510716275,1.1124082650775704,0.8105062156614907,0.3669152688710609,1.4
0.7334390684226532,0.8367186020260367,0.7757019795376863,0.7432087364738922,-1.6043360807871396,0.0053703655026684505,21.285586145569834,-11.01528746511107,5.330880555416942,4.87439255180531,-1.2480499506152887,-1.8073099437447901,6.531217350292323,-1.0706380817896357,-1.3715940774466562,8.431019889676568,0.8206111311040183,0.8463245319900419,0.8236844390224639,1.4099999999999997
0.690899944236828,0.7823214330738738,0.5610716895678771,0.20465920391062903,-1.0757720402653623,-0.0898496919350309,21.485656413708305,-5.031524431090327,5.012388225498876,5.687522370491864,-1.9720549301466854,-1.9751234628704475,6.764108505758519,-4.478069405783163,-0.9191982597964183,10.80426232440752,0.7433392632667146,0.4575947453302823,0.7058783964367726,1.42
0.6161947321864606,0.4078705252331221,0.46651060663734795,0.27576627409251575,-2.100594710760602,0.020107059942495425,20.04528199680956,-10.499232011089111,5.1136859154766245,3.545310112820423,-0.8406734022053474,-2.1082982402202295,4.907115463526447,-2.1081058330539757,-1.4793808938705952,11.401247725110906,1.1178997148996843,0.8355036798690898,0.8576001263742152,1.3599999999999999
0.3191121116027913,0.4831538646270732,0.6534838458562455,0.5059194591862588,-2.1247181271887965,0.20365059293491328,18.633045776623792,-9.645863598609314,5.968829191758978,4.555483550557006,-1.5417291518805372,-1.6934620041321853,7.121134267434966,-2.829868801572913,-1.6926189862876984,10.008729916581386,1.1232511820175795,0.8935969699180102,0.45220016066308644,1.35
0.5926570225276249,0.9438022592030341,0.5996162981484039,0.41540575019032344,-1.227387615928202,0.009881340653079988,18.782793261579805,-6.434885265865271,6.172747675793075,5.635979581178003,-1.3523573788064422,-1.9734440320530944,3.4408686359544998,-4.250975013256916,-0.5623537447103553,9.79189822152999,1.1990902089949613,0.979289733833766,0.3818532279103797,1.35
0.5879012695867706,0.40925394399222625,0.7197373856180647,0.3521151002580026,-0.571978116659955,0.09132650157341468,18.88050676790933,-11.188729416934216,5.554328948943382,4.353394775496012,-1.5433622828428224,-2.162571759763628,8.245806707119971,-3.0308130699998563,-1.8778640914059834,10.799208133446484,0.9109820772755024,0.9853897884016724,0.29462021426827806,1.1099999999999999
0.7397254560886626,0.5272302526965584,0.4831904349060221,0.7984222850853728,-2.2305144504295473,-0.15655392493299908,15.649899313173604,-2.143715256486849,5.078048805230468,6.629278039857834,-1.8035639316268464,-1.8414925870048482,2.4659692382978973,-4.715232155151357,-1.024009587444119,8.036628461856337,1.0385688409333762,0.7755929103045781,0.230122301248257,1.4
0.713824717042177,1.075685844360231,0.6905035177478761,0.4570030969974616,-2.1967234776533395,-0.7707283313036727,18.849098205460507,-10.762258906939925,5.512822669899271,4.057145892408286,-1.4831494526759683,-2.073544167740493,4.557731827434331,-3.9110023146497546,-1.308913644285203,11.08767532261714,0.3552342481620514,0.6927801719796111,0.6539869315449749,1.41
0.40419454288391654,0.891440192778708,0.7332633850975764,0.7175847158965725,-1.1886081472842605,-0.248408093964317,15.972093793802696,-9.590493931750295,5.604578904403585,2.351627148323101,-1.6225216515869765,-2.160187239234679,4.90605556778198,-2.494742749691651,-1.1972308048955318,7.759890984818829,0.5873812078035677,0.8261872469569601,0.5180241502262533,1.41
0.6930041271058267,1.0962532251051844,0.7391035943056022,0.5157991169900326,-1.5359453961499367,-0.26749064704661485,19.50783072729635,-11.23582039418856,5.5809325127588245,7.287420699317711,-1.3030049747216403,-2.1505567271906165,5.707039018885494,-2.411814232575956,-1.6148402880277577,8.208519574590964,0.5534338902206423,0.9629794903677619,0.3095727561453156,1.26
0.4704994278877199,0.6465932852604632,0.5845754862643795,0.5837546392498394,-1.1624261945165708,0.19058311492391644,22.946104415679045,-5.221240428634968,5.377943700435301,3.833559732333074,-1.2769753762812346,-2.114608958972238,9.800862821401209,-4.33386251253909,-1.1457639745835895,9.377753984583025,0.7900089139815113,0.9292711871004093,0.5206982992935808,1.3900000000000001
0.6309310368344722,0.8373918237215625,0.7009383456232396,0.6024215630681906,-1.8715390730650348,0.01044145205445103,18.062858558420615,-6.219814700696239,7.126933510475789,5.879544311735989,-1.290113157342694,-2.0764638607437895,6.645258083303437,-4.965456639775582,-0.8696228398294563,9.733887406896939,0.6641999562519652,0.9598612851735868,0.4104119437922711,1.27
0.7240411628449293,0.6070031746353519,0.6155669967707554,0.764053141689899,-1.9020591255583432,-0.17574549408064644,18.78332448988129,-6.699915770592847,6.170903770262262,6.251465618858839,-1.4627152795766243,-1.9259933375987535,2.0327635646739957,-3.9332380990672737,-1.2604678769663429,8.804496348097775,0.7792175142334524,0.8528121969708401,0.4340267467089759,1.29
0.6290043017903518,0.4586332009144547,0.7810489360460044,0.35590171135285037,-2.183875731827854,-2.6860154553072433,12.407654391909693,-8.654190449637472,6.1671358711598465,2.014707253912266,-0.811026856924095,-1.22756819308437,6.403731269677815,-2.919547590008661,-1.51803135088515,13.749964042204795,0.9932356660765201,0.9613553675017734,0.42193547418706695,1.4100000000000001
0.6801535358754535,0.8896199195914168,0.6750100769941245,0.6105374714039254,-1.1679096036086636,-0.22787219499813746,14.973453506027575,-9.506050911715398,5.4115083945183065,4.729965616878085,-1.924335777396262,-1.8640771198143156,5.713835678158391,-2.264656936334479,-1.3409267903047541,9.060932345647755,0.9488938790517422,0.7295794945467036,0.49192672714357955,1.23
0.5107164358831219,0.2555088072766246,0.7977161748121514,0.35240552936975145,-1.4062858285122635,-1.3234852724206507,21.36539035249219,-10.496528679881509,5.511221609323741,5.197955830625169,-1.8872876941903765,-1.1581511125741455,6.476349142696678,-2.5551245176607638,-1.7938729203627097,10.586836064807324,1.0558952574826017,0.6647360162279533,0.3076308457326284,1.3399999999999999
0.7069445177310595,0.5502751951954228,0.746533113192181,0.6976970676757543,-0.8311286902886925,-0.30343220859847597,21.28456080647629,-6.79478363667143,6.872287753785099,4.642722757743525,-1.4689247845227604,-2.0474292167804,3.168107279167946,-6.274465181788717,-1.3419661736551727,9.089525268127078,0.39261652882301357,1.0074575938279344,0.5194621590629296,1.42
0.7452190421869102,0.798522626466716,0.54475717950856,0.627531341313118,-0.6843265390355562,-0.27421667089882157,19.634875965530185,-5.52820153635929,5.4476171396193624,4.1777604530422,-1.3047624255853523,-2.0803090958935098,6.989148320161437,-4.189286834998825,-1.3203370300994886,10.013035487893369,0.7502019418112686,0.9606136865800784,0.5572789602384394,1.35
0.7771426710203029,0.41060467594561617,0.6780674869286271,0.37367482875095726,-1.4275688816426466,0.04452646059377252,20.117298477927655,-5.878277925198767,5.047155141200107,4.494728390189531,-1.8602104336024774,-2.0386012826122752,9.576149780663629,-5.340041801229045,-1.0057403185333509,11.085322570792787,0.5969960542772896,0.7571952125420659,0.28771304933353736,1.31
0.44934964213160455,0.4366570120310166,0.7444869442733315,0.6993776908436085,-2.087977846079764,-0.1111241439519084,19.217708767236246,-4.997319114181091,5.122116969242907,4.1916368262286,-1.215349184081159,-2.002482406833914,6.337212782453463,-2.9098806958213963,-1.2344213819662213,9.11705154857231,0.4802918097642388,1.0471407240183233,0.34594389790257296,1.4100000000000001
0.629206783446464,0.6532635362573789,0.7280194254306183,0.6451557653952572,-2.203295551001535,-0.14603418299589083,16.61676680913508,-10.246705024344305,5.5344542855082395,5.6150725843542,-1.607243405533156,-1.776677123568044,3.10090207833542,-1.7109625353647733,-1.6629045263533733,8.122736556439197,0.7083648172275385,0.9883159371640219,0.48054756150858957,1.3
0.6558654509165917,0.618002344959526,0.7568096497604282,0.7779807633246135,-2.3708226328323363,-0.17086140073693423,17.26038261351761,-11.074014076781491,6.613781616891559,4.05644900252676,-1.4928478233416866,-1.8645222087610438,7.405698147085142,-2.4306468188749792,-1.891511047998718,13.692123220985032,0.6633861531279401,0.9844357693850314,0.2904454566112574,1.4000000000000001
0.6961704577418264,1.0000193118718579,0.7908906207968291,0.5958538807765956,-2.2111741072994695,-0.46598420055574313,20.32285100041285,-11.503976004214207,6.284074912818978,6.166477191993383,-1.0419064940698046,-2.0228326178025156,3.3456200642458653,-1.64915553706524,-1.630820133549977,7.785378731958854,1.0855185302520458,0.5909704578651542,0.36876466235871797,1.3699999999999999
0.6245252088897116,0.34435776037694377,0.749842838442269,0.49209457324901285,-0.8394912102549791,-0.5465864622302034,16.499587913898853,-8.224730103181587,7.281338209814443,5.507160544370876,-1.966614982421484,-2.1409559231506017,4.5660476590521295,-4.274101081139155,-1.362665226077145,7.335178295022917,1.026607217884506,0.637913242628766,0.34012515219153977,1.41
0.43260644263417025,0.6650198969155063,0.7264011418602647,0.5333359555237545,-1.6545770564935984,0.051750654028337756,22.13509049918187,-9.068393296358957,6.235201361961447,6.479481638097622,-1.3658993426210178,-2.0309032181597226,7.086480587714896,-2.1028055583590772,-1.344703257710818,7.319711886127662,0.8353410458251622,0.7020672442842929,0.6429761324180814,1.34
0.7393968447318569,0.3436224421429745,0.6827315278154445,0.3476698746609707,-1.0052894839890558,-0.18543383071490444,20.02000413360529,-9.343463027283075,5.23263574876823,5.154307107396109,-1.8100038078802565,-1.9771929999774347,8.816661590471204,-3.803785875874203,-1.5407753552852328,7.395159436598277,0.420583573778685,0.8949559581612099,0.38478181933763317,1.38
0.7114977871820329,0.2967419045655188,0.65613471784168,0.6218674538788596,-1.7010121219432635,0.05749812645905006,18.273871233582955,-6.665113764672258,7.226325585072403,5.2534272561217765,-1.345900424428063,-2.036960558443663,7.819767217501233,-4.6070781453271765,-0.9702652537314989,9.50453699130144,1.0338558777645774,0.6798528072830917,0.5927985500853481,1.3599999999999999
0.6072204424304208,0.6537065307228355,0.7484860774843809,0.41829882779369404,-2.304032702635091,-0.36653738916578216,15.967140907602053,-7.392007152081537,6.355007522472791,3.2748527969103676,-1.594923396053548,-2.1108460755086993,2.870662350732964,-2.990901208495189,-0.9606678629125591,9.885827803922943,0.5871118491215904,1.0128402083122219,0.4074270391536048,1.4
0.666017291030084,0.3022878436680498,0.7970069073129477,0.5880952076840216,-1.441345493127748,-0.4331297036849674,20.878615557955104,-9.524452627125527,6.368111732531404,6.145460913825666,-1.5674098444452722,-1.790070509315076,3.963785205131247,-3.4087906493237923,-1.2477461081306993,7.059112526209037,1.1712314023668196,0.5751809120169474,0.5299126193889663,1.4100000000000001
0.5720896660079372,0.26461156703211225,0.7600090244174643,0.27618018477120826,-2.1571437773371334,-0.21956579542197016,17.805347773897704,-11.98217137446138,5.5854171912377755,4.704430886199201,-1.2896437959062983,-1.9976961846437176,8.003471384108735,-1.9448385144735392,-1.6930936329658937,10.333763545620778,0.3990969338799198,1.0800102521162116,0.48679346886848446,1.27
0.6829216368089303,0.20581795160484223,0.6052903082610629,0.3881407777996854,-2.1738842381807433,0.06545419219210996,22.52114261535552,-10.230883883200764,5.321259211694472,3.24277602169509,-1.5215783798102642,-2.0926176744238005,6.632918318555339,-4.520733892036334,-0.9197042102314886,10.965068349076148,0.813526200421016,0.5319750910384707,0.7685580163151688,1.39
0.5811412604069169,0.5981552243016257,0.7062541433494803,0.7822696873895468,-1.073474830179439,-0.009005574898866664,18.092620036750482,-8.891652877509207,6.326030727802232,3.31296992499286,-1.9921570206108865,-1.7187650251421203,5.56878584181512,-3.5221320191733927,-1.6229295899161333,8.418464314046595,0.6209084019667033,1.0236241581301162,0.4935896871375961,1.39
0.667113730889563,0.25827428144064063,0.7669077711038309,0.6699177713438381,-1.3864044445356554,0.17680887301324483,21.663321841511088,-10.359496476480386,5.373157640148272,4.874448047181168,-1.47065640303191,-2.0598316296358354,8.326797327208116,-2.613752999775865,-1.8323251921887067,10.52687001349084,0.8880586732391909,0.5363319911251352,0.3335650813827931,1.3199999999999998
0.7668983388395458,1.0989152049925108,0.646615159802615,0.39238808795781505,-2.0828940489159002,-0.7911886840963985,18.896470787982707,-7.1988600372466145,5.045722944147249,5.4567189198594885,-1.4618382248706112,-1.9680869030721666,5.173708754938739,-2.7609472271410866,-1.1540541635648778,9.368017514409662,0.3773085913515657,1.0115855663598998,0.49172190465301957,1.4
0.6382088637019196,0.9348570078127281,0.6858828499213487,0.24688306690565806,-1.5071732274336687,-0.4419240861259576,18.439395820240172,-11.753297384621943,5.682771275754612,6.905369668493118,-1.845919788281454,-1.72393876171768,4.782911486414774,-1.0270146323035587,-1.63671163952092,11.918946120542822,0.940601251203684,0.7922178783024749,0.47388086904406884,1.4000000000000001
0.6916961969512552,1.0996137640471935,0.6476913565878397,0.5503527803269127,-2.161564644983745,-0.018427981376517355,15.132853121193401,-11.543452509854752,6.296169645282708,6.6771491201096,-1.4796116151356848,-2.116025414767235,6.6351370102926905,-3.4711111830828365,-1.3108953410529953,11.65761899373729,0.8069476751136954,0.6779997991762483,0.4208959513031344,1.41
0.7496898433774913,0.2069106088393461,0.7470812964008456,0.5849815948773245,-1.513239096443351,-1.8653800554210798,20.459850395614822,-9.03962823036343,5.0199093350868385,7.013430149542641,-1.141419241105132,-1.9201319320351204,4.7259729619414825,-4.1778302005487555,-1.7796158635844872,6.207133015912006,0.48813406750720034,0.8138546290357969,0.3100634770810452,1.42
0.509347672673415,0.9818288933771137,0.7707421460802163,0.7913834182762738,-1.2889916457867865,-1.1027490787878464,16.303621515770917,-10.545133573181719,5.240672499682201,4.39217366018168,-1.500887607377611,-1.7142220494576614,1.8783538725789486,-1.290018029303587,-1.8373964807621792,6.640263383939091,0.8404228928028199,0.871986023390962,0.418357635022205,1.4
0.6339204998995146,0.7493026634869966,0.7141353853942916,0.4864641975579783,-2.0404073720301428,0.09116156291037425,18.298767945509542,-6.5763546873648036,5.001335382643279,2.7065631337275393,-1.38539195384025,-2.188322968274052,5.959883782252166,-4.691644012240182,-1.506489013117264,10.613608244713461,0.6657653327587195,0.8907347176994755,0.35331109987639,1.31
0.385139610976372,0.42748309354822767,0.7868681311903832,0.4016840481004763,-1.234892442940288,0.057982678882488564,16.956696962246657,-9.492861537064034,5.598326121810093,3.584556135495184,-1.2611749326207773,-2.0739158954444745,7.891671407442695,-1.8688726265974953,-0.9357389167103622,11.548553809285357,0.672963151140366,1.1457890292578872,0.3114071940821495,1.42
0.29694917466813187,0.9120530976551207,0.5277066111590183,0.6680156139117572,-0.9831542461164784,-0.20778083013417745,21.51800329716292,-6.384891852698268,5.104762877497497,5.427117590563571,-1.554877714222622,-2.197009982216821,3.8187024487888808,-2.927675349007038,-0.8190459023740733,8.923820693694934,0.8595770190604749,0.7714336321901165,0.8946368167055558,1.29
0.6123583872062512,0.37972785249932633,0.7996416159847456,0.6596567077607846,-2.1780508582045397,-2.0426260391869424,19.027244045310788,-10.792724333345046,6.161656991606036,6.0450412158608104,-1.693003072519728,-0.9820146317353106,7.496145049889823,-1.1802539355835224,-1.57788340964023,13.888553182083273,0.5745896697216886,0.8261185126705477,0.6206571026392078,1.42
0.6234333818263581,0.583749390201292,0.7207406427543115,0.34060185409179383,-1.703015813590868,-0.1852049441325922,19.96317946573374,-10.090534805490911,6.250321965221359,5.598105548775628,-1.2487795105075774,-1.900671988981507,4.135009388035493,-3.8584019949089807,-1.2562302141723372,11.218094068541928,1.1780791798414765,0.6489056901901799,0.539094973224686,1.37
0.5766437397043367,0.8668413838905322,0.4674923303757586,0.5036739140395484,-0.38767038226015615,0.0836567238213966,20.878005894157123,-4.52293015190558,5.126823575248362,6.292008285709089,-1.7981963902546287,-1.9432793921196643,5.251544002176795,-3.5579233136213233,-0.4893985574758406,9.441143499006055,0.5963787671322269,0.8894178323150252,0.9563880597961228,1.3099999999999998
0.711046717375916,0.20156656484976773,0.7748565602802157,0.3657051206545834,-1.3677496517442616,-0.11916631655207613,20.909710544387217,-10.358009709617933,6.433570770595923,5.9900559639056254,-1.386466737184389,-2.0436438993628356,7.0756398847523565,-1.861196518298322,-1.2243663923929784,11.028036593943476,0.757670656043465,0.7884070408033101,0.7722441759464633,1.3299999999999996
0.5994919402717876,1.0030382155405446,0.7240573413410428,0.6263210404211509,-1.2101147283094909,0.08142997599674084,14.011656829866418,-8.92054140218937,6.329566130249672,5.55859661684037,-1.4522929147113646,-1.6684841071667993,3.990706336644166,-6.285347713682256,-1.471819168159577,9.343243196945064,0.8559515850114279,1.0472009413724643,0.17821719358584764,1.4100000000000001
0.5536474481157658,0.5911538260663641,0.7740694439684888,0.43615870227771275,-1.6841647357166205,-0.5446071245964546,17.065488095076454,-10.223072898605778,5.9161683876198055,5.4686342966721595,-1.0849842741287312,-2.0070209165091746,8.104863876101344,-2.11406309607505,-1.5231199713274508,12.04070664254063,0.8403960331935534,0.8121840421461681,0.4892358321825888,1.37
0.7182149245354492,0.6598190973417477,0.6211894194824383,0.7240554536685346,-2.040213255299414,-0.08007954554031449,22.748936892095088,-4.797943667462388,5.949647940182947,6.814562436887085,-1.9970813244107757,-1.8035781251483547,7.214921683538884,-5.296901964968756,-1.4863502346953696,7.385217257575181,0.6247439811141284,0.7135141320132918,0.09336986395729982,1.42
0.7586492908163133,0.5891166728368689,0.6995221736376585,0.5841978103075433,-1.4971264165138414,-0.07387026454732043,21.04962418555898,-7.939492721113762,5.64508802497479,5.138315178606804,-1.797380377868717,-2.005983656005766,9.203281184158014,-3.8191262334187304,-1.0570244039248398,13.692537390684802,1.039757869267421,0.5076626867153541,0.6307753570164654,1.3699999999999999
0.5191673975031856,0.33137042208437617,0.7422202757028705,0.6265214787053804,-2.2053185077924273,-2.0357686482891415,12.044781118234077,-9.112321065112793,6.176811163916725,4.2708851049772605,-1.4679181529201724,-0.7033025201580656,9.364441530062537,-4.01514708137553,-1.7454558698193432,9.298432594124169,1.1483054438695035,1.0170228765122435,0.3122350463393585,1.4
0.6740185775852159,0.4865657293143909,0.6756034224113255,0.30517044656567405,-2.2948160728751734,-0.22675481168475486,21.10247651025361,-9.630081725169383,5.457480675333217,4.260069602667171,-1.7747135671594698,-2.177958043590556,7.045867435858588,-2.5450093846279147,-1.5763518596123947,9.048450222897598,0.43934734807593634,0.6054437000445285,0.42572587542675716,1.3699999999999999
0.7303380022533698,0.5480174052491505,0.7707134106320956,0.6378812944438474,-0.686399755685261,-1.8447000467862493,16.408415732465713,-8.59456245682625,6.205828548123438,3.9686021260799293,-1.4558820965642207,-1.5833974156103958,4.709470014178509,-3.3341207571290195,-1.2013686681548132,6.734780042463759,0.9814010058595797,0.8211488518393517,0.5165472074548265,1.4
0.4374649645348512,0.4375042952475199,0.7924538310175804,0.7805495014312949,-2.3460810566071757,-1.7331472280238236,21.727379049420843,-6.275211671525232,5.851045443928299,6.434393234690245,-1.2447395205419858,-1.0768549347979273,5.798520397585035,-4.542952965781781,-1.7360987394751766,9.695839419418695,0.9249389275313666,0.676281207821694,0.3099752629815743,1.42
0.519273143339033,0.6166436988459831,0.7133240080645722,0.7780814923736499,-2.35320132486029,0.29300186745362333,20.24546508303303,-11.121657183182494,6.221538457258643,7.124856531057688,-0.9004003801864127,-1.9833863283342572,8.500611049506578,-1.951845521945766,-1.0278997447180627,6.408653933954607,1.1396719486124742,0.8346671879541944,0.518410623495658,1.27
0.6685585515428948,0.7510431573239402,0.45363149914440537,0.7297760590938952,-0.7370775737049092,-0.33016553238718166,21.755525233854286,-8.391109509075592,5.209162232222545,5.3216383370379345,-1.7414505773103968,-2.1780768808685718,1.3051250327647244,-2.797212481706188,-0.9505921069528834,8.794058723922092,0.5365705910058898,0.7553922411121036,1.0243403913126037,1.1099999999999999
0.4108745701370076,0.4351248332238066,0.7701797422160885,0.27232714087114096,-1.9998943185486189,0.32881701741599334,20.481276743241075,-5.661235427959763,6.43503631798516,6.264471643581086,-1.3601781003414675,-1.8528079181073769,9.874009009642723,-6.28476735354502,-0.3674446171714153,10.233597649776218,0.5168408849157514,0.978214183504301,0.44104262161796765,1.22
0.2908776833506624,0.3986980066017265,0.7778306586172423,0.27580022421737727,-1.844166881484195,-2.036321514370567,13.42362720758814,-11.191296367788482,6.354301951636324,6.2124336338097566,-1.9761184651189068,-1.188795159926611,6.906214678666121,-2.093686147937701,-1.6646129868783688,10.355511735954792,0.6051680046390997,0.9493052745220126,0.36504282725231024,1.37
0.5903424295366633,0.7403396264869041,0.7309197534356695,0.3914326931900456,-2.090597713948232,-0.39830167986937803,21.311800005815915,-10.043002191280152,6.820599116423465,4.693082003897185,-1.2263583994704896,-2.012252594077123,0.02232261852475892,-3.155288723084304,-1.7446625428805649,9.93985226719287,0.5383604180525635,1.0644386100665955,0.40733537676706205,1.41
0.7670531789063881,0.5172955534045622,0.7745852352598548,0.3855536783730623,-2.1566085086741307,-0.1924941975788197,18.83076247765071,-6.791290617505557,5.301651715687895,6.00880891528229,-0.7037810759763037,-1.897966995800383,8.355587669550157,-2.8298520946040537,-1.6090077507978917,13.630720780572695,1.0719216839896801,0.8679932827522667,0.5579554536532426,1.3900000000000001
0.5551863319261563,0.6844335129793055,0.7808099824936787,0.5047942298979102,-2.359440682287892,-1.3276434418460579,22.381384183365405,-10.291527120720286,6.365914057897819,4.803823158990937,-1.9378121545903433,-1.5458406474863113,8.016587449846213,-3.104527607040806,-1.3881242660424291,13.945500701575197,0.43687752663556106,0.7751608256431597,0.3540254527398924,1.3199999999999998
0.28233759521421964,0.8339115732301775,0.6431960799451434,0.582148533767271,-0.8862110110177953,0.2577080745597713,21.058907369212843,-7.572092482042187,5.014813066932183,2.5686252496294286,-1.6087016413583688,-1.747058151062797,9.089571759448452,-2.5624517516164764,-1.4090410547126826,9.85094574562071,0.9538737690612815,0.975476515315339,0.5118334376522586,1.4100000000000001
0.6494258869640277,0.6153911024097096,0.7971482144447443,0.48675757221010685,-2.095849313067228,-0.40908175862827,17.409259814334632,-10.496069784346306,5.840868046956877,2.962440550115157,-1.5304339789423125,-1.652960208658964,4.513972993919098,-1.5104825875717647,-1.7394939632214772,9.355677745694933,0.8351055995058897,0.9560783792794199,0.4704342460905207,1.34
0.6469636053040162,0.9055449812050468,0.7513241846931337,0.5027650123383182,-2.1873743806598043,0.2275824545237219,17.06970439511109,-7.885417013620248,6.5787398661590455,6.611070670883691,-1.2431259260124754,-1.795182741205415,8.740800504018134,-2.2669033342780174,-0.998943421327063,8.946340017857668,0.9815269007920518,1.0315517703338286,0.5974009882668752,1.2999999999999998
0.38229857483030155,0.3203337389134022,0.7537824718247549,0.3716602046729066,-2.4100369520031544,-2.100977361223975,19.675369204897418,-10.032306954211649,5.961268245624007,3.006571707742139,-1.2717683384005958,-1.8849794744378685,2.5085065644072095,-2.178285295092677,-1.820614551228575,13.227099740698552,0.47929149193773407,0.648989146072951,0.3581427526267942,1.3000000000000003
0.7529905654346299,0.4509024185715511,0.7917962134029889,0.7531821800421806,-1.9191524911543891,-1.4745422163854454,21.272465824688577,-10.28834178382845,5.573873087271764,3.455292378731359,-1.530328427973495,-1.4116679572605701,-0.8710260926139992,-2.744216547946994,-1.661073505019144,7.6888057352614725,0.5579331798410895,0.8652786978182088,0.36731375318372983,1.3499999999999999
0.6593615023055376,0.8017341022147416,0.6268033746413779,0.3804301073776708,-1.414722240253358,0.03154097213239013,16.526261535949356,-5.817683516988546,5.1508857004250554,6.607964816860108,-1.9485310428385987,-1.7222741504924972,4.502649438372097,-8.397893719391721,-0.6241353214787396,9.843098630881997,0.7744531513085653,0.9709801624983672,0.2717791757747772,1.38
0.519752227812806,0.2950326382142605,0.6947462767128821,0.4542300022793671,-1.7316266197953523,-0.718240219764807,20.374615333466288,-9.201399894347668,5.255589702520415,7.760279731821225,-1.7320882448322579,-1.5272270957990293,7.483270896656721,-3.0396075240871436,-1.654451835332988,10.898131136025762,0.6779328180530511,0.7974804708975891,0.5418562265894891,1.39
0.6918060857405839,0.7174040494715743,0.6305271691977774,0.31549176056152933,-0.9111004010222509,-0.30636953622294705,20.13433731522159,-10.890528698569124,5.495843933322837,4.922225591992657,-1.7842568482104588,-1.7230426033804063,4.233875377934819,-2.9514945946019746,-1.745222157622379,12.930914667072956,0.8636733104869563,0.8638204376171019,0.5224357551644462,1.38
0.6517231400310518,0.9470229747212645,0.7256948878764187,0.7016028220086413,-2.0673747296324474,0.04991501161319123,15.497687449424554,-9.350160787919208,5.256634388187758,5.55404808262057,-0.7538420637542014,-2.178730873221055,7.080493235906411,-1.9769982145854599,-1.7522175833587577,9.801489597983942,0.8454587763857422,0.9851621715344466,0.5275077026026529,1.3
0.4925534258944041,0.7554575508582215,0.7492246360781234,0.5266277416655978,-1.248382839240348,0.12610754862630696,18.06122132273499,-8.065728877114584,5.379106581498289,4.969822321748795,-1.3435082497073891,-1.881551001862248,9.108217525452273,-4.0641853964775345,-1.5322432626234275,9.26474796115579,1.0032113225330737,0.9459473312807608,0.32905499357021695,1.31
0.7809161023119855,0.8087798388403155,0.702604596155492,0.5257795516364917,-1.811710104796251,0.18841108838846476,21.759923319463617,-9.802646699489763,5.633706315889608,4.980069019269527,-1.3810750946554862,-1.6752162385059357,6.175862690016716,-2.4406664623805616,-1.2317152475785669,9.982633280511763,0.9412001973768399,0.8759262924506261,0.6301708977347806,1.4
0.4463831629340516,0.9573656857261295,0.6174265531924519,0.6357801665636527,-2.000299830789255,-0.1194209034526955,17.83850284269889,-1.517424967450497,5.781950063158061,5.801863786448448,-1.4072465231240523,-1.9569957252883698,5.7026677876154235,-5.423967192858825,-0.016051390988417125,8.901521908107593,0.6904514948639945,0.890319877325017,0.548537939186866,1.4
0.5147882681557246,0.6332980883813251,0.7432898836874872,0.7482248893859826,-1.171710026469801,0.06909465331282107,17.816734241879285,-8.705228941874843,5.811281490991572,6.525163710329005,-1.4709304477601672,-1.8550481817596653,9.260492148896253,-2.1478193463704724,-1.5029342902133531,12.61836820016674,0.7639634999114379,0.9945773491565536,0.3966713111025174,1.2999999999999998
0.5896909947667436,0.7801336740023,0.6527584660859576,0.5921401140086583,-2.213203349278013,-0.4782922066929966,21.38779822451684,-11.584424873072175,5.238665972367377,5.605433385580028,-1.2225709385091599,-2.121736904039448,3.127428853721682,-3.5377964629825396,-1.59311351359601,9.708680119974824,0.37026905848110037,0.8921591060275322,0.5935240090039716,1.3299999999999998
0.5300253157412013,0.5775228615162301,0.778677937386996,0.3529966475906031,-1.8929030578700008,-0.1275980892128019,20.025736927017487,-10.578552146825393,5.34002456117333,3.903519406875316,-1.0057478557821784,-2.0057849279418347,6.2711660759242775,-1.2754945704922034,-1.872246837656298,7.888942651797138,1.0384388192178655,0.7530448591129877,0.42549432338483806,1.3599999999999999
0.769011038006048,0.3925874333476296,0.7555689733460893,0.4864241814482562,-2.4575864303358723,-0.2037095588347395,22.647002499553274,-10.486307380806462,5.558883787389837,4.297478871504034,-0.6321748716694626,-2.0589691468805245,9.638287294892999,-1.207694334280795,-1.3852848218352576,7.261683377590291,0.5834769770746949,0.870230526379597,0.5425558620055997,1.37
0.5567009002783737,0.5854975730149219,0.6527389047543629,0.3533215596932101,-1.649893843618011,-0.12103463666808652,20.49102067228949,-8.567357368187773,5.584758412338686,5.062302296539525,-1.5790787239269768,-1.8430532214448214,9.061150902080096,-3.940508643967751,-1.4918606775957157,10.355039503423901,0.5691314422993461,0.8590517727263711,0.5890964948709081,1.3000000000000003
0.4107197597550193,0.5254744618031201,0.7351751465020263,0.39811792484772307,-0.9511830983390874,-1.8949367253320033,16.943512868347913,-11.77153302080346,5.608643806896202,7.476216723919707,-1.327160859813168,-2.0151658508944714,3.7912826122409857,-1.6889879883526815,-1.5166228271091413,11.84535048005631,0.7171856947869593,1.0946503955353806,0.5746218914290266,1.37
0.562360305974895,0.8093531216634342,0.6790176861312417,0.26969842456067067,-0.9961003716158481,-0.14216782153017932,19.521305361516838,-8.150322970592885,5.153338872524329,6.531646030241308,-1.3294759643657061,-1.8140797057694902,9.533753295294384,-3.4867145843667355,-1.4918594196364534,11.083207507278756,1.084431550673266,0.9372944108672967,0.40037722606019677,1.33
0.4904485696413269,1.0570143559216174,0.7463428421833067,0.5480136575413588,-0.3327774581183627,0.08374581129205946,19.214971140164923,-1.544738297806267,6.007313767375707,5.24543125657318,-1.9709808468260115,-1.6750796883041883,8.038038494344688,-5.631217075277641,-0.2879633171095688,9.5540502839103,0.8185907490075297,0.9853597969278571,0.6545145331726749,1.3599999999999999
0.6097111558483604,0.27288047268119536,0.6407202154484656,0.37287987386870036,-2.028631791582044,0.1445359037920382,19.121270804161565,-4.274120413649227,5.133660599124381,5.56169809384102,-1.087463577258539,-2.0096724791689202,7.583853323246306,-4.9674751090203655,-0.447527481009128,9.700397948291208,0.9633542302595295,0.7962087290450613,0.5331669367246191,1.38
0.5476012072225388,0.6514878326070108,0.7556812418161855,0.7197804573131105,-1.9063134749359025,0.17727052000920912,21.838641061422436,-8.790645851446351,6.926599187151362,5.034070300913078,-1.8637667667579765,-1.8976670812097587,7.294531459666788,-3.103324973247231,-1.0057623768605408,9.482883732243014,1.0865085407035102,0.5075231990469944,0.49380279748695644,1.2799999999999998
0.7666632649258833,0.43288434239811013,0.7691447361834222,0.3213943651296174,-1.2252565427674562,-2.5297125755923227,18.936617357975226,-10.943522565001919,5.631110146808583,4.036058396011001,-1.5406354891526426,-1.0255847933701456,1.4063011650484498,-1.9903444194318425,-1.4053839269569717,10.924064189206831,0.5552350029389174,0.9805692294964484,0.5346069487588507,1.38
0.3818435255455903,0.5766037219090083,0.7827880933433937,0.5019332456272173,-1.5060860457507141,-0.5291931008395447,18.94351069880859,-10.846620878528165,6.402487730799794,2.0228360454918652,-1.0980300445389806,-2.1195853486009435,6.6592418654306345,-2.360709034333232,-1.4798253872389804,11.57143502644879,0.799019473217685,0.9546551599221846,0.6124718696939702,1.4099999999999997
0.7255275254059574,0.8235010244712756,0.7547988815599247,0.4944260583682502,-0.8552633028568103,0.06037429025124952,18.337123893882517,-3.1217714378324977,6.541268722844856,4.278907847748667,-1.6015415909696078,-2.0407938384599187,9.678445671388097,-4.652881433621076,-0.9649116601890264,10.623281015144075,1.171865181688864,0.8599954092153761,0.3179288251436091,1.41
0.7538158467598881,0.8693561958957952,0.7620622564104308,0.5912347034395384,-2.046898234253469,-0.9891582036362774,15.835332252444498,-8.147599932142638,5.892754249120027,5.191495276966625,-1.0645349203532661,-1.6952128947322138,4.132006235842176,-3.9356177949428712,-1.6862651023541337,6.535184314815639,0.5962353058817529,1.0585740011948532,0.316988725943705,1.4
0.6139521317350968,0.3878422226662547,0.64954268745589,0.7084595642702977,-0.5000645358834028,-0.12704564288787235,18.99741237579027,-2.5819850862792055,5.079310953490216,2.4240070664011437,-1.9069804681298916,-1.9012273297860443,6.409879475434354,-5.508896491434864,-0.2698440482585404,9.879089422440662,0.5539092225490957,0.9325246706038804,0.34051033441278145,1.25
0.3893791224817693,1.000359909543912,0.7069883574776383,0.5202641879011105,-1.0218627921618813,-0.26812774745088674,19.65065005220291,-8.864263045976843,6.778512308260678,6.804378524951005,-1.6438479475493977,-1.9973344467883918,-0.3336197656446164,-4.612085221546756,-0.8301764149489385,9.327084203200311,0.4462004517464674,0.5919951476494617,0.6622091012555245,1.3199999999999998
0.7137726159132385,0.6620792980643768,0.5451540184860462,0.48781344797360576,-1.4032103962130567,-0.17462750765153184,19.63173983077802,-9.461834590516153,5.153695786382528,6.429942222644004,-1.4157875662955317,-2.1865376117901567,0.6502984563086853,-7.195766599510462,-1.5932955581560408,9.642374770506263,0.46450950720439965,0.5128107917052214,0.5023203302547163,1.2599999999999998
0.7111717721369301,0.27282155110240486,0.6161687698854923,0.689410828885441,-0.9246621116123214,0.335084895004759,20.190807855651645,-9.360231196308685,6.795988374216961,6.267820812147674,-1.3616499340787955,-2.081626843800283,8.22092336685917,-2.6071837365086106,-0.24460601606798005,8.880502561833774,0.9723084021313912,0.7190407027184782,0.8680532858490702,1.23
0.6903686236993434,0.6240411416778995,0.6597305424625335,0.4204662559110864,-2.1522536979082103,-0.5579394957582426,19.70230600616222,-11.267230749091036,5.8684124540161635,5.179518584913168,-1.4445501337081608,-1.7234132614184081,3.72585435853642,-2.2544314851178027,-1.1449944287311982,10.812803415916154,0.37697128054375517,1.0047910489507696,0.7720071262641696,1.42
0.7490776621267795,1.0963581236506306,0.738778736650897,0.4357319924993182,-0.4942618802478622,-1.8206994256406521,21.179570429954023,-8.884240846558782,5.889150340820045,3.3628200714835454,-1.5331995589576828,-1.9376922308304547,-2.110453587380645,-2.578650692934212,-1.9251328386405313,6.090580633790497,0.7715685744456424,0.8330697780289152,0.34409702893720384,1.38
0.5837795296780003,0.43348812796494984,0.7933794671610748,0.6482019476103703,-2.1973393181427863,-0.4228128142263129,19.222674882895593,-11.091127176865637,5.6959035361862185,5.569813861035502,-1.0430257854946607,-2.164297253940018,7.154039382751055,-2.3256544849944683,-1.6548970888081636,8.555119919719017,0.40278695230699696,1.159486410994252,0.3702999427897728,1.3399999999999999
0.38059571338591053,0.4268702029686989,0.6874682747366042,0.6567960227056056,-1.5141287213468446,0.31425650927448573,21.778587047149735,-7.807181999541084,6.233102867196647,6.9538656669527805,-1.5247799486975646,-1.6124833956842266,9.538065434856023,-3.782096234208208,-0.8419599969654497,8.866458086328244,0.8947593724369237,0.9252036904132065,0.6284076799221258,1.23
0.640368466544892,1.059612287285144,0.711981598513312,0.48984744375614464,-1.7342934928519813,-1.7676419258103016,19.042552060556815,-5.648869716054585,5.057251539977706,4.02499426127509,-0.9478793553153935,-1.4192890453591482,6.386845731849032,-3.424035056539502,-1.2117083621202995,13.467668138668149,0.8111849983441305,0.9400923201050493,0.38978219152342375,1.42
0.3670133111580768,0.6407894007856753,0.7064311222631945,0.36369690518441444,-1.8932567812473304,-0.07884313008034206,15.029962617864665,-8.415816597481124,6.344307440929729,6.327576412717524,-1.6453580755946904,-1.9446558255620405,3.413328937386586,-8.131883164732011,-0.8851261527106922,10.14483155853944,0.4234504919847206,1.1087316541172672,0.28221494175747674,1.35
0.7705491131892522,0.6567444214575756,0.7067736903276439,0.49366924315529825,-2.2051610099287218,-0.6043995077548634,15.87825508411337,-10.073716755409437,5.517248841460386,4.161618843279187,-1.3686214615701329,-2.0463342958569846,0.8599067967828227,-1.6931967612486178,-1.587223866808796,10.26854568325313,0.3948946119164494,1.0925370579238067,0.631012193729654,1.31
0.6065607455825632,0.25631467899555593,0.6600873135106518,0.4603809435023198,-2.2749205769373058,-0.2639281498337809,15.169565523639811,-10.14636578399434,6.805264461846927,3.572734127235525,-1.5868699453931823,-1.9110988985103026,4.426755782854788,-3.1458942903221603,-1.3590084084478848,11.671969232973792,0.47922343313632176,1.139555260370824,0.6174824826820593,1.3
0.37982238996516793,0.5865107714660474,0.613766537395632,0.7460836511077609,-2.3240221314592167,0.15155249504543383,16.768856664850986,-11.639417894009917,6.585214822073432,6.3500489274268395,-1.4626939874904732,-2.039726856062737,5.30201883003444,-3.9045452825808713,-0.5793557143400008,7.807768958592529,0.5641097452266449,1.0032507678798732,0.9164423293218156,1.33
0.485959797103267,0.2280258050557986,0.710103368653543,0.3792072196516018,-2.3408496516531208,-0.05223085235306505,15.865137595868845,-4.300402365247953,5.869450882062444,5.942491761505885,-1.2928295495384243,-1.9355964506986492,3.718839692905936,-3.9447406640326403,-0.9571730822707818,10.591220991424262,0.7667956989086246,0.9802980008305617,0.39103236951586917,1.29
0.7347973532581948,0.9307051089239041,0.732492768848282,0.6275915646147845,-0.9897174278311109,0.2673090880147301,21.71185467014961,-6.010379594338719,7.472343769533505,6.842271023450598,-1.6369277158343778,-1.8846034907888378,8.957763319377836,-5.721674267067788,-0.5927001632549542,8.840631498896055,0.5339564001934587,0.8681675436586815,0.3592534449834398,1.3399999999999999
0.3805245027950494,0.3124093207349783,0.763569594979417,0.4796987548682078,-1.5197522224789013,0.1631266246082649,17.916813537730967,-9.189292071742903,5.453674762422334,2.0553893596027897,-1.3948355393674876,-1.7607510619024604,7.021357353215163,-3.0188069064098215,-1.6267051423753602,11.618528904255573,0.7525443465028534,1.1427049615540494,0.5819076060874249,1.39
0.718830152452625,0.755823299475105,0.7539882929386372,0.6546753226929874,-1.6443823205322325,0.07613435599356694,17.821374950777322,-5.115235196287212,6.412354566321823,6.5440549053934145,-1.2052741779096727,-1.837889945721583,5.365418630233635,-5.272424401328031,-0.6982058196218869,8.733625216143853,0.9028821046927218,0.7372729414801992,0.6908878365035652,1.19
0.7714225516231822,0.5669645258291782,0.5699087649660749,0.3216182567427283,-2.3296224818964055,-0.6292472608050987,20.331721949383017,-8.137252703518506,5.082417435512736,2.8545193603476116,-1.502419915629198,-1.9602122969475315,5.288335392413057,-3.309229410026026,-1.9874261825232444,12.71574415176414,0.44099756978332705,0.7249881873357956,0.35896751941573113,1.4
0.6768503006662046,0.9416678865552222,0.7979458027065187,0.5223492841516078,-1.96245028005767,-1.032574297086584,20.57893008156354,-10.230579529477438,5.503612483261411,3.4288903283240533,-1.3029853008194128,-1.8394917489910365,4.2217363699059325,-2.5920113632329542,-1.6080078257606645,11.057802154573006,0.510941629439355,0.9011301308999857,0.37619292278781946,1.3599999999999999
0.5871405739589809,0.5493920337421458,0.7075324552028256,0.5315091813318319,-1.8476280267192378,-0.3881494367532467,13.390681408137619,-10.43418404555603,5.256825546846828,5.752483105587587,-1.860450063419397,-1.888332541182488,2.395170559360032,-2.3727256158015777,-1.5668473632737419,11.816741431002734,0.6444540396347163,1.1328345096309966,0.33836524883338553,1.3800000000000001
0.7695911149263854,0.6653757456112823,0.7839378116102111,0.33928335862276127,-1.2413026177216555,-2.0075253073601966,20.854927124859998,-8.98602215548885,5.2613633447854475,5.6358318624473025,-1.3720417917220482,-1.505107444024193,4.599058753626203,-2.684429341166373,-1.6742773727115687,13.399018340520895,0.6005293305000124,0.7231103489551421,0.4137359067911854,1.4
0.4492329644226578,0.6066516543371444,0.7801651252786344,0.47551247030927324,-1.0965576643506574,-0.15512411080120964,13.869393402012964,-11.355773253600251,5.0891058240732505,4.7879997867715876,-1.903270778573007,-1.7633307051566778,4.160318312662143,-2.407736636272442,-1.5929491138063685,13.53341515260447,1.109813846651353,0.9946920624173625,0.31633973920145203,1.38
0.463492066961309,0.960844062767276,0.7044244320260513,0.7395138744361884,-1.2549365216842787,-0.23927079286373595,18.954225978518416,-11.546651896228703,6.2399338514263505,5.356439459590758,-1.3694872373881255,-2.0614587148806125,0.04304323209037708,-2.4793776505096567,-1.8163056742054442,8.969432451800351,1.174267635892604,0.5791936210154018,0.5019394448853459,1.37
0.40135482488373964,0.4620988420813339,0.6704447777727178,0.4553868784769971,-2.2681886751854106,0.20511342670803817,19.203926454479035,-10.170338567149786,6.017838068799343,6.953985345478174,-1.7839674595886075,-1.6859544152604051,6.164929748616338,-7.71629920302817,-1.4692293417843982,10.195119668593295,0.7706017317125622,0.732868247058742,0.33471444062349287,1.3599999999999999
0.3356395662623989,0.5703863950693079,0.7894110833222083,0.31508905483780975,-0.9579971674879768,-1.5489648289703872,18.62400582684652,-10.73998866744607,5.20506173139586,4.987222881595259,-1.948431033391247,-1.1909544745481808,7.1185183631154265,-2.2725832753194153,-1.9676850393985679,8.42981498994493,1.1760354086843898,0.5155837431441825,0.3673355814943531,1.42
0.46507227734232126,0.6005263969737699,0.5453342028124964,0.7800574360973914,-2.414480200316139,0.14695855443412914,16.503158597360937,-0.01903618828793352,5.88779839388024,5.081543775581334,-1.9931272667126052,-1.8403479413604082,6.739548625247082,-6.301850309468355,-0.20692844669028732,8.985018535334927,0.5044951152666718,1.055521061918461,0.26770972741944166,1.3599999999999999
0.6584427232851098,1.0707635542327403,0.6459980024446836,0.4568031803376391,-1.6142923159807172,-0.7438989457728314,22.47664855705032,-10.689760912158903,5.398591959607612,5.515111246492456,-1.3645649016246566,-1.877392679176685,1.0044081605934254,-2.0952090146173186,-1.4578147680383113,9.288925784449171,0.6558590540643359,0.7797513599273795,0.5593971450212697,1.3399999999999999
0.5458383925910149,0.728162379408666,0.6671203782766636,0.5546147737449504,-1.6625825146027988,-0.30156117059825516,16.222621443052187,-8.549891334159508,6.193524386794749,4.457681723013761,-1.6584925032816669,-2.164056186938,6.570502239530782,-1.983645563924504,-1.4045007893905315,9.924401784326957,0.4029133430386283,1.0940109548648547,0.5770563833757617,1.33
0.20129334899043702,0.7533191398758756,0.6462314101988567,0.47612177786228027,-1.38235381785642,0.1795724082462038,14.927443189925011,-11.918639653382533,5.594723980631291,6.112205250840114,-1.5872448899171128,-1.9693145436763955,6.767074889354699,-6.9191291189741335,-1.0330049496153217,10.176201465884473,0.6412528893446491,1.0872069136588265,0.4655180007643666,1.41
0.2004574075020923,1.0223022885847677,0.6474814965644906,0.729311837529789,-1.2533566273412515,-1.971541483896217,21.252792880098408,-8.17737366362548,5.064679671982754,7.8319699716029785,-1.2800166534876933,-1.7620678247203803,5.050746146971456,-3.0971136656386484,-1.9796179201696658,9.769146472231073,0.48732025132440127,1.1333739363426765,0.32113023006219593,1.37
0.7981744503307653,0.9716596981813022,0.727514947646072,0.3338010295804029,-2.404141212288459,0.14287469904055256,18.97359812626908,-10.421874628358122,5.881723451455981,5.489397958886417,-1.005358552019542,-1.9700462267483747,8.10577393689773,-3.857620619903463,-1.5844522544070507,10.510884279448948,0.8108417930564054,0.867679556707506,0.5222118023870297,1.4100000000000001
0.519766701703708,0.8274532155322213,0.7816782928477533,0.7905135467299291,-1.7010322028939073,-1.5175300577633504,19.292998888157154,-9.72153667250976,5.551336355010278,5.062985522330535,-1.0363088443797037,-2.0113699068109976,5.934108162134805,-3.032791831229514,-1.5669305248042182,9.907999757962314,0.6633548792780116,0.9812288121392859,0.4077450844956522,1.3900000000000001
0.7882534824880357,0.5784028656962301,0.7279286340146378,0.576243869303708,-1.9675627380127816,-0.05960156188004856,22.197864317819167,-9.34926774222811,5.622303270602319,6.969818930605592,-0.7354666199420423,-1.998517666064153,6.8912980765153025,-4.768289631691552,-1.4256288028166373,9.278499933318777,0.8657661907875334,0.6266854442194745,0.4593069365381468,1.42
0.2622784491579072,1.0739635376183216,0.5223763057838438,0.5096044079095929,-0.3481698487389848,0.11516037873122412,18.564698136246125,-7.757882510886121,5.358221537360113,6.198715302630816,-1.5926392124382498,-2.182756315814049,5.084919016004896,-3.9386420745898434,-0.4966845922249674,9.808073295052367,0.6181437217030967,1.0728256962104226,0.6850787090228325,1.42
0.42811692585576483,1.0926124057347215,0.7675078148655172,0.42764231070055303,-1.5606263370529618,-0.0365147244705821,16.350545104106626,-8.997555250145156,5.799883856162719,2.293807177247826,-1.688004376411184,-1.7463363638015001,7.283751954876582,-2.903983014971625,-1.2710761817493836,11.7436679125285,0.6044048495645356,1.0676534186399387,0.33831199418377983,1.42
0.5855855231920492,0.8384995860666554,0.7818509203569038,0.3045568552299552,-0.6588096387567304,-0.6376764850052071,22.38075045156933,-10.762330163114125,6.212547248917833,4.770478939429377,-1.4017063413895996,-2.1053319515808666,3.7167411612989487,-2.5086775197526965,-1.4871820486499647,10.806588135752106,1.1001242244863776,0.8864334003556266,0.45078577742812026,1.2899999999999998
0.7670311627549382,0.29673306787358833,0.6415444047733582,0.4827987557959599,-2.486192482356412,0.004021848560965907,19.484521792158468,-7.728070540202782,5.648989277879897,6.515654039482609,-1.0356381549906137,-2.17217414117969,6.604782558299998,-3.5803992733726835,-1.4287374191853626,8.24624098256169,0.48327543889395175,0.7568037791386845,0.41694041846079277,1.3399999999999999
0.71110193591443,0.46419168945088285,0.7155017176171277,0.3568168676188207,-1.3648386978694678,-0.1485872972347867,15.128986034589447,-9.730639985949448,6.006590562378331,7.360542877913284,-1.5492397797785626,-2.1249563237596534,4.263904102331605,-3.12268606824359,-0.9363242608461102,12.083281401699837,0.8501597097931104,0.9257953613302345,0.654118222486551,1.3199999999999998
0.5229173101543967,0.8231079424721495,0.5712917655724004,0.6232698858859089,-2.3341075722740876,0.035457171512589064,22.72934116760961,-11.46395401789295,5.932277933315843,6.063143405882371,-1.2415242674181082,-1.7828964669772747,3.874978828455807,-7.0815179372486625,-1.1386951828100476,9.447676165674098,0.6350807514210005,0.5368718217786724,0.5402605846769497,1.1
0.4409065135674079,0.589851991943733,0.7069698368101206,0.33003260629246906,-0.7136432670759847,0.09197081988711138,21.794640798859135,-8.972658028211365,5.992893446344589,4.6593354230361745,-1.6502939022637935,-1.7110718935401728,9.33825067026307,-4.5564629447574285,-1.4061068709151652,10.754094096919438,0.9275758473096709,1.0872082322540804,0.4708601972500621,1.2999999999999998
0.7698550743343063,0.9933937622184823,0.7022206040547477,0.7992018155281781,-2.0335906963890324,-0.3862541167233201,19.28428631032072,-6.3281069985129195,5.719522381167731,5.701281579228995,-1.3595886558696866,-1.606760393982805,1.986829109599198,-4.005939076404639,-1.275379189267046,9.97644011284164,0.9114439603867837,0.7970795696317668,0.30805253833506174,1.31
0.3824881814580766,1.088443697195212,0.4816243484849917,0.6907822028077845,-1.7658247025277634,0.24883975003240716,20.16732330853915,-9.850573146669065,5.062673613321072,7.0317843014945485,-1.234171742928642,-1.7073704798390996,8.897446220311132,-3.769882991245443,-1.217136124187971,8.326456521634256,0.7514661944739529,0.8676854452093568,0.6154064455281271,1.26
0.6345408795261285,0.8211350165444335,0.5406782811019045,0.5240431913272539,-0.6356061107412614,-0.025364995455860344,19.09558614216157,-10.639656640277884,6.316034848692053,6.009719558207324,-1.4942774595401862,-2.1119180933836046,3.0852679288671716,-5.286483691786166,-1.2779541793989901,9.51287030846674,0.7928546279213899,0.8940366126662149,0.5561313153146344,1.36
0.6044625915009602,0.7746243205977374,0.493746942952368,0.7676422874796781,-1.7750761275017393,-0.05571487903440597,18.167853025005936,-8.973231285674746,5.504952844527566,6.448834364003153,-1.7972841236889863,-1.8705505208370534,2.0001272883898285,-2.2597337459081417,-0.8833114359122933,8.833035532723194,0.6765639484517835,0.8591488023215537,1.0427957616235817,1.41
0.7078051115639689,0.6100428580320345,0.7688016716789814,0.6542163377263382,-1.1696771541091628,-1.2435036167978386,18.78358174646169,-8.584561633331623,6.2271353249485095,3.9139472429271343,-1.150207199207286,-2.0030611839703387,3.2718918846065876,-4.151489504130279,-1.5118915837609161,10.123876835704992,0.8225357722342866,0.9399366657002528,0.4518083372296081,1.42
0.5992849238062645,0.8484669266618985,0.57204937921501,0.6741590469103015,-1.550883119303028,0.056025517500816385,21.98403290648726,-5.072349803704492,5.928958893070163,5.836377511990214,-1.760765281046404,-2.1414518776519493,4.702105354278371,-4.920064197239002,-0.4596190062134591,9.111938513473604,1.0098191853313543,0.6053302462056775,0.2778993459019078,1.29
0.6736744156987027,0.7620427151422023,0.7300392377054676,0.4295479366394955,-1.225542605217519,-0.34610314564642203,22.78362489917271,-9.241416409860518,6.532713365809728,7.425410608733136,-1.273155773692154,-1.857309643609964,3.9499076741554973,-3.489510527492246,-0.7280538283202103,8.630016491846828,0.8192412799357154,0.9933024240442568,0.46870208440049754,1.42
0.6954287604493364,0.4615771450695733,0.7112410829911356,0.3527150521130094,-1.6221106532868015,-1.072639700118923,20.48646531572498,-11.193693184068813,5.323953611299416,7.6496020756232435,-1.1835047256204585,-1.688399727170752,2.074568257454497,-3.44328013062463,-1.7894681468147258,12.889652490060765,0.541053295943389,1.0098491073643316,0.42606458631176586,1.38
0.7955344648863586,0.9137372250670663,0.736090989385709,0.49935448107956604,-1.3883190064800934,-1.2023005926069772,15.056542457155631,-10.98494842134074,5.732398089986204,4.826744282000087,-1.9362507946137881,-1.180679083443715,5.777603606992813,-1.4379868145769483,-1.7058358663290503,12.722834355996206,0.9887731111230094,0.8916960358868115,0.5459487496922217,1.41
0.7535539873428114,0.6684019916870989,0.5657812203393238,0.7120697409975989,-2.2554767773716016,-0.0025720591297613837,21.197980060614455,-6.763631568197727,5.131675640678173,2.8631103649866945,-0.6992116949883291,-1.8426188462471667,6.991648070730353,-4.238514739430805,-1.31519937682419,10.008300920544885,0.9710932931182733,0.7512482642304219,0.7223961343444556,1.1799999999999997
0.5705021810938976,0.2937247955965281,0.6984167884523691,0.581814511496313,-2.0335202344440386,-0.022844277205272934,17.207390913212475,-11.498181801228883,6.557021149407094,4.047871262174455,-1.959837737362244,-1.6576632803131388,7.034218572294172,-3.0484333839715942,-1.6288959962686096,10.111361569034868,0.9291197193532796,0.9174343725517725,0.47867117661402364,1.3199999999999998
0.5801911275966052,0.52861716272609,0.7104788775498277,0.6932920710872429,-1.938238271206891,-1.5965214867140671,16.525067565804235,-8.917243097330333,5.513432607975912,3.8409541473540743,-1.515898165060704,-1.2264353223723936,4.201520031008158,-2.970696127517614,-1.1788193636179514,8.78847434381203,0.6198964334487106,1.1184716522890714,0.5194455504374117,1.42
0.5979030774857756,0.2801082949847607,0.7318701039839299,0.5685988760592399,-1.062634833420811,0.15378205622778807,22.047754318834773,-8.747935291202792,7.37258352461219,5.730931938315277,-1.8392509331748392,-2.0382201887747695,9.374998213692825,-1.8714491619925857,-1.56362321751639,9.360014252089917,0.6656748998124309,0.7762257446906061,0.4173806527963653,1.37
0.6290689617987446,0.6998883136758911,0.7181079320668486,0.40220431639863835,-0.6225774949115683,-0.023745572330278956,22.514414136579717,-6.022749407204911,6.687750392811244,5.423033665716141,-1.5554485079068756,-2.091389725134636,9.45333462909206,-6.175157575382124,-1.2574331746476466,10.230572646934558,0.8825300605197544,0.7347031849530115,0.22434116348566296,1.3399999999999999
0.741760571516504,0.2718665638198084,0.7311499186324911,0.7700442214827978,-2.0901006192276,0.03448338465191839,14.697817147837448,-6.927500363889619,5.962694536989607,6.4634352893776095,-1.008781586541071,-1.8758424478338827,4.784742342430768,-6.323648588107847,-1.2593571658275098,8.947374071690918,0.6766622274319294,0.9840833877987819,0.2490233642799985,1.38
0.6921769532545192,0.8740252497149621,0.5831842925793593,0.514204073358029,-1.2340746680733792,-0.25969020982230595,16.53185576673135,-8.354076634211252,5.0037674009899895,5.301914891313116,-1.4471594271806114,-1.928305923564741,4.4860959872646236,-2.2205188709642187,-1.4399924095751762,10.302921886716272,0.5313217101901206,0.8603719104211758,0.6916683514665725,1.3199999999999998
0.7308446902787636,0.9161321867240945,0.7990462131333852,0.6475840387528905,-1.1560853158767546,0.1848719324684747,20.48565454055934,-4.511462062430338,6.8580099541674615,5.867097673888412,-1.6420568631546697,-1.9166526758632974,9.239878294498677,-6.900282246977325,-0.44896211319034773,8.740002709336643,0.5405332601936694,0.8377819090467402,0.5988310613371867,1.41
0.5539108036445469,1.0093141099666227,0.698032445992453,0.4680534450845507,-2.3782435371183093,0.4555222301680185,18.134722756696515,-11.781258743511318,7.666254912119774,6.343933022207694,-1.7184404483442377,-2.098174963706417,9.897769859094,-1.639620995572785,-0.35178863134396454,10.20899871208984,0.5185790351064062,0.7645353920463871,1.19761381937174,1.34
0.7257093741687564,0.6202001733567024,0.7771761892330149,0.4939599104775962,-0.9269981363576772,-1.0168956105944151,12.807622143121794,-9.931073432772196,5.932588996323721,7.906699743810196,-1.7560177224278095,-2.0218372655346433,9.524082495030786,-2.4724447026939735,-1.2679095110669116,9.339697520066721,0.9374307874177056,0.6236993372153656,0.4999953771034674,1.4100000000000001
0.6240751485282179,0.7722793827231489,0.5459647126679315,0.5437989953635998,-1.5836604219418977,-0.1635528259198452,19.145750658899832,-9.477990576575444,5.087211774837293,3.398433294685337,-1.172192967876316,-2.024481905213618,7.573473158269353,-1.942235177516992,-1.0673880714459314,11.000133605689332,1.1426076311542759,0.6301385032272131,0.8249598380852748,1.3499999999999999
0.6959528408280085,0.6453402277067506,0.757193475047574,0.7311731130064577,-0.5546006652338197,-0.9041284205975268,19.00286140515901,-10.876248897331932,5.151955254490874,2.568517133050535,-1.7528294456455205,-1.9667856411094367,2.4384269024412504,-1.539469552340738,-1.7836853470842091,11.488421654305531,0.4910148171674452,1.0296350813874848,0.4202594027938706,1.25
0.6647366044373664,0.7301801697295909,0.70316900931756,0.3789913063369465,-2.2717133960574456,0.010279157846504045,18.037815566660797,-6.3266277386957155,6.153867760469775,7.392398609695826,-0.8776670359451326,-1.8473744037359874,7.2320819148522215,-3.6050082005855866,-0.6668888606859944,10.459835052297327,0.9692139202010115,0.9443191569882073,0.3425115090273192,1.27
0.44272611141976603,0.5477592453229001,0.47268639977884885,0.6078148536260143,-0.14948266905640728,0.18535498615984888,22.592157695766264,-8.79182304905119,5.635280009179368,6.8238491715845,-1.9522000381279916,-1.8264419238071148,7.536116848125765,-3.532091396147371,-0.7020114430778068,8.73142426424219,1.0397558533385656,0.6925134531496804,0.658801353929876,1.37
0.603356219787047,0.9183700396200007,0.7552778248156211,0.6762974018112197,-0.821822815329128,-1.2125709612134443,22.244447049028402,-11.834662604696607,5.598430074218221,4.953090791181413,-1.7619401000765733,-1.7251864474552536,5.330461746592752,-3.0105630887874733,-1.4920335719080482,11.669472254557878,0.4333966021506115,0.935551846580512,0.4238978484424216,1.39
0.31679131662400817,0.9342901620315015,0.6398106087311396,0.26572781489889286,-2.0951355885985956,0.008187897565549912,17.63888855300177,-6.733763219912886,5.5784961298441695,5.293757835009377,-1.7825643971066367,-1.8684635764356428,8.220224462206943,-3.195200368107554,-1.1709224950201569,6.478949747833391,0.6082880875526032,1.034290879712446,0.6203047337100301,1.41
0.3204998034669898,0.6134575691240977,0.715871810864576,0.5022466259477921,-1.4136224217909645,-2.7621384634006207,19.72719171489313,-8.209151287798148,5.1595184100240505,5.5835894657524126,-1.886551455579159,-0.7490165136511308,5.066808167348529,-2.8072141343957124,-1.7067340704886236,13.024594112074556,0.9490086233912525,0.5265547386588122,0.3040908856640518,1.42
0.26160334509469324,0.8353889674272132,0.6747689851447279,0.5679980401100447,-0.6860337772289424,-0.2580161820412133,12.753873414704273,-10.052792699558925,5.241316569237576,2.6085172813313986,-1.758136228335866,-1.9587286498861096,8.160362111697738,-2.4232843874437275,-1.5842364011606247,9.549267581923438,1.144506335476082,0.7683282723061112,0.561492835220239,1.4000000000000001
0.5735798415030143,0.9110650538873648,0.6337075057190896,0.43228816904828377,-1.6914391599855314,0.2569544996396063,22.832690737819064,-9.171994634160157,5.55416580917962,6.618236500756242,-1.6515540740653105,-2.1059555078208088,7.379325911959309,-3.7277565459399176,-0.9984716701769096,9.346361758005667,0.434615508294517,0.9662484689009704,0.5435063271689508,1.38
0.6311642609593411,0.9279380022626547,0.662935943563935,0.6302941136976525,-1.6811649842236478,-0.3730526848498336,14.910796284176168,-11.176282501672246,6.6275642612564605,6.220821744906826,-1.34569913093844,-1.9550320482721721,2.1909602432524387,-2.047596147378102,-1.3400529885777346,8.29687002466515,0.5973366153292547,1.0004187428659306,0.5210742928186614,1.3900000000000001
0.567412430291093,0.2877736391133047,0.598332966550501,0.5920935621358017,-0.6918108439048618,0.013461683469034647,18.48897743784253,-6.368157037682325,5.066165285880735,5.63454620849648,-1.5861641844484318,-1.9512944244512211,7.562429803390729,-4.922773974908047,-0.9159014720737478,7.18141973494729,1.047803185640024,0.8483493708341772,0.589963947119487,1.38
0.699207756783279,0.5221568727944761,0.714617570697252,0.5592138809082882,-2.2771785954839574,-2.6648449626857036,18.74168886753726,-10.101543815979232,5.895355612275488,6.636620864553644,-1.5485466237640044,-0.5667870571927959,3.015182313304326,-3.123679308220429,-1.7416874512790221,9.823052272347345,0.7754543752495858,0.8245000737193521,0.3973876873274531,1.4100000000000001
0.5567039400921275,0.8389233728757333,0.6101809767797175,0.5061864620597906,-1.1846871442037097,-0.10584323219077074,16.23802394914486,-7.294834402648176,5.652953144105151,5.981782031478529,-1.9710004002123729,-2.1437174443415854,2.9998160345087967,-8.6543692453692,-0.7042436637675453,9.573001675696482,0.5880022503468962,0.8632056929072593,0.4125447098972074,1.28
0.4227971254388911,0.9220893998446634,0.724880615142097,0.6675566216329023,-1.1682416439490146,-0.1867197551584026,14.668771136512065,-11.639738798397868,5.200207737462691,4.508405970302375,-1.7206733605569602,-1.8475612550526521,7.156346224181007,-2.9161401466740413,-1.7472236741875056,12.141493350001475,0.5401650982407157,1.0724329687304428,0.3484573587282576,1.42
0.734557158449869,0.7662529285023478,0.7472943803794092,0.20134064141930552,-1.7928236444739656,-0.15738646290074554,22.125688024766472,-6.583471190137155,5.1774331303535766,2.132316628557898,-1.1054748604148805,-1.9195412543029036,6.713248516009497,-2.8619077863465696,-1.6420475370677323,11.850730721743473,1.0221325815525928,0.9359306459385964,0.45313549411272896,1.3699999999999999
0.6080767514832833,0.946059227635938,0.7460882952447927,0.5550721872829716,-1.2240794950941003,0.08243963643083285,15.495131082834707,-4.070711146019469,5.425000531873473,4.323826996340763,-1.3195085591278797,-1.9003648473936738,8.050086011708947,-4.4554997482087435,-1.3816429827406582,10.35502958391806,0.9249249211658053,1.0368258581235987,0.13701967185866776,1.38
0.6437004029199845,1.0311265329946389,0.7236105572861314,0.7723363527034265,-2.2029308031909824,-0.19051569280569344,15.553593874173846,-9.864704331025122,6.481007192828998,6.172293709403727,-1.5712024366974995,-1.7790300283880884,1.7328007152330125,-4.00688450550633,-1.1923343910366753,9.375749368246446,0.7925797881091717,0.7167361946621379,0.5703409346804516,1.3899999999999997
0.7367828785150053,0.5855574500937926,0.6392769403048976,0.5544436883745026,-1.7879825760959278,-0.22240257311131242,17.95953848937266,-2.8444029883061224,6.084503109007485,3.830070891408469,-1.584085683590039,-2.1766480549521225,3.035519599403041,-5.242843379602271,-1.2051002831891593,10.030450269437411,0.9933332370911985,0.6827731575989426,0.32881268476692327,1.3399999999999999
0.7619851253756753,0.5753406282276943,0.6174987917868705,0.7600157438863825,-1.8549104928295626,0.019566826753929373,15.45003456560277,-4.925216611171182,5.785184362133897,6.288245260322528,-1.8539513131932557,-2.1683883223096796,6.556090905595127,-3.928606935125765,-1.149988739704198,11.3426010623174,0.3480758339398518,0.8129942718964771,0.3919015014412884,1.4
0.651384400097469,0.6362865506689095,0.5212198426353443,0.5391743829725482,-0.8210473522196428,-0.13350390509700422,18.873380252450747,-9.211078801137383,5.13372994964062,2.1949610545469542,-1.3705470663424062,-2.1152259593622187,7.832235728845735,-4.173214477904331,-1.2125828422887488,11.823012441377134,0.9276783428414654,0.7410933197760914,0.630508245541064,1.37
0.7395575434385394,0.4620855850003566,0.6718040705799564,0.29380541858400167,-2.0061258874646994,-2.2169481989579434,16.437428545499557,-8.450972198965594,5.174464172442467,3.0789882075164288,-1.3543836681722672,-1.9117547085383688,7.816283545786101,-2.6392057025264624,-1.878708053413707,11.77549664733855,1.0048150205115005,0.4141101659578422,0.32438065414311246,1.42
0.7827373838193846,0.45701757612138966,0.7490687561130543,0.5174434530932543,-1.6095221800879416,-0.5137032861082897,18.749612871612882,-11.883190615094296,5.722323779212601,5.6156586844481815,-1.551405895454193,-2.0216121414487036,6.925966155493851,-2.31444204765498,-1.760778145083517,12.843252319668629,0.4153492102667617,1.0574917289173205,0.315034961374082,1.3599999999999999
0.5026499384326092,0.230291086769763,0.7449642005403749,0.6589159288682033,-1.479842261791393,-1.2766309996970524,19.472530480387526,-10.095538834913738,6.14995400362726,3.8326398706662865,-1.3636997871537342,-1.5012475417969053,4.242003295567651,-2.541287526092189,-1.8232351521676482,13.731127000258969,0.5734635993206989,1.1503264015787704,0.3236446127877305,1.4000000000000001
0.5519583034483482,0.5986507042488463,0.6091422851052216,0.6509063860224613,-1.5397948806918436,-0.38325883304756,18.45567993643757,-3.4893371380001996,5.441015990435,4.132002965611724,-1.5248545226608983,-2.038893304441262,-0.9766874951686706,-4.897523124992526,-1.372869718779841,9.075749766518717,1.0259321629412383,0.8841875849970257,0.35383359171429785,1.31
0.5087087115765008,1.0660288139384406,0.6536784762080476,0.7132643698782777,-1.8333297219333375,0.1307651544880869,13.563046318356916,-11.085073739598474,6.0036736381158216,4.807657473993861,-1.646055659778114,-1.785562941829107,4.715596840888518,-2.719750462539512,-1.3958481611744353,8.969557339430349,1.1636593640273125,0.9552888679187761,0.5358456196132857,1.3199999999999998
0.4875546695629947,0.5048130329447872,0.5073730313996108,0.48572151448966583,-2.354792701885909,0.2623553240416737,18.642265974727902,-8.773476815085534,5.704723303107949,5.71339621266445,-1.8658240616989832,-1.9338239261650134,6.8377653563538185,-7.935231482513744,-1.162340563497949,9.71568316311869,0.9543773298000555,0.6167530067014071,0.580021018992732,1.42
0.48277944790833943,0.5513536451665576,0.7697773981054088,0.5556885329573078,-1.3601336030704227,-2.9211595388074163,17.910586023818546,-10.485227749745233,5.536745971128565,7.386678806237974,-1.4678526490303794,-0.8050917693559679,7.505996494477937,-1.3238155492268207,-1.6004384109534833,10.053456914478474,0.5588273387088724,1.1057251164746686,0.5017025127089642,1.3900000000000001
0.5745351707751317,0.5203741295403214,0.7053104808849231,0.5253249577538448,-0.9647511001210468,0.14591258963096282,19.69125083169829,-8.438310536765169,5.978407642748563,7.514972564864601,-1.34131025638063,-2.040322565596774,8.471647558723273,-5.0852693234160435,-1.7047808187849576,8.30131098077755,1.0726522374573275,0.9307360533241051,0.14498785667487812,1.3599999999999999
0.7129017898338772,0.3615895497757804,0.7098062149828482,0.3960535574094894,-1.2422099851261932,0.1613298379332415,19.229370668133253,-7.1327884243476944,5.730538668459696,6.43392144768339,-1.8239312550254885,-1.9690697745932852,8.058004788872038,-8.799818903484496,-0.997694913653811,10.88670887595105,0.5082107747808652,0.7629797698620664,0.41464410610740976,1.42
0.3931385524576557,0.7036365243459644,0.7320893137551775,0.64636783589035,-1.9549475035694956,-0.978019066458621,22.10968297880203,-10.723498144779771,5.1948578226082756,2.5133422269549,-1.230318395335483,-1.519435938380587,3.9826738807584974,-1.667703040846975,-1.3738219167654953,12.751686619458548,0.7736278707198636,0.976224666277392,0.46535546530126043,1.42
0.20780577015319077,0.4132562973914205,0.6796136574268338,0.6970365346444924,-0.7988066678018685,0.23751498363386508,18.697776127929206,-11.989756392299386,6.28494798084306,5.586415967774978,-1.8924702471616557,-1.9468656455805515,9.761536114056042,-4.087825730987019,-1.2835123861198605,8.68585164379577,0.8216299801785352,0.844929656124982,0.5273794314762462,1.4100000000000001
0.6748828704556644,0.7716541036813777,0.682293622303354,0.699523424391955,-1.6364881310052684,-0.42175940507195847,22.02532561517638,-7.330224717992619,5.2142540670353,4.934671059332774,-1.3324246102930701,-2.0226009929022526,4.007411824097391,-2.922091365159223,-1.8134467941118961,7.210862505655818,0.5271447918479952,0.9751576253767109,0.2242995162509741,1.42
0.6981274687977462,0.6237433568975639,0.5128575197179452,0.6961875314551268,-0.6719682834194789,0.08732291933244632,18.84746110365247,-10.350587555224577,5.064858576511027,4.771556040558463,-1.6427135664536079,-2.1400418264419194,6.867196557531347,-7.718612955891024,-1.6324818324781525,9.673454747528728,1.150003791456067,0.6395014603920822,0.34170310998874687,1.37
0.5167111569006335,0.6995087712124886,0.7734114408464766,0.4211105184131359,-2.2238949730965922,-0.2909231671055623,21.755653402090577,-8.963669547686756,5.170539847565305,3.6128577042387233,-1.0476079303924315,-1.7641753967397946,2.9796194591718983,-2.6020013880809296,-1.752861604275642,10.21721206222092,0.8287552731563563,0.820343970615105,0.4818212994560467,1.32
0.7556564353023638,0.7350575633704086,0.797397727910162,0.6983589110520803,-1.5215009859200752,0.07411517184816852,17.988623919500366,-8.802457828542785,5.51169059359004,5.402774317872413,-1.0725372304187109,-1.7033389579744718,8.109790572696715,-3.996523902651719,-1.318991785521984,9.394799108697269,0.881884836421598,1.0006180049239126,0.6589861950535497,1.39
0.6928030154013827,0.3837265745342119,0.7467484336760236,0.26874770476844506,-0.7916020069008498,-1.0350327062487292,15.806479917809863,-11.941926499853057,5.305664480528355,3.3314806940394197,-1.7382370385376098,-1.9436029585309726,4.0858061200344435,-1.8764110934080604,-1.3148457199660692,11.989739881275037,0.4912286338493039,1.1204252150264522,0.44704149290536443,1.41
0.21410460026461564,0.3432865824096377,0.739643658420718,0.6114290579126591,-1.2299641165723192,-2.89688674610116,13.300334534920559,-9.947500575781389,5.744459980839831,5.339287895611799,-1.3002153084413068,-1.1288434071519093,9.438271987436778,-1.5922534417276772,-1.543347951223324,13.02813134770552,0.9337228383083613,0.8217615261070772,0.37806566215544485,1.3900000000000001
0.5576145445737829,0.8145451652643719,0.7782782020589203,0.48164363848034764,-1.6817380174814078,0.03125630968381338,15.514032779098745,-7.20802054749624,6.7803309762442,3.3807641728320132,-1.403073147225395,-1.9370499983748906,7.327085190774405,-4.182573521955683,-0.953109737214349,10.920508000112724,0.7874897537143409,0.9649954203481349,0.7207721962673029,1.39
0.43095779018165387,0.5652488541776111,0.7981528901375288,0.28848243326870915,-2.092346593957761,-2.193729715695655,21.77102544821762,-10.657552728807824,6.529105934891172,4.656095200376458,-0.736379523267416,-1.5436876033407958,3.119266162165622,-2.8481157602317135,-1.8011564820513881,9.599374331499648,1.0829959646822447,0.9175977038242992,0.2805204776044586,1.39
0.3844163835366179,0.40451323018303054,0.5529711759563358,0.263618818921252,-1.603677457378638,0.03915785897132954,19.333336900402124,-10.022971079546021,5.859436285226741,5.627345158545385,-1.5998082872056423,-1.9386782257106732,6.836759254523179,-3.0328660026978556,-1.52753374026177,11.310376618483275,0.5928787621000315,1.069321535580223,0.585277343024582,1.4100000000000001
0.5778150323658308,0.8722096870207653,0.7269824452341181,0.4510296346148,-0.43630759303068156,-0.1376280852037997,20.261738755886356,-7.9083792728836135,6.217963791115148,4.359865919406668,-1.5733451487148735,-2.194667400973801,7.688107950341953,-3.555940811269224,-0.7179144547155235,10.492742005294424,1.122927852902316,0.7616212004987727,0.6207867438283594,1.1799999999999997
0.49517564673514547,0.9937086919953872,0.6843160947849266,0.5735023887893019,-1.665077540147685,-0.1465334889303147,21.722958789028638,-9.563925379120818,6.003814170369365,5.376334038850619,-1.6805978004244548,-1.9644414034668838,3.093931809860848,-3.3077484005777764,-0.7291598264776531,9.2925360442947,1.061905619565324,0.41751958707473785,0.8074336210819817,1.42
0.6676304445476973,0.839952148775253,0.621635357722204,0.30409018444530433,-2.1064991593541045,-0.5652997620490499,15.408536105878314,-11.760358738339889,5.600776824259075,4.82778043861725,-1.8046870775616237,-2.0412492116511456,2.0788917904322775,-1.7643780467175505,-1.4910800014098524,10.086710489873427,0.4110544539845375,1.1489533053818528,0.5655922386738352,1.2999999999999998
0.27969838981487255,0.8547734767162858,0.6684390723233965,0.5989598781815432,-1.6097267861451932,0.1307653295876578,17.89191249442847,-8.840493179541719,6.221137626124188,6.527913287596643,-1.473434368023339,-1.8773257567030779,9.84882767324473,-5.040595693811859,-0.9149279557519248,9.55328466932265,0.8363040493531164,0.9482985647880514,0.38731482153544283,1.38
0.7526843939304155,0.2854109828036042,0.7474122107628713,0.49898261610288414,-0.6079704546075089,-0.005340425725946341,16.645812802302164,-10.394271844694106,7.014816260976492,4.797685481855674,-1.712444853190228,-2.0666390831022423,6.526263692974748,-3.6584773482444417,-1.2879326798107746,13.124810607597917,1.0470821965817045,0.7960299764512846,0.40575522180611107,1.41
0.4158343277459851,0.778829534260657,0.7835266192269119,0.6038356695678009,-2.1761645060048207,-1.7793747517960183,19.216735037676365,-11.226806609702999,5.852904665291729,2.089826029219964,-1.5055480557893444,-1.3383305742318687,3.308832086119473,-1.6687787458196004,-1.7436153917536115,9.746337004668426,0.7059873998124118,0.6999873312146595,0.3588194287036184,1.4
0.4883739232987614,0.4492862038534663,0.5535324023760593,0.47338279236217246,-1.1067500499707859,-0.08021073764737444,18.43058341552096,-8.442320410621809,5.807646061394422,5.670735385699578,-1.6687777621107391,-1.9927229039338537,3.3494634644655563,-5.878423911507636,-1.3788587769871667,9.591992489200123,0.9829576970830004,0.8509866362940697,0.4246493688516201,1.15
0.6246583014926392,0.7905723960107987,0.6385207537612065,0.3723258113929176,-1.6099525070090577,-0.1757096990975544,19.751292704030003,-7.564734166265762,5.216572230406355,3.3182987790604694,-1.1765319989015255,-2.0304708304203096,6.991301537317642,-4.070785112459042,-1.0130037173466317,11.52862172715107,0.836254716490244,0.7684082859425035,0.7885731798869393,1.2999999999999998
0.4135212240784483,0.7951414407824228,0.7060137898713079,0.7915265722310263,-1.6192537570979908,-0.3170553985866023,20.468930028324696,-7.132114374631135,5.697682606375203,5.78344899897271,-1.4073102352107911,-2.113304852719001,8.478991220701257,-3.154134877187058,-1.9653427562612023,10.130753857079347,0.9077433338342018,0.51800531792328,0.30043383641392707,1.41
0.6441511852990442,0.5119484322601193,0.6951218430869464,0.4849810098515535,-1.1573649696391735,-0.5062450793172817,15.587369956277229,-4.465360309514782,6.052021827658746,4.738689508852698,-1.8194766517989143,-1.864737800655581,0.5131314996897642,-3.9775698660252483,-1.258373163748369,9.656835147282495,0.7225461145251597,1.151918254878332,0.5082582709012017,1.3800000000000001
0.6369786836613656,0.9852498869959737,0.670268736987442,0.36620326355094185,-1.7849779770781822,-0.1456662734097529,20.081466222147196,-4.5344248759294405,6.008725359826746,6.620840666579771,-1.545867187079887,-1.6786000920017992,6.425241759860956,-4.660768598459431,-0.7286362691890179,9.546180819516422,0.7102117498344452,1.0714003261061593,0.4321634898868325,1.41
0.6395099099731179,0.6270945172136871,0.7058162683746724,0.6440157286986998,-2.4175782558602155,-0.31639596048971136,17.19806811992911,-3.490340332341477,7.268074916738137,6.010441819184312,-1.889399071058876,-2.029133584115167,1.3351228262630477,-5.406002304294572,-0.9983712674194459,8.353474437433405,0.7659059652118845,0.8028301232674853,0.17612613276707556,1.3399999999999999
0.4597532189484701,1.0288588610830973,0.6046719818638984,0.7664896680053793,-0.8392387109287465,-0.17660158231601822,20.820362381735002,-6.040753607810364,5.71176619546609,4.749111908889642,-1.48524094972128,-1.9858711164515417,4.136435590378251,-4.0540293058821115,-0.9178140726575665,8.66413009766996,0.91161711777572,0.890247309026696,0.6427064002527598,1.2400000000000002
0.2934507841974175,0.3662720556512697,0.4735335746149266,0.3602888001237149,-0.37515471349153073,0.3302756437901814,19.158657737391138,-11.122275169128242,5.644103337624998,7.716543397811284,-1.893997128028626,-1.9415808265561934,9.6294026043652,-3.5978481750489286,-1.1351284278801494,9.160067399604795,0.7924885194984657,1.043149875890275,0.2487219610713045,1.38
0.4100207523113711,0.5488268878495439,0.720798859805627,0.22214361987531295,-1.7816819474134482,-0.481314047275631,15.117337444512213,-6.634005913928309,5.118915299130451,5.0828401598389155,-1.8980994072638897,-1.805258067074851,6.292256811752607,-3.3756745666352463,-1.6596919132266175,10.707698514584276,0.880187406040549,0.7260075480058945,0.38739919151692803,1.39
0.7764994543957724,0.827602981796739,0.6771816164984025,0.5076673025039351,-2.2005909178713807,-0.16325175056164287,17.245083064071093,-10.354590957310597,6.363761021386436,6.23284716036209,-1.0264770169167985,-1.7321427349140706,5.954314645355571,-3.216455560361763,-1.6200314885046128,10.404999280490053,1.1139839072273785,1.020116495826824,0.3866557075262713,1.33
0.643637913263659,0.6934434751277526,0.5798640878670893,0.6549472174000578,-2.267877938123756,-0.360505811369711,22.597888114555293,-11.823125359405125,5.187294830683831,6.321565469003709,-1.7612448552318627,-1.5034815086894822,-2.596758196918186,-2.018248914620268,-1.307708096945449,8.320017735741645,0.9491997359751387,0.9758444697548463,0.7296997122554294,1.3499999999999999
0.7716967186143482,0.7265232566250751,0.44338051533665895,0.7120737994860009,-1.0211626667467255,-0.08324162529863127,18.452382098740205,-11.689243176458117,5.337107927239289,7.969975737246947,-1.741228846375143,-2.095608824934124,4.850769539222464,-2.337205778572388,-1.158705170276465,10.612050965595657,0.9176615958468621,0.7064060836404449,0.7016237768083277,1.34
0.5783948033363138,0.6143619744947757,0.5633006121001363,0.48040185940053093,-1.2456720614549952,-0.014075025937141328,17.252406473371973,-11.110573000861894,5.878705987967223,6.801944731077443,-1.5941021931028168,-2.028294583004211,3.7720336468716553,-1.116891832398884,-0.963298400405086,9.864500383273356,1.1853299044687926,0.9089714135234501,0.8481429976921063,1.3699999999999999
0.5412743057675967,0.5835092393965016,0.7746442976640016,0.307833863366996,-1.350702551095659,-2.114502322467071,9.983469329637416,-7.7445112737226305,6.008219648153681,6.7842761177152004,-1.2246271224007383,-1.7307776901559637,7.33356326443675,-4.082194550910032,-1.3293866283390807,10.364849770386712,1.0955590857663684,0.9496823499994115,0.3912972613171769,1.42
0.5714626164131578,0.8035683488425281,0.593589842563041,0.6907737113093326,-2.4966337142917943,-0.3131084310386304,21.15836757568902,-9.745208517343817,5.464547678881073,2.454765865715552,-1.0350028431647247,-1.689264626513487,3.788053236444131,-3.6050556963393756,-1.2454683864657092,6.1863401669520215,0.9397343130347999,0.9410218450578071,0.7824255440839682,1.4100000000000001
0.5392479655415521,0.3899891901477136,0.6728748069884162,0.6333046498654867,-0.3941867678838489,-0.5768295112136329,20.46011847340448,-8.017171597343719,5.005366299718115,2.282758113601002,-1.7952749798154641,-1.841957237826934,1.5973958476826098,-3.9288998565456037,-1.9197900911481427,6.12821032571572,0.6590142819746044,1.068751357673492,0.34983758264394266,1.3399999999999999
0.6532894093303587,0.6180399479588118,0.7599457710716986,0.778680632541546,-0.9336049529923262,-0.740630212141006,21.379136950871647,-11.30281173013622,5.710191965347867,4.247678611723554,-1.2880138371799483,-2.082978784277388,2.1059417673889866,-2.1911250931887265,-1.4043614178069463,8.517799739802536,1.028900678250748,0.8113586503608676,0.47418249522742417,1.34
0.6853524962618341,0.6290415109479651,0.6231938220071358,0.6584009158109297,-2.377750276075982,-0.010079786233022942,19.452177006017564,-11.343315362242189,6.114279028911236,7.821451782825483,-1.279226022225023,-2.041760093070352,6.263774308626521,-6.985181864639252,-1.6122168448609138,8.695456249997155,0.4160920667875252,0.7964238888449526,0.2914925900942188,1.4100000000000001
0.5228448972688694,0.44026485731589843,0.7903417483128992,0.7518535329552195,-0.7720243613376836,0.006385596054485965,18.632722972218353,-9.886711771628052,5.299644889337964,5.546399131171559,-1.7063506121265577,-1.8767486902747046,7.508861110568847,-1.3581033765941115,-1.9056814255192,8.683012831677166,0.5036699668959632,1.0303966288175221,0.437472447826134,1.24
0.5196338011446806,1.0178460445412068,0.6513892989901026,0.43664432798969033,-0.9053932852452812,-1.6748957485559635,19.28903469930068,-11.080503651307819,5.256562754799552,2.593953719455513,-1.400185180112501,-1.1507811443789795,9.838260902670962,-1.5164374609688784,-1.5650926334160198,7.915311625551319,0.9422341920299607,0.87150781319852,0.519569106762871,1.4100000000000001
0.27150583088737146,0.7443773435592691,0.5587468774353698,0.6079963280704074,-0.20163803147950177,-0.05841143689145789,22.829376216848107,-9.921847820085551,5.471509259986111,4.401904015434812,-1.8200956269629205,-1.8750085043296598,5.673165556713461,-2.338861017978914,-1.1909413687533006,11.289193537909558,1.0307916766255178,0.8712658275169038,0.6136318298791145,1.36
0.6903082233216232,0.5256341147085112,0.7890326734811531,0.4226659755324571,-2.2920225897444126,-0.7077617609788972,11.460752108340218,-11.098792863277055,5.4486183745324315,4.2796190324800385,-0.9161449671858382,-1.7537487582921232,7.862881829609481,-2.059633004712789,-1.7137674714428792,8.336559028711555,0.9636759657284372,0.9991462618491086,0.38609187219595364,1.3199999999999998
0.49713736412900833,0.7942553831724471,0.7120660987259602,0.7940475591050331,-2.4129785643071378,-0.41645423402374415,19.82472223124326,-8.955680218522048,5.303316054181923,4.843072540955268,-0.897122518318568,-1.7764253028598551,8.510935503494347,-2.938032183310222,-1.4793008719869483,8.722887607044019,0.7166291003631573,0.9612901954629459,0.5479899590266019,1.42
0.4568494505797651,0.656903255137064,0.5679847770584192,0.5811399472673936,-0.5699000751601191,0.31074092958768473,18.956798257946108,-11.80808678156142,6.635179889686391,6.473332855318999,-1.6024759682035603,-1.7460577377731956,9.498549624608954,-1.60375521464355,-1.070800773877263,9.15103735241209,0.9135736708380925,1.0762459093609011,0.6196413852124745,1.29
0.5115073216882444,0.5230034579455978,0.7614449351007048,0.7757288814122429,-0.7951729358909839,-2.688638066666934,22.86583255410538,-11.235292525078552,5.683899781139468,5.821376034486217,-1.4634193623216731,-1.301884840124459,9.715308568431102,-1.93021268053562,-1.9240920854711903,12.57850189911827,0.7041078582685041,0.6942627139500459,0.32512431287950266,1.3900000000000001
0.3447551910885876,0.7417268730663663,0.7234917923102292,0.365292264489599,-0.9839315238066064,0.26694144104613504,21.948009334961412,-9.89985752598429,6.568981748537609,6.177636258650338,-1.8550845894660122,-2.189569300727535,9.910158820748688,-4.549807036162928,-1.091461559214427,10.653102974312977,0.9470446743193512,0.5821986273243038,0.3938386916487353,1.2
0.5170225998969007,0.4198590801459515,0.6395801180896494,0.5287454819072035,-1.753268212953797,0.3336380152500579,22.10050696216777,-7.8872791257106,5.453811872175669,6.27736852424874,-0.9765265736687876,-2.132064475383073,9.174713364707493,-3.6254372966061754,-0.6834199470434612,10.60648448620182,0.9407933896551963,0.844643331979587,0.49198895363318307,1.3900000000000001
0.7612730510841789,0.44370635958122545,0.656960356586678,0.655273322448054,-1.802072958852756,0.024527747012260834,20.62146184449236,-7.6809191091757825,5.011171441793853,6.154056759499683,-1.7861430035230512,-1.792536550295084,9.200372717675151,-4.3898291839675485,-1.5436004766342506,13.316212854659408,0.7523820573328901,0.6205319114008707,0.4407072765197968,1.2
0.7114286585409623,0.42459944596348626,0.7678725857166193,0.379563760296301,-2.0747479842910277,-2.3250317412571615,16.157642123939635,-11.019916000947276,5.754297157654126,4.197344924974425,-1.6965874334242763,-1.1553610950202318,2.9228344261205486,-1.580495494691657,-1.532581153052289,13.352463156913567,0.46063760093638184,1.059583984458557,0.5018107470306414,1.33
0.5556646715965233,0.8465978898458204,0.5887803922865156,0.23918464879877846,-1.7606972824256981,-0.3001974383647598,14.535994941225802,-11.438859527976613,5.530383073843685,5.488290573607209,-1.599939720290133,-1.6482568956316543,4.726654460606159,-1.9105127216142312,-1.1761252235333048,12.783149020728384,1.004081048942184,1.0521894408698742,0.7649345584474603,1.4000000000000001
0.20541266024417348,1.0056206159135357,0.7727299722673574,0.7964080761862403,-0.25417961317615156,-0.2433319326776973,14.716293571083598,-8.75468183257857,5.6816410080138295,4.19423493178989,-1.921670008020871,-2.0467611742790615,3.4112506540057157,-3.6191847168648033,-1.5809389465272181,8.546503324733875,1.0046903442522903,0.9888148043131659,0.5306224186448485,1.25
0.40724646133149023,0.3568840105814266,0.6279390005695034,0.4419485335757304,-0.48727415531384705,-0.03274520209338713,20.00780135812739,-11.772187266500683,6.039189686747472,7.205834926220114,-1.723420612284213,-2.192792584716292,6.626345592230862,-3.7442610618764247,-1.5377083625787464,7.9226006776563205,1.0814524945610848,0.7351553889336109,0.48207465996530785,1.26
0.5587839178216701,0.2163171032048355,0.727601157307475,0.23259255593119796,-2.416763359865472,-0.7382432467332274,19.658154286039213,-10.371183908566152,5.458244714594129,4.588548315292723,-1.7915431422436148,-1.7795771902942463,0.5924174425478685,-2.9800345757964974,-1.2165865669791078,10.20039670239965,0.4433223525539307,1.0858996866438708,0.607933567712009,1.37
0.3323485833834647,0.2676709717064737,0.6587006733278342,0.37976768940733596,-2.435685700699456,0.0917347199798488,17.333239249762553,-1.7158273103197041,5.419883302058822,4.5036365010265555,-1.4064581689432876,-1.819337906344728,7.027183199031589,-5.808815651236696,-0.39465164781851575,10.244365621414044,0.6588933860042359,1.112221451033372,0.42339870196637075,1.39
0.7471323851534692,0.9794330920669523,0.6916837323017442,0.40788202092054004,-1.7564582517352898,0.050987424788885405,14.98589397131468,-7.345924920045441,5.663780449151763,5.398615477640102,-1.6210945817852103,-1.7058144259971093,6.527017206329658,-5.358376681540828,-1.2464909113176397,10.541888079809487,0.9426925640564375,0.9226627500886835,0.3442944835368954,1.35
0.3292281995582019,0.2529464071578008,0.6269789768471132,0.6006197465744347,-1.6020017186109121,0.3202600709676415,20.276522612203657,-8.820571503262437,5.6115631201261476,6.6265080547285296,-1.477429104674398,-2.1651012745629243,8.220971165725423,-4.322169076193518,-0.8780612453256378,10.89077813313046,0.7404039328206786,0.8835647472806424,0.26634783829895436,1.4100000000000001
0.736773482706234,0.36034140908006684,0.7520450502603531,0.42962256178732233,-1.069886559953508,-0.9230421240176783,21.103848033123928,-6.813449492393271,5.664310969456966,3.6530190114703505,-1.7900604484634681,-1.4266800966894437,1.1611906073999168,-3.0890927706579827,-1.1195794119610996,12.613297689952226,0.7954895192209809,0.9466558641890279,0.43781559171399687,1.36
0.7297103287424155,0.7012002331561245,0.6237907860270477,0.30889128627402673,-1.7989926921148838,-0.4832180749017071,22.504368109987066,-11.713952698704812,6.142801585007864,3.147788855320508,-1.4909223216904819,-2.087455457687012,0.3399790722858492,-2.74372807913666,-1.3685117110528056,10.968182439980069,0.5327829933322039,0.8326983802727225,0.6867495395957137,1.42
0.6592999096433636,0.6195799474610971,0.75418790895414,0.6021964440205894,-0.8875244056191294,-0.26013310318549143,16.727893673319375,-6.450827435912296,6.545923759168918,7.414587246782368,-1.8392356219211423,-2.0159142230457787,5.542623725779227,-3.940284334019506,-0.9144286433314468,12.236177353403964,0.90497116647086,0.7099219567257082,0.4849738733434439,1.37
0.6871057104618483,0.7140839619405931,0.665525186247314,0.595963135862744,-1.1517515627498325,-0.90136826955611,18.46239313432969,-9.996402023145619,5.7816341510817475,3.371785039617221,-1.3295815787259697,-1.9121149442725855,6.860524124138987,-2.767194326198765,-1.5076006562569866,9.763003497789834,0.6259349779814596,1.0303476613339817,0.4394996629549555,1.3900000000000001
0.5226668460765336,0.5439649786868995,0.6428970565840176,0.7663755912210799,-1.0595207169619834,0.34098412921473437,20.519288308185367,-8.383615810935481,5.598566067997464,6.571376160712015,-1.5719831393471737,-1.8846301780778911,9.136760548136827,-7.875051640196429,-0.7713416403131322,8.86006442075821,0.884082947378755,0.8645979871785524,0.3019715878832354,1.35
0.2171186343150664,0.30496913830044725,0.79349358124631,0.3623453698205802,-1.5003040832630261,-1.837472776608527,16.407820850917375,-7.865209820090279,5.863567255639934,3.0486517993640074,-1.0831282410011311,-1.6909772815283781,8.403694272932137,-3.576819122772794,-1.224363455604412,11.315079901598876,0.6870371852224644,1.1840093559670724,0.4037637176073303,1.41
0.6753470437657738,0.4112892348440462,0.5317138562869828,0.6712730861383169,-2.3295026791002114,0.07335428917964906,21.818316206092533,-10.630669795478342,5.1832175032947685,4.922269366186592,-0.7068562645257103,-1.8091666810720737,8.532275170289154,-3.074542916490981,-1.061838044734218,11.368121908802339,0.9404276900216414,0.7434239876275153,1.00172799307424,1.3399999999999999
0.7034045759583347,0.26809673978248294,0.6799724554498402,0.5303326671800177,-1.3525566998800498,-0.4719253972372341,17.66143111767235,-10.367195930490333,5.827135834075689,4.693446733530891,-1.6813743353083075,-1.6379352963556963,1.8564992187845328,-5.043210524315343,-1.537193664859066,9.660917475348905,0.7413878796864939,0.8906491434762018,0.43925014903399473,1.37
0.6157036732374217,0.2980294307420791,0.6673923633017862,0.4480409869214294,-2.108135733399581,-0.01702448212450458,17.33696404040586,-5.055803927877136,5.740479759870701,7.699221303681271,-1.3608748475073267,-1.849439722276562,7.424327018973498,-4.639981129183663,-1.441748967590972,6.692672176538792,0.680253003811359,0.8684529010769556,0.3298639381947694,1.37
0.7074633679383544,0.26084103779713214,0.6804549976197836,0.7160613077002571,-1.342880598252632,0.15505503022592562,20.838616922179913,-6.0528502358702685,6.243608247929713,5.393182715301117,-1.4186131173478989,-1.8475684521725726,8.26559622153046,-7.126979186915749,-0.3677745671872272,9.440422938817152,0.7506212522334761,0.7007566137614295,0.5785845365885044,1.27
0.757932403884133,0.2091162673756921,0.695199287364006,0.6443437648667711,-1.4620731557136453,-1.1181369313534317,19.82112263045088,-10.979290149119862,5.705211679326974,4.776690070763513,-1.4052961508908148,-1.3059616372209637,1.5287413933496552,-1.5792473207759823,-1.4734154746922514,11.083832856149073,0.8598275557096531,1.0021818165264706,0.4911599385287301,1.37
0.44640124786593804,0.7101538347171275,0.6827321374231569,0.36585435466153793,-2.3857071928672218,-0.011826856481086362,21.153996846638027,-10.694536739902563,6.070275955182927,6.3238635418859355,-1.3330723591119436,-1.9442579292151323,9.82201222643446,-3.346078449930792,-1.6592532073779989,6.261048186702855,0.5912771638420039,0.7287572710023523,0.3406193528824922,1.38
0.784085718405185,0.9092422397632305,0.795975490041292,0.3531628960081079,-1.536897804704803,-0.48239295304246577,18.953015311435117,-10.143432265974992,5.417400358630614,4.714948024653033,-1.4539730783024096,-2.0946460421616453,8.23370205173108,-2.543233431380243,-1.5286971201472357,9.43454165556485,0.4729477817581367,0.763573282972716,0.47324821772038417,1.31
0.5422641905145444,0.9797899703497951,0.5037008663659199,0.6355362569098758,-2.2093287469210416,-0.004794903939152925,16.225288792501132,-4.395763290950227,5.580427386341743,5.577659209026234,-1.892061286981321,-1.8971655581146958,7.179524454760255,-4.586621292535284,-0.6459684082285319,9.528948182963282,0.46015243070007056,1.0225097721560406,0.7511323659785667,1.3599999999999999
0.6098083591439105,0.9103446537773396,0.5077530468829895,0.7409903699207772,-2.4695506537450544,-0.07185281530358134,18.460267777587582,-8.789893383199388,5.760423736437393,5.186461941256933,-1.9765655720905693,-1.5427991064576994,2.3041191989519834,-2.68310087708336,-0.989150050197837,9.401995092455527,1.1222832734935597,0.8141291025772253,0.9651118231827379,1.37
0.5048273449626867,1.0948277326274072,0.741929748023927,0.37317009518729066,-1.369534401690553,-0.1901264687169379,19.967988525358507,-9.32525796541681,6.504004084662595,7.5574182237909895,-1.8653895971482983,-2.016640145230783,5.971138236508264,-3.5239819353037327,-1.154520639981843,9.622556062747565,0.6669605021556572,0.7380346606063046,0.48646102278911396,1.42
0.5903824808319996,0.6025549044599922,0.5829042207857829,0.42946222448650284,-2.4682406669355617,-0.008429822648136354,19.11683730560093,-7.96605477483402,5.152375519180497,6.089008962232249,-1.9862086832383075,-1.9935155127398527,6.900782999258959,-8.403742904206334,-1.29346155730685,9.585495956837082,0.6163577121914123,0.6344780195323104,0.3748930055120684,1.39
0.7061791853968481,0.6641099751867822,0.5800766949316649,0.725258139036004,-2.102094077319897,-0.1513851961121856,17.183054606224065,-2.6822471659263245,5.550252348160835,5.403554013170973,-1.5244167266249762,-1.859797981554241,1.8755450010199193,-5.242212848045505,-0.8094922402132765,8.655999796622137,0.9239406604777649,1.0358853965400239,0.5257560834852364,1.4100000000000001
0.5923503822087487,0.29628394781798273,0.4681930340479406,0.5203701614538747,-2.0379439781497406,0.22280316588636437,17.71477598158742,-10.151466928499254,5.481217734469557,6.710896196055213,-1.073788999076426,-2.0707302838217867,7.590960665365151,-2.45811988445049,-1.1390885163458357,9.329592296773088,1.0027767559603087,0.7719127138786044,0.4369914665432141,1.35
0.28338316649779827,0.6013039009030776,0.7677445940815335,0.7281747469270009,-1.7896338204130768,-1.6440145619183926,19.030731784364214,-9.272684777976064,6.085279629568017,5.494946346666116,-1.327299541381758,-2.0968679290785066,8.308345322327956,-4.7594139900457195,-1.3685676700457305,13.613203668399484,0.4419487801933036,0.629507086405433,0.332352368734272,1.3600000000000003
0.6122881320575061,0.9565799173057565,0.7745640231179403,0.6708624913953208,-1.4129750081601515,0.2685123494013433,15.165664495795163,-11.588489390935345,5.966590040811689,6.499820740894627,-1.6536238985304255,-1.9511766415251395,6.809339373289962,-1.8573896931135345,-1.4339367079222742,9.403850955920824,0.4290263700450891,0.8394067844544151,0.5712837543502802,1.3599999999999999
0.39664570318589076,0.9538009568073221,0.6109617167795266,0.3182676605076998,-1.6590013489928488,0.23731754765591878,17.75032034314981,-10.085521413809209,5.641449875327261,3.742658261129992,-1.2314837060529107,-2.1392930288209953,8.223531227027614,-1.734943255505533,-1.0220498533466484,11.256439888762614,0.5991246839628,1.1509994849324139,0.9594837000191463,1.4
0.33671113621720705,1.0291242850297786,0.6325236634017758,0.6735495821317031,-1.4006163547006971,-0.3061236547549382,17.51992995838792,-6.067341659631038,5.449704304469971,3.224041910432117,-1.322565594705105,-2.025154712103779,3.392312363237683,-4.701358921280211,-0.971097933938946,11.062216876803943,1.1396407369975798,0.8322871659316365,0.6428315062728742,1.3599999999999999
0.4639621551217394,0.38114977831587576,0.7294793512731892,0.35191683872066903,-1.868055564294705,-0.1119156460289995,16.634997223729737,-11.392789880691145,6.80649711358331,6.910108001929321,-1.8768135024956967,-1.9083561865892054,2.5555850252186216,-1.6810883908840462,-1.468308002706709,10.817332356948985,0.9879327252460322,0.8684483167568171,0.5270927149921307,1.3599999999999999
0.7940868555201545,0.27115444678903033,0.756613033729321,0.31136292211837113,-1.9805611087628334,-0.9484151958362361,17.80696242703408,-6.3262473588675885,5.264370598458729,3.5431366287075985,-1.3345050857078968,-2.074667033742801,1.5212581836216081,-4.325664714072434,-1.423275498813098,11.710426717639034,0.33875575497092913,1.0700531061726715,0.3156180461620054,1.3599999999999999
0.46067377453056113,0.6494241683953326,0.7612341361960129,0.46401366937036825,-1.5204105252278026,-1.9516967228326685,21.16561828982084,-9.80179129026354,5.427540823900317,5.752754995180582,-1.0817001381084401,-1.181749440951449,8.10502881253888,-3.1477604336946134,-1.568971342228306,7.564683301700253,0.8434342935688048,1.058676828307649,0.385008359683086,1.3800000000000003
0.5360054837934211,0.6083434178892095,0.5804652103667727,0.6191467884688473,-1.2014115218510344,0.08212966408473024,21.94725719904787,-9.200119453663858,5.774225185971946,4.526254904204659,-1.3872495344109728,-1.6979412584034255,8.412023080856784,-3.984240131846117,-1.4354240728588008,9.150933590947279,1.1268119681569764,0.9182803906039861,0.5948517625894258,1.2999999999999998
0.24262062130290968,0.36005796986023797,0.6886272772956973,0.7958044348651663,-0.21967398390374782,0.10616024204085422,18.64249060913676,-11.666322376703205,7.134419759207691,5.937600337081438,-1.9462666872782068,-1.9905742871189764,5.164491928184035,-7.432790982109948,-0.9659916167919469,7.905119635704084,1.1339904257639977,0.7532646350517758,0.5113248611521004,1.3199999999999998
0.78836709379977,0.3786371345758182,0.6853136235825947,0.3069431802115883,-2.238589691723238,-0.8646300451305997,21.746687580674745,-11.276428792805403,5.222975142584982,7.517411017234154,-1.9072484158580931,-1.6730290135041181,4.398285790571396,-2.155293367499214,-1.537840729360751,7.848703265719481,0.36587773502809723,0.8705336016771618,0.5204439496147294,1.32
0.7901883529245566,0.34686260062831104,0.7419984753699461,0.6041833995202529,-0.697087851247947,-0.05064539414098526,20.479171974274227,-10.917166756500375,5.80375354293412,6.838964648565345,-1.7747637968078267,-2.0890172569402847,7.543479943947585,-4.077445209082562,-1.8845796682434102,12.098571704956887,0.931389109761346,0.7036127803003116,0.3325880040345455,1.37
0.5147271148701644,0.26817002289926223,0.7490756450884287,0.6178773254776062,-2.1052689466372327,-0.14624920756196805,19.434027819410865,-7.974169273010218,5.871722583294883,5.231227433871223,-1.5330328531315118,-1.6896660232408074,9.571856092849984,-3.5939354218784545,-1.4631063502696289,7.117529692802749,0.8223451906886365,0.8019316453964477,0.27712869477989643,1.3599999999999999
0.4344669672242363,0.41241162945294807,0.6969393622518855,0.4493028907704202,-0.48179456701246187,0.15706546778174252,22.170901302498827,-10.832302722474054,6.163335654436886,7.598731809905632,-1.9792696638211722,-2.014166782604966,7.91911551968638,-3.5633616947411157,-1.8758023051656834,8.772324951447501,0.7667973834847536,0.5894211888549764,0.31516416415012827,1.33
0.36078496639231167,1.0497504268639977,0.7084906072843352,0.6688870072100114,-2.4260773975825396,-2.5599467262126643,17.11203597899143,-11.738757982525453,5.758785856172459,4.557265352791353,-0.7406795932448484,-1.821609477503984,4.977805401389713,-2.272999264447404,-1.866930802258715,10.273155147870053,0.5107673279773648,0.9593335033236257,0.3955916273275462,1.38
0.2812539132475613,0.9112320113901888,0.729934261141032,0.26339522312011643,-2.387801699548073,0.022639280709813497,20.752225765362255,-6.9830742445412985,5.687342736625203,4.046525985155449,-1.2032494654286485,-2.1671866992712254,9.946370618075376,-4.39340510715043,-1.4083811489924312,8.442808133714685,0.5155744990512585,0.8126636965689473,0.4972024809681485,1.42
0.6974085433232698,0.7313939304365005,0.7284058144955595,0.6086486467115343,-2.199968841431775,-1.6760927202210771,17.781168366678983,-10.765134282509242,5.8280520093799595,5.821451894357806,-1.3729829333230033,-1.7157449722480556,7.679200795839994,-2.7313145800640726,-1.6357556192296676,10.378093088251413,0.43870283470657734,0.7104376973667579,0.4293284414926017,1.42
0.7897596435622163,0.39545277496251197,0.7257198810003253,0.649832919269338,-1.256819726731557,0.17588718610069803,20.467112224361205,-3.072270370583733,6.138804797100768,3.9157698034903476,-1.5583932205663746,-1.8263505612516204,8.431636839131784,-3.8237605109830426,-0.5705059308014564,10.345372206459414,1.179256581440492,0.6386142047149781,0.8510823846128625,1.42
0.44628075460992467,0.245922071696711,0.7980434438218614,0.29027027202406686,-1.4614005979851274,-1.3362055418823793,20.134206817795448,-10.90231966803165,5.567667483067843,6.6202792301756705,-1.6451708111944028,-1.584913428583473,0.6404589964704417,-3.7315409709870853,-1.589964037595421,13.617715649891915,0.48748814224879905,1.1335977795232073,0.3941093851273716,1.42
0.27266088706958197,1.0755654112460618,0.6080156731308896,0.3270275322033658,-1.5076548749686676,-0.43697391644203487,22.004477411013166,-10.027496621996727,5.1198205554849725,3.232826721972188,-1.8095736726338782,-1.798209318932475,0.4353449052809886,-3.060823370187801,-1.23598847069084,9.95403864906305,0.6124472947775633,1.0437286127125798,0.5913983768926773,1.4
0.3898592962735027,0.5415198821346099,0.5630175367370434,0.7502685359940231,-1.1517663675278311,-0.12561677117913278,15.313431524554185,-11.97858174065928,5.723814899681246,7.453232575426009,-1.7583323623567564,-1.9712764397698097,2.716490006750016,-1.0358678753099133,-1.6189242276116893,8.612513176380146,0.8802344253374048,1.0871365592094666,0.5429071939207212,1.34
0.543258778954455,0.8634692311790125,0.6375940264566518,0.42594166486266727,-0.980355779610615,-0.05755331686704547,22.572434580086174,-10.562690121733848,6.295238924849175,2.182656362746355,-1.7140680468890133,-2.0176832854139066,8.504673219860283,-3.6680066035178394,-1.460251486905094,11.072898598116955,0.9357693825247392,0.6062165610828167,0.593860330884286,1.17
0.3301092654054289,1.0759143298686555,0.7229640982359318,0.48793266356276427,-2.258150265564608,0.0003130417140123909,22.04288438664798,-4.340751923886192,6.9961077489023,5.185277256976841,-1.6726331938530683,-1.7793583892224667,4.275669124879654,-4.018994936846874,-1.5248442461249174,9.696039057423235,0.7713729409083975,0.7685603001765527,0.3285171610010891,1.39
0.6008560898794848,0.6003275049070048,0.7497899621818273,0.7829122492504654,-1.394714086586296,-0.23421361164791346,20.463158527428273,-3.3943568733831264,5.230770754703765,5.926812237767346,-1.6253322494312816,-1.7654988460568672,6.711908602408698,-4.618309812020845,-0.6332472062930224,8.564642916074375,0.7816316359686497,0.8099111972842553,0.6003389590899558,1.42
0.6209623403317421,1.0467421344776737,0.5358615656613178,0.7326595008682443,-0.7574320397790673,0.011098397913973324,15.883646654511056,-8.173874803359652,5.703523705063796,4.361400276682067,-1.655640468094179,-1.7600065625246077,6.955844947876494,-3.710034923416704,-0.9896411269999071,8.250509184958604,0.8799515442467213,0.9463661438118639,0.8815300224226845,1.38
0.5085090055439914,0.3256329485706897,0.7632213632297207,0.7972750543485653,-2.1740829132776582,-0.1270086280682188,20.00734187759998,-10.16183391850748,5.813802841498847,6.836019615880994,-0.9918072396805391,-2.10615658960734,9.680473177235005,-2.0324377406539416,-1.6355883313820647,9.304976627939975,0.5477693038400058,1.0702052244524902,0.5884237055147874,1.35
0.5338695459820471,0.7118970893654849,0.7908037158557049,0.5274184676821583,-2.255884019659267,-0.07279728977428776,19.73426401774907,-6.93655870755388,6.436086478577405,3.8759219746273317,-1.8736308440078366,-1.801224635571498,4.79099871519534,-5.24807975950649,-0.9712133195906666,9.868936354324127,0.7534295794082027,0.7129778849374013,0.5347833139130361,1.35
0.686440530255422,0.8359333504857072,0.7719760325161122,0.6360535822493177,-1.5293711301970487,-0.029417686709320767,17.54305633274088,-9.973499255865129,7.368357194238787,6.546619656952987,-1.3303294033679947,-1.8321190394629865,7.960183420791571,-2.7201286589641644,-1.88645699847206,8.989416021536371,0.7674790412251203,0.8188932845900907,0.2511776317297083,1.3399999999999999
0.7231898303254282,0.3489350903972639,0.6412245915801386,0.775833900437557,-0.518030707701375,0.1380622948604779,21.687143056340496,-9.550344962197364,6.072922480225374,3.582954954389488,-1.7722870950339602,-2.0158757283850472,8.82149788936588,-2.528804981562511,-0.8669185341075415,8.240829529458289,0.5778647839870215,0.8871039976263523,0.7314715084297526,1.31
0.3409464695758727,0.7996701817406857,0.5665911198428406,0.7723618539994039,-1.5761730880897158,0.0939103182903478,17.642634804078448,-9.136470188947317,5.235688684291195,5.804534354212086,-1.4146567382562893,-2.138464406545559,6.519110750354637,-2.4707191617459316,-1.1291660759471678,9.61786773629876,1.1319323476030558,0.6568944221748283,0.9647504850757819,1.2699999999999998
0.6488354941581683,0.8492314824976148,0.7293827452621889,0.4217309888009197,-1.885308965087029,-0.3405357733972613,16.79244790570044,-10.403131894319811,6.032653727297974,7.465359348921923,-1.332835923352688,-1.998836618689389,4.023461408635191,-3.639435720168293,-1.5365228669211384,13.796030573868507,0.678415015592524,0.9004194910538366,0.5019600284899725,1.4100000000000001
0.38077998629699333,0.8357544708046089,0.6148007086660128,0.35686391286658004,-1.063598789939852,-0.12155981776050252,19.747159403846762,-8.119276451972954,5.441885568413122,7.669004242040345,-1.3705096501515717,-2.167664722811212,4.442053383077484,-3.4871985754322017,-0.9306123099021918,8.630070775595009,0.8773839771479944,0.9208170579255894,0.6333449547297993,1.2399999999999998
0.44671799768709997,0.5783099611577804,0.6396584276316083,0.4900005989619587,-1.974553836293193,0.26262996962482654,20.863847695962207,-4.09755633577824,7.206767733569935,7.610708634842073,-1.7033136557812647,-1.9479319839288916,7.938896833920296,-4.763834326271568,-1.24184126721519,8.475989904023496,0.656996181353257,0.7406876662895744,0.42796220759116205,1.42
0.4434733334078478,0.818336630378526,0.7176549341538576,0.35981388822221677,-1.4602536767809995,-0.1418187368576194,22.21427125754393,-11.859139941526905,6.733143929308284,2.743177703507109,-1.4104184860774363,-2.145418198525177,8.162231871450999,-1.3693911719125105,-1.2675912865783066,10.347372558539458,0.41643041654929436,1.043332546601494,0.5692908223801395,1.31
0.3500638426954314,0.640829933875606,0.5964606947947455,0.5445413127150871,-2.032283419223524,0.08544530239023784,19.90745585445972,-9.613885069197048,5.997041154694443,3.5337493658736445,-1.098338851116261,-1.9774452454485996,6.753089072619486,-4.891350839710157,-1.377026628899882,10.510421564755793,0.8148016855739486,1.0188487863352698,0.7128844758400099,1.4099999999999997
0.7808479360032882,0.5923853561204793,0.5656093622243621,0.49874322751514266,-2.407376116893478,-0.18712909402225048,17.499573580061885,-8.825286913493086,5.242811873696762,5.926816733552101,-1.9243740475431068,-1.8254769328636682,0.5588794089750548,-2.9090571020248848,-1.1740665322755528,9.524718621544183,0.5730014556533647,0.7144021504536023,0.853085635953414,1.2399999999999998
0.5031002858292105,0.9375518128629704,0.7346623330576303,0.5444603918732659,-1.876961259358723,-0.11284548142853261,15.287244465485223,-8.226808349691499,6.485725032346178,5.832882650860766,-1.5269698647976941,-2.1794585741468553,4.705286090001559,-8.397277821592608,-0.3516836912677689,9.788334206415486,0.27784566870044064,0.9797743193958866,0.284501133894717,1.4100000000000001
0.4237138401457026,0.5909408704925256,0.7629733569452337,0.6293103986765325,-0.49488513775650206,-2.482463955202543,16.821475298960863,-8.624721741336627,6.114924036136763,4.320072110236762,-1.7288692112723942,-0.8001271463954305,9.038561693099835,-2.64383562712407,-1.1336533961298794,12.137216547517616,0.7853079542293046,1.0793887748134419,0.4802883917603341,1.4
0.659530661454353,0.7809504801977725,0.7429359615716559,0.6777274482808344,-1.7169523730781373,0.24199088976141106,19.834090671455293,-11.950532702992271,6.5118111179982145,6.428368397549754,-1.584050076239476,-1.8619566865104709,8.688800467006939,-1.3711494401070654,-0.9859483953965893,9.834701902641784,0.6162204985385127,0.696759028463291,0.3357392996415952,1.33
0.7549810943530268,0.3693089730291668,0.7046609367320975,0.7390174621911472,-1.4044412743486392,-0.4416512551549819,14.282867110115655,-8.193779578554418,5.94389516359176,6.040906835028546,-1.386079585236975,-1.8719366125778263,4.375349373727293,-3.4306094495227186,-1.8000514258045714,9.122220553147862,0.6409509731748034,1.1748531902319783,0.46736483337296963,1.4
0.4073055358050763,0.2989733419630251,0.6731201631630074,0.3329962011135712,-0.3155700559310961,0.21136141220243093,22.200996562220567,-11.907602594410744,6.3621345344476765,6.912154614409396,-1.842027525808684,-2.0498556507104713,9.2111627565234,-1.9267037574939196,-1.3252407133134236,8.805687777246423,0.6406843254287415,0.9608376114284428,0.34638197022431516,1.3499999999999999
0.7367529785433471,0.6033503226195058,0.6964453873569084,0.26626470675648667,-1.8253834315231832,-0.3253215704719523,15.83695400446169,-8.355874437263683,5.4023238851781,6.290105204970416,-1.3836520476192884,-1.783842616271873,3.587730678291377,-1.9168805376956444,-1.3893158041531044,10.917391821295313,0.7609996185926979,0.9199680303013125,0.6554540121337676,1.3899999999999997
0.759215492789566,0.31094911094558025,0.697103710620984,0.4264521272589302,-2.2684608906463932,-0.33453844574766406,17.760393990286524,-6.435628482941541,7.399152664935886,5.342952147970435,-1.6034741875921543,-2.1343515247980536,0.0003141644122566234,-4.32220079230581,-0.5420324718490186,10.190606631469365,1.1947966345687322,0.7832035851365423,0.2943241667587908,1.3900000000000001
0.7427954790338742,0.5585297925461198,0.7334048192566399,0.3036200031706732,-1.426069080186565,-0.3034458203611341,15.979958052558121,-9.891391510262238,6.125673385672439,5.018004955098653,-1.5266421862334236,-1.9771965107440646,6.1970699555137685,-4.5247223093272595,-1.4898288477846657,11.790332527450985,0.4151712875915459,0.9977508555572726,0.5021565092646192,1.3900000000000001
0.573159568229336,0.47269086718807857,0.6847196257238185,0.5365801453693942,-1.683648678236357,0.04672591962343591,18.93661958162699,-7.493974422953358,6.411766118759096,6.06519014204654,-1.363857918261643,-1.747309501869924,3.090440853629397,-3.710020071250937,-0.7049357552272504,9.454851743844618,0.7146093338397459,0.8634111144086303,0.6420123339636528,1.3299999999999998
0.7592605695807897,0.5193034086464217,0.6793335149876225,0.3273191297305874,-1.1850273368975808,-0.03911474371374904,22.104203665782897,-8.117789341301592,5.930287896980084,4.636470837507474,-1.4947662211029447,-2.0230113532817477,8.589647478712905,-3.94103141735203,-0.8141226266424869,10.811704519804831,0.3991262624020988,1.035085535074419,0.6780901642319461,1.3599999999999999
0.6527316104257102,0.6132920337873058,0.6791305950853136,0.5166977019504095,-1.6628756003499068,-0.2192500293687109,19.766851822725865,-4.027217734840112,5.030575926284355,7.532010668940799,-1.5674982877388766,-1.8620411923336757,4.969617521675467,-4.048900403104759,-1.6337854195700519,7.705417692658998,0.656981545702642,0.7969099752784687,0.17965340931598184,1.36
0.38916380898885705,0.2514868838114382,0.6878564690143764,0.5130110666403683,-0.9483575168621416,-0.0011802249697058578,17.815646935451806,-8.50766765479062,5.79754140846983,3.1168142194304673,-1.8772746529124493,-2.165225085161397,5.14786513349063,-5.9887642876254565,-1.195660315980172,10.876053975660431,0.47995871373281906,1.0970154452576366,0.5817257246943981,1.3399999999999999
0.42887910593239664,0.4893604816384511,0.792098042827349,0.7823429170024891,-1.9556798442443422,-1.7644177295662251,14.927481054093935,-8.58171698550498,5.624623277816369,7.438035875384207,-1.3582223572114758,-0.898296785230657,9.517702398970552,-2.875959406884456,-1.3711891816908612,11.828490049418452,1.171630266610448,0.9706490713028655,0.33414889255391034,1.42
0.7065430409942963,0.8722346791273792,0.6432663410457895,0.49956663780974125,-2.293584163605806,-0.2899399450919772,22.3607425481984,-8.980503124757428,5.398696698868797,4.907807693744994,-1.1449090211387611,-1.923954522594693,6.444716538881484,-2.7772850713396915,-1.144198121406049,10.825828752187354,0.5254043649263518,0.7362097494517486,0.6848618067471601,1.26
0.5565700286807971,0.2760093570630755,0.6371505941614944,0.7442490815134573,-1.0068039704255347,-0.33674402304891665,16.16239495128645,-9.425582050238404,5.462653608581857,3.3767464819019515,-1.8892927680646228,-1.8939243231820346,1.0252479273563035,-3.2062793697424765,-1.792373126887137,11.479877011947426,1.1207263504615081,0.8592369633292174,0.3381246259057714,1.31
0.47139605665108586,1.072504750762104,0.7395648708387038,0.42866616912441075,-2.381450059083404,-1.2002356261468854,15.641544702314777,-10.531329565871808,5.332246944137423,6.012483784647885,-1.2613022961711402,-1.6389314542753097,3.8035019998630215,-1.7855595107816598,-1.7050741313041855,10.705112014449194,0.47611000930759456,1.1697403010761216,0.4528228871133969,1.38
0.43601563260840237,0.5687905486495186,0.7558012819070907,0.4466009961382416,-1.6957780525477735,0.04603941299080978,16.76217140623872,-7.783112816258743,6.082550463534819,3.3773716103473754,-1.4382299894970725,-1.9838362066874355,6.613046253719414,-7.8586574832762,-0.8867180703792186,10.821038237023451,0.6016040176680633,0.9566584502404223,0.2975583214565537,1.41
0.7057083968620751,0.9862365881674854,0.7857060756816634,0.7072727861476158,-2.1266490723923526,-0.7639104805115078,18.130243023936224,-9.668088085682516,5.773195716469582,3.547439114694833,-1.7114227608523596,-2.072794482924652,3.1845103714814798,-2.647435324147573,-1.3019304679637247,10.488801878258519,0.3476114205148706,0.5920247487215051,0.4708525843178904,1.39
0.515304322003059,0.37425735434155993,0.664247878696445,0.5506375002424245,-1.1102591573892129,-1.754292489299212,16.787718531966256,-10.42124446651365,5.480329468585353,4.594548626981846,-1.5994247526980727,-1.5274062879852197,8.924205341254082,-2.2719274469574353,-1.5300609127190878,9.248114124048156,0.41058151188896275,1.107685576367736,0.5494246436465646,1.41
0.5001708730565683,0.5747388170813692,0.5980795389225015,0.4332405189304611,-2.283137301524194,0.43286338893872806,19.55360165348319,-10.249959581341809,6.339870197612418,6.9321207416329615,-0.7689357933608397,-1.9235298670588472,9.41841217096205,-3.165373939694744,-1.3829641054585584,9.395078890243106,1.0675053783069801,0.7557438650063719,0.3783243513184007,1.3900000000000001
0.6770134806134716,0.4364585596516136,0.5723692741610567,0.4396251380441215,-1.7464539677413375,0.06846627364713842,16.961519530974627,-10.479801138601289,5.269233771211184,5.724719654226156,-1.6852759820888579,-2.1215485812396864,5.535720136513962,-5.671142116963242,-1.5124231840393554,9.890659128737955,0.69538423257328,0.8227573220159483,0.3671219844290826,1.1099999999999999
0.7397124018957423,0.44684389148771037,0.7380692094502525,0.47355985298680975,-1.808043510356801,0.17502951743688083,20.847028899032917,-10.506767712901551,7.029110123323087,6.071894781504444,-1.3624160773624245,-1.8138043881652472,7.806277211608295,-2.5405219548215823,-0.7967585314578707,9.864005607496077,0.7557653506156552,0.8177553534775127,0.5448381364965798,1.0999999999999999
0.636324267739294,0.718852545584323,0.6607846247851734,0.46844432201171826,-2.0470111049327673,0.04899378582910978,22.06680299742652,-2.1972208411339027,5.36544962227429,5.843752903510677,-1.272332065543036,-1.803121130389938,8.103144931887115,-4.582692553436193,-0.4818637334837509,10.70454844923012,0.5659246701044401,0.7060978575119725,0.5752420814424841,1.38
0.4846316577176471,0.21909552731468368,0.78586317638977,0.38187897913086666,-1.7799505970477445,-0.04576147818480342,18.048010259390626,-10.667721469988717,5.858386166003945,2.835453585473374,-1.245764234769383,-2.1875390667662638,7.735247618296655,-1.5128840836997346,-1.5368864879570845,13.973024473638286,0.48565578959824174,1.177838775054682,0.436278521864406,1.4
0.7243868741431477,0.3368081327018076,0.706665368434831,0.5891314125062677,-1.7241293075746962,-0.3153821537151364,18.230044617799116,-10.985233175126726,6.141431205763284,3.307599774829914,-1.0891209327360014,-1.9921636567946444,6.6078115150092245,-3.0670211421276603,-1.5550290738843127,6.863742454007515,0.7482075875272157,1.005649173343258,0.33683049417194927,1.35
0.34145544468025374,0.6612911382635493,0.7925243062981634,0.5480875349783011,-1.5878187495154372,-1.7717095302549077,22.878709946954135,-9.667876603825814,5.576231282921441,3.9126969405278365,-1.7251934179428638,-1.0230034231760905,7.06789167734647,-3.8573507475741597,-1.8193819197202898,8.154601987865272,0.70402321736467,0.9327504851507424,0.27573643382858437,1.42
0.6652792190523394,0.6321056163053288,0.6792558285251915,0.664242589408073,-1.6265203166722253,-0.3061364041017008,21.473727506768018,-7.5346513821010985,5.408113024717879,5.118891758419934,-1.5313978835687698,-2.1218468770500682,6.656808099149176,-4.29121153077921,-1.3765991063059855,9.306983500814376,0.44568479025801244,0.6129452721019318,0.5248248481610363,1.42
0.7590745896900291,0.7847679318337353,0.6985400598027504,0.7868058637211702,-1.6641803108658768,-0.3929766294194572,15.190637427500967,-4.347425351347651,5.643259339317183,3.5259936755915797,-1.507842918839875,-1.7735052227527808,4.240371445041193,-5.314738427259121,-1.5555169171798278,13.260452494161543,0.9017814767263311,0.9953222666517867,0.2629796142950961,1.4100000000000001
0.6668838819383818,0.24412251526038964,0.6307023019261382,0.3820947777806195,-0.36728925816753977,0.14722096355356296,19.16236633540823,-11.000096751836299,5.143195229315907,5.431639353567953,-1.658975242638816,-2.143669486750454,8.082125119333313,-2.351201672534397,-1.7538841614682368,10.613539488630598,0.797957384261881,0.6816066274929385,0.46080498952756527,1.18
0.4292120305458757,0.7752326380248692,0.5856834406701706,0.7097882497713058,-0.6322086043649686,-0.15214074183713366,22.705511487554137,-3.257322844729589,5.33974996823626,7.110984868092231,-1.91310385059315,-2.084596345992266,5.70096015275485,-5.492540293711907,-0.5466143913311576,7.741776266583128,0.325711477043723,0.9762120258377531,0.3926144760167366,1.4000000000000001
0.5447030562158881,0.2398462621171345,0.792340245912857,0.42591106471575263,-2.143798645790576,-0.6674120313392342,22.78869191608401,-10.009374229986848,5.323811976543402,7.685791502607494,-0.8122953901087828,-1.7784478456804487,1.512371482023742,-1.4676643422027666,-1.5131075589416625,7.128083324166973,1.014330632879369,0.9301696323171488,0.5384697640482616,1.37
0.27229388945898336,0.9575768605415822,0.49810587246772703,0.7335740837717432,-0.5761826622416442,0.14250348372255867,17.797755396789047,-9.019630321585556,6.960286940352118,6.301506318545681,-1.6357568623204919,-2.1545785972063336,6.080181706199349,-7.30000494125214,-0.4055794841272816,9.069010822758793,0.751609479911856,0.8790495916917734,0.9683865315817496,1.3599999999999999
0.7088084914123031,0.6663631487438821,0.7609237627035748,0.3194227314595836,-2.3582781053146764,-2.7497450634908085,13.880551763435305,-11.747221067229003,5.049754085321255,7.33303443133855,-1.083921969210459,-1.0987824436525888,8.17366937034073,-2.3019702214549205,-1.8658366357488512,9.569342653895125,0.5157307998648301,0.8897741096069244,0.3411114286437826,1.4000000000000001
0.4466738049327772,0.4635480836767838,0.7238941285044418,0.7542273352857118,-1.7666599407051877,-0.1533691472967045,20.498487132655246,-1.379352509206,5.348603110444573,2.6856668088481976,-0.893243788993497,-2.1301377266026043,2.8129243362282472,-5.721647489730542,-0.9393600440650752,8.8230829578037,1.1997532393768644,0.8935136346805246,0.29640525097872356,1.4
0.716178269895865,0.706216684072239,0.7563986076833532,0.46768501394278594,-1.8287523714535088,-0.09139825829545223,19.064009565114024,-5.001641318730376,5.99300520115302,4.282632758786193,-0.9395042440750209,-2.0703490588961078,8.634593214457396,-4.48732300611983,-1.0136827418472811,11.65535040052517,1.1326656634594499,0.8134379002712503,0.44152423017802045,1.3
0.3096092989123775,0.9763021009797157,0.5620440261265278,0.7795788943347175,-1.4937070351864685,-0.13384463225291465,12.58837270255826,-7.634845690103267,5.578839267435323,3.2843838884636014,-1.9171593910027092,-1.9289092487485817,4.829441786509129,-3.3792781900220854,-1.2304547579713327,9.168812082299933,0.913057450567218,0.918482497940252,0.7619491142273515,1.4000000000000001
0.6961029603930059,0.6978596136475188,0.7039604585736283,0.7285250965330946,-1.7412640436551647,-0.5958030758425127,17.213710045281868,-9.508891091218292,5.4681287521278295,4.540302743238298,-1.8652744061370046,-2.02563373452912,0.40652705349725604,-2.9141694651845604,-1.4534495769156555,9.936897969776393,0.9028091040522028,0.6406628542496895,0.4439772582413719,1.3399999999999999
0.5507840933526353,0.7904175506071192,0.6970419367456077,0.7080568565125908,-0.7344338904931281,-0.23275197502915806,19.02530779922374,-9.035200538406338,6.3942408832585675,5.416918421103248,-1.7431715708825828,-1.8549689365932762,4.556413068955144,-2.9917697141895223,-0.8302308838942087,8.412563704855492,0.7144452751241053,0.8712498784930199,0.7252995671664917,1.23
0.7436799235568955,0.8764831214457219,0.6982342967628052,0.36502390460469225,-0.7304045670613378,-0.5459173255885176,21.42750541737923,-4.746549612119778,5.085969929288532,4.207917638755985,-1.6867402819120378,-2.0388679146442605,8.073816733949624,-4.181852230360946,-1.069267192916382,9.708734619500534,0.4206536672955438,0.8502908753066084,0.65075275971253,1.41
0.4449789005941194,0.6329684915341933,0.7406465704476998,0.5459494179550788,-2.484377297096564,-0.35391846872174115,19.863944195335964,-11.279878132856746,6.362749916654962,5.799846999795519,-0.9298960261465158,-2.1723572445938606,2.857995590480847,-3.7513340720701525,-1.6019914427352844,9.067357260106853,0.8040520084780274,0.7484945837858303,0.4013068868505863,1.3599999999999999
0.7076014794895079,1.0711766772591815,0.7394794459239564,0.41022208768653,-2.223359428232196,-0.40504132459012776,20.531948876626423,-10.305106821403587,6.203210165333617,4.896956460721533,-1.7083448100572622,-1.5989070320161045,4.5229508048534734,-1.2202514122118409,-1.728772969306862,11.69397942816135,0.8102638337543915,0.7281192287580307,0.4704910439177193,1.4
0.4807268696312771,0.8120683385081164,0.7102661178272015,0.23034946642928597,-1.6304834314013539,0.07777027379492023,17.375604547325707,-11.356398891720984,5.426218974839419,4.91075357187913,-1.485546927084879,-1.9331345075728064,9.154442397309579,-5.096022185343002,-1.8844823473774754,13.981797309199926,0.8988111610576284,0.8442021321555727,0.36410545134801375,1.4
0.600477476142375,0.6801558066263994,0.6438127197620969,0.44558400775084217,-2.0819356145450385,-0.028210186816109845,21.371897104770998,-11.519261377939944,5.724083968927758,7.150429599395692,-1.0976739198597483,-1.9364700341782994,8.988768528330588,-1.8321150240748194,-1.3271531503249152,11.105579951829336,0.6935274979684813,0.8304748815044175,0.4510377968294238,1.38
0.35806512184837386,0.8462862893563288,0.7847122955438629,0.7548950181998977,-1.7121630066896558,-0.013737304117844129,17.808031806050916,-11.189157817161762,6.821247159452643,6.24907860431302,-1.4917993177187499,-2.1682120578754143,6.329568746654865,-1.5148932762701657,-1.2862345079391595,9.421390630088412,1.1957974440641654,0.7726727214021003,0.47487367763783433,1.2000000000000002
0.6942521619154068,0.3487481073559957,0.6364402227874257,0.5122824908269292,-1.2713246981563717,0.08135079823975644,22.2553032223252,-9.61038358484925,5.893143830700714,7.128792723615021,-1.4228511146643439,-2.005213788592195,8.712371421087916,-4.014488022943511,-1.909135925794975,8.364269070057414,0.7710428357947005,0.7812002388086435,0.18960086675504279,1.33
0.33789720139689805,0.5287673806584072,0.6712203207946215,0.5057645314339991,-0.7180754397571322,0.1388865259606079,21.85343700993653,-10.868165145843598,5.876116463635196,7.59415101949094,-1.7877047672745654,-2.1212469741728497,8.17293806236348,-3.169820156889098,-1.056184515848869,10.392537640576881,0.6985754821012622,0.7994027341132094,0.5760526709867572,1.41
0.7287121445921892,0.7031641578856829,0.7438814269840329,0.71647586102014,-1.051061337964458,-0.2198450403891333,15.522327007049663,-7.63265730159172,6.261531862589373,5.355144456708436,-1.2705096284138162,-1.9654474066977867,1.6531048230800598,-3.572759059273881,-0.8080609074848544,9.15897607651438,0.9205516443851125,1.0784384938136333,0.6338928827857486,1.27
0.6138557901424617,0.9979677481504807,0.7473928258071755,0.2306330882533558,-1.5693866002532624,-0.3064224173166964,14.723785106281667,-8.111800476167094,5.750725045214925,4.04413201900773,-1.1228152354244354,-2.0298014684199766,5.597629648687257,-2.2935406022641325,-1.2140374458715546,13.773889984608886,0.7209484348459141,1.184600864391556,0.40441004838050026,1.3399999999999999
0.41464871921395496,0.6908553107225492,0.7629789727191532,0.6180730964302497,-0.7218071107520971,0.06745071410137737,20.212670209797203,-7.976908302440909,6.295964552542026,3.0359555777753284,-1.944263666108231,-2.123176640513425,9.76960657506731,-3.784091481167091,-1.4285560038952911,8.269334004755112,0.3777306412315178,1.0468096690583621,0.45382289069362836,1.35
0.747645883436538,0.49486550081431485,0.6668289944160526,0.5273644360615154,-2.1009050414009507,0.3441547605480022,20.383977713680167,-10.603881004108839,5.635114528431972,6.047874826287564,-1.4774531356486356,-2.096874044797034,9.518642941933697,-1.2702745791255574,-0.8814640518683653,9.206584876266259,0.6099029538134928,0.7828445059483837,0.4059822169147791,1.19
0.4018224254548764,0.2914819708446269,0.5655021320101069,0.5361271412601473,-2.3922518321479136,0.2988613079109027,16.93647836681486,-8.390957291866002,5.439587750680953,7.094832172067541,-1.2852016291519954,-1.969344491119699,6.871737646907095,-3.1368610335485725,-1.5710662030029028,10.65752402718272,0.42316770388387986,1.154515749458064,0.34548606815533867,1.3900000000000001
0.3033647093059428,0.41614755801146064,0.7258487064775694,0.5605296693921187,-1.5190787391332998,-2.28202171556196,19.04624334515246,-10.604221625367023,5.683390984859037,6.34666635829953,-1.0803106963922913,-1.1761338957379635,6.274416882853325,-2.3276500337029042,-1.6192478460045816,12.944210019138485,0.9001796319316859,1.1105159964324662,0.5043010308056485,1.29
0.6544884807775768,0.9109180498830233,0.6866668043462537,0.6008443676546144,-1.7765864197215653,0.008906697073632064,16.192791818685762,-10.273342680405989,5.348232773798282,3.2080302022929703,-1.2794293960625551,-1.99876731590364,8.240894656129695,-2.744717942529301,-1.5812680455661752,11.930161788526535,0.570830706461029,1.0874410835797885,0.4550392581868249,1.2399999999999998
0.6545632507460973,0.2658484777059912,0.6894753146003745,0.43707798523843344,-0.668052628190831,-0.04155219844261694,18.49964447587451,-8.649457063960005,5.678344239526108,5.5792823690614135,-1.449443170114622,-1.9178186637989023,8.279070989435594,-2.9363677290207892,-1.2131729725431553,12.465653999204108,0.9122463858685019,0.8773082987712372,0.6810110811433936,1.2399999999999998
0.42181365462565235,0.7487871193935535,0.7666193995460395,0.5755373191447536,-1.3992677842651808,-0.7601286075254654,18.15294209469233,-10.369233962739568,5.284612621624343,7.251128092929841,-1.5571486292669934,-1.5828681007822019,7.829702227815147,-1.9163823347882007,-1.9954022576255381,11.91568683878254,0.9585927092475311,0.6800947865985439,0.43935206838845586,1.4
0.6696295544810003,0.9374420617303966,0.7962652953260125,0.7989143473274668,-2.2247535391929683,0.06832209934679326,18.56015237934024,-2.700870800094822,7.118796555057602,4.141071711573191,-1.1696479529227815,-2.131054374311446,9.673088772374081,-4.544729196200379,-1.1678375205005438,9.68886053766052,0.7151484276313808,0.6979671682927127,0.25877154408483505,1.3399999999999999
0.6607223915455027,0.7745509376346148,0.7305089558954443,0.6061094630627802,-2.1770053860065404,0.25772779779557486,15.700320848178354,-7.815662058092993,7.692200013755344,7.103636855820435,-1.3018590164136865,-2.1713076760292487,6.820800425909413,-3.25233176236899,-0.21425197739445262,9.95931454029788,1.0968528495394922,0.7017511072852338,0.8096389702770741,1.41
0.47655242974800627,0.9677567437399717,0.7230737853860086,0.5124158218253971,-1.5909237332963448,0.40714280660745356,16.700009766733658,-10.356316241267917,7.713823362553883,6.463445433118028,-1.496633517101623,-1.9938598086404518,7.452559685657622,-2.186978296321523,-0.6011204775083815,9.307409893787314,0.7059035277246328,0.9191132434519403,1.0116675268598079,1.41
0.5986211035966551,0.6484073547481157,0.6827536143405394,0.24756157909581436,-1.4390771818298793,-0.28019715034436277,22.286271382565563,-9.214418859319569,5.542924180464896,2.173524456970468,-1.7180665330222764,-1.7093013443199703,5.768076347848426,-3.159809852343888,-1.5018245410193691,11.982412472195533,0.9700344649917796,0.6190507234941404,0.4117050031427506,1.29
0.7258971114669707,1.0255249171928302,0.6399699545609943,0.6494931336642682,-2.0862913587615726,0.23370470145320107,18.70694393272017,-11.292075085093614,5.387225080905777,4.316514687163281,-0.8442570200193136,-2.0919473951071272,8.492683113731447,-2.9098928906373014,-1.9310325589079214,9.579868617895071,0.8682130404823145,0.762023188062336,0.3288361323077018,1.3499999999999999
0.5342257014398204,0.9497694609898202,0.7179015935394119,0.5594334210767218,-2.3043642663946193,-2.7820409098563577,19.40050283121629,-10.834733488043673,5.226730436030956,3.6238203732129297,-1.7869277028696824,-0.9476534968917004,6.306260970382392,-2.145263997585498,-1.7973227847879234,9.020787440011008,0.38602020195087694,0.9616390604062675,0.42096905334149537,1.42
0.45609239245666977,0.8631280254966476,0.7344726124545693,0.5646078439471,-2.1501113547881747,-0.24943998150518265,18.254743676857093,-8.168849196433051,5.6064379979832575,3.1134899161823233,-1.2952403825675913,-1.6974234974426514,6.430638486801227,-3.1521081027236555,-1.479232917865537,10.640349331681714,0.7300640662162563,1.092721192416017,0.44094971339957173,1.2
0.610173205164546,0.6896545357484081,0.7384881650267745,0.6536836368627469,-0.8877306242334142,0.33873461607394945,21.962754579646624,-9.66566295588973,5.959875296977545,5.555710709559025,-1.6871665720491285,-1.9389407629566309,9.977806100285536,-1.1716845999976466,-0.8473223387480608,9.061290992448388,0.8103298682119825,0.9483600703529984,0.6354881928536581,1.29
0.5825590362222032,0.272875523161042,0.6383020033349058,0.6995547306620777,-1.2376842147405624,0.31274046569218034,18.17319416896772,-7.727480565374493,5.958337087301559,5.667005468101053,-1.5978388871956983,-2.058596521198445,7.782619882677556,-6.112531350744652,-1.2779739173115825,9.71818342638319,0.487020726323467,0.833547542211835,0.3544375004337885,1.1800000000000002
0.3821221535654793,0.9902974137091602,0.6438232103442205,0.7035388820297512,-2.3236087542083776,-0.713042155469882,18.929461719023088,-9.311974716659956,5.39219640696331,5.0522605201875965,-1.6814553070106664,-2.1764467878518388,7.2985565844522355,-2.3557553075181557,-1.2377692364157395,6.59512607928905,0.29920657749090934,1.0653808640229208,0.6220576390272241,1.38
0.6357067105496254,0.9414943565305431,0.7188254550694142,0.24830123956328348,-1.3902435639900206,-0.11775778093971823,19.08253229721929,-11.885934540992395,5.833678584919048,5.173398544128547,-1.6257029848727091,-1.758205632078862,9.594671110798423,-1.1401750160779387,-1.2851119374359794,9.338706413754728,0.7594506161573146,0.9359068365739409,0.5254556537266077,1.32
0.6567846889290286,0.49548938876902815,0.6967716073469103,0.45450675505170735,-1.5538191847409812,-1.7895786939005895,17.28729436833217,-9.811259570885081,5.6526849547282785,2.592225395725036,-1.0651034754849826,-1.8043698718890449,9.004157968970771,-3.0139728643335886,-1.5240508374934896,13.94431370294167,1.0017206361933302,0.6591628287676656,0.3945748358997138,1.3599999999999999
0.41588106131134794,0.30086078597923005,0.6568973134093872,0.39811753776304887,-0.30916693678048546,0.1586115368836714,19.825673983343087,-7.425643061830514,5.396901569842402,4.2579074361567235,-1.9982415718044328,-1.9249853048671408,9.328859768741038,-3.304985356965475,-1.8585106286421567,11.23373303845353,0.5448998185765109,0.9354560910772944,0.2939958547257986,1.3
0.6442295786296852,0.9178214148756623,0.684130932139138,0.6209915046899875,-0.432674247464204,-1.803843188271733,18.486347339798208,-11.628316597625624,5.223370411071764,7.962366568182179,-1.5516730726292316,-1.7793240490792115,8.692612652855757,-1.6598989564771198,-1.5530290253474868,13.799424059505414,0.6000987389014972,0.8847147098925233,0.4049431654110013,1.3499999999999999
0.5027608164250552,0.45788731223874024,0.5494201454863322,0.678222491843204,-1.7135540549590846,0.12495461607394423,16.96524399714145,-9.750782063465602,5.807980003812286,5.9273568049617165,-1.6165681147190427,-2.1450502029389877,5.113850345950772,-3.8762070832935738,-0.9645705580686825,9.45220425471503,0.25143682607782236,1.0960835245598006,0.9677818878394396,1.4099999999999997
0.5115278692630697,1.0852503052759417,0.6286858893433864,0.7842022584685694,-2.1414789739917297,-0.2394748808991382,21.278265970125105,-10.853293391892525,5.643560133044499,3.839934428170011,-0.7576449540172578,-2.1313106745390638,7.634881427014925,-2.693907494667339,-1.6352376788278644,8.092944514976951,0.9602664683125329,0.8342936011040815,0.4582764338303452,1.29
0.5947288647048947,0.6653215581434342,0.5290251862260772,0.5998017257989208,-1.4754140990963172,0.2971889265457401,19.64535494120419,-11.700665087283479,6.273085711918799,6.067953002684359,-1.3650828086828712,-1.860754948653751,8.119954806970016,-2.9271171530196907,-0.41414884031393456,9.065501598798527,1.1482641852648592,0.8310569136774062,0.717039434976606,1.4
0.6750691359230614,0.21004540587580003,0.6112776624916335,0.4737423874710063,-2.076256807767202,-0.27932287480329687,17.079907436794006,-11.148799812782883,5.428543742980076,6.155866784038943,-0.6711982924840343,-2.168808486738151,0.8185376893518543,-2.4444788647540965,-1.3155109141145314,9.800907937555072,0.568984908655253,0.8943688734153568,0.6972185621904983,1.3699999999999997
0.24733383033784306,0.6019955008279481,0.6836356417126614,0.7113127687407442,-0.3755920758857153,0.1555039124265094,21.95669309509185,-8.528739551216757,5.736687186987723,6.149914405189025,-1.89702807718593,-2.153954785946626,7.4790968779785345,-3.043506080341813,-1.2661432084773343,8.859963636200757,0.5127562028023707,0.8772061352448619,0.43893413844609974,1.3399999999999999
0.7776406669851088,0.32562236507671044,0.6565716254033171,0.33639080525888265,-2.012991198579738,-0.09606489870450752,17.2477353442079,-6.79381037970289,7.9891509734970345,7.805980064598657,-1.2940726522037866,-1.8100984206774002,3.2114815712770612,-5.610729036636288,-0.14036385219952657,8.92345227448082,0.9251464420492949,0.8836241127671676,0.22244578073843108,1.41
0.6246431475821402,0.7772074866595304,0.5821072295764316,0.7865849986469142,-1.0365454327145633,-0.36770902689698776,22.487777680268866,-9.62561163734526,5.431765486940298,4.39350700343326,-1.6322754944387399,-1.817634108172767,3.962457771005981,-3.625762866190806,-1.5951079758025264,9.094473975622073,0.46571736266103947,0.939988096101002,0.4369552479494603,1.32
0.7309438593184876,0.5235504379561148,0.5038200688811515,0.5002996793649743,-1.5539629282051566,0.0009473598849414344,15.237920891401087,-2.546544870697751,5.326542074244194,6.5188930628595365,-1.302931187735997,-1.7197024347624752,3.8645807762682347,-5.030493888401024,-0.6057380826896368,9.7039524250745,0.8224068027477096,0.9952754400812093,0.5672555707629228,1.0999999999999999
0.3561101707435398,1.0158689675178227,0.7911749925804561,0.5033655510186166,-1.5044455080478856,-0.026449091564065802,17.742747888051024,-7.258219898459436,5.587339570392776,6.1082771569369445,-1.45646469748268,-1.952460484171202,9.733803477088003,-4.39059844568095,-1.7603049168414169,11.296580824946382,0.6803835313241702,0.8992631969540233,0.3844084753484784,1.42
0.6393476255110082,1.093962429991523,0.6549081039052578,0.6138007734381214,-0.5221693051778566,-0.2175582213817157,22.051229117225738,-9.636081803630196,5.6513474128474925,4.481368218445445,-1.6406838681172538,-2.1033295509950145,4.893054414376225,-2.065002713291796,-1.0098357093059125,8.929764993862438,0.6423363519966895,1.0179257631859062,0.9230567475828364,1.38
0.2801583877655667,0.3799202568340023,0.665675336046564,0.45106819732480075,-1.9934059599772773,-0.842902290489442,18.714397604726972,-10.660488338488506,5.127214873400302,3.798052358718396,-1.987243875050349,-2.052745255371992,-0.5273962632956821,-2.0207294121694863,-1.7565058514152008,7.505294708542732,1.0612674259412314,0.5769443841477686,0.5628496454791312,1.4
0.5859191557893508,0.5123249370166136,0.7860515084669957,0.6302561172532242,-2.462742879137572,0.07240963178541493,22.10482923796825,-4.478679874878587,5.839666920429193,6.68084112765279,-1.0620365213480911,-1.8799487657929004,6.623581200604269,-3.7637192350225877,-0.2224830941553159,10.13680051836415,0.9790836318601944,0.7004191525039223,0.3227045812023633,1.39
0.6893099603817464,0.2815524179442368,0.729777214542461,0.7092253809889411,-2.383424846739582,-0.015680675619023254,14.85106897223665,-8.02587433430718,5.869462168416587,5.846146334828705,-1.409014097028432,-1.912951027531468,3.773309807158938,-3.1212094675214925,-1.2722127438252258,7.855471981483096,1.0406755527831704,0.9724411782248359,0.5049744088307042,1.29
0.7684976488155814,0.8504168795761493,0.619123983200747,0.7952606528974796,-0.709678117913835,-0.049083157243248965,21.68760747211143,-9.11985613210974,5.585333126418543,4.50041749078378,-1.4442387872284737,-1.9946117444104665,7.3947079626159,-7.082712883870806,-1.0869951584761206,8.694333784579928,0.8482991202544543,0.5161618288259074,0.5931937164993359,1.42
0.6797550949101847,0.9764068974757397,0.6017423473772339,0.5319188898225655,-1.9132503614025644,0.07824269824743912,16.21246599028056,-10.632668184072,6.615236750225697,7.903997034580482,-1.4828983291825764,-2.0912646760786866,6.232915707943631,-2.410995194524328,-0.8537126647601058,8.884030663207527,0.6715069244522188,0.8661829831184549,0.7500145427151197,1.42
0.6247847521182517,0.9523803260408333,0.764193185340568,0.6382655576145838,-0.8574430363311184,-0.13910976549719412,20.90738244318208,-10.644288530846199,5.159316794111387,2.228499367053184,-1.6948648544519007,-2.0653684822036094,7.779115072110283,-3.6304621807023656,-1.8712349121328398,10.143825072800457,0.6661238331217958,0.7580255382226759,0.41653947142097725,1.27
0.766269850863353,0.5389226763216936,0.6152915179725403,0.6214823672913256,-0.8139467197169763,0.3080175739338386,20.114707186838974,-5.712713434261262,6.869515427700816,7.41507943040603,-1.7756954244917103,-1.5544174155659392,9.519987654675822,-5.359263587589242,-0.34236492704363797,8.475657982153756,1.0737280136931466,0.6631389744216172,0.74041698126252,1.4
0.7498020941731286,0.8660689527669889,0.6877447431714544,0.2595316610695473,-2.3320053300863766,-0.7925297431651723,21.014709768051883,-10.887061926784321,6.007591105828966,3.439181774325221,-0.9009406900870858,-2.099257953809034,1.324716244740577,-1.6983263612956743,-1.6631391435436502,7.148546147822702,0.6710242400879457,0.9208444408064902,0.44657144245328445,1.38
0.39834090106375986,0.906697059417686,0.7237556035864522,0.602920622395735,-0.6755910203077126,0.05898084834980706,20.790486367029924,-5.5741090188571984,5.596351899401308,6.397288883282519,-1.7653500077131539,-2.0825976879740202,7.585031262473924,-4.178619241727117,-0.9607373920519249,8.567602827794985,0.7656120902805629,0.725256077785824,0.581037491285635,1.23
0.7924420948520502,0.52121537128241,0.6985313865390557,0.46858647846015616,-2.1773234102521832,0.32405587393056806,19.80642327558798,-5.791819247285875,6.604699940755,5.891121791028116,-1.9352122246690473,-1.9565982843182186,9.380301480500613,-4.475012211249786,-1.0799788756351665,10.660510217768694,0.7615495439723473,0.6823010326751121,0.2984500525519077,1.3599999999999999
0.7898431850109278,0.7643092960215538,0.6541195836401054,0.26519186190241706,-1.652928227284319,-0.22008131635352896,20.906238261272414,-5.394406670751939,5.9119780715006005,3.846454540844113,-1.2380431250265989,-1.9457902777863731,4.405267436281062,-4.2909431857974205,-0.8808328208832727,11.26253803286088,0.7165770572606704,0.7530574089636588,0.8065239234778696,1.42
0.31064498561445286,0.9194744673053926,0.697052312070656,0.625590824994184,-1.5433057003932324,0.23293134452322084,22.04515756995228,-10.876831285885617,6.162605932697847,7.036323508914338,-1.5557576334041714,-2.088066667934693,9.094332903045114,-2.1138366518744465,-1.7545520321465506,11.201458853311559,1.1795155577628085,0.4963345156888077,0.27049356933758534,1.38
0.6705885690820154,0.60083013629179,0.7500960495650142,0.688258728376999,-0.5596555521594062,-0.26890805066050316,19.509703940468828,-8.569060026503076,6.865115801343689,5.528440851941339,-1.8632497725286215,-2.103735042318113,3.603244448586299,-3.941420364103391,-1.264320669975402,7.485865118614246,0.91452784481959,0.7667192943386038,0.4421265272324615,1.4100000000000001
0.650885192123634,0.3880196949430653,0.6928970066289205,0.6746100494173235,-2.1895484790862065,-0.7482719799155123,19.69999325199767,-8.679267702287657,5.255670169770416,7.157656255535042,-1.4640547456913977,-2.0362837069400754,8.155798835690518,-3.3774301156587954,-1.5597099247388175,11.985561467940256,0.9195009459002639,0.4255554158613569,0.49049074246840685,1.42
0.453590281928684,0.46787912643280716,0.7603660373727242,0.5970925671553303,-1.3585680990216469,-0.009414060442911432,19.695117497967516,-7.88865422939704,6.854397484926453,5.140453052611158,-1.9402390547602255,-1.9661582760828022,4.22631521828392,-4.432358079536714,-1.336622199842491,9.567165690313928,0.5202549513957615,0.7730621369234658,0.336395139204612,1.33
0.799499440592407,0.2553343204789019,0.5374592605488874,0.6881294899645132,-1.2110368884704286,0.32983178805056057,19.588988329077587,-6.484173166427417,5.222449872422311,6.846886667202643,-1.5268320723520947,-2.0911010594968227,9.213356861226414,-3.5929033931107726,-0.6141760433770007,9.412993271492955,0.7853579742835958,0.6827476812732448,0.6957332009037789,1.2200000000000002
0.43267026791377916,0.25757613270440133,0.7167651167712717,0.2932653728396945,-1.9417534363267837,-0.0745152261020389,18.12917438309268,-9.073093658457868,5.911603507317015,7.709278309418407,-1.8032779736527988,-1.8856131244829208,5.980308571161112,-2.7718654441689905,-1.4589253603194259,8.32778435966257,0.7106851554351438,0.9472440441780652,0.34475069042257445,1.37
0.6007967173388183,0.2674084232232421,0.7435853902024725,0.6864650963268896,-2.304572848640547,0.084423287126357,17.63808564200946,-10.814658470600774,6.576366972960155,6.992207747081777,-1.1638940981243036,-1.6893413006973432,4.395285642101206,-1.8855233430788978,-1.2792379932637452,8.698310252699516,0.948311262432156,0.946419983536524,0.539301759734814,1.3499999999999996
0.6069593462305064,0.48896738903023496,0.6359619045867259,0.40052643298628254,-1.9377685644290428,0.025385061292686473,16.687302899181148,-9.673241201152457,5.552096863153827,3.980701085824787,-1.0716440320702927,-2.143462588167285,8.094347206972751,-2.4473241814989333,-1.4230566860844578,6.293112263219369,1.165182698302136,0.7134653361430426,0.5442495013127284,1.41
0.5333184515276111,0.7459637517802542,0.6776786085598319,0.2915901730428433,-0.9360260540326505,-0.7306844597939957,21.056972177340118,-9.892275466607998,5.4443154238381455,7.530162621049513,-1.4783695114927118,-1.7113545232217202,4.681395664265062,-3.1042504354417666,-1.4972372090705062,7.251948610002563,0.9475413580691734,0.8762564442055303,0.5186012508396136,1.3900000000000001
0.6982464415765897,0.881735544001939,0.7393810198862747,0.635563260044204,-1.3515508989728833,-1.0026946548230073,20.111366350226515,-5.24144984569718,5.360469272955957,2.2020775116963196,-1.4794120215833648,-1.9954628901875162,-1.7311177443906776,-4.338642155511547,-1.43262039616126,11.031037072496277,0.5980776134381512,1.0178924800040399,0.2424322966090881,1.4
0.737367803982964,0.61114188083686,0.7780787428553744,0.6284733324198082,-1.372727632250472,0.2992227109910391,22.75289805653259,-6.846311128221322,6.938677533540684,6.736186153656302,-1.3838524183465557,-1.922317289264873,8.620144631949621,-5.6071288695005,-0.0025496515683820498,8.784479795198717,0.6993940932235032,0.6681160481313861,0.3000335113849643,1.2799999999999998
0.5562371111364927,0.24900814318856335,0.6956209571423391,0.4443903313058367,-1.758601333224859,-2.2681427954837825,17.117690997468223,-10.998276596874659,5.4714312574573025,3.997637022052331,-1.8193625767633321,-1.2270538919978482,2.9448305745407053,-1.904400372227006,-1.611377022930343,10.630357251988238,0.6929823993410225,0.6828833903964361,0.38531208535841777,1.3800000000000003
0.37880613606457886,0.3601842569610048,0.6488086196890319,0.5625590163605708,-1.7214974021527167,0.17010727353316438,17.01780022232197,-10.953665359655895,6.067136057143635,6.504065221988806,-1.993700522329227,-1.9179806757658981,6.955798611654202,-5.08080958060766,-0.7350965404016798,9.237068297963503,0.45720054620774553,1.014922656503295,0.5479709854441374,1.2999999999999998
0.6992331220443444,0.903638186034968,0.6928700383303559,0.4286562434127612,-2.0065677151474386,-1.342146245842088,21.312945975932927,-8.982827229662327,5.586244251277857,3.4566733933083533,-1.5383283645093628,-1.3086683599497788,-3.495642060431692,-3.310671715595082,-1.8377134034783023,10.425661329658565,0.7757395208069008,1.0999482240243754,0.3211816959161881,1.3599999999999999
0.42981323908096264,0.35192164799119063,0.6834521495185886,0.5856827003406384,-1.22297247957411,-1.7986385308672657,17.66581106108668,-7.454239069304842,5.267870769708988,2.8040997147932574,-1.3060005322989867,-1.0663843265726483,9.022548359110008,-3.767918922561486,-1.2733432728803864,6.542358096592825,1.1608026819508948,0.8863954845103943,0.47163173912168177,1.41
0.791885014289912,0.8429029254341704,0.6101054287305059,0.7488234157244782,-2.273799227829343,-0.32716763521972003,22.56809904657159,-7.842432523988671,5.148607399051186,4.5483435532186345,-1.9477728673970074,-1.8299784008480904,5.496699486611845,-3.2929034991136494,-1.4684340413529657,11.822621227887625,1.1609179146899573,0.4470223935755962,0.49736360626844156,1.3199999999999998
0.5659213720857628,0.5655155581688573,0.7844340556836736,0.30831105253684893,-1.8224896513587132,-0.8373520899714253,20.185204135744243,-11.848388316580893,5.762601642329191,3.1881071528022717,-1.4307813125236704,-1.538937937270855,-2.962421959423738,-1.8949470817634664,-1.46980412186423,6.356646836415622,0.6251618529123214,1.0915464318923496,0.597899564741586,1.41
0.7423464300809101,0.33062976760987206,0.5025990109381699,0.6950184844946857,-2.2705448467910703,-0.051680359300443346,16.489340370367962,-4.743368909035622,5.022483861957371,5.253193043151934,-0.9213674974036875,-2.025051714661895,6.146138785248822,-6.516754567957299,-1.2945764636966062,11.117322945580872,0.8143337672496187,0.9661858303781772,0.32076490001494673,1.4100000000000001
0.7172067062896057,0.581025560126069,0.5939788442167538,0.6234166230433164,-2.226720777520886,0.18122533079158468,17.773621273490043,-4.6840599595928785,5.088890036689783,6.76786079829708,-1.0411785984263993,-1.76453686015164,6.22654282113125,-6.052168558987783,-0.480047223718583,8.286558682433453,0.7976816653378871,0.9606102453191775,0.3329361432918224,1.41
0.529941367542339,0.7441845689153453,0.7296978153135661,0.7683811609083211,-0.8993202743687677,-0.43992089095570985,20.03437641530051,-10.850781186270721,6.191277917538018,4.231678986368497,-1.7525267069922374,-1.7311434326139916,7.481788600653277,-2.9837940096488795,-1.6794615993899162,7.922446734489921,0.7426443364077384,0.9024715620494618,0.26323436541546497,1.4100000000000001
0.5711982942807912,1.0875653733680646,0.7100026769858332,0.7302681406093231,-0.7438012138957928,-0.5680556290753245,14.908767702971392,-11.44093655676036,5.167130200237685,6.194944388403153,-1.9078487031194484,-1.777556289858868,8.080148687025565,-2.671371699588618,-1.8026267816656985,8.840382985840275,0.7151879169760297,0.7776927374534951,0.4024943752203962,1.4
0.7993334934760151,0.23327858393674766,0.6672422346673907,0.7874047102520483,-1.7640251883813236,0.4470423920299206,20.3171646741607,-10.975130075995814,6.971047197094365,7.398872704610492,-1.2177018297683777,-1.9619162887322243,9.093376900737073,-2.307171626474089,-0.4821819579733402,9.315134760687556,0.6174867705977977,0.8261741260192641,0.740599554651012,1.41
0.785803571807552,0.9445565117157146,0.7934871648855979,0.4851457377938353,-2.1517202591258404,-0.06647354437205322,18.20956557478545,-7.005383316099409,6.417361635328777,7.55603812428551,-1.0610335018787718,-2.0726461562038256,6.559435704207651,-3.7119428849800213,-0.9657558130223728,7.843373222386656,0.8471640052308357,0.9161687952751085,0.5963577847258251,1.39
0.49679498135568617,0.9592740560551296,0.660706204554672,0.5352015747198898,-0.801504976128529,-1.8290286162054217,16.918594780195516,-11.713328178353162,5.228104937802566,7.014479598373463,-1.6933196826936447,-1.284288995377794,-0.24374622849111893,-2.3676027374470245,-1.7126116085533762,7.090081738991203,0.8791832329717449,1.028796472550678,0.39791123738392414,1.3900000000000001
0.2373215333051039,0.37140770408340723,0.7073904707069301,0.5652671110640299,-0.7579459532433552,0.10428511665466154,21.965281880090938,-11.374971769754875,6.858224781851894,6.241124388120845,-1.9176296633741876,-1.8375876447715387,6.0960877086436955,-1.0740335142152435,-0.9513944286614658,9.77126392847427,0.9430369365798311,0.8404375308091335,0.367038525733405,1.2
0.6471321492455779,1.001899579259183,0.6631985527939284,0.32621052278565493,-2.1612023870946273,0.021305092476433418,20.227594214552468,-4.920671931147978,6.05107937803334,5.848475590704579,-1.3221252964028976,-1.6471800048658638,7.648489260816234,-6.066357824432337,-1.4497998921319706,10.307960646908494,0.8181404090392335,0.7444538904034405,0.3808074010758816,1.3699999999999999
0.6729245959621983,0.957041902809519,0.7287162566505435,0.2368987422978047,-1.9865232406607165,-0.032019771898652905,15.820667307378512,-9.880685591773169,6.176922493634989,5.9258427942300225,-1.2926960923047583,-1.8665931690119966,5.397333224728275,-3.1055812905353037,-1.7018944501069357,10.017653944432244,1.0495324892739992,0.8582702576833419,0.4106294855422059,1.38
0.42521649354400604,0.8110867555803547,0.7801705508294685,0.42152787721656954,-0.7160563977570369,-0.7495477048226149,18.654971907918,-11.543883235841376,6.0455071410429815,4.667040505392598,-1.5270339853856263,-1.9760235927313894,9.68354966428763,-3.4456740821192833,-1.4409057286517675,10.03111425551856,0.6320064571672694,1.0202369997186602,0.39164248322259565,1.4
0.5270243283113439,0.6860837903773663,0.7372064459097083,0.43195486829452984,-1.0478355763411307,-0.3795824812475773,20.798800563963916,-11.425319462370082,6.8570198010155945,5.754453554075675,-1.4399891791429211,-2.0705448024076034,5.400786831876298,-3.2248259269111115,-1.4366111419685317,9.099933611626886,0.7339411634161055,0.8777399678183108,0.3798633928369599,1.4100000000000001
0.6875389573676612,0.3718764568607997,0.5684730981225047,0.6261998795878745,-1.9607347906047685,-0.2470993209736233,15.3709446703501,-8.008637759657836,5.017003092918745,3.6686577407085097,-1.7527639083839288,-1.6727985569766441,5.149361698631528,-2.8147245781302255,-0.9767812155979834,12.950560485144281,0.9939628160869729,0.8455695787387767,0.951413210205534,1.31
0.39405467628376906,0.8586363854460979,0.7564475897972207,0.35412442966377755,-0.5112552666683544,-0.050885119241858984,19.021447462350476,-2.5568891572704837,6.395028089008405,3.2585559880026334,-1.8314989496193437,-1.6874001551729811,8.22466864385278,-4.913724078168297,-0.9765820251481219,11.27522546229063,0.841911129694167,1.0733030653248439,0.23815402453914386,1.42
0.6963886296069492,0.7760133268604903,0.612521956355612,0.3833647519584956,-1.524214985589732,-0.053488404296924336,14.655024074533715,-8.238163245445895,5.25922529338714,6.98383672936608,-1.9868603138759435,-1.9634510256894266,5.451135738021417,-6.329434836045657,-1.0902245870432978,9.546991457870947,0.4983311296907045,1.0597101866160183,0.3799715345263409,1.3599999999999999
0.5366558699997183,0.7450200206423739,0.7762930664360226,0.46038486677783236,-2.415902577432608,-0.8265237531952744,18.420145385261662,-10.887392658027906,6.081529048230683,3.057566088902571,-1.6668396683192983,-2.1234934853623364,3.9977934996514084,-1.5737732220680987,-1.2305783904480567,12.153929747996036,0.2814429906734242,1.0756378770614798,0.6347563367876117,1.37
0.7009128442422347,1.0424889449460055,0.7520987190017462,0.7528186322466677,-2.4714833798762124,-0.408645044363293,18.873519764243614,-9.432352797469,6.247539281423111,7.868943232698124,-1.5421498838943757,-2.0087418593392266,8.403278516954504,-3.6576780433162717,-1.9807055021447644,6.370639014831613,0.3303808163543128,1.0215643777483376,0.27260430591970264,1.41
0.7416331675084168,1.0008884663589581,0.6568186947215534,0.7747994203560463,-1.050470152848769,-0.6330805160089167,18.148819401365465,-11.594232824846332,5.981222176564066,2.5256092220352144,-1.3889995402778923,-1.9735513515657856,5.955995668601743,-2.1327141519573325,-1.538984230598129,9.729599237541215,0.7313894067691638,0.8631001509107299,0.5000640209869611,1.37
0.47710018895316664,0.607836070994874,0.6463368045704639,0.611437463676041,-1.9694557339639847,-0.14288301959057625,14.909790129942344,-10.546280316617214,5.733984266165299,3.423850614672599,-1.371545333495183,-1.7815176528596777,4.563987310238807,-1.5656636359607234,-1.427476973944645,9.355636986875695,0.7862473274435404,1.1621643360686786,0.5157992855862681,1.24
0.682084815366085,0.34568441388549187,0.7719034895229825,0.29434377400547507,-1.7380498078012503,-0.00281471597690075,18.260478746701125,-5.548541033855578,6.05023631237008,5.226021254770726,-1.6077294720582345,-2.056995187441018,7.554592465354242,-4.605398313602004,-1.2677551519609067,11.59297342392339,0.873687436805895,0.7300877959760534,0.19075923840259962,1.42
0.549485589982792,1.0187369042039347,0.657420831746584,0.5611163809792683,-2.3544875754753725,0.08089329983477767,18.407567493184832,-5.844739971549844,5.606452325788244,6.446791244961423,-1.1462438359405598,-1.9116936674716412,5.422656187851796,-3.8802144118396127,-1.1635340213652703,9.906405445044202,0.7710553467356647,0.815808793967967,0.4804926075790827,1.3199999999999998
0.3266994301924566,0.22630463135549644,0.5584874926474156,0.6248965680578364,-0.3841656281654035,0.32105427529722574,19.26248163456604,-11.223553712173702,6.534543248155094,5.8105219524766145,-1.9034526136163261,-1.7878206167453043,9.386901316203858,-1.1059120784265828,-1.0576200905906776,9.64998600539359,0.8345207845245466,0.9719417969673004,0.6263957757744465,1.35
0.7079685969424232,0.400466802514026,0.7234565806177092,0.7092949521794981,-2.121700535294055,-0.7896682508378411,15.25924470261758,-9.65008281889538,5.85683683847617,4.944155523157512,-1.5021404768559519,-1.5057822444903057,6.619745701603015,-3.351069340581706,-1.9304819049139856,9.890868334783423,0.674183518220669,1.018943687808694,0.36496262246235645,1.42
0.3466338188404967,0.8845540439191505,0.6745608725264939,0.5930991815040019,-2.182146720868819,-0.38810958699564324,18.006527656123794,-10.314311183066197,6.276478835675606,4.5451505199229745,-1.3518245703044915,-2.163632800059586,1.0602785483499682,-2.6692477752925594,-1.0461077664990706,9.896318409240482,0.5553065776813173,0.940678097497406,0.7087539360900091,1.17
0.4688027783103315,0.40655792337572716,0.735152539494896,0.6594194809862086,-1.229901117316817,-1.1611161829733372,18.086236420700555,-8.351759674882077,5.125470523489174,3.482505782202877,-1.3288603753143737,-1.840629616996459,7.828010354326902,-3.4249004734268516,-1.5446074196936452,8.340836329213825,0.4553462818661326,1.0964321173160305,0.40922571009743247,1.3699999999999999
0.28919638984832907,0.4939399850312619,0.7888156279351257,0.6521753552505336,-0.37887783367282624,-1.9178669420543775,15.03307123779733,-5.892214132872409,6.0341752549014025,4.607269583003063,-1.5566577324065163,-1.9507807141168003,9.345916530050218,-3.5884167882723497,-1.0214301916085107,11.997228085773884,0.7533648076251707,0.9958530259169993,0.38905922284827515,1.4000000000000001
0.6013640803100169,0.9762333262282405,0.5903342748912479,0.5917776114961668,-2.240331420481258,0.11879359081600108,14.907687239315502,-11.661924010667764,5.2437106093329735,5.597332233603447,-1.1107109630040488,-1.7965831425442798,5.407693660287541,-1.5079731398796101,-1.0505527557938954,9.990111767629587,1.1310663142757724,1.0105579719161064,0.7943723281548292,1.25
0.7786347064595781,0.44374646091117637,0.7265929363553565,0.6649459160571228,-0.7961159534224758,-0.5925126849630002,21.04852180304962,-10.421303639101044,5.2020704757262575,4.381429540039395,-1.628458823143072,-2.1657819848807756,6.422429860011265,-2.5112223250760346,-1.7946171502087598,7.434767877197739,0.5769045971185958,0.8676967919265437,0.3244145611169319,1.2399999999999998
0.6420611725316138,0.9848866145717565,0.6852214303732426,0.788668518579924,-0.4419125397339893,-0.6967200799858103,18.5017473531624,-9.156237806603471,5.15861347811648,5.8951963605899875,-1.4379462848720412,-2.1695271993060987,-0.9377872321350329,-7.856969888892205,-1.4685678366937314,8.771906136984004,0.8598352093164364,0.5256426580639861,0.44952856272228686,1.42
0.6056606485300499,0.2221222232997696,0.6971372698487448,0.5454362825577486,-1.8041203781280724,-2.8898288262292944,22.455004794198597,-9.56576557330537,5.160315542168528,5.842116654913563,-1.0915083241662886,-1.160966673593719,3.0589960056792034,-2.296978828687052,-1.4771488658882823,8.068833471145986,0.512981775530422,0.8293197440200102,0.43624846803908046,1.3900000000000001
0.5022327458569544,0.45648376202248453,0.6427275391252985,0.40203520695917244,-0.985689673927527,0.21462336147163974,22.141468623516914,-11.940164764634165,5.872007296115948,5.6967824003309655,-1.4195473834438848,-1.9929866005086931,8.842097864444579,-2.3137164302322795,-1.1199879608466616,9.71569788163964,0.9078687455199701,0.8130039976936941,0.2774635752123565,1.4000000000000001
0.5096364002637264,1.0142454563606182,0.6644013994778906,0.5612309657569723,-1.2927153796345883,0.12746122992423947,17.49135430252773,-8.470813234659447,6.186030917366651,6.696898080201635,-1.558217803710602,-1.8558398901984554,8.340319332256621,-3.292292130699495,-1.6392779286984929,8.15069941647729,0.9193111089115757,0.824174928426971,0.26908066239046013,1.33
0.7934712807500017,0.6023777458265638,0.7858374555491514,0.5224108271712804,-1.5341183984026165,-2.3711834930800575,22.490505944070527,-6.5746654833525495,5.423560692733211,2.508325682594931,-1.2852905657607252,-1.515946264032919,6.201011128368491,-4.166619913960844,-1.7483916452383474,8.485305450019835,0.4436374600737167,0.8228475587926593,0.32509456251911223,1.4
0.6282138926211718,0.8951758692558383,0.49176228851352877,0.5764787900568725,-1.3249970519694099,-0.1564332720307488,16.682970616821635,-5.269117422335455,5.1800095878927825,5.160394766737879,-1.2752156084404809,-2.0467299432755564,5.282552772570072,-4.018107031931996,-1.5321515286248002,9.947233701742963,0.8850299461703108,0.9046434031802874,0.5000742297465125,1.33
0.44794839010685034,0.7465288809056636,0.6062070963761335,0.6378057519188208,-2.0978373974497684,-0.3655805181706263,18.239933113813525,-11.469669887547115,6.379350842992934,5.196766063334419,-1.5861684785638797,-2.143529078648914,0.1115803751306752,-3.5770642308965215,-0.7685643710246214,9.078388712243159,0.5764382605952414,0.9957320413486106,0.8143740580181946,1.42
0.4172281719431875,0.4287383303409831,0.7950246825365161,0.5906471926648293,-1.7676620437039157,0.11174059384767399,18.065801191584697,-6.480331618215121,7.29466262934903,5.708727636679825,-1.4434053042612947,-1.9131793026763813,7.167022065726449,-4.875174863152005,-0.9050297712434721,11.059081811766648,0.9656266780107888,0.8741519150382928,0.48254278263467665,1.25
0.7035672693677553,0.6715236335406094,0.7397325540656241,0.25724774051847316,-1.184613419488379,-2.357126444659476,18.831427317634322,-6.130961784648923,5.49707133097127,4.764075325354332,-1.5475777108627484,-1.3819473322428353,8.647013441296444,-4.233631836285965,-1.0802933514580537,11.566762373431926,0.42273250945616225,0.7707792635465385,0.48755888692579574,1.3599999999999999
0.6427387432505922,0.913128033612957,0.765349268264129,0.47692203304816233,-1.764342646299653,-1.4778268112320383,19.44023216627963,-10.169310099548015,5.756239924720801,2.887933112783513,-1.123685362646387,-1.8306514483027114,3.8899859098559952,-1.5358429507214981,-1.7066437064011848,9.936166204706758,0.5504319881686054,0.8812834036107992,0.5467327610680981,1.3599999999999999
0.27139161994418176,0.43781400807301646,0.7811352678252054,0.7844204409356718,-1.2996424621556932,-0.2306588807502037,21.34594691139267,-8.25781799010145,5.182768104530786,5.575884347871889,-1.2009380424699536,-2.1882799989523103,7.949035248445217,-3.3663918118218774,-1.6102250073477355,10.491480311257908,0.7166673561550401,1.0920648873784917,0.333107267799183,1.38
0.3781146770703151,0.9950569278228677,0.6996810343759965,0.3048072049746743,-1.2707241626611123,-0.012637553556065328,20.016496538706008,-11.64397235813254,5.710034479309093,5.7389730937249785,-1.2000491176808405,-1.7963694072476575,6.705658030490829,-4.241634471224021,-1.2209940150493894,10.314760352464896,1.0264034317487611,0.9443280426874338,0.378713869854047,1.3599999999999999
0.6066492583282908,0.567328122081152,0.7375257690440441,0.4585794163466706,-0.5656868006136315,-0.316859239149562,13.960365044777205,-10.694224107889351,6.017878346198107,3.9426371498284674,-1.8162595413115912,-2.0020808920166786,3.1766387977159636,-2.410786122848111,-1.0572957053811023,10.96503025736586,0.6754657321753399,0.9996562032078744,0.6342025088643741,1.39
0.6792928758928993,0.9398792129868364,0.6676252145928906,0.6965867063178142,-2.32289143114176,0.2502239601069204,18.822018890858573,-8.706323815421568,5.854499009632123,5.609443568707781,-1.1584065646865662,-1.8771983911914714,9.41473001015481,-3.7760497808081195,-1.8004561221002082,8.573432769203219,0.5884339691914753,0.6416249942328192,0.3461293413424393,1.41
0.6148225581409884,0.5405348134323744,0.6934263004107692,0.3718779910946151,-1.9399117117341782,-0.8647630095523042,17.35935942434795,-11.361743559478487,5.733010165014918,2.5696222633927643,-1.7360948437623165,-2.045032800021162,4.70381316945792,-3.4984249102387563,-1.6237021163618428,12.455972923309982,0.3407814309031266,1.030325629010665,0.3630718087496783,1.35
0.655685532781551,0.274672589938315,0.7357759021955513,0.6201407234295742,-2.3200806610235465,-0.013212589591129966,17.731524836674115,-8.24089347028712,6.68926619044457,6.9424826607066255,-1.8650707976252552,-2.0813664028373022,3.6689351966651556,-4.079018906994696,-1.0534192846755943,9.38021749992189,0.9900002233501131,0.7038890022775207,0.3715804941791799,1.4
0.7456560387307866,0.8269403401682442,0.6642852108035362,0.46790823246142993,-1.6401466415710673,-0.1260452088762259,17.267596373447915,-3.2043094261074696,5.760728633090145,4.70788876386386,-1.8284508374794342,-1.783664768443728,5.749179517899499,-3.7591021190205556,-0.9133017708579546,10.435654843640416,0.7861162553876475,0.7684956096983739,0.6115877836018241,1.34
0.4579990204891499,0.36240980307971576,0.7568759431863944,0.5310803729533906,-1.6012125745221977,0.2047500254975812,22.770033310597302,-11.46526065475722,6.181794427926321,7.029937855358038,-1.1260672007815784,-1.99482502796642,9.59675182674609,-2.8178417426425,-1.0868839511462234,6.487381058265399,0.7673967791116045,0.9028347324161992,0.5950626195602534,1.38
0.5431118584124294,0.9062540702879732,0.6934654083775098,0.4852090514772538,-2.1350554353103885,-0.05365270497015688,19.89691512004255,-7.457931448503666,6.734793703670981,7.717375266089417,-1.1987036353973988,-1.6391311887082936,6.100746612669844,-3.8760216849695084,-0.975155390895039,9.079897487995854,1.101980730952314,0.932528493210551,0.32035779201282616,1.4
0.7331715487769852,0.7695225241985963,0.7052691908836696,0.28937044092662617,-2.0256880499303755,-1.1431777110375179,20.974147688093765,-6.206340749019729,5.380168939930558,2.265056632567756,-1.8557211568481065,-1.520860335970784,3.9632259651982995,-4.069299309260745,-1.25819937321879,13.051576392765426,0.6222885723959888,0.6551126894794999,0.3837343792789733,1.4000000000000001
0.5788522767750989,0.724091217194573,0.7545892645364982,0.5346925606231836,-1.335278055076548,-0.5226056441874873,10.81192577050739,-8.846944433422241,5.984182141589031,6.355643795237439,-1.7684039855156097,-1.5450215556715938,8.864633952687758,-3.5941900516572165,-1.9772867935536005,7.545857562497975,0.9540955960400267,1.162665704278788,0.23102576769750624,1.37
0.44554923807808877,0.44423489534111704,0.769354042072319,0.25287342842132843,-1.516119254493179,-0.42378925525799227,22.452488247288766,-10.584979996984776,6.346599705229417,3.8682056455110017,-1.148055106937209,-2.1586612547781443,8.537410965889194,-1.8998981551218768,-1.2272827362758256,13.80884154906894,1.0937910693925634,0.6201731718601367,0.5607624034449977,1.4100000000000001
0.7890064860431106,1.0906218129870349,0.712363150259384,0.44189148653752175,-2.3079621465262528,-0.41149946504477525,21.74474400715982,-9.421697146339227,6.448477302457749,5.592271385561029,-1.4559784964702482,-2.131102300485175,3.265879821959241,-3.0276496505578465,-1.6473495720351512,9.240548651831816,0.6509672841933306,0.6233752249480358,0.391519621047767,1.37
0.6812868627112197,0.8440117429229939,0.6777766314667086,0.6723620727429649,-1.6135913651828577,-0.9168020688741644,17.53411767754626,-10.702699606771338,5.706823023600194,4.982532920056938,-1.7617422554874913,-1.7175273093035333,4.336533651856811,-3.493227855747385,-1.3441838102038006,6.240270933490296,0.41015009257046475,1.0384528422103934,0.5485500476283947,1.4
0.4873247323318698,0.2762067784216085,0.6954143730765553,0.5175973150384178,-2.354189960141112,-2.409133889645597,19.696757806215047,-6.687437457636837,5.242302762789324,5.21038827069367,-1.261087848028123,-1.0383718876619474,3.2065475848066822,-3.8103392246074383,-1.1585138658826497,11.769909671859077,0.7247236060736694,0.627084758315754,0.5585394047408574,1.41
0.6898980436189923,0.7687398663666709,0.5261115488768542,0.6094500578554565,-0.19989544970789286,0.09955387800168539,21.378790956074216,-10.057801618069398,5.8004609381263075,5.733218776979558,-1.965543538505749,-1.8928089820899348,6.6165187483949985,-3.006432879548907,-1.248839977794129,9.574811943543203,0.7476577338425652,0.6343261488551944,0.2942252642330933,1.37
0.43134222273668266,0.7411254502143607,0.7813522868131393,0.47152954495526955,-1.8997156074625723,-0.19494287571632773,21.82438258548592,-3.7390538182499884,5.762705267762438,4.9794720874700875,-1.4146982125204177,-1.8870291009095552,1.0735934317858788,-4.103524305203103,-1.3005312059737375,10.681628589960567,1.0794298248753922,0.7652346308522984,0.3541202016217113,1.3699999999999999
0.46419058844793953,0.35519474045556265,0.7854616510795304,0.44992616418929665,-2.478890004444428,-0.19419625139214136,22.232032694589737,-4.926137620773025,5.583900298875556,3.2436729304220395,-1.2273089679509865,-1.6445259827507974,3.823414363544241,-5.125751373100266,-0.8741664475079354,7.253043812131286,0.8616197304888455,0.9288858165695433,0.3948863553415703,1.3399999999999999
0.22090872266263611,0.9619972349906157,0.6027458571439082,0.24469473845029327,-2.414300582730548,0.03686471847214239,22.97338188434317,-7.125580681363434,5.252635156281816,5.027524097567694,-1.0207087763151417,-2.176006415285373,8.32280925653582,-5.888945680847814,-1.3275395343700513,11.228980812607595,0.8972263341531943,0.48693077795679834,0.37831409223653667,1.42
0.6013069720142683,1.0381279771086829,0.5967140746859003,0.7908093990279884,-2.1827082365265067,-0.16224626061750128,18.495673173458805,-8.65266668059727,5.148368467086053,3.4229832058843375,-1.0645943236640423,-1.6420194919652262,4.871598552855756,-6.039435656438666,-1.3745769506334962,9.04689269462259,1.1257752785770454,0.675782469360415,0.3963884769534374,1.2999999999999998
0.6506424254961405,0.9059687112374933,0.7646071914610106,0.3038855499101746,-0.7936860745712512,-1.9125894084518786,21.097836806671026,-9.78508969258527,5.99227840752404,6.519161120845002,-1.6102057961122138,-1.280417565146942,9.730638441315955,-1.764530238235258,-1.6005638466900547,9.030905028133677,0.5389958741073766,0.8776768060958777,0.5271948474960537,1.3800000000000001
0.4534909540168665,0.45422831667529856,0.6756838880997811,0.7461515097855216,-1.9607926250576853,-0.31687482675497003,15.44076209519189,-10.246393555761745,5.252479513880766,3.998120971060406,-1.491225350750422,-1.9089516969386624,-0.03999475778604311,-1.261677235257107,-1.610151710950255,10.764917485007057,0.9113394775265871,1.1175360025946066,0.4268068647213805,1.28
0.4193882642878638,0.948430383748759,0.7054765108715259,0.20858743814323452,-1.495280267682362,-2.6791063010843046,15.252974188030382,-8.462745937512137,5.346708155351207,6.675341135727304,-1.1476597571460885,-1.5786857778767098,9.63032129851833,-3.576130505409144,-1.440065737721304,11.866322190183288,0.4183358653927841,1.073634217235677,0.37631275038693346,1.3900000000000001
0.6118120789812143,0.6610253453871718,0.6956500120221528,0.7529920951191349,-1.7113541465660833,0.07057147923825723,17.545658866185725,-4.908399999459879,5.846356739264144,4.437180820814298,-1.7168710500527329,-2.1246223063789524,7.74604870032237,-5.025566973251746,-1.0629401547082764,8.99166560377343,0.4453324556602851,0.9805576194158209,0.2708377789966108,1.15
0.5040860284816868,0.7437513187536111,0.669681096958432,0.35583497007532866,-1.6809505299966774,0.031090918774026012,21.887335310174443,-7.2444549056933525,6.325450906845792,6.46706226730808,-1.6726701058577012,-1.9419822709858972,8.441327860450722,-2.4920519715850507,-0.9233878080322333,9.691475639411154,1.1027714986579082,0.513165555386153,0.6205045335240778,1.4100000000000001
0.531687713443453,0.4004229996361337,0.636625698331182,0.5833512611150318,-0.6153254942356156,-0.18198695481589178,22.61465760084442,-10.606802148813568,5.75833765047568,4.823741220403063,-1.8896824552832048,-1.8343762275275737,4.871177318176653,-3.2781728683072293,-1.5858523386949244,7.148077925983196,0.8933180086426936,0.7770420578763214,0.308701504679203,1.4
0.6211303503139303,0.8894154774455072,0.7992031400877707,0.5295571316482002,-1.4495976938351438,0.05348403978987176,14.020633458737105,-11.721455714727343,6.473860424380449,5.085998627021579,-1.997922808080284,-1.9898732657399667,8.04289143697373,-2.8117358748898695,-1.3007234811484403,10.08769547418346,0.7520147795587289,0.8803427414165671,0.7026065858283952,1.4
0.7708514328794661,0.9925131077080187,0.49406875349065715,0.5074216173073651,-1.6148427450688116,0.030551904509157096,18.97183990226129,-4.36422373331448,5.316242830528971,5.662928349671713,-1.5093469673495776,-2.1809964055244864,9.123974574621638,-4.606162632394475,-0.6731793109170758,11.226596049576903,0.40246410454618975,0.7396479011851161,0.790098685752963,1.4
0.670407253611232,0.6491139612870979,0.6950106195199865,0.3955709323045466,-2.4147676523404558,-0.5320483420845046,21.722537837149957,-8.644823607836557,5.062378039752865,5.493811520310813,-1.3584344823690537,-1.7196557193893478,6.954669146055266,-2.6141167068727738,-1.670061870088579,13.338931329261815,0.5807944926455055,0.6659845709895386,0.42408126504392785,1.3800000000000001
0.3198692396004157,0.4532456314429795,0.7243538030045876,0.48691362859042364,-0.21258466446162833,-0.07336500687277389,17.217026678662993,-9.587997752712054,6.4125607132195315,3.9189742131159173,-1.732839949393646,-2.0092196674196674,5.074461674661278,-3.1153620798876602,-1.6116417323011845,11.308961164427105,1.1167214420645135,0.9453203023299772,0.525427286715981,1.37
0.576859203059928,0.6921609325603545,0.7760487487111295,0.598532616549018,-2.032307169426841,-0.13617363826202822,15.779425500722585,-4.773723176068708,5.656095325353797,6.414981169389102,-1.7629069936321242,-2.1802852848778684,4.287696539530639,-3.4537060304689784,-0.9404697851979823,12.375688478871405,0.8078836530482936,0.7536786314721011,0.7034499817637692,1.4100000000000001
0.7828385962022785,0.4821385386689451,0.7598760234085806,0.7180028400887859,-0.6283905293485993,-1.0367919938417924,17.92606642818773,-8.04992268666851,5.569635079325407,3.1272798037199383,-1.9467776979420464,-1.8692726737308845,1.3490296637089672,-3.2409518824416033,-1.679521138720699,6.036091680620833,1.0509241652481254,0.6815538263631546,0.3582597864586015,1.3900000000000001
0.5680429957996967,0.9740020730978315,0.474839150013438,0.36933125474689743,-1.1129365491187055,-0.4290116022716267,18.321206863043304,-5.011843390260981,5.292048470370651,4.887471425486263,-1.3995404713643305,-2.007178034437882,2.8905124535078146,-4.366832685255468,-0.5521016157201706,10.79317361942735,0.6379893373686092,1.1254831937219265,0.9626378241915279,1.3900000000000001
0.7247133670262781,0.544214990207476,0.6669327066694357,0.7531991511784282,-1.6588505622778622,-0.6497721547625948,15.31896387555596,-10.260706248098979,5.432016955186165,4.621167914270364,-1.336062577309325,-1.972463470895675,3.2486052997926773,-2.9442277848661904,-1.909851902914343,9.345868511761758,0.8618415155596301,0.9030384492296646,0.27240230494431633,1.3900000000000001
0.6508806987626272,0.6721662084067136,0.7462615778445355,0.44470916010764905,-1.9427606689472983,-0.4980652033919222,17.57935817292542,-9.912329256055004,5.362990816715829,4.060645187660148,-1.5323357444812895,-1.9089231288525814,4.848392126514746,-2.4375286545969015,-1.4361441179470718,9.729040728564692,0.3606864305406152,1.0892741012165126,0.5149373179159983,1.3900000000000001
0.6312865710631101,1.0586324359445085,0.6574568043016661,0.6952385326910638,-0.9939290314267487,0.08501762122689821,20.17735286085361,-6.359063273116675,5.2825475571021245,5.567996618137186,-1.4892343819998204,-2.1109876410875823,5.469062784160756,-3.210167727000381,-1.4304837090110416,9.190191391379676,0.7461146846126921,0.9646007450900731,0.42324738467227996,1.3499999999999999
0.6347287740659601,0.2754973128760138,0.7717290376671183,0.5918008045628438,-2.3478377904193395,-0.6780266136192519,16.55336940990963,-10.510436476845506,5.031829542404998,2.2631203243240905,-1.8402188708566427,-2.0580852107152077,3.3820583262955717,-1.5675652148107095,-1.836660378750134,11.212125927588716,0.3429051752879708,1.0519206682917774,0.4692153483667926,1.2
0.42311801395759907,0.2823881031048203,0.4068737003973565,0.603699014416939,-2.158223839643558,0.24326214370946475,18.88400393699064,-10.084701731919377,5.587953351794517,4.764510375380496,-1.5279316818143693,-1.6365475987245997,8.66124595597475,-3.7890970675479556,-0.772420323213138,9.893392209159904,0.9048282452863772,1.0557758089881453,1.0440040668125177,1.2999999999999998
0.5895145435124125,0.3593760408382074,0.7206837483631777,0.7650409179649484,-2.0449209058401436,-1.3044583088662256,21.00042679632354,-8.182612625295203,5.434003895746458,2.04345977320145,-1.2385997719469644,-1.4959368359901921,6.515864807700288,-3.190179737446781,-1.961581057349424,13.93821002225464,0.5248835392422387,0.9307138220880782,0.3037743194542651,1.3199999999999998
0.745270074330734,0.37698855963297306,0.5973411441326751,0.7522762156815225,-0.8713387458941367,0.1223300375518086,18.847290530698714,-9.011274726235083,5.651557919623051,4.768241180660471,-1.907997494496702,-1.5195309546571474,6.2858577053340206,-4.147005384532061,-1.4561927872203095,8.181353658217496,1.0144278755112175,0.7323438863152363,0.3993128890859478,1.4
0.6759231137365577,0.6654560629672441,0.7197344731461038,0.731681418248574,-1.2321302524617224,-1.64418806706129,19.119130867754908,-11.820792957311236,5.907218726253396,3.5737430717122645,-1.7420158444331233,-1.271446745157386,7.940965947673622,-2.1849424072689727,-1.7572718787369908,13.676216637798303,0.7877453629244113,0.7049437204918791,0.32143213513042057,1.42
0.6857019451773034,0.6180449167154094,0.7294971361996115,0.4291369919801606,-2.0742053352398635,0.008026721969545486,17.169630425218593,-8.501590250121351,5.927615242582215,6.281220682066062,-1.2444492129400708,-2.1996967621741734,7.525300501786522,-2.6168074419115768,-0.8020424586504935,11.559872841733393,1.0771671960534548,0.6726784801308343,0.5699910765826015,1.3199999999999998
0.6014390648742086,0.5689181652241015,0.5789490391785251,0.6837843116403475,-1.002836312305322,-0.342879185107665,18.876271860757534,-7.431154018402195,5.052379112772447,6.193786558977087,-1.3897569067279707,-2.135122187143598,0.26647807195621276,-4.641099800602826,-0.7340796036282913,9.220165329614016,0.894988507999921,0.8749344542858414,0.8277701018136566,1.3399999999999999
0.5545663726276067,1.0828221609124582,0.6303481828871697,0.59868420723352,-2.012110790530121,-0.006985764036753106,19.608551071098184,-10.28268165340292,5.45966328157652,5.671823020413951,-1.225741517766085,-1.939343484832154,9.437562230128895,-1.8997559623991602,-1.7163370964430456,10.116209294821076,0.7002659770611668,0.7595368682616641,0.5455177762469093,1.2199999999999998
0.7458143766875871,0.5282474379877209,0.5537028879063066,0.623755058845396,-2.0456539789164356,0.2448083002189888,17.70220735464365,-2.674102430980001,6.2016832030148725,6.112885300016807,-1.5552068487720003,-2.1443328804617967,8.196400976125416,-5.295549240754576,-0.09269602223615381,10.357841871274266,0.6065368656491187,0.8136136586396144,0.7498270553666013,1.3299999999999998
0.3887818505243388,0.9742150206286135,0.7861561490520378,0.5342668860315832,-1.2711713409329284,-0.507399400965203,19.71803778109659,-8.887500351039069,6.299785796990057,2.75710077030578,-1.7374724358497904,-2.1509280028690276,1.4177667606034638,-3.295916627562988,-0.9963369430486804,9.835456743365555,0.6492028004269437,0.7711818550293809,0.47853569402138146,1.3900000000000001
0.7104352472195872,0.2423369349008732,0.5753291733028123,0.533820111743296,-1.9545273105390617,0.14704710168185256,20.321338836102395,-8.986998116002036,5.262797471950772,5.73343049447803,-1.2695669683037352,-1.8301392819865485,7.226421888410595,-2.763787408799033,-1.2311475891126544,11.484887895243599,1.094384856320643,0.7136646323479441,0.7079071930313088,1.3399999999999999
0.5205160031271656,0.48175852301005273,0.680176977738681,0.6031179831265554,-1.6578230947020005,-1.3595619764664546,20.50372416526852,-8.094698209511687,5.176221782147922,2.496127634784989,-1.2772872830288973,-1.2914958115944466,8.077155879581355,-3.8658449726240445,-1.7327619830775642,8.015547061763893,0.8347604419141557,0.9351273301595899,0.3437592980703281,1.3900000000000001
0.5961059040019953,0.4094601299416293,0.608578512008326,0.7583247198268143,-2.2421332777614147,0.27395275422552423,19.556046543031947,-10.773951848354065,6.2291013146807375,6.239193534051132,-0.7788175066471456,-2.049001684734342,5.832393460293273,-5.4817635720578775,-1.0374995623092371,8.703414341096577,0.9872469122443236,0.6668498825971492,0.5419893947964332,1.2
0.6846890452991127,0.6687557382596101,0.6080836621569912,0.7477398011227381,-1.1966896934676006,-0.12017097687672568,19.155407124949793,-7.577301938278026,5.349484554086994,3.805688738225521,-1.5239667584171546,-1.9030478157054305,8.237190831506156,-2.5629746426204463,-1.2864232596371923,11.014728835025721,0.6982565250006005,0.8565953891047705,0.39891800591834464,1.39
0.6257142834084372,0.8264150363831199,0.7063921981072403,0.6634509744642544,-0.594961785921494,-0.25754734766283083,19.786569889154816,-9.451229366725519,6.690363035357817,3.9817125161889013,-1.7421070733744943,-2.1901913274096114,7.255893292458806,-2.9604612516676783,-0.9411914203331395,10.284261562649933,0.4990303859947288,0.84186139529367,0.633705320991541,1.17
0.7211694734166156,0.5964873382485059,0.6570308308285504,0.40448617120511976,-1.682242188912912,-0.01766133417083731,19.462420876487318,-9.908288988827813,5.5323463517355735,2.5050033830225273,-1.6579474128429477,-1.631084245825987,7.597374560777565,-3.2270757108988266,-1.7412950304029804,12.112849171776842,0.6596772478035218,0.8635457505391033,0.4967352996617674,1.3199999999999998
0.7234518155434438,0.24962505103894686,0.5969283973152557,0.43802309432000447,-1.9167236664101368,0.25328769499414416,21.530817020394746,-9.543887670449244,6.176908857313283,5.935877260011131,-1.656539817754119,-1.9510118396868543,8.221215285204252,-3.86170745163448,-1.1882342290571652,10.25512555326818,0.37103551254850575,0.8792649060423845,0.6134868797748889,1.2899999999999998
0.3976873466214191,0.2625033838840429,0.7530998844552612,0.5023848024076332,-2.2888527979008266,-0.37321193446190665,16.741095889467513,-10.0127877585319,5.830732281091203,2.941432474458538,-1.4234531517447238,-1.8895656169827082,1.2072561601773562,-1.4549134883684292,-1.2884376273262776,9.972458094466743,0.8349041208922282,0.9476654371189891,0.479513535711154,1.4100000000000001
0.6311534584103854,0.2486397896069163,0.5738424726701102,0.47163241377902954,-2.230757664611116,0.1489819681588282,20.02889474594532,-11.82591427109015,5.077294253101847,6.921255806635589,-0.8200904324564184,-1.9052233229176283,6.315541872690825,-2.2589459100819793,-1.4059347740776686,9.989159216252318,0.8378782983619626,0.9403326432489285,0.5681162113372447,1.35
0.45493773704111673,0.5771665247064005,0.6391947039640694,0.5435271236624147,-1.822440590242,-0.022689037994042333,22.321537515206966,-8.845364372038857,5.868410233667368,2.458633651086388,-1.249887485106752,-2.0008178765801836,8.994433988887655,-3.2033487506836855,-1.675836541266833,13.30222082359597,0.7684387123550707,0.7671707982431399,0.5209621859293398,1.3900000000000001
0.6962254895338327,0.7427774426916076,0.7676259763605334,0.4454874118477502,-0.9388889910391824,-0.12428047926520625,21.824253551133655,-10.91197874882019,6.4564080596896325,4.732727257861161,-1.8998555516840296,-1.8589647423339963,8.749066147010831,-3.788505818163643,-1.4221843227696782,10.864847443508463,0.6029026061386764,0.836251006207403,0.3402057183504261,1.3299999999999998
0.6948842952658818,0.40956268451563493,0.6642767044311114,0.5407449908853736,-1.8877392233669326,-0.040660979469720915,22.698215432646087,-10.552980318709878,5.472862793750117,6.329296775547433,-1.2849551798262349,-1.6475139385733475,9.223609793063911,-2.522418041169364,-1.6421134192197404,9.84802660416966,0.6873474708827452,0.88187951655667,0.510233166620271,1.38
0.3621595573679714,0.8277893030211956,0.7746039852357692,0.2836055100223266,-1.7220656547723905,-0.9435740183590423,20.57734718953841,-9.339296003597997,5.743367772022005,5.427607365294488,-1.2801790951880243,-1.4203051841502838,-1.0226698157641465,-2.02361932573968,-1.4357503586778082,6.794150760927853,0.9023365102245097,1.1638463944745954,0.5608817420397469,1.4100000000000001
0.37018546566904864,0.5157287822364813,0.5831674230241467,0.63714935215542,-2.0455532584149094,-0.36582829845266746,15.851283115726375,-9.022374967902923,5.249338895687576,3.0302994699943704,-1.6888624215061734,-2.070429294353711,-0.7113118244366397,-2.1992061621152557,-1.3826843656279624,10.034682708509278,0.9412480349183767,0.9043445590796545,0.8121808780749957,1.2800000000000002
0.7108147134972034,0.4200489663825717,0.7482980615442428,0.26156306670430374,-1.8588921042431028,-2.499700001758362,22.010274604408167,-10.339885725379286,5.98067984655533,2.60772375410969,-1.0130131462804768,-2.003401324926706,-1.5621445338119835,-3.1376421437578257,-1.9677350980339832,12.114376702060444,0.9117086415582434,0.6953616041163615,0.3335145748601485,1.42
0.46550113170892904,0.3854765165754084,0.7249070324613709,0.32432773354098865,-1.5693335311779093,-2.481787385562155,18.154592250407966,-11.227112754194152,5.520541437946717,2.455992530797013,-1.1950775564688811,-1.151814606045419,7.298605663630906,-1.2555795294176428,-1.8604158276183635,12.750012003289338,0.677168928869476,0.9171721216819168,0.3459345541019505,1.42
0.7354689922432841,0.5941414955560969,0.5902788343457213,0.6399792074731561,-1.4456092771625384,-0.47924361201769594,14.051813035086234,-10.998354611557716,5.009172444358002,7.268743020335826,-1.8755612713598497,-1.7214672609345805,8.345234816773928,-1.8944800846565584,-1.842414193692753,11.275109108312972,0.5931407242141432,0.9564196061929173,0.48619165921470525,1.38
0.40692231189585615,0.8610795653028046,0.6555101400599029,0.6472657388362848,-1.8179197836009875,0.013574692628176788,16.903312294068048,-4.42644768930704,5.506612495597814,5.8565486146636,-1.4000875252311566,-1.9741561167482768,7.294194678066147,-4.428517425896692,-1.1422291713541335,11.381564259464824,0.7021298917625134,0.9658370003362226,0.3131332772960488,1.27
0.4849081111698476,0.29167842677782524,0.6059035590520141,0.5891883348079645,-1.9071019773153304,0.26697753569651184,19.036918706833088,-5.592823899867096,5.34060398932109,5.011883838550514,-1.0228190657086265,-2.033965087635239,9.784222346030672,-3.991134732944175,-1.0760122916654196,11.390142200288867,0.8582514690845979,0.9532708142582533,0.5875453325284548,1.1999999999999997
0.77175117073356,0.7206682260715944,0.7238736130240827,0.7136688226039845,-1.342343101165055,-0.023904355297013014,22.33473912798972,-8.465595213725143,6.727950130617926,5.877251601786634,-1.6350408009070319,-1.913624138079493,5.977387086196028,-3.717576562732509,-0.7446287680166357,9.911965287395907,0.900853926966454,0.6823707622496863,0.5372778593781117,1.31
0.7169754698438315,0.6476468388206974,0.7962032847634423,0.4134577261724041,-2.0592142165184546,-0.9169130073617988,15.893636461270477,-9.722736952371346,5.872239719919586,5.140728389050979,-0.9612774679104427,-1.9306619565671956,4.077499720194886,-2.752781714356887,-1.4469872356131588,9.14627266264538,1.1040327038203872,0.8633781341050335,0.37827779134308903,1.39
0.3102149374204848,0.6742994937630509,0.5755681300029,0.7626328558451972,-2.439217535862795,0.24543053915972418,21.53635891880875,-8.257306909204907,6.419472654808636,7.426129299966395,-1.3421994572028602,-1.6870012047958176,9.719820628420631,-3.266892362198831,-0.6064074153450452,7.301210114227538,1.0950718481628066,0.7572646354905148,0.5685137440108247,1.3199999999999998
0.5407837812629432,1.0287415724832942,0.6536002766843612,0.3169944606190037,-0.46593425082709344,-0.4996383858453344,18.297935782281662,-10.760995231738292,5.387429134518321,2.4679577142245708,-1.7022701306705461,-1.8684869335832037,6.816304003956706,-3.0047498446893837,-1.6287174280881707,10.206897229103491,0.6530705187646262,1.0117848164261845,0.386937543455928,1.3199999999999998
0.7998692827602575,0.9577439816859982,0.7543277702138,0.5935923788707659,-0.9944595907525139,-0.4324579081299711,18.85155130580358,-4.14296951063702,5.24674689476346,3.3812464086520166,-1.3576951869765164,-1.7404196730704857,5.338166503967251,-5.643173507929504,-1.2893394887319598,10.058316488073672,1.1657588218256993,0.9117736693706395,0.26308243944772713,1.39
0.3241086092566504,0.877288146144127,0.7184835859948827,0.5305785921923039,-0.9648810028988313,-1.2968988868036937,13.557359502834569,-11.880565965682413,5.142882051381526,2.81738813463133,-1.56458316567891,-1.8220137452369447,7.903118904446811,-2.305031309665854,-1.8158061736824658,7.688923619620634,0.8601862712141912,0.7464357328186442,0.3767325337271923,1.4100000000000001
0.5250131332371256,0.4165714310313612,0.6882124417290821,0.5459788853597098,-2.0643940626176738,0.0808140525193449,18.03708000379479,-6.235452712846281,6.628491688531593,5.168465712265009,-1.4833724364657253,-1.7920600275514413,5.7409410231089275,-4.962351246457917,-1.5498606655235028,9.578077491990705,0.8293065394477493,0.8451603995361279,0.46242908189436027,1.39
0.6171822683904016,0.28878012928818375,0.772035898866416,0.7709120930473171,-0.669385522755869,-0.1603724203645811,15.769522066735702,-11.660547513484175,6.983606232918482,4.167326584154118,-1.6455233636904447,-1.7521576293775067,4.316970113658925,-2.6093362650824767,-1.4167222089982632,9.507081039046046,0.9609887146675787,1.0165700314028776,0.30869129035971266,1.3800000000000001
0.35581549597681134,0.2335870756924218,0.775860553994064,0.5880978249476845,-1.93614085209023,-0.006498948996479096,18.951715043210974,-10.655344892395135,5.359224318573314,7.187729432824263,-1.745405897142268,-1.9380142489885097,3.948199039626059,-2.1415322591472723,-0.9447371478336127,6.313455094773571,0.9157312069109561,0.7923528566105666,0.3929072984773423,1.42
0.7955934593741103,0.27966704162547157,0.7484789394216843,0.4812871925561095,-0.9458478507755631,-1.0678670178985956,21.318824087983277,-10.947935647235497,5.793296903828466,4.362334740198085,-1.9019495647999678,-1.770697534327673,1.288151795144757,-1.3747286103670329,-1.6813223156900525,13.183858727045818,0.33416794353455964,1.0178555445300665,0.5014727549877996,1.4
0.6247404451199546,0.3817260747914649,0.7521214219831558,0.4284021769102968,-1.1297415693619395,0.06172074329644904,19.748141521639038,-6.331497499894084,6.338110713966208,7.824601248215696,-1.7004713744141724,-2.1536957264884298,8.924999875728782,-3.9721251602444663,-0.896878487751758,10.045896959746557,0.45565351261309883,0.9031817440703315,0.18050382631566098,1.35
0.25281248422064884,0.9288992374155668,0.6390618116590654,0.5948594263779214,-2.1030380473853114,0.21191726703109226,15.687522048691806,-9.814204842784028,6.041997206493391,5.319312950732142,-1.9528299105635987,-2.115471703247409,6.3387963993749485,-2.6634614569245207,-1.166512514144681,8.626235537029874,0.6720161487192744,0.9060482725167339,0.5153708281122664,1.4
0.5869672029380929,1.0069498838729718,0.7073447079921402,0.4731323355071674,-1.6465755573108036,-0.37430257311324594,21.247145280560304,-11.441277227026283,5.489637048871367,4.225896522532184,-1.360090324951318,-2.131689608560377,6.197676561897891,-3.0293283399019018,-1.7312792543685631,9.42188925116667,0.5541520999994483,0.8861339488526577,0.27502344243259474,1.33
0.3917566676007345,0.8253487015717795,0.7592570345402703,0.5628781567492616,-1.5694867829446888,0.23902096755158486,15.702192736829693,-8.880146730134893,5.879242757505389,6.346402761897298,-1.4711996365014515,-1.9924395759139202,9.662376782804728,-3.394634409492455,-0.9609896556131854,12.597980747380227,0.8380699549968263,0.9354371973247643,0.2788236530318598,1.4
0.5931592701337883,0.32364037130549056,0.701173079459388,0.3999055564958817,-0.5946846646546146,0.3831307097844148,21.596248396580176,-11.76472169234225,5.824293474384579,6.49729583785642,-1.7917891540107338,-2.076315921448807,9.64664103999736,-2.6458812860429513,-1.699455618842469,10.366626518655156,0.43090542632205964,1.0892674015448347,0.2066489798174626,1.4000000000000001
0.25941620620371436,0.6674795090747255,0.6730125402665577,0.37110921494287485,-0.9104474071216039,-0.15079546904124966,19.30586910089755,-5.510898992490883,5.964313811797609,3.762942332659904,-1.925580744309115,-2.1337368083814243,7.077117368321837,-7.006310205761137,-0.8936821869169248,12.501349078436025,0.9861420090745516,0.5470379612595703,0.4094295607166355,1.42
0.7977933552402563,0.5646342798844733,0.7438871003726655,0.6658577370375777,-1.717889496962801,-0.7321609758716674,17.12561517207562,-10.415472410242614,6.176624866034522,4.539282592834725,-1.6754364284215626,-1.5162187109136782,4.3339658962803576,-2.5788596457927095,-1.7912996815187459,6.090083873311114,0.6322282070696097,0.9079369578991845,0.5037202288410395,1.3699999999999999
0.6655220781936705,0.5318870207808389,0.7482422140639288,0.5436224688550828,-1.818937344320472,-0.4910845227330123,15.389263954292959,-10.526470342070592,5.58350807494057,4.676848425517411,-1.2293013365420395,-2.1616207980193654,5.854407188878583,-1.9992405342081776,-1.94964957737122,12.191113026223775,0.66593247178298,0.9110543572056384,0.41667536077642475,1.31
0.5011352398209119,0.36533733627277093,0.6554465857134593,0.4067877309124494,-1.2906396843891366,-0.28386387624848597,19.38163470955007,-7.546197476700478,5.313690741817479,4.62472920351677,-1.898817334937017,-2.0064610556666365,3.67567098143264,-6.0991695801227666,-1.028954123751196,10.487012078951171,1.0976751941106426,0.6018171462257154,0.41281337691543357,1.35
0.6189367632544833,0.6998077812171141,0.7362382634201652,0.45743872951764036,-1.385964918632503,0.20681789551429625,17.104042388877932,-9.69275846139742,6.341852716145558,2.2697188078188857,-1.5317869557257882,-2.16647245853699,8.181644230978117,-1.6203076133508925,-1.4794125318203932,10.902981250031807,0.4873472735774816,0.9367821858343162,0.49850032641882513,1.4
0.7305872957919639,0.6593564898822463,0.7145384092773186,0.6663027216170387,-2.269875108622647,-2.184942918960199,18.792140443573206,-7.572778244814163,5.615815596500638,6.42955732780176,-0.5991652490037256,-1.9016413273263508,9.733960617023188,-3.4948323531365664,-1.5540907300977433,6.1340825073480545,0.6316797430519376,0.6615862320283576,0.388971049373031,1.37
0.7916324352549572,0.34508564550530113,0.7164354289292777,0.5601042066356982,-1.6519905643055568,-2.4041296810290036,14.627911485688683,-11.469384009076267,5.034322522772841,6.330290370729469,-1.3054589100677785,-1.4358545543907004,2.5775649229513506,-2.2099598292931693,-1.9933824984877,7.057162367541352,1.006748058382839,0.8179587324851865,0.38368607475884575,1.3599999999999999
0.5431114474797283,0.7685868193414709,0.7852601286325518,0.5838727621414475,-2.330736239193908,0.03012473677977169,19.557345791413873,-3.1262292448129307,5.445978018728985,3.8877988805093615,-1.103830105605897,-2.1393920017548114,7.568942312058149,-6.136174168768166,-1.1546798163743879,10.113807342273505,0.586137634394079,0.7927495963724428,0.4035704275609193,1.29
0.6608607922113938,0.2049062018597484,0.5097804757243037,0.6779718406187372,-2.0730363939386716,0.10363169917383391,18.73103566167899,-1.9992297057869948,5.429647276096777,4.9737155793589585,-0.904963168813734,-1.9738043661828661,6.973158670646894,-5.643155548200835,-0.11436378751676568,9.358449577446986,0.7556882824003122,0.8595978276206544,1.0859485342150121,1.42
0.6368885916181287,0.5151328415612966,0.6161818491338146,0.6252198818112367,-1.9362135066960926,-0.3060260842211581,19.58047915758398,-7.777385141118554,6.377363706654305,6.467443037616854,-1.776973225927257,-2.0294409717491346,2.99902490753803,-4.016503804137261,-1.2780276039417215,8.475699310248247,0.4564196596757596,0.8431048487759403,0.7161541607220454,1.3900000000000001
0.6869565796662511,0.8013379956862002,0.6160458162957761,0.6534303735226503,-1.6391686738840303,-0.16654409448187651,22.023494074127008,-9.592413759551029,6.064807574605732,7.463584761949529,-1.812775091508269,-1.7445504775323506,4.7255025638336585,-5.398262612263296,-1.2451081365617531,7.633768944071338,0.8007252199648213,0.4774562483711198,0.655418324872578,1.42
0.7708584703347422,1.0250639714528693,0.5163754418243363,0.6209360759363187,-2.391169400341333,0.48120259813558736,19.896556979005165,-9.01965691091053,5.417906277382858,7.488701093575977,-1.2567005793646122,-1.986065460915951,8.160224064817092,-3.5209716925265693,-1.0895187063825684,8.043024534375977,0.9602514327967618,0.6393395624703021,0.5902850012279797,1.3599999999999999
0.6092064429787909,0.23762198229530498,0.6862825831901646,0.6914560901351321,-2.1814163749399134,-0.45359309820173704,18.60704487246719,-5.670235410994402,5.608462952526381,5.215736637781098,-1.4335450341765623,-1.726458760104899,5.858921376549839,-4.718489843660427,-1.8445353509737343,12.574092301462883,0.6426706217584119,0.9849560500784306,0.2628553389228358,1.3900000000000001
0.521506997928567,0.43933832777074344,0.6487878525812988,0.7359856778633679,-2.214674748536505,-0.3910790879326387,15.404580436397627,-4.626719711596216,5.249499463107214,3.1192879402742677,-0.9250618451873647,-2.109461204666131,1.336291293054753,-5.769742858020707,-0.9518442273538025,9.860606496350522,0.5915230842408877,1.1711776568443177,0.38537644353125944,1.3599999999999999
0.7523637483566405,0.9316514850380478,0.6268122349104698,0.6765636582783678,-2.340134592841666,0.07324384245175533,19.1559053712529,-7.408723247523076,5.409322975561885,6.2315135518020135,-1.4995159659399215,-2.0257960286717216,5.6357021303089585,-6.027682378951411,-1.9263194549653622,9.319950639386338,0.35698740739490714,0.7847602787587988,0.3239351997651643,1.27
0.3519721783269256,0.592405073035987,0.654404204779578,0.7669322305328586,-1.8725692774051932,0.26982178214999164,20.8716364638463,-9.117765831009637,5.59206041100304,5.213545986453131,-1.0655032754493265,-1.7869126353135822,8.260135023923253,-6.515793454692183,-1.3271307051007215,8.80229352799364,0.8498052199922319,0.9283483992836844,0.2146408656297178,1.27
0.6730537078514502,0.8874263991423287,0.6303000528986828,0.7237368049894309,-2.1433867714652153,0.1713640421737104,19.503422510922228,-6.49603382440408,7.476215516400315,6.33756555382379,-1.4974582395644291,-1.6417470641555327,6.605127211280223,-4.99879643368754,-0.639046881946703,8.995254505455822,1.1535406559178643,0.8538196949146233,0.47455476656786444,1.39
0.6187736108259302,0.9668743193314977,0.7694669531925926,0.6631441376666525,-0.6181464021030396,-0.03883401454879859,20.647144819136983,-9.932306493526916,5.065669222525493,3.4497596929609657,-1.413900032756383,-1.9556486505131039,9.57154372173007,-4.8125458481133006,-1.5188045532923033,10.18057940063872,0.8181849293113841,0.735940802141196,0.6619835862573377,1.3399999999999999
0.7273713515937428,0.3357287685518668,0.7457543851942936,0.38650345582527923,-2.0665237277681583,-2.4126079083507226,12.608782617466678,-10.934011999515217,5.204019544164091,2.0658643561259473,-1.2969476949483618,-0.851427687400446,7.223898994638155,-1.088557212541069,-1.842574882028045,7.43466645477663,0.870396324836298,0.9034912676859213,0.42441562218177253,1.4100000000000001
0.3681739292970386,0.7594523926971829,0.7290678111680613,0.4578202901868399,-1.7768979663831048,-0.10392765085485917,22.145076247405516,-9.089540996093207,5.195399792506349,4.935364442449404,-0.9811126491823797,-1.8887190806097216,6.952502237031123,-2.6020287057601004,-1.537254416688839,13.156305069397146,0.8338614837847226,0.9065862454138435,0.4512321216885065,1.4000000000000001
0.7953635582624329,1.0116532173030695,0.6958799307882172,0.6121235823517492,-2.1855667867368895,-0.7814976009959367,19.048872279774105,-10.671007059552746,5.4852404512484165,5.7298711458831715,-1.3336795939303219,-1.7619047296801018,6.0945580241161155,-1.9733033995809435,-1.7289745711535593,8.666235166569948,0.34748042260421313,0.8168054207382481,0.4741569195148116,1.4100000000000001
0.5107506374127943,0.9271704546048813,0.7211351770129496,0.6473786434678168,-1.9162571895585998,-0.05117726379734577,15.52299504840754,-6.722711464611752,6.871630633955496,6.443404656838217,-1.5109974435935034,-2.1746328463271283,4.835254199549746,-4.747507473267725,-0.6398393067906157,8.829818475860524,0.9079345141352363,0.9161921276799768,0.26846877748016584,1.31
0.6532483339123005,0.48005031979977075,0.5487888373372134,0.33078924502343876,-1.4948845333196084,0.061899679987660175,21.03360011125165,-10.658986423237456,5.210076866607589,6.732555703341925,-1.4979631965871731,-2.145008144103691,7.59606844690288,-5.756825581451841,-1.186922508027469,10.455581023587037,0.8540694988372978,0.5665644684994156,0.5248907736595201,1.36
0.7827614893793492,0.6267910480672445,0.5632045186771082,0.735425677126676,-1.970356090707235,-0.14342205002820918,14.263977993610862,-4.00324095907092,5.80287786294614,7.8593978255923584,-1.7340288865635904,-1.9698856237642675,4.768056667077765,-5.6885366205581835,-1.228671008982194,6.877864838876485,0.6708984974570857,1.0387013236850196,0.1799006308030568,1.31
0.47049523313272545,0.9174468399379937,0.6089519042637572,0.5548114391369496,-2.274888359698196,0.29519053711616533,17.627816521427587,-6.118683734348702,5.716464048178354,5.931664212098441,-1.5280172883893868,-1.9641342909441888,6.386607049245994,-3.6872924232194446,-0.8407746451078435,8.975718801089783,0.6345974403680725,0.9383781276725429,0.49293241863986076,1.41
0.38655823403990214,0.38744125003187035,0.7317929647077953,0.7033751740315594,-1.4042897655778361,-0.18566467026383143,14.61924335191035,-11.222384356329988,5.1684896275237,2.967108674696889,-1.8352904350784311,-1.8762149817866738,2.0726536001953724,-1.972346249929153,-1.901720202976277,6.879012685936485,0.9307225098356591,1.0408585701349125,0.4581008015052666,1.2799999999999998
0.7568299222637567,0.20357460947628672,0.7894198131441679,0.5775447486396261,-1.2252641880035249,-2.2135068680573267,17.857208094786237,-8.790034111824179,5.594619145210002,5.410403579772127,-1.7314003704609324,-1.145175524847475,8.906434185252817,-2.776630443486586,-1.4250572958293604,8.464000232563608,0.5014660624629239,0.8981100009436641,0.3797269776694908,1.34
0.4372451082905975,0.9027790123054907,0.7028437488104424,0.7894066743327056,-1.0267511350779615,0.18038005565406168,21.99527905331368,-7.694751670245875,5.809819159770366,6.7565319990024655,-1.536271344643216,-2.048872091922575,9.515088593877612,-3.8123928652864567,-1.114793731471326,6.778709007008243,0.7321711164919332,0.7948391544553595,0.6007712673992609,1.3399999999999999
0.7793243405888937,0.5923270556762388,0.6559776112532716,0.2679748329584743,-1.205230396765028,-1.3340633524916174,21.440841554970127,-11.19123667948274,5.459886421158501,3.8559103389103084,-1.5952833532513635,-1.2481621749484266,8.584664116920548,-1.3742787451789304,-1.5001229327197472,6.974604382900121,0.8154304273786438,0.5986057983372327,0.6426610513518003,1.39
0.7127955589041203,1.0697682335763834,0.6956969572737441,0.324172789155721,-1.7264645767428257,-0.04805902309866548,17.181985746361526,-6.770380281220064,6.391601807175847,6.906328712076922,-1.5404568334266506,-1.9332131946755982,6.686209998399908,-2.8914360954021583,-1.2439772763838886,12.080967132051764,0.7859330203684114,0.7808151899435672,0.3389171088914832,1.26
0.6042828416599317,0.9853579460291575,0.5751853499170668,0.3563962441989609,-0.793835268988458,-0.38626831073167806,20.52893135001059,-10.14656087980239,5.78922563690421,7.535129927077126,-1.775313486942807,-2.1354053447718577,2.3345752183220614,-1.7763411901079653,-1.3525617298404298,8.506188213392102,0.48666187656914406,1.019274747810832,0.5641787921211943,1.3399999999999999
0.47090537174687436,0.3511969469666475,0.6949332537627202,0.35970630864984726,-1.0203091767051857,0.05702876290802816,22.979270031958148,-5.220816364802756,5.208905024493201,5.8003400274817185,-1.8307137054964073,-1.9641161575360007,6.663160357446094,-2.8316527517447554,-1.0586132129152905,10.054061706824903,1.0642553348469397,0.5561255969219323,0.4922986831208237,1.17
0.6203571082987972,0.4438994172927937,0.7090056709823703,0.23785464002789974,-2.4796638593413927,0.2703443095477982,20.644563262273177,-2.0250099001111663,5.406416429390745,6.113146306800282,-1.2664265743403906,-2.105355238579638,9.82344827732963,-5.548633677358741,-0.2705439012055216,11.247805164440974,0.49499605049247236,0.8308887725452345,0.45180240918870573,1.4
0.6650855673259769,0.7096079430473333,0.6474549853596635,0.4104996989659303,-0.7137075099448695,-0.17623864688617408,19.136448777087598,-11.278771869369745,5.284593297983649,4.680234677344268,-1.5884486761955885,-2.116464262709034,3.543059106296758,-2.7145366156973467,-1.496774870224666,10.19551530114481,0.7586200300130509,0.9218453103212142,0.6075793846525417,1.35
0.7117850442451895,0.9602378883492674,0.7360746140628567,0.6550456717182415,-2.229163862986981,-0.5289778233141239,20.17945059709539,-8.711232424687179,6.135849223580783,6.640513139906328,-1.138058199046954,-1.6453994830008951,-1.5530765246870872,-3.66870335751626,-1.101294152968962,8.281837363614121,0.8888155789100122,0.7403487744557754,0.4381576758750117,1.4100000000000001
0.5555802069797623,0.8851761524603221,0.5776965956522383,0.7166224699092767,-1.2272558508735154,-0.13131940210698947,14.569263224570093,-9.777814792904978,5.757341262695763,5.625945183501629,-1.8487260969245978,-2.1057134904967447,4.285848570732998,-5.914019873901765,-1.1057075156780134,9.559998821090854,0.42504574088880315,1.076636984655394,0.38739155360877875,1.2399999999999998
0.7613692298927784,0.5736737273103902,0.7508078374351007,0.6252794279087456,-2.444563041654951,0.30620404041040217,19.259097595895334,-10.030527178342336,5.848279197283271,5.83015902545748,-1.0874590634373331,-2.088869694661374,8.470033446793229,-1.3314899481262015,-1.7736721535010425,9.939578892356058,0.9625327108038502,0.5909775553021415,0.3457192183941819,1.1199999999999999
0.656172229588908,0.267024821709369,0.7923827188639526,0.42849947620955964,-0.6175430424103577,-0.05588391438364624,16.959574960455576,-11.799241691957395,5.652750101172901,5.329205532392006,-1.5363673206840656,-1.879203751976001,7.154138522520692,-1.8905813323532268,-1.2863186964714126,8.033070152951934,0.9333065151266955,1.0246958763374954,0.6221989067533679,1.34
0.5764319307302082,0.3133453204051532,0.6467236853476858,0.4977627474637611,-1.8438185618739866,-0.013444797182270152,21.566103879959684,-3.8092481967516862,5.319474359879302,5.949267699027039,-1.9714981043836912,-1.6880050174696568,7.212042026114931,-4.904571016170828,-1.4691439409836493,12.314269385038727,0.9404035454025896,0.6587417666931205,0.26636182375229,1.3299999999999998
0.7469651673864426,0.870614208348411,0.5564816446522132,0.6132386356850051,-1.5936636839887777,-0.558736774070437,19.822481931283576,-7.018367014886911,5.159559883029628,6.603386040772384,-1.238592420724589,-1.843999770969414,-0.048685694057797324,-3.8951418625652554,-1.1517978916190608,7.80589914992142,0.6472629556248826,0.9262891527888317,0.7408206701299085,1.38
0.3899883126299997,1.0832313070184512,0.6321757485529922,0.6038813791025404,-1.6008659235972678,-0.3678761008897434,21.77991012420997,-7.383736956959185,5.872627706745751,2.8622775209754194,-1.3832724216414485,-1.919919969741107,4.597048588521535,-3.3531943315844863,-1.4419796345468714,9.386176902737503,1.1404700646223453,0.5172373341662446,0.5975995254057646,1.33
0.7800993537071274,1.0322475573401964,0.6818248908013207,0.3982241353609042,-2.048792568265027,-0.11954147935764672,15.764543982349247,-7.881679983217009,5.316855915923456,3.7070470349453384,-1.3398155572590609,-2.196323800365277,9.562355254643236,-2.626691060316417,-1.717884759773742,10.689987676293825,0.4996700209477726,0.7645855028490469,0.5387939021677686,1.2999999999999998
0.777053381449205,0.926067067983519,0.7783232139737041,0.687743057720916,-2.08574063790077,-0.5344237349961196,18.262848923636792,-7.665796974374679,5.23934409738695,4.378681864175014,-1.6109642867730465,-2.0336092615760952,8.394985166094555,-2.5776376927849927,-1.3541727888007309,9.100573971240951,0.3282296319596321,1.0807511199443494,0.302217485307526,1.39
0.5264878054362561,0.8766416906754548,0.7189451995427122,0.5423055204149273,-0.8098667653046445,-0.23048258451559456,21.17773570272799,-6.524997697605877,5.457662109057293,5.348125665273378,-1.7330234735114705,-2.1079450674589544,3.713729097502857,-4.260239864167825,-0.9638063116871036,9.132416450404786,0.5543646293875348,0.8365734085075038,0.8491421349807446,1.3099999999999998
0.7972730044755583,1.0740548054598094,0.6843843630261803,0.721519279319041,-1.9698310594113995,-0.6419407883208342,21.419201227682688,-9.605444071929426,5.433108037481646,7.207100549702563,-1.0943092764399254,-1.76589408444722,5.926055101269611,-2.450005611899473,-1.6667935595790935,7.761043860866689,0.47866275686550575,0.994344451874372,0.5174172913725134,1.4
0.6406063590117262,0.3697175253451338,0.7787360436465598,0.4928555591908824,-1.8733011190897852,-0.33002372587866313,20.59493281179642,-9.032696482969909,5.589985724411759,5.107583450632812,-1.3560158277096428,-1.9099736503901308,9.242412144604764,-2.754605139166675,-1.1971498079546459,10.8195469889757,0.6402906368230386,0.7079316352001047,0.5391474684739587,1.3599999999999999
0.6829911492852108,0.8877244616465713,0.7953874337424306,0.7561381176632163,-1.774210713479341,-0.345340009281544,19.76500538865573,-6.510361565296768,5.611913413877117,6.167781100136125,-1.646809009234778,-2.100992872191962,4.468376170427051,-3.0793475923231397,-1.2176207050253567,12.45776704266879,0.6503873269875557,0.6680076215856344,0.19852960525858565,1.3900000000000001
0.3337803740948909,0.32652654326636343,0.7385558880409981,0.4716016960555174,-1.04679972500458,-2.3309428679253466,21.641707188468185,-9.71277513200525,5.778664807877774,4.154444357863968,-1.954494676081565,-1.1527358384399844,5.557397033840356,-3.4226511481048645,-1.7212297059497355,12.155203720124787,0.5267244788718474,0.8525750881668187,0.3358623990069369,1.42
0.42608527005252317,0.3740715701022952,0.7258256746969312,0.6893478659927741,-1.048538443872856,-0.01250714069847686,21.843085012974644,-10.61233024321738,6.82591503706238,4.453691979815624,-1.5003480593345109,-1.7884130478305127,3.6967479665429477,-4.142062998607585,-0.7476809010319925,8.621210747677141,0.9514418421325662,0.9585795831926506,0.6464440899208765,1.36
0.7243011863682309,0.830989894319045,0.7387473362733273,0.3901331198620164,-1.6334083668148203,-1.8254076992129185,18.9703892532777,-8.892275833639507,5.365152944423728,4.883178672100151,-1.2497906135995867,-1.5589373392587613,4.19341521205615,-3.4250697298793114,-1.7485030281671898,12.827542405121296,0.5847360911806094,0.9370699810932532,0.3673926831723533,1.3900000000000001
0.5881243975562561,0.2444311850080531,0.6947448099981626,0.26941588363183694,-1.900260170944777,-2.458009664510214,21.592165890303715,-9.169080487781985,5.148698907460011,6.645218814218086,-1.2415166913557019,-1.0309786312055857,3.0029660790291457,-3.5405397089928483,-1.563672444995492,6.961097093453606,0.5320731404253622,0.9777524826234496,0.38751143888975365,1.35
0.4779729329049527,0.7054750301188976,0.7296866538878778,0.488150544555804,-1.3831884448184848,-0.033347818204032875,18.05416461217264,-8.552516812418403,5.952657441485817,4.025550110705932,-1.4494377831812435,-1.8476418357522117,5.015620953884264,-2.5901223179567427,-1.6335966488060107,10.063435004791407,1.0847672527629226,0.8935026485199258,0.5741258069535473,1.2199999999999998
0.35456344394644274,0.8320194318895163,0.6224848484503324,0.7681084760431028,-0.20075300817171426,-0.35115272465541425,19.099071919252456,-6.850872631258921,5.195353827966363,5.0426493906591165,-1.6520787975429516,-2.191646004642381,7.348655724535802,-3.193741802902969,-1.7149461214295054,10.513701021557859,0.6835081779112007,0.9991092125636991,0.3634971442981408,1.42
0.7674963255295729,0.883450529431551,0.6185427981701207,0.41643117118854406,-1.4267724152920138,-0.44216101869648633,18.30382748971506,-4.453338193869874,6.2930090929176625,6.178750765122056,-1.556089552486913,-2.132181056733385,2.106922337545758,-3.783030894884754,-0.7380972818116349,9.46441651911121,0.6172108977092341,0.9771976646252526,0.5766676814577338,1.39
0.4021466159465013,0.36635516924660194,0.7020708583531924,0.3684286210601596,-1.864774762182385,0.025558808319662174,18.811433950492006,-3.706689664716172,6.109857992934065,6.502656467584705,-1.392409970451404,-1.9234291357499638,6.337062347363971,-4.735406703619522,-0.3577207231508358,11.258053719824437,0.6117207670683739,1.0528299850566891,0.3890472528659634,1.35
0.774880258069998,0.4612579881717481,0.768850223513973,0.279114115316484,-0.7406892144231434,-1.2872388090934967,19.141532572271302,-11.264919283458616,6.027322544256592,6.07723183959603,-1.9982843072178786,-1.772830700041589,6.848295915428226,-1.846891564415319,-1.5640792009115236,11.908965988282608,0.48098622459166085,0.7748344500907822,0.5441906241397062,1.35
0.4770006939245649,0.25985860636510016,0.7007891601644172,0.5036625149566162,-1.2517953470172125,-1.628885853027433,17.374756434925615,-11.26391221622635,5.321208218057711,5.846999972726961,-1.9991680075151395,-1.0782991670933373,5.709310512687332,-2.2251667763404277,-1.870031389054178,8.3481963291114,0.9166891116731546,0.927217094960595,0.3903005840740527,1.35
0.41656740985845936,0.6785872679756129,0.6659744120095286,0.5496870884392571,-2.3966169000725346,0.14144901487792572,21.356887027164774,-9.920911957444174,5.8205815097082265,7.93834483283184,-1.502287229813813,-1.7269070607230321,8.47718339822521,-5.469980454051854,-1.2970084511110906,7.97014372048433,0.9305150351112212,0.7030583968566727,0.18871230999768362,1.3599999999999999
0.7693825972703078,0.291317987763669,0.7320103585962869,0.6852602623617832,-2.4490385189816775,0.10830035084063763,21.5179378624657,-5.166613948806307,7.472451631558133,6.272357239256736,-1.6507652127569465,-1.9113485182285248,8.865126339837941,-5.760104622561914,-0.2816372135803677,9.069927900098927,0.40010417615401705,0.6130016462020038,1.028597563690641,1.39
0.7041626708024116,0.5127334992906748,0.7170184725068868,0.28070975251418145,-2.2986526309807798,-0.5639026466353347,20.842612099986418,-6.761615403905638,6.0343699697809265,7.2089593324160095,-0.8801350906932777,-1.9146287966436053,2.069524527712051,-4.5017606441267075,-1.1553378153556941,9.616935138461816,0.6838114968204532,1.0055556577134943,0.3499878311482635,1.42
0.4398116851067679,0.6174551394705119,0.5200618446583573,0.6700833031951806,-0.9239349801590805,-0.013193094839028835,22.895334431428207,-8.629170083002176,5.743836206893954,6.5408032635058255,-1.402015300430487,-1.8909165954456892,2.9473409279262697,-3.3877114342368086,-0.8340832559155867,8.999886163047421,0.9676536641632653,0.6524673573980334,0.8587829890042266,1.37
0.6002145965947138,0.4545177918277026,0.5597640933471808,0.5502270564973549,-0.6393977806600734,0.15023756233891034,20.95592506189319,-8.842170559318362,6.680886842802881,6.488880355652942,-1.9846236083901259,-1.757781346949186,7.687052510459483,-3.611191780744404,-1.0644798028030777,8.847372207798072,0.9680290070676929,0.8636501018243243,0.6142609208263212,1.3399999999999999
0.2177274801787123,0.7021933262545931,0.787008256341793,0.43350318483275063,-1.7237780354478704,-0.6255767462354067,18.72032142713359,-11.22500500196798,5.485854591520852,3.217019124538916,-1.2308235382170647,-1.678488011611284,5.565374607091919,-1.3229207010873172,-1.9458421250785263,9.73469441950029,0.7932541180846457,1.1860293950670924,0.3130159372259894,1.42
0.47418425656539864,0.430295247618837,0.7989830961086323,0.28956681807147666,-1.2298375604377603,-0.16687394810762235,16.506643503534296,-11.752344179560666,7.091591211897758,4.665320507230551,-1.7030728274787335,-2.0804660040976586,5.68084435737262,-1.428428048423613,-1.0416501298023921,10.79366041219158,0.44410590005384354,1.0246712480360114,0.6138330126766183,1.38
0.6071624478245995,0.8509629799832684,0.4369064530267967,0.6594138753989904,-2.1125851928917734,-0.17312082784556235,22.097335072506763,-5.263261933855731,5.610014636103493,6.400215788831806,-1.6648749718440343,-1.7112576568975066,-0.33643001710927467,-5.711850455434467,-0.7092725041695846,8.58505595331516,0.797353871917514,0.7743027557861213,0.41144047768085396,1.36
0.6436912601987939,0.5730440812564014,0.6917732645102055,0.5638957002340987,-2.4463607498588322,-2.3153801690402935,17.301230136944852,-10.145337323031757,5.446894857381283,7.263034797191985,-0.7662180402736207,-1.2953054989692796,9.043332992829042,-2.388165811515608,-1.98591696447213,6.162899502206556,0.4905388645008634,0.9601938455703756,0.3538186182178931,1.3699999999999999
0.4740457833183759,0.8208964713208918,0.6512120662202624,0.677979855279591,-2.457520764258851,0.24620502139793538,20.24252754447543,-10.689960751336827,5.03055547885314,7.287201599233673,-1.1647974088028454,-1.8144938747737205,9.34155789048816,-1.9569616792501607,-1.0955318257419697,11.967616976032057,0.575123747624684,0.7919429418148325,0.6244745074785251,1.4
0.725447944700114,0.40359158208570783,0.7583145335703718,0.4531659332129052,-1.220351963170298,-0.3535194464847926,14.53509840980552,-11.023888903808594,5.522529156192367,4.836974578939706,-1.8531726500187187,-1.796207900313131,4.183131678752537,-1.1391602283720967,-1.998139386941639,12.723065494693538,0.587565018767699,1.0032189912474876,0.5353614546124679,1.25
0.2573864580078552,0.854646108263327,0.7935199174768218,0.23665555673252625,-1.3706966246337544,0.19286211625273955,22.55559785872172,-9.816141273274164,7.9020425621567165,7.1684826903162016,-1.8067693067262105,-1.7883803395815498,9.688844750129904,-3.064887052339032,-0.5514180728164186,9.75542507935182,0.8260201203292092,0.7771138104020066,0.8795988447065387,1.3299999999999998
0.751741672610919,0.732769160190287,0.6317103211857678,0.5826248210855117,-0.5778191652064515,-0.20549905167414026,21.56486921790754,-8.507289104396065,5.173075317592675,5.542281897940892,-1.8233402190103238,-1.6221303636508837,2.439932572248482,-2.5265576264928162,-1.900632247962885,9.655134813390381,0.9512793199431007,0.690217108807527,0.5061806471718693,1.36
0.29424821318185124,0.9314985956820938,0.6949268579953881,0.6256774708592483,-1.652185975101633,0.26179508703538446,21.729987523594147,-1.445057426201087,6.005696402878037,5.253304865013394,-1.6306560490842976,-2.0249551043437695,8.05220170623802,-4.868554196860985,-0.21043874270580798,9.540823956233,0.6667286073834197,0.7166599824379729,0.6922247458065832,1.4100000000000001
0.6457831764460835,0.3033435636228987,0.7649724118555297,0.6543132183635151,-1.0568663049962568,-0.008448837276591181,18.016603965679277,-4.858844611482003,5.933013013811353,4.242944804811167,-1.7556339533710765,-1.9650664708546215,7.688453515114314,-3.6383202003653228,-0.9494038117545581,10.212074401865257,0.6194966789359464,1.0176905779023397,0.3181324481076035,1.23
0.6172315921542951,0.6114655055890986,0.7804407702200042,0.45765224666170273,-2.016005652565728,-0.5931135814996159,15.854656355082748,-8.360537379498949,5.646531861876667,6.2643393933573,-1.3686407936449232,-1.8627842679649504,3.231593763375739,-2.9442708736698915,-1.9629559891800326,12.139498801984596,0.7457475649954239,0.8945924387664733,0.23739170019536754,1.42
0.6501607876935352,0.6605023949043424,0.6020429038259532,0.5124636010800674,-1.9427790146913098,-0.15472464352442167,16.88127420155884,-4.294232906980379,5.2456343048266305,4.521458548560799,-1.7651397028615816,-1.5699830687078622,5.2360737286598305,-3.7916812263769546,-1.4396337639693535,10.884091110551747,1.0124248373401317,1.0033201684881046,0.42470776860626264,1.27
0.6777608812292092,0.3105448667476876,0.5885005667118601,0.5225812540517278,-1.6069170294590465,0.1830586218501657,17.192308915074197,-10.912291195908553,6.895412713657106,7.5309606980710315,-1.444849053430559,-2.183608017602912,6.695158507012797,-1.6934871847973139,-0.8620084640847948,11.636027731977624,0.7629143791202428,0.9002566498654088,0.5531400955582909,1.4
0.4743592433904817,0.2052064735297751,0.7488483417472561,0.6859748434855875,-2.034998946825689,0.4067559762018513,20.8222110928642,-5.978919362690487,6.625458705322967,5.124333149761365,-1.7077885604245409,-2.02366549841126,9.85210941280093,-5.486808503869979,-0.6888715950096366,9.565135849856038,0.8382651295268297,0.7077189332213125,0.29412644151433565,1.0799999999999998
0.7911929547011486,0.8925876430406549,0.7540190285177275,0.5107309221754502,-0.8841575777660894,-0.6507366733504465,21.035729977843186,-11.046052370342379,5.563891536261087,4.481502547413359,-1.7960951958256526,-1.8139678319529706,2.07250838717419,-3.5003200658891402,-1.9894407844931643,9.991021097043223,0.5203187964359335,0.9344798750673462,0.2332886645539101,1.25
0.580893122919798,0.5162159403556076,0.724582762062465,0.7950333054360801,-1.854792777991381,0.044730725507710095,22.33818606007545,-4.506543191936502,6.632510651552675,6.76328055238492,-1.0226302809692105,-2.00648178423649,7.735955234277731,-4.241197040330918,-0.9003936324111637,9.658730700816202,1.158544182896821,0.6465078871086459,0.6999929810415091,1.38
0.5565046748272289,0.8129853968782653,0.7513880172543413,0.43260870724837086,-0.5694111268284422,0.05729455289022317,18.965203310890832,-9.444778743964717,5.658164227628106,4.2993028669479605,-1.458278028554848,-2.172724671623563,9.859661137037936,-3.272199350106919,-1.058301529389473,11.66121723386594,1.0433020963231092,0.8163283437034043,0.5227575855577525,1.33
0.535375903049208,0.782229853361382,0.7262383266264592,0.45992920094604056,-1.0614118196178988,0.0996745753695764,16.414549446367104,-5.526458209095401,6.0513989321716375,7.191134578939045,-1.9911412106086916,-1.683239254685878,5.793265889821413,-6.797454924196808,-0.8267649162569164,9.479277010150492,0.8430633134017028,0.972909460116043,0.325207546336724,1.38
0.6434058231847648,0.48064845002652445,0.6339778866152256,0.29121650698340695,-2.2261704519720498,-0.10308491245724069,18.66481444888915,-7.319476206352082,5.338402490211589,4.585141570340459,-0.9725101279177819,-1.8764058271323654,5.281256396990203,-3.483738902870948,-1.4432907795524093,11.03562872119886,1.0073633586038038,0.7942784657585205,0.4469473905768848,1.22
0.72479835754607,0.3928426656422113,0.6117362946121276,0.7282835712590395,-1.1121975588630715,-0.34973198626200436,21.66096077018656,-3.3236084100029366,5.198451448823062,6.090132710346317,-1.6134615909764327,-2.085882901622454,2.0397238859209175,-4.4223918632657675,-1.0499670641630627,7.641356269195254,0.5997551825703306,0.7844755119469862,0.31426649993739253,1.31
0.4653665808071406,0.8260429219166308,0.36979966652710516,0.6253681713170389,-1.4412508553641452,-0.14497627048429923,16.84721051454377,-10.209670310113058,5.098409384042478,5.510435540302346,-1.7415975188916621,-2.0747629795707963,4.79355253047015,-6.376644632784417,-1.038582748320364,9.084771564225884,0.941028382301533,0.7244168410608806,0.7616590914838639,1.2599999999999998
0.4699451296526964,0.8447875654648473,0.7691992230389927,0.40417685871730186,-1.4086882745714253,0.02231078469087011,17.648440467355037,-10.283972243342948,6.4393502727034875,6.842972002979344,-1.549680263097659,-2.0147234535369156,7.034868424271919,-2.4458727519544987,-1.2915988267235523,8.940748324646636,1.097790480772548,0.5930760815000563,0.48053331546281697,1.39
0.7637618999833743,0.33956315088037553,0.6707679243560486,0.3449470442211604,-1.540019554043412,0.19444192887093864,22.061036890272277,-9.381571500165007,5.819070033052136,5.321067576265949,-1.7757641741689756,-2.0989326618153,9.658552651844396,-1.3366142939868746,-0.8677865264449054,10.650951210096128,0.3667942935763942,0.7627591746949884,1.029874748653486,1.4
0.5593580610193873,0.8109025189469233,0.7730151345107742,0.6925275225221732,-2.2717618225183767,-0.07086172379406902,17.741162174262666,-8.311754406544816,6.7233110619402465,7.288235056965789,-0.9334084555655067,-2.0618155295363167,5.6041389405922,-4.439496048029172,-1.2336089977487095,7.786545252336173,0.7836488156488135,0.8364182118310689,0.3870594045855028,1.3399999999999999
0.5287148297085972,0.662813669478669,0.7489221566126107,0.5251679015365978,-2.1546307534307343,-0.01496850868629096,20.04647065496962,-8.49434222564507,6.163018958734959,3.344161489994541,-0.6986013811930675,-2.1129785355513206,8.301152175822928,-3.9484504796288658,-1.654820864956501,11.069140679908383,0.9027174872924797,0.6785529723985846,0.4215914360903723,1.38
0.52913387996177,0.4068247195553238,0.6899298403297538,0.4651418843457115,-1.6294591941692587,-0.3505100627613497,19.447319736748657,-7.221116175722716,6.117143799327171,5.038096545077539,-1.3569191894415173,-1.8745906345537864,0.6051006503011291,-3.3506123566793016,-0.9370329222110391,10.000073468593722,0.7921347061951367,1.1167338247139982,0.44110267048568436,1.35
0.47409048801689885,1.0246868505385538,0.5733845365307013,0.7907152821872712,-2.33619211331103,-0.5543730210821735,18.697140103074187,-10.78428632205127,5.687153651148051,3.203421371110946,-1.6412114390391286,-1.729209626790202,-1.542441269283685,-2.5026329995739722,-1.0244004490045207,7.96236599486786,0.7929047013556383,1.0230553125979265,1.0344610481715404,1.4
0.5505430161660902,0.8883319710656074,0.7325566037471022,0.6239940487267829,-1.0150233351909215,0.010342908250227711,20.876787200185287,-10.641226606742391,6.613840408739522,2.8165059405785735,-1.7929007935552104,-1.965597535202101,6.779223348365052,-1.259424826861971,-1.3666130255087958,9.574744043158784,0.7066440673645629,0.8489513636657153,0.9300625924089047,1.42
0.6048985141800245,0.4662016068091419,0.7241257217169393,0.7247718190041728,-1.8203470482495543,-0.07979323645063613,19.949837946230463,-10.352605300816942,6.432257457609256,6.244507336827694,-1.4956460966206182,-1.914587647519282,8.45821037599574,-2.651308146254384,-1.6287683685508785,8.050673873711512,0.5907019129779493,0.7889944501494692,0.3003708372081146,1.38
0.3153450877197962,1.0634973718896552,0.6007515463976266,0.23734857678215054,-0.519068354650025,0.29915607927760585,15.675549873816362,-5.348764493899281,6.297196116747694,6.577533367975312,-1.5992210786690586,-1.9664078876034343,6.546266020076499,-5.420163336531215,-0.6574645648807794,10.12537251034897,0.9448079799520053,1.1413889208578551,0.5050063667542698,1.42
0.4852080307039564,1.0288543755798818,0.6095899466675774,0.658399522063924,-2.4177244899743844,-0.9766443554548657,21.30025395844641,-5.02156727152763,5.270403062002479,6.070039870136607,-1.3062536928277713,-1.807593748700469,-0.1790928523715397,-4.436066889871591,-0.9670382758169966,7.3462948403387465,0.4204173157973431,1.051822604795411,0.5536593625869212,1.3599999999999999
0.5468588818199004,0.38201122062636517,0.7125743202623795,0.6065555247297789,-2.2677865995887148,0.11719225262289043,22.82961834489476,-8.594117048084597,5.822706993628661,5.424498060133001,-1.91377904770076,-1.8181776670209528,9.667630001053706,-3.80779152848699,-1.9061056533328424,11.08115115405399,0.6965210961585225,0.5889720239890034,0.22546110235408404,1.35
0.6436928669690971,1.0112513336893092,0.6309418755305761,0.5100431254914913,-0.7842080106259368,-0.21288416098376461,16.49907457141762,-9.768739374740159,6.382428805767094,6.747580739527517,-1.5593405273567529,-2.154046849068831,4.495921935332737,-2.375522574694098,-1.511626731776235,10.217333327192417,1.143858946363201,0.8111464943697588,0.45903708319404146,1.4100000000000001
0.6904083074798562,0.7735450490056547,0.6737370561003625,0.7614331621629875,-0.841584158410764,-0.1267439141796725,22.689437374235847,-7.472915597555339,5.242202493200692,4.976742563814323,-1.7585464512461892,-1.582260683728243,8.655669960635938,-3.3832639073486477,-1.7478944631107067,7.7000322115234265,0.9502569213748618,0.9867795467445388,0.39177572269013494,1.35
0.45204154432948956,0.8981799592439004,0.7097272198591588,0.6185525027835872,-1.705252442744463,-0.3442105291425315,20.736836944018556,-7.6844497202020605,5.203332204514864,5.841051268235365,-1.8890839315792995,-1.9515092542702839,4.861831057295526,-3.2242671266855596,-1.223531456470801,8.475173622096806,0.5229488753738429,1.0221930649927526,0.5109040229595002,1.3599999999999999
0.6534126233982149,0.8426796923984224,0.6569089375705549,0.4594982677692674,-0.8638467535432643,0.33670483996863976,18.89327408105939,-11.145333858138889,7.282497644358353,6.880800772943256,-1.7939303155508597,-2.1486745473010287,6.19307293526641,-2.109785784748417,-1.3286843654624445,9.22909281424304,0.502708805330181,1.0523062681304547,0.38243889604605247,1.42
0.6069500019027009,0.963838902828146,0.6367461368607801,0.6909784757748637,-1.3295875056913948,0.01855599521150303,17.69017849301399,-8.007304281697774,6.140412712103086,7.801787233172877,-1.5859172354319144,-1.908250934879482,4.627875015102925,-7.1611318971157045,-0.9733804712810168,7.776211769382148,0.5490548347495549,0.9016203627947631,0.4083999225203001,1.41
0.6548003819524728,1.0460548370501908,0.6607901202070424,0.7229610394162425,-2.290858579915666,-0.14759846286773204,18.454642752095396,-11.861155462684053,6.086354255247796,5.816565610009769,-0.7277814131860814,-2.195010422620527,1.6231041189970608,-7.840464264942176,-1.4340926590778689,9.025639141229519,1.0075001132172816,0.6938622597339476,0.27050380268507124,1.3599999999999999
0.6793297620438471,0.5924086669896528,0.5499090872105583,0.5174192228628319,-2.0928414070394488,0.14604508508242978,18.83085098464592,-7.385762934301111,5.837322050705322,5.67208004858439,-1.750348950037427,-1.9227173846462693,7.044925279761427,-3.827281035661883,-0.7749001825286582,9.957490827506287,0.781080370544516,0.9360185208615438,0.6263220320158732,1.3599999999999999
0.47885864691214475,0.4052365274959912,0.7388255376552404,0.23595346629923353,-1.9910479879962535,-2.6091775518393643,15.706929118956753,-9.588386208695702,5.121792482049892,6.556807116983407,-1.4416886632839188,-1.1163597558300054,1.6746963513645734,-2.955549800326446,-1.7432768887847874,13.104165704934372,0.839516734052625,0.7885181445606763,0.33895755646697046,1.4
0.699720179283366,0.5560848775033286,0.7194410996996021,0.4054075147269565,-1.5443925724188574,-1.221596864846167,13.850656037772628,-8.264498328957675,5.162218457649241,7.6200616557662935,-1.5006472422477046,-1.755440367319326,6.3725489336902665,-3.7728840151414706,-1.2229228931025216,12.564424160180527,0.4332491502622807,1.1141184367343318,0.483494766676084,1.37
0.6925492852977345,0.6777573525160098,0.7012232440485002,0.6296623219666104,-1.7073341456676765,-0.2838862049845246,20.081785242987888,-8.824227885645668,5.841838092120915,5.431774798099955,-1.7497831207209227,-2.179323411052106,3.623652623908952,-1.5459089730410245,-1.1604296916232861,8.511060569278513,0.5840904464460801,0.7482483588332332,0.8524381128796535,1.4
0.6926883137190225,0.7093375238213515,0.7486237627058397,0.6668501735256536,-1.5120346084098375,-0.11568574492818912,22.191340223233436,-9.640384889400698,6.465409289918377,7.400080565052459,-1.899016576864284,-2.0578668241898055,5.4063833989744285,-2.6875520448872194,-0.9962479639738113,7.750220216301207,1.0701008214121175,0.5754962397907575,0.3204210709475519,1.3099999999999998
0.5904417988365372,0.9863371856229584,0.7094344867451141,0.7386597113282256,-0.7478669808823202,-0.3402628572818416,19.584831889083393,-9.796173778306414,5.337813143835756,4.568731468647278,-1.6014026889973003,-1.843948105472827,3.1378075533889485,-1.7927394622219273,-1.7975588868872312,9.219888363245584,1.178685897155065,0.9523238408405594,0.15204566867910918,1.4
0.6869396192167734,0.6188022958077283,0.7806804252036627,0.27547051570857595,-0.7466024851710863,-0.03050276177649658,18.569020503449043,-3.4026896324858993,5.896568738528788,2.236585537655422,-1.5214929005465136,-1.9811215106729851,8.153508494361748,-5.703703766414482,-1.0564047571070276,11.902137357421653,0.7994947097540912,0.9812103182466655,0.39632567798500384,1.2
0.714045141740651,0.4603108584139992,0.7884808936712419,0.5819202087301695,-2.2966151760778373,-2.2555045706749843,11.346857054804069,-8.399846206280483,5.723002794046584,6.200961495522578,-0.7339854431961685,-2.167313990643939,9.915445196100691,-3.6539268756784407,-1.3916721058928094,10.379042474111316,0.5520054455183508,0.9283260838520235,0.3742011574374986,1.3199999999999998
0.5940183944380092,0.4937530792771357,0.7633429060242893,0.3351251093199765,-0.6895458222566493,-0.07262020259009555,19.9922909804556,-10.311385340659264,6.135390497164404,5.646106243582577,-1.4425816932121176,-1.9824180978237622,4.247992895469395,-5.938734886005291,-1.037984527316949,10.344232996231037,1.1202174528910247,0.9578612438142273,0.45661860211086897,1.4
0.7008226531746905,0.4543060098684897,0.7830492076820914,0.6894337523923415,-2.2690061006338094,-0.009686229542349642,20.745992076783526,-6.90681019140698,6.286702796592636,2.2906747961198484,-1.1327833712257844,-2.0828243647465836,9.466204348296639,-3.8280126565024486,-1.8602948462761604,10.974678721120565,0.7969218438087294,0.6906205358921538,0.3504607846086105,1.3699999999999999
0.5998961736302568,0.3180560906383365,0.6631696689105271,0.36082150053800277,-2.412409609619403,-0.1869793492890689,19.372358608854583,-9.704931910725975,6.349684238676533,4.282914135896435,-0.8237358447076406,-1.9628271013093848,3.8551864191157104,-4.120789803097926,-0.94484187011239,10.784189818207965,0.8513542478828513,0.980118983630311,0.4502055014460654,1.2200000000000002
0.6550803679216982,0.23496029006228186,0.7749817805354432,0.37665468944565095,-1.528673963477107,-0.29389327053752684,15.369837882542987,-6.192204669770013,5.019782991218892,3.2175709416714313,-1.7115752059260751,-2.0704770385083306,2.853371069433597,-5.033072919197531,-1.7473930225377394,10.780923521767999,0.6771542512195085,1.0965058424953986,0.22139972110376122,1.4
0.6433306029064612,0.5439929005875049,0.760190721046151,0.22559043294451034,-1.2859833263419895,-2.8942593320221963,18.122457583396436,-10.244860905929565,5.811979051888152,5.394128877813824,-1.2704931758215234,-2.0052756757498935,4.314405881875007,-2.6354786171850204,-1.4490968241545186,10.352662172792478,0.6257821722626732,0.7493546767829524,0.4824947961819694,1.3800000000000001
0.5784090312647516,0.47939380241094265,0.7036842960078645,0.2445778606851527,-1.5452175118316562,-0.15471061111914125,17.088587778957542,-4.438986276969221,6.079503069498653,4.022777398633156,-1.5856832382279669,-1.8168515608063571,3.9762719160238267,-4.448638343604513,-1.0090614810230094,7.851348127510059,0.8345234707188856,0.9757141730574608,0.4173912434348397,1.4
0.7211269476330502,0.6042152221676955,0.7083023667338851,0.7878392646816035,-0.9580456018543776,0.2452581425548429,19.058864603681517,-7.862953288648618,6.750208247032063,7.729203220277499,-1.4645867112766087,-1.8973636610292703,9.093387987744538,-4.267542837956435,-0.8977564758007444,7.1849959373757315,0.7424831325843162,0.8187204529584449,0.7515814896366051,1.31
0.5690793464617632,0.3280073060186088,0.6411636913168635,0.4317664279887676,-2.209887829445319,0.0054919519503359715,17.577202906419924,-10.130643549284772,5.4552875021103855,6.040794363772025,-1.854276880599582,-1.9706992969997448,7.07464396787164,-6.396731211566385,-1.1035666337144017,11.936867960172806,0.5287302997354232,0.755242502599368,0.4853098280400276,1.41
0.546688246336506,0.6802127198953056,0.6511826900071582,0.7088470901100283,-1.18989908372592,0.4320497951408842,17.340263287312915,-10.969905200804682,5.37433521072081,6.257316380300129,-1.361190099580023,-2.005459005330331,8.961492333564111,-2.2356836767417243,-1.9694660826789778,9.646970901780803,0.8384865263712464,1.0365647952165453,0.21752098579291934,1.3099999999999998
0.6091862667823371,0.4449195346245475,0.6821267524483267,0.45977068255243664,-0.40904894958233273,0.02885714402381112,21.240615235509395,-10.432337513852087,5.840641850685153,6.213201659813813,-1.854606257619061,-1.8588369534275035,6.345616875585714,-2.9287691173639274,-1.5614824346943514,10.273481044589172,1.0455616553297495,0.8126565215257735,0.3612762837652735,1.12
0.6507506839122891,0.2744376526836908,0.6427231929857801,0.7360912836881762,-1.405760482466103,0.20251376458468995,19.580574124234232,-10.528304377964284,5.955582145079536,6.292610318057454,-1.2423267524083368,-1.9231988184362323,7.263240551299976,-7.33945592370522,-0.7819541722644093,8.844972497474984,0.6235039361977002,0.711253432850151,0.892544644244909,1.32
0.7233445613919598,0.4440803461773151,0.5487867692220988,0.6646281133577477,-1.9150180274255424,-0.06167832364252618,15.57222481713259,-11.265182069070447,5.2910017534650295,6.68539481055174,-1.4958703978620067,-1.8589628144460935,5.221607150032334,-2.165205339953178,-1.5910332112718313,9.59841537713789,0.4705392898988012,1.1216645627866857,0.4367691504670689,1.29
0.7570986073966643,0.9697231034263354,0.7800556510240161,0.5876710107096041,-1.8203277379931126,-0.4017362568337298,16.148609346179484,-8.354683257303016,5.712581533883611,5.363079617942889,-0.9647731146341811,-1.9588208388484125,6.277531262856032,-1.504259103101776,-1.8301391457631266,10.21867782222496,1.0011152733834652,0.9523944300938856,0.45483873876646946,1.31
0.42977122707120635,0.7461605417414825,0.5925915514971843,0.6658284323702924,-2.431826303286752,-0.24647306577239542,22.077797542326195,-9.663502857609924,5.291157195053729,4.653454422380869,-1.2835238875242254,-1.9369235620479415,4.278195853822146,-4.555345842232019,-1.8012006040538264,9.334924194077852,0.9299425264982686,0.6423227216899261,0.4047697349411764,1.38
0.543773223867791,0.20960604210424785,0.6131831642168211,0.4231108961239245,-0.6491833688587341,-0.15676463529555207,13.694139862961553,-8.874027379211087,5.340988277231627,2.8708209467620502,-1.775560681580011,-2.111496249457542,3.234572311928797,-4.356381564002309,-0.9520407185494915,10.544673177239568,0.9990680886657671,1.0636014339075328,0.7570885576114919,1.3599999999999999
0.6194587840516574,0.6035847309053695,0.6930291693609728,0.7203697267384985,-1.253443492191826,-0.3979245484871996,22.4836351124757,-7.773156893212526,5.4065870120559,2.4258683148494873,-1.7969070061489936,-1.6154485628059165,9.286799444364378,-3.2891123773182827,-1.5171085387887855,7.9141284609203355,0.8166982796451243,0.6576956403862567,0.5388073517428887,1.3599999999999999
0.27281319466566045,0.4470035155312718,0.7967132222325057,0.33570986728562074,-2.173361163510878,-2.9247012098389664,16.85186209337413,-11.160536824264964,5.309137084447359,7.751424744094415,-0.802040139124435,-2.0816454675361546,6.51565606126225,-1.4586409597643397,-1.7097722311648302,13.027265056764069,0.45439836943142503,1.0444311353014202,0.38519147509766977,1.3900000000000001
0.7833181971787485,1.056952810318638,0.7241693586442708,0.36053393835555814,-0.5558184590262675,-0.5161890341049227,15.783228340628261,-11.111657714729848,5.344821494980768,5.235648774480538,-1.8876996624936806,-1.7930006730545776,3.8109346027625657,-1.1254062802064075,-1.8748360749061228,10.768493616110272,0.80829567854295,0.9764062763865938,0.5273989689433117,1.2200000000000002
0.7959597890543577,0.5856144560510399,0.7620909800579183,0.6106414450073643,-2.094911215633385,-0.19363818337847838,16.213653117397527,-8.457415728840779,6.533132017498325,3.294348517997041,-0.8798095707319946,-1.8369240254083525,3.678851758812693,-5.478651369264639,-1.3265566340283779,9.826153270823385,0.9123864754648316,1.0364623237669006,0.5297605175642491,1.3599999999999999
0.7536808137041766,0.5065635050020333,0.5785807733915116,0.576397788407038,-0.9626051225225938,0.24270431271181858,18.823192048412075,-10.173446310989426,5.506055171439447,7.626514654277627,-1.7242952037294403,-1.689177279521407,8.49946967275599,-4.378379870541855,-1.198323408725117,11.105529218967089,0.9169705050787371,0.7421475914217113,0.3726842484143129,1.31
0.44839236697921625,0.6841784165102442,0.7115123883507912,0.24564214375763993,-1.803561604830572,-2.410900279352515,16.16777091766192,-10.895489208853432,5.432655313067555,3.2255339044562668,-1.33816081303786,-1.914854459853835,7.757814835414553,-2.496302711443381,-1.9209266792881174,7.794676163432766,0.3649011479762674,0.8687956560078234,0.3821247774510599,1.3800000000000001
0.5260746306321192,0.9514616810601866,0.6986979504679612,0.2777935771018897,-1.606566241921911,0.04318757106467258,18.222260412921386,-11.194434119482045,6.478391927237061,6.513669521747195,-1.5323484824384828,-1.9286399532611336,5.725583081756791,-2.608091337425371,-1.0473033265053822,10.617953446492667,1.1430724498487923,0.6758295870535427,0.5278441862788589,1.28
0.5953400812091497,0.563550460520686,0.6821108557816867,0.7172909213056877,-1.3912529327345988,-0.4563243550344521,18.680193792387623,-10.655051510017126,6.349252007767374,4.512331048185503,-1.3493819936640175,-2.0435418465598123,3.8840725469366606,-2.0363179758927226,-1.7866337126497545,10.35877177811288,0.6161726734639696,1.0588854937483982,0.3487891394457039,1.3
0.5552142082348412,0.41212476387055635,0.7239703020587257,0.3420563604592458,-0.8349066450967826,-0.9507399937308678,20.35773595123499,-9.696953212790211,5.335559755664854,5.4537114464515835,-1.5549993578614738,-1.4985970708093292,9.806285475244872,-2.6256327952372245,-1.6760052320724312,11.739298260226096,0.9203046116564415,0.7736218166711134,0.5117465549200516,1.35
0.5976844510474021,0.6668572347813534,0.7205498306355794,0.6138093690801444,-2.1183849051585857,-1.6595772825426554,13.818745732503503,-7.2808511422019695,5.417043682594528,3.9992066527750856,-0.977924483224903,-1.4101526091766527,8.526192016395342,-3.8094915170559442,-1.6984003198300779,13.680269701471165,0.7433800180839231,0.8966901067897537,0.33057039377692543,1.3800000000000001
0.46313036946178615,0.8210072414786448,0.7804314774274042,0.34970656031043507,-1.451265624196291,-0.8764969849525548,22.17731017979776,-11.808236707035329,5.74297509619031,4.995726731592039,-1.1629402214518896,-2.0059656604712837,-1.2280414218215827,-2.065409605514124,-1.4215874149281635,12.1556549516241,0.8215251530117044,1.0821251557196054,0.4777289089021104,1.3899999999999997
0.6092771212510358,0.8902147360769174,0.5641317117890727,0.46806105018788813,-0.7079446349068118,0.2420174074605292,20.610988665355656,-11.209147014514764,5.626797366780748,5.984725156878702,-1.613869077298111,-1.790033969828684,9.245302970746517,-6.302261049202122,-1.045170244038322,9.57191344787435,1.1766174601136907,0.5886687806174894,0.7657175127316516,1.32
0.5516617790941387,0.28014615869489917,0.4839648591841893,0.7133560624968642,-1.7910163459717754,0.11891591733022312,19.062296560937146,-11.955563502529571,5.475474534317919,6.205968045827784,-0.9743726560948588,-2.073187777480856,7.5152122095742095,-2.76053045876664,-1.1099160444048188,9.120211808463543,0.9139748770645624,0.8404508675084778,0.8453025702642725,1.31
0.6710428725207793,0.23082272277691507,0.641449869123147,0.4876907014901931,-2.0084966124999424,0.09598727566003823,16.792611607317934,-7.324696445305692,6.1911310811591,6.776479918510674,-1.6946176933849506,-2.1279445245647977,7.163494085270216,-3.3704766438249956,-0.49225044060901757,11.122143083684936,0.3192613921267833,1.0208679387932242,0.983714392815964,1.3199999999999998
0.6009133808348526,0.693761362948238,0.5729614281182811,0.6882661878904468,-1.2987535490887683,0.31205204745558274,20.749415093506887,-10.570594888011177,5.516020623949906,6.600588251329558,-1.3314813525875082,-2.13800901850476,7.93012110023132,-1.1227534884803294,-0.9206136881204884,8.723100577248616,1.106147810084852,0.8468422004538713,0.20224266104873678,1.38
0.6679126394815512,0.9485759612894004,0.5917101779234747,0.24628151155667366,-0.8135536692753531,-0.03495411240415472,20.10777969196066,-11.71688598790501,5.538708085033002,3.4781612184459743,-1.4569712871640148,-1.7322451119101787,8.85604188109856,-2.731502636337585,-1.234850583361061,11.708751818921327,1.00856904153962,1.0168999070262816,0.8715311322868798,1.4
0.3135541371109005,0.9750347235193646,0.7078402029076069,0.3978513797933083,-0.549126663186469,0.14442512768405705,19.747213554038833,-6.76055033858095,6.483254716643901,5.614352955235553,-1.6508268543322338,-1.7303971895462618,9.89403856149427,-2.6837727946409564,-1.1201528914979255,10.523944557570344,0.9345960374893304,1.1256027443532886,0.5262197121793085,1.31
0.7678880546573507,0.5419747157048962,0.7930853712264002,0.24899601104417896,-2.09513728935418,-0.3902047149357146,15.302490865249956,-8.340650747343911,5.867102839226839,5.854297457966483,-1.6235874238196784,-2.0211190491806295,4.634496754499019,-2.913232167277165,-1.8548563008706758,9.838371440011816,0.5692663481633407,0.9863897302704628,0.172537231995312,1.3900000000000001
0.6018746042998847,0.8107597205408048,0.7285837214007939,0.6056133106365187,-1.8039225128099088,0.10073971725940634,14.257977799928055,-6.600396063431676,6.135044960563524,5.6934224160642515,-1.4373073348706773,-2.0735171865256707,5.520202614301694,-1.976855845539096,-1.0593376846845393,9.74234644432665,0.6392491029492314,1.1053246532420882,0.6573330524815222,1.38
0.6794086793623666,0.7304497675787239,0.7191586875423901,0.7811537002361317,-1.340681906245976,-0.08391919266001577,20.923674709824933,-11.08864089319188,6.170513195372736,5.347430469082267,-1.7090832923927652,-1.929448659569069,6.289406142014926,-3.6167441866671766,-1.0640421560181486,7.03277427242889,0.6659790589762487,0.692278700579196,0.6549644349777675,1.4
0.739618016091043,0.5276722297615604,0.6969525377598306,0.6491687530911978,-1.9712469209601586,-0.9150149325781917,17.037406796743944,-10.443422160167973,5.337754289777784,4.677279836742994,-1.1102449232524716,-2.0918844720772296,1.2826903894551909,-2.484218242929307,-1.533815422127429,7.202768105365418,0.752015629698352,0.8534577865580443,0.5881828436588417,1.4
0.4481567522111488,0.28973797057439116,0.6496507686869746,0.36181688659843725,-1.0967341949859413,0.13457355224073161,22.08556427486467,-10.588351059731947,5.184009793203306,4.313710715219985,-1.8382128632274741,-2.176106820769788,6.7408475965592665,-3.2377822934704286,-1.7592936266675026,7.764962041193926,0.667622014433077,0.7040561376730907,0.44744461761139503,1.4
0.5541464903333472,0.8271932311133287,0.684240260421165,0.5295422436099031,-1.1703440653150046,0.12162092492525128,15.61338561388506,-9.865076278516899,5.687583075941356,5.313592460014026,-1.6623293412220261,-1.931198529239653,7.092827662678891,-2.665017971200472,-1.35682731549657,10.206344094363741,0.7798407068591696,1.1223307536478562,0.6491332768892396,1.3699999999999997
0.6368282757184895,0.6508812759658594,0.5262014989535252,0.7257615871153057,-1.4061191351505005,0.055621910067786176,17.915571547781752,-10.670963259875084,5.755360053185154,6.251242564176328,-1.3113260784325451,-2.1458904337495697,4.719629289628551,-4.557064993000027,-1.0977101988451006,8.667025397601956,0.9816371171447524,0.9272445751473803,0.42552066465665606,1.13
0.4029103309772322,0.8007823067495088,0.5560099862425573,0.3594035579834935,-1.7081369111797904,0.2100322880885534,17.34777825074254,-10.928188255329937,5.979462577972546,7.158656756148989,-1.2015911756811803,-2.0794515139950907,7.543925908524689,-1.747748029189868,-1.2876890680153243,11.964178948984216,0.9403829906170839,0.9450247587952706,0.5537162090608028,1.3699999999999999
0.7252909750294587,0.6871813502809255,0.7978062822074508,0.7531877006843499,-1.8103051925560152,-0.30847617060111093,18.85050608168407,-11.09485959476094,6.2814293071569205,5.164136926572565,-1.8689600882311355,-1.6322049044101392,7.204858248253626,-2.9065707403995065,-1.9025000642310321,8.74055601434036,0.8200638617789049,0.7112965277718313,0.30965130168068683,1.35
0.7891136415193569,0.8676747763156942,0.7503209294522586,0.35253956438900647,-1.1556136212029642,-0.8314482217061546,19.248831037143542,-6.108190288602636,6.062672205456959,3.071826701301978,-1.7769714493765807,-1.735008602254251,4.168961861108618,-3.7247144403451,-1.4549282765194085,12.422916214382328,0.4847988918709709,0.9165996159202514,0.5309222471483198,1.4099999999999997
0.5939203957297625,0.4119654297731523,0.7977402399725537,0.5725072121047636,-0.8398033312724084,0.0019431780902278428,22.33791813059218,-3.4738873563477473,7.2013961981411585,5.551627468630919,-1.4346706660044055,-1.8922261902131388,8.565069579626385,-4.2834355937009905,-0.315296859378859,11.222562343206908,1.1062470054688476,0.7851271188853826,0.6715443382063637,1.4
0.6722575265136541,0.7155458626325979,0.7062265968689628,0.7057015026885967,-2.299842589067617,-0.3136608078846811,19.221433730786163,-10.818173329777258,6.001675331643089,5.211953199644382,-0.8793269054153949,-1.6576843469671882,0.7190032431039439,-1.5441039987314447,-1.5484462792160714,9.272060024150845,1.1638227794445022,0.9734761433492477,0.5314271779052236,1.21
0.5540443557401654,0.20828039549712118,0.6396693402292198,0.6668495337855377,-1.3306395792013614,-2.023998718566351,19.768695059446397,-9.67268079303461,5.350493165866224,5.634327453591347,-1.1724087026866523,-1.1882894783047968,7.391739142644202,-3.6784778468105537,-1.5036780025965664,10.574370483917336,0.9358889132292222,0.8691968588969208,0.5943211114204803,1.3699999999999999
0.659315675512936,0.984304708174118,0.6801473138999561,0.42110966670307814,-1.5713707182137682,-0.3556659029652336,17.39844281327527,-8.113263027693417,5.550024834059761,6.556132120439701,-1.0130049455709236,-2.049447579009123,2.85515228328997,-3.697117057884368,-1.149237752745761,9.927958410148733,1.0670437416803351,0.7530807299914477,0.4545444087061834,1.38
0.2548367483215939,0.466116762648645,0.7513978856724528,0.5492376530645505,-1.6797714032652642,0.1254062630697962,20.87808002814198,-8.860617578112635,5.786502301348859,4.797784224026757,-1.4600931362804637,-1.9848527557531157,7.624684234618693,-2.4832810708993858,-1.2759214761185727,7.184375026027763,0.6397805882989913,1.0105679229697038,0.5703026780319802,1.26
0.7085671320771953,0.7394577682681119,0.7333969999679522,0.6436653766501216,-2.164104174145976,-0.8222960970953612,20.236536040136706,-11.331274449918334,5.63945672036383,3.424849169275003,-1.5341784921718602,-1.704207990514051,1.8326532057131977,-1.702741642677427,-1.2621314435218467,9.894614578668481,0.8523997703570709,0.7012997637519467,0.5268287209834758,1.42
0.5860503347735933,0.6022255818060426,0.4454475544220002,0.598042639316078,-2.356474865391742,0.05201285033865899,19.85786868449863,-8.616032522882659,5.46090321074418,7.147720784077928,-0.9112040173655785,-1.7546064690930094,1.502014106225226,-4.489566785930006,-0.7228542178202169,9.424689562458484,0.8468278740590457,0.831679729569831,1.0275519106518272,1.4
0.32469837932987805,0.37548182100902194,0.7177254452920018,0.6606389221539936,-1.1750528776570608,0.17958066919187585,20.503938438406294,-11.005433237890458,5.434947666992172,6.0192814650385635,-1.9129351055013515,-1.6119848372938974,8.10120694100343,-5.272291398847418,-1.3290802538828004,10.598031260437814,0.9672820421788337,0.7761540934180842,0.5129458245263868,1.42
0.4209340809419774,0.33477015763419943,0.772994220364691,0.7527950341490199,-0.3687173727795354,-0.24157189660015108,19.722943958770372,-9.743719354964437,5.84415072755091,4.916954112092861,-1.8003704726499983,-2.179553740155009,2.199083792695311,-2.937560498521965,-1.914739588493667,9.278255676425946,0.8782899782558614,1.0390931540283084,0.21882307419921165,1.42
0.266820755325756,1.0542197448236061,0.6803307399342842,0.7936366399125081,-2.0183684664724177,0.0693259656314349,22.509451362561123,-10.157038003916739,5.950539625166816,3.4323790768380165,-1.0490549317554567,-2.0904943568033465,9.117075794761211,-2.635270170239216,-1.1905138918649247,7.567206770371681,0.8640275179019374,0.8088037369376639,0.6672061831868776,1.4000000000000001
0.7893080041451351,0.6708565584887148,0.7853453665955902,0.49101180769175523,-0.8500285007430903,-2.5472152877767815,14.301896246939124,-11.35098921616285,5.622716762819504,6.8047423815085235,-1.6218723200631682,-1.6133606963337126,0.6373079130822789,-2.61169679887044,-1.6427326706391954,9.552522994777716,0.8444674977482763,1.0889204091756646,0.34488484688637555,1.42
0.5338059987399179,0.6097011369820486,0.7540703671849868,0.7621245681033051,-2.3122407998967827,0.22899885506893042,20.847786154872647,-10.349604038265243,7.932859444541868,7.424079473638584,-1.6701083761709234,-2.055209065878739,9.621252227015,-3.314835216188949,-1.3865746626860702,7.370745277568528,0.5738270893072672,0.7217036474122509,0.42233744972381726,1.3499999999999999
0.443283121769654,0.3278954106769474,0.5307448559523115,0.43002141012130185,-1.1827253394020993,0.17723727774340448,21.665982556181174,-9.900607299212046,5.706273764620148,6.04617081860338,-1.5237832989030788,-2.1885338257675677,8.126828258033651,-2.549576719136202,-1.708480512314984,10.057375651291604,0.8335743177894941,0.7775067502025927,0.4596095715664864,1.2
0.7219823852205492,0.9409138313001753,0.6920525317762547,0.36425656745985235,-1.4190979489874984,-0.4509291689610701,14.080754985807229,-9.117320409499309,5.763711845638251,6.787354033922325,-1.9789514982023713,-2.16861330317162,5.632780922267182,-2.7378938712692333,-1.4816906286841096,12.704619865147261,0.43727275486354894,0.9378186654288991,0.4022038983401044,1.35
0.5012909798755771,0.5313958922127098,0.6589162281955586,0.3234588404457879,-1.0798818607617258,0.03794594804235529,20.20315637229509,-6.315101062075044,5.4259758584174165,7.384554990372666,-1.6367069072407847,-2.019823599583514,8.598750698179659,-4.896138112785621,-1.184637573660968,12.103503832755804,0.6458127311459764,0.839157683095798,0.5683909477908774,1.3699999999999999
0.7705557944241019,0.3325147615808002,0.6720361175203302,0.4988611152355283,-1.1607888215690787,0.09386770097587738,18.12752055389584,-11.830805350536405,6.311444731214996,4.915844848802579,-1.855613895437559,-1.7022017170458368,9.70767636724484,-1.8788521226698471,-1.4377137151375117,10.870933871017394,0.9873561681699212,0.7025795308715803,0.6658305305738267,1.4100000000000001
0.3753014627083803,0.970154951676544,0.734676102250649,0.46726297259403915,-0.9704014223864663,-2.111470896085379,14.720998102807709,-9.323158407342376,5.927294765575519,4.234725713851975,-1.3266947965418328,-1.808485941981451,5.080047109327101,-3.4490078524051784,-1.667680229649874,10.395664934466925,0.5819572169616775,1.1543291320970819,0.4346494273849676,1.41
0.4503495782958339,0.4466009255409593,0.5909197657373171,0.3692041126226708,-1.1085178891643732,0.10670938483536212,21.11893134590752,-10.96870066541463,6.418630213109076,7.192535747149418,-1.8486672824142671,-2.0571176044306303,6.248890238110381,-2.376251596843234,-0.5945872028522088,8.81129428370425,0.6370095610588551,0.8612168929411118,0.5754887257781611,1.2399999999999998
0.4841300765927825,0.831106161948582,0.6909410067407521,0.2750245406235863,-2.1235156990547517,-2.307498329337752,22.45723987763449,-9.812902445330325,5.238149446142537,2.0393468907953864,-1.6542306509990599,-0.6222961714750794,2.9574992061503207,-2.535778395747353,-1.3085491961351114,13.819016573510822,1.016092304619903,0.8425098327925187,0.552390149413884,1.39
0.712080542545057,0.9981696219874473,0.7735747177077146,0.7225414754107764,-1.2552686358433924,-0.4456790505045391,17.28708623977619,-9.78555826562449,6.419866749623738,2.2330413846572528,-1.9616245607168228,-1.8275502902539638,4.058668690571192,-1.0655428297726028,-1.9911570797497231,10.947938064357972,0.5896328945681812,0.8641005732398102,0.4747585290860406,1.3399999999999999
0.5432251955267589,0.29976980530246816,0.6972747018995797,0.707211723643652,-0.5068300226112288,-0.3133342145262878,16.99742002195649,-11.545031580196996,5.045844592934324,3.670397073110963,-1.7644238014548725,-1.9571615848922939,1.7210009856902284,-3.038593853495824,-1.7294723413788282,9.467238526975331,0.7988250250866666,1.1180175521271176,0.5297757185544085,1.3199999999999998
0.7319408213446275,0.9696786231399018,0.706794639853081,0.3516860462728746,-1.5594746901231262,-0.21065372596561915,15.103933824277995,-9.367953904829971,5.403860231031434,3.969155435466873,-1.2536341380093377,-1.7564868670492098,5.823580314387601,-2.7576133557068867,-1.6005688799132198,10.519178143123908,1.1536955055405926,0.981074902800609,0.27674935869977396,1.3
0.6201013060365057,0.7985584177702175,0.7033165424903179,0.22325783773760485,-1.8027958151297878,-0.5741014133153404,18.97876188846395,-10.534846928341286,6.056211247615837,5.362690448088205,-1.9601024688016604,-2.182662888039828,-1.1512992042787649,-2.3709525770006836,-1.708753368990104,10.431597477935012,0.9330136844477559,0.7125741353872543,0.49566396192079043,1.19
0.5510286095505781,0.7550085565431198,0.5570350806284493,0.6096258450766987,-2.0442449711838067,-0.07535762963505127,20.156836225482913,-8.725133081161276,5.405900765955412,5.563389041574828,-0.9522780251643803,-2.0604289666504947,5.3244773263292045,-3.2344939364452063,-1.0961016836685267,9.349724322495357,0.523716268250028,1.1565556253008105,0.8931267380692209,1.25
0.5789301675492832,0.5369179337684379,0.6449506656077387,0.7539593382101069,-1.7926346771959172,-1.895758291959936,19.07747419194675,-10.093157498030248,5.178668220548834,4.052513233977012,-1.5345172257684006,-0.8627747301775014,9.157393214003104,-3.495852179064662,-1.6360169248513,8.835188343792854,1.125643999532024,0.7615183485087196,0.38376028187731853,1.3599999999999999
0.7016643313754236,0.5822805756924206,0.6969117773345811,0.38328430615980236,-1.8216838037877732,-0.25643574464249835,19.15581525316845,-8.493182612692067,5.567221188512027,7.014002572120446,-1.8068414483593855,-1.7413373765642226,9.63601386808276,-4.016137844360897,-1.919085446789662,13.8212053048596,0.8095611364682704,0.630632746794358,0.39649035279462913,1.42
0.380129110846245,0.304806066328739,0.7477722234360054,0.4354344775587201,-2.170309913562025,-1.2528500576026662,14.002031313347302,-9.51008771065034,5.631907266085316,6.972825773710467,-0.7847072076424905,-1.8687962482793723,6.466492077769309,-3.2914955623762276,-1.3227206220251058,6.917538944492584,0.8254142610489998,1.0801545638645509,0.42934667812804306,1.39
0.3592317545932577,1.0868275510652123,0.7526722445477477,0.43004742514131367,-1.1631367432312256,0.1043223884846812,17.22018296214981,-9.782162519185542,5.8453792674226115,4.980607619428884,-1.4802400272220242,-2.093099263417089,6.933470973085644,-4.056295732389841,-1.1063480040507332,10.032355390687478,1.0064922833929397,0.7099054922922204,0.752512864031222,1.3499999999999999
0.43388775925284173,0.5152179349665282,0.7924958522499163,0.3844074432443544,-0.47706000042947155,-1.4748432932602105,15.452354204523411,-9.084340155273246,5.447324141124037,3.735486903612717,-1.6468094349112752,-1.5431338836519244,5.427645799396329,-2.119840158674028,-1.621746070293851,11.130364920877808,0.6604003461795818,1.0598025760649894,0.3634814010641757,1.39
0.5832304839372652,0.8369060890475059,0.6973513135430814,0.617959803376896,-1.8456308971372277,0.04002429667031859,16.046283120241657,-11.266213854971285,7.276750968704401,7.964157955912407,-1.9170349690548159,-2.087885886955789,3.2748515395391995,-1.813793475288256,-1.3950185275599007,7.703992212712983,0.4531197710625773,1.0289949215491305,0.42767193337083675,1.39
0.29551013147043736,1.085910649845059,0.39760829528494096,0.6930573075491362,-0.18127693636380446,0.4179593390408024,20.419071434880696,-6.485257328070532,5.3876822887357925,6.011155067368788,-1.8210071038494864,-2.082982336984979,9.122252029665725,-4.026066475763388,-0.5131281269842477,9.283864245313634,0.6974181188021957,0.9460729532117479,0.8266650974847112,1.3199999999999998
0.7862232691559367,0.6245538659367316,0.6840568066813987,0.6705289278841723,-1.3656800035282328,0.463409824579028,21.10040632781468,-11.521349619037197,6.781939034467687,6.458300451067444,-1.2483671478330853,-1.9233750022132192,8.775880395995141,-4.1872633519576095,-1.2831206157708,9.838657855246172,0.709545563513113,0.5921642283943478,0.46867415664151313,1.35
0.2775313472836095,0.21884750834029937,0.7145289427408283,0.44653009788571185,-1.8881886502281895,0.2846474228565981,19.685079191805436,-9.872765879558042,5.923457590838735,3.5872504113605066,-1.215926135444998,-2.1265895078126746,8.053062046053963,-2.4686958969576516,-1.5927751956656953,10.07155590264986,0.8158105601694685,0.9082845425083435,0.6269009434733595,1.2799999999999998
0.6233704752942317,0.48221164366435204,0.6425128789406613,0.6047913757986191,-0.7636062074203622,0.3682675798504339,21.691137630878796,-10.233225200890255,6.872898800494126,6.228562808761775,-1.7972079372190946,-2.13940674767477,9.234148940584651,-4.310561962398343,-0.3694528953325437,9.774281284992787,0.780992182813011,0.581114847078957,0.2553523782972552,1.2999999999999998
0.579248265804898,0.7403352201672073,0.7660758882553234,0.41573940459958425,-1.5657114348333665,-0.6280463427407558,22.20912385862017,-11.626063117770329,6.080548344213451,3.3803648101779955,-1.7600009828834708,-2.0787935155628516,4.043621264142187,-1.7000380356085516,-1.1518032772145443,7.4339695293976735,0.3969931595009423,0.7587906605817558,0.6353456448868574,1.4
0.32532502136273467,0.8321104078874134,0.773107813829722,0.7820679360870846,-0.7180018353617948,-2.909879083104104,16.633738823427347,-10.460709284470036,5.322085853284671,2.57108215271395,-1.4308548057094956,-1.2439061393407451,6.096965445231663,-2.13904582337764,-1.6463876249680243,8.533328875520763,0.8622812442380241,0.9063702930634394,0.36680470596874504,1.38
0.6603580434601871,0.44033830837917953,0.6194187687132879,0.6547813251535951,-1.2217169305472086,0.01936682305292716,19.688166702728104,-5.149219202475878,5.363927137193876,6.062882892625733,-1.3221933178281735,-1.9966922703716319,9.072691140676781,-4.291337476341784,-0.7352142318559778,9.628712467832123,0.8383066035956757,0.820778863897204,0.8660898613650769,1.2999999999999998
0.48877488543859143,0.3172740997882701,0.7505481032475609,0.4045912723286313,-0.2690622967856402,-0.2848347741453714,16.77526919081948,-8.508652694275204,5.348950203332386,3.309769429705163,-1.7586237195242551,-2.023956926149598,4.568332748498902,-2.2225308522806158,-1.8128781973831474,13.565193942051838,1.1225080411346544,0.889202308908419,0.22444785318086335,1.4
0.5554548130626383,0.7025995135400454,0.7687658435022536,0.731706452427797,-2.1841283324722793,-0.18292313456298961,16.21496932728143,-8.490408979895385,5.632289859680286,4.943118319638694,-1.713279841655441,-1.7672476670672195,3.475230106482266,-8.834186782188988,-1.1045708781678973,9.26976244651534,0.5383154591676665,0.9284397788313864,0.3851210866520715,1.36
0.570207765012448,0.4124304619411031,0.7715060316807951,0.4987419513458312,-1.5615549739527306,-0.22700303045863512,21.879503252492608,-7.272029158336483,6.2031239369351185,5.872597086172378,-1.9862019285731474,-1.8124440161388031,7.302725811595492,-2.9038298922925465,-1.5238992385720809,7.2968824343342344,0.5791927462846351,0.7768997794576676,0.41943939572041306,1.37
0.6952279091145043,0.47957384250494384,0.7422939275340835,0.7580560606012043,-2.3666732580970145,-0.32876070868778773,16.021223497755695,-11.454345221828557,6.061884351701217,5.404634271988547,-1.0578503599710376,-1.9845726083411672,-0.26924826780832367,-3.037088988739525,-1.8561079305413641,7.579284610278492,1.1600139267299407,0.9488361007299551,0.349050267496897,1.33
0.6870997293914228,1.0061518484829781,0.7160758098318379,0.595002170163546,-2.0682174653041043,-0.41144233007211906,20.65524295055762,-11.181358565602451,5.951945088630699,7.474478125327295,-1.5631972191020465,-1.9808320446291108,8.549114386899031,-2.44932854221082,-1.3773653712079021,13.09981237339438,0.5282597393139256,0.5345530968748441,0.4697179960841489,1.3900000000000001
0.7792834920098867,0.6481672084504286,0.7613366577909212,0.4449967767198091,-2.0505424128541088,-0.2900451882855549,21.454360985502607,-2.7188788053978774,5.7505820491728565,5.232402012473298,-1.650064888212802,-1.9304357727240191,2.432875277146781,-4.850265299931939,-0.9232237084541578,9.88361200298178,0.7469049502469121,0.8074008657961705,0.3106706624335984,1.34
0.7091262586961523,0.9197529943087901,0.6677760020609418,0.7689925226223784,-1.6002435876498822,0.3398070855268578,20.269449012986776,-8.832648349627311,5.866874839627526,5.958436730002536,-1.311467220120348,-1.6634975006437012,9.301134905400389,-3.9293883724907377,-1.7245704062630902,8.611545838571905,0.9484708557609497,0.7395345633529421,0.4645745339307543,1.2699999999999998
0.27356044083770825,0.8530119812807196,0.7315551211046168,0.5283255011024771,-1.579689157066339,-0.5607291493646784,18.810224348125757,-11.85485058486488,5.822987063811114,7.62397597142583,-1.6536449169659522,-1.627239084414462,1.570236630100001,-1.5372758748648958,-1.94754354802414,11.53024431498476,1.0615518532512802,0.9208430515285978,0.3360192669231497,1.42
0.5745432032875135,0.33964233403565924,0.7428680666656905,0.5628655958794804,-2.2216852391438535,-0.2389575648106398,18.201634338846144,-6.6217577060963615,5.510868888435048,5.4903461025418245,-0.8393913176877426,-1.959048115369657,4.0422648221446735,-3.226496444800163,-1.6140892419943103,11.100015217360584,0.5740850463573645,1.083322996536119,0.36406420583704857,1.4100000000000001
0.4211318249251876,0.38708146021393575,0.7834592339360789,0.7858200400031441,-1.9245819140926619,0.20168366690528536,18.900587323805027,-9.913406079621334,6.494351613408455,6.733524352009073,-1.318730732643841,-1.9305711134127654,8.989577913458882,-1.5762446208985703,-1.2310121438205348,10.839372821380357,0.8440856953056095,0.789583138543678,0.48618672137802615,1.2799999999999998
0.7521367562950606,0.34906597817717666,0.7564947651274274,0.22480528831027874,-2.0559116687478087,-0.46208665365944435,21.46501755459089,-7.647618054039851,5.996408454746787,4.759018717122479,-1.2495703731673657,-2.1682864507161104,5.800487769821776,-2.753297237919564,-1.863000792329248,12.376510127606792,0.5210471580860963,0.817004446563867,0.330744838389209,1.4100000000000001
0.29663926106510335,0.5037313573066073,0.5073092834205103,0.6351379052410063,-0.7578115658703415,0.07443355071237245,22.72208451610508,-4.13702679548756,5.417706682879795,5.813633660800489,-1.5172248018735726,-1.8789991523438982,8.018511100918543,-4.130000057069843,-0.6658811208427541,8.93975243597024,1.1808147334758667,0.8713903795452702,1.086442425977623,1.42
0.6187351562519529,0.6679611624209977,0.6566162608789609,0.20228564537228266,-1.5450845523831551,0.08585291011472101,19.379109563730573,-4.078314410856845,6.023121541290756,3.840637685618535,-1.4740349582916137,-1.7538696449584688,7.63692621411344,-4.328887236300672,-1.0974933053077947,11.27364108928069,0.6219102024553191,1.0392486892236352,0.5977460207050047,1.38
0.7558661990512714,0.8265166807491406,0.7257413570780693,0.713882976670807,-0.6695008602604587,-0.8056665262108836,17.224692369600184,-10.116406068871797,5.115306895007234,2.5605363914219392,-1.8572901811834501,-1.6429059587162618,5.769041690465533,-2.931113800306667,-1.9840723066837167,13.850446405079877,0.7877668759966927,0.9188108702410628,0.2326796880297742,1.42
0.7231657506380519,0.6390020730552508,0.7691889391002231,0.6482461001953441,-2.003724756263096,-0.13658184815509844,22.523737873502036,-5.768398248847447,6.161309487970366,3.932308670789938,-1.1246642574024333,-1.9511936426046845,8.38219259055662,-3.4755323681659647,-1.2107620963731376,7.444718073912628,0.6638092994173557,0.7802499898998193,0.49377829800474365,1.29
0.5155241789262918,0.5519759194785768,0.7341772937082455,0.7004658931010345,-0.8065962469838619,-0.5910717026767758,22.54712124340527,-10.45679702060531,5.2967930339425875,4.878336643887602,-1.601127035572156,-2.133839752892895,3.3897254855215673,-2.6789798870119452,-1.7749899663845785,9.230025586853554,0.8446461290220443,0.5902909814230151,0.5080613431445216,1.42
0.39730480729250184,0.20194904256692625,0.7635632628860881,0.4098129474992461,-1.797916283480576,0.07278241565956878,18.412215899672653,-11.195995551270586,6.613338806855149,5.295534307418325,-1.6215036801199396,-1.9608695275179033,6.866434809769139,-2.299162329926228,-1.2349329545624372,13.391226247705534,0.8375200566529056,0.7122967397454862,0.6824070994747471,1.3399999999999999
0.2250622168810714,0.9672940212643028,0.794188477908157,0.3807647681796582,-1.7648431817038448,0.1612464512968606,18.866977972124594,-5.456513673771245,6.357289946642593,7.797625993317809,-1.6744402423135933,-2.081091135480092,6.668056678121706,-4.005560952464013,-1.1211075606696772,9.014465312630415,0.848240173366116,0.8382069630261592,0.33220913148575526,1.42
0.46825074071195605,0.4429632249495381,0.7384869926264679,0.5316550847488937,-1.625522224766534,-0.252433846937044,12.444919209912772,-9.547241898946861,5.264313095140285,2.893406607439799,-1.873619240808272,-2.078912080658055,8.04650212626842,-2.6742743327448775,-1.8187110274659726,6.981327436976651,0.6850005083548686,0.8048291326387108,0.3372137247700965,1.2999999999999998
0.5008935824768016,0.75374034981803,0.6781216420684762,0.35321503879715527,-1.1106454689466794,-0.3212468225733776,17.70313280670016,-9.312945356338675,6.013780864870453,5.00067456536933,-1.743513906351598,-1.7370777021185115,5.6444414684630235,-3.447388306200905,-1.4366758598620037,13.492972052454947,0.6721831955080463,0.9765942404941207,0.5925781135117922,1.38
0.5195899594998687,0.5283225767907468,0.7846428303845818,0.4097478580772236,-2.4822433792213916,-1.7622073121729476,21.00299725626697,-9.808367293486075,5.687061494461847,2.1230754238692686,-0.6106881849100507,-1.9245493404736789,0.4936581618464193,-2.7612899414471377,-1.6273492078987375,8.895612074846184,0.6057423274386091,1.0356784249160413,0.367220318851767,1.33
0.7500487206372601,0.47674702072795916,0.7966702780433984,0.6277955640658329,-1.817936113703647,-0.5865805598627757,13.08340566920413,-8.948960847234153,6.969859202418029,5.811380988949145,-1.688532774063286,-2.1169890381065337,2.9307954753025798,-3.2995183032797026,-1.054659215536997,8.546175400447382,0.750223655945988,1.0276985838741766,0.3279490486370339,1.3699999999999999
0.63372965903699,0.20701632194153188,0.6604301029945723,0.586168718623259,-2.1720468078005144,-0.34021745486332833,17.759681518208694,-10.332787326998057,5.837191875098498,4.327894716503778,-1.7104607214836105,-2.198577034563696,4.194967298073186,-3.8570950909569173,-1.6106952166640447,7.853145720581783,0.49967441059400064,0.8004743257725148,0.4312003502910347,1.28
0.6674988584562676,0.6773083014556018,0.6400622240812147,0.7738330531924473,-1.0517704904726393,-0.0727289701460809,15.554371366722496,-7.87763277026038,6.25021506672821,6.417056022972064,-1.5708114644071465,-1.953179529645951,5.0492939651555035,-3.0211613283491774,-1.6998402315797378,9.39126466568279,1.0281775274648253,0.9733438503516147,0.30381181479306835,1.2599999999999998
0.5107819316590622,0.2803797980288656,0.5621138822452235,0.6220231842351763,-1.0987824295384248,0.1505138342511113,22.429309864044086,-8.765603273073891,6.370719201057248,6.590770131915528,-1.808551728159537,-1.7261744950903968,5.274830802075081,-5.657284253948271,-0.9976610618369568,8.412686102733922,0.8970318834919488,0.7454880202509048,0.46608017376872557,1.3599999999999999
0.7499762544704482,0.9699827127389588,0.4027369128698508,0.7760235662267019,-1.8082566184634268,-0.3425485472105294,21.988974527897966,-6.4241603087096015,5.173832265407666,3.8377429834924834,-1.7062067916588037,-1.8958546840810584,4.332379930777045,-3.450061394239241,-0.9678689870679884,8.997080945289866,0.8328779837962942,0.5515566308497186,0.9274761543626944,1.2599999999999998
0.741285054004961,0.9444032276291822,0.7209263708361934,0.7008244317681049,-1.9158436687728932,-0.7409150059100267,18.454164920149246,-11.146627959550225,5.488430497381326,6.131660160985789,-1.0952258800838433,-1.9765196571884007,3.03325114092924,-1.4075489223051156,-1.3096356512180527,6.626474570352797,0.6404328721256892,1.0632263145347935,0.468435403346373,1.41
0.3361389056408379,0.7548006675181407,0.6119792382961065,0.6731924145627709,-1.8135930144790713,0.236984290951694,20.359394357917427,-5.798895843920626,5.741094948126756,5.186646011474067,-0.9706693857588213,-2.055972429135567,9.418968499673117,-4.4539245238512,-1.2633395373151328,9.133631914329273,0.8581156073735274,0.8737191260922488,0.4240676875855713,1.3599999999999999
0.7177426428105064,0.4187445002532404,0.7013770614931724,0.24944573981236323,-1.9594192171321874,-0.48554625881062863,15.89729696516698,-10.663045190751358,5.759398640893315,7.272930884861964,-1.1959422592054012,-1.9990446903338688,5.035956224121586,-1.4801502310541923,-1.5065175602083158,8.93571728482107,0.9337308610437676,0.8448525851861088,0.4984059162533532,1.41
0.6458319428386475,0.7988826210886211,0.5941829529790568,0.4315798989016475,-1.5797482632491828,-0.31146564311496616,15.903448406279537,-10.000951540129991,5.378074873568551,4.397482493198492,-1.444235540559998,-1.9995001565384902,5.778468643670214,-3.22451575312829,-1.7471822885467228,10.969274813281814,0.8289100457528332,0.9031154083643901,0.43006811406932605,1.3399999999999999
0.6068751240660678,0.9984091674518323,0.7907114292444316,0.40314056574546764,-2.001733233286523,-0.4085889387432833,22.38393271217201,-9.67915460805976,5.282737153902943,6.5279593863373755,-1.6670542402980955,-2.1829689237852445,4.800402298366199,-2.164825494972094,-1.7827626463640025,10.40546185501084,0.6446860440774802,0.5501759307727189,0.4068222750602024,1.4
0.5264296532285657,0.6581407762475017,0.7747823336897941,0.5117258872099616,-1.5812138788307066,0.007728601696467566,16.824549044147346,-5.8241133975872055,5.928624488452939,5.4847665713742195,-1.2630779151723328,-1.6875514835584629,5.911207432373509,-4.710914019602215,-1.2334271974173636,9.496953744934812,1.164097759732021,1.067109049272813,0.3019882735950286,1.14
0.7860500756653209,0.6301162511804735,0.7464681185683053,0.49400334944427116,-1.9535218172276354,-0.8297747429301592,19.117042110819703,-8.706711564301889,5.564869398602535,5.982238948841932,-1.6529405357323168,-2.0561873685447773,-2.8025023028671594,-3.1887312374557357,-1.612560288073318,6.991240410743076,1.1943811672351803,0.6513479671602669,0.2700522663642885,1.4100000000000001
0.5402089292378655,0.9968428576024024,0.6974639745523961,0.6473686944133356,-2.2376452055267904,-0.5093251657772584,22.259159094227225,-11.42482577932832,5.5422803709785144,3.3073534378334832,-1.2394253054434847,-1.9345538967637856,0.12609368466717813,-2.2016774613959145,-1.629078384153977,8.829988350373256,0.6546547909213569,0.915739747212992,0.3934134713846418,1.28
0.6995864665101287,0.8421572344586896,0.7661580600793095,0.2775007264778815,-0.6197337319167286,-1.5587157773530014,21.52342068622498,-9.592616696422805,6.038688059358289,3.820852578793694,-1.702927951759555,-1.9962475056677675,8.076918919362724,-2.623822730867611,-1.810555918856564,10.638269983913586,0.36654343950830326,0.8184137612154714,0.440440005314953,1.4
0.6622461895724946,0.7190013415464221,0.7487439527731046,0.59630580871659,-2.1202304704397306,-0.23719105111522826,18.619910365838194,-11.792732932654413,6.278487583589259,6.874470817098462,-0.7946188073472031,-2.1699789860147973,0.37470133185811544,-2.237455834691581,-1.5686989046956898,8.605411023437838,0.47800431732795623,0.7801429248701062,0.576798316117193,1.42
0.5231631149471666,0.9525116483411554,0.7347299092816069,0.7443737228087561,-2.3210521775361164,-0.5835938919356474,18.873307973473477,-9.876877657395429,5.575720164845598,3.5841846439185914,-1.253210134506591,-1.7047098389656634,9.090923455883804,-2.461221993696142,-1.5976523493633181,7.128046754417181,0.5033740747014359,1.089093029417641,0.4595610684835979,1.4100000000000001
0.6659895319766149,0.20758573004476927,0.6142602114218343,0.6254343119322784,-0.5567641143027295,-0.0437196288954429,21.367464738452643,-7.527860940410081,6.437147827566117,5.450270978534094,-1.8598917294665722,-2.1667762586491786,6.531083961422521,-3.9625637926561814,-0.9195118162029329,9.533302243546856,0.5900829078077598,0.7407770951704866,0.7674716750388957,1.15
0.745912820041747,0.4997676227134762,0.74027213401024,0.6031040026554545,-1.713069031186916,-0.16641584270787976,18.17931621721865,-4.980580823753097,6.5835758796429165,5.790154456518352,-1.2290850256131929,-2.073361421053869,5.3850610187077645,-6.353388541316284,-0.7682765482425664,9.20491307696179,0.7972850114251737,0.8490616897365524,0.2640232559749876,1.3399999999999999
0.6252959249431453,0.2229362754652997,0.684123157184271,0.7016311083533673,-2.003603965523275,0.004529033348333322,18.496503912133377,-6.501294111160442,5.395030571301217,3.78616859616805,-1.309246167186524,-2.1766468793691915,5.698733379658211,-3.600059520262159,-1.3103855837773157,9.698953053478634,0.4406879208011019,0.8684584974025686,0.6352353986877539,1.25
0.728714721285106,0.40994676888609927,0.7460118915401865,0.45002700596752754,-1.6662745296323593,-2.6227608102494275,17.32303160328234,-10.346701156408287,5.793430558839823,4.129874733144306,-1.2897894611045562,-1.3287352026157273,1.0983482459791105,-2.5851420247604433,-1.497609490763241,11.153008952276416,0.5633018371902258,0.932004014786807,0.45455647767759366,1.37
0.7080466896254504,0.5815316393590729,0.7390345391063874,0.5731326853953089,-0.9807801782218766,0.09776908135783882,18.81750699677897,-5.92813569436211,6.849387914769106,5.821730725989377,-1.6878772257454493,-2.0355064618497143,7.694557836496946,-7.125620142982729,-0.008659968745794444,9.604770649147097,0.742506926370001,0.6664589187952066,0.40510349245242505,1.35
0.36395737334898204,0.33125036108284517,0.6094912572840134,0.31518161367553826,-2.432956631655809,-1.611807867368246,9.974396266911794,-11.370145712488586,5.285530516638191,3.439046622135058,-0.9052427180682999,-1.8148339083016867,9.785090019616987,-4.51671638840518,-1.8199234287147676,10.869497333681483,0.7219050880760991,0.9323306929738813,0.3448058900406179,1.42
0.563601000367232,0.5758626435807268,0.4915353563028247,0.7415277630890603,-0.6339759104128087,0.22332081342143215,19.489943891175738,-4.922316872346164,5.508263410894096,4.898400345795636,-1.834045958922248,-2.1490252359217332,8.629714249284081,-3.702557169958156,-1.1347862426937336,9.888846221869704,0.4206650736177451,0.9956422301857495,0.6979292291213867,1.2999999999999998
0.7251624491319408,0.3160366781102852,0.677291667350286,0.35108704836132437,-1.1059291741898827,0.19921013598587808,19.416314276064202,-10.135574542674275,7.657116704532277,6.944501271154214,-1.9275194825560553,-1.94525263961042,8.79540144011913,-3.4921092881292903,-0.5743974895025206,9.455129989315333,1.103550807360099,0.7332344406871204,0.6383537170905735,1.3399999999999999
0.7262445441521116,0.6183273280647716,0.6157176280388534,0.736966366882929,-1.5194374182898243,-0.40805010390834184,19.55011217410639,-8.472386307305602,5.675450315131875,2.4660486207231953,-1.77841079972643,-1.9440602098104152,5.7720086936715616,-3.6512307079440425,-0.8980428681971577,11.487838094662647,0.36111756036103054,0.9395978126077467,0.9304799375873002,1.3900000000000001
0.39490553494474223,0.816935841215,0.6868811156203083,0.7362604381448123,-0.9789138287837911,0.011236594325386151,22.439065290839302,-11.617726043950867,5.225503378947548,5.047604921385212,-1.6925524798514502,-1.7604505003033235,6.599524543080104,-1.9465160347881452,-1.4557461068390645,7.729628073051756,0.9005841368044402,0.8919218761875498,0.45052175965812175,1.17
0.7637934270226749,0.8111611760060329,0.7785041962869778,0.535013501587361,-1.4288670851821204,-0.4760166930512503,17.30215023402834,-10.90290009524931,6.398124594533022,5.394968758922979,-1.9031185814313845,-1.807323531469002,2.8743834444493803,-1.40372638609646,-1.0488700483077171,9.093261562751659,0.5218074465208287,0.8369320415839012,0.5219950872400956,1.39
0.517844254782126,0.8770959008930614,0.6589053780644397,0.4627192218188358,-0.720712170427433,-2.0954012759286647,17.77377499066955,-11.277706313702918,5.448499689131648,5.935288060888402,-1.672880791754758,-0.9390913575136195,5.042460909318259,-2.797721445285188,-1.9265769881174986,7.842577251992105,0.8527115564323501,1.11635867153515,0.2964221020095938,1.42
0.5307078921893245,0.8358667733775684,0.7115018058958535,0.7425647094261045,-2.3296407765189797,-0.03980310169285192,20.3762248091846,-8.169047820271283,5.916316625862606,6.343910280559847,-1.8536878305003304,-1.9260465556880335,6.154569554188264,-3.5551621678336636,-1.1815339204472455,8.162516107889456,0.9578692437520789,0.6751778651593994,0.4443918515174574,1.34
0.6428763843185394,1.0507609597098602,0.7608700442567349,0.40855971563439136,-1.7404160694462183,0.15304450143802756,22.58575834613018,-6.088745667435384,6.552035319599559,6.864321917956102,-1.4427211877501758,-2.0913990911789595,5.209696670108992,-5.19258752203483,-1.6449676407199587,9.732742406801787,0.5107675916618939,0.46681182254749,0.3961827745358898,1.4100000000000001
0.6140204327876174,0.295748235824365,0.7197366872550766,0.20230833882679378,-1.1823629056333465,-2.2679098008191314,18.403957350541496,-7.907817473377613,5.111179080261736,5.557623521273898,-1.8103199708981226,-1.3090719344599853,3.756522094587498,-3.324162985119342,-1.989895268281189,8.009842245161794,0.36475398785242696,1.1001030497461823,0.3752551659982953,1.4
0.466036944074458,0.8070072811533319,0.7077501214363779,0.6873228732256422,-0.2693709731195977,-1.2901301864664207,15.745164094244524,-9.874025501720004,5.129107683737764,7.670776981452583,-1.6712671622662056,-1.5398085246217819,5.772188114729358,-2.1551850379390856,-1.7262536362415488,10.851003237146278,0.9752602171845776,0.9870021195201095,0.4330277298649041,1.42
0.5780170095012795,0.7766623954501674,0.5681503581522314,0.4867294081847347,-2.490606064440435,-0.12889334379663753,16.59211354014325,-7.106046249710385,5.349439179822679,5.367451425383085,-1.0480960840585043,-2.045172251063065,4.107402743881916,-4.274183770484845,-0.7494441528624017,11.136891152910476,1.0722879780425065,0.7317768936567766,0.8019375651920471,1.3599999999999999
0.5181373950823415,0.2859054085389705,0.7504226814538094,0.5507167762068372,-0.7259265718107066,-0.4003351323169268,20.350546119807248,-11.609340591053998,6.315009362496503,4.970285146718413,-1.8364860333647948,-1.7773599930799024,4.1330486008732406,-1.0051794029842553,-1.5669168978981118,12.069888399066388,0.9764953032484841,0.8114032388617802,0.4681095934761961,1.42
0.37776013200391584,0.6880211670490427,0.7535840499637975,0.6414409268236068,-2.039216031918427,-0.7706633787076075,20.234436187834707,-6.934575381207471,5.513512656639893,4.3298292231512505,-0.8539769275784341,-1.8047945982591127,9.277082796888427,-4.388902663043607,-1.7470043276612013,10.13966416306634,0.8806716763378397,0.8795393400849659,0.22332263702972843,1.3900000000000001
0.4006481454677876,0.24260022387626756,0.7385879901678128,0.40089314704622536,-2.485166055645899,0.24769637997412566,18.740217902527792,-7.707309265200002,5.474716311112895,5.299992860611365,-1.0796041111359809,-2.0120800395240144,7.946011997633557,-4.1094390128206495,-0.9071649417464005,9.895816849850087,0.5675911376818499,1.0553369154253898,0.5089318612286828,1.15
0.7642923936204803,0.7479317626635051,0.6754272837882568,0.6852751329813351,-2.124806899364595,-2.6338216800237877,19.54427294750434,-11.282543084211039,5.738773005025851,6.836911496333837,-1.37251599266617,-0.5658555263738214,-0.9277339157081128,-2.1655862351332478,-1.860916340013293,11.40784974950677,0.9374738605776957,1.1362005283810297,0.3682536205928618,1.42
0.32359444749127075,0.38918116964843497,0.7664139803779302,0.38444258675939424,-2.384554249040817,-2.8565520340005435,19.34129648614337,-9.17711943715651,5.679185454594355,5.884987796315072,-0.9608331714585157,-1.9339188420547282,1.3309447690430394,-2.4067836158491063,-1.726514311650129,9.949282173818466,0.6663013846840261,0.5683515791240781,0.5010007025846475,1.4100000000000001
0.2861635544433111,0.20531980069682723,0.7315372987048134,0.5327179685936755,-1.2864588193598117,-2.549887655050683,17.392200557550062,-11.256226118298468,5.654824329281366,3.391189637800039,-1.4118766618982554,-0.9206167197334776,9.330028177711153,-2.2361147498257137,-1.6375058523543924,8.177357530544505,0.7175437724771715,0.8068021895879941,0.43383400135550043,1.42
0.5933000967176859,0.5655876012883291,0.754888903644329,0.5157566276661508,-0.5462831827095882,-0.9853466847423605,14.42012077944041,-10.706550275796726,5.776876183692027,6.1554254062216,-1.5775996056329924,-1.598935732861069,4.967057345304509,-1.878101869140124,-1.5741272327358775,11.551711946681174,0.9178447720179871,1.0814808073555724,0.4839827260548815,1.4
0.4712169884647395,0.9204631156463934,0.7636985294283593,0.4619196830255137,-2.3746078134610586,-0.06822077911309005,17.089843274017017,-10.084078575154141,6.4753994049972095,4.645417811462028,-1.1759168504096087,-1.7306614315760582,7.039363027538151,-3.589603251605338,-1.2747163435503766,9.453175096518956,0.9325069939515671,0.9261700123044333,0.8242283759483136,1.4099999999999997
0.6562844053614002,0.8696944074543236,0.7389775424997846,0.7584580977324311,-1.7083682349375036,-2.6312043323619503,22.912188338498076,-10.638967637602388,5.044713981507384,3.486209388659638,-1.1845315532564402,-1.113389868957031,5.379935388860234,-1.8165589186422135,-1.8421540939708654,12.683689375533145,0.5343294834492189,0.9100003186235757,0.29437082411811377,1.3900000000000001
0.5080204156489528,0.5020786348166371,0.5979389618435184,0.7190108513480948,-0.8287119926952354,-0.31461630908336713,21.907723807149903,-8.669154043806392,5.122899994845659,2.316145676221285,-1.403524477281564,-2.1659268869550363,4.533603253277825,-5.1027435865798605,-1.765490063623481,9.183555124117902,0.704984150065543,0.8604375182413018,0.4437252084104051,1.2999999999999998
0.7532155914383614,0.8660431127850838,0.7052635233943007,0.6067599032530389,-2.060044424814166,-2.203676864567849,18.748086761441048,-9.20130505707459,5.492897870918899,3.65787911859165,-0.7618726819157701,-1.9785142104508249,5.302743946131387,-2.095591596013244,-1.3180856277824748,12.473144357901118,0.515793261797598,0.9617751475036643,0.503573782554547,1.35
0.30629295263540113,0.4387381424776395,0.7293266237844693,0.46515058544865395,-1.5160675512424848,-0.7265463567652265,22.353155424395048,-8.527434424154176,5.117742485590303,3.8283447592045325,-1.9185677540739634,-1.9135702256992217,5.847296862165228,-3.5876285685757674,-1.9465435088488476,6.586631272403913,0.6648319342278899,0.5233354299840524,0.32461360642086207,1.3
0.7214347028997341,0.978145318588753,0.6936787738894886,0.20966712436115825,-2.4189684233926894,-0.7990511776174372,20.399414219020322,-7.178188222498883,5.623542928211894,6.15729761954033,-1.6272960700361878,-2.014324197422807,5.682395676023214,-4.555299881695445,-1.3361170640246665,11.98394350285144,0.35433599882599437,0.766014671626954,0.4938018166429057,1.3199999999999998
0.5272050171233651,0.28292020511545535,0.7817946617171245,0.3227315395516339,-2.0670219522139246,-0.7629679789264152,15.739510798965568,-6.473883918567955,5.6203345344234945,4.72816287176548,-1.24441694836883,-1.6602510965761696,9.39987152285912,-3.3109796656120456,-1.365512712144982,9.53378677087332,0.6248362150653699,0.9395403078802514,0.31678878291174867,1.3199999999999998
0.5176425084572484,1.0924364715018349,0.6464772404423993,0.36052024819597284,-2.0279206657727924,-0.1301769428820283,17.112544475108095,-11.90999893408244,5.370199487016442,4.205046130858347,-1.0866465357730595,-1.7525920679072922,7.724256651802504,-1.8262912555964987,-1.3906245860563564,7.728502604731165,1.0013686226536915,1.064158466627752,0.42893085312228885,1.4100000000000001
0.47629727179461445,0.7671167257671151,0.6962325526028079,0.5867406553905514,-1.6185646710462918,-0.38877586629209404,15.013821531006748,-7.596528246065331,5.426003428536687,7.795810568616077,-1.4821583970685228,-1.9239917651958265,6.455155699765716,-3.45738175352658,-1.1049126336805353,13.524863732897797,0.5008153859837337,1.1387667148300467,0.5729152607977557,1.42
0.5854684549357743,0.4123961441323293,0.7712591855361851,0.7296020248314024,-1.8706848673303267,-0.17417885917398912,17.944650779247628,-9.955504410989313,7.707939909276437,5.925207054311647,-1.6259855136331152,-2.1437967871994354,4.211887323016178,-4.793791362739176,-0.9304237331386028,7.466897463984099,0.45756425981042165,1.0181402884525987,0.6570168267279087,1.3900000000000001
0.7425238686794965,0.2652274449347495,0.786565117326091,0.5447301636047225,-1.1824721527099384,-0.18555192213441885,21.76162850171758,-11.208227121244846,7.091733398815049,6.7534335383676325,-1.6679825754621431,-2.045847142004902,5.23997189260408,-2.9330096680396167,-1.4872741555432647,13.066782841031682,0.8874515135746974,0.5930786919896134,0.3507805076906106,1.37
0.6928071858906822,0.40569857260370773,0.7792942568021606,0.5987132310169829,-1.5329249568386256,-0.5672003485563636,14.542488826315207,-8.97757606486802,6.334490537257671,6.425668069984192,-1.8754795700625655,-2.129515815328885,4.516380894070673,-2.481707668019309,-1.3258512453469276,10.68521993220937,0.33286183768350747,1.1255740193629813,0.38608732021644687,1.27
0.5648116888688517,0.46137663278787305,0.6414300690675047,0.471466290958214,-0.5507503579998938,0.08301527083645188,18.586373842224443,-11.722825133895213,5.41168217997844,6.849281466628043,-1.6847014147300208,-2.141317459887835,6.8090070508547145,-6.910967205654838,-1.2390090719718587,8.992117944899071,0.9283858179806604,0.7952971246281286,0.5353007171665702,1.3299999999999998
0.6084569807006186,0.5582258012752386,0.7894671268850721,0.7844006732636796,-1.5647544659528605,-0.7689627345631962,20.266937979796058,-7.87937510006618,5.470566175262391,7.524673404976184,-1.494747480146002,-2.1137869221854366,5.796616380194555,-3.1948783795140585,-1.640527228652239,11.509168106852238,0.648872692342605,0.6083735823740046,0.4308783018755726,1.4100000000000001
