noiseA,noiseB,noiseC,noiseD,u1,u2,u3,u4,u5,u6,v1,v2,v3,v4,v5,v6,velA,velB,velC
0.6892367096720220,0.3980515793265910,0.619702000782835,0.5191970600373510,-1.1045518673639800,-0.03287817616024260,20.24179923947820,-8.704744037714960,7.924072688611340,5.507041932773540,-1.3346936629497700,-1.9155888108676600,5.002679741692500,-8.35782174276337,-0.8388203845756820,11.588951962742000,0.34879492933125600,1.1736627271325200,0.4650724202626940
0.7501839278038620,0.7839401466031600,0.6011323522777160,0.3256252825257410,-1.6125171766498900,-0.13688871309278400,17.954066946237200,-3.872330350259470,6.987294631600710,5.085299849764530,-1.7892173662056200,-1.620213861497160,2.3782290302943300,-8.654050904763610,-0.125855339755943,10.845439339440500,0.952462115034817,1.0843673973408700,0.8005175253182280
0.6776261076224230,0.6254691005316060,0.5115553138096280,0.5131563338413290,-2.215245997091160,-0.3851279187323460,21.139177794010700,-6.872542666544350,6.629051404611390,5.840866192741930,-1.0434260289288000,-1.8226852918169800,-0.5348068459819600,-7.823934915764770,-0.728574690345098,13.629543137538300,0.5532645329419780,1.1904215131601000,0.42330593660082500
0.7108544489400840,0.8133395829712140,0.5404091466176430,0.5598787746200300,-0.9274344805744120,-0.11914297383293300,21.57752401323340,-9.267355239242220,6.628256041592570,6.0479345637911300,-1.107308808883110,-2.0070038327680100,9.490156962023540,-6.524781952360350,-0.6367348008753770,8.152807065634180,0.9782537685456580,1.1152736521808600,0.7583983365869770
0.5415396050322430,0.8277117073368840,0.5613745884420070,0.42790019183428500,-1.8798998877272,0.31726085212701800,19.958539490887200,-6.027166506858450,6.940185561825950,6.972274515603150,-0.874689644666348,-1.7569514030746300,8.557545440967600,-8.759588075702750,-0.600837169746975,12.842199044070100,0.8570921891786740,1.1076168031146800,0.5239897327424090
0.40892547984757900,1.0591147771175500,0.6079450651700350,0.5261365377827920,-1.5467718893160600,0.05181067679791040,15.987741337360300,-7.815670892616340,6.916758228105510,7.521054509588320,-1.761599538254930,-1.6479043239047000,5.143140227232810,-7.107396335471850,-0.4320574791158710,12.720324750671500,0.6601481563421200,1.0594773946042100,0.8693287966441560
0.6606689002619600,0.9545505494904500,0.6851596517220370,0.23702308430226400,-2.3699080204385300,0.033504829421179000,16.180543516505300,-7.860073349919570,7.275044215747740,2.6402628929520800,-1.0766543893302500,-1.9239759683645300,6.710142537899940,-8.0833626736758,-0.9655800965647930,12.303174458661900,0.7054469040184810,1.1966851238182100,0.31911694812699800
0.6858667243790350,0.6211338073807530,0.6962710097993770,0.5046344504423630,-2.293056321489110,-0.03823578939862630,21.69749843333090,-7.803183360552860,7.650807315159100,7.083014304445350,-1.6831138807508600,-1.5373988215460600,6.1752323362114900,-5.629082772399850,-0.5634476634567180,12.586609165497200,0.8944125990217570,1.1272733821471800,0.871566652395567
0.7859929118241180,0.7698302319198750,0.6781070932142720,0.6154745850077940,-1.9108945369479700,0.4174244424279580,19.67014112092830,-10.217609405444400,7.669220639473670,5.4496635955650700,-1.7128566490556800,-1.4145121441485900,9.70323183062083,-8.012984749879630,-0.4670027123595470,12.43066233801850,0.978899130466421,1.1438298273571300,0.7195950358417730
0.7846020743483630,0.62271075070942,0.5605602280983230,0.41779436557083900,-1.5336203161079200,-0.5516018205840860,16.75413742507860,-7.18143915025524,6.167276698791040,5.747719706055400,-1.7340663826798600,-1.7527836764707400,3.960068656091950,-8.974205620815150,-0.6906395662577010,10.65767521801010,0.3539694134500620,1.095198311333510,0.5247540912069940
0.4928877066342860,0.5916988395296260,0.5828638446550730,0.3093279975989320,-0.7236947272693670,0.2720690768057810,18.52175806815820,-7.058400275950300,6.9750261810214800,6.290594780599980,-1.6187742371995500,-1.8122559392423000,9.987867492199380,-8.595652106482450,-0.3349224524559810,10.86227994138730,0.8196947072546920,1.1392050242774500,0.8889975796116820
0.6158730087056680,0.6564843101652700,0.5679514875530680,0.48232842479556200,-2.297102832831820,0.05603457178384090,21.650007810491500,-4.3088618627457900,6.212962831646650,5.979962377475200,-1.181263760307270,-2.184568526161810,6.776130910822880,-8.260840871918190,-0.280392428614878,9.455029546302150,0.300695614503941,1.1238694555062800,0.34207889414448900
0.7068511868990760,0.7919625092023330,0.5505836053459170,0.4492543410735090,-1.3520169487766100,-0.012706777480642000,19.68040887768910,-3.3362715688882700,7.246471994947270,6.132053267667290,-1.5361824626530200,-1.9128844678594900,4.62180081029001,-8.60475648247957,-0.00024565600105854900,12.366245507762100,0.42382389921138300,1.1509582586502800,0.968109579567517
0.6997560410523670,0.9190231091213860,0.4731861764569510,0.6066521230614940,-0.8042974416968960,0.0756744368193285,13.178544027103800,-10.03758789385310,6.436022308632880,5.295872017642900,-1.7510246830337100,-1.7508589332344900,5.665873803188150,-8.442735490474690,-0.4643922481304130,9.89266194823932,0.6923318339773380,1.194978851629810,0.8775010731660930
0.7251313129255350,1.0133491028641300,0.6341304269721040,0.5826388895180230,-2.012840352729410,0.2549331901228930,16.314531365624400,-10.009982618537700,7.256636103060240,5.48864074620903,-1.8438802464438000,-1.495720982234900,7.527021845586860,-6.235809192286300,-0.8615552811781440,11.097670051797100,0.790423581958672,0.9959224379498160,0.6784680996392180
0.6013353502426450,0.8752930372236260,0.6394578433103300,0.23498786737033700,-1.9018278202083000,0.09781081555373170,18.671787118928200,-6.125489782894310,6.324521254358640,5.009021516177700,-0.8455794198710490,-2.1116770636070700,8.244166220009480,-8.430003811413350,-0.5268486618840900,10.394281107964200,0.7945914251650120,1.1887514609993900,0.3858490793195840
0.6116801870305610,0.44134953418969100,0.6416231972086540,0.22544292047613000,-2.1190963007315500,0.29339620049188700,21.326577873314500,-9.544968471449980,7.7413763997086100,3.902874712333980,-1.4665049444807200,-1.629930381597550,8.52790569581127,-8.273415338460210,-0.46906963995313000,11.691587355463400,0.6355475213825550,1.1512101080797700,0.9546256118364620
0.611522635015548,0.8736668147592890,0.5932726653865810,0.4499618324833010,-1.60839193341557,-0.022827589326883000,20.6659991020418,-4.584920595646190,6.076496665221450,5.7106469973305900,-0.8366369500232350,-2.0300758144885000,8.774660388525860,-7.604656371538100,-0.4785402508119630,9.533614312632670,0.5995537562434760,1.117639237770570,0.7520634971098700
0.7943591362411960,0.9789964509289440,0.6687179134443540,0.2114980599898930,-2.4991089488893200,0.18863888130255300,18.665548723403100,-2.059902698961200,6.725755901210220,7.4228159000562,-1.5039414324765000,-1.5797019090139400,9.79115356581989,-8.132783689217270,-0.14609407617101700,12.738198399293000,0.4943713489537030,1.1213514447084600,0.284324029137862
0.6915187376284140,0.9544322976922020,0.5424573535334010,0.48675933088154700,-1.7443924449893300,0.016145212550328200,16.64156081497200,-7.575909291723400,6.485256512068610,4.735172827103460,-1.3381777959987100,-2.029332796984060,9.924454888376660,-4.163062968536720,-0.8003805467546940,9.875768385764110,0.3969304553063600,1.180171960518600,0.5771628176053860
0.7329648930612070,0.7605954732706900,0.6716307687047820,0.509097860814798,-1.5063574076877800,-0.8015783461139360,20.71014980049230,-6.536488611867730,7.097087319466950,6.815913519696950,-1.7996638545425300,-2.058416474417250,-0.7794668532253680,-8.966550706343200,-0.6250966210384350,9.240515956853600,0.28854595443668700,1.0388877560143900,0.4905616635785870
0.2696578468769160,0.7622074161094370,0.6254041639792730,0.22087735034056900,-1.3252115425572300,0.23961178638071300,16.776987411918600,-2.8239281779789600,6.559062156197240,6.730630484776920,-1.1350722603715100,-2.063345751888160,7.461347805378830,-5.620784525810700,0.05038183372111740,10.949370852614900,1.0104440637853000,1.1867460287880900,0.5115624355028910
0.5190772899580270,0.8539223446130190,0.5681354914343850,0.5746871572269190,-1.939083703751450,0.3140203646711620,20.746762987076300,-10.22004224102340,6.7191360066835300,6.284038300898840,-1.407932958350320,-1.6947554173548400,8.5186257540068,-8.613433650886230,-0.4533948696983120,9.32180357378225,0.6121216957924460,1.0617577196735200,0.42736771435364500
0.7329086316382850,0.6375362502125050,0.667960639168196,0.4279103630637070,-0.28933322039403400,-0.1661413045684650,18.102368921047700,-3.964411226149940,6.385420828205640,2.833155065569540,-1.611713787135820,-1.7622524575667100,8.072077303733000,-7.884248097373340,-0.40949398962271900,10.656957150429400,0.47824689525524100,1.185140933746540,0.5733179453773670
0.7147696933604030,0.5538273335774450,0.6421136108298430,0.514802272607928,-2.074316610224710,0.23516107850901700,17.46773502013180,-6.619919165398880,6.487387188290810,2.249152171780640,-0.6487049565686370,-2.038404632952250,7.847534347781800,-4.839224855167850,-0.46273946178495200,12.933604684069400,0.9982724773032670,1.1656086755110800,0.9110601014750990
0.48642620386690400,0.9194843114403270,0.5866727503774570,0.43495213035657600,-2.0177657688884200,-0.0021586696641813800,20.09798352162020,-10.628052352967400,7.103979872447670,6.450585929091230,-1.4850517840033200,-1.6904646815615100,3.3242099535674000,-3.121327958247760,-0.6632953841464500,12.75593776429300,0.79950175028991,1.1474652091612500,0.8418920082620270
0.7716136807098970,0.8782773917004710,0.6940091406596430,0.5155328478742390,-1.6353707225211400,-0.09772404247712320,15.89034224356100,-5.106465452139830,7.463460678189840,4.330331381578720,-1.849948868366320,-1.6630844265193900,9.015061278348470,-8.896076902250500,-0.7551034454738460,11.16447942933800,0.5009323315155450,1.1112628831307900,0.5627705534325790
0.7261060401938570,0.7810302190996550,0.6176976865473110,0.2753406330485240,-1.1214138949816000,-0.6938124270985950,21.048248659486900,-8.753190672678360,6.739951798139840,6.202988784315940,-1.5836794791588900,-1.8009648029157500,-2.504851617552010,-6.73141496423589,-0.9399499747638190,11.202067526508500,0.413868236798971,1.1254260773350500,0.6008382059210410
0.5489633446493720,0.555882617979538,0.523608297328011,0.40709630528788000,-1.75068613050813,-0.03162477588268010,16.537826716173200,-7.733367402160390,6.323708144967440,5.2692454985972100,-1.5285586912933300,-1.879140458791840,4.410931025566720,-7.010779730926280,-0.8202353035988020,10.52155270030490,0.6366659298291010,1.1781874441662600,0.5209670038065870
0.7184004997943860,1.012963268039600,0.605623205778077,0.36701821787509200,-2.213297771161840,-0.04426590674084250,13.20515581507760,-4.682771075230740,7.4117560631530800,7.539859541431400,-0.5270304404127260,-2.1248851500959100,5.408658321859590,-7.225088187765740,-0.08556403579469980,9.336913842362790,1.0987145707553500,1.190422154464760,0.7669815584284150
0.7786545505756410,1.0674951054651200,0.5598247487315210,0.4137012629343220,-0.48998179162275400,-0.14594725093240500,17.27806059581950,-9.026146010084460,6.5627248452004900,6.213136737235510,-1.5785106837800100,-1.986575956666480,7.240231542710450,-4.49529253485872,-0.8996273216554880,9.649318888079030,0.854689732883273,1.1311522266664500,0.5737214370914870
0.7060006666313400,0.5387841728924270,0.5759679367338920,0.5624911686649260,-1.403865393664440,-0.20093392034483400,21.908430101075200,-4.33229329708671,7.054917191029090,6.828199464207170,-0.9704679543931880,-2.0463695879033900,4.93778029852856,-4.727715464869170,-0.2181871960519210,10.996893509317000,0.5578931328731850,1.1151022700182800,0.988654038296128
0.634185083867143,0.3856915071059490,0.6715942209179410,0.6551700937952890,-1.427737183381020,0.030524377945014600,20.303386609191700,-2.6845144491183400,7.06524486673457,6.015790460801760,-1.3932391082439100,-1.613675088637270,4.4080413252504700,-5.00906684354288,-0.14900844721856400,11.615473451256900,0.9714105353015560,1.1451395748491300,0.7657873508963920
0.6502701197984330,1.0070093338831600,0.6028140208801180,0.44071479624350200,-2.263524063103390,0.05664739602800860,14.544123511733300,-7.369934888308330,7.675754183312390,7.9456165206254400,-0.6039185119075100,-2.017122032931430,6.427888805851750,-8.35637143995025,-0.6585144806498240,10.098417690667900,1.1715866704923600,1.1244164182042300,0.5354415827455680
0.7851941832825640,0.5599915482100420,0.6824868017369360,0.4226915801731800,-1.4724899769384200,-0.09718750106316640,17.461257985767900,-3.5273297383149700,6.308448809632850,7.806662208142620,-1.8753748021900100,-2.1611219894742500,7.579347426494000,-8.795871650936130,-0.5586860262850550,12.9135851394812,0.23975851367226400,1.1151943036148700,0.27255192882064400
0.5637260113451600,0.8782104728479680,0.56178369350923,0.6239674082346820,-1.1796414936582100,0.016045361935804200,19.558955600321600,-6.927075204910570,7.395059737612010,2.8161145934142900,-1.4395368513137900,-2.0320675421398800,6.420443400414710,-7.1767101020409400,-0.3080989355757620,11.56252893951430,0.43635385025069000,1.193279147817930,0.787469533491785
0.7910798591888960,0.8931833844141910,0.6707614047533300,0.47851112490621800,-1.1997813678085100,-0.09765700068103010,20.108493143763200,-7.878412744942920,6.399745841234050,4.659297133328150,-1.1575229210197000,-2.1092786411952900,5.284600861098170,-6.38298827875769,-0.8109635022483240,10.352876394853100,0.7758632095138960,0.9725728314636290,0.7759897802794420
0.6215496695887080,0.847649638687781,0.6165200476696630,0.6654587958053810,-1.726114342542140,0.29023150354531300,19.935388608180700,-8.393842470094990,6.474095502217270,6.123738953837060,-1.5969853634483600,-1.665322760128700,8.936976385463620,-5.375743285381860,-0.4320376699739860,9.022772855176860,0.6799155196657700,1.0900473080903600,0.7387927462897620
0.4963612219193580,0.6604782018372600,0.46474599690660400,0.38231351492333300,-0.6651495437512830,0.2802405528417950,18.711695915599100,-2.6544845038394100,7.024005571693800,6.028135882850170,-1.6354890797072100,-1.963590849100320,8.35084887246989,-5.578241541299690,-0.09913207575763390,11.325726437083300,0.41549448562330400,1.1963964003717700,0.6648842695741290
0.551602960526178,1.0882460261571500,0.6391372903268930,0.3973403662335270,-2.448636759109000,-0.05261094290065700,19.99041782202900,-10.822792997783600,6.614346481972250,5.700473490177140,-1.739391638241840,-2.0378504935141200,9.23985128441525,-8.942971663510670,-0.9736061883888420,10.60517881454920,0.3138967445234610,0.8205561041880040,0.6434234362723070
0.5062684857665810,0.6188220652436890,0.6638574603815970,0.5869370446257270,-2.0874257279003300,0.31879401259357000,21.666224598171700,-10.535861335622700,6.219875105468730,5.233155712744950,-1.2626238139208800,-1.8542093257444100,6.026181228754510,-6.516405810966210,-0.6158592440168720,12.47896988380540,0.43659788988598500,1.121116513378830,0.6440757599685970
0.6034754388215650,0.8119436324342480,0.6605861901381680,0.5924379361751890,-0.5088831155911160,-0.003109137993283610,14.61718231246670,-4.705573862752200,6.41437595880194,6.85369402211733,-1.5763413489571500,-1.9195021537956000,5.537798670768370,-7.060275120923890,-0.6732731746689290,11.851694047448400,0.5417249429006950,1.154744780100100,0.5491103098982700
0.6124395171682560,0.8984868645938310,0.4487446110435870,0.40707708537907100,-2.097808891238830,0.10268028310895200,21.12986513395380,-6.573126171766090,6.01908744831122,6.015651906470800,-1.3557043213830400,-1.5943132689275200,5.724026775937030,-7.9890653584781300,-0.3623121716388460,10.297432178312800,0.5323711512052510,1.1464500282724500,0.8164928930554030
0.7759000679329270,0.5679581757299650,0.6008905849911860,0.3821711641400760,-1.9759968308386300,0.034174888090874200,18.74569386867260,-4.490462225991520,7.2088639225380700,6.993471472789290,-1.2522794493969700,-1.4758017161180500,7.721743530997300,-7.731982409910880,-0.1454506441350020,13.79252499380100,0.7384563159050540,1.1751773358201400,0.6914805357802570
0.5447240401222330,0.30060471451020700,0.6027906714855310,0.2873918144242300,-1.5618151666110200,-0.14824386931495600,19.593925529509000,-10.195200326050900,6.608882402074400,6.83581400236026,-1.5665415930972300,-1.639100931120740,0.6346727832406000,-7.4173510645461700,-0.8146978540253580,13.428080625732600,1.0083731147180100,1.1298222061321700,0.7977714298063530
0.5745236752661220,0.8830699773753880,0.48715665086859200,0.2169423892611530,-2.4130533790653500,-0.1478920002327990,19.844486144103700,-7.633752243628680,6.49739365201666,5.035057240045410,-0.6149734994199290,-1.901623475833170,-0.5393801612386590,-6.171216258067580,-0.545664789065796,11.614184853793300,0.8385530010323550,1.1702805553381800,0.8115561871086570
0.5517220760363190,0.9872081494163170,0.6119727777331240,0.32342274527847300,-0.2883054024486240,0.0524179574628294,21.638090607200000,-5.714518246716270,6.683501162737940,5.747646842920180,-1.656408046080290,-1.8256735027879200,9.64076237489901,-8.998871712231080,-0.6999770837853840,11.455827988505300,0.6998566435872270,1.0943202604273000,0.6263088561013510
0.6417246608249680,0.8352865500842020,0.6192479018600040,0.5615221176492510,-2.232176143378490,0.057378170203213800,19.220137719857100,-7.495836940655940,6.377652634773930,5.347282829698870,-1.7242510432300000,-1.7308770316153200,8.356705701951060,-8.359390469584190,-0.6603815015701000,11.339875327804600,0.4295829326392490,0.9793877809076590,0.5285451611713910
0.6223179190915660,1.0782778103519800,0.6896969083346010,0.6137646405265910,-2.0187580842008100,0.2537709887591410,19.823086334213900,-8.19682953341749,7.191552358457160,4.498127312173880,-0.7743168450704220,-2.078717211523560,8.282414283138120,-3.1553652206357700,-0.7362816072352270,11.30662256688990,0.7834859939992340,1.1451971834294400,0.8662363997083940
0.7036390230352150,0.46693650985448800,0.5359637618762130,0.5844693661494490,-2.4100658565219700,0.27836434163137100,21.085248314035500,-7.238577586766010,6.778478924960880,6.773588599449370,-0.9993388833267320,-1.6610676904794200,7.9523158572873500,-7.379991338466420,-0.4757989658875550,11.7880428510725,0.6636904411200910,1.1036269574374900,0.9996299709933540
0.5342485676586700,0.9676770289036280,0.6567008755798170,0.24687952549013,-2.0881235061618500,0.32337087659869800,21.01820039973570,-10.639215409417700,7.0930756720509000,6.234822731425380,-0.9522205139052460,-1.7472880847893400,7.248352519608300,-6.029488006961340,-0.5077693124416290,12.781804118802000,0.6763341161387310,1.160299718627830,0.9080339257360050
0.6410109529867710,0.6420544766289180,0.6436633209801160,0.4220180660601520,-1.135974224857020,0.23147773606426700,19.503395019033400,-7.336235597853450,6.116509935803000,6.126726559165780,-1.771446801358810,-1.6203572308987300,9.75845279850278,-8.525479563940150,-0.5012432442773640,10.893473129098600,0.7189104216300720,1.1122812706406500,0.7191347104166550
0.6659363690993770,0.777611519909865,0.49714715121902300,0.38221316323355800,-1.566108565296600,-0.03281427603619220,20.84389045429190,-4.092986329082330,6.7521673933580700,6.457842295390470,-1.0000337085993300,-2.11190489932508,5.424675312623610,-8.14107221970639,-0.29676650728103700,11.120627346170600,0.6195582400687790,1.1009999695046700,0.8563165548003880
0.7303457284077320,0.2015482035697340,0.6395990916288580,0.6716428276077310,-1.0110737401280900,0.37081709505810900,19.205936311820400,-3.841825807218210,6.909845376178730,7.258684353928540,-1.081422793712220,-1.898523780266180,9.052564926342150,-7.202110777279010,-0.3932613871280190,9.901051726146860,1.1192457851688900,1.035864224192300,0.7641714369823470
0.6434669618145690,0.4687313547326130,0.5718531408799760,0.4943173644932870,-2.4874788403181000,-0.2993226730437420,21.778948410306000,-8.704505678983380,6.732546172729370,5.200234578779670,-0.9963519773166570,-1.5033108706540800,-0.9327964870769220,-5.440339574030160,-0.653480974144028,13.628559705835400,0.9807847748933730,1.1418966889518100,0.5938724417722690
0.6647824731342090,0.5910040353041270,0.6099125736985370,0.6567637266263670,-2.184430121221500,-0.10903751598879300,17.968061497573800,-8.624800023459920,7.284372801695980,6.404153935794280,-1.8938537685191200,-1.6684801881600800,3.657820874538040,-7.422189187885000,-0.7884591489366330,13.518748058764500,0.5499718569949440,1.175477186588350,0.6815444061148180
0.7258638672750480,1.0855129137263200,0.6562208513509770,0.5455783837741980,-1.3968706833609300,-0.37894613347650200,21.82860917316180,-7.4334706262400500,6.172461024908550,7.079581227560800,-1.0273709622208900,-2.0868828915196600,7.2083463392296800,-6.759836309217100,-0.7699623451580340,6.839069974918720,0.7908203384137630,1.097366942432820,0.3673814156417550
0.5551028138420150,0.8519497043874740,0.6507122548009790,0.518690941527016,-1.5105451743191800,0.15783881036416300,21.35008449836790,-8.348028697282290,6.884301362163600,3.4150128551771400,-0.8245998844497790,-2.0089673356950300,9.646938245089410,-7.376485427954740,-0.532687393746889,9.543774811647920,1.1566279580977300,1.1740942972102000,0.8717327179386070
0.7983468317895970,0.6051029021152120,0.636766358588469,0.6450334882411200,-1.1727596900959400,-0.49694676960010200,17.63087707578490,-5.723470208952820,6.732149945127620,6.38551886341971,-1.6529170006751200,-2.118365502551010,6.344892673838230,-6.19387947216544,-0.6256025076234000,12.890882740632300,0.24672956610069100,1.0224519496464100,0.6727975660412090
0.7822462545084850,0.9211807204845090,0.6874434554520370,0.4189503817586190,-1.1083621460026600,-0.33933857119849000,18.7495211575244,-6.350131367336290,6.286084306698420,6.515283288048550,-1.73677363477485,-1.6115843341603900,6.962816683092910,-8.690027120909210,-0.6881272232194550,9.229724012472570,0.894132341874822,1.1280886877334300,0.44539872796653200
0.7964260532277940,0.5012073154072290,0.6171041589800810,0.49384348330612700,-0.7241537335010590,0.22269704558370800,19.65990464197180,-9.51381670787809,6.723226343414460,3.2330448149452600,-1.6929057429930100,-1.714744785823950,6.468382113301920,-6.357013359540180,-0.8973057540774850,11.950955270651100,0.5528796152067220,1.178862138054070,0.5308573968271860
0.7344401159200950,0.4275755527187780,0.6052588939754180,0.5833820183727570,-1.6239723593655900,0.08187706540500100,20.766031412928200,-5.257223249803490,6.881303067915420,6.182992529114730,-1.4175109123267500,-1.6107260787473500,4.767362120378270,-7.9300774849864100,-0.26966991448299900,12.160662105588100,0.9171882113110360,1.0333969289942900,0.39375335546379300
0.7318220119502040,1.0821126880914100,0.6598112918008190,0.5357734493401400,-1.504820484156310,0.22554917327444000,16.79837725883410,-7.587489071017870,7.810938659369250,6.361573793179960,-1.3768822176261900,-2.1315423094504800,7.874680162602740,-6.557158979190130,-0.534366586317383,9.15877212947938,0.9526258913133710,1.1326764861167200,0.7036968042087040
0.6337768365233120,0.811524887107224,0.6619533618392800,0.44256697963416300,-1.5086471527581400,0.05054155912190890,18.271494211960200,-7.351791416310070,7.308259666364110,6.299968525117910,-1.3437989181879900,-1.6963115180185100,2.4971536742021000,-6.123913426503020,-0.6286368609846840,12.538015503413800,0.8282834799438740,1.1429811064319600,0.642136167756103
0.7292331068334580,0.3049564098533840,0.6830944961980920,0.4572538281497020,-2.4543871485820100,-0.2963941270944900,15.948134291387100,-9.328786803186250,7.238412918776110,6.369638393533670,-1.8553836580817900,-1.7610927051801600,4.30440432794677,-7.256898255554750,-0.809668081423652,11.710832314380000,0.36635040161147800,1.0336802993221400,0.7195143602194130
0.7123710356299860,0.6721767538320480,0.5273273126372790,0.43708110351992800,-1.5105725274959800,-0.24847437660371400,16.989212215199000,-7.751685269348360,6.778747683030120,6.596839629789300,-1.9302078799160800,-1.5624730564766300,3.5079618218242900,-6.529788037691540,-0.5293484620006430,9.894457303986500,0.6439842931553350,1.1956099645157700,0.4701037652031190
0.7291613465344070,0.3594761895574920,0.6254100655670760,0.6649258195708100,-0.7036489994261570,-0.027172687458486600,19.29535613875230,-7.131493307782210,7.27700832841327,6.815635894709060,-1.7165323590092100,-2.0279548876533000,6.675742293778540,-8.943866391015220,-0.2895839493299420,8.668742861784820,0.360625833374671,1.0678776270188400,0.9841949676163160
0.7374308389538880,0.650015299568532,0.5820427989374540,0.653123487099988,-0.7524250690820930,0.44763591356844600,21.934968087854600,-10.26425530469980,6.742898109519130,6.73498906317776,-1.675879251769150,-1.589010719026190,9.862589857801770,-4.757851913463140,-0.7120838659398200,12.886090373072100,0.7319254081463910,1.0688504071057600,0.6745417919646340
0.7134517463262440,0.449317533162805,0.6178094422367050,0.38668534595523200,-2.318813533396360,-0.1433756920987910,20.33688539106180,-2.9561807958421800,6.506759742133570,2.7930912451383800,-1.4631080683685100,-1.8826149943928200,2.0848677030338000,-8.601789730352710,-0.2647791723124030,13.016438091999100,0.36049527800597200,1.1674069881793500,0.8128643469150050
0.7201874026591090,0.6048952658184720,0.5047515128183850,0.3989459090590800,-0.9283847814808930,0.06421547045854170,18.044609759932300,-8.371463934256300,6.6505048716546800,4.974851713778670,-1.3122119860257200,-1.9466319618718200,5.082762036173880,-5.076893952908930,-0.48621838621380100,12.171678573055800,0.7592812638936250,1.1727133599329900,0.8231380785897620
0.7103844555854760,0.5852300414114270,0.6103436576083460,0.4300766799735770,-1.2318252808959900,0.35979121511210600,18.97655808056770,-7.63552399305733,7.796770677077180,6.51510763288201,-1.7543625860707100,-1.6496879531279300,8.29910092396178,-8.772875888195630,-0.5105092108645580,11.672316361406000,0.4672547735857600,1.0029743856942400,0.7486348080586570
0.7631144819040360,1.0571213020575300,0.6383722917718980,0.3044391435178990,-1.8222328979877800,-0.3464202920107920,21.01362280274590,-8.221916122409480,6.804100516315660,2.8562716151850800,-0.7500973225996400,-1.7480699136856400,6.866935705455010,-4.451837557970900,-0.7880052226416990,12.13363674116090,1.1638098509535300,1.1083601616190600,0.7234886044371160
0.6605704187115730,1.0140531665965400,0.5700013039479770,0.585242647107646,-0.2915205950746740,-0.3215135467650080,21.78076439493610,-8.746304123691050,6.052213033680330,7.450181595876860,-1.5103952713133500,-1.6549926326252100,2.778026737991200,-4.4243719218070000,-0.7751349637717920,9.513154246896850,1.1359438064745100,1.1581701442691800,0.5562532155867210
0.664382165433338,0.5170383089692380,0.6775304270997660,0.26366963528648700,-0.5125287497103520,0.08945295163971750,18.795943716717300,-4.435365029751000,6.774831545927370,6.928946322860340,-1.3917837274624500,-2.0072347605347100,8.9924785354968,-5.904032126142920,-0.7838956287703860,10.513490059298200,0.8775895546694890,1.1708961401796000,0.3903589798728700
0.7004331459027200,0.7131254973805550,0.6424821853852300,0.590586402186082,-1.3069838424994000,0.18378704318098,18.43791893939570,-5.972910973916880,7.1026719133230100,6.035448026281970,-1.6909502485424600,-1.621922499551350,7.832489617107400,-6.77531287324797,-0.9899670674486520,12.292474878906200,0.5959679075992100,1.0729016531392300,0.5645210740163370
0.6848647406735580,0.6036924074290910,0.665519849480075,0.5009062125283650,-0.3731307677795740,-2.112828151057840,16.03486649777690,-10.099057374200500,6.526244259004840,7.038332047724450,-1.30777451958624,-2.0309284962324000,8.117718652772210,-6.889262366337030,-0.8348054341330980,9.797994236532160,0.5019204545548200,1.0791710146444400,0.9610482985308070
0.6991366334973990,0.8710415896394040,0.4881078823838400,0.5812891348292640,-0.9866852518249800,0.07832839389369320,18.27710260733500,-4.154959724560740,6.445594232285750,7.99119948603108,-1.2341580413336900,-2.1972894069298200,7.296110317946020,-8.260214052109940,-0.23248776022560000,10.533755803553400,0.6184056781895930,1.0262480095878300,0.6128811543696130
0.7877715527018210,0.7120382053847420,0.6732456790032750,0.5637750420929290,-0.8625120092816230,0.023195202406778800,18.89289073115330,-8.723862099035680,7.44582719398421,7.4378936980697000,-1.258871852127550,-1.6373557375621900,8.934248730557090,-7.9353395618723000,-0.3770254125317190,12.973968710135700,0.992580895080511,1.076612895484610,0.8780200737684010
0.7679091442406770,0.6279795200706610,0.677683425740297,0.25094192608182800,-2.414994154473060,-0.18324229844526400,18.594323666950200,-2.194984761402810,6.919777885649070,6.440640754138930,-1.7980173698855400,-1.9498010868486300,8.472179514936310,-8.989587525845860,-0.2610449533147470,10.028533023229100,0.33840264769385300,0.8638611166806400,0.2240819420201940
0.7496070642179070,0.20280275678561700,0.5518162587670030,0.361725938863794,-0.7361440434461940,0.24417434214569100,20.706394357966100,-0.998219686737271,7.2889872639259100,7.910611970970860,-1.4328797504064000,-1.6920480461199200,9.834282454015960,-7.72471061667464,0.11949461029619900,12.235085294648100,0.8832843493111830,1.0174172419029300,0.6192249445903880
0.5770584915645980,0.6884044918383580,0.630155636451215,0.3455600561027480,-2.1565821990294800,-0.04747826473240050,16.453456927035200,-9.7396046285478,6.750292880174390,4.40252716682374,-0.8595372203502720,-2.132473635369070,2.702164919835440,-8.274308008729470,-0.7195911216167640,12.771475457042900,0.6385445955637100,1.1841606601426400,0.8929597419534850
0.6768994880161080,0.42059757316060900,0.5509637884826840,0.6676111893530820,-2.1091352402320900,0.021808238192752900,21.60869316628520,-5.626018030470280,6.4650432472330700,5.488829624741720,-0.8365936708792240,-2.1379593418864500,5.022198500045280,-7.555937144411880,-0.41863101933870000,9.860820956445250,0.8217591066027170,1.0404095451265500,0.5497564204699510
0.7008690787202900,0.6433445609535080,0.6078397105850370,0.6169091454411750,-2.1609548892623500,-0.5835460068182410,19.312914712173600,-6.807385902898800,6.01744097089962,7.4613198531296100,-1.451084758777860,-1.9368228881693900,3.950719413470280,-8.289207726664320,-0.6489889050889320,13.052484938292400,0.19785428108763500,1.0881486042783300,0.5436039944150080
0.7639462487432360,1.0371175369246200,0.6532983730842830,0.5401179639950550,-1.1768485542211100,-1.6506169789359500,16.4739477532608,-10.015879920528200,6.48690957406771,2.534986829826640,-0.9398070523072010,-2.142999974503570,4.295473033250140,-8.020895387615380,-0.8298265406634270,8.58160751314304,0.4125492761672810,1.1559872257240900,0.9704837144445550
0.30147882026664500,1.0851586160474600,0.6975646017191130,0.6315942886388720,-1.6536121698170600,0.06609083387305340,18.312884841195100,-1.8823695323498300,7.626987924416260,5.373136176455030,-1.8039252528689000,-2.193001288556570,7.794516959721110,-7.576862071744030,0.026867519017179100,10.95625397631230,0.2559945951514930,1.1975390215208500,0.6409542316512170
0.5598114647619950,0.5967791584565970,0.5460575473414980,0.6183861748108980,-2.487164969668300,0.1514265843552390,17.141562368839200,-2.0883961688167000,6.806039172448400,6.011747034542890,-1.868404310320840,-1.7095774793045500,5.978515077744570,-5.935876131678410,-0.05899893862027440,9.340541109710210,0.3926855164693160,1.1872561201745300,0.9671714191115200
0.6528717134826880,0.7885035066088770,0.6158006961696790,0.4497788429743520,-1.8691859991172500,0.2885465942973170,19.605837230506900,-7.996925821287630,7.689430273141540,5.8096426046233900,-1.693840247716880,-2.160155474915990,7.303734397691630,-7.996665244555710,-0.8109643889498290,13.427453897941200,0.23877821339868800,1.1470819301914100,0.4517722507413900
0.6184758431189810,0.2201689191093530,0.6264654027594610,0.5048136958765200,-1.1306581603682800,0.204560495968072,21.38825251463880,-6.315254655760600,6.521069506980500,6.767293046269680,-1.2165905481221200,-1.8455955118129500,6.496024135296100,-6.511135399344610,-0.5617437553971330,12.221756649241400,0.7656203480965150,1.1052472099575100,0.9424934008538320
0.6928427638128500,0.7250679401660140,0.6755522557478720,0.4953769701613790,-2.2565988865193900,0.18479625779425700,20.649896738170400,-8.71414511779837,7.472773881999180,3.998996315446820,-0.9674832852764880,-1.619306973683820,9.455999322642690,-3.9440755827014,-0.3572726314839540,10.929776726220300,1.0180192656650400,1.1740512888657300,0.6607998961637240
0.6706160520422100,0.965643171206849,0.5410355042875140,0.5910437938791560,-0.5495717769984970,-1.1829547159149500,16.456015390678700,-9.60728689149147,6.280244225613710,5.137597050115760,-1.2777692473829300,-1.4554076275453600,9.181314754772870,-8.808000722855540,-0.7601616682504260,11.672976225114600,1.0603159370658200,1.194713137763770,0.8465188411454180
0.7685264510260380,0.9072503413277730,0.5665954594979600,0.613847333607833,-2.4041779456713500,0.2898979691699000,19.924738280112500,-10.31093988435660,7.385156377435800,5.377216086197610,-1.6118704768093200,-1.6462476396946100,7.624115103211910,-4.706639124194570,-0.6577404922635950,10.865416289975400,0.4758952698038330,1.1969524980311900,0.7446478294965080
0.45363482789777,0.8918255697016120,0.5874717287482650,0.5265315881002560,-1.647775951855240,-0.15021972315192200,19.699599257759800,-8.232069782402230,6.588138444314420,2.35583958215284,-1.9093191263667900,-1.619906470306060,5.978504003283610,-7.048235421040800,-0.7539073150856600,9.00187119733773,0.6812277061664200,1.159812775657930,0.7316037553856010
0.711468506324857,0.23822833195910200,0.6360854229747670,0.5696354696726100,-1.5243937480223000,0.36819233442205200,19.771635952093600,-7.047421221572960,6.344414556811900,5.127412291629970,-0.8575605025909340,-2.0074112620288000,7.33866279810018,-4.842017948562900,-0.5934699088424440,13.78759960294440,0.6868695744785470,1.1898161284015400,0.8144321137948060
0.7918949258254720,0.222947747558948,0.5962200300843710,0.6183276536983460,-1.130078968190320,-0.08030675112834220,18.35827369702530,-8.702146025280610,6.222850103857850,7.126111481227140,-1.667556538282890,-1.5179458376715600,0.5190135216858250,-6.299254065170620,-0.6303305118082300,13.334614139941500,0.9036721670586460,1.146880618269910,0.9246931688403110
0.6542115804796040,0.8855798813815880,0.5625725891314410,0.6022779478617670,-1.994943614498080,0.13955211469410600,17.571220913680100,-9.34693620998873,6.007730509749660,6.59643351472911,-0.9558844061145200,-1.8213147525345700,9.087850706483260,-5.107792568601890,-0.8854438270857230,10.939795286226900,0.582972335151326,1.09007858237508,0.6637872937019610
0.7353723920792180,0.5377331628303630,0.6577733913364940,0.5565123196290810,-1.5914019882042200,0.19857244334125600,21.167013755765800,-1.4297225055886600,7.053340609770580,5.168865387540610,-1.0592588657778200,-1.973066095855460,8.955536867150340,-7.539158864169400,0.18699040258658600,11.50130022628340,0.5704682185279710,1.1650465859525900,0.2442258672452060
0.6470024944545290,0.7687783678172240,0.4645726321262760,0.5557526873360930,-1.493134231967660,-0.18480700774655400,18.685819699892800,-8.446592162512810,6.742836775096010,4.905874709479880,-1.9250033959842100,-2.1861484941788200,5.9161716248776700,-7.124475818229000,-0.5944898756713810,11.157099053878100,0.2396899797425430,1.1236836732414200,0.6954983007883890
0.7331006096830450,0.7991939456468200,0.6298266074371310,0.41193996832495700,-1.7580529170291500,-0.22257537819937300,21.598562727197200,-7.874816549084840,7.642797789948720,6.074346490723130,-0.8222828584553730,-1.955011082226850,6.442984504157360,-8.475297903270250,-0.6015623389777630,10.60795077734720,0.7747221380863330,1.127997742077870,0.7239732082305640
0.7943615493022130,0.8196225638529800,0.5808372864816730,0.5352227392215690,-0.24129898722828000,-0.03861185456738780,17.73328516108010,-2.028266060745660,7.8879378314102700,6.960134007413490,-1.8904120108453700,-2.0330736150940200,9.122839687552590,-7.966050970784230,0.09992466143197450,8.786591483683620,0.3068139454812940,1.187717033292940,0.20238239513292900
0.545696426898198,0.6817393432617470,0.6864381121192830,0.2764815597922500,-2.490830337505830,0.09049904083154540,17.786751097044700,-8.31229902812801,6.746102987242750,4.1653217331249200,-1.2272093499616400,-1.835372866613120,8.844896214299680,-5.738902040531380,-0.8285564292988030,10.830383863262400,0.3164568937055340,1.1816860624044700,0.9532340955289640
0.5122619069858950,0.542295660164196,0.6341495140126820,0.6121598700495800,-0.13405414439507500,-0.548491887742744,19.938113091355200,-7.489297144298250,6.56643832941361,6.084221876070260,-1.58942662290068,-1.9587002554975800,-1.6592757378952900,-5.354769400819180,-0.9719563730813100,7.813195130597070,0.6807571658535890,1.1868206942264800,0.779022265415245
0.5295239169246960,0.9414613052087850,0.5556721209273340,0.3797986530680350,-0.7991010940599210,-0.8191543552304190,20.824952270394500,-8.545287286241730,6.518906998146820,3.6390971684714400,-1.3474804678321800,-2.1079671636300500,-2.409201163277280,-7.430480575543250,-0.6461565397427420,8.305744480202260,0.776098243556061,1.1645158397684500,0.7002456448302080
0.5771588835762890,0.9659621556244680,0.5721617974934720,0.5185754345553110,-1.9689049874387300,-0.19236291661677100,17.745265914735500,-5.0207403886883100,7.338425723718530,6.310090838366990,-1.0790424927752900,-2.1396661557044200,4.274258579582070,-7.09676249494837,-0.2708960938572380,10.75869096868460,0.37559026747638100,1.1671292759193300,0.9934118306541180
0.7765718571252550,1.0703628481329500,0.65927832301651,0.4156009284563820,-1.3720576337302200,-0.014158121473820600,16.303981930841400,-7.810333898592370,7.521070627972650,4.220950061729240,-1.8506758537025500,-1.6512017125799500,8.360774765137720,-8.445681376982100,-0.7215604624676520,11.869585967241800,0.407542826351007,1.1967506314913600,0.7053084853528170
0.7505238576499390,0.9806459949641370,0.6238428314255790,0.5780610076097840,-0.8017723865079650,-0.2912319637014180,18.89455210536050,-5.861304626188240,6.663564742825300,5.419433749620540,-1.2996912983303300,-2.081369501226120,1.1367396653370000,-8.07189542626376,-0.3960188744937180,10.933129315713500,0.4566522195529060,1.0207624270091800,0.9556384575811710
0.7671726417501780,0.41167879667970500,0.6255728128580470,0.5194851996662220,-1.6507815729593000,-0.6536157054601920,15.230713603234000,-7.453513731996350,6.74884956462525,7.940771505773520,-1.6399118186944600,-2.1525114534172900,4.502237955167210,-7.44850280426076,-0.9307176710414070,8.954716345600470,0.1784220079066520,1.1605878545991000,0.6364371646562290
0.6312751423647010,0.8185382650243370,0.6432577035280040,0.5639342564437690,-2.2801407123151300,0.09456400979742600,21.317153283112800,-7.808576457846920,6.770117540038220,3.0150543397602700,-1.155633549877470,-2.077667703159840,9.248567951185410,-8.6152549309114,-0.9219664520506670,11.76128658076530,0.25232005586023400,1.0463654003985200,0.5263320430574990
0.6725904013550160,0.9516449548538710,0.5810765338988220,0.25812835386370500,-1.8177520255982600,0.0576080349661183,20.06975005082970,-8.314116332629540,6.38054041918317,6.022110956209720,-1.8286561682944800,-1.7798103064855900,8.865011850795140,-8.441100750061440,-0.6788289240156360,11.575598223022200,0.30870783059694600,0.9407110965043650,0.7544462449227970
0.7071894979315280,0.9149447728061380,0.6220243242444480,0.4137928011834580,-1.329795259638570,-0.01897789893705420,19.082736379617100,-4.402403760191390,6.9268687288874000,6.605131922742060,-1.9256272963691100,-1.630931145135100,6.54494906072733,-7.344287069929160,-0.4774202368941030,11.278308213622700,0.5132830612515250,1.0434648344494500,0.6050402117548740
0.7178912765330000,0.8246937183830580,0.6422874429721940,0.6232995661749380,-1.2248559514536900,-0.22803191973624100,16.795089845267700,-8.505734128143260,6.306055961024380,7.052626678349220,-1.238687406290170,-1.9238839676331600,3.248482756487870,-6.309090607176780,-0.9461800610985930,13.323642820569300,0.719540860183953,1.190887395620660,0.39019899753989700
0.5098260273444930,0.8921817821908650,0.5789740962532800,0.24042765772961900,-1.8849546071526300,0.03058127721983050,21.499676190135400,-9.542402063942670,6.1435093348988,2.722378307104450,-1.6245763963697500,-1.7732624775077500,4.967239039244300,-7.121034005749530,-0.6878995302671450,12.717143257242200,0.5467702694656210,1.150342821561620,0.5815092079354940
0.5838979596969920,1.048414661772910,0.5855126941789990,0.4343854866146350,-1.5361242301168600,0.08115211677504910,19.621669115072000,-3.654685442845310,6.19174388226866,4.494995127085210,-1.4608566159426400,-1.6947733998828300,7.739721392909850,-6.97513283803525,-0.701150166125464,11.61015621839460,0.6590574225950160,1.0799397465528600,0.48283723597320100
0.7506636300498750,0.9503662331495730,0.6812789619543950,0.3955593223418060,-0.7357714758504660,0.19358717592469400,20.639755738949400,-7.635928785039620,6.130855390699190,5.9827863939774100,-1.90302584930501,-1.5541716193574200,6.849628493828250,-7.548195930612230,-0.4699298374872040,10.71366510997820,0.8139735808158400,1.0666913428921400,0.43195318682111
0.5923689393194260,0.8249188554597970,0.6159426338613650,0.6693153239472810,-2.1672991065208400,-0.0831840434344759,21.43873299767830,-9.912939335885480,7.027724476364810,4.307415661061630,-1.075025441842850,-1.6272152240720600,6.7158284389097,-5.217314736733060,-0.5813302795111640,9.54611998155144,0.8002031625082410,1.1907025971708100,0.702523672242215
0.6580590890492050,0.7101344892776660,0.5307935355962470,0.2244141246698680,-2.0245059211472800,0.22454226660699200,18.277320708443300,-5.506866307010880,6.029925001195440,5.523235679820910,-1.2898958770863000,-1.470325054788390,8.537177551996710,-8.449631423899190,-0.522838759873936,12.527594037971300,0.9411670120224270,1.137023442856900,0.63094113587175
0.7491760007738240,0.6271616930420660,0.5194744300932620,0.27848951076312900,-0.3224959977875170,0.06242731572765580,21.728532137498200,-6.727628555759830,6.153768360272410,6.723761266513530,-1.480763546875930,-2.0648655421897500,7.663423231065070,-7.33893932105522,-0.2641795082899840,11.86174807120430,0.36753733875762800,1.0471385058184200,0.7748701324840400
0.7210588669299020,0.897487834732219,0.6410927851801060,0.3675488903174100,-0.23488426700977600,-0.419429787665788,17.352127912224000,-5.285453499798210,6.2220729498253,6.851998179926520,-1.6596660792012100,-1.7974699235700800,6.606827657277330,-7.032694353765520,-0.3757386938791160,9.944695416413790,0.5676947459589750,1.170772828398610,0.8464916685304440
0.6766030541407390,0.9599937328895600,0.507774194807816,0.5778650535123660,-1.6342851246928100,0.09602463154134250,18.53935856800540,-7.917993116082720,7.266418556460760,6.219935734079310,-1.718861368916020,-1.7341342646671500,6.65718815285904,-6.515903391887780,-0.6418921990747470,11.697201580662100,0.5351528418847150,1.1823709224572300,0.5500043657303240
0.6560199879061640,1.004867019155170,0.6646204049301460,0.44663133426598300,-1.215674510905720,-0.04279291256293900,17.024422426343500,-5.009304657625360,6.5465567757026900,2.9965090526062900,-1.1120078304424300,-1.8754172808034900,4.416047467707090,-6.748121591289430,-0.49302387822583700,11.583007715556200,1.1504346513480800,1.1874192943851200,0.36601586289330900
0.7018181527536990,0.21762177277844600,0.6672608104960980,0.5112295698059710,-1.8225795771456900,0.08948328585947540,17.589729161122500,-6.168708248000700,6.776231026396740,7.142737619458760,-0.7193274385940250,-1.9280783104151700,6.13690873863829,-8.869360070084790,-0.6618030497254350,9.83516414891734,0.95753776493693,1.0681422145536400,0.3876763096702470
0.7144622267601730,0.4394089049670720,0.615321151558754,0.41741506603638000,-2.2797091847613900,0.0976443744604204,17.86296210005710,-6.798204286039060,6.971401649033320,7.536249348785030,-1.8291316090137400,-1.4660854388493900,6.927453934424470,-6.0891912120215300,-0.4711930864304470,12.32682387010280,0.8868209754300780,1.083700188722960,0.8012965186902050
0.7280390447173320,0.682964569535726,0.506041593769365,0.36166258886646100,-1.76392111991613,0.13192663908428000,19.908252616831700,-5.905479496579220,7.208808541981910,7.4114143603756100,-1.1251761722539600,-1.8146269427549900,9.228362033388410,-8.121451094893060,-0.2809807094275830,10.740574712222100,0.47636269399334300,1.1074803995684900,0.8669456657859400
0.5452234482389020,1.0050375805504100,0.6451281371945330,0.46180529966860100,-0.9012567404803040,-0.09005578667908300,21.025783613822400,-9.741672559671650,6.648817767942130,6.8290404596357,-1.2043430045400700,-2.0642778956149700,5.164167908139930,-5.650072810613580,-0.9380573038564870,9.876553949764020,0.7356958716856800,1.072482632749230,0.44899420199075
0.7445351167900980,0.5507250987241280,0.6225138148347240,0.5116321948468500,-2.2450287584476700,0.02203033867786870,19.778093829399,-3.947779834407580,7.9015023903275400,7.6501720453936600,-1.4460938854669100,-1.6898790057236300,8.660780223756020,-8.721371690989180,-0.13163143219395500,8.987205220661630,0.871812652319366,1.157997719015450,0.5569713106889060
0.5431157761069520,0.4394311831028490,0.6225392541954900,0.4687633534032420,-1.7510206209329400,-0.06483403987856860,17.72918075721510,-4.897051686203750,7.040280958363350,5.097990959355450,-1.9066708298944000,-1.8964270781077500,3.0459960914773400,-6.569880778269240,-0.3080665765280040,10.137021704827700,0.7574821941576180,1.1663048379428100,0.7150382331317590
0.6565808722803090,0.7453656363261170,0.6247953214156330,0.6686005296635240,-1.2080883821555100,-0.435982817573829,18.130460064516100,-10.700594489944500,7.137934576002010,7.911285999544960,-1.8008921491274300,-1.709314460979430,2.42887731160239,-5.384222194784220,-0.8787092584863470,12.769603321501300,0.419824136924397,1.1696337066208400,0.571235029093973
0.5239632940306240,1.0873649206040500,0.6493268960611870,0.5683047136644640,-0.7934954131647560,-0.25129326775023500,17.67281876401610,-9.052153620303020,6.569047879455070,4.8694857662255300,-1.3791477915350700,-1.939297324866410,2.616381573159020,-5.6165392477836500,-0.42932653745320900,10.338610412097900,0.7939346160789880,1.1734938927665200,0.5499471600263780
0.5623342221867480,1.0692420481675300,0.6577814263931260,0.6689550307174210,-1.2611810368159400,0.19669756317875100,15.350034081217800,-7.054683238767000,7.007516388416220,3.8005450575648800,-1.7299382390654900,-2.1703879788624,8.218842551735260,-7.560008073687920,-0.6224122028713830,12.069846121270800,0.27985755562638200,1.1825416733018000,0.7806606900226040
0.7911229450640080,0.7036454242390830,0.5494332180155230,0.6623099177676530,-1.809970349568870,0.07873232614024530,20.387271663644000,-10.485738102992700,6.7652380313018100,5.758679793732450,-0.9791051480995880,-1.7931372060979500,7.176233186393220,-7.145961050083030,-0.7375242899077950,13.80119076670710,0.7356605683828270,1.1246384091083300,0.9525494912490870
0.7367816826970700,0.33180168808258600,0.5704556125209670,0.6153579003172250,-1.7556620186259600,0.014218829899552600,21.455942877352800,-8.674891941203850,6.52682030787057,7.459546880420220,-1.295494214935480,-2.0028704274266000,8.698717665449940,-6.761122973214730,-0.5492673321497760,9.51444231086258,0.25633129610308700,1.1656678948359300,0.6183787659682590
0.6754457483248190,0.6622295411680760,0.5461632328077690,0.28349386636816000,-1.845478611230020,-0.07192977921030710,17.052898508466800,-5.709372287839160,6.41118883645892,7.866145046557750,-0.8339261260511250,-2.0211039299393400,3.040304845553520,-7.8846838762334300,-0.3605297948896050,13.905833785583300,1.0593173828414100,1.1596314142629900,0.8585823878202740
0.6234630064296270,0.7928043746702140,0.5516056808226550,0.49287613735828300,-2.4472403665830500,0.48252638850096400,18.558605704916300,-7.470608604397110,7.65645962507699,6.624431002983670,-1.6098599429829300,-1.962957215391520,9.190829546834700,-7.519536333223460,-0.13124013889800700,10.98113090356170,0.2902668661669140,1.1750487902447900,0.8836791407873580
0.6869423646272990,0.701567596467149,0.4769423033863650,0.33420815284177900,-0.9830552752037210,0.09078124044179800,16.3950845591477,-6.980022486608160,6.3326793547117900,7.079243744305690,-1.244047413852230,-1.6718745864914200,4.679984672109710,-5.360011920182780,-0.8102959343981640,9.772752926887160,0.9098036707577620,1.1491876399439800,0.6027471017031300
0.7176639754067720,0.9110952412919020,0.5495502249160590,0.624354081563741,-1.4104975312809400,-0.044476945398247000,21.961255346937600,-3.437383282953220,7.292876555152900,5.491923545814990,-1.405224775280410,-1.5854630349528600,3.055513433660960,-6.588550073314710,-0.3121394375970750,10.37619985218910,0.9908690387145880,1.1202493992011500,0.4753986308303780
0.6553366777418490,0.965498056271612,0.576185889291022,0.6933750165582980,-2.234991326303440,-0.34442704623902000,15.179769908311900,-4.942924634001920,6.410095174468790,5.66184710794348,-1.872910233182080,-1.7527988677488700,2.5075457303809700,-8.96607919475367,-0.36746631112491900,8.543126961895340,0.41787060143777500,1.1295804835444100,0.671476372243524
0.5940195058396340,0.7256411105148560,0.5833580374560640,0.5730649871448890,-2.104766698764920,-0.07123762547383240,21.456450042719700,-9.288968573212590,6.2254843330071300,7.060167797785570,-0.8288798612746590,-1.9790023361524900,7.793720569990640,-6.913715992686680,-0.8716382429497070,10.368285083689500,0.6301359967019010,1.0826466411538700,0.45298824861281400
0.6987269901217040,0.9841664051683490,0.5934901495996640,0.5414717009842650,-1.6672650647937000,0.18126410989998400,19.554854451970900,-1.6950362462008300,6.0496113203621400,4.902132817524400,-1.0310831171111300,-1.943617552552610,5.48480995289072,-8.037413211731940,-0.2271184498565580,10.618796531910800,0.6513042935860850,1.145494610156580,0.4562245765763720
0.6884183385239730,0.7715581537700910,0.6498179207379080,0.6047947204154670,-0.6698344685995850,0.0021653932888378300,18.911240781865200,-10.77084091745130,6.399799123086150,5.889299995954440,-1.625427535233460,-1.7748085328356600,8.17940351037457,-8.122919915795070,-0.9034337299758420,11.717293503717300,0.43609291727585100,0.9986017457463620,0.8139061320246530
0.5696507938747420,0.8788251098305810,0.5663943182266920,0.4460192138282800,-1.0461088299270600,-0.35388269247725400,20.872444615965400,-9.29137511447833,7.480913003029330,6.961142675975690,-1.1673877264961900,-1.9003725899400200,1.1559177385063800,-4.0550588106027200,-0.8771076792631580,9.41565778364805,0.9629712532038870,1.1789439002417300,0.4905470987236650
0.5462326696408160,0.40718087605903900,0.6672838603517700,0.22730919867806400,-0.2858816405075310,-0.17245074378754700,20.913770718819800,-9.301540617857910,7.275624808182020,7.945638170572050,-1.8595415756343400,-2.064661535675850,6.2134616552322300,-7.446736995374900,-0.4938972643801070,9.903077737994500,0.35522621035762700,1.164614972690430,0.9235913186135290
0.5972617307192390,0.8758266249931180,0.5815278098331850,0.6063996227691250,-0.8958560080187890,0.1287812799786340,17.44906602510290,-4.106634685543850,6.476161330317220,5.830346903595820,-1.2265648288530000,-1.8014347747191500,5.922427471276210,-8.16500248078801,-0.3113548588248130,10.80606045069330,1.1338327984482400,1.0239368584176800,0.6265541453521710
0.790658866849738,0.8003119780480780,0.6375090718649330,0.6210127241327570,-2.28886089799346,-2.322490996918050,17.433007874007300,-5.642025886537820,6.090769758844050,4.130918842435600,-1.7660262812876400,-1.6161768539340500,-3.012425033325390,-7.16452059872294,-0.5380805987973330,8.774113325302770,0.16578269520329500,1.1039326990700900,0.9850987755476070
0.317409100515625,0.9377170334289370,0.618144696994412,0.6112702533623180,-2.228010925861400,0.0011969929080498400,14.904550122272000,-6.995542546618370,6.643925249138710,3.63964974991482,-1.8467466164734200,-1.7186083725246600,6.493827745012760,-8.028955395187520,-0.8625156737224880,9.254308933623280,0.6760477457445270,1.1700377955887500,0.43252437649912500
0.6476012097745090,0.37702374170120900,0.6735747514059160,0.5561645389569630,-0.754226563489331,0.004288576986739370,20.909969702754800,-9.4626311307072,6.59380159976608,5.786846026573690,-1.3370593449009300,-2.037212460475400,7.363619261155460,-6.4629926929468700,-0.9178805425938220,10.313409393275800,0.6919904196921890,1.0775470985137000,0.7265937928546370
0.692675956335957,0.3237179085476470,0.6724555428444080,0.5294813291120440,-1.329870563658480,0.18796043099573700,21.206944775551500,-8.661957225183690,6.2052610031877700,7.130778378095300,-1.0973795706148900,-1.9320758511724400,8.13331499651214,-6.935050395811700,-0.6196035163451320,13.13532420726520,0.8659569688345870,1.1357260836170500,0.4000731523802640
0.7083614493900040,0.9775436672140090,0.6662496081646610,0.3054328475877070,-1.5183963156710100,-0.9760123622829130,18.442770162487300,-6.581086660872190,6.316088351517890,5.375869161658590,-0.9907632406904840,-1.9402070416031600,-2.7169732352303700,-6.061154450851520,-0.9118250176017990,10.22998862354130,0.712021909033992,1.1933290170105500,0.5020186198282870
0.7007344984220270,0.40937117047219200,0.5848842664594670,0.21542495617989700,-1.7865328039479400,-0.25632256619220300,15.535577120823300,-6.828311253573030,6.071759057323070,6.689987003521630,-1.9448464579106800,-2.125953331733930,4.082773534172180,-8.206025888815260,-0.6461849938336760,11.68553081200870,0.19406400758272200,1.1135456137774500,0.6478972403739900
0.5044243791964290,0.8610262826990660,0.6993771598522370,0.5110635368596510,-0.4399071231747040,0.1401485807353920,16.604808993321400,-9.442969874806860,6.348065821003540,2.4610040880909600,-1.4298150781425900,-2.1110917719202700,9.112883282453200,-5.6064714966276700,-0.880536514423051,9.292384301873250,1.1263221280977300,1.1639464180529500,0.5454386358592570
0.6839005117230170,1.035519040269120,0.5999816298012120,0.3847177812132580,-1.5649975800209600,-0.34224447266525100,20.517038958745900,-6.0791924778062000,6.070000774417880,7.580721423447970,-1.832860194998270,-1.9091424007628400,9.065276359631200,-5.601014081200590,-0.6057038061610070,10.974659026729200,0.24896331248886900,1.0578213320207200,0.8659499607286040
0.6887788370159320,0.9615309227459100,0.6803174589571980,0.6256373793539910,-2.464571584172390,0.19167274410670400,14.935593093234100,-9.899276025059770,7.164443653977760,7.84695724359588,-1.6107153812884200,-1.721498186531100,8.03779201692583,-6.429884198601030,-0.6590516520621910,9.810811105921310,0.45934786261994500,0.9709586510803550,0.673978208784527
0.7134669961223390,0.44756217181299200,0.6461065251147760,0.6563888985868500,-0.9409137388265890,0.07391949043536420,18.940855577521400,-4.228471026576160,7.332527157189400,6.165952887666090,-1.2633259264339700,-1.9059664777763700,7.34443759037245,-8.184802255214230,-0.15610757676457800,10.43945624851930,0.6733174656475560,1.1932827933992300,0.302307634858889
0.7941777099065400,0.4602048815949210,0.6390234278372570,0.5742940525533810,-1.6525436124904200,-0.6855038854566090,17.95080958903010,-5.841960514464480,7.051928775989990,7.074650434568490,-1.8547984225341400,-2.0209890887989400,6.758864588614250,-8.66785602013823,-0.6295057447208690,9.268938221731100,0.3169307074634570,1.1595942292222400,0.4337406428515710
0.554623806419251,0.7585545284951080,0.6025971967504660,0.4872592746516050,-1.6419613223049000,0.196758920169814,18.102436431458800,-2.6062277082636700,6.388761391885840,7.062860776019270,-1.3229227234861700,-1.8543347476422800,6.7004422241919000,-6.5109144790923300,-0.14339310385898200,12.38344211217170,0.41470705983897000,1.106185252173410,0.7489251917744390
0.7466500732692220,0.8048013116924290,0.6737343239232480,0.3287767668740660,-1.5119525494170700,-0.12818171757508100,15.80606932399420,-7.302270416319630,6.625564896612380,4.776713020539360,-1.7547240050483100,-1.6106435210236800,6.155817521936770,-7.118167475729130,-0.671607267401328,13.723462005330400,0.3873317940356720,1.197109832974780,0.42363854521571300
0.716913335645354,0.6261241130567010,0.6837289522113020,0.666717818016806,-2.3062991204198600,-0.07957266516886930,19.246652798295800,-3.2577685677367300,7.353709180700910,6.3862361169467200,-1.7485301309339500,-1.5784383446065500,2.552032153724600,-5.755616104992660,0.07227818167220190,10.515904170549600,0.5318633399401050,1.1436355862492500,0.738930301679538
0.7216315412837260,0.4459412871438290,0.6769489337130670,0.39597050297312000,-2.3257917801530600,-0.09757262726225530,20.434968793462600,-2.959506550670010,6.130540686229500,5.355365262108110,-1.3316325314356000,-1.7381072956272600,7.827910660973520,-8.971648017257020,-0.5568598583286390,12.31808150352280,0.45102184138516200,1.1639876193648300,0.3528937071109620
0.6706898458576680,0.8347939358602520,0.5902236236668580,0.47293006283926400,-2.466731763082140,0.04058606075807870,20.15711743554940,-9.369873301118090,6.975160021396280,6.143616948261540,-0.5334666226916600,-2.018771272035180,9.012487636969360,-7.33736916352532,-0.7023490733623910,9.306461292770270,0.8640020067910090,1.193228412214000,0.428594075153374
0.43944154615904500,0.6909498563124860,0.6260767724024510,0.49517219348624800,-1.2122283922047200,0.051403730724882100,18.086321095665500,-6.688835031057770,6.119256836011480,3.5034934919997500,-1.204359399995500,-1.8958378749569500,6.412883856661160,-8.021214978012200,-0.4543967031674290,9.107526796135580,0.898940808827231,1.198053151703320,0.4655432478814940
0.3151373943392600,0.7754723907801220,0.6498946906397960,0.44521758130849000,-2.3336323240475000,0.09250359409347500,18.435077833147700,-10.024967163951100,7.009113865473480,4.7284633942500100,-1.5705146620384500,-1.6401286761512700,6.2264164310987600,-7.655294463633270,-0.6946639530584410,10.795662426081800,0.8530804015988260,1.1345365136899300,0.45736898883475500
0.6748526014212130,0.7688771438767160,0.5701411678790760,0.6840256885832160,-1.9366286896120200,0.28455330019181400,20.830613459185100,-9.398158183609200,6.3166796109801500,7.180943786484790,-1.1476803727235400,-1.859061779356970,7.288076522508440,-5.901178180088500,-0.8047887039939550,13.562853826533200,0.40969707979405700,1.0505726851475500,0.4652755858137090
0.5698763908071000,1.0233009872911800,0.6375271320846490,0.4479953793981900,-1.5939969367780900,-0.2753658117847710,21.05442686648510,-8.61136477714016,6.922556498563100,5.784862530325530,-0.8947465921292850,-2.045606935885550,1.3302562836036100,-5.320622692452960,-0.8811995475452740,11.03517370267070,0.9012208515884580,1.1702911902761000,0.5041692109116790
0.7381711693691230,0.4315244746984970,0.5145306681567440,0.5101423245140500,-1.0924799565777300,0.16821892740763500,20.22194019831940,-8.205814107473410,6.501764091886710,6.894056039002810,-1.6364589573463400,-1.9831883505349200,8.627701868021370,-7.330444802093640,-0.4856829234452330,10.667719083291400,0.29465984852258200,1.080394222716510,0.795399066247255
0.7256099054165340,0.6233894317045600,0.6401670024550450,0.26606739536151200,-2.45859592972992,-0.5770826256784240,19.208376353447700,-9.26558446027112,7.3006224167342700,7.932998222911150,-1.7570819535316400,-1.6547221096129000,-1.7031158879110400,-7.656586073013770,-0.8504574063585660,8.720430117296590,0.5119557889125230,1.0929640510378600,0.3395922926142730
0.7432832597801200,0.7504188618602040,0.5091361769143270,0.32549760266426400,-1.184993516650620,-0.06847028539736880,16.901461517199500,-2.5073157933847500,6.610758837937630,7.405278954963050,-1.0417211305653400,-2.160594300922730,3.284374014944380,-7.8198461383402800,0.1550431256670170,13.059388388473800,0.571470693713227,1.139512309391470,0.9459837190525040
0.6509234534230760,0.9856654106901930,0.5793838839567950,0.5240684253636380,-1.7024849283114000,-0.10862680297337700,17.746374843250900,-4.961195139497490,6.4433747311706000,7.1617388072660600,-0.8811069558956340,-1.8513924832917900,4.142723277852230,-7.034155261747830,-0.15466802962763700,12.015748200645800,1.0297642354906400,1.1058762827980400,0.794645634537591
0.6234850918821900,0.7055220675272360,0.5753675378356550,0.5853398457721470,-1.599080698171830,0.06455970296578750,19.294956378999400,-9.470361548194590,7.399482898332750,6.776129473964220,-0.8254976659261800,-1.967426697928850,6.9162421127791100,-5.870646004746630,-0.30231782857793800,10.452647535977100,0.8216646358712980,1.1208115190174700,0.7881007031289680
0.6966529799432990,0.852915240296428,0.6000677240506410,0.36676988653941200,-2.2704395462635100,-0.1342317169613510,17.526886734133400,-10.279525581962100,6.655598109202960,7.8694713325757500,-1.7096686701124900,-1.866781684931240,4.095575080402460,-7.208114988563060,-0.735523891894935,9.572227454827720,0.3882361743275190,0.9786088760161460,0.8101866389749680
0.5492265850771500,1.0743464990195000,0.6425375941588580,0.6772868272732860,-2.084186135791780,0.011855506451695700,20.800502308323700,-3.591599631822400,6.772028312093990,6.106977688342110,-1.5694624291649600,-1.824246035757470,9.139820387026240,-5.029088367884030,-0.3114330446936770,9.143224979518120,0.34290368402512500,1.12434636555898,0.7702342672901380
0.5977101312652100,0.46871091033821800,0.6936206131903210,0.5159970262331430,-1.763078804182300,0.0075610472773613400,20.77949850197170,-3.8779686168975400,7.597289443017700,4.184231734415270,-1.46565628765454,-1.7130847848796600,3.477372963977750,-8.834910627444830,0.055739136194027800,12.163954247861200,0.7874426781020620,1.1923412995712200,0.6429331042472580
0.5521948554958160,1.0816628489204100,0.555608981525824,0.5731239755572940,-2.0415483199903100,0.06098439601202630,14.899293477951000,-10.140094712592900,6.668430362269240,4.463943677598250,-1.5699881325666800,-2.144634761909170,6.288054765478110,-7.188303168839370,-0.750243266349503,9.88889570225093,0.2345168862578750,1.1943150148721400,0.7848834216865030
0.6736904939385190,0.684067595043872,0.6508890060202500,0.5256340826170230,-2.244971408647350,0.21890853148946400,19.3178385329284,-10.079557823958900,6.572701556112650,6.156903676223670,-1.6378188493068000,-2.0135080875440700,3.654885065734280,-7.3882749834786100,-0.8195904405481740,12.003364777624300,0.31965234191986700,1.125172000496720,0.2379953802750690
0.754525118020906,0.5168984670332890,0.6931733449838220,0.30765412920059200,-0.21993850368475500,-0.6368131996222890,20.959108983961000,-8.85781568055572,6.036856497022120,2.2995929850261500,-1.464927350924300,-1.833723797927760,5.012840346639180,-5.343393699572540,-0.9179340032861790,9.719103172249440,0.5080676333604070,1.1520371346192600,0.7333946798138610
0.6325989917098670,0.7327012268741120,0.6828853533429400,0.48323390964579000,-1.4131768253495000,-0.46871028788080600,20.48764274076830,-5.671206499492450,6.280418288097780,5.3273569715201300,-1.7619810429396000,-1.6341765905523500,0.2159710038483370,-6.876647543099610,-0.8808126872675560,8.56499400380157,0.6143909965080910,1.1924499345751200,0.3004220320253850
0.7052588219634010,0.5133428701380850,0.6925169662596330,0.4919638176250120,-1.865542891395760,-0.09035059696592560,18.172525346356400,-7.490123410612470,7.997397741124630,4.8306460386192400,-1.3698644832879100,-1.9384476906256200,4.243870865801080,-8.79712021601485,-0.20063380682898900,10.843359436191000,0.5302490545196860,1.1203494044378900,0.7141910656590450
0.5595585745375980,1.08557871374905,0.5871052366237260,0.2111129993371490,-1.3655395001281500,0.1256765459622030,19.459155542210600,-5.50301815646716,7.5962518544523900,6.586666347381580,-1.671653346977520,-1.8313449470897100,8.217189213731060,-5.64061421667753,-0.4404388493375520,9.938920648194100,0.35984284405983700,1.1419542025498100,0.5644741392840600
0.45549713605452200,0.7848956992762770,0.6823273536572270,0.5868136464649750,-1.6089277209791,0.08426548357410510,18.562479180692700,-3.3605712223333100,6.519479948785910,6.328243899292910,-1.5966377199081600,-2.0667099733043600,9.280712709400820,-6.340228216170690,-0.10239281224500700,10.879437240000000,0.2978079709278570,1.1929535372522100,0.5765066373127370
0.5879032675487200,0.6153379804888010,0.6601035120318080,0.5665664255781400,-2.328925671499930,-0.29467823902074400,21.30888914061230,-8.816445529272720,6.2983953478331,2.9643549924944500,-1.0516345973336900,-1.809377417962540,4.039062546393270,-5.052822989079610,-0.8813502915257240,10.917521764079200,0.48211598331393200,1.1532658200643500,0.534027726081594
0.6240240753825430,1.0970035214521900,0.6442509342650700,0.3987277647187740,-1.050797376191770,-0.01795147653164830,19.135696108633400,-7.166406556297670,6.644358096648170,4.014744500550310,-1.5077009743842900,-1.7819262603799000,7.7139613482824400,-7.998125928271970,-0.9135031849477200,10.865200303976400,0.5792091897487560,1.1025787120020400,0.6799010842375870
0.7981624706812640,0.6107036933493000,0.5567140101933200,0.630372467522981,-1.5969413577207000,-0.1991740564411200,18.553225359356100,-7.709412491069070,6.2917721612325600,7.197255317292800,-0.788349386520173,-2.015758169794190,6.821227055360920,-4.949150904902270,-0.4373278456248610,7.655792141982460,0.9502490372656190,1.1717032321023500,0.660940076576902
0.7024115814434850,0.8218843412712700,0.6551726124557660,0.5870361135062430,-0.973009149092263,0.09010741922797470,19.866906992863500,-3.1020192151728600,7.763035412383690,5.395214845597270,-1.2317199657776000,-1.7001388895410700,7.819564605714370,-6.681764014358210,0.02840461444418340,12.869769342165800,1.1662272697227000,1.1925801511579900,0.8558814997340890
0.6482644707413820,0.8668489979821600,0.6256097130153580,0.5090711711137430,-1.2036778613136400,0.0019666250729779600,16.954475082531300,-4.400125146940170,7.1403872133135700,7.441311759176470,-1.9693717968337200,-1.667847223631820,7.651376938959420,-8.975105902588940,-0.28851301550108600,8.696331081089720,0.5628120321650550,1.0369096703727400,0.6831100651022170
0.6881734517488880,0.3851189213268090,0.6995562585597960,0.5529639765019370,-1.6724068463127900,0.19450945354465000,20.475439684725600,-10.979607748650000,7.242125759803350,7.16232104664766,-1.1032250369820100,-2.060021277181570,8.929039623407740,-4.23331989047784,-0.8637167772310030,13.26154945028930,0.4788485399853850,1.110714808499780,0.7939038467769260
0.7945599965194390,0.8890005591023410,0.661638684768734,0.4305653426118810,-1.1566200525972400,-0.2857055337843960,19.28528292699380,-10.679056378014900,6.3081442434197000,7.30117273116991,-1.3204302137678600,-1.62642848118865,8.338888405273380,-5.996582702548110,-0.8132049608416150,8.998696537152860,0.4651829145606610,1.1418488302960500,0.7725176688070090
0.7682088737128960,0.5915427023409950,0.5845559599021150,0.6593381720048020,-1.9502365579275400,0.1444805231694470,18.166564647303500,-6.241142800932230,6.303054716021950,6.245968853647090,-1.7492151033865800,-1.8446926416205700,7.146492378523640,-5.472923498189370,-0.3507361311385250,10.812024586910300,0.19302936951890300,1.0701073086885500,0.8496361080748370
0.6804222475930590,0.4891008858286060,0.635523631687918,0.6814267833717000,-1.7803573627699500,0.45776312523069100,20.746295444878400,-10.920453544866800,6.473686776940210,6.19109403784921,-0.9851064974021970,-1.6965787482410700,9.701218929738850,-4.5883759246895300,-0.8903058473782910,11.35988022804320,0.8658444492349100,1.1010002161292200,0.7498242446128920
0.6396022132277360,1.0032013616107100,0.6974659780640640,0.6886298823596300,-2.2335411260443000,-0.3144560739134490,20.77997320398000,-10.736061657520600,7.379324347887600,7.12276505657881,-0.53199531223089,-2.0102099330710300,0.31067029693458700,-7.83928993690078,-0.8138034018909100,12.545919339463300,0.7323964848066440,1.1248947196513800,0.8012932420981010
0.6342108123927610,0.7433356722721890,0.6056055873390970,0.5664185730069960,-2.034028894621470,-0.047373717984964100,18.500549529663700,-5.211775413451780,7.018024183197550,6.79302452787748,-1.0591546794704200,-1.7607575858240500,5.347034415274860,-8.714680431253450,-0.2978218541687520,11.012921930133200,0.8792466740086130,1.011699422385970,0.6436920959324260
0.7090263457852080,0.5837223287803790,0.5879602836594020,0.5284232728711490,-1.4007182345306500,-0.3938408409784260,21.28238324361620,-10.790952796170300,6.347348852303220,5.566030893624890,-1.7429413135963200,-1.943749287426300,5.919474219131280,-7.415224246150650,-0.7287916592942420,10.628267301204200,0.2586120947286370,1.140871252957160,0.9874229029815010
0.6976449638289450,0.9917226779847720,0.6882854540661270,0.6893146775720730,-0.5650712008150950,0.32873043790553700,20.21682335579600,-5.967636661025770,7.887223478248460,6.50315002903032,-1.2367849869673100,-2.07952830074701,8.603396540272800,-5.0285895774109600,0.09315747320577260,11.855517444498300,1.0823241893890300,1.107582942315250,0.5328121339120930
0.7496488883886520,0.6052699505080350,0.6557735202574450,0.41150799087173800,-1.8750950983513300,-0.2900489505413470,20.09537980904540,-4.2921815841121800,6.687570083407150,6.3934393600534200,-1.0352837637223100,-1.7154259274474400,0.41413585920874900,-7.917907177012220,-0.10428310238177000,8.658415168635370,0.7990576286685250,1.1904925531265400,0.5991675152824120
0.6632124292176760,1.0989173500039500,0.6170645956075860,0.38207598125486400,-0.5560127717006220,-0.8929393131740080,19.964339853792500,-7.562759242483090,6.376529516176880,3.4911663358812400,-1.4422762659853700,-2.04302704409959,-0.02065171589764960,-7.611303040520870,-0.7361992725688240,9.866137104966940,0.6149669234184050,1.161308192969220,0.6090363201458650
0.4842893081740690,0.5979466554793660,0.684412227531111,0.46282390955600300,-0.8020887996674810,-0.2486598690880630,21.781029790567600,-6.433044823318930,6.293844314671540,2.9024082903261000,-1.9201644763382000,-1.58042370370401,0.4717303053958280,-6.098161286493320,-0.7897443173663570,10.240575385367400,0.743308106279168,1.1734661279001300,0.32785322093051800
0.747649732077433,0.452334455088768,0.540607246834886,0.43838064213393500,-0.33150925863256800,-0.3020838223877200,20.434293380715300,-7.132395594151760,6.105487460700130,7.252134910889890,-1.63572291188933,-2.0102862337638100,6.372284342046050,-8.115552961801980,-0.6854355605654230,8.10336190152692,0.6906130480732610,1.1954386140704700,0.43934774788796600
0.6999173024021180,0.7169367873080000,0.6466183592541750,0.5567427413827040,-2.175696739920300,-0.5147382710938300,21.421641258366000,-6.198550575568130,7.322720908186110,3.5710779116643800,-1.5848013939684700,-1.8487801731160900,0.10074455776855400,-8.568835854759060,-0.30940507998489300,11.494718992573900,0.3039205181579770,1.153628558489370,0.9195616046349590
0.7021357618324750,0.6251851050648250,0.697506107746213,0.5710151675944120,-2.234232470807910,0.0230538502452019,19.06908392000210,-6.467944504082770,7.526450469363300,2.551237851217960,-0.9345084244860700,-1.8759104148805200,7.690177526526840,-6.4472850251133,-0.9553728512923430,10.94894692234950,0.5914307973504410,1.156626589630800,0.5275918168740850
0.6566785086378040,0.914693342519,0.5043323103447170,0.42463547695522500,-2.05673753799556,-0.22066753444513900,13.82494919730910,-6.236890023900840,6.238023838918250,4.163684920732790,-1.0020018422617900,-2.0620490321653200,4.189388873308540,-8.397859288290350,-0.5835864379610150,10.728101553512000,0.5041485149948350,1.1782934014470100,0.7193231269315650
0.6124834065168790,0.9030063911760310,0.5308567045225260,0.46516946296624400,-0.3157857650745150,0.21281802732837000,21.754774175632600,-7.280221416257150,6.676016942855120,7.288975720722090,-1.4715650456249300,-1.8472246115283400,9.66233359896694,-6.204090693571410,-0.6341337243277390,8.795347704289600,0.6717413532791450,1.1374114646699900,0.49210143066387100
0.6938148184095110,0.6851235054329430,0.5538619960820190,0.569581131535481,-1.7043257253967000,0.07758864495686230,19.45420740758030,-4.616884588114310,6.204988044253740,6.807002706452270,-1.2947858282733400,-1.809598815042520,7.617108159208060,-8.656562359943380,-0.3608151969352490,9.329752156892850,0.6407487937815240,0.7799733679136870,0.6393599125435550
0.6566697993327300,0.3849736110222000,0.4782824079077950,0.24265276133483000,-0.6249913189237760,0.11187420409560900,20.541884953131700,-9.724393577427530,6.39945511054853,7.137499995607360,-1.6301623394104500,-2.0685760691357000,8.094616593509210,-6.902890475422450,-0.4752389303336200,9.952936479636310,0.33456212357876500,1.1731017456310800,0.8419625374782220
0.7954381060262170,0.9110270335496220,0.6162219784287460,0.671462367263826,-2.2548695999970000,-0.5052031151597750,19.213892241811800,-8.210809229546890,6.89422834028662,5.416029683962770,-1.2718307281293700,-1.5311774930046300,-2.4407498529516900,-6.854930816431580,-0.539856166631256,10.638034445902800,0.6241487006851910,1.1291308759722900,0.7575327170988420
0.7264556336023990,0.8746061782320460,0.6219271118510770,0.47725942378439800,-2.239740625239850,0.3679798229261840,20.831455908177100,-8.900094417980300,6.567398126849490,6.596797703483930,-1.7893253037740200,-2.1164481900453900,9.973181557148080,-7.826629790395550,-0.7951158222564440,11.344312769846500,0.2976410301614820,0.8848596440429610,0.4247434651283110
0.6145520370255060,0.7293217209432990,0.5413311331376480,0.5359116544490620,-1.87147139479251,-0.00010334371834702600,19.961939342190100,-6.535970816845400,6.509380178833690,4.1711514715974300,-1.6012797607794600,-1.4944142017536600,9.03827368512676,-8.40215748940798,-0.462991805634265,13.205378203124100,0.9083965476221330,1.193675469875410,0.8412688799550370
0.7239784446093750,0.2904386107990740,0.68378218387285,0.29187208544656300,-1.743893482445130,0.19674186115999100,18.71870910624060,-4.596467530620620,7.285981609979850,6.52497834218328,-0.6844757612287920,-1.8508543119006300,8.070027779325560,-7.0590432261762900,-0.1618741044673800,10.709888115283900,1.0303742653452400,1.1723802411853400,0.8590998881957630
0.6719552977499660,0.47001011079963500,0.6792739906011940,0.6442207551270020,-2.2942776108728800,-0.30172358553302200,17.112940921192900,-7.0961343906162,6.518508025038760,5.529325578859210,-1.4826134397052200,-1.680362245742480,3.5336001964664300,-6.219368373495900,-0.5698830077152260,12.635092843279500,0.49392010821939000,1.1657431038972200,0.8043359760473090
0.7839755639179280,0.3584663731981320,0.6316171749321840,0.4747433196865550,-0.408498585025461,-0.18994866053584900,19.690529893946300,-7.543952247538190,6.683877444887540,4.456214447407560,-1.523904665879640,-1.7512400532490400,6.090729754254670,-3.4426090692188100,-0.8559827457856030,10.770482529588100,0.7796902715883760,1.187232384898570,0.6043874995794050
0.7262361890321540,0.5464613000179700,0.6231317663324850,0.5933360742651460,-1.0364286455602300,0.3019923959647010,18.41368532169940,-10.640982680586700,6.895530966062090,5.101061471922490,-1.4633078912258800,-2.148907736279520,9.748345384464660,-5.8836943988653900,-0.8099430481569350,10.855179057231400,0.2279197365630650,1.1633894520327000,0.7655974189652160
0.5954815248047670,0.27138875200386100,0.5455964545390980,0.30642694218907900,-1.417574537566930,0.2014308243861170,20.674899521853300,-8.38567915079586,6.471239195859260,3.955426036875530,-1.2436344285167600,-1.9690013639753600,6.174750778721160,-5.910538313694020,-0.7218612706806570,13.46628011090070,0.5830152422055690,1.1676736450152400,0.8281850117732780
0.6437732441951330,0.8163190057154820,0.5970131622521700,0.3285579763478440,-0.8376310675480380,-0.10424157839883200,16.99770654044790,-8.17574364341677,6.348437880114180,4.167166868670280,-1.3922409500322900,-1.7272303221024200,4.988917192563020,-7.177149133409140,-0.6162336608866830,13.60211076625940,0.8368530205281460,1.1391838798540200,0.9409235630990300
0.7628904747860320,0.2517862606190040,0.611332414362332,0.4885906771325800,-2.151813010260060,-0.1450993935981750,16.70688976940380,-9.485200951674690,7.2560640396966100,4.593962586027910,-1.9348801614052500,-1.619023512897130,2.5401577088304100,-7.8349953898495700,-0.5253621917235980,10.463548220680700,0.5172774813404500,1.074098592789050,0.9049360016828830
0.7718218877800420,0.8132233328900150,0.6509293444943880,0.6129451261529620,-0.20238511621509300,-0.2864799659261930,20.10894230619270,-5.631166181380640,6.593446473263880,5.983414774067730,-1.8885433929197200,-1.5902785112025400,4.116099749975320,-8.17478689078362,-0.6642505873477750,9.644414233735390,0.6184699461661600,1.0181687013131700,0.4070154092104250
0.670569039094361,0.7248140726097650,0.6924086014533190,0.5915563443556770,-0.4048995663101740,0.0429428099716912,18.54714850141780,-8.144647126718390,6.65355405371868,5.390847736981520,-1.862495842457620,-1.6712089162078200,7.790638145636140,-8.409789271166070,-0.6138136467083830,9.932391422586480,0.8427511146773380,1.1502197519533600,0.42249059158946600
0.6480306850084700,0.8501710248291370,0.5635483914241680,0.6097051826526740,-1.2882279866035700,0.2909031026707130,19.826820884610300,-10.597222210267400,6.196542896422700,7.62732784336249,-0.9866441308231580,-1.746536799997350,9.74108881000276,-6.885096377635330,-0.8946906163623550,11.741850177902200,0.9848167218277990,1.1001601665453100,0.6912410029848020
0.6573144936902830,1.0416589903724900,0.6643356097919650,0.558499956370537,-0.48660854509758200,-0.5516791169072130,20.57279587024780,-9.410892076025080,6.7728860209671400,7.103047136822090,-1.4518037241744600,-1.8383379299451200,3.719154704145430,-7.41161225742902,-0.8935177587500760,10.270557905913000,0.7268417058190230,1.1760721664482200,0.5388023774220270
0.7149477746182880,0.515934710030213,0.672536694337918,0.6668555409950940,-2.396035255767060,-0.5208336650808260,21.659035476010600,-8.464135723173190,6.594776129294730,6.038821564986480,-1.5767662092688700,-1.8687151022196400,9.606722898319660,-8.493924573992730,-0.727982680839969,7.337767630638680,0.21292000435563100,0.9436560612615200,0.9078868556397420
0.6530976455730210,0.7724553773909300,0.6972557127587330,0.5323527889368750,-1.4964990700950000,0.06446684181665870,15.470440667555900,-4.860256391658370,6.459788765700940,6.157431603634210,-1.0029580599831100,-1.7943691790487700,6.778783349176310,-6.6759128824364500,-0.11530608319126000,12.041848135914200,0.9375707515411580,1.1807714659927,0.6149809794808440
0.7116141645433250,1.017733675781470,0.6221387619973410,0.5394219094285880,-1.6991036728808100,-0.09512381883528880,17.81553586761690,-7.998958603507660,6.824156312508250,4.378533746377100,-1.6564025863565600,-1.6031871356571500,4.567467693838830,-4.325656270640100,-0.5047299581724100,12.349308852387300,0.6230529766257090,1.1847662735585300,0.4836354412315420
0.7193135017281700,0.33913490950604300,0.6433003612244640,0.42465556216748500,-0.5808338470204880,-0.5737074247632840,19.810490206598900,-8.202551853924000,7.000338296334900,4.890848422428030,-1.3914987054364300,-1.8429937619529700,-1.919118620796430,-6.116727134195860,-0.4936909327941220,9.848441375721620,0.9404615923094030,1.1850557873041200,0.693689706273907
0.2915248092884650,1.0539132655724700,0.6092028865060910,0.5665573991675910,-1.4128892167289700,0.1446551108257000,17.957498597337900,-6.961700399167940,7.054291198367520,5.989448187086530,-1.936277451917510,-1.5931730082843800,6.46409264081878,-3.330418390378780,-0.6234110463387920,11.245897357737200,1.0246174934090100,1.1168702200290000,0.8884697578962250
0.6253172808034170,0.9785700956958670,0.6957410862363710,0.44288778405444200,-1.1693448887724900,-0.38570765234818000,18.10084135706670,-4.757242899898060,7.153370526726400,7.992698669327760,-1.0624393947553400,-1.9792108220832900,3.6226359296390800,-7.921886700625130,-0.21493441606180700,6.6199030457618600,0.8498875950482430,1.1483017900191600,0.36451206628406100
0.7767927262020330,1.0609963142124400,0.5366485329820710,0.42154137752261200,-2.1008399948113400,-0.13913933791512700,15.562484501198700,-2.255873330096660,6.947367742913330,7.303740782752640,-1.5746228426061600,-1.9025552400341200,6.487745233387260,-7.947216477459870,-0.04724887385237910,9.052384639184780,0.302776810637922,0.9941971463308220,0.9450040496229350
0.5855710077453630,0.38816139407325900,0.6642366110842810,0.5570835536725790,-2.39016839238994,-0.46906548595117900,21.815206117435700,-6.888080366722080,6.085495688730460,4.009511254236590,-1.945069573046960,-1.9078678108497600,-0.6463734755726410,-7.602052855872400,-0.816474988684595,11.827520862329500,0.38891734635712900,1.1773821637205400,0.23236585282685300
0.7068444018793090,0.8250296123075810,0.6606611124195610,0.39354339003446900,-0.9415062301280540,-0.041001953820427200,17.239201220613700,-4.021530935131170,6.477818076132490,6.255113441813540,-1.9190143594186200,-1.527193432578030,5.797182660957500,-7.770737698432590,-0.4272148864030780,8.465972707936380,1.080206556706380,1.1602313134656900,0.48065942259463300
0.7217548121717790,0.2569213351275980,0.6179997498101090,0.6122994440265410,-1.7361993408563700,-0.3130233124090410,18.859102114637300,-4.553233783007420,6.451003094232120,6.225600939292610,-1.547614584280550,-2.066267556798660,0.5854191769883940,-5.56832510638071,-0.38874119851114600,11.438540446869200,0.31069952332368800,1.0009717427781900,0.9745269048134480
0.6385804198859170,0.7414427224450990,0.679249737446579,0.6037772017510200,-2.4740573113326000,-0.3117588855152200,19.886324322981300,-8.973214492137120,7.542172345274690,5.685650852802140,-0.6965142528130210,-2.131690282618770,4.3145543624411,-5.867156739890960,-0.41420204490129600,8.359383229709710,0.48229124119385900,1.1930071732452200,0.6846410581564460
0.7768726730671220,0.7519690611016010,0.5335610131897570,0.5522459099486820,-1.8149172696100900,-0.580092254325755,18.8136443673067,-6.545512989047690,6.711895858592900,7.193070923680130,-1.1067736260810600,-1.89654998754466,-1.6236669627953600,-7.217271024861150,-0.414075164248331,11.830514162800600,0.5527350236658610,1.1623015618977100,0.7945254086457110
0.7343073251288780,0.9468875683565960,0.6956879432103320,0.46785238508689900,-1.5748902753095800,-0.6600644863523240,17.69312007862050,-7.497231183469090,7.651791838506670,7.869874387800830,-0.8638648146813890,-2.0674277759276100,4.147446702701110,-8.05735454386533,-0.3475867640559170,8.788969951241550,0.666225363780817,1.1294093171888900,0.8198408003652890
0.6549063984885710,0.2706663545330530,0.6415519297575250,0.24239677358660500,-0.43169505718132800,-0.45745197936264300,20.733884152446400,-6.996925733739190,7.409336728592700,4.285083614259040,-1.627223082134910,-1.9764699081942400,1.1420396101541300,-6.982494199214400,-0.33161155548371800,11.688277485957500,0.46180110140880700,1.1458138198900500,0.9476355551147270
0.6213770359644950,0.33452138462838400,0.6974294173616750,0.4506091138250870,-1.4868402673887500,-0.24898383590795000,21.07434368851900,-5.5764017445370700,6.611657723970390,6.033228859673860,-1.4080140345220200,-2.1040803265388700,4.373041771037400,-5.7125587999524300,-0.5654283857038950,10.758415894041000,0.2662077642879780,1.110565707065230,0.5862721511877940
0.5363391032650070,0.7451796992644500,0.6712408512145080,0.6677929084157200,-0.5128016155052020,-0.07565305014233920,14.656139376148600,-5.328833535578330,6.387556381015050,3.611920829455140,-1.3975494417782600,-2.0320063649218600,5.92381788304713,-8.51620671014186,-0.5666745853748130,7.344655894741670,0.7486614260359010,1.1556066042907300,0.7017134196472310
0.5245090421284640,0.7226171167683920,0.5800713041104640,0.5015133947965520,-1.4663231647058000,0.027589223980059400,20.122004292427700,-4.651147045278600,6.520630107811770,5.480593189085670,-1.708920307109010,-1.5195522598246600,4.514405588099450,-7.627189033858350,-0.21719491488111600,10.343783835599500,0.9418807913308610,1.173287643408360,0.8099894259312610
0.6956382683806110,0.6346931930076900,0.6140700954550670,0.44703460658510200,-1.5886891551123700,0.07253551031878600,15.643952596144800,-9.227686664247860,6.256055634194660,7.076366378753240,-1.031313833835830,-1.77819753427534,5.120778820491290,-3.945853279941840,-0.9462758650317270,12.735704419801200,0.9678862042492670,1.1659412633694100,0.7008955254185720
0.6414277501178430,0.7335056904834970,0.6455477665291350,0.5384592758977340,-2.1711994660273100,0.06589778134332660,21.36381807842690,-4.925358396876060,7.5442272603319200,5.944037668663710,-1.9172488304965600,-1.8386311044319700,6.775797806349030,-7.65075393855756,-0.18037185037874200,11.406776690303500,0.5187353782145050,1.153196292070610,0.5682717683560820
0.5724452502773300,0.7447135646816630,0.6935810817780080,0.5352980014890950,-1.4214974042397400,-0.034301698784683400,21.518567230249800,-9.29667329977649,7.488777515284440,5.403048729496380,-0.9199376694522790,-2.1084326943079100,7.351439808032540,-4.733010929869590,-0.7497542676408800,8.498570837575160,0.6959006865990830,1.146276499925020,0.9287350411370120
0.7477104593531060,0.5477684789772370,0.5919632000385600,0.4335440284821640,-1.9385180995299800,-0.11412443053883200,20.901562256449200,-10.49033710621420,6.463314553546200,5.285839437451430,-1.9703185279221800,-1.8480629561496900,3.305672696495210,-6.117778923204920,-0.8107971223227890,11.214782641554900,0.2948809606074290,1.1393256738058200,0.6598893427418860
0.7440442273789710,1.073078368015650,0.6286297555989710,0.24306902591092000,-1.2528359412850500,-0.18919451031631900,15.902051035357600,-4.260267658740630,6.591772762186720,5.901612327353080,-0.9008449994370730,-1.9114059367338800,6.23986161634366,-7.851720967592420,-0.37706861556484200,9.776839806671790,0.9334508743225920,1.1801911673815300,0.7469352665770050
0.6908225542455310,0.2509974962001780,0.6300144178370410,0.6080617082069050,-0.4728456242311220,-0.37192065244788900,21.459428245280900,-9.164141610366310,6.073877180804910,6.7832745102292500,-1.7015245802793000,-1.730732725000000,4.980163923224770,-7.6875408946122,-0.8274551170678130,8.208220070379420,0.44850576020852200,1.1689607814566000,0.7868606416598400
0.7343462658325800,0.41037611868154700,0.6421311372155080,0.5001941537229170,-1.7845939674769600,-0.21454708852510700,20.606295253603700,-10.12437390754970,7.562142480393350,6.9172019524050400,-1.7616753352419200,-1.7210879257427200,5.752191417632010,-8.038281333997320,-0.7342383005142630,13.05999561665360,0.3215869159228040,1.0902811320390200,0.537401766707301
0.7958977414127090,0.3014973278859990,0.5558485931993270,0.5658348298540350,-1.8451134530634700,-0.10111728152289400,18.767913224065300,-4.802384143614660,6.420227961155260,6.9656989897028700,-1.162071040511240,-1.7548767197751400,8.011118397651740,-7.6263857715709600,-0.413916372311431,9.541438939274070,0.7143410238787440,1.156423290156730,0.8037747904984240
0.6998452953500080,0.9327011411254870,0.6176838410579050,0.6979498486785630,-1.8613770329310900,0.11705140780625400,17.589390478311200,-2.8759863649398500,6.8856462719645000,5.275993540073390,-1.4814471470435700,-1.57538788207784,7.980969963734650,-6.127793529975520,-0.6430293980184950,8.857226948286410,1.0316446839530000,1.1838444403410500,0.17192549446891500
0.5333727651829000,0.9674513261783250,0.6853456632573780,0.5477743033681570,-0.6037304113331740,0.09301314970605420,19.385873968136200,-3.021841540950780,7.8027941023478800,5.37793738164727,-1.377726394006430,-1.8705543974813200,4.9053505090548200,-7.33545994647347,-0.12452559791523500,10.992687555049000,0.8919491813889830,0.8897265788481510,0.7608975157292610
0.585102719885579,0.9369432697292740,0.5725443674101630,0.6445684821013180,-1.4837122060519000,-0.20590267343671100,15.068821378011800,-6.421771864517540,6.832501746169840,6.769491825047740,-1.5710337487228700,-1.752305687366790,3.541718987688800,-8.65007240025451,-0.24471763710970200,11.538298165846600,0.5490789344982350,1.1851122877697500,0.6764170114392410
0.5052220839864140,0.8804593734712980,0.6694643869089610,0.46544236942672800,-2.1359351936561200,-0.048652511302986800,18.117273556483900,-6.922564982946190,6.645697406446310,5.37876210305844,-0.7091735823036610,-2.0839859152070000,7.562420605425600,-7.061159081259650,-0.5692362414732570,11.166317230005800,0.5764114920517850,1.1746047419171000,0.5891458456910970
0.6218258515964150,0.7466958442946900,0.6484015463719630,0.4298753470498120,-1.3384214545151800,0.435618035927849,16.175227255607000,-9.466119851617830,6.953386869735420,5.885507975522130,-1.5813074004024800,-2.1658159369875500,9.922061839330570,-8.845347192989880,-0.6836088925709780,12.36898394039850,0.3382818978898890,1.1997822897475900,0.6534261171590700
0.4931966950847720,0.9128720953039790,0.6175647942889920,0.2178857137233000,-2.2778301053600800,0.050065294490146200,21.7554148954414,-5.44133250535692,6.832330135779500,5.069138046478190,-1.2082728834646700,-1.7892817366073800,6.737608438489020,-7.936524916073400,-0.49068779135396400,12.803498906061900,0.5507597523110380,1.1339352958265100,0.4361623132087060
0.6073904418997040,1.0519128911551700,0.6645196693346420,0.4640139529998010,-1.3147465253683400,0.014856380871647800,15.51286534851760,-2.117224897223110,7.0734928288155500,5.599266971057770,-1.0770292312098800,-1.8311402719657500,3.0669935107731200,-6.694057267399180,-0.014637061695419100,11.132645093838500,1.0747049067718300,1.0628299336837800,0.8836487544404860
0.6510893648582580,0.9616200482974540,0.5378199225041730,0.2929227347141830,-1.0553051810872600,0.13488930762422000,21.075768380179200,-7.52352314519987,7.259173120862820,6.330267440963670,-1.1830881198989600,-1.9815411390988000,5.671425622222080,-8.76694704691774,-0.6545832541074270,11.961267713318600,0.5042129860616780,1.1350559677534000,0.6793031800717810
0.6500290002996700,0.511061279389603,0.5756291377134370,0.515830841369171,-2.021801354498130,0.06831452811307780,18.934865667983000,-6.966942715049320,6.910218825837210,4.629923757439740,-1.7519554105381600,-1.6438086888626600,3.8303797945977800,-8.804017624950730,-0.5598832218035960,10.526363746099700,0.6546489244249100,1.1324583391784700,0.7196032171245170
0.4533778951585570,0.9173560391740580,0.6406232970749890,0.4651127188196630,-0.6291130408922810,-0.895935407313245,21.34937598309040,-6.6251567020530500,6.183879758027300,2.485455197278610,-1.3123371908959800,-1.816136750598430,4.327412822576960,-6.800681335128310,-0.722812298049917,10.692868163437900,0.9559880272959440,1.0876058633537100,0.5608456553350780
0.5874095694601550,0.6460287019478470,0.6172608990819590,0.6813348711040060,-0.9289816037275700,-0.1726082274833120,20.07654430644080,-9.826146031907890,6.86381577590884,5.552086236479740,-1.6676487032661600,-2.038419311092330,3.8464542688623300,-8.802290844225000,-0.6920520835141220,10.150244246493000,0.3250529058575450,1.1140359598837600,0.6346422428427540
0.3972095908808860,0.8726121927670780,0.6357856378718950,0.3880515788939640,-1.471900077863590,0.0916832940843405,20.66410952673300,-3.1163061176512300,6.289970538091590,4.324490598759370,-1.0347290350515700,-1.9108909446655400,5.471634545295910,-6.016940400841780,-0.1750716916636690,11.535122614660400,1.0608260350003100,1.0131414526436600,0.8198918437031720
0.7631382764109560,1.0489763103517900,0.5677179277439460,0.5011095238295940,-1.2805847719805600,0.01532692999727790,15.91653893300700,-8.151560755643280,6.916956497905170,3.226083132741250,-1.0604630374910700,-2.1710781839377900,6.037515261697460,-7.8754260813422600,-0.7462777501191680,11.688105385864600,0.7823401824010600,1.119643566764480,0.7801036069243410
0.7991672049103330,0.650581792014592,0.5763998339260640,0.6817025136786070,-1.262338269010360,-0.1696510713220920,18.701640168156200,-8.676312841409780,6.299753095257220,7.875796553975580,-1.5679633706184500,-2.0044304054659900,7.2243154347302200,-5.211860533513080,-0.8609947719918680,8.15497122910763,0.25603538030344000,1.0148905434472700,0.557525157818101
0.7651327645610990,1.0172541873615900,0.6365892950716000,0.45777287654163300,-0.9248150312434980,-0.07650537498735770,16.07683095346570,-6.64036389997182,7.9053584919255100,7.390926834912750,-1.7459000943238300,-1.5112123436222500,5.771499389957940,-7.024169829162010,-0.1827111781005790,8.65051985207804,0.9110239692420890,1.0938115311168700,0.9637360623550300
0.7521431863971910,0.3257522104123460,0.6980327551482700,0.5293757721529580,-0.9761281993073610,0.04231581846993570,17.468283944735900,-9.490067346843940,7.130695192478600,6.715861552524810,-1.2076072179652400,-1.9984467518725400,6.1052332950826800,-8.737604746622500,-0.6196717638485770,12.478673197100100,0.9320139799500070,1.1266491961697200,0.6461633899731490
0.6692365316654730,1.0182332261591000,0.5869744083375940,0.509206480837912,-0.5177060005580630,0.41045625968531900,20.71229629073610,-6.110120948259070,7.94926236381127,5.63589247770848,-1.5388136549195000,-1.8388572243468100,9.401198191180380,-5.490619639494150,-0.5013447544672000,12.329494149797000,0.6512499575974220,1.1630640788586800,0.7161865154633780
0.5924241965160820,1.0264380245041500,0.6322018685075440,0.3842256377871010,-1.6999579084457300,0.20543180674297900,17.440525618742400,-7.941920621493830,7.83358145518875,6.1219166155945600,-1.8228279073649700,-1.6855329914139300,7.208401981468360,-7.516706778977290,-0.3216872638026850,9.573008296768420,0.7317749397448340,1.1956127721788800,0.6124288488653640
0.4958436043969580,0.41101933917014200,0.6051532643223100,0.370404233933144,-0.5879182398239380,0.13673999063820800,21.5642717598839,-8.505313955317160,7.077113312445840,6.957185483007870,-1.7436355385351700,-1.7485361757219200,7.184200833477000,-7.839568777564830,-0.3559432798273640,8.865337869962410,0.6627779394472840,1.174387927297920,0.6452127448333380
0.7557005481408270,0.7880259503448930,0.581231002918014,0.34595115992569600,-1.7369951840009400,-0.030054928922828800,17.332023671179400,-3.2660695829644800,7.274610403842860,6.977744157015890,-1.6997725903332000,-1.8706682564700400,8.086832528533730,-8.477436221319630,-0.4586297656788830,8.963821601269740,0.4997197357819300,1.1531618019110700,0.20516840662889200
0.5699014309719630,0.6769935745862710,0.5961351053169640,0.34061998510508000,-2.2048964258845600,-0.10535547322403100,18.4537712509485,-10.005174628981900,6.225685433284280,6.81915682055025,-1.4069739228586900,-1.641167265580790,6.616356809241520,-8.185031208279630,-0.9562285304478900,10.7896073881044,0.5399215245325190,1.1890862658814200,0.5403533013232880
0.6823747725381520,0.49754724810689400,0.5931637169327120,0.6111198214826710,-1.9155666681593200,0.06806354536050110,17.68718589613500,-2.6857577501699600,6.857325608633640,7.129835642449670,-1.5875410370335200,-1.5401795192094500,6.90229387700896,-7.100261875867830,-0.08782678363814170,9.444362287084270,0.6943335696308910,1.1324866478372700,0.5037505889889640
0.6710527629548040,1.0745144739306000,0.6843222970904300,0.5639273849821470,-1.914210524733780,0.23246075154802500,19.924764660426300,-8.047059447077020,7.416530565896000,4.114533371749930,-1.2703499546147500,-2.0278796978305100,7.56493698158537,-5.5016687268523400,-0.6446620867954760,10.710825025613900,0.393615667264563,1.1521164585933400,0.7372057463486360
0.7685168460483420,0.9361849938929870,0.5431160583271010,0.2815192414364350,-2.480415583010890,0.33699317958067200,19.583358072817800,-10.61548164517970,6.551392957930240,5.222987155733730,-1.4115305461786600,-1.5934251145031400,7.532351196375500,-5.567901411732470,-0.8821485459904930,12.933668737586800,0.5231687215262060,1.1851295770888200,0.440255306192078
0.6328291238251970,0.20655038972003700,0.6742151499917910,0.5391751376110090,-0.5854683738234850,-0.09525466131796930,19.122339025239000,-6.480303931906780,6.39794716809698,4.950683913023650,-1.9715240226508400,-1.5769513861846900,0.6762500283345010,-5.547666931358580,-0.9293411456988540,10.735004362946700,0.6875497449285160,1.158506050455690,0.4349818015545210
0.6355577190018470,0.5889233951699320,0.6581661881088000,0.5410105510959920,-1.5784501634102000,-0.1183097938000230,18.67443098077480,-9.555345983984960,7.520367967302500,6.57463794973177,-0.9551970370585210,-1.9890955926070100,5.862047713081600,-6.806060902997630,-0.978654291310431,13.360809775441300,0.591707952004476,1.1283654898688200,0.6280169262701960
0.6921293351942280,0.7035221200467520,0.6477207080060940,0.4115918985015800,-0.38486011679938800,0.4108362521286110,21.079371317251900,-7.287488041659380,7.425052547527120,6.900398833130890,-1.932069299601640,-2.0503599172491900,9.849387199828810,-8.261592337856820,-0.7964237529050330,12.41149582143560,0.32524013970893500,0.9299320251111850,0.5945793593932020
0.7641651405319370,0.5200390550905180,0.5216606399458030,0.4763609531501460,-2.363156216652310,-0.040327847348020300,19.81994421275470,-1.6718572947577900,6.4025530074151300,6.587555571359090,-1.7104372758325200,-1.7036754559260700,4.503592098810400,-8.6799550223449,0.17840685367803100,13.699307735118300,0.37427881806285000,1.1105526849180600,0.737239933032249
0.7245346532564220,0.614463777067154,0.6540001658295600,0.6790933141123480,-1.5613544455707000,0.3255526262008330,19.69214631602380,-9.795486643982180,7.218781141988270,5.7436276935828100,-1.7967036964223000,-2.003072000407660,7.246206991042840,-4.0995809232597500,-0.6994018503420010,10.827893603590300,0.37927391787829800,1.1343707234848000,0.8092654493377080
0.5730807577740790,0.7276919761387750,0.5537442394008340,0.5454359373068840,-2.02798910184669,-0.11772295612396100,18.958136848514700,-8.019633588134880,6.314848736761860,6.1503348063918900,-1.5339680415486200,-1.858649683412510,6.671303993455260,-7.6985197947444400,-0.8515627421658750,10.227867115022900,0.5052064624711830,1.143633609788900,0.4822389406516720
0.5875802543723280,0.8021472612904600,0.6662255166381740,0.37344909160070500,-0.8202021090991480,-0.2650471390177290,17.22138728724710,-6.731501217175020,6.440778640340330,2.945294422350590,-1.9649155728268000,-1.5084973491860300,6.177851673632450,-8.82480999306542,-0.6470525708729940,8.816640806125580,0.8389165441878620,1.0896372645156800,0.7195261627232240
0.6165061265177110,0.8288186433811180,0.5705208578700430,0.604263645212131,-1.73920033012588,0.11435668171654100,18.563074696533500,-6.485118292554640,6.960642450658800,2.3544056253827400,-1.361267038370000,-1.5503668572486300,7.484022908921080,-7.452041955487990,-0.8400696372199660,12.091533666774900,1.0658874953707400,1.1480376018034400,0.5136099344161280
0.5869644112799000,1.0481258364539000,0.6369240918753350,0.4306367964379120,-2.402450531828810,0.1628264482187670,17.26535641146600,-7.49442432367432,6.883176753329740,2.6079633512833400,-1.6409739844993400,-1.654235986738300,9.472033646530470,-8.436023319802720,-0.7899751313724650,12.058651936242700,0.854485458405319,1.196464278903040,0.5187769222029780
0.7916626002712590,0.5864109493101650,0.6896567349100870,0.3519032016730500,-0.8744290485473150,-0.00530876863293428,19.04339703135240,-4.602544173091950,6.81478863035577,6.660524647697240,-1.830824316344110,-1.7645350266132900,8.43250692002859,-8.61121015546053,-0.31725462937417800,12.60363418478060,0.536041196213448,1.0718305015993000,0.7341929625502420
0.6881341476328860,0.5805657150987150,0.5762973761158820,0.3585019378966620,-2.302853691299470,0.040597387955104400,19.89692324701890,-5.985549618322000,7.030269188418360,3.323908831898440,-1.4832934835856800,-2.1015251818219900,7.347580434115030,-8.82354191927909,-0.8206837211442110,11.294412211707100,0.29694040680957600,1.1706334136558000,0.49780817584772200
0.49163453253334600,1.0815617854068400,0.6063677912483300,0.501348804022409,-1.7249283158689400,-0.053364438522952100,20.01702788850190,-6.863453499153140,6.42167060890756,7.277081043078780,-1.664406006796550,-1.736334552708100,8.890117723042700,-7.895813019812610,-0.38697819586604800,10.732556111563300,0.6269655186160360,1.1468282255227100,0.539957108582163
0.7925433939774330,0.3531300124412890,0.5986386582850080,0.33476055425442200,-0.3415228715308210,-0.31670135086831000,17.210536235893300,-3.647983445376940,6.784166305101350,6.519588651819450,-1.9114931471328800,-1.9047561752275900,3.7989774972019200,-6.078941760807070,-0.03557101293463290,11.472462095593200,0.2737067654019570,1.1352078500931600,0.8242147172717140
0.7741322589999420,0.9669720056867570,0.6826617876323680,0.5494883069781190,-0.751671100476659,-0.11986916969184900,20.0682465864445,-8.389870703629120,6.532264298668670,4.484662423530320,-1.9846847179118100,-2.045994551326720,8.546734224077760,-7.295875940527750,-0.9658581546173950,11.236990883271300,0.15315772896034300,1.111268719046540,0.8429906361749570
0.6599987670102980,0.5776702502518800,0.6659927404663910,0.39375235741840900,-1.5660189151822600,-1.4752351982491900,13.064816053202800,-10.670218964654000,6.554642328598230,5.497709637546320,-0.7642263804961490,-1.6363716328868200,5.116119911901460,-6.852885229141860,-0.8672594891040730,12.15207981829420,1.0790027150870200,1.1753976305164100,0.8633062947962620
0.7690248674192870,0.5969587394245700,0.5741403190645380,0.5313058438158500,-1.1086306697189200,0.0335550055724158,19.554245040786100,-8.05849157060807,6.046169701593250,6.327818133621470,-1.5770991311446000,-1.7627580507050100,7.713926636031640,-6.696282141599920,-0.9330043083727030,11.353705152688700,0.3369239311744400,0.9434801521045080,0.547540383494771
0.7430868472455470,0.7227520551509120,0.6996291357561010,0.6169464642323960,-0.26091429356308500,-0.5819882181444980,19.95821527139840,-8.538976708113940,7.339581398907700,7.149376061148330,-1.567336142989340,-1.8913344842514400,5.281725557248650,-8.890665348757290,-0.658863112075442,7.000106992779930,0.4405951129787830,1.1832974248192900,0.6201010486784270
0.6688338193154500,0.7982340108098850,0.6754412424413500,0.405970841197522,-0.6898265618527100,0.02832047343994130,14.147128076179900,-5.5094826789059300,6.994989625121170,3.1854827956845,-1.2736682175007300,-2.1397423423156500,5.855230820483830,-7.1277754513517900,-0.34827824474131900,12.533015306733500,0.8758783597357380,1.1525292010547200,0.9875272792576550
0.716302618723096,0.3522286571266020,0.6428609419378930,0.6429142470851500,-0.7091096405587490,-0.7581729924421400,18.58249940227730,-5.73906532492028,6.368737396690460,5.642597640913360,-1.180230298744060,-2.186150172566470,-0.66707021970192,-7.663401729350280,-0.5331290416717080,6.257966088761490,0.7959000940305530,1.140146736207910,0.9443376509245450
0.7664256227624830,0.9926313920601970,0.5869543102682990,0.6682900650118220,-2.231527314940780,0.26873248262570100,17.08720302762630,-3.8252920613796500,6.993910161589840,7.5775992747708100,-1.4429956171561700,-1.7057597427756900,9.667251780318380,-7.383461664894220,0.04453018032299250,8.051891461438570,0.36393182631811600,1.1224271835572500,0.32978830282285400
0.6353527535656710,1.0544075584772600,0.6741809547427190,0.24442411900103800,-1.3809151324658900,0.3676966830300750,19.463041769416500,-5.15526921335511,6.615946335245110,6.117675374490880,-1.0050685811191600,-2.124845325084770,8.211121474910470,-7.20429468552739,-0.4680407949463430,12.14459928239610,0.5799182318479660,1.1840571446434400,0.49057609783738600
0.7624685851247600,0.37617922274518000,0.6146316694872250,0.67243898522428,-1.6194344671572800,-0.6414271128668840,21.01698142048080,-7.823491446640670,6.49931988999443,4.858679923852510,-1.7530715047856100,-1.4742197309849400,2.6717684576180700,-8.881865405005570,-0.7982335690134830,9.477798004438390,0.43393466781149400,1.1877416042979900,0.6457721020822060
0.4976857805571660,0.9585811721230570,0.6325875707696860,0.3647165490849670,-0.8061985000463870,0.1388040486341960,19.81156100431730,-7.552414644125060,7.319407215356990,6.558795490867530,-1.5904221124853000,-1.9879871292604200,9.6451015209905,-8.328031054457410,-0.7692994046721720,10.48462669569700,0.5597742157731590,1.0837771155380500,0.43290195016264700
0.7667226882600460,0.3282009112334660,0.6300508836739120,0.4904141678706160,-1.7399094807726500,0.18668340932415800,21.54886165799340,-9.25107397091672,6.933258506280650,5.3236298101232500,-1.0142579859038700,-1.8992231443143100,8.61932861447885,-6.2670186565918400,-0.6275049822583880,11.844740477668400,0.4850950651984180,1.124325353313970,0.596537741652243
0.7330279706513350,0.5905742068543240,0.6304419981113720,0.4127560072579800,-1.0895425522545600,-0.1695369943358240,20.704280296594400,-4.898032055877630,7.406506691896830,6.582402814212730,-1.7628861876882500,-1.8096713237225600,6.918147040900020,-8.19528038909257,-0.09065517085032110,9.93020413127788,0.5954465027225060,1.1684461640263000,0.34501302230702800
0.647784399186666,0.7719107502740510,0.5962862897845470,0.5961318231370560,-2.2712386402901100,-0.2546828190328530,15.511513201316600,-6.678993240403360,7.2872236691048000,5.423300959223730,-1.805293815855510,-1.8375825973136000,0.9980280477924270,-6.361388907776320,-0.5526230600230750,10.395217206121700,0.45858528131903000,1.1942839705380800,0.8110172758460350
0.6753672120555710,0.8352232632284230,0.6158136197436650,0.4653766411089920,-1.7935075705334900,-0.16302710159143100,17.905933034206400,-5.738164344816200,7.014579898169890,6.6207190059949200,-1.9377921463601300,-2.0301583517746200,6.530670675630070,-8.002327496210740,-0.18701573143818700,12.215535117614100,0.25318863746475200,1.1735424430988400,0.38946884979079200
0.7369069059908770,0.24572080147940000,0.5701364703369370,0.6290208171771160,-0.9148596839533390,-0.5801911585585150,20.988286295711700,-4.87386519540561,6.151212803989730,4.119619560020660,-1.8808878414180100,-1.8664579406095100,5.057981308131190,-6.5516472446385100,-0.49611466906691200,9.435073645553880,0.3397272475081280,1.1346277564155400,0.6986750495872040
0.5395942649083900,1.0649153375909200,0.5921614378226740,0.39259727598284900,-1.6798252559430600,0.1547170386100220,16.13967686365460,-6.391831670906860,6.130967559137370,5.96782274671424,-1.549268499642350,-1.6553264067592800,6.713446696452010,-6.860566913496780,-0.7521590029314630,11.885887073483000,0.9448517373242750,1.129903683187970,0.4555625669154590
0.44911037182184800,0.3297586928185920,0.6799312768579550,0.4011861052220940,-0.757500885250305,-0.09918645220518720,21.31340695255940,-3.568533289615850,6.9631387650940800,4.049457221584620,-1.2559784042094000,-1.9558332444182500,2.9233403376656600,-6.7617497251455000,-0.1390724424652030,12.692353485523600,0.9184548967795250,1.1679517418043400,0.684019518551104
0.5254701651894870,0.5114035763854540,0.4977256692624370,0.361960993168208,-1.1802716179614400,0.06396533088927860,21.273943073481800,-7.676697719492140,6.815788964882440,7.3422177613033600,-1.961269269560860,-2.0407990330311300,8.134246171055250,-8.555464968637060,-0.455908275765549,13.662525406819200,0.3465954382668800,1.1827624508009400,0.40662225563183400
0.7013360690240360,0.7004129823969550,0.5864434753924120,0.6827208949328930,-2.492411021789360,0.21932233245403800,21.386069366094300,-3.7388178856539900,6.617111550593660,3.4555865087535800,-1.8705242742583500,-1.6457603154612100,8.084908757382780,-7.462311980526910,-0.1903626682976910,12.906680653104600,0.6909326222294340,1.1263153581592900,0.5605909613381700
0.7987068483645770,0.8197509951131040,0.5860892027431050,0.3851252150104360,-1.858274380487660,-0.22631702896921500,20.770358971987800,-4.904159538632640,7.061968962968230,7.27065588777837,-1.6761417819135500,-1.979716067030240,7.378378997216160,-7.219578075693210,-0.40778351842748700,12.999714205135900,0.2591638537688530,1.055326517339070,0.5987104759841720
0.6781401536110770,0.43828407789966700,0.6676979925968260,0.5500376281775500,-2.077509428384790,0.1986738916490360,21.950436582479000,-6.550808672379210,6.874682698409590,3.768188962728460,-0.5973343275784120,-2.0812787547657600,9.48941972433361,-8.794296851708280,-0.3030580195219540,11.067052272349400,0.8597782315529160,1.1259845409082300,0.5341583569190490
0.6488772599284900,0.3895989179419090,0.6166579110302730,0.6359539773205260,-2.3278787572564000,-0.07289104749592550,19.226558331755400,-7.935039409698970,6.38812872084103,5.46840468716597,-1.9827389588456700,-1.7180048363227800,5.61387236335253,-8.942560125467150,-0.8358880837994620,10.385859318995600,0.6258160661607520,1.0246757134669200,0.37481473399530000
0.5517593203472840,0.8417636179923210,0.6884191206950710,0.5526435786402890,-1.0377735787440000,0.01506751039461320,21.028402976978900,-7.354263419443960,7.2564746994552500,4.561335849418280,-1.3446193509368700,-1.7458469673137300,6.8110241385982100,-6.033697913855830,-0.5774500787479460,11.766934847628900,1.0268469065225600,1.1631720042685300,0.6135614460994660
0.6277222932569880,0.6795615486215780,0.6304581466641160,0.4734120818875960,-1.0916450168262100,-0.38366960420042100,15.104744714544600,-5.43126851411426,6.301598277430600,6.373353041135410,-1.7448451414484800,-1.8921445556760700,2.9075329973792900,-8.857182554663800,-0.6163502870874200,10.128213239028100,0.3905777774145720,1.11765316668855,0.6123700432728370
0.6786440318577120,0.5867345256580460,0.611386448048689,0.2472354622594790,-1.286686068304990,0.1821511205795970,19.01117609188780,-4.714953132221680,7.671015597187920,7.357428965266100,-1.0631995555739200,-1.827885001936300,8.675560198085380,-8.152438014775250,-0.3527468076761430,9.739695946379290,0.8752759492614460,1.1251230809744700,0.31829393799596600
0.6267874147313370,0.40749524969035000,0.5870360422480970,0.34385725975666300,-0.508397214470237,-0.4391983182959230,21.729223329419500,-9.882132000030140,6.652640312149320,6.516887468948820,-1.3017079757893800,-1.930109958432170,-0.4655872161568680,-7.756424880839540,-0.9206508377616670,8.000686234118100,1.0985152435690100,1.103748599629800,0.8117408680542890
0.7480600044738100,0.6523751303462960,0.6746694007178440,0.5714686649260530,-1.9340445149223200,-0.009289760730422290,16.463721252176100,-7.189819804901400,7.440849163011840,5.672562436745610,-1.5376759857376100,-1.8025382788434700,6.254259542769570,-8.777675193571040,-0.37530449009240500,10.590316787699800,0.4258220008384470,1.1089249655646200,0.3830853408257160
0.7633281712770670,0.2856766263302680,0.6546387215582390,0.5751799770903270,-0.9045350131744500,-0.1551895696483740,17.15325953204770,-4.908327088881850,6.651655676325120,5.188959068909130,-1.9782428599165600,-1.707131139438080,4.755046668765190,-8.427760101931380,-0.3294749634703460,10.686117358193300,0.5317511416306840,1.179630721756460,0.37038808951684300
0.7914154074996160,0.5301545738330780,0.5974253283706600,0.6400534314777350,-1.8507188281819000,-0.27280033845756600,19.207514169251400,-9.382718457440630,6.53635394680284,6.686975050867970,-1.110976329371550,-1.4820957312255500,-1.1433680341096900,-6.47371721161167,-0.8161377790919610,13.916780096989200,0.8284601365425850,1.198720507248620,0.5447984158262040
0.48431552035096300,0.5808132440452350,0.6696024021780060,0.5873197932412680,-0.2906403945185700,-0.11045041946738100,21.101994337217800,-4.691301104334930,6.092787401547380,6.512001100428220,-1.4250300047456600,-2.1208416828579600,6.974558647479100,-7.12302591240832,-0.3427232782623550,7.626370685383180,0.7637647400685210,1.1207653358424100,0.6327241294729660
0.7874050267409590,0.3998399808331130,0.5948264634864450,0.34439632719090200,-2.242467367580550,-0.22662210606626600,15.691526522398500,-8.536839444127130,7.080650373534260,7.11219200835945,-1.7699019535201300,-1.9483493073177500,3.7315317444950300,-8.537383801845200,-0.47814564667763700,12.649269054002900,0.3089526370634810,1.0765282555954300,0.8280771840005590
0.5294987966723990,1.025063644360690,0.5472653655069740,0.3848400265313970,-1.112666112906030,-0.44606766862772100,20.384177017307400,-7.061743367040170,6.3144209473011100,4.350605612640100,-1.194166098520180,-1.9103390934020800,-0.5597787680683870,-8.679808940940150,-0.779446643618673,13.295917673773300,0.7842910275049250,1.1851371744661700,0.4883331600998610
0.4898072520487660,1.014823459262530,0.5647414295839760,0.4799863526124890,-1.708250633747540,0.16804328383872900,17.910573650567400,-7.819733371422220,6.861057798459240,7.249504046415300,-1.567985176626910,-1.8683242607048800,9.11441269534867,-8.989575836092420,-0.4630261464107200,9.559813142407920,0.568266513409092,1.0722390327893200,0.840616249875433
0.7764537609806670,0.4517843361099790,0.5666214355529110,0.33789638801978700,-1.6646574933373100,-0.6689493921412470,19.435821638614200,-7.263137376876560,6.247091402624110,6.064672598274640,-1.2962113818865300,-1.516741920586490,-1.9927229715268100,-5.723133366899100,-0.765977919837036,11.410537111043900,0.5335618902494360,1.1953332233811200,0.8559854322118690
0.5114789017838770,0.5977395251815410,0.6706343096317730,0.4376395505886450,-1.0513350701820600,0.03645402846157070,18.719674005107200,-9.538170246685390,6.910678633772120,6.024471533107310,-1.6621349572744500,-1.5101153227021500,4.841196241108080,-8.753536961268520,-0.6565662446349760,11.563401180619500,1.1750987970280100,1.154000367435840,0.6493698748348890
0.25635472318009200,0.9777102843328230,0.5709982761997510,0.6506732917948440,-1.0675055511626200,-0.011233270932184800,19.8153870698962,-9.940055839814890,7.210239000282720,5.853696978006690,-1.7390553037494800,-1.7224952484313800,4.205128596357040,-5.395624271637410,-0.4373244216119550,9.65254027468939,1.0635997234697300,1.1202088952653300,0.6955288242492570
0.5623712696507400,0.9266209805282310,0.6614522381857620,0.20761766447353800,-2.2352787034501,-0.019277369262512700,15.610437147741200,-3.3557110691105400,7.425002680855060,7.155031409297530,-1.9519084637386400,-1.9092404250826000,4.900048022105210,-6.335796028040320,-0.2715482781993970,11.548048591244500,0.29451065789669800,1.1191300341605300,0.7220943954433080
0.7139063386388060,0.5760890676200060,0.6257110352690710,0.21017903028372500,-1.7802735568944000,0.17680311424035100,20.315148802151400,-6.054452030038050,7.078697656813810,4.159967308566460,-1.0584481207170400,-1.5466870430014100,9.763700756414930,-6.878462497611400,-0.3675076186966000,13.424634908458700,1.0943064128820200,1.1430606577830000,0.6638873164167940
0.6891480899081570,1.0579150844770500,0.6347955161052120,0.4594899017249210,-0.2550350819247250,0.3808220782865320,18.674630854070900,-6.642031483342030,6.377230524853290,5.463637446625810,-1.4946599485993800,-2.099112461358190,7.369875369337360,-6.478611351191760,-0.3586605795483750,10.267804780181700,1.0641801232379500,1.1880367195199200,0.8236771585283370
0.748097259535153,0.7123433485733340,0.6696539079620180,0.4738159766703240,-2.174153001148420,-0.8400967356263850,20.86543376139990,-9.493277011808610,6.1974760018033700,3.762324773905130,-0.6228901324404500,-2.140002010900100,2.4279816731355500,-8.543107433151020,-0.8386573820817990,10.174276528461700,0.5842685061065070,1.1811016592277000,0.7629462617373380
0.716618642158242,1.092587619526540,0.56656386630357,0.3848820589760520,-0.32048089803932200,0.2899818962600550,14.027080703868600,-10.486580131079300,6.444605767932190,5.640025580020060,-1.9455935499314300,-1.52604170803951,9.901901274655410,-6.903733781914980,-0.9159224632365500,13.95772794318580,1.0000006731369900,1.127468299993700,0.5672996484546630
0.6399383230053330,0.7823137507958340,0.5720957236296830,0.6339563535865980,-0.383586769085848,-0.12068309216851800,20.155252252963500,-7.080471656757880,6.305918287804980,6.460426148347210,-1.5437102297158400,-1.9839503687523500,4.655654772004060,-5.428219818128410,-0.709105728567396,10.846963121521800,0.7156943322795560,1.054725968818100,0.7357608936844070
0.568193579475065,0.38734291947151800,0.6451963994189480,0.6732832137564180,-1.3389343369709800,0.05553391912853760,15.166194374078500,-6.868263210645180,6.142696318441220,6.327068142839260,-1.5307833530001700,-1.5269949927714400,5.0704256194538900,-7.160746778158420,-0.3183208228131970,9.635576706527590,1.169875510841590,1.1823122509017400,0.4587474474029500
0.6960438378134480,0.9935386671917340,0.6228939662712230,0.4828474801490380,-2.4675204133181500,0.06645862528000410,19.33464854846870,-6.2355948867632800,7.638104486096080,5.294057472031420,-1.9905401649762900,-1.9536699882751800,5.658750795617260,-8.514697087996390,-0.5674432060679220,10.924274120622900,0.33162478580747800,1.1113677565927000,0.6138666603839110
0.5788387821391580,0.6716049278777400,0.689798141665058,0.47209655667045600,-1.0379018470183500,0.2834639082036770,21.47837768619900,-5.028432219981070,7.743009381908100,6.2940714992606100,-1.2210024452293200,-2.1041866160968900,8.64931375744594,-6.955364305158720,-0.7273020027708320,12.0598624395738,1.0066197587078700,1.0582918726204800,0.3276094612387330
0.7354455565012280,0.44988223334071600,0.6710343587747410,0.5305503190814680,-0.4985423145428620,-0.1671885998918450,18.0766355052303,-9.016561253771670,7.154398019264980,7.747370014267360,-1.29364566332655,-1.9445103639161100,6.612549932885890,-8.479380590281240,-0.8064772397356960,11.839648629191200,0.7939826325430270,1.0005050221310900,0.7169506329376670
0.741527041774152,0.9212294357394780,0.683332526450249,0.5611681122879010,-1.389819932130930,-0.8785967180346320,18.528764434783200,-6.0203326118697000,7.103169836231110,5.219854843058780,-0.8546461837505210,-1.9878564136052600,6.726810873885570,-8.339294778515620,-0.6262547953385340,9.331173152048680,1.0537290808091700,1.1891239318158000,0.5314592509894050
0.5952611644695250,1.0259682433550000,0.5650316024892820,0.400084497619452,-1.1793980401099400,-0.6297334342112460,20.38339455266030,-9.511825159240860,6.699801289320960,3.3584007963802000,-1.1076936821624500,-2.103208038732790,2.293650603282040,-8.4645139635269,-0.8477899464638330,10.81876457847600,0.8909792217787780,1.0961296642218100,0.5498592170975000
0.6106728824673120,0.9176735148530640,0.6589494640596330,0.3750714353452080,-2.421476813057680,0.3286523234316810,18.375194219737300,-9.24714561834062,7.3570950534599100,4.902967069781510,-1.6567804636871000,-1.6240916312916300,9.957713602668090,-8.803903500192190,-0.5939687072152350,11.412236085723600,0.46318330587495500,1.1586600891469900,0.9397264550898100
0.5012342303854010,0.9346363575945150,0.578903446020519,0.4122263289488520,-0.6955635896713130,0.2374993748270850,19.606089827434900,-10.169791641455100,7.498378373965260,5.574464167708130,-1.996694079059,-1.6834747043321500,9.704446387940900,-6.745260924298330,-0.5761353332659460,12.211258825154300,0.653117177068478,1.1956018407401500,0.7123767439360010
0.6616710692551940,0.49525372177350000,0.5310500782675430,0.5949068604389940,-1.5599523026475200,0.055074456798146000,16.42667730338650,-6.674539700688290,6.414153722240020,6.533797131194250,-1.6585635292465200,-1.6673048481444200,4.269211280705740,-6.961856758235820,-0.4957036942089720,12.45019628411830,0.9057859514530550,1.1318255202528500,0.7883760356197910
0.7217583818420180,1.0710851982627100,0.576373145601703,0.2936625961266300,-1.3505186597682100,0.06285665441695420,19.066796560374800,-8.196660272379520,6.817754094138180,5.730537433430570,-1.1225654671399000,-1.9641382405867200,6.064175408224660,-7.823695872048070,-0.8321241073041260,10.408313307640900,0.8212647394975120,1.177703709614630,0.3600074617767120
0.7696208177220240,1.0295353326570400,0.6832905689204830,0.4720669004627010,-2.424510698597590,0.1910947907779990,16.724751370846500,-7.78264846859859,7.918097621417160,5.062790592850100,-1.4311271607993100,-1.5086126041832900,7.704488060828720,-5.918259348209860,-0.6766855938491800,11.649893654583800,0.7574824579457620,1.1437249245038100,0.6885429940382630
0.738887076301331,0.32689038528645,0.6389457517166030,0.24597905847232800,-1.0560658504441500,-0.20455599701125400,17.904718153908100,-3.70163493943695,6.4279292525002400,4.846617490063300,-1.677508855608570,-2.1860117093138000,8.066983904018910,-6.848353853472020,-0.5712704257569300,12.90090545680800,0.2031221291780340,1.1988991470783300,0.4880709384233000
0.6219661996443640,1.0958815668586700,0.6242574418461960,0.4368674535507810,-2.3278099468850700,-0.049557875196081000,20.868826603888900,-9.862497591555720,6.012586915728830,4.736279886173060,-1.957521361010030,-1.7019796824701200,5.496667877828770,-8.356146713310830,-0.8523639031978040,11.791830527128800,0.47790725367707900,0.9561793958251400,0.9822345709821890
0.6074876276214340,0.6907815473055930,0.6958798631617320,0.5610961211554980,-1.3864376394164700,-0.6039207869016940,19.819096277629900,-9.772987219539990,7.078043256222370,6.581564847594680,-1.0282412122597700,-2.039725182075670,0.9374768028266950,-7.344833206934690,-0.6871808012097240,6.400059476597830,0.6680301612018890,1.1951903884058300,0.6599445045239020
0.7205956554089530,0.6519868118046700,0.6288279845973090,0.45130397925513100,-1.095205959506810,0.08016677692227300,18.639568789879900,-10.672378413379300,7.460625680920630,5.5935556790898600,-1.65651173183041,-1.597357852836540,6.774722059222880,-6.020228380153120,-0.9338128455923840,12.838517454425600,0.667272642132805,1.1642770466927800,0.4854595236036560
0.7199550566431000,0.9765347994175830,0.6569737214183800,0.2452102051555840,-1.3150787645229300,0.32491258293302800,19.33527221360970,-4.57558661740419,6.10035682650996,4.848855157865690,-1.275770040320050,-1.9486860790551600,8.631733021974310,-8.27896287011871,-0.1781888119267190,11.877469410360000,0.2962237245667990,1.1170781112571800,0.8329512851330520
0.7934216269363860,0.8826925286372610,0.6347460073014820,0.25808572974276500,-1.4528071054993900,0.19708700126627200,19.53753186159210,-7.413317709355280,6.516380944429730,3.6485517055106500,-0.957872806486282,-1.9084685992089400,9.63959340140932,-8.58156166378028,-0.48730011677702100,11.62002387275720,0.9382985870528320,0.895666581513103,0.8197078468300980
0.5629450455506130,0.754868778804691,0.6455228588007330,0.3238293044010170,-1.3942930210194800,0.022316739040798400,21.758847687319700,-6.601775068674040,7.62381634409939,6.080568789261030,-1.3881369520265900,-1.9901054224297200,5.3864195062908100,-7.704884438526390,-0.11236084111208000,11.524947992714500,0.5964335017209980,1.18570383253043,0.4264348907992290
0.5973912594803880,0.6292406847616060,0.6188085018549520,0.3394597042114990,-2.425600111543080,-0.00446157607407538,17.162520336663300,-8.2269187123193,7.055906140383190,6.054377572323060,-1.6018793005046200,-1.7435399949925400,4.949858747549230,-7.230152245942290,-0.5030005051285170,10.823315197222000,0.7202265643582410,1.1370450259357700,0.7218227690396220
0.7546453227399270,1.0680829119653900,0.5270946164728350,0.39066699031396100,-2.4368932208811400,-0.30403011886155700,19.973598869506600,-8.929368082657550,6.319245129508990,6.976489798462520,-1.7477886015557500,-1.7603608121560100,3.9286025659535000,-6.975461532051040,-0.7538361036799950,11.390005960045800,0.4231252432684410,0.9293578637268010,0.6560172044926280
0.6507953708176160,0.8906466025067250,0.47822343841302800,0.4988420940637700,-0.49208600312970500,-0.030289225388042500,17.40032315237010,-9.60013832693451,6.132681999261480,3.9802923214411500,-1.502923871967620,-1.7821156414177700,4.270050017134730,-6.5900405329151000,-0.781774597254479,11.271752478711200,0.8562550230099970,1.1921852468701000,0.5337870605670630
0.6992815282860880,1.0519944085008900,0.5010900766631250,0.3895699402410670,-1.9091633896418400,-0.14539890300612500,14.989868126823200,-7.282646481991100,6.371566350480680,6.272429946769690,-0.9760856737173310,-1.77299850551166,2.997372953759870,-6.93807501379236,-0.6378093260707200,11.165078024113000,0.7361780628953710,1.0292807843625300,0.8535018771693910
0.6701091051233730,0.7630210372605770,0.6779266982288090,0.46520020958452800,-0.34091576804187200,-0.32961702974377400,19.668585431149600,-10.289879148171400,7.8103073379517,5.510324993427310,-1.503805534726360,-1.7343657210747900,-2.153193340531750,-5.804296807345540,-0.7087605195662810,10.022724624730000,0.8635793820948130,1.1792928293942400,0.6912606102166030
0.4020122984142510,0.8547228875431480,0.6497952089442420,0.6833900020070800,-1.913566297565650,-0.08907478973722330,19.591857324214000,-9.43350832095438,7.653043084202880,5.702117252031190,-0.8805223194017430,-1.938695745052840,2.6966731780943500,-7.753878381770710,-0.3768163519669190,13.95835499709370,0.9507844883844270,1.1972527553813200,0.6482219441891300
0.7548864003317300,0.9742445129504110,0.5150102199230870,0.5679821202114150,-0.703638266289684,-0.7699769198616990,18.74506468927090,-6.676997032661560,6.129645940277580,5.859683401112070,-1.8594608304265700,-1.5280666880514900,-1.1340808071255500,-8.326555966254450,-0.3854117776673950,11.832348347124500,0.5498484779015640,1.1933279131324600,0.8660438268909980
0.7018496958846950,1.088780390751430,0.635561582443825,0.38196657979149400,-1.285962800294040,-0.10710185127218400,18.096425647665900,-4.154472523299680,6.189337624283250,6.143021171745890,-1.46598679619617,-1.8229130127913200,9.34207693171901,-6.103736887941040,-0.42776834271742600,8.315179514121730,0.6020443843867380,1.1851734778540200,0.5135127210395200
0.6428457056036500,0.5665552851737430,0.6408294379567790,0.6077107815449230,-1.4249217814605700,-0.20730870017961700,20.811177076264900,-8.446467948605730,6.990484111178280,5.955753717840620,-1.6632636233655900,-2.155812850181730,1.665877928658610,-8.067545495239640,-0.3747546195739090,10.042824919280000,0.2663701209592250,1.1292348477346600,0.8786114108443820
0.5546749530617260,0.9524865933989480,0.5052806289071280,0.452581537226428,-2.2473913084426,-0.11584817122491900,20.033286214783600,-6.519043479701380,6.200392890822770,5.430301016347580,-0.9685241445155170,-1.586076884253760,-0.5644942177434210,-8.136754810642180,-0.43450542876325800,11.526883742367900,1.1016537542629700,1.0766947023686800,0.9506750997585200
0.7574823468617210,0.9535648940694050,0.555914621187429,0.5840802766369780,-0.5171721838954830,-0.4388953518981850,18.896071754379700,-5.25900305198237,6.110462461083090,6.8574621901344800,-1.8823075036092700,-2.1069265704570600,4.962584497393850,-6.397007832354500,-0.48531502136242900,8.710098935179900,0.2995290952279290,1.0628761908171800,0.4369285418496200
0.5360404026650670,0.910840699097632,0.5047882943397550,0.4574668751916620,-2.058517207471360,0.32589859277687900,19.55645400755230,-7.186046125918390,6.6926295877196500,6.77275860271584,-1.9364354483866400,-1.5984432134626300,9.83931445209989,-8.514094239709760,-0.7854625449960570,12.33044302438640,0.5271932338200690,1.1403486306760400,0.6713772372641710
0.7620174422226670,0.6673324679566520,0.6705998196619280,0.5819740623434090,-1.8185521992590600,0.2190807520626670,20.440873131795600,-7.825378274521920,7.285231775355720,5.082055603031510,-0.8267141113306500,-1.937959466724380,8.35865995795242,-6.890222964211460,-0.616198788375768,9.745486442444320,0.6038432219605130,0.9508403600675490,0.7542083169413810
0.7997622526364810,0.878799053678881,0.6156266218230290,0.23433715552725400,-0.7207452821100270,-0.6372778563057930,18.65836356500550,-9.774984109904910,6.758508941025900,4.845743133445010,-1.190782978704520,-1.820443377535910,6.729262791787300,-5.235227832693740,-0.8349559673242180,7.889875189238120,0.5246614331360310,1.1660796949915600,0.7893108382594660
0.7187651333826840,0.8564140806777670,0.4861269916582780,0.6261704062640350,-2.273441425431890,-0.4892666509281000,19.516447041662400,-7.964387861815010,6.237935439690970,5.794095568687600,-0.7067444736836570,-1.7269871189806600,-0.20417232696450500,-8.211062718861790,-0.6948039980444870,8.641244595187020,0.8939696387272900,1.1767740251651100,0.6574213499364660
0.756185587147166,0.9224361944929850,0.6761472639157680,0.3712180650242440,-1.852242799993250,-0.31064485216416400,15.888353379907500,-6.323390908153970,6.735833913324600,5.6333945259969000,-1.8331999990572100,-1.7056841851284300,-0.17479526223625400,-8.32327372177662,-0.6577113608712500,10.686162060338100,0.5071241277141150,1.1850792461137000,0.4965828970458130
0.7911858747471260,0.27467248955263000,0.5922731193664650,0.3878821955338420,-1.5008405188357700,-0.04894414343192570,17.792396053478200,-10.429350351354300,7.019629782773130,6.544241183851740,-1.0158741294150700,-2.023322146273700,6.361457092190310,-5.545947772400780,-0.5411038545961630,10.539648742236400,0.46594579729550900,1.060509069480320,0.970475630448058
0.7856787527693160,1.0113758430624400,0.6472722242297210,0.5059235118992290,-2.326686794905630,-1.0968289971689,20.482913357949200,-5.910604880563880,6.382097375801180,2.6264381014818600,-1.2639772348211400,-1.9123115472181800,-2.1907630963936200,-5.733983903035170,-0.7926513764970770,12.89405956576770,0.3546195278464480,1.1323379128390400,0.5970029248419030
0.45214356638884300,0.491285859404334,0.6777466152689180,0.3718040378280270,-1.5267865335267400,0.0640794812082065,21.58789778443230,-9.578751879789090,6.962851701842530,5.831082133592430,-1.653421447754520,-2.1838860766539800,6.393220649779390,-7.886688326434880,-0.9367571736343810,11.589601319015700,0.2832500254380800,1.1143376138562000,0.7081423536578180
0.4841711200430390,0.8892247671153510,0.5995356097450020,0.31714066182671400,-1.6945265896875000,0.3760115322934450,18.824034850048200,-8.049125412380500,6.855569467128080,6.366411206672650,-0.9810637677244700,-1.8480093943195100,8.456538734199430,-3.841871671494040,-0.5405090504322330,11.691464996238200,1.019144588808080,1.1241155355312500,0.6810935959377750
0.5870435672520960,0.3451245875883380,0.6335977274998730,0.6968357565860400,-0.7646731922559090,0.09733824702444940,21.204899266624300,-9.057707856239480,6.24687862297425,2.2428628261890600,-1.3217609312333600,-2.161832486366120,5.688666304989900,-6.160902030280660,-0.8418626735476410,11.721602952149800,0.8235468939962560,1.1080964539028800,0.5910245838869970
0.5523424477683090,0.9618724159299680,0.5333365744661490,0.557421080485965,-2.4812738145060400,0.07354187771022390,15.214949904105400,-3.4102734415259900,6.762081753951070,5.947489889324530,-1.9309690665440800,-1.744553131759880,4.559813215060100,-8.814027641844390,-0.08112748079240700,9.91044658820707,0.4320641704314630,1.1906582109133400,0.5492354104109540
0.76709438160785,0.37310893925971600,0.5446388382647610,0.5210487171186230,-0.6699025526787590,-0.24874596144438,18.646611707707600,-7.6247365649936400,6.5088030719313000,5.094383542776050,-1.7034433595397100,-1.6163329044525200,5.290861359774190,-6.117177510228510,-0.563261288104287,9.007485277463170,0.5276594985604420,1.1789961514607800,0.853017850862263
0.6410182461337710,0.8001453560674840,0.612162474189645,0.6293112998340550,-1.6496200001009300,0.10082869867848200,18.78224660575120,-7.369285937001500,6.754755564305760,6.173886283546800,-1.5275175581120200,-1.5546101080240700,8.653910059241110,-7.789235462648260,-0.5338690534709700,11.841906571548900,1.1161180014411300,1.1054145680606700,0.4161466901947120
0.6525106022401990,0.8145752363889320,0.5815504819715180,0.6896362044872430,-1.3116855734941800,0.11896650438144900,17.92708845367420,-4.163971944950620,6.507145480697330,4.510012327807930,-1.1234817340999100,-1.908717060749400,7.610995417737980,-7.267682617151790,-0.40449175591864000,12.270966609355000,1.141040323262100,1.0954296258685400,0.5047545564801060
0.7051989500994280,0.6569314014499580,0.629760127110555,0.4754495270437350,-2.4877327839949300,0.14779493814335100,19.893060122104400,-9.392923736512720,7.052700757852740,6.214381709138520,-0.568798664020385,-1.9732658540959900,6.211925942886100,-4.845359375718590,-0.6250551407697410,11.757676118195300,1.0511955950615900,1.1688206551589600,0.4413534807947180
0.6637337843297370,0.43476322852443500,0.6271450768049680,0.578845633712905,-1.0379627917834900,-0.6422508161821400,21.029815903610900,-7.096274824892670,6.811182712430250,4.078496694710780,-1.097680440644370,-2.1077041105195200,-1.6705905594602900,-5.704773466266280,-0.6352671537036060,11.974406798294600,0.4330632469133040,1.1861503904928500,0.73804466493239
0.5635557693728830,0.6773149471854670,0.686408175650289,0.4167775186626870,-2.433549611243510,0.041808664142006000,17.960294339953800,-3.980753694219040,6.100691309668370,6.383875358120760,-0.5745010837287240,-2.1596220586076300,7.640083136066800,-8.731624873022590,-0.44171533359266000,8.943161385098450,0.8071872258189560,1.0647976072576100,0.47907849275518700
0.45200294567499800,0.8737476610896300,0.6590834763876210,0.5886126036165390,-1.1087031798305300,-0.05709487855831160,20.841416905540400,-7.7053687667902900,6.950767965242510,4.318842391436950,-1.6447603113351500,-1.583285142351050,1.0732716713877300,-6.589822678149760,-0.341913750267157,9.831342273673460,1.029980143271780,1.1586891078664200,0.37869726823934200
0.7152394393740340,0.3205675675176950,0.5356709996174890,0.5802601343335730,-2.0980748522168600,-0.3817604684134060,20.801850466413500,-8.018674774780320,6.331853789105590,7.225341382509230,-1.5895490223159300,-1.8361800192795600,7.391582525724170,-8.856125364300540,-0.5344415972111280,8.594051502596630,0.19359876474482100,1.1480962389025800,0.9264302207108040
0.7296047478899270,0.38189824452148900,0.5453670930239260,0.43137934170837000,-0.30045005913565400,-0.13022790624573100,20.35320381027870,-9.778349614849090,6.693946934710570,3.670825310009130,-1.3640066505487500,-1.9814647573384400,7.4898560649273200,-8.556049691745470,-0.4484726299799880,6.3463433688096600,0.7438974946037280,1.1585519805608700,0.9698276115104720
0.7354744851024600,0.8149854783081000,0.633875062815932,0.5000471373635240,-2.2547045218260900,-0.669328025956733,21.941299683166800,-7.859420963348400,6.176769491047630,4.321871867216970,-1.9667771090698100,-1.8714955289662900,-1.310607834302580,-6.5181295555824000,-0.797270158905071,10.510919450806300,0.25614485376287000,1.1723313821232300,0.43150808327223500
0.5350558558044730,0.9194325947922800,0.6207236199726890,0.3562727441776160,-1.3226747705530700,-0.22978681674217500,17.728160819902000,-7.939370628020120,6.823084713764110,6.166461038859680,-1.4816066394407600,-2.039930975666710,1.2651580310226300,-6.663293545801500,-0.7577993267965590,11.38118247011820,0.4749143297196100,1.1387724606210000,0.5468933913966930
0.5940833374983750,0.4976846265019730,0.5517986428372270,0.6154296029595070,-1.429580805533760,0.1142280562295470,20.23769713293950,-8.059984091819480,6.0465006616054000,5.718582598165830,-1.8378140447973900,-1.9018421530276300,8.011089999785690,-8.848546966082770,-0.6463778649346180,9.358641541710830,0.5249133914619070,1.17472236375693,0.32283443201771400
0.7704268433783600,0.6860065881225820,0.6795889347533780,0.5579447744688140,-2.386773900180630,-0.9272678398493710,17.056506414762500,-8.822376988669360,6.39435091631265,3.4130663253785800,-1.5777374779005600,-1.9858645645977200,6.123458392824650,-7.22267560390716,-0.8610655064075490,10.605252152761600,0.15795703977911800,1.1471165897959500,0.5386167012742530
0.7988105374598320,1.0708356760820500,0.5447884331879960,0.35428046932296500,-0.82525270286085,-0.37159190091896000,20.390067796096500,-8.82841072204194,6.200259673156210,5.8768230241870500,-1.3840786650656200,-2.1257215386158800,1.6671822028686500,-6.959838652995100,-0.7666222162563240,10.056764542465100,0.6916217323001980,1.0486256873370900,0.7777623601232280
0.5282490668863470,0.917375586819641,0.5889830127501960,0.46458696189998500,-0.8546622439536,0.014568886665546500,21.97675263734880,-3.788057342433560,6.371726136921000,6.68479973669733,-1.1932811853927700,-1.7832761873530200,7.052733365396800,-6.7916539342749900,-0.12506028724710400,9.856693796554870,0.9284506348934020,1.1118628713428300,0.9662518283962680
0.6096279961468900,1.0688508425633600,0.521698214136439,0.6876839561819330,-0.36490217838221100,-0.08710466101917290,19.641185675212000,-7.008967474983600,6.615258714272630,4.674147072021780,-1.9944698811551700,-1.6589023605847300,4.253440122541590,-7.310271188829640,-0.3871969502272060,8.288070082218160,0.7683174685429990,1.1899521546351400,0.5464774676312790
0.7813851548916810,1.0950866637052400,0.6301198951235680,0.3016888384929520,-1.5143529011939000,0.06031121621164540,20.60934953723350,-10.541301719152100,6.833296095978870,3.4141724113817,-1.6137757131296700,-1.8172645267058800,9.241427528288840,-4.327614881528930,-0.7573707513768030,11.28720311398560,0.39209474759134700,1.1480104932678500,0.6451493232140560
0.797267988304182,0.9176368851778320,0.6987868370785990,0.49944353918397900,-1.682888557739680,-0.1734088913637440,15.131975522449700,-7.223008229714700,7.598613861810840,6.989638409275450,-0.9558178742086000,-1.8371404101233300,5.129259578523830,-6.835235762566900,-0.6745760689079400,9.274261253824380,0.8419113406906030,0.9740124684715380,0.5590884044697770
0.6359201675311050,0.6357046431424900,0.6982366057806660,0.5593607886408000,-1.889362532362790,-0.068396515027001,19.905480297092500,-4.773635016949610,7.1345425098651900,3.6894796856664700,-0.9430025137685630,-1.9681039863953400,8.019954333753480,-4.998022956599300,-0.3620260163774970,9.421706543748690,0.6006381906688770,1.1882144321545900,0.5905198112512980
0.6014418910819600,0.9030293436649680,0.6611556527473460,0.5772531646843000,-2.0379249124839000,-0.3841400045117200,18.31996607133190,-6.283833682837810,7.053573243162660,7.707432842515320,-0.9760274874466240,-1.8108264261863200,0.6380057951884810,-8.053806934418020,-0.27505261501360500,13.869671812846500,0.6836751552502910,1.1367545936097400,0.7290886077024870
0.5672940428180370,0.9650573504698990,0.651252897150942,0.4773162430502970,-1.5799607984058000,0.20095722745339600,18.32326363803560,-6.540113822283230,6.8444524146334600,6.20790812746447,-1.8610943846486100,-1.6192952275939200,8.724760067722050,-6.464997570659800,-0.6297254693860630,12.761815212860200,0.9698929616572670,1.1311971203950500,0.5913955734268430
0.38573433791198300,0.6805281479955420,0.5920832623633240,0.29584699073811200,-2.098982813702560,-0.3205022236483460,20.078571212308100,-10.015889379179000,6.126799152182190,5.75038662270954,-0.6633130691671680,-2.116725469313020,-1.8109153492684800,-5.809560415132020,-0.76707398116453,11.804224039365800,0.8145054040466330,1.1816626878977200,0.9212855439735590
0.6966064909573800,0.9429307475059630,0.6506067208915400,0.27039211658410700,-1.642918143258440,0.3760475268419520,17.475422040321600,-2.581419353800340,7.432347941989990,6.291209224672390,-1.8292850242526000,-1.6312488619466000,6.822692113391520,-6.06753471414682,-0.13400444594260200,11.784767313721700,0.33941729149316200,1.157988778705500,0.73760867489232
0.6243978051705490,0.9727632213150500,0.5754433858979570,0.36094854106046000,-0.9132452578246690,-0.4096480529985530,20.172959849322200,-5.733795969778440,6.0395650463972600,4.571715290436210,-1.1756964896621900,-1.887738169873410,4.3272710238947400,-8.71204774404752,-0.7140851887811450,9.056927957869140,1.0015923043910400,1.1762037284186400,0.32714943633678300
0.6580115440772210,0.3799423842401340,0.6422345993980340,0.5803395283974420,-0.9797356230684070,-0.0045341670803733500,21.245979212019700,-8.41961580291248,7.579903028524,6.031790592532410,-1.4323254507351600,-1.559554534426710,6.629527155775240,-6.50182979262623,-0.9101340117726290,9.809283325374600,1.0423480499309300,1.17479886604423,0.446901338900484
0.6668906417184960,0.6688536077294700,0.6763916856248690,0.5424502936974760,-2.096171854195930,0.4642616281281920,18.71581584523720,-7.262765082337720,7.857483386950670,5.643127653284250,-1.4556933605422500,-2.0232778954492300,9.865414900556300,-6.8565374049099000,-0.27727907087768300,11.482268006129500,0.32434591635657400,1.1255217743589800,0.6837669591914580
0.6910330265382540,0.9203196776911100,0.652191643210144,0.2176674762602130,-2.457216405535380,0.11078525149277900,18.161670962721800,-7.475967809032160,7.366699890126300,3.264864660982020,-1.7871747001845400,-1.8706173560690900,9.866051478148880,-7.873936654588570,-0.6198442577618910,13.415013073622600,0.3185131647041790,1.1775743611010600,0.5966477641319730
0.6233431739326260,0.9008003726276930,0.5630773535503380,0.6783508319134150,-1.4952647174186300,0.3015720375693560,21.705339504807800,-10.02065270577420,6.320363084818700,6.786302780047360,-0.9021220159331910,-2.127116393257160,9.6207702598132,-8.771347399241710,-0.518287974592013,12.450888023834500,1.0651628424196300,1.1311287466144100,0.6267041910288540
0.7337461624007400,0.6525542834364540,0.6116556303126600,0.592412452597112,-2.4206961388534800,-0.2313662904546040,17.179967064319400,-7.642108101690720,7.038266555346040,6.270279000240230,-1.5046971215923200,-1.5417604729434800,4.376154263666740,-7.859883369481610,-0.3125896652427010,10.841273720026800,0.47087227039053600,1.1866839046258100,0.6732132220689380
0.7826128773719810,0.702315691477867,0.628267039105577,0.5588382700453570,-1.9597704968428000,0.3351908527774830,19.975169797516400,-7.14773079237005,7.439024745455960,3.947060419289230,-1.4379925588873300,-1.748370767287190,8.325967058242380,-7.161180312835730,-0.37971176591064200,10.347669127097300,0.5282421531581880,1.178161777688780,0.8686900150578710
0.5009841872435570,0.28922375160417400,0.5843350844575350,0.6498349065570070,-2.1084388366443200,0.27728583624649300,21.29013333059720,-9.444730617790680,7.817256615764390,5.056725926860350,-1.1507657840108600,-1.5849091223957700,9.654555264025440,-6.984550492769400,-0.7911228244767460,11.397591630732900,0.8556022818649460,1.1789173111004000,0.3491379492134570
0.7974848871116000,0.3510663184166,0.5407874589229000,0.6937247302544850,-1.3768476426837100,-0.9347847460830170,21.538566078926500,-9.263622054983200,6.298991630866270,7.5435948440218600,-1.2024983130860500,-2.0694271108791500,-0.7253123009865530,-8.821763340984020,-0.7971359679861900,7.702931983726950,0.2994863754925930,1.168701582066080,0.5149587563872020
0.5235418464727390,0.6405969406017500,0.5748705804625870,0.3952353690858280,-1.2060439686898700,0.07994899280126760,19.627570454916200,-7.878403455092060,6.639509609958480,2.050254550252360,-1.469071013470440,-1.7428764482404000,5.402349911621270,-8.544096455418560,-0.5893341897828910,13.811295620942200,0.6438810467215840,1.1370494719020700,0.6465955454355560
0.791533985515281,1.060311899140740,0.6153128818323000,0.46630582732004500,-1.1242516338309100,-0.09510730686830780,18.62265344224170,-9.162772050391770,6.964519465689590,7.342250586998500,-1.678045011187980,-1.9909859990031300,7.6772933303290500,-6.702045997625980,-0.39646281762068700,9.372734921542790,0.38009712872887400,1.136233003558000,0.9903015751426350
0.7388821800074540,0.7295804553931980,0.646889014219427,0.5490057239449090,-1.5473746326306700,-0.3966200667237850,19.820758096024900,-4.862092221272550,6.077472194701070,5.790068764486630,-1.2740204635588800,-1.8388484771404600,6.588638853180900,-8.41780859585504,-0.523498840966186,11.671685939735300,0.4735997464709590,1.148629504362170,0.6342084132156680
0.5828473832092740,1.0118394912178200,0.6140798533987680,0.523401193439032,-0.6601439805309890,0.07103904437746050,20.423119423723600,-5.9426585920813200,6.678726412402630,4.193138066791330,-1.4018991623042400,-1.8331292883834400,9.01528887626666,-4.978259110569350,-0.5797537327372570,12.388358526951200,1.0572284978034300,1.193465261856090,0.807122420488494
0.7159546714953210,0.789699220561349,0.48458540478689300,0.2200660299420550,-0.6287521823030280,-0.5482476469115560,20.499372386617,-6.214286467674320,6.60454494153577,4.190137415041000,-1.9363892911388100,-1.9239540168852600,2.4625129103451800,-6.650611834391510,-0.28178993306585000,11.137976505556700,0.44615700798459000,1.1861677177354100,0.8429020196686940
0.6934945700954740,0.9253095834374230,0.6724881039361300,0.3914135330564670,-1.0409679250391800,-0.16067269869334400,14.967884909840600,-9.774836072023300,7.024341093164350,7.103379226056550,-1.3407805742513200,-1.967662554019810,6.114980237299620,-4.451743813134720,-0.661543514668855,12.247802288900400,0.5274235587827910,1.1924494461288800,0.8438388164696580
0.5478179303551450,0.6944263006588040,0.6703947951207680,0.3370724546516260,-2.257996524488000,0.22227710875921000,17.546804639910800,-7.247751060583730,6.959795613326370,6.068884445565610,-0.5472764131450700,-1.9853316117439300,8.001200735708330,-8.32267549106728,-0.41518617072936900,12.6594290939334,0.8070793463288710,1.1984909763796800,0.7733472961072390
0.42792329608518100,0.6937373526973950,0.6393710318985240,0.5213406570366910,-2.075112639353900,0.09904758013892910,17.983058656042400,-10.456121822371400,6.533503151711950,6.705109606092920,-0.8751102137520620,-2.1724233422901600,7.970134306625230,-5.54816189741088,-0.9181960020632370,12.473079339059600,0.4835887930165270,1.187582999614210,0.7100185350001410
0.7549179657529480,0.5267297100526590,0.541730822085802,0.5724789061802950,-0.16710391752725200,-0.013512586042885600,20.95761915011960,-9.034064887139370,6.575389619025440,6.41255297429214,-1.8308549300305100,-1.4978801694172500,4.550825882886320,-7.659306845819760,-0.25130910350230300,9.886627443116990,1.0444907221720900,1.0413208997945200,0.6914630942585580
0.7247851933994420,0.593295356206726,0.5917853442084190,0.3445956727154900,-1.5538141117114000,0.10228839768823900,20.9363794921183,-10.758234877995800,6.381737175200050,4.825189335308620,-1.8967986595408300,-1.5879810916929100,5.647400429800420,-7.9279650729627500,-0.9343328022200250,10.890485667313800,0.41868882129721700,1.1461782310766400,0.5239843886149180
0.5128623403648230,0.7454282791444800,0.6830900021177200,0.5097704973164570,-2.161743225808360,-0.22214834892170600,17.169001578819400,-6.610400480674410,6.146913584140680,6.406870534197320,-0.5979279242355400,-2.1197762824722000,5.244016977476020,-6.954244816039340,-0.734768203764687,12.74918314957250,0.7737005678679900,1.1698107921999100,0.5187601421105830
0.7611392163959090,0.8676800975284050,0.5457969923783110,0.5207247003909040,-1.356720018372830,0.05252680891652860,18.688155949668100,-6.05034958839618,6.956471256981940,7.965122231952810,-1.71591535579095,-1.8707240990602600,7.198434413821450,-8.385915730575240,-0.2621118655308270,13.45054812344900,0.49484195584447800,1.1038441183841000,0.8258280585582590
0.6027413466463510,0.44986697301014000,0.6903449386923070,0.2043102557533620,-0.813329587297493,-1.769938303684540,20.97165217399200,-3.373996203963500,6.599319030659200,3.1986839479146800,-1.136295229309170,-1.8210482593654500,9.349503750617300,-8.102412314151700,-0.374806460760758,6.452852296346660,0.8416822277219300,1.0546260545325100,0.7803503953903630
0.6410604875322080,0.4443820974013960,0.6090370922426320,0.2156660685397440,-2.268967717218130,-0.0525381297190196,19.512350738098400,-9.591113610348640,7.030837721778090,6.038171029732800,-1.5795630247248900,-1.8677761923667100,3.0209012342928200,-6.043394339503430,-0.30715204751566200,11.654725496786900,0.27664832460937500,1.1963962238386500,0.7459005894374420
0.42090236776205000,1.036832731715980,0.6531424215590140,0.3056765404514510,-1.6024578471654500,-0.057526050898851700,17.187251985249000,-1.7214484417637800,6.251767950038200,5.6080656971734400,-1.0062534167851500,-2.102335889941480,6.121122823087200,-5.711184199298190,-0.1004891057438120,11.041722414204300,0.652554057679373,1.1240626887468100,0.7429552954425150
0.7491324948546980,0.9265821651450530,0.5182216361219750,0.2574576143537830,-1.1361423156950500,-1.3426158393087000,20.594850767181600,-8.991361465209490,6.16371782476934,5.151781880973740,-0.9768753961609960,-1.6652542296549900,-3.721820749952870,-7.148164409071270,-0.611302407199003,7.227259325947000,0.941815325379362,1.1948886666312100,0.8892619791421260
0.7424033197028350,0.9999313637365710,0.5743852927173790,0.5571760605307210,-1.687819108072140,-0.13517618073097600,13.847665519295700,-8.259210259340260,6.525976151743810,6.556706955973290,-1.2712571946827500,-1.8247209838297100,2.526215192364040,-8.831550352799990,-0.5276251950432460,11.900003259210600,0.605067482213795,1.0033800290842100,0.7688700600279980
0.6490757688411970,0.7106082917586140,0.5898924289672980,0.4831332483078270,-2.239232077754110,-0.1719036939280250,17.764323224304100,-8.55627088392815,6.725141057528090,5.656782899511190,-1.543964515719660,-1.6295435576457400,5.491818878655380,-8.959101404406900,-0.8082061407919540,9.344880456398160,0.6611164145002870,1.1203248821832000,0.5516262471046210
0.7875915721207440,0.6619270874079190,0.621682794412151,0.6236214396157710,-0.8982893416427360,0.39319012382510100,20.019432566499500,-9.386869332445140,7.483628087922200,6.044922435381590,-1.5728313638051700,-1.7631858272912600,8.862127754060860,-8.845833709254460,-0.9244779899585050,12.754869565874400,0.5486268207373760,1.080639945040270,0.5498342067412140
0.6098718531277370,0.26289577348167000,0.6316556680850560,0.3131673546472970,-1.81543796448423,0.08894975245214690,20.755222540254400,-4.723891052647180,6.646725128217730,7.297203203408660,-1.7945792798691600,-1.619440604536840,8.522398764483420,-7.507174364522050,-0.463033033942009,11.15937483310090,0.5604590087986030,1.1032271442099900,0.4968678303727410
0.7438753103344780,0.8870727489859310,0.5957864759843260,0.24095846281252200,-1.7611968080082800,-0.1085607938370040,16.353400532471500,-8.39108376756785,7.077453893308670,6.048053968775440,-1.8280480487737700,-1.8861152689506700,7.604633724594970,-7.099674298173100,-0.408094730873659,10.55945946668230,0.27835015910206400,1.1606496282619300,0.37867707055087400
0.628356275660544,0.5683269859758970,0.552680332551279,0.2700842853165020,-2.2053311077713000,-0.28026336066718300,21.18289540825800,-7.449665192422570,6.030495307513680,3.5381663159728100,-0.8992871524502370,-2.1108987275828800,5.0327156301614600,-8.334074862828260,-0.8861690121115550,9.768402067948310,0.4307981880448980,1.1780947432366500,0.5647405227925990
0.5785204166923920,0.7319581069201420,0.6638708654948520,0.5880974644881050,-2.3487127662780300,0.022786238519906700,21.103766706739300,-9.67976122412956,7.715648376381250,6.945545996076640,-0.9555203883714580,-1.886841149735860,6.626453940559790,-8.517330148596340,-0.5318190541031320,9.270170810809010,0.39328216613534000,1.0640223555791900,0.7044489270308720
0.5909635273993800,0.9950594793533080,0.6678753709393900,0.6120832564054890,-0.33284633298502200,-0.13600719003145200,18.51227783594070,-9.47768550035916,7.1721996076829500,5.7176376085572700,-1.3887618174496300,-1.904485526430260,0.47987223609627600,-2.807963257246410,-0.39983515706033300,11.193067145197800,1.1001687061603500,1.1903467458026900,0.472182197276362
0.5255262122507920,1.0326566041419100,0.6783844153376520,0.2867484916005420,-1.7151830754986900,0.1373183871347200,15.896292154370900,-2.052590103413490,6.560401801513390,7.064347899297640,-1.700511151008570,-1.8524141343628600,6.724435180276420,-5.639632298652050,-0.011645641866530500,12.687010477033900,0.4582247093250230,0.9376016383753400,0.5787971390742110
0.740499571276774,0.9822733086976360,0.5808393801242380,0.3200915047796680,-2.1231682480604700,0.21249607803534600,17.499442429881800,-4.162505003411140,6.216358169091620,6.712874733264650,-1.0305254455923400,-1.8716410945761300,9.501703244849120,-8.74152061707806,-0.4402714732442540,12.875497347572300,0.8403728768942780,1.09344716769481,0.4898087495425650
0.7783042329227650,0.9316861536752840,0.6280536943353390,0.27892426765538900,-1.6980916337063500,-0.140316619932396,19.218242733202600,-4.759190448543260,6.627416704035060,4.185236601282050,-1.8715495251088800,-2.0484085394484600,6.766889737129360,-5.9217472708718,-0.5219861532741590,11.958009321885700,0.22002013637427900,1.1639631718755900,0.9156372401942170
0.695258119730678,1.0041060883277000,0.4839567725231490,0.41797096995960200,-0.26546689743507500,0.12066871783631200,20.53674029100940,-8.688546256428530,6.079094712332600,6.168154052874090,-1.6985192141280600,-2.0229973681776100,6.362645590651290,-7.952491459426040,-0.585744449063605,10.84116573340550,0.5199243011618680,1.0699771257019500,0.8186275182228530
0.7796532098398360,0.26629935095965800,0.45793521918603300,0.4374318696667950,-1.288424818999500,0.064121336826046,17.130541540416000,-6.608722706467040,6.543065639677870,5.894871669818160,-1.31678468442822,-1.7495501462452400,3.0252768029606000,-8.617346569811210,-0.22248137024250000,13.600893523039800,0.7998214906362520,1.1974964218153300,0.8542988923087690
0.45928186337907300,0.3651654792482050,0.6383988003290040,0.6301038282631560,-1.994842656537630,0.12200569209529700,21.355915682604600,-4.87347960377593,6.177602113600280,3.7317517274356700,-1.7382021906589000,-1.9059271531990000,8.298524185709130,-8.073643026767840,-0.42848411185201400,11.767456377820000,0.42264910062057800,0.9888531579117370,0.5851848256739920
0.794482879255502,0.35408426810298900,0.6891533601988600,0.5946717821394590,-2.0082716514625000,-0.30739442349065500,20.11666802920890,-9.97548815830596,7.347345721334110,5.427043823651140,-1.907819853745420,-1.7481196349137300,-0.705646213409299,-4.86859764898738,-0.6759108334121260,10.563903843520400,0.3999627264135030,1.1931908436193100,0.6359960793727510
0.7236815016327960,1.0762673209615200,0.6882233844449470,0.4133534581140380,-1.9614698764695300,0.11998275267670000,16.82052782150020,-5.776854595773310,6.387066775720870,3.4373861624524100,-0.783025727704084,-1.9660958482951800,8.273463812972750,-6.6192520276924300,-0.5561667679518560,12.297465598682300,0.8432857558571500,1.1135267268645200,0.8843053611283270
0.6095764346955790,0.9161139871216800,0.6082356583818350,0.5496656378871390,-1.9744562241829200,0.017994084460967300,17.962338040532500,-5.733535806483430,7.433326011457060,6.228920659820760,-1.1440448735884000,-1.8337887186064600,5.437288430266830,-7.629827387203290,-0.31122195641630100,9.427573848327180,1.0305436065125400,1.0480601511875900,0.8180402137168190
0.650117416741168,0.8016684909836250,0.6447268940678050,0.2126778850408820,-0.6179234279745490,-0.019457695506670600,21.079503412919600,-10.046545891061200,6.895834654778690,2.2150845967233900,-1.2894076266418800,-2.1054400214302800,4.531840614788290,-6.717218509064300,-0.6770155226185520,13.309898211416400,0.8676602705617750,1.1461424528140500,0.5408440082124820
0.5355209474539710,0.32424519496925700,0.6503108005432210,0.2747403957965490,-1.794266827691670,0.06893506624120880,20.158067347721500,-7.090098212698460,6.90970942975822,4.850478666382060,-1.2454644308698500,-1.6892254582722100,7.099381107826590,-7.119188625525440,-0.727096948406933,12.367850505687900,0.8775764083456670,1.1914306437631800,0.41215566505582600
0.6740328383767610,0.31092358403405400,0.6570486824158670,0.4267928081102010,-2.0900719430691400,0.0630270990370349,20.977186745483600,-8.47939975573477,7.057706342059690,3.6265210307301000,-0.5908167141522180,-2.007150797746570,8.631389074959430,-6.679312415500540,-0.9774819463392410,8.784734880216310,0.5495058363226450,1.1867345964010900,0.5372125243767850
0.7811622427935480,0.5651736596148280,0.5641863708375280,0.42713164071825000,-1.0069096089756800,-0.16606640844436100,19.139203602895100,-5.666707823779420,6.8863445128833800,6.972025733645410,-1.991027092786530,-1.8080036530454700,7.3574540201250400,-8.849337294870590,-0.3250251129909000,8.61732534993261,0.4915065612998970,1.1591013329615000,0.5476385398098720
0.6522215394776920,0.7176144570439940,0.5897985423593220,0.5160932084121070,-2.013868398003720,-0.04003569646516710,17.37322228233870,-2.4856861681239300,6.873601224723580,7.821191388827880,-1.9863750234979500,-1.915073582087640,6.992558134344040,-7.68133839801737,-0.1994560828484330,11.30062115362950,0.3181819728394950,0.8616745702855860,0.7764567072319580
0.6809650416166320,1.0196602404307300,0.6489715540782540,0.48165678943192400,-1.4333904929714500,0.013471461625431700,18.217605064746300,-10.778605083945100,6.45932004818414,6.092558251141380,-1.7952636327829400,-1.7709485631286600,5.7312703992109200,-8.395119392222590,-0.7836873228091560,9.139805156192100,0.4277867799385870,1.1556140920496900,0.4278751845334950
0.6756994352001260,0.8471557754895360,0.546273731546764,0.3996471531253510,-1.4935978708148300,-0.4072446661552480,21.225305170864900,-8.559459893231570,6.435600378993180,4.690836358509230,-1.0848839481820400,-1.9468561142963100,-0.7152391567351680,-5.65442725744481,-0.7671363673756440,13.14626141433930,0.7496029211440420,1.1596379795900500,0.9387717424345740
0.6756273934896570,0.5041829683297200,0.6918994526182110,0.5589178026748440,-1.0433672086012800,-0.08682504522806290,20.934695551384900,-4.019596999230760,6.714882807218540,7.54651321006067,-1.7298335538566900,-2.029288547507430,9.327553048014200,-6.5046729620330400,-0.33492690119199900,10.919377903387800,0.23197727901317400,1.1496649811811600,0.6065012691518620
0.7253468113198750,0.7200752802707,0.6417574520565460,0.5017524656214610,-1.2168649306713600,0.20976082048121900,21.83904013327000,-4.517370776238950,6.202482219997670,5.3184631816305400,-1.5581343223701400,-1.5193192627867500,6.929015143443270,-4.775579636132100,-0.40142565955271200,11.358497756422300,1.1680405770497500,1.0158915583578400,0.7787033946414980
0.7950740944736760,1.097714932654410,0.5571341388614360,0.5533798349139890,-2.101075329907470,-0.09763678938977520,20.17823130398170,-9.620998296338760,6.179251749574510,5.878275973278650,-1.6962280217030600,-2.05997303331177,6.185601854006120,-7.059414000254710,-0.7998063033969500,11.483298485707000,0.38180496763271000,0.8882131842197520,0.5794447969064230
0.7710022910156950,0.6378687531172050,0.6040981881778010,0.2536588702084990,-0.3565716609847590,0.029312595669267900,19.055678656086400,-2.9885392628028700,6.540697987258970,5.738964084658610,-1.782143977188880,-1.5359370374259800,5.019769863437380,-7.210930568979460,-0.2383598325407560,10.656980361992400,0.8028169247288070,1.1911085201901100,0.620901467276679
0.7083579355100160,0.9137744969754860,0.6743901599412290,0.31668658229032900,-2.1647831099552400,0.20534172913206200,19.00993662604020,-5.669373451447220,7.4497633269237700,6.162262839135580,-1.2868404924852700,-1.9630016115379100,8.453489251921690,-6.705211267416080,-0.6278437375128490,10.604325089156900,0.501348451136433,1.1864453243478400,0.3461789607086150
0.715823203058586,0.6737183177790680,0.6279822057931010,0.27730254838107000,-1.928146106663270,-1.191417900975290,19.543353765789200,-8.309739436177940,6.446547862417390,3.9077383385155400,-1.655166503151680,-1.943733046548860,6.618425993220920,-8.149395594004010,-0.8323788455207360,9.350286501261070,0.16250074982790300,1.1050227936397800,0.7544456924576960
0.7506565156281680,0.36405647154370300,0.6423102263385860,0.4833367808950740,-0.7970848692455200,-0.3841520466550940,19.02410263481040,-7.377197350992210,6.774784555348200,5.6573440008688000,-1.4363416825438000,-1.821686633667450,1.0959693757864400,-8.681806694314650,-0.7819900869686340,10.193142581189800,0.6854220983759260,1.1474892046469800,0.7241365050143320
0.7685057049951730,0.9365298079891170,0.6108233686348850,0.6516074152099290,-0.5829910743232840,-0.03554813143040860,18.737520685317600,-9.42475009364084,7.940371412396570,6.6727771641241100,-1.2424884274169600,-1.843731982375700,5.1962683061135700,-7.48618646979447,-0.6349874861245130,12.396103939803600,1.0291035843006700,1.1721570365643500,0.9599260776417090
0.7107368305722640,0.2829229369496070,0.62559857894354,0.6962655790204200,-1.6939799651828700,-0.20514125739486300,21.724334706509800,-3.59710404187394,7.022763325317040,7.151274580625660,-1.4510720580905400,-1.8951640943718700,3.901770916597830,-7.519448174696250,-0.22369020502531000,12.45558429221150,0.3027988105234650,1.1750904190952000,0.7847906909846150
0.7106311043318640,1.0352489869856600,0.6147100076919310,0.37023595325627800,-0.79772533639448,0.06941839056939120,16.49695105220420,-8.390253879311090,6.409454442027540,6.96767072296652,-1.3512972437816900,-1.9802897837028400,7.839352441971610,-8.133800323549200,-0.9110299055150600,9.780177931260520,1.16740665468355,0.9236402789287410,0.5289147262132580
0.6812832365536060,0.20215130453427800,0.508860183813528,0.2699497008921030,-1.811748973507840,0.2657301704632660,20.717376742928300,-8.363691766350250,6.878756826208870,5.2420984766019300,-1.014644012562730,-1.7629638373100400,7.863065644544100,-5.094644608827440,-0.9741958368879610,11.382453866920300,0.6812494556243280,1.1922373546094800,0.4386518677017560
0.7534463423448710,0.6533873981931700,0.5713930315262610,0.536535361909565,-2.2583803676479800,-0.12369605030216700,19.00512066661790,-8.854432774162430,6.988350053680490,6.089853429232880,-1.9294205221179200,-1.5218689895402900,3.8940043659635800,-5.494531405808800,-0.89969025287794,10.58256223675360,0.7020281847763060,1.1650895115375600,0.41180187446042000
0.773503323829878,0.7779503990200970,0.6135171899928580,0.6214505179274310,-1.0319473189569400,-0.8863395550923060,18.409532458057200,-8.237996418768210,6.950117308229040,6.777432933898410,-1.9650655903977300,-1.5386666851237300,-0.39096710249096600,-6.722159530137480,-0.5969274364075200,8.492450328579760,0.4390043291863170,1.151218140728220,0.6847616999225270
0.5974368374689850,0.4538585138358180,0.5897021459989210,0.3054709346594670,-1.4725959216989500,0.3305567296428620,21.17070187867420,-4.550132713034880,7.438690450851100,5.763359083748980,-1.5582800694415900,-1.510136468645510,7.385681832590010,-6.633969383566500,-0.05242041110631220,10.981400864198300,0.7048343436007690,1.1643602664975800,0.9909244753448020
0.686339077343424,0.9399439181239520,0.6165977655756920,0.2731049573501310,-1.8883503265701700,-0.5848630622214650,20.216240372521400,-8.515691287686570,6.140318319966580,5.240177729397450,-0.7265098919811180,-1.784663847160420,3.1115072678142100,-6.053497327976330,-0.9315812832846050,8.768638662370860,0.7511883473707430,1.1378058818960400,0.744734046219167
0.666731347223569,0.9360784504277070,0.5437727088937650,0.6243702579182210,-1.9191015215611100,-0.08378590854513120,18.499137350368800,-9.738156025274720,6.4786370408928600,4.802950902523870,-1.8552322331619300,-1.5258421113435500,0.4511577730801330,-7.770274314622000,-0.562229672925765,13.711337952323000,0.9806694553358560,1.1387649922365400,0.5659213455794250
0.6906248043232090,1.0768433881923700,0.6215613619641920,0.6743503218355850,-1.7862546561737100,-0.13090878783672500,19.401913598246900,-5.097688257293730,7.594134421649520,6.864273001536640,-1.4844433440189900,-1.8400223659456200,5.291040168453220,-8.081593406916880,-0.241711706173955,7.51649344552077,0.9027481604454200,0.9914837756472220,0.4670148561038750
0.7774710719127720,0.9569127125216700,0.6330651320673700,0.48191879309679300,-1.240740664458990,-0.3524898114348660,18.813734294047400,-4.735975504780980,6.09854935213783,7.594077022452430,-0.9138684384347470,-1.9199252691400600,4.831522945354970,-8.680824293804640,-0.7138742948538020,13.02445748490530,0.9699717143266250,1.0309392423386000,0.5633285567386350
0.7457790539537240,0.8248555366797230,0.6934459461841460,0.4650516009536010,-1.1319615325390100,-0.19700259239372000,19.25713751422270,-10.476610241943500,6.728450280094580,3.800516271239170,-1.2544943347602100,-2.1429368795682600,1.0134058730378700,-6.248746388720130,-0.6984139959364720,11.680422112579700,0.43312407200799600,1.1658265100061600,0.6837076215287430
0.7696108940786100,0.7848856093965640,0.574034510951838,0.47353186326142100,-2.342996121339480,-0.15935311921442400,18.13058485925700,-9.226369475382530,6.043018711125460,5.749039360997930,-1.6741587697319600,-1.3810299581315700,5.15108372475477,-7.638226080545610,-0.7064215745371040,11.224930345525500,1.0627561270497900,1.1290736422538300,0.8440628851307020
0.7702397899315810,0.5393958572933130,0.6471934107147660,0.4814147284647160,-2.3058911097438000,-0.3598131664899230,19.455340738351000,-10.228290137294500,7.063807315350520,7.751166138153930,-0.6353110502850990,-1.9241285108243000,3.967114082259900,-8.327310304645320,-0.6317837352073800,10.790421903624600,0.6519643915641140,1.1107921039934600,0.5386367861319760
0.6528867305562000,0.46430800033970500,0.6535028247874190,0.3843206147300050,-1.4396940747238100,0.1642027162483520,21.56447749749690,-4.764354592911830,6.699617762462240,5.816834421510560,-1.754825996213760,-1.4902869504924400,6.4766925867744300,-6.334809956288580,-0.5311109626179940,10.767151612585900,1.1328648288389700,1.1008471951269900,0.923964935757114
0.7745298308345620,1.0572840848202200,0.6021181490487510,0.6702186734047040,-0.5801406601311850,0.050168917039740100,13.244641312974300,-5.808439373596320,6.248211224187060,5.212005332361320,-1.652418677990710,-1.9613614697330600,4.030238667583040,-6.465678496579940,-0.36961295560196000,10.702287286475100,0.7072265158179080,1.1791278039886200,0.5657685750783060
0.6624029625426870,0.992191213971032,0.5798595145042500,0.4361083054559360,-1.4795523850785200,0.18184852848633500,19.771329107872600,-8.419453731906450,7.83107407579339,3.937673525775950,-1.6533672688861300,-1.725664144596050,8.674165691609720,-7.060667420939900,-0.5899782599835160,11.30847082745520,0.5126889581310790,1.1616225610101100,0.5592944141052920
0.7296049784622850,0.6919069848354780,0.6693663326375510,0.200839227948357,-1.649014791235770,-0.8260405719851280,21.41211168727600,-9.486510151193770,6.851919662949550,5.471854268885010,-1.9167871095821900,-1.9150662151511600,0.5434705082463570,-5.427432713877940,-0.8775346382865890,8.376496982548430,0.3016113661041700,1.1775935819972000,0.7768468831325830
0.5746222544604700,0.41471693591841300,0.6228114833386190,0.6992704017149810,-0.3318349172257050,0.11482413052243000,18.889807858806000,-1.166012591457880,6.076588938713370,2.8501140532856500,-1.423705310865670,-1.8689037212434700,8.026251601350600,-6.5969218645793800,0.012732942686407400,10.231097059526900,1.0940452204905800,1.192430314637980,0.9948248803204860
0.7239129488495910,0.9851834384145690,0.6299359691432160,0.6350463194340910,-1.4232613265228100,-0.6670061931582940,15.56566042766420,-9.253417177689650,6.27759797626377,4.591317539638420,-1.0509029540526200,-2.179413064763560,5.829164470432360,-4.79513096304068,-0.688467602940456,9.221692607688130,0.35040600283414800,1.1944517460062600,0.9738776125796860
0.3908192086166890,0.3629653602928230,0.6653516279446300,0.4741174858764280,-0.45596054878357500,-1.911313418428200,20.068192290697800,-6.866429674150070,6.269877530712230,3.9363802296887500,-1.369696261566880,-1.9010083320011900,8.129645518722610,-8.547780929090020,-0.8893088733339570,8.044638313943510,1.1154242181641200,1.1047908848598600,0.5041366650620570
0.6218834166674860,0.7788668555006890,0.55660768541125,0.5827582148063770,-1.0285016735374000,0.09971411074468740,20.86955928266100,-8.086486673074390,6.297113920705610,3.331265780560350,-1.7232516652922900,-1.7457033811924000,5.607775172959740,-7.282395041063070,-0.5287031850133800,11.003900710358700,0.6596113241421790,1.1996506415464800,0.8636262309755270
0.7334585051264150,0.6407597506122580,0.5547975542001280,0.2948433998704680,-0.5696268208550690,-0.23032915177383500,15.298513811302300,-9.690671295856710,6.032705314212420,6.890200242157420,-1.5005096237906300,-1.6547813639272000,2.4168077561648700,-8.616992177481190,-0.7879182857195680,11.24942773516670,1.1594831514235100,1.160757098898260,0.7755693767456370
0.416128672055464,0.9940443266212980,0.6001889837456370,0.6779262364877350,-1.3677689622762000,0.15935754723519000,19.76023235661410,-1.9581913630029100,6.892539687680850,5.176307414345350,-1.6707130059600500,-1.8916032684681700,7.2264508348889500,-7.950064149302280,0.017422882355337800,10.718482310222200,0.4023797263511110,1.190813989238830,0.4832268445064690
0.7632927657549160,0.6726253228252280,0.5076571166285840,0.5638429988321110,-1.6898577026743000,0.26841608706876500,21.138501333969500,-1.0156359835767900,6.4524491137268400,7.787555664935710,-0.8888592160759240,-1.944577517978290,9.575507994014040,-7.015256032524360,0.18455725029803500,10.7197445159829,0.6827032171278060,1.0058530369300100,0.6483647412990500
0.7334346135202510,0.6038793959090900,0.642328732948946,0.6329799108256420,-1.2588370456323400,-0.14663562463226500,21.11607583644550,-7.675300060342730,6.0026985960730600,4.212048172893940,-1.411900311814530,-1.873594455165070,8.443537773283240,-7.4187786097994800,-0.7882187072110900,11.08900229610510,0.28214390458913400,1.0008299639781200,0.9395291171147850
0.7167941419409070,0.9446596283947700,0.6745993542733450,0.3755370639105290,-1.2443825869463200,-0.00276821028327473,16.890096392382400,-9.52065047018432,7.278861409949030,7.179922198681950,-1.3478149509644000,-2.1127232333750000,9.017509612605660,-6.814822592338890,-0.9025537794885870,11.023566149258900,0.4413640810316580,0.9688585147983540,0.5317616333983260
0.7768225537979750,0.680670302599046,0.6744000528993380,0.6928973776618450,-0.6806612400646450,0.022979238615762700,17.771065066438000,-3.7418553680561500,6.395357629786340,5.81858814676266,-1.9110856486229000,-1.5822482158742200,6.99934519768033,-8.31373091622046,-0.2281403146853690,12.233422691492600,1.1717672286350900,1.1706530094657100,0.30571787399511400
0.677425542141441,0.956838701575779,0.49315293530715100,0.4974838433742990,-1.7994201831772000,0.3031764254585130,21.84448373815290,-4.918854262304690,7.911875018833910,4.822511557795240,-1.236939902689960,-1.591756049451520,8.602838766220150,-8.507938215345010,-0.1338878478657880,11.023082466662500,0.6961448712354800,1.178184486755950,0.9467078086271320
0.6676540358197130,0.704436674382593,0.6753557428947660,0.6286065413492670,-0.7987147781542860,0.2719692305568920,18.43032058978000,-6.353164119439700,6.572340125930470,5.773219953379480,-1.4771166139390500,-1.8586960279247600,8.323081695212750,-7.41096229856335,-0.6478079897885260,10.378864077333800,0.7833319489415410,0.98285647667844,0.6464862983510430
0.6959278379201280,1.0340388552768900,0.6911066323927190,0.5864645219842880,-1.329939101493260,-0.16608418892777300,21.659903566590900,-8.919087955091900,6.707634233808110,5.65603000252816,-1.321661449394980,-1.7174611934957400,0.9668156767289030,-8.436743792034990,-0.573992540481201,10.641474292185400,0.7448830932528780,0.9574571260126510,0.6054979085682660
0.7743720719192970,0.7331093178111910,0.62562506301586,0.4906473558542190,-2.2096524340441700,-0.22273061074395800,21.136812803343600,-5.595180714403880,6.616844406393000,7.088320412685580,-1.2805668408250000,-1.6428223817430600,6.38801543608586,-7.183320562727990,-0.30973785261991600,8.426138008971930,0.5374866211865870,1.1056597064003800,0.4952397433508820
0.7597075313798430,1.0992421554072100,0.6989502991474560,0.5675207530289620,-2.3445860239991500,-0.124156310930983,19.559642239207400,-2.198827325549380,6.725059014698050,2.636975703017380,-1.4999032496147500,-1.8093785256390000,5.2836665892508000,-8.50557000083305,-0.22996787573566400,12.323833594589800,0.29260407936798700,1.112053484781790,0.549588030098839
0.7378936680232720,0.9311901553164660,0.6142398614031990,0.6163374020853,-1.5347267166969800,-0.5129921385699670,15.390492746485900,-6.7646469170730100,6.1643270546481300,5.221925974288890,-1.0610155227776100,-2.0253351991336600,2.976722916103090,-7.990391664987230,-0.8900978379983200,12.031296496889700,0.5774451610811380,1.1926711590694600,0.45973265446532300
0.7583489516297220,0.7437733148429070,0.662042612755331,0.5237305880856990,-0.397556050347734,-0.6949072309699730,19.598155946469900,-5.389735149492100,7.371820122344640,7.20564796398986,-1.7009722137251000,-1.9349452618867400,4.110356788317890,-6.769288222916420,-0.307195415982788,8.255892050152850,0.31528452215495700,1.1276867085092500,0.5040080621949600
0.6954485385117570,0.753657992872633,0.5602731853232280,0.5981699574997370,-1.4918362987337900,-0.6494892554123770,18.534769722159400,-9.841340428703200,6.401078811482420,6.5299254110462800,-0.9388102132804230,-1.888983893805600,-0.994390292481605,-4.398860396074200,-0.9883518210372200,11.315818368243400,0.9672714090521540,1.184305943308920,0.4996453911002340
0.5511994030689360,0.7926632816253620,0.6261602643711690,0.32806321892898200,-2.2932256504253000,-0.06231572941572670,21.489072135344900,-1.4464294883650900,6.94122065250205,6.344725497935500,-0.7262811728251630,-2.0608787223128700,6.7724780927314800,-8.195800910771230,-0.07846737111313900,11.409488725489500,0.5683858900596040,1.0732937773550500,0.7315073784590950
0.5946571260567260,0.9214800562693540,0.656923599660499,0.5515307194134180,-1.409860097091350,-0.09548952428628050,20.03293277992110,-8.987319207115060,6.985872343006800,5.372949509962020,-1.1840525903634100,-1.667336862192720,3.2067355488344200,-2.4082846256230300,-0.6272039700183150,9.235881837825410,1.1712118627125300,1.187197350104310,0.6872325257375420
0.7559880036618390,0.98559339250804,0.6201890248370670,0.2878979603557050,-1.7896556052120000,-0.03119552202889840,21.504552457605200,-4.407369408321850,7.910997703945140,6.4355202492117200,-0.8316172161204200,-1.9077112867260000,3.616154860506650,-5.671161250198040,-0.24408962992150200,12.065333242651800,0.8679944991111770,1.1796809748357300,0.8641554474142930
0.7954606950189850,1.0045161547392600,0.6604024960829160,0.6709004846677660,-1.3749741876527900,-0.27785806078400300,18.108792986050000,-8.810567488737830,7.2582970136934300,5.902490217019460,-1.620094299708670,-1.6527692405291200,6.844585037485330,-8.826830420539380,-0.45608862062707600,7.130248960876090,0.6199916969699500,1.1526020151072900,0.8452180993091540
0.7366285706248170,1.071620776225900,0.5921830469757390,0.5084053361205050,-1.547814979517370,0.3781852380025920,20.478860958687500,-1.5101947194968600,7.611401197471430,5.939855253400770,-0.8479303681622190,-2.0194931279144800,8.420704411287550,-6.577024058430490,-0.053468535335520300,12.018123733872300,0.8083323244405420,1.1787447593136300,0.9456292409464000
0.7421587711810630,0.9686725206927080,0.6050513096518000,0.6486220002883750,-2.1139614990203800,-0.15368860199666900,20.784235753271600,-10.155309035170600,6.341498264857820,6.308020971976850,-1.1216589059655600,-1.9877519081998300,2.841652552898690,-5.371139164390110,-0.8215237366617540,11.717520573137500,0.39260851267100100,1.1173164782360600,0.5828324028300350
0.767795677235526,0.4792711341899890,0.6048518484137880,0.5803449311553470,-1.574624565233340,-0.9281064651415550,20.398124814115900,-7.603534079957410,6.408568360367820,4.593149715610600,-1.8312967267094400,-1.5133094001064900,3.046104814062670,-7.804438732878790,-0.7050099412769240,6.97498920367942,0.2652296680362600,1.1112401834318600,0.7783201585534390
0.42865806115652700,1.0850050640981800,0.659224426383074,0.5411879323296550,-2.352948467357910,0.17405636802068700,21.17007715304320,-9.006730584688540,6.762504579585510,3.8000205751160500,-0.5991852008489100,-2.136347639158790,6.150997058525510,-8.321870673761010,-0.6454870706104950,12.845157063016000,1.167954526365010,1.0017852393480400,0.5502798086835980
0.7853931581354880,0.6160957313427530,0.5922168130348580,0.6163605948661150,-0.9950511941373680,0.3937646245334150,21.74277184019550,-8.54696307792091,6.561986363582940,6.005794288551530,-1.0962597055185800,-2.0749822699425800,8.433252422198290,-8.125772648044740,-0.3530388243366660,13.574429008137600,0.576697078318938,1.192476195754700,0.633149177933156
0.5463478032956720,0.701826524417124,0.5787245009587460,0.36765263930722400,-1.567906841347720,0.2065173900867980,20.05354961606910,-10.760052201099500,6.365073132424070,5.692832098961380,-0.9057756463997170,-2.1193819741041900,8.533631734438840,-7.040824742981420,-0.9986413363497970,11.00637511535950,0.8319270450456210,0.9641637033106570,0.855272759143851
0.7572919430167560,1.0846527694915300,0.5908709713893390,0.2471014016899560,-1.0531687503186500,0.20361316170194000,19.54489952190700,-1.2423202690324600,6.405847631040260,4.389819883419230,-1.2867294227345600,-2.063039899704490,8.134829794246430,-7.945299019749400,-0.18209434010249700,11.278492201990800,0.49041089550552700,1.0993224777519700,0.4535313344905910
0.5605295453853040,0.888456419397427,0.5405135652921210,0.48263319363136400,-2.147693460204290,0.11264694937674000,18.202152637524600,-8.547718794689560,7.485104723834270,5.75209969151266,-1.0754920845437500,-1.6873110622197900,3.5598059080137800,-6.3567426131453600,-0.6947860254921860,10.826201410642700,0.6997528673167010,1.1092522427885300,0.7418455207915240
0.7272637358834180,1.0445787724817200,0.6148253864755330,0.5659141139975300,-1.4978670843783400,0.036175442264180600,21.615685286206800,-6.232204436243070,6.337571875287810,3.719412368697480,-1.5435366174520300,-2.1908825743258900,8.50935664085163,-5.89091973951231,-0.955740828476212,10.33038481243630,0.3371749617747760,1.1945824130869200,0.4724559430539250
0.63452051865119,0.934847189485788,0.6242154417577900,0.39013039025600000,-0.8866978798748940,0.1236297292972360,21.0565646787506,-10.157409111469000,7.0619972103731400,7.490002551071130,-1.6683102304666900,-1.5711099147598100,8.635713576150230,-6.5097924066372600,-0.904162422331118,12.145851742733500,1.008177017480090,0.6682385503196990,0.6102098623159920
0.7741488487654100,0.5058015259431420,0.5166548749495320,0.5890404524475030,-2.298540931885820,-0.4209254017904960,20.98929063020860,-9.943513746335580,6.033688819323810,6.8255712712868900,-0.9972451266915050,-1.6475702413374700,-1.5562876371535000,-7.135101540166330,-0.6391157904100720,12.964331244620200,0.5209452744221900,1.1337934066240400,0.6091824946211740
0.7086633027450960,0.2592366336320540,0.6037877338737310,0.6873822923004250,-1.330275146495330,0.38891681735027800,20.49902754751380,-4.864704842651240,6.458900490555140,3.4165293447574100,-1.0649146509609800,-1.8721302904895300,9.857859896254650,-7.194614047993280,-0.39077881891559100,12.633566748828400,0.8757523367483240,1.1658483521498700,0.9909739575489540
0.6384990566830450,0.5580468287230980,0.5965695852662490,0.4490748053410690,-1.4960142504325700,0.005708751868935410,20.678651569561200,-4.894259068650590,6.287139570419880,4.960650548839530,-1.3689423907099900,-1.9169367916648800,8.17789878456193,-7.596661970131790,-0.33614406241593700,11.111217903414800,0.343847894492018,1.1706388908223400,0.3830849945739610
0.6415390481105300,0.6764795505191940,0.6396644272017000,0.2695808256711060,-0.5742071901234120,-0.6260552729634000,21.696221503434400,-9.8463424783845,6.3660661821404600,4.978593997988500,-1.34175711569403,-1.8791864717800900,7.354107683648900,-6.730921407470380,-0.9910390933120920,8.432738143805870,0.5868191141560140,1.1678057744478900,0.6064881907014980
0.6670337236675850,0.8665123241705210,0.6871608152548890,0.5691690903706440,-0.12164977301452400,-0.12989305130434800,17.545921282811600,-9.402034935225430,6.992077775537690,6.483073803202560,-1.8404907338415300,-1.5968041400170200,2.6827574657325600,-4.573676062485820,-0.5929296206572730,8.9001291398126,1.0607126136593700,1.1789492226258900,0.3163930479873220
0.742595773387942,0.38861029247522500,0.6500371683361280,0.4160891884575550,-0.7418665163141650,-0.23206699718556300,20.687921327532600,-7.9459318828199700,6.633010436580500,6.447073310798130,-1.224102500245050,-2.1420982873216800,5.714611614918400,-7.264200072236510,-0.7834763208483370,9.184913338519890,0.9517463908270670,1.1182747126698700,0.5889893558657810
0.6753903143045890,0.4460844328927400,0.6822625691180350,0.5554959747521070,-0.3054167986572610,0.032426880110775900,16.65512183902410,-2.7486283042199300,6.84730812443871,7.035407181828500,-1.9302663377404000,-1.4420476082700000,5.343413269880350,-7.023359613528930,-0.16109560560731300,12.492207068625200,1.0956507204485600,1.1462352591225500,0.9095696761219200
0.6602268070148080,0.2368710509837490,0.5792521995990490,0.5622165466549330,-2.089845153264960,-0.25042629200852500,17.68829788714540,-9.17442390093982,6.358091178152500,7.395778911459900,-1.7874160336427800,-1.7345370633009400,4.82821892936837,-7.840002068670790,-0.7008852076207220,12.168168049247400,0.47991766132600100,0.9843034315650880,0.7550814099799970
0.6940762551751770,0.43743599591545000,0.5786664605277900,0.5489518039507090,-0.6504327296277600,0.4296742688013700,19.833473358211600,-7.47737737063647,7.094622223123110,5.662724670324710,-1.9420866429879400,-2.0800676880150100,9.589427794143880,-6.4125790003606300,-0.5047434169355650,11.643126833798900,0.19783697699978000,1.0998725905984500,0.940193643413268
0.7330077625625980,0.3259235699777720,0.6882065780177660,0.6243440692839920,-1.872453889251320,-0.1734763741014770,21.818402077431900,-6.121008636170160,7.338399696507870,7.252531557728750,-1.537607385633160,-1.797624194212700,5.991232086131380,-6.087359429477820,-0.3724935795778220,11.425679028040100,0.23882080685147300,1.0387791276994200,0.8418317563769570
0.6435172988890910,0.8791098442917150,0.625177874790151,0.6084456314427550,-1.328907846248450,-0.1408393965910760,16.983869463681400,-8.59884933816135,6.2528110801115300,5.244083280081420,-1.6257741878022000,-1.703386555337380,0.7882798172749390,-7.029305975963500,-0.5472338835558130,10.970374501692800,0.5606822315447120,1.1546012754540800,0.8854895583151500
0.7376777673631610,1.028363900471510,0.5528557107015280,0.5119722432291250,-1.467649916931320,0.3753545291636490,20.688323509665400,-8.754816275891490,7.110080098765440,5.278228182323120,-1.9628081187654600,-1.3942106894024000,9.366352872537500,-4.091878509194170,-0.86930100639278,10.246137790514400,1.141900561951540,1.174978888013670,0.4154412853194580
0.7917851290284980,1.0323203434655500,0.6758519880721490,0.407442204625202,-1.4773507239912600,0.03493038578229270,19.399348562530600,-8.094305634610110,6.333029303551380,6.9198115422659,-0.810211405301617,-2.019975112724310,8.53818129042586,-6.053594567944450,-0.42497997161787700,9.66609467519012,0.7527457836373390,0.7987241006597360,0.46031679089002800
0.7283894072233620,1.0780682215851500,0.5879288930345920,0.4106721514074690,-0.5915547965859550,0.17551013893137900,20.3043642855262,-8.596765735546330,6.337370681580540,6.609588106528600,-1.5801328496270500,-1.8089403257532900,8.43894409285141,-6.443360993749810,-0.6589764363766780,9.572070226313870,0.6222419693422220,0.9488285830859110,0.6550100384413010
0.6829793402389260,0.463993972198241,0.6489038344267610,0.28847113423432800,-1.8565964895453600,0.13493791522965400,21.921422055114700,-7.158705302149790,6.7079293544652500,6.6648589639786300,-0.8242352978503630,-1.6213391168536900,7.896839366097200,-7.740493884132370,-0.5311409991834510,11.70854521284790,0.8202301369153620,0.9857177619516550,0.7752493805786270
0.5127428605314290,0.8685021442072670,0.6148761284852580,0.4187291661053140,-2.171730552397470,0.23220979777215800,19.45451500495450,-4.763131449809480,6.442507999040940,2.6706251041929900,-1.4216976672575800,-1.674867256892060,6.653100737346650,-6.354801289959520,-0.007475649477490030,12.149286189210700,0.5864426970701400,1.1869028739498200,0.6046876021780720
0.7133039316900600,0.5409608504722380,0.633647959520799,0.38147860795127200,-1.773153683346190,-0.09370067022771050,17.518601511134000,-5.385407016261150,7.432405323104220,6.659249613059100,-0.8577163169754250,-2.1768086627385300,2.4867919905502600,-8.710131589680900,-0.33442746676598,12.466663080405100,1.1189238946172900,1.110722851515140,0.6921534415152590
0.7968037678049090,0.5123634395355410,0.6198661405341460,0.49597738469599200,-1.678154563491490,-0.11185755969389900,20.67535752891860,-3.941999188308190,6.4875959979731900,3.9586280249044900,-1.2355114446469100,-1.7670723297970700,7.637396123951630,-8.264553699803880,-0.26514686745785900,10.940594138634400,0.464522222704271,1.1947984825508800,0.7773124147730040
0.7677581638741410,0.4366865848614870,0.6413404266566370,0.6881812305056470,-2.160066815002640,-0.38070355581937200,19.457822554188900,-7.741115439718770,6.529976185276840,5.240643128646840,-1.21193072874332,-1.8143758813863500,1.0336932558276100,-5.801926832516820,-0.7722912497053060,9.873191666344270,0.392669246971756,1.1073423076947100,0.4178548744269130
0.503935123795879,0.8258046976014410,0.6330640441035750,0.3841349823062670,-0.8324136756733940,-0.026757622933876300,19.60497187165450,-3.563873642860030,6.6127017516523400,6.629830580649030,-1.6625756829422100,-1.782752389349240,6.249520528477440,-8.719958118416140,-0.6006502248357170,12.67092439196640,0.4718989612897770,1.1259613652569400,0.4087105604245340
0.6708170702931020,0.9749945915713630,0.5484841979417480,0.6657067247153710,-1.3289756914060300,0.3676386786567990,19.613477492075100,-6.526149470119660,6.280942817057900,5.24441088627385,-1.394358075978150,-1.681216806119760,9.545337511501160,-8.296288671859800,-0.5031402104003680,11.485230411474000,0.7337483743880460,1.188822760359320,0.608051649538949
0.7120828963207670,0.8966706596629980,0.5500373986262950,0.4435604348561290,-1.6323103158785200,-0.11724016657893000,13.64197752314820,-5.6701987089962800,7.506325707403730,6.85992302097882,-0.8889788040742930,-1.9222936392931100,4.122201722047930,-8.781094522980380,-0.1521376880193890,9.835068437537320,1.0020555972894800,1.1596360058466900,0.9788036095518440
0.7273765617499920,0.737801905484038,0.6009186474337600,0.6031358878514130,-1.84685901926179,-0.5656670227939070,21.641718079972400,-1.2086406107338700,6.4673985539366300,6.052003930592000,-1.36678183033016,-2.002486916866770,0.5261624923363680,-8.433280159294570,0.002162959026262180,9.22130970341617,0.3253062579269620,0.9951302950743090,0.8009752908575560
0.5423361094964880,0.7841868755984270,0.6290731897370860,0.3904009011422750,-0.5601173339626040,-0.6650963779396440,18.42274748312560,-9.794461729953800,6.379485246010560,3.5219698576983500,-1.3224723973876100,-2.1321550596324600,6.521826946047240,-6.950869183834980,-0.8663995351042850,9.569037077876920,0.8940971160273970,1.1836778772857500,0.6226611162745150
0.726740766675989,0.9169184385588100,0.6147817071412250,0.44606529266016900,-0.7784197485456230,-0.3658929267678050,18.770453656060500,-7.153972011829320,6.95726813577369,6.212543447776930,-1.7463647707949500,-2.041667615592520,4.560440994618220,-4.965664918465900,-0.44113534375850800,11.360523171245000,0.316168838585938,1.1849201041016700,0.6225886209923750
0.7810748417841170,0.4575298105712460,0.6266679524088530,0.35961275963316700,-1.6252703515615100,-1.1221606902425600,19.960400011287300,-10.068260313892000,6.0340629403403000,2.337883135483870,-0.6688600809258790,-1.8860963742367800,5.860428502923710,-7.267432445548260,-0.96726585053346,6.85641108547307,1.0006676750346100,1.0166080705479000,0.8508104112045490
0.5916380804490560,0.8589435511369490,0.6040066524948690,0.44866616818643600,-0.5570449219834710,-0.10967699617964400,15.80208291850380,-4.621507693983240,7.185977867385250,7.11668053213562,-1.4308016261430900,-1.7395302080796300,3.5719875219870700,-5.041824429568590,-0.374388263346456,10.066031477902000,0.8124153277408050,1.193524794119370,0.9844683841953670
0.6893789207387580,1.0279826136497600,0.6103180724195760,0.6553862846138510,-0.9870904257971860,-0.13895801404676100,19.21570042456080,-9.779427112108930,6.920296017004770,3.35561099797669,-1.9734046462444600,-1.5342632235505300,3.9405506234781600,-5.652377677414920,-0.8366994901775460,11.224454097240200,0.6159134646551770,1.0725123568890200,0.700572933838369
0.7158368014731780,0.95562852335822,0.6245122872558390,0.4368684268441790,-2.4575611099837200,0.3586687229896560,17.341926749238900,-2.0325111605411000,7.4092129788772000,4.869032306639610,-1.1468936165439000,-1.775455997795080,8.644655801246010,-7.827370580388810,-0.043247950835451900,12.908865613291200,0.43316991459303700,1.1411260918213700,0.6609020089034680
0.5560054023818820,1.0573257483086700,0.47272092921294000,0.6131573724105310,-2.369439356001000,0.3902766639322360,18.588161370255300,-8.0924790583559,6.214742323138090,2.9590353317136100,-0.8341976347582610,-1.5698923114326000,9.289168569087180,-5.654273081812720,-0.7051113361247550,11.150645487560000,1.1574374881893600,1.195355994659980,0.3859327992755980
0.774040352586548,0.6764287409889250,0.6601053813883980,0.3294252522514090,-1.2626976520129600,-0.5718344212844080,18.355080972942100,-8.212598093734260,6.3552100658668200,6.548289423526590,-0.8823420288457840,-2.123282818216620,7.133103746017220,-6.1181231349786600,-0.5779940158767310,6.572467195948480,0.7576427904937370,1.143609479541280,0.9234127941701460
0.7340592290993970,0.6177262868045080,0.6080478241342170,0.49303589173710300,-2.4246017641560500,-0.011060075952903300,19.599877185069300,-4.264323133841080,7.2589691272433500,6.797699579026660,-0.9605615122225630,-1.7418318870208100,3.7613025642383700,-7.762164938083700,-0.21106431523727600,8.82278629537134,0.7224670696023030,1.1180405267595300,0.79079153665301
0.7755370341429300,0.7434128018762920,0.626957957800031,0.6625867340808670,-1.1230262059395800,-0.22342408004137700,20.19573640281160,-2.883734989024520,6.975191764622980,5.032859421344930,-1.350000593729420,-1.967447756157790,-0.5985066458741780,-7.871242430200970,-0.02864075573631380,10.213973886907900,0.7913537729867030,1.1216800803064800,0.6357537979704950
0.6930247519085160,1.0738459579412800,0.6688471965688410,0.551828133032236,-1.4446822360782300,0.2940916946916930,17.05150391025830,-8.131498902265380,7.420831234563790,4.348819668421260,-1.422840962699180,-1.8689494136665300,8.670665196191240,-8.327602795360030,-0.7756685975389460,10.976648596890300,0.5563473122687050,1.1480042601662100,0.3034457226007560
0.6882077066078850,0.8155299741595640,0.5544375550182580,0.6388665854432440,-1.334661880615120,-0.21217241025015700,17.87787536830850,-5.434637140384870,6.420761391549330,6.721515945335150,-1.6724260170979600,-2.0601028802333200,5.129145244744030,-8.118299501134050,-0.5158610030316820,10.727026779420100,0.30897830088002400,1.1696736319226200,0.856715001039432
0.5354856030580610,0.5526312961529750,0.6346728417450220,0.3871661326319550,-1.4898952791871300,0.08058398576900970,17.771644221798100,-9.943514554301050,6.208048857613380,4.8421915432872,-1.0275207059606200,-1.813110640241580,8.451949400214510,-6.298540262111290,-0.8327774284870960,13.154682248025500,0.8771188768241680,1.1981636266096400,0.8051692303764630
0.7746266100364720,0.9675547102125370,0.5141475497360520,0.5299981864918780,-0.7473903518314730,-0.10283167010429100,21.49658478032260,-3.398956144621870,6.17373192118157,5.704328990360690,-1.5309078412660500,-1.8834866005741500,2.5753792074094000,-7.4907978028357700,-0.3043337121508030,10.30289766489110,0.5959886440463600,0.9803662845790450,0.7852717791772690
0.6820370435196350,1.0300400141036300,0.5764603774210770,0.5994431167361240,-1.820119814799180,0.009805932816858600,19.864658811262000,-9.689752161055110,6.59369973761853,6.5383853746885700,-1.1175975305622200,-1.6454115954271600,6.745279473566080,-8.368235980770070,-0.6518741942471300,11.927275607102500,0.7124886021545570,1.1484610255008300,0.3848748802883330
0.7404296742591910,0.533587006696659,0.5173627617619400,0.45699920952488900,-2.286990841843030,-0.05870200500723060,21.802221049906100,-5.356376228939440,6.270240193443000,4.245713780593240,-1.1383051503784600,-1.808733028127880,6.574626014182380,-8.86052159837893,-0.34281358261020800,12.29292054754210,0.5639650033916040,1.1736824552313400,0.4983972690847090
0.7824979095874240,0.5220244496745900,0.6504788599118370,0.3342830793776470,-2.114398170570210,0.15612635526604700,20.69257305622320,-3.0610317084190800,7.054086896420790,7.470242073936680,-1.5522473689112900,-2.169943721645590,9.468528350059820,-6.210604428425130,-0.14141517133002900,12.175748255929100,0.2747271186603830,1.0895553204420800,0.5575419796847720
0.7762425399495740,1.061660231717900,0.5869428954420730,0.364151391036966,-1.9289244856118200,-0.11772238036465000,16.68047594578440,-2.700980106144090,6.59859196578883,7.660106633213560,-0.5643465368907670,-1.9861738472270600,5.278349740056540,-7.460895534703250,-0.056794103126657100,9.410554963183800,0.9150211530976270,0.9375200406977540,0.8523250888957820
0.7797967105147400,0.6928964090039630,0.5435699504004720,0.2868971899988830,-1.4195546858656300,-1.0749080396631400,21.245117449926600,-9.425078759205810,6.134384072098040,7.796519972232690,-1.663470632821420,-1.962705393616690,-1.118097385017080,-6.050791917367720,-0.8659327665256850,6.198617355512030,0.2528440308893580,1.18483142626957,0.6712082157608100
0.7181167470480850,0.7980439270117550,0.6354663707423410,0.35430748953220400,-1.116310211753630,-0.4299061304000670,19.309676037487600,-6.324471005903570,6.356851466388190,6.095136863331840,-1.1252392359775100,-1.9417550394587800,6.56399541851796,-8.219324771809270,-0.8358624624596560,8.43280162330412,0.7635857682834670,1.1254190203900100,0.6738613769907610
0.6381687367056400,0.8909314872333250,0.6717554511944780,0.5055646783253740,-1.5122330624214700,0.11471657150031900,20.499762235441100,-4.97910132314666,7.658717393735510,3.8507442732462300,-1.215858993217690,-1.98845247421447,8.839382944138970,-8.207934750621870,-0.4309577853954500,11.035944897120600,0.5951181975125150,1.194750958851460,0.6919670385564100
0.7316330470106010,0.9280075845876310,0.48386117614315300,0.5420946345314810,-1.787990551351160,0.17413059776379500,21.73340777401250,-9.596355364735250,6.61382797502691,4.7682621899679800,-0.8450243033049720,-2.146362253662330,7.629646999203250,-3.379625443279410,-0.8569014420007510,10.477441023351800,0.6007934624452200,1.190218447348280,0.5429233774620570
0.6538699465158160,0.8160969013278660,0.49752423415447300,0.20664734132983500,-0.47151977200671700,0.008422316671209410,18.174900698526400,-9.78178556303043,6.22806842428248,6.154491411178140,-1.819822718569150,-1.5363616820707200,3.9763844868149000,-7.618213058715480,-0.7128967541998760,10.746331667252600,0.8500830287652090,1.1788544472289900,0.7410830953738470
0.6137467465763840,0.8190658288110760,0.5468469210899410,0.4399002126277300,-1.3846459520721000,0.17621709633267800,21.992687323707400,-9.807193159100660,6.110240177866250,6.432775415599180,-1.2772290846075000,-1.896498878723230,7.62887101050593,-7.640166432695280,-0.5892484944513350,12.20184533180530,0.670860821820904,1.0355137956438000,0.8509391835157500
0.6656318596675570,1.0212977298107600,0.6009119614652930,0.523586418437342,-0.8300730304759840,0.12383972934063200,15.602011392295100,-1.124523950014600,7.219252721274550,6.788466862604720,-1.7752780618897300,-1.78278299982139,6.753091202052760,-6.899729027710870,0.17742657040727800,11.917616210106400,0.4678732308403450,1.086509250840740,0.6452594357742180
0.7499182982186170,0.5735600938598420,0.6713664397292880,0.47265605032204400,-1.9678557940864900,-2.2101129281847400,19.860066899037100,-7.418008926704430,6.284981048818920,4.598311346403010,-1.9111449211741800,-2.121399810327240,7.76050894573828,-6.536087249357920,-0.9495733181341180,9.404931815945800,0.10793135738667100,1.1887220435889600,0.4505476821240980
0.7207361602218700,0.7069025696956130,0.5975348059483370,0.33435805749512500,-2.4809708041783900,-1.4365168736386600,20.67523391855290,-7.506472146665370,6.1883119193961700,2.521518751573220,-1.5002501491060200,-1.8524871472442800,6.632565822294350,-6.4235677980085100,-0.7531876945271940,10.467530392186500,0.148241749358215,1.055409606831440,0.6902309570000200
0.7903102623957980,1.07448004374097,0.6615276139110410,0.30251997909103200,-1.6424269810781700,-1.0051329957507600,21.75192378444780,-9.251004889078530,6.570817871493740,4.600626656510790,-1.1089835816872900,-1.7630852117726800,0.9901326172175060,-5.345894824640180,-0.8628880228293530,10.753765556306700,0.34172918369946900,1.1300047682813200,0.8643942671001200
0.647478610637684,0.8357857337506420,0.5571352425856970,0.3522990846023380,-1.8064803577474400,0.053407625668873700,21.559460962881100,-4.494818564670290,6.530970886862460,5.778973496488410,-1.428324895493970,-1.7369099115584400,6.785230863335840,-7.501354700962870,-0.48798049572726200,11.50414112491360,0.8080342562116450,1.1345386970891900,0.7048084162340230
0.6313400346356710,0.7325304565866640,0.6353961128372540,0.698181375917668,-1.6870506523376900,0.07837425465302880,18.736591395849300,-6.200174070974050,6.062922347790710,3.378808236876750,-1.1719187569453700,-1.63653826208346,9.330309738404690,-7.656769553439610,-0.6467311844508290,12.403315835698700,0.7267983108751570,1.1828762560732800,0.6448716934273640
0.7448146862230250,0.8161973106516340,0.6990065945067760,0.6886226982296220,-0.21305844534063100,-0.3608730922748390,17.47841661568080,-10.420898868494600,7.872440131808930,6.660593670524170,-1.5483901959421300,-1.8696004730100600,2.6748518622970600,-6.631642638591450,-0.5697510238276780,7.172997003163050,0.9388962842920740,1.1433977785991100,0.8095446301431210
0.7746640813848870,0.3874929273787550,0.6964645147185330,0.44623104378677600,-1.279762338938540,-0.7420154693069510,21.23622192200580,-3.8930213435074600,6.9529448811957600,6.632069929960500,-1.5939081441785500,-1.835804492662600,8.661970863834400,-7.711592372678060,-0.5962507496368350,7.404036335049280,0.3579707268373950,1.0987866363576200,0.4528950255182610
0.6929399634066790,0.7799334311129580,0.5560362512137520,0.25420708176849100,-0.8113618756680090,-0.25138821971119100,19.705927311863200,-3.1562326459338500,6.079803475761570,6.277904932711980,-1.4331735306917000,-1.908206702527880,1.0487818713340700,-5.719164013502590,-0.3607697387569640,11.578294305459800,0.596306799100026,1.1404514473602800,0.8704479136149630
0.5836123827062590,0.941875627108733,0.6348746275167200,0.45258563325357300,-1.5867900963633100,-0.21315265356098200,16.08706987071790,-4.785829452935640,6.252508404466550,5.909379877304030,-0.8193558340916020,-2.007998313499570,4.844336640234910,-7.102002537785790,-0.2907592914407000,11.357105367824900,0.8963980385743560,1.1944651810779100,0.7592718594215740
0.7982348069328510,0.5808400823617630,0.6723577610462460,0.635736650349617,-2.4659994478018900,-0.05795848693688010,19.24821289715960,-10.783687737924300,7.152795978120060,7.616320406507480,-1.3835691060732100,-1.498316843640150,8.453578392282840,-7.735048586266660,-0.9305740441602130,10.698628974858700,0.6250922670221230,0.9398086206982230,0.5925039429084280
0.6741538436406500,0.8121775078451210,0.6518475713166200,0.28919664248316400,-2.1061946333301100,-0.8523278764973030,20.04449930385680,-5.864289655646560,6.63600872781343,4.239089381463140,-1.9888767451941000,-2.1175299931356600,1.1443009974767900,-8.261872250944240,-0.4469899497998130,8.72781433098921,0.23373348901160500,1.1889005431140800,0.5211876301283300
0.7042173626714200,0.9227339020234550,0.662604815555133,0.5257896876498220,-0.11158881429245300,-0.9660550699745090,18.609163944527800,-10.897871421581300,6.691839165446750,7.685912785821280,-1.9637303940107700,-1.8328791751074200,3.8628510816777800,-6.756879433999010,-0.8955307921770340,6.079247456539620,0.30928402635289800,1.1660214424233700,0.6832059784141960
0.7451897651986970,0.6317914130624860,0.6860377815905150,0.6538224728298690,-1.7410720322553300,-0.4359294204597840,21.822048004170500,-5.357989957132870,6.729402303001110,6.884042948361450,-1.7618024335465100,-1.7167107248992700,2.098193635356220,-6.908656732495920,-0.3268733478446400,8.34156666096439,0.40016334661136600,0.9388291108676450,0.8704619684077910
0.7100390732898420,0.9590392732197380,0.6372231430368010,0.4835307395699820,-1.1490688525550500,0.29670168231492000,19.20012844753310,-10.0922450753396,7.903047794602900,7.695690417024270,-1.2028631823368000,-2.1694482925622800,6.701933447499150,-6.570792131919110,-0.3787569480350960,13.14255502352470,0.4674287252691040,1.1604021694742200,0.7914966469055760
0.7126109531180030,0.8288329056414070,0.6497863828605810,0.63641935537258,-0.8132002181647260,-0.2159801083125480,21.04081711562010,-7.209422544760920,7.03486855225177,6.36272122974038,-1.2546246468886800,-2.0330958525488700,5.786576411388460,-6.20332087748664,-0.6927965429196120,11.382874868941400,1.0409874846781100,1.0689128451265200,0.456798499390332
0.526624082911768,0.9069020710495010,0.6120773052614240,0.6833862506017410,-2.382904405209820,0.04990301058171410,17.892426960949400,-3.1511846297058000,6.613571976250490,6.445925922822760,-0.872583998298641,-1.7658281660809900,6.40394808661654,-7.539698398338070,0.002448320521216880,8.900006520765950,0.5390859367330460,1.1762059459534600,0.5636401497194930
0.48958546793971100,1.015702384706550,0.6040851808371220,0.6588638421530740,-2.1255185664071700,0.054188745107886000,19.549591730081100,-10.062096275563200,6.989691433265180,4.470131582114970,-0.7778887916344500,-1.8680345029826000,6.201972374937230,-8.276684949435280,-0.6509092826840440,10.804188152801500,0.8389694114357200,1.1782751869037000,0.4730243219082350
0.367824872913876,0.592878267092786,0.653922563772417,0.26277665793158200,-0.5838759248923010,-0.05612510393598480,19.057920019894300,-7.582785095474010,6.288553659757800,4.438669523061820,-1.3953808844926700,-2.1790014475880600,7.937444617118870,-8.535814693628840,-0.8077249749906340,9.931357038447140,0.9956026975210010,1.065530644006650,0.7831637279450920
0.6006276922461390,0.6730783050437050,0.620417942357407,0.6913577978720430,-1.433743991941760,-0.32842502900538800,18.5460988872905,-6.984110697727250,6.270833009178810,5.098593780392070,-1.5440787878456700,-2.085897788160770,6.122593037105030,-8.182807059001470,-0.673898549893855,10.043532051438700,0.32891290931679700,1.1479726163180400,0.4607765638714060
0.7640849485396910,0.8159018102631980,0.5896207604518650,0.25156877727888100,-1.393915507532940,-1.0332436842492900,20.654368192520200,-6.027188049993140,6.00854240723484,2.9646240544565600,-0.8709947079998950,-2.1752330857927800,6.376714710374670,-8.591267725410430,-0.6815686316730890,8.176922494944370,0.7613604417856750,1.1335167858467200,0.4850451257426590
0.6042799663538800,0.535273836437592,0.5868805189872960,0.47594858858718000,-1.8057450698167900,0.19159301000586700,20.50183571453510,-4.065004728998560,6.618849076525860,4.021712216908730,-1.554727026613150,-1.9909633297002200,7.012357099632620,-7.545013994300030,-0.2546059137573480,10.695062895910300,0.28853612966648700,1.1884398240355200,0.5859326223101170
0.7350555206582,1.0624661793770200,0.6560224649095320,0.6943264742601110,-1.9482668807993300,0.35855143358473800,17.09018477033130,-6.9920210980741300,6.423869731542080,7.699515392873030,-1.4837882232578900,-1.9839344138425700,8.808786196264350,-6.673729492711740,-0.6766340480235220,13.638107536039400,0.3354737106130450,0.9475024590503330,0.7065371272805730
0.7584830777551450,0.2212466727830560,0.47601399368765800,0.5239531261836840,-1.6981898486909000,0.028387220273830400,20.044033317573700,-8.010243635513980,6.144691305791460,5.090936788896740,-1.636691010412120,-1.9153035184554000,7.421447824553750,-8.05350976858692,-0.9077166271957800,10.595726548516500,0.25519187890955500,1.1948503403870500,0.5182889827933860
0.7874089417032290,1.0514460687348300,0.5892412361331040,0.3407347535818240,-0.601001983934062,-1.2793962262883000,21.391038079335300,-8.353452717391550,6.098461918902340,6.041815007813580,-1.6396466601823600,-2.028309773369910,9.102973793509880,-8.85775418804214,-0.8737856383671680,9.49248184745927,0.18443748084351800,1.1473272842051300,0.6227052558594470
0.6236953128350530,1.0231177693702600,0.529855622325854,0.4958024646961730,-1.6809913350447100,-0.3320775850153100,19.532305644391800,-4.934321987996960,6.372845440568960,5.740418673988670,-1.1326298096971700,-1.7230452110863500,1.2118141244249100,-7.664599537193260,-0.4856935604268930,9.053252903107520,0.8219711183700670,1.1943380395081300,0.43411672478442800
0.7901772082390200,0.8209705475199650,0.6098051967919870,0.6562806997754480,-1.8190416354339000,0.3418135209506190,18.544788134741600,-5.173368096988530,6.851522896881600,5.538308456601990,-0.6853927958971090,-1.7752581645787600,9.461215947017320,-7.072653638301660,-0.4686222656663630,13.273298479879300,0.9230752633051460,1.1080791478911700,0.8270723276578320
0.5396709813896480,0.7135009885590770,0.589650262203639,0.5249811689255020,-1.6815477537604400,0.1368033695870350,20.34123298792040,-5.978651947252990,7.295112254154070,6.67467117836976,-1.5646852857194400,-1.6842908369948300,9.926609906816410,-5.733099529312160,-0.260090485744717,12.181035150717200,0.7253394364676890,1.1539280443619100,0.7586902217605390
0.594249264591378,0.814148367665955,0.6672299084319260,0.32989857539081500,-0.6475310699988800,0.2615695650333160,17.953339522719500,-7.019868280505460,6.9597055942870300,4.411991085114700,-1.6342503501183100,-1.7490933282160800,8.152371966454850,-5.4085620636082600,-0.7165835471146380,12.851087257110300,0.8468971453574060,1.1969089346751700,0.6392628698788480
0.7136161103444240,0.3469327089069500,0.6279865271689640,0.38658862919782900,-1.080836431742800,-0.3386053397310880,19.88557964988230,-4.170471336194300,6.9991476854449600,7.654923067881640,-1.1494275009460400,-1.9347112059846400,2.7930453944509800,-7.627755329472940,-0.139591105468825,11.783254260655500,0.6652069093891230,0.9826369423379980,0.9428477557503910
0.7649004671870650,1.0045416567187700,0.6172720953667730,0.3560949274592150,-1.5576346076894300,-0.24502685944313600,13.746440184127300,-5.61496748614592,6.425831161033670,3.230044434170810,-1.4859442112299300,-1.843655422782610,3.488227873321160,-7.130540883356040,-0.3565045963577290,11.32282777567050,0.427198176306051,1.1564205043951200,0.7352528688451300
0.5183098334221960,0.8159650642027390,0.6607658884611760,0.4103312118760440,-1.2366945702626200,0.30266787057326700,18.055747257586200,-3.694654268196430,7.601637834064330,6.0137914149834400,-1.9449935874765300,-1.5770914851748500,8.862626617927650,-7.944986003116610,0.0053976538707481400,10.58882486153390,0.7643913594170110,0.9464955601821580,0.9679914602571040
0.749819481180315,1.089039002909110,0.6022775460536510,0.562169018989937,-0.8682796339693090,-0.4104471789616310,14.092986061852500,-3.9391285898917900,6.433012045108830,4.676916736316190,-1.5667179970013400,-1.925967697903690,3.041617987165910,-7.631201437539000,-0.3177640998864910,11.670755217905800,0.4860906392322660,1.1623290915465300,0.6247651164656140
0.7950046696385440,0.6311915296476820,0.5582468252671870,0.39451486863312700,-1.5706250357036600,-0.6653001290378640,20.680590418812700,-7.9601332172290900,6.049388502503150,2.8924296880184700,-1.8350548829545000,-1.691595415126290,-0.3680194176899740,-7.784657539865190,-0.7173738891841280,11.862701921699600,0.25878223161509500,1.1288268956636800,0.8649437808710350
0.7273598986795230,0.6145496239805560,0.6872303249154590,0.3289667456084410,-2.0891931973433400,-1.5108234018048600,21.72325852623670,-4.376691169832170,6.396814197423770,5.310817780484620,-1.797959533125380,-1.9884476604407000,0.953535079696924,-7.403060020135930,-0.4854103563799540,7.449018053848720,0.19478533521839200,1.0223527276704900,0.848176055217336
0.5911709900098220,0.6299519455579340,0.5333507906026570,0.5769250269827310,-0.9159253719127660,0.2861593422173700,21.34583313054460,-9.92875079032048,6.43033548766176,5.089680033336480,-1.3287610585016100,-2.1024792882674400,7.409607648484710,-7.524634233039490,-0.7562712773909800,11.639116398962400,1.0532339303338800,1.1845679620117100,0.5953297515475340
0.7932306078170530,0.6771150141349270,0.6880416057422320,0.4688237022144060,-1.7030323947226200,-0.3810673797888990,19.56012144009150,-7.997399709587590,7.469386330078260,3.414185746697590,-1.7410087828065700,-1.7353824849978200,4.273075218265360,-8.960834086137900,-0.9898402271890100,10.034287826096900,0.44456390595381900,1.1189388354078500,0.5002179182862440
0.6769774174368690,0.9828816365262430,0.6679263053314330,0.5727771238702830,-1.5671926187812000,0.056493549559632800,20.045386099348100,-9.323585580959230,6.566062188025990,6.973903608418210,-1.8443644336113700,-2.1233907188316200,4.655997969232290,-6.647699046772420,-0.7905411922927820,13.061329943771200,0.2651778763311530,0.9228665196792550,0.651072854917224
0.6494309375448070,0.6747512852435780,0.5871436041422460,0.455495053885695,-1.7998258401802500,-0.15023503287340600,20.63378892345660,-9.300530762051030,6.914720188863950,6.911141539954580,-1.3780500954112300,-1.716819855396610,1.9401068070553900,-7.993895898432820,-0.5745379496881990,9.03835348632699,0.7059174256153940,1.109105716615740,0.7728488220123760
0.7103597995353520,0.9611634990122980,0.6227919507104550,0.6722796541342810,-2.213886384508710,-0.509379223027542,18.38098894912290,-8.11417528445177,6.637747552215290,5.731694349976720,-1.100084136961500,-1.7485298598530400,2.7719948020677600,-8.091057910344220,-0.8310685482894380,11.857742308376100,0.5368965528801990,1.1800436215368800,0.5869906303567880
0.6476884426107470,1.048175995558050,0.5693981639103070,0.5090238254458130,-2.2485679157381800,0.17111249597805500,17.780345290799600,-7.7350402709192800,7.738239326149900,5.340841763111610,-1.9831942283805100,-1.9238062226006200,8.409526954424610,-7.063460170758360,-0.6836019779779820,11.767755752296300,0.34042809661248500,1.1727595494261800,0.5339802870342730
0.770847344278247,0.3491837761528970,0.6608409157257480,0.4060482998420360,-1.17843521786559,-0.20875717370481900,20.528035540751000,-5.566046372390530,6.959168354618410,6.196793697828210,-1.1316177799902100,-2.085042745914750,3.669191509303990,-8.682324557971280,-0.4144421260591730,10.5150254736579,0.5312211517311600,0.9509293711044840,0.7707469717532540
0.6202146574964670,0.7625598459055990,0.5706797962714800,0.28031131729734900,-1.2781361267197800,-0.2033631708446050,21.06731324288240,-8.620601689755410,6.284145897025570,6.199821564101450,-1.1575730371253700,-2.120115225222250,2.0065517020095300,-7.926515825975500,-0.7512274601945460,10.763831540752000,0.911368743314185,0.9054147116968380,0.5361795438312700
0.6223974885719390,0.933958297188819,0.6122493201145450,0.4212489704330870,-2.0302053272146100,0.3232370837213400,17.90633675900610,-8.717266639289820,6.30516152053908,4.078390818644830,-1.1022342426591900,-2.0193309683025400,8.032465260683020,-7.454032706972170,-0.7454401019900270,11.19742629446380,0.5763816048416060,1.1823562884522000,0.4858157122218520
0.7125409135377760,0.7826173117370480,0.6393832450408110,0.46831063137023600,-2.325315781677490,-0.18837416970086200,20.79616216050550,-4.558028327492300,6.556903071199030,4.545439844247330,-1.8014886014265800,-2.0278158073999500,9.428238920168240,-8.214925211723110,-0.3809311373233280,11.059059276888100,0.168398378626267,1.1869960611183600,0.6217515295271390
0.7315277149968130,0.4769310968028490,0.502139026789116,0.3481964771144760,-0.9253971244511900,-0.5052117437548030,21.250058961389200,-9.371363830182930,6.418648531388290,7.137434406321720,-1.9822523534532100,-1.8604076988709100,3.9623163599982500,-7.602938057144640,-0.5592036379510550,10.878273181201300,0.3031642094424570,1.0448546502069600,0.9430268933261650
0.6563968838286680,0.5283271914490610,0.5540689230789300,0.278255827690709,-2.4215116412857400,0.04782125976025840,20.75353001857230,-5.317280540004890,6.59598592226135,6.592780014143430,-0.9664585965069310,-1.7188243477817200,7.592980529410410,-8.42538223159098,-0.6357952176070630,11.209644927937000,0.5677957455060040,1.116827618264560,0.5082810964644040
0.7972981856618940,0.7991402501204120,0.6934794039521580,0.5412627867752020,-1.4587544328272900,-0.2549589205377540,19.77507188578910,-8.860960937909750,6.647225549158830,2.936807029980670,-1.3060635693051900,-1.5951305893988300,4.143602074614700,-8.346119664094320,-0.8449572497343600,12.651462801621500,0.9389846883002060,1.1607555259846200,0.7034324815994050
0.6967373095046580,0.5417716525539710,0.447343899415368,0.2623843333741790,-1.45083740520244,0.15323212456437200,19.53595841226310,-7.608588438202520,6.571040898970830,6.913862107537600,-1.984865360520570,-1.6169551825341100,8.32873102224244,-6.7507581028365600,-0.2954130971942790,11.80062475267960,0.5436077021169680,1.1872582139630600,0.8038408295108670
0.7522893496146980,1.0628277322740600,0.5332063160850640,0.45511172949475100,-2.017548455906590,0.10210580074067500,19.057460407165600,-2.7353188965780100,6.190562502007370,2.3131241623534200,-1.4706672273693800,-1.7695121882468400,6.445415553878760,-8.930933577225220,0.04568462552792690,12.120363772991000,0.410219264796633,1.0988231418466300,0.641970516464636
0.768437340525743,0.7359492710259340,0.6035649974000080,0.6724326836401820,-2.34457196530474,-0.6171197816232670,19.62802974471290,-4.065024463486850,6.316532115756480,5.479888252558150,-1.362076391637060,-1.4664188293638800,-0.9662830965369280,-8.885895792740800,-0.2471207914612740,7.286659506236780,0.705949956683898,1.1853334712563700,0.5662821189331380
0.5918894184765830,0.8409600750894430,0.5462168670202320,0.6310362714142720,-2.4867801548413900,0.2299253745432000,20.74620928413590,-10.676168475528400,6.558915215919280,3.737378324278660,-1.220054259994340,-1.643753476116350,8.391829124098910,-6.751501380294930,-0.655721036268972,11.347694847906200,0.5008261563009190,1.1055416909287400,0.627664503046317
0.7899234240943970,0.43791492178773200,0.6768611860243550,0.49481235850424700,-2.218948199562100,-0.3157570636435470,19.133089423436100,-4.796911605270680,6.972513561249830,4.622450324567600,-1.9007650268700400,-1.876048588519710,2.892428928271160,-7.777106746643370,-0.4181231414219770,12.738566250363100,0.2678250175187860,1.1833230729010100,0.7014349160859750
0.7418055117837240,0.39701878713097700,0.5999787551755620,0.6072405210264000,-0.5981305946934100,0.13484553877989200,20.43154094228620,-4.41861842847325,6.881378507728250,2.456212732176760,-1.4540242838379200,-2.1038247973429400,8.132397890681740,-7.425222443273850,-0.09003289982911920,12.762847279309700,0.48799596068128300,1.1581266120513400,0.9064617874647400
0.6707957824039190,0.798377829282618,0.6359431152875460,0.5201677807443950,-1.7479365376744300,-0.3941505540423290,21.230016552386000,-8.62549557566616,6.893406608497890,2.599555719045020,-1.6353422789954700,-1.5745658613349400,-0.9005497918373410,-7.3677232337345500,-0.7622554129703290,13.396548409782800,0.6792651090839460,1.0794147688965900,0.6031767305295550
0.7550806239000810,0.5929758820750810,0.6757862445124530,0.6586399382958910,-1.7898642703178200,-0.10531099774595800,18.670090578479900,-2.0403288201902500,6.828468552718830,6.040996065890270,-1.5200587462366900,-1.6011241487907200,2.716079047443890,-8.395206639929990,-0.15193247317188600,10.454578808167400,1.1031116919276600,1.0494200712260100,0.7393301337486260
0.7203541819551930,0.5847130863562660,0.6623831481429520,0.2676286050961950,-1.3392464873675900,-0.05892171188554580,21.150669396119300,-7.7821163776975500,6.172164430210680,7.384161771636950,-0.9953144281362060,-1.9151909293607000,9.028868239975380,-4.542557838386530,-0.7879746743047290,6.887764915504110,0.9803292020600800,1.1391898597593600,0.5972879130867770
0.774024679223156,0.3234804194311190,0.4704715006187680,0.42430388099451600,-0.8510431315308240,0.02645089397857680,19.1381692467765,-9.658944343830780,6.419430463673520,6.713393881431210,-1.105763215562170,-1.9866198678731300,4.71217028863873,-3.8700111620877800,-0.8066106220756160,12.788060041025400,0.6671058781110090,1.186891476228500,0.6025845375021860
0.6087230630402430,0.9962029664976650,0.638708064811844,0.32952121524844400,-0.7063247653121370,0.28910629634569300,18.83162000534960,-3.1840892839939100,7.688410450016520,6.6263603410018500,-1.4246706343292200,-1.9414055602388600,8.179328945435180,-8.017345620539320,-0.230555468785296,10.624953947452500,0.6052858801666010,0.9790167771632860,0.9676975039450350
0.7850796996383530,0.20284771833839900,0.678761734022427,0.5221323227629230,-1.5397230847831900,-0.15984125037591200,17.02984405411690,-7.244693458321500,6.856837535632730,4.062602145371640,-0.8162851989965100,-2.0590647268274600,8.378336921286450,-8.539260895105100,-0.8089265272171580,12.17880999717670,0.639130516221809,1.126743305073860,0.5657614353569320
0.7437170407630030,0.595405933381908,0.627587735127672,0.6244984837796640,-1.0838480690737700,-0.08195125560672270,15.893840988277200,-3.4532614476321700,6.707450492031700,3.2997695833343900,-1.311470229517470,-1.7542544108811800,3.207983133005860,-8.729659887610040,-0.23421396627503700,11.422856866620600,0.6589936607693700,1.1923705564985400,0.7048791889406950
0.7460937669525030,0.6495988295581280,0.4818270229863440,0.46786860121485300,-1.9096110145772200,-0.12391777856985800,21.32478178736740,-3.9807945838602300,6.461438035354480,5.638579561170740,-0.704640892506949,-1.8014547002222000,4.315135444519660,-6.603738436251990,-0.39439593626747600,10.356327208515300,1.096175400435550,1.1794046962348800,0.79673692095792
0.7374029597845070,0.7262545614996970,0.5688453670261080,0.40361577651974200,-1.7525105095371100,0.1566554771123740,20.425178801029400,-10.607190771672800,7.175773100920770,5.637663443033300,-1.265902610093530,-1.886305352019600,9.260593215493390,-7.887666127160650,-0.9659915939568320,11.663412048031600,0.3731851619889750,1.1381967825507500,0.5353601979193150
0.7887562081063250,0.9549378944818160,0.6629920972498310,0.5880632022357950,-1.6127329028133600,-0.48337926550767000,17.532654913103000,-3.7183450269551500,6.638624178224110,4.3982761371419600,-0.7427813893117210,-1.8924780988316900,1.1644331641237100,-8.624127984523550,-0.40212290767585000,7.561122224625170,1.1642820351149600,1.1676735173873000,0.49657680468168700
0.7446583826797730,0.9218588239361920,0.5589579991796050,0.6805279129211220,-1.8491315597046300,-0.026323577633161200,20.082914828242800,-5.5242382487796300,7.164591737936430,5.774052166079720,-1.2022107492940600,-1.941411359958120,4.028012726356500,-7.182709136493880,-0.28423993120799100,11.398276797571500,0.4463476697169340,1.1072809630356300,0.9626103884640780
0.6632758195863230,1.050077120410030,0.6510904763248320,0.5826767023802810,-1.122184114489090,0.10201165883771600,19.179376900498100,-9.178266864953810,7.133249238289680,7.644267332897780,-1.3297767297112100,-1.987431439032890,8.048885115283980,-7.502735254603200,-0.6651737134374510,8.738638883357440,0.6683111769481060,0.9214300938525190,0.6887363751414500
0.492748800596862,0.24425428426086000,0.6260529774521830,0.44782186268453300,-1.6859495562582700,0.14253155163620800,19.74335745389360,-6.751155539456190,7.490437284007180,5.138678399563850,-1.7731556817492700,-1.5965634277625000,6.457708615943320,-8.616098970948010,-0.2827530464952320,12.080561419380500,0.9421371185015450,1.1566848648817800,0.5218029278886210
0.7852380687233050,0.33636628329146300,0.6933061555639240,0.653056180097396,-1.7857636342929500,0.07489939616852160,16.12878902676580,-10.284110982985200,7.912765332810760,5.876623117478620,-1.1998418433734100,-2.1467871626634000,5.886418172421900,-8.257953026250520,-0.5846762379738810,12.201105825751500,0.32931367847129000,1.1637350380812000,0.7050287886043810
0.7837384426037600,0.6243346930962640,0.6946605100924830,0.511887417581129,-1.477370176287100,0.22145391264804000,21.060211123133000,-10.42206599808220,7.577654162228000,6.733114440547240,-1.3598508383477700,-1.5532211530252600,9.789677081289910,-3.201485448901830,-0.7231504841892470,12.782403938324100,0.8740120086863950,1.0649616505996500,0.6741549507878680
0.7343155677596580,0.468215575495906,0.5358595279382980,0.33329363164430500,-2.0070015800737700,0.165762197040802,18.59716105904250,-2.363235343611230,6.975013143857110,7.285974096058290,-1.1893358878238300,-1.5716078396762200,9.32070810019817,-7.268677174927960,0.0643113777069361,10.052673462721200,0.7020036519637770,1.1892348924765400,0.8275482633030620
0.681912114584542,0.2697369012238330,0.5581316407221210,0.47983635712259700,-1.7864147363353000,0.005723717509843620,19.96705823066030,-10.213371705628200,6.19091084939965,6.257416689060230,-1.3244367976287400,-1.6302609482427300,6.788140690636790,-6.783633623135580,-0.8763961054033520,10.295481521922600,0.8957191395211360,1.1391836398481600,0.5484870410116970
0.7448069199075230,0.8545591005945720,0.6079513582924680,0.6839025802915030,-1.1821662032570100,-0.30073376982930800,19.82989217014460,-8.651592762348600,6.008636811633560,3.8439342671466000,-1.1382821537134600,-2.1790116132823100,5.720812471138820,-7.843156360754270,-0.9624388901523990,6.51888312853133,0.9931303933677040,1.168816984182310,0.45099555009983500
0.7970163932200740,1.0032818128032300,0.5927040701838380,0.6375442593462380,-1.9775045091128600,-0.7359056231792130,18.773618319393700,-5.774789840407110,6.208694712806620,6.583555008912510,-1.8976007248237000,-1.8579848011335500,3.0363826534692100,-7.301564554185570,-0.4694984412740680,10.10821309676210,0.2759161909639570,0.9760623545869470,0.8395877220432790
0.6160764161746280,0.2419648476507460,0.65658212471518,0.6941515048607690,-0.8425004113430840,0.12954785466950900,21.127285600320500,-4.095395029614010,7.226266095471190,5.583562191231980,-1.9555827779374200,-1.5439427742131700,6.827236150504770,-3.5082673056694300,-0.1205228246819490,9.305609796084320,1.1583174710187400,1.1599341815087500,0.9622054664911370
0.7837666155188900,1.0584429248650100,0.5185322454588930,0.6908445887288380,-0.4543817671740750,-0.1621517778884620,15.579675475596000,-6.749339836035000,6.234144125739870,6.251619127223950,-1.7837039079951900,-1.7591601764815100,4.442188881240790,-8.20469748136462,-0.33229946537187500,12.277438767333900,0.616331490855212,1.1177910125083000,0.4253633416792380
0.7910728091548890,0.9117654561871450,0.5927788509026400,0.5846752051740040,-2.352377114688010,0.05307669494325410,18.559618401407400,-6.372979977886040,6.327362006260310,3.3674588957852000,-0.57723658632808,-1.7097093918033200,8.848418016175860,-8.895394925483390,-0.2175584957289040,11.360293625382300,1.1657394053825400,1.1824884395579100,0.9649518516970930
0.6814003908785790,0.2773095260623970,0.6625883627233470,0.6151892493972580,-1.6721420357282800,0.0351385624863181,20.667614606809100,-9.55342620991296,7.242937157244520,6.004947361800470,-1.0539659832041600,-1.9219536484321300,5.348226953425410,-6.878955500593670,-0.5845381485723320,9.687895921293440,1.0030009655251200,1.0904302969124500,0.8062593680389850
0.6442127747144710,0.4175847123661950,0.5246662069798940,0.5970549398631100,-2.1494209977950200,0.21585728700964000,21.55831321255800,-6.869978522249720,6.692783661565440,3.4812054166003200,-1.103114220307200,-1.710791474736940,8.15677370490287,-6.487411679125360,-0.691260954075867,11.16657810452690,0.6051508706396960,1.1655823070633800,0.6158835064075560
0.790070857131294,0.9995595100859800,0.6409667575528750,0.4729339916134540,-1.7676781131065000,0.03370954941323060,16.950847390069000,-4.1126279326726800,6.632436735807890,7.026257246029590,-0.700711644582037,-2.0122111269773500,9.755299983139890,-6.582382230550250,-0.4884780230022740,11.139743116249100,1.1267963040289700,1.0376213068409500,0.8506206306677670
0.5448474171742630,0.40932065625755600,0.6179747555286090,0.4310905311909060,-0.9728691824789590,0.06324899719433360,21.327280672205500,-9.3573325594183,6.501315189878420,6.927556048750110,-1.3036809766118900,-2.065660227491490,4.514054621941510,-5.610259001032500,-0.49883533105052600,13.471516464404800,0.743648324625948,1.1703507243715200,0.809537514565906
0.7172116020726780,0.761248982612976,0.556130942795978,0.4240133234095830,-0.19867866431022500,-0.3375852395526520,21.368446990539700,-8.980093650280780,6.685003938888830,7.013724109434440,-1.6423125668264000,-2.0263395567987200,4.35399566849127,-6.3240984225758000,-0.5187004325388040,12.82072139069380,0.3910299644343650,1.1846502256801900,0.5862149161821380
0.768718117974906,0.6071508409885740,0.6049822966454260,0.539263012836094,-2.0543863162045300,-1.02661906693577,20.111925020909400,-7.261770791203950,6.0872619744005300,7.394805726688790,-1.5145871049510000,-1.4760524555451700,0.8670441043814740,-4.8410673331068300,-0.6031992570829690,6.963986456659560,0.28777368097196600,1.1899396737244900,0.7491076647730170
0.7367307320806940,0.8880098551064430,0.695386399336148,0.5979225357275510,-1.183494883407010,-0.9409585867410310,17.77222207824490,-2.0902059886329200,7.341430539867900,7.508654751790590,-1.6963963402497600,-2.081573694400880,2.422734623924840,-7.466348117796380,-0.09001111130692440,9.160696570957040,0.22688126808830800,1.0440551212275300,0.8995494182945890
0.7640149666456160,0.9850593465679380,0.5764463476695850,0.3259199400995650,-0.5597661345907370,-0.5908696001561010,21.758943753984800,-8.437028109544820,6.371419405619840,6.590913142767200,-1.5034826476307000,-2.043646119310040,7.496683477348400,-5.748541744263670,-0.8569368117435140,9.165039366657080,0.4894712558772750,1.1199781979448000,0.6498327332281250
0.6496839336251380,0.917346047735419,0.6066623736209990,0.6841527953881390,-2.3569475818225600,0.4021620021000850,18.16910551717020,-9.79306080102633,7.168538616044010,6.841895567222460,-1.857358781499560,-1.8365602836484200,8.523783584645970,-8.145639132208320,-0.7154674454917040,10.268847085311200,0.3959760599647360,0.9890127134495680,0.9124874270178660
0.5927473081863100,0.6855440091862800,0.4881507212554420,0.22621250726998600,-1.7547206208528000,0.10658690339299400,16.578633970180800,-2.6579215724747000,6.2380203995910200,6.565529313407660,-0.9375655045979220,-1.7422956493398100,4.59827173827869,-7.429658288521620,0.1650743447376380,11.301243442783800,0.797860037602683,1.1672289406314900,0.6266564360077630
0.7077302452479830,0.8968226561276900,0.6141242587812920,0.6045294535962830,-1.9604702173433400,0.1890308584013740,21.768055163549100,-4.912055536053300,7.318363632650870,4.973456173415290,-1.5819958407729100,-1.6742005473202600,5.226427062359320,-8.3894447690205,-0.3935221350836330,10.904565688817900,0.5090923339025080,1.098554839874800,0.7199044180118060
0.6512402808957530,0.39841318214164400,0.5656484894772230,0.6327094325150390,-0.7454605556599490,0.09514151588141600,21.475213415465900,-7.779857526166380,6.6552984192172000,6.507309622122910,-1.9587473971446800,-1.711476982581590,6.341907777074160,-8.198325996727030,-0.7786663399831920,11.099071088189700,0.7066234559196700,1.1442461354287900,0.286069902934548
0.7892184757101940,0.3523193047768570,0.628689744946015,0.5988397308884650,-0.7656586117642470,-0.4364656691060680,20.870876891086600,-5.294934788679960,7.2110497039069700,4.76502960694077,-1.3345940099460400,-2.1310302068754700,3.606088767789300,-7.756161808605370,-0.1025831043401610,11.682821453813200,0.34294255197357100,1.1836044852459600,0.849314661180863
0.37617190138502200,0.8251808111018720,0.6815108322165530,0.46816034573379600,-1.4307045864380100,-0.19297980059237300,14.878690246866500,-8.551419632809820,6.05611194499915,3.9215833444686900,-1.9405620665627500,-1.6964265179376200,3.746194560677060,-7.9456963712876600,-0.9036404721138290,9.809319904927750,0.6053908591000500,1.1780698501746900,0.4261037771575960
0.504266266624953,0.9383720345098170,0.6940352468614780,0.6203689841242130,-1.6949762361917600,0.2545102979561560,20.50870906197900,-0.6134729772335410,7.392356330143310,5.267502128320080,-1.4744781328749600,-1.9188166479633000,7.409191194484790,-8.155093094496570,0.13993009505688000,11.013082308182400,0.5049793912721270,1.084215140618010,0.8394343436278390
0.767656109893651,0.3461748751252280,0.5677049725901950,0.261990858626941,-2.4617649364234300,-0.601862835008985,20.345017633102800,-1.3123880644289700,6.530916310047090,3.477006954264830,-1.571651024909370,-1.9805741218528000,4.232701452874100,-7.844115456939390,0.050353185141377800,9.784308715643200,0.2916069803663190,1.1835317271586600,0.44301957685667600
0.758550705226331,0.5590830035623170,0.45418465097479600,0.33830359310210700,-1.9402241178899000,0.3429090623760890,18.869773812671900,-5.085779016426640,6.961573206947630,6.196165029261130,-1.3497555375060000,-2.158630788526490,6.35573755772732,-7.352744991863330,-0.8047004927752940,11.881198006909700,0.21161077545254800,1.19823265732564,0.4492963423051380
0.6932555308954070,0.7911684518761940,0.6619738763746900,0.5600701688271440,-1.0530435976729300,0.4427072338523100,18.059551704318800,-6.722159733584280,6.229682265778340,4.272107229906800,-1.2779847976989900,-2.1853695453792200,9.516883606853050,-8.818679782985910,-0.3861633934573670,10.604093026251100,0.5217134241356090,1.1962590858560800,0.7678347217533510
0.7473644570098620,0.9127146549829300,0.5159753650517500,0.4241243533264740,-0.9835388826693950,0.25462469847202800,21.023081556480300,-4.442782623541610,6.547669516051230,4.788986011913390,-1.4358711138114100,-1.8107767477278800,8.017574626365690,-8.791678987369320,-0.15212391030122300,10.724735580847000,0.8190251663709650,1.1878208519162300,0.3445063715199520
0.6289025237997920,0.6261474852479530,0.6499424485703080,0.4189413487694670,-0.8371379389359000,-0.1717828468745940,15.312723301694400,-2.682681258435560,6.587814010603210,6.999848146545260,-1.154062737575210,-2.083481181496600,5.4581641283793500,-8.447096903598790,-0.14699909609555800,8.32120964033306,0.8981012901252820,1.1435722403345700,0.9966181595721470
0.7268078927098780,0.2856466804966030,0.6475887692681670,0.5675961595166350,-2.2314719496125400,-0.7576452880685480,21.58995853603670,-10.640236946387000,6.58274058841538,2.740767713838130,-1.6292709430629700,-1.7600768574625800,0.7403127032236230,-8.751687780766840,-0.7820680365520130,8.368402943892160,0.26992887193840400,1.1543426696937300,0.7763377250585630
0.6112278944779810,0.6602955262934360,0.6374140435444860,0.32634477117569000,-2.333176137743210,0.19455611856034900,20.124693855549700,-6.736397420834860,7.186406340854090,5.886122020987840,-0.5207034391814410,-1.9409850183833700,3.1053051453526600,-7.679897306553780,-0.4510732617856820,11.81087298908480,0.9977735781939370,1.1549597164429700,0.9877948400796430
0.6229098009375930,0.2856255545397170,0.6436843918545910,0.4223719725055100,-0.9741454264774210,-0.14427352347039600,20.3237327245012,-5.944086345946650,7.419015181613340,2.966240913827960,-1.5989898546133800,-1.6303474820837200,1.018739066691070,-6.898451247531030,-0.47315184562553700,11.533645811749700,0.9510849475344520,1.1931657334575500,0.5513795714246370
0.6109307388564950,1.0786806206294500,0.6020859221632060,0.5492754545954710,-1.944599752946760,0.39620536591298300,19.36894710004300,-7.2589240018125300,6.471193056945330,6.522009098283530,-1.3174037769077600,-1.628336453709390,8.269771856929360,-8.701982701054010,-0.579948500243997,13.376317998443200,1.0050474055397400,1.0614549213452600,0.5457558772402040
0.7048303791103000,0.8334290385192230,0.6048797051012320,0.5480851569127600,-0.840830995644549,-0.2935843832269280,21.257180377339000,-5.842356987553190,6.129848825396310,4.091407958857110,-1.6220655037952000,-1.7477053277867300,5.318426189703580,-8.80502662334498,-0.486680908866597,10.52435826712920,0.3319841713489300,1.1395286480177400,0.5541661255028870
0.651841310497605,0.9450930656732640,0.5968265001078390,0.518383500367083,-1.41571803262312,0.1571212522265270,19.320456706388000,-10.024963985048200,6.818603937831250,4.847341890357180,-1.6033185369979700,-2.1748553058518400,8.17299844244482,-5.816960545385380,-0.6976919296403220,12.42702104269640,0.2679530384192520,1.0137887670216000,0.8275202279876100
0.5730368494972750,0.8661089725042970,0.5993142105808390,0.5196837776556100,-2.206250441449260,0.18173453141660400,19.178220849066400,-8.70761758899706,7.409765384691030,6.381963175243340,-1.8248386298148500,-1.4973843783677800,7.66275735961816,-7.655919380195950,-0.659905294923514,13.199630454817900,0.7259859222015870,1.159650860915230,0.582441209539567
0.7509288649670590,0.858402800235686,0.5602791594135240,0.5592406904225950,-1.9780709979067800,-0.7274511846807310,20.920725614234000,-2.2202919122753800,6.265422819263870,4.987983358925000,-1.9118130062000600,-1.9625207358233000,2.1939172101311000,-7.291972950402090,-0.15910957312224100,9.461771052999140,0.2696185988565990,1.1232566422140400,0.6812294193135000
0.46200953576084100,1.0013288152959,0.66199645261015,0.479775174166168,-0.9438461374135320,0.3627747908943850,19.986432261188600,-10.277733319381600,7.1755157106966600,5.758485478482860,-1.8629643794482900,-1.688626865999670,7.126166311911820,-4.356467134428230,-0.9201657181711160,13.578570961747800,0.5673661033260530,1.1817555083994700,0.4077733469296290
0.6403681099879430,0.7089726806896960,0.5382864078446620,0.4083836075954320,-1.176932591773760,0.29387939430703200,19.579952110597600,-5.629146348379890,7.181281622832730,6.294878695017750,-1.288133858975850,-2.130145872662480,6.188822835803470,-6.180592315444110,-0.1369694536242780,11.867936431695500,0.4168615310570030,1.1095754319295900,0.8587552189023570
0.7497299985718680,0.8266231133560770,0.5957206841460960,0.5670582423391890,-2.431077918474280,0.3194198708102310,20.687866099274900,-10.64201385826200,7.593075794789170,5.215068649267480,-1.113560644367210,-1.7966607700927900,7.9100607146286200,-6.511681447973010,-0.5725075887643440,10.116277287871000,0.7406806992483110,1.1267070192631700,0.8430775794646710
0.6799546219527290,0.37486441634034300,0.6017232774709290,0.44438346485479900,-1.9667802761061100,-0.014965172417458500,17.416982546108500,-6.60660479338978,6.612953854850800,5.676054581557990,-0.8857353393640050,-1.8350340565111000,6.036305658494340,-8.054276229157760,-0.511079120933994,12.006633457982400,0.6385447936068270,1.1721236822620000,0.8463648490150600
0.7702183165569140,0.9494355602159640,0.5791454276231870,0.6156537744281220,-2.2489003397616000,0.0716330054668146,18.565335380478500,-1.7043864160845200,7.15485527906234,6.111915516849730,-1.7356624496087700,-1.843363468330140,8.241882549320840,-7.274887493732480,0.07670557241289720,9.556586000158830,0.2991089200459240,0.8611430286981860,0.5566904384541410
0.7772405452597150,0.4988200663285470,0.6215620939141380,0.4864559461326140,-0.9308465829835290,-0.4185794243405430,17.055826537133800,-10.446939007672500,6.693717247710340,3.2772625000737300,-1.0263473194959700,-2.0700560164388900,8.06682242239988,-6.7507484218987800,-0.8672418166432390,13.499616668698500,0.7386833701288050,1.1779902255378600,0.7010466460997380
0.6866250146616300,0.8853262703069800,0.6310971761917320,0.5692700499701180,-1.463890550180180,-0.1905007832756000,21.182836449266500,-2.786971159696740,6.548803650567730,4.696596839402730,-1.6913604313914100,-1.553956109057940,-0.49766352433430300,-8.094421467049430,-0.04013048153334880,12.114381335865800,0.8711192305017680,1.1202921037162600,0.48308569090591500
0.6632604429379030,0.5817064775126140,0.6043603194719720,0.541676536346802,-1.174147608352300,0.15950461940532900,20.840063429132800,-9.917908170751130,6.542384763034910,4.887806287991620,-1.6098755021953200,-1.4615263980885900,7.026805557879090,-6.771401022068070,-0.5698965785466150,9.794766908873690,0.8645429020135640,1.197760198011580,0.7183711424546620
0.5217987750569020,0.6210073006655750,0.6826887378621000,0.5977249879852800,-0.9708887241895080,-0.5083476173307120,21.10555715395490,-2.829134376404170,6.815265836940030,7.497457668338920,-1.568925783913040,-1.5678663542452400,-3.8532470112191900,-7.6007696390416700,-0.17234918682943300,7.438504240670500,0.9070463923033790,1.1644051568268400,0.6451871326765000
0.7593479333022550,0.9688619405016570,0.6085493915847150,0.4917512617140100,-1.0760732040110900,0.22359315677500000,18.481431014654100,-6.482815660052960,6.879881589588550,7.007184567584650,-1.1641419103263300,-2.0792530208785900,9.378378712057120,-7.632972550091710,-0.28728205450040000,11.029475156669100,0.8793624158938490,1.0254459073968800,0.3807738190830270
0.6450684061614770,1.0094079069007100,0.47943180617782700,0.3362270727861470,-1.3546347240842200,0.2117624768467490,15.856909793430200,-8.82098657556056,6.630136277770100,4.21505056799146,-0.9727701466405790,-2.1491684456490500,8.137440374898280,-7.556654459817860,-0.5525258019258320,11.223187284045500,0.6863268013322010,1.1876941994646300,0.5789760831287850
0.7985133422391760,0.5979050134266740,0.5689279176423790,0.6363574535525840,-1.2255740466593500,-0.7406782858650230,20.631757857508900,-8.291894096353220,6.68445257233703,4.358973155437830,-1.9604173455371200,-1.9543085323732200,4.407573277810100,-8.511724843053770,-0.7992045257053930,11.102088643480600,0.3145640547098110,1.1671780612731600,0.40635029974791700
0.6296187069682140,0.9404956337005870,0.6301910662886960,0.5934706538578850,-1.7379532508114200,-0.31598815610592300,21.920820687875400,-5.296490834146200,7.486300682810210,5.915472486440210,-1.9754735819107200,-1.5577763540530900,-1.7410671436523100,-7.1287593441429600,-0.3736433767478870,9.937641011653500,0.8230304426339800,1.1370425361262800,0.7634262262860720
0.7343984002444510,0.276215831486605,0.620605315624659,0.6148334882990470,-0.5563229912274080,-0.47189429133139000,21.538121499979900,-2.4930483307812600,6.869590230259870,6.308057583993560,-1.528083201907840,-2.182418047184180,6.665044383611540,-8.111084953164100,-0.16954827518892700,8.26790483452594,0.35098059024119400,1.138220887095130,0.7751149134839080
0.6978815185299860,0.9896615661237100,0.6451024278131960,0.24946837673016500,-0.9675488086118890,-1.1043310931534300,12.430112770204700,-7.557661764306000,6.51060283155183,3.5540382861812400,-1.1674755757203800,-1.565635593319060,9.2154271639087,-8.179784571499760,-0.989464876604243,7.18077819509667,0.9484006807450870,1.1285473870615200,0.46792970519701000
0.6252978209625850,0.864275677675813,0.5002496455557640,0.3335908077901500,-1.6210913409059900,-0.19812517693951700,17.355997553423500,-3.0101338418931900,6.4621930970574,6.515701359968940,-0.9963691342424780,-1.981257289392350,5.566849632095550,-8.630346590108600,-0.23623038303616,10.02228207663580,0.5358425033399450,1.1713813838810300,0.6844243229413900
0.5281714138774630,0.791999633398374,0.5455227021256200,0.40380114297352600,-1.7560929608230400,0.13765186799099500,18.461971225050500,-7.822149532789860,7.011674451915950,5.591334985326550,-0.7848943335429630,-1.9504904856213700,5.16061173212284,-6.186957869955890,-0.7164112737743880,12.304512690328300,0.9538175464740410,1.1932210902277100,0.6615667415883130
0.798532970762907,0.7197221907475200,0.675160164392521,0.5972493382422950,-1.9679711954465800,-0.011648761177633600,19.98025346038050,-10.751762445881000,7.57647378845163,6.714609858899610,-1.6977423354580300,-1.8513729742929100,5.997881898275590,-8.02764284446635,-0.5004950020281280,13.115137463085900,0.38781804191454000,1.110600031209260,0.8763134377721470
0.7483718697179150,0.9549029292203760,0.5975555637256980,0.2561065611779420,-2.4892562860871600,0.3308910463520990,15.653600661741000,-9.828625663209780,7.6136061420464500,6.123034090759470,-0.5914182072164970,-1.892276104579770,8.00702553851945,-7.902742698575800,-0.8727783753849230,11.37923855199630,1.0126003062183900,1.1120052288490300,0.6238951503375290
0.7854171779809910,0.8343859495897500,0.5506269353158430,0.20362176377311500,-2.026506076560250,-0.4437645935385690,19.538921417402700,-0.14838948180893000,7.206484961745010,7.357361663654560,-1.7867691447391100,-2.0586870365452400,6.93522309559718,-7.88455473445827,0.19812135979178500,9.504728812183730,0.1478365045466180,1.1845309650335000,0.8145331028999580
0.7377741717669080,0.8623285218128520,0.560060068115068,0.5811094868568800,-1.956748876394760,0.2199987646308100,17.84355369785300,-4.636091362940890,6.891861458164020,5.782379055668810,-1.5292548969473000,-1.7041585662904700,8.905169093919080,-6.881083610420820,-0.08207966024869560,10.96325289387740,0.5891156707181150,1.1205406900263100,0.7930480171812000
0.7383886504371300,0.9632312483306950,0.639660087483327,0.3289883042835270,-1.1273011012091600,-0.16394425906309300,20.76104216594040,-7.243153602346820,6.617392710101340,2.9829695345860800,-1.077567967609130,-1.8104677140313100,6.7137831259791300,-4.6450310157455000,-0.6985126045280570,10.270334747818600,0.8332067035866580,1.1315347938770300,0.7685952501185230
0.6159641708055510,0.21621772236368700,0.6505022554112850,0.43800118535067000,-1.7710708364362200,-0.38389226021786100,20.339726970928000,-9.48903673899243,6.676531528043770,6.061400464615890,-1.3852917779184800,-1.7039508452860300,-1.3918791815048400,-6.8831557459026600,-0.8333063586717470,10.337114940764400,0.4999289783554850,1.064781794917940,0.6486757578251740
0.6683432554471860,0.7757319186136740,0.6603726912892800,0.4543313505931060,-2.0681704333078300,-0.24965233024529400,20.537906428608600,-6.1488454712477400,6.759320055061270,3.0105989290087500,-1.970323534309570,-1.8011266460183400,7.501700422756260,-7.579400701497210,-0.37690145317925500,10.041430714931000,0.2906505027723410,1.1889103311039200,0.7463232531596180
0.7539830741812230,0.6476279037754460,0.6848975881635300,0.60018444488708,-0.9861274125347800,-0.44081038549857800,21.44934685158690,-5.026085900696850,7.239541602605320,7.654583171414210,-1.5318195914165900,-1.8115548685888300,1.4123898073215000,-5.155475265375720,-0.41257749352135800,7.461356689028550,0.47534036594871900,1.0249121021068300,0.738019463595727
0.5709671159169200,1.0819863318172200,0.5479931357511880,0.6368677125527080,-1.8465638352415200,0.23062908206071800,18.290141024235300,-3.165400574821080,6.5917108357393000,6.07332418505133,-1.344034477174790,-1.6030552854357900,9.304041716994990,-8.279234112815300,-0.28228461032306500,10.882062649442300,0.7311966026645290,1.0307748999481100,0.6244610174566970
0.5738932886264750,0.9616682334827030,0.6672073039514170,0.6649196094614050,-1.1730426940340100,-0.2778962163501170,17.32050733393020,-8.34713458893253,7.25143765718538,2.0308930588745900,-1.8174547257548900,-1.8908965603282300,5.195744531269170,-7.0048140160691900,-0.9539698525624810,10.322581460453600,0.38794461616385300,1.1402701089345400,0.5282410125433590
0.6630898939865570,1.0978797455162800,0.6167972498883340,0.4671224389017620,-2.0604304111173400,0.1835610538836010,15.912856041046000,-10.169136320539500,7.018601841819930,2.2569101737389000,-1.331143543614290,-1.514223313125830,6.88910759152161,-5.705512959926200,-0.651802162666654,12.173877181665100,0.8089587041847450,1.181113529341300,0.4918761096555090
0.6798698660356620,1.0824767672060800,0.6732747518060050,0.5614046147312520,-0.8643488333406780,0.24721224450222100,15.270729155673400,-10.775857412581500,7.153064687068580,6.059045411780470,-1.2492040834292700,-1.8978057860171200,5.536626182964560,-8.28304261055797,-0.5584656785602500,11.66470751083070,1.0820580903967300,1.175310342325430,0.6801482481315760
0.653039663344889,0.3503344395006310,0.5557088386133060,0.5187258693748790,-1.543698084782340,-1.284766707034170,19.408488124965500,-10.066119443128900,6.115384493773900,6.128364058022770,-0.779614982739375,-1.665190332515700,2.9655734790675000,-7.159941247811050,-0.9867948317159510,7.039199194087790,1.0841453672027400,1.1249444187232300,0.9147811619388780
0.6490800162994540,0.8487164006052260,0.677057970433105,0.6061878568985910,-0.7726278764635720,-0.13239174397493500,18.44590180066030,-7.984084076739910,6.919412526853510,4.408699049890640,-1.7581174985502400,-1.6655826403890000,2.7268598552350000,-8.038224966511760,-0.6454729266542040,10.139075796158000,0.5973445612211580,1.1380968493908800,0.6866267301240410
0.7363702671609780,1.0201242778542400,0.6433356243231820,0.5640262184373600,-1.6106251904891300,0.18508413863006200,14.352769103969000,-8.278150800120150,6.855856934906270,5.944273558001070,-0.9858488848466880,-1.9234937321321400,8.743840025973130,-7.123376996534160,-0.7416604225659430,9.414682356452160,0.7507948863505450,1.0872549436070300,0.9376809211802750
0.7726373789602940,0.9515967996843640,0.5946665940240270,0.5333987073992170,-1.377389912435460,-0.5367224845373680,15.166729164740500,-7.686742133695020,6.1621697406197900,5.171423888342350,-1.515186797687200,-1.9362501362530300,0.1441841889524970,-6.8790283301131200,-0.8269753942298810,11.741830741511100,0.35252922428186400,1.1724912231322800,0.8429422348992780
0.7922380149524360,0.6871337430375960,0.6034407515779030,0.6224036761965750,-1.4057626437015200,-0.12280111568917200,19.97800170254790,0.012718036369294700,6.585525800916740,4.317502983100720,-1.8601926349088300,-2.0027400445632900,9.440836057480660,-8.403672305982010,0.18475091097981800,10.883494161557600,0.2040191841980190,1.1921395552646100,0.7537185826169120
0.7527693899358810,0.8144228685585480,0.6067811763991410,0.609475280728894,-1.8402170005361400,-0.313799063492202,20.842347321320900,-6.7848768746053200,6.038118571676630,5.392352210129630,-1.5052150387930400,-1.7270049690980600,0.441652569861676,-7.925816618918070,-0.6878309539673390,13.800439064802400,0.39469193834502900,1.0912667053816200,0.7404893721819330
0.5721767812715240,1.0110757498937500,0.5263317523498550,0.42409796852730500,-1.6382866609742400,-0.11711293283544200,19.981349722601500,-5.961054919638260,6.348508093361740,4.353573768538350,-0.8696703022035140,-2.12457623688174,6.887394286432080,-8.117148041870430,-0.5682736641136630,11.2525681668172,1.111368223180750,1.1036112152374100,0.5986301086919670
0.6737861627727360,0.8438997204148140,0.6347950809293720,0.4492477277141260,-1.4784271271048700,-0.18178688935006100,17.298334305528000,-5.328801816274940,6.855841549425840,4.457906860819290,-1.5897269629186000,-1.6508457144138200,8.126224420926950,-8.90356254061792,-0.3689360558915210,8.143445489845560,0.5467636383742110,1.1324257619619800,0.37822875946476100
0.5394528915402700,0.6852227380836390,0.6433576254446400,0.5315446834863260,-1.8759269189073600,-0.055529638451546100,20.765088680425300,-8.968446969518970,6.4124280129384000,7.60383255743564,-0.8821703609599300,-2.0880797430063500,4.090803306338260,-8.897417875836590,-0.7582919519632710,13.670623901131900,0.8291168663059280,1.0802827011211600,0.6746444880954470
0.7900258341605740,0.7986256286817910,0.6040051051566870,0.602116151961803,-1.5069452995177600,-0.879712832154651,21.86334327186240,-3.0095034313282400,6.558119487778350,5.9554150859310400,-1.4609761118973900,-2.026623780303690,0.8944182774924250,-7.382844560558100,-0.5696261729016010,9.464377841327870,0.21079685647569100,1.0991266558175800,0.34308697708215200
0.6682576851089190,0.612406784684663,0.602629133803715,0.3080831238061820,-1.6638732256748200,0.2775040272021290,21.167686765582000,-9.374123384502170,6.793469481951630,6.391122964547460,-1.656638054945340,-1.6021567924900200,8.041513211321760,-3.5109785299634200,-0.6544936440350240,10.534457703160000,0.3932080195312830,1.1201821112203100,0.749940556814505
0.5916235902460110,0.2836711512128200,0.6370742816484330,0.6927313513711500,-0.4679407354217090,-0.724361979648849,21.43607653395320,-4.791465355950730,6.119631540389020,2.905316262956610,-1.2988909398674800,-1.9878598111108900,8.250193095239520,-8.953330207263370,-0.5045513846789580,11.460933740010000,1.198647479978490,1.1995630005231400,0.6132963076313500
0.7530492426254620,1.0123333344576600,0.5045482663445170,0.40703310287330000,-2.2637222033469600,0.23342755863521700,19.86441305376460,-9.361559082706690,6.169103840636200,4.70358609915368,-1.379447720638200,-2.0814405245698400,7.638887093275560,-7.301381674392370,-0.5723428401966590,11.434789181441800,0.23084702094059800,1.1744174715318300,0.4744376407655080
0.7796029875676790,0.9104396244241270,0.628227351301539,0.41445286548389900,-2.3929830725325300,-0.23217382708393500,17.87979680937180,-7.155640804175110,6.243827307685700,7.194622758435350,-1.9501628854095300,-1.7168054293281300,6.74841332714658,-6.321465624964400,-0.8585357763968440,13.022630699207000,0.2703095923716160,0.9677073122286900,0.7024857560933130
0.732979458031835,0.8396963066831840,0.5191947768744370,0.5891371373959510,-2.1440811508800000,-0.47696094003879400,21.485448695916500,-10.746515851457800,6.176692043373210,6.721515749905460,-1.2094156121649200,-2.119699635852330,7.801897279442930,-8.182772465904650,-0.8107970932230330,11.445155149927100,0.23481714808091300,1.1701471172300400,0.6232683997499780
0.7115129871299910,0.35136241780599300,0.5585237324959700,0.3741023171136970,-1.6896979529068500,-0.10378573997233700,20.8418790444491,-10.576001465654200,6.52854399156382,5.416364335564250,-1.0675610875768700,-1.9530157197645500,2.6857055395853300,-8.16694486009398,-0.6282645407039710,11.367375539431900,0.7568500592455960,1.1898412348346900,0.6827629379375520
0.6663216551842820,0.7857796288992150,0.6844511988610760,0.4050729374638020,-1.4103482401114600,0.14990524972113200,18.833505269284500,-7.862497547507730,7.5522385335072200,4.914929251946990,-1.583074736833530,-1.5460542938750600,8.317257028759970,-5.006296067679000,-0.7489969499268330,10.784122882764600,1.0118323118723700,1.1401475120261900,0.4597884546273270
0.6267589631600450,0.6999185992089800,0.6111531663750880,0.37197574740554500,-1.3950716259609400,-0.24129667875403800,20.37577282493640,-5.8124735364223600,6.48823027173136,5.2636537291747200,-1.6857613913330000,-1.5573111507822700,1.5909359161184900,-8.823806331366050,-0.5878001205716870,11.499437695881700,0.7223044232398020,1.1454823797713200,0.8157829334076870
0.6820436300193490,0.8588592911237110,0.5894006205994720,0.6626131460743720,-1.23753047200566,-0.0351204410818125,19.18545792440660,-4.5586283751410300,7.449150931312250,4.367994013101150,-1.2810960105470000,-1.8462348255485800,1.3982464321528700,-8.588029750251860,-0.3701387726081260,10.518267754393500,0.9081395573302490,1.1413090466870700,0.6486772267987730
0.6036399482771720,0.6749575801133410,0.5937134307206090,0.45776205164331700,-1.8947681966667900,0.1763859107665310,19.384824792569200,-7.358714818832140,6.286348744362780,5.020966241197030,-0.8638873885805210,-1.6730946300975100,9.140089592880200,-6.68152086160144,-0.6503980584635750,11.01753942919720,1.0171111894015100,1.0464413458785100,0.7742262669198210
0.7757070288274840,0.5674335105979920,0.6693812456545620,0.5685219209087860,-0.5232522139035600,-0.8285714623199340,20.58548692351180,-9.399119361428110,6.491045919957180,4.137464596733920,-1.7412738401377200,-2.0568614060286600,8.35878356884237,-8.231431318991220,-0.8416273678923020,10.09235605777180,0.21822647906413200,1.1081466684542600,0.8398571618637570
0.7428513990146650,0.8958802536986440,0.5127582582309790,0.4394735302854360,-2.3115308638647500,-1.2152518282557800,21.662282026792700,-8.196980317321110,6.227071580709470,6.537235106979820,-1.21304859267971,-2.077650072877710,6.707919830422010,-8.924485468603470,-0.5608841793629460,10.240460151991500,0.16136980752241100,1.1950953528399000,0.5900187571811860
0.6538077793276620,0.8300474893516770,0.5134608789799240,0.6030521653132680,-1.3206827010440900,0.4453610835053020,18.82396771965060,-9.802105976886940,6.0435217047985000,5.09106415756637,-1.5594088817436500,-2.0178789374811700,7.962975353544030,-4.685704141215890,-0.7827362886784760,11.241606429180800,0.29947668895662300,1.1686653292698200,0.5701447933336210
0.6569470343735560,0.49727385794120600,0.698780767665785,0.5919316316376230,-1.2455441263195800,-0.8234556980616950,17.188327239520700,-7.617728002686120,6.270590190926090,4.406770083448170,-1.7429787361695500,-2.018845950824710,0.9130325559049320,-8.14944737162539,-0.7988782861189380,10.357794326103900,0.26813454965563000,1.1674839125093300,0.7125942362728530
0.7851683792430070,0.942128353261013,0.6510471015174570,0.3122369575957170,-2.305230041563200,-1.027853887874150,18.765567586267200,-6.248363572795570,6.751044269498260,6.4202004118759900,-1.7245258164068700,-1.9703053417002300,1.645285273555660,-8.177688038260690,-0.9689030346496680,11.551967438150600,0.14704684077593200,1.1505569721562400,0.5246721607579930
0.786844234258631,0.8838411237060540,0.46744019319550000,0.4604441093388910,-1.3096152423613200,-0.3389305805156470,16.130905016300200,-4.45802238841793,6.084103754681460,5.964251510426140,-1.5245156914535000,-1.9644444391602400,1.9328452251261200,-8.349256943255940,-0.458631357072842,12.190985686084300,0.5746413812050660,1.1816621180253700,0.5240395907980230
0.7988494511364900,1.039267277186530,0.6768304699719640,0.39434647947802300,-2.130212767805120,-1.6881092848937800,17.982964972838200,-10.753750144517500,6.548346040810090,7.2342923362328,-1.4351378046020800,-1.5910591627573700,-1.4618964004917900,-6.941017048524360,-0.9202230449715880,9.405403738702690,0.2808339367541280,1.1909723682003600,0.5926009022613510
0.5286444228803250,0.974791567397276,0.5580373789592200,0.6123129992800470,-1.4525974508588200,-0.051264510037708500,19.80000309845000,-7.425208146456240,7.510947690387210,5.075723310644910,-1.144655015794190,-1.715503166917530,4.475033380764470,-8.234565615441000,-0.45393861295286700,10.270626973326400,0.9786764287553410,1.1084809436856600,0.5565252126695060
0.6408179534310700,0.562670828974942,0.6630077916301210,0.41222400980886000,-1.890356535662550,0.06041216579987550,16.43765747124420,-9.500955822708300,6.6030167273853300,5.171250759484270,-1.6196053987417000,-1.5956803008665300,8.550265106967650,-5.850831597560280,-0.9016577397633890,7.890059238165270,0.5968246518575840,1.1526728541008000,0.6379932657783680
0.7346438485280720,0.21198158568372400,0.641993577811301,0.6638722962441810,-2.046517844350970,-0.16545812951120800,18.214871966146200,-7.524835037009130,6.786968999402510,3.216248155329800,-0.9687469397993620,-2.068204265376990,5.197500074315180,-6.809116350581570,-0.7110376078877080,13.269920534950200,0.3211446697824290,1.143679168823340,0.8067317562379700
0.44980616321778300,0.6456973732419140,0.5629514615544770,0.47195814246370900,-1.005375440906220,-0.1328372273275380,16.76471231001740,-6.194888409753020,6.1139824216587400,6.525429827275730,-1.155325415193800,-2.045312057724040,4.288457802830750,-4.268746550110510,-0.9556392382824200,8.98376215876915,1.1599053363319500,1.1876434412767500,0.6261681064837580
0.642214909061678,1.0870378747609800,0.5113983832954170,0.281764248481372,-0.840507685403222,-0.02434665888798220,21.632293724512100,-9.592764376973260,6.702412242367300,6.113781376050640,-1.4917312900505700,-1.8800248019392700,8.376806156963870,-6.706831996743310,-0.6145558132441870,10.275402043049200,0.5707282625460930,1.0677577787636600,0.6224718503341230
0.7676771810064880,0.43394901287157000,0.5333249675930380,0.6723633987632710,-0.33261506840707200,-0.42341900511886200,18.086141298312700,-9.10297186773139,6.997490134008790,7.413211530229860,-1.7129942859304600,-1.7988239529594400,3.372424702710870,-6.783426327467970,-0.7352809805133340,10.159196852294900,0.49817092522914600,1.1950778188442400,0.5820301112349440
0.5737151049545200,0.6455082029629330,0.6697777505584290,0.2638162508634610,-1.9040938704725300,-1.1708672728805400,20.590923466524900,-8.94737729879352,6.399029885773350,4.867892310247980,-0.6519150917557380,-2.1754130621758000,7.85220952338774,-7.278090644729750,-0.8973771928343270,13.114659646784500,0.5160579286520670,1.14660492459409,0.784216236961073
0.5686721319612790,0.6989167574143020,0.6531412325616460,0.5302166397291210,-2.2758985989412900,0.018018580911465100,16.85100340330750,-7.7123064388201400,6.706659982653530,5.612264578761310,-1.0344331188884600,-2.1525671054552800,4.106604084214170,-7.658382181995140,-0.3335372817058260,11.406561928777800,0.3157680626072780,1.1404878148276800,0.7306134873899300
0.6296291864553140,0.9810922257188330,0.5454080490063880,0.573515953696323,-1.7358505558343900,-0.7683214275188920,21.725146509452200,-8.415724015679200,6.199283795877200,5.226237958922190,-1.2420894924469700,-2.191585862980330,-3.150229006117270,-8.288323497433820,-0.8315681312320260,10.963327555467700,0.35870580408414600,1.0658680716177100,0.6847960589030070
0.46474675292607000,0.6444310169110540,0.6376340594347030,0.4631431778081090,-0.40835039639223600,-0.0028708558525387300,19.359029916708500,-4.442981459562850,7.314046694618410,5.867105565579500,-1.659589698095630,-2.00877024526758,5.4681398645822200,-6.5231447076891000,-0.13443614330380700,10.879389295343600,0.455937746913892,1.12965235531814,0.7169601556655770
0.6701979210992520,0.5985323799482350,0.6076625521725450,0.38245040920661800,-0.8506716760478340,0.351098261575072,21.93269297758250,-2.8438373744711500,6.4564018927117700,6.65423538009615,-1.1797747105626300,-2.156178764417960,9.13144743505534,-8.917990303990980,0.13354942602422600,10.617440106798100,0.747699093649793,1.062746733326630,0.5567081724108570
0.7305486609318260,0.9018566233905430,0.6896839738459510,0.43445176124842000,-1.8514928311052600,-0.07198775301819460,20.56491466370240,-5.133883892404710,7.563917949003180,3.775775145260240,-0.7150988873831340,-2.042871889658480,4.079027309750340,-5.36230377431703,-0.4023223494004220,11.986287489587100,1.011695262952880,1.1836918501233600,0.8315075277213120
0.5923802807969030,0.5963788377471530,0.6163599107997700,0.6771360371904470,-0.40507898688753300,-0.2712421601324140,19.187120990690400,-6.976893577858040,7.00591906880919,5.915873271308560,-1.5571103649676300,-1.7495286396986800,3.3733691388565700,-7.152669324930200,-0.4911001030771660,11.326113793138100,1.1203702466870600,1.1988527581857700,0.5148472764091660
0.753868507815426,0.608518799594403,0.5884765534103910,0.5088496304087640,-1.6865330225389000,0.2218852020603680,16.824224476276800,-6.417232616261460,6.60058484562945,6.399393679096210,-1.7683685823988700,-1.998392528915900,6.106375355529480,-7.35391651221844,-0.4918715113321490,11.945548057702500,0.2714004061228630,1.0329151897839700,0.8042394343726830
0.7535261710439600,0.2835003951752670,0.6437275080953810,0.38488938796637900,-1.2357456166807100,-0.139381917257067,21.364837615831200,-5.6258110198992700,6.182714673942670,5.89778949256086,-1.1409188580997400,-2.091804060292660,5.56107372531039,-7.320262287027260,-0.48666065618927700,9.1731136544333,0.521234148610185,1.1885997944102500,0.5998615919125720
0.7169486160691130,0.7920404720448440,0.6165712575316810,0.6371550237846770,-0.6852152615204840,-0.40531310159950500,16.121215906158600,-2.888625716458020,6.224883655799540,4.089479217922630,-1.1871841584673800,-2.1699878202239400,1.6800144005503500,-6.6002868824177100,-0.36766394030333700,11.175839491492200,0.6987840561706130,1.1920278994988200,0.8330875983387880
0.7810069319499400,0.7549701922440800,0.5086528686036590,0.5631302815029020,-1.3348496206145500,-0.13035061063748100,15.080875821182700,-5.572236270068450,6.094156473777100,5.8178482971210800,-1.8652802489651900,-2.1579480371679100,5.872432359851810,-7.690883544397180,-0.3527307393311130,10.83583078360730,0.23096934571225800,1.0004889348336000,0.9156542431546270
0.6995479844681980,0.9580052997960530,0.6129086665728630,0.24108659606050500,-1.7721997488584900,0.13834770089633000,19.23045860263830,-10.63528502663200,6.71951182478525,4.799919343445480,-1.547789575931130,-2.043686992225700,9.709109933141470,-4.113006520817060,-0.7708935586850560,12.374695494359000,0.25386399058770300,1.1047559618227100,0.8489904189509060
0.42664579689564100,0.7246246569396250,0.5618823221905150,0.6136895599819030,-1.6763644228330400,-0.019242118129497100,19.021124062598500,-8.600312397023570,7.096878792280310,6.549325046682040,-1.7362186714255800,-1.5660086071680500,4.814403158902950,-7.477977532692470,-0.7562464398078260,9.921985808161180,0.9493435274142440,1.1750996042814300,0.3548247486702100
0.5963006334312570,0.6644297134329400,0.5296147912867570,0.2616288576712510,-1.81087357778612,-0.41198961457663000,21.66597307694940,-6.8730165782032100,6.500262023842560,5.6687114525282100,-0.9187402209326700,-1.951431137526840,-0.10803479209621600,-8.14764088780458,-0.5644973356143660,9.920488386221480,0.8919005194671900,1.1753823387112800,0.8580807198494460
0.6516953200726400,0.49715052836414800,0.5946783426796070,0.6464247740247370,-1.7987822067425700,0.17503563139128400,19.215861729556900,-8.963755609567810,6.188604109777710,4.460851183633400,-1.3947951502221100,-1.897523706807380,9.802771781356570,-7.528562399200410,-0.9398203503003530,12.391265706167900,0.4800226695092180,1.0978235081012800,0.5720368984653580
0.5428383597278790,0.7361686248826510,0.6194284683588600,0.6152202209971310,-0.7774147721705430,0.26662404094532600,19.91360687853230,-4.432957658917790,7.278171494764970,6.5216900133486700,-1.3741956347051200,-1.8463833634234100,9.30171407719215,-7.995105816888570,-0.14594908801317100,11.020556854706500,1.0783402302939500,1.1226073410913000,0.6456518189357030
0.7480261524991870,0.9546601664159310,0.670390570513606,0.5637576476606060,-1.0623176522701100,-0.4247895002191760,15.829641622434500,-3.3217150059250200,6.8444106367291800,3.2567941820194200,-1.377009016786610,-1.9988686575586700,8.075753365018620,-8.640528534869280,-0.8102898606159810,6.967705214220290,0.7960698632967640,1.1992039521150000,0.129326492469731
0.4320494678225740,0.7030785891501730,0.5692580405313250,0.4049083910451710,-1.6941355088706000,0.3016278225607900,21.01508791873010,-9.770117216939130,6.625585305333650,6.24437878064156,-1.6877147947981300,-1.8222059651128800,9.810920459753670,-6.54581415438316,-0.9754665147030280,12.051638514732300,0.3854020071751370,1.171559182503290,0.737303940070456
0.7846760590302600,1.0535258530461200,0.6586649090708460,0.6217743544508540,-0.8245959631209660,-0.6954236538198030,16.734075998279300,-7.997958239062670,6.502003910212920,2.8381067456956500,-1.7658194204978500,-1.7458089481449500,-0.49037030140219700,-7.348248245552050,-0.7582821433323860,9.7550523500461,0.47864738235953000,1.1818840687171400,0.5963461596805290
0.7255267463816890,0.499266239474668,0.6686660260260900,0.6468507915704540,-1.842933402134300,0.09872015137165220,21.58806339131270,-8.81171308830782,6.523148295452870,5.754195698495460,-1.1910389474911000,-1.9476157853032200,7.663983245527900,-7.504888514878960,-0.4940357336111310,11.195104864549700,0.3899774549260300,1.07847391406457,0.939510093183123
0.5486358143513760,1.0923950010774800,0.6461394350961260,0.4775965657525100,-2.3163222300744200,0.22805098508032200,17.41543893306950,-4.705423714013020,7.835375422198750,6.439946839037460,-1.667056146898840,-1.6062278665200500,6.102392978958860,-8.833255127739470,-0.02018484084721170,12.95073496062330,0.8596596065753500,1.1000178743627400,0.5813390914735660
0.5337027313279960,0.9977910393182570,0.5668960854568360,0.5062236883970910,-0.9116281509839050,0.11808565208938100,18.085510015067400,-4.628513228274410,6.658917445048860,7.407101957547480,-1.6697223698259700,-1.85243335084967,9.909431226252480,-8.321928552571170,-0.5148413092115850,10.675446589501600,1.0662528547076800,1.1382339592729300,0.2880255627533060
0.7217459330341480,0.8747038807555790,0.6090858364493790,0.435938796648224,-1.1535877509417200,0.11044609653476700,18.30270260045150,-10.672536034793200,6.77602201824185,5.889878303560070,-1.762792907938560,-1.9243741138540700,8.681257519326700,-6.0230468825182700,-0.5720038914806420,10.893904370775900,0.335402499680349,0.9553474846409500,0.854820412104006
0.6131718788317340,0.9801688578973460,0.6045306320779550,0.3256393122862490,-0.28502181484598200,-0.2242399288543290,21.19403720385690,-4.569248339206920,6.696197911548760,4.800246366397610,-1.552855933429170,-1.9754919680291800,3.665960836689530,-8.141870853197030,-0.2427378388781120,11.81970714032490,0.7674965798230590,1.1813461039206800,0.5616924763663430
0.632051092102476,0.5067531193331150,0.5459021276170040,0.6782588409724260,-1.024153115379310,-0.3954606067310420,19.96950399479980,-4.999640925536420,6.300840722730760,4.148300954333070,-1.9821222942989800,-1.829549949619550,-1.0609386367366200,-7.705026383372870,-0.36444033065059700,9.500538925170110,0.38935049083436800,1.199262584418200,0.6756032689679650
0.7530702515451240,0.3651036890712460,0.6130777183647810,0.5519219121465100,-0.9284295418576310,-0.12315231036544900,18.440512428052700,-10.085608422406400,6.412703033781130,5.94715258717056,-1.3145604847092500,-1.7710271460237600,2.8052615335059300,-6.240553100409590,-0.7671181045196640,11.765700374900200,0.7417195913753110,1.0277468085680700,0.7076981260367660
0.5867359826968860,1.0007117562149700,0.6991130944584380,0.5250725757234370,-1.4416656330225700,-0.2232105797643850,18.353764665124000,-2.820576988045780,7.0285578886968700,3.993848612339570,-1.2772798938827800,-2.0425891963954700,7.049040194717510,-7.666986454332060,-0.4558106791116320,9.298599293071920,0.42055453174676400,1.1557972317992700,0.37247472928897400
0.5234083442845090,0.8906648422550210,0.6588639467395000,0.5523260947109110,-0.3398166179129050,-0.4376461699009150,21.406453389331800,-7.694269327663830,6.6650492958883800,3.545509566386730,-1.5084072274588600,-1.852513222783150,-2.5847227784930600,-6.066108027998950,-0.48550288450186700,11.40419626325710,0.7605964862359580,1.1833161531033300,0.6890374456156390
0.6323732548587130,0.9338526200180540,0.5137869974441610,0.5762680094129350,-1.2042510416751500,0.2484039871932240,17.035185795641800,-6.863411713135810,7.915160022997110,5.868317514575580,-1.9326684057566400,-1.4618917057109500,8.805287620643250,-8.246613594175380,-0.5096391530721110,9.80828565367594,0.9050990437148160,1.1524939684214100,0.5390431535529370
0.5511270745938000,0.8705250373985050,0.6512541724261050,0.5362541578019480,-1.8505564368289800,0.04187705703134460,19.236940916610100,-6.4911000238984600,6.710585263183270,4.505575611804700,-1.5459939792737500,-1.5032565673288400,6.084897857335180,-5.7749273908348300,-0.25867116540760200,10.393034068595900,0.8575804466689410,1.1829664647488800,0.8760614633663660
0.7508347379895210,0.9360418262381200,0.5481732126410800,0.3263632211927940,-1.3737898986150900,0.3653381857886570,19.43171077924720,-7.919711031732840,6.675767210173290,6.497626505045130,-1.2679817284631600,-1.6530907545575300,8.088462686217470,-8.611805451098370,-0.5676000814686040,12.065700582243600,0.5773727427398350,1.0989870021175600,0.6453279348691380
0.6260111469652010,0.8474135297313200,0.6524830792814480,0.6654041596611860,-2.2850569507361700,0.09688971756562030,16.843965877604100,-4.536879160002890,7.280372544353610,4.987511904749560,-1.9784640350124200,-1.698619624120420,7.316404347273200,-5.756729008633300,-0.3126157456586940,9.89138773213272,0.48533505899033000,1.1998837078409200,0.7215982819790010
0.6811717636786540,0.6739171781900400,0.6939929972968950,0.6581497205385320,-1.0684809121301800,-0.006450357648152380,19.906525953215200,-6.551922434361150,6.879768932671050,4.959873500683790,-1.6842508031584900,-2.016559246033670,7.357289428177780,-6.99080576248996,-0.1409386310051430,10.431414695111000,0.287481542534601,1.1866900044113200,0.4690304979960990
0.5233688540602510,0.3729977770856870,0.692437221841272,0.545752634410966,-2.466930500163670,0.19931890433420600,21.050971927904000,-5.588418469009270,6.391597484270740,4.2586497384037900,-1.0122930476891800,-1.583862760007210,6.661466119781930,-8.774917092998240,-0.3995082456608910,10.970859227060600,0.9852511440446740,1.1331070608745400,0.8042065716417000
0.7118531237986520,0.80615488775562,0.6891462584510580,0.3041269686161090,-2.251555943333770,0.006146540410072790,21.98623552418520,-8.24205575655632,6.263041912001560,5.226781756831980,-0.7685578682321820,-1.8066142353579000,4.153973507253280,-6.722335195097210,-0.8718297608804480,11.344788012498900,0.7734232876924240,1.0778308179968000,0.9697935087828390
0.6472179340686250,0.9974601243112830,0.6761849784519740,0.3461811329871090,-1.6486653934768900,0.08707651087391270,17.744022726150700,-10.145493446177600,6.943265801616050,6.2330044462533700,-1.9377029804366900,-1.548330585624350,5.073087750353180,-8.985572393087910,-0.6362805669668360,12.357450313077900,0.9603313354152710,1.1600768065241600,0.6184810879562950
0.5078177687195890,1.0514382708496300,0.6628726601666500,0.53809662275325,-1.505275334046010,0.14841080129718500,19.48586688143780,-5.448174385892630,7.224206743339020,2.4607121988868900,-1.7963502915458000,-1.590683896158500,7.120909046102450,-7.809778382887840,-0.9080960695628010,12.468733074294400,0.7509240786257120,1.1464417064302700,0.3855001070552070
0.7860797227661490,0.787487128825169,0.5270120096595500,0.4142456167167320,-2.0256242955348200,-0.07601863732324430,19.52341414908430,-3.9869205797366700,7.370069010812380,5.922863039046640,-1.4999103169881600,-1.6305299832446200,6.939483663524330,-8.588565946552950,-0.149285308481588,9.849191673313390,0.7913953661563210,1.1864909186061400,0.47299535224239600
0.6196875401720120,1.086550906626690,0.6032212306174650,0.5538195416056040,-0.6830337069203390,-0.21317998960546500,19.463803772623300,-4.224983148552300,6.762653398574830,7.074660205867940,-1.7146564900611000,-2.0098700687197100,5.1269501006194800,-7.882468432529900,-0.40252109834842100,8.553549166868080,0.42059327337447300,1.0737723356173500,0.44082692761599400
0.6420250917256240,0.6820413109208100,0.6488496252703290,0.590966099074894,-0.6413265217019000,-1.445817715428530,18.515104743805300,-6.9377798617677700,6.161706044334230,7.920669099849370,-1.2451213262440400,-2.170065915981670,8.39754833213015,-7.532053572491160,-0.9880538941757410,8.556803391637900,1.1286742139898900,1.0239933432651600,0.5250045447481300
0.3641582591319240,0.9686145856762230,0.6248239422687150,0.5884308063288270,-1.3932132508140600,-0.10839173463256200,21.906276646856000,-9.020448828817340,7.173827771402650,2.831332003802100,-1.1017005586977700,-2.191624861450270,6.008268570574950,-5.11202191056321,-0.8024425381288460,8.03482847617719,1.0790295479528000,1.173898884647150,0.5900804516624920
0.7355504528698580,0.7267747372734910,0.6432469048777280,0.6854628182060250,-1.6540473955514100,-0.1876756723711120,21.018317679282900,-8.282405785561310,6.705577752273350,7.582802036825170,-0.9759058976799670,-1.8608816998552800,9.849960942965070,-6.4550159444329400,-0.8303380254862150,7.805578722329330,0.5900302942722820,1.1087087428942200,0.4439791225052010
0.7268369398436810,0.570355331857196,0.6807843463821220,0.4364395671028800,-2.1749519249548300,0.0027947605903736000,20.176257237424400,-6.513322874651880,7.703559646148030,3.956939006098330,-1.8336588279194000,-1.7991569479853100,9.961161464713370,-7.383365333569900,-0.41145927211622500,12.011911609329100,0.2885353524077750,1.1885732531406600,0.6067060443646610
0.7903525764279770,1.0051204517919700,0.6465752282597090,0.29324775500956000,-2.1189671085069300,0.20957996838783800,17.927568946358400,-6.219166996404830,6.451641317823210,7.79125625493984,-0.5443589350745330,-2.081989333071840,7.537437166131840,-8.339027338947700,-0.24021656597247000,9.873453650117650,0.5177954256585510,1.051528011742000,0.49859313369987900
0.6301381271888760,0.8483208317755460,0.6512611880276380,0.6408417962972980,-1.7428521467206700,-0.4900356741149930,18.82495021220700,-4.534964052736880,6.098816050716000,4.25607288319846,-0.768744891314383,-1.8822550759192100,7.531596574392500,-8.317051375474850,-0.7184341968684880,11.617862317461000,0.8715358675208290,1.1646857650193700,0.41433190632096400
0.7973977914961880,0.8670888648188820,0.6468413937583320,0.6018519063478960,-2.290196773871390,-0.2694948110590460,21.2457780788435,-6.231943572082000,6.200792365351940,4.086535551190080,-1.5205746812108500,-1.3631322495260200,3.67858028798373,-6.980474565732970,-0.9370573716821770,12.02710858053810,1.0254680443938900,1.1013022708304100,0.5802874288770910
0.617394722625471,0.44489056387623000,0.5614709396029450,0.6445488003789300,-0.83126960408545,0.13475129572863400,20.63751952712680,-7.319055997572450,7.761707834456820,6.121290274846700,-1.7751134039167800,-1.5733327670807800,7.551095056874670,-7.563337488211540,-0.744428915290537,10.185093976269900,0.8753960672903570,1.1311903421827800,0.3827440787997040
0.5298816353606470,0.9824006520895640,0.6512445580451670,0.24815271407490700,-0.7220717559787290,-0.020806867290651800,21.301334521472900,-9.10422064487828,6.734999546987750,6.637787895377040,-1.6716993943003700,-1.8584009146693400,7.3469118206531800,-8.980282144661060,-0.6492857612290120,12.535995240317500,0.5357269272309990,1.0521188439602600,0.5718481145981410
0.517444201225113,0.9296549586737920,0.6124919928872340,0.5226120960825940,-1.060270868526250,0.36376903506837400,21.232268233079100,-2.883347985988330,6.629376475143010,5.390133304674850,-1.3527993305185600,-2.1213322400916600,7.383352897118130,-7.265576649957880,-0.1870396214406520,12.482747069540800,0.5056534622912960,1.0798340870814000,0.801494494019805
0.6566543231916690,0.3555138941887130,0.545037781157964,0.3387768977180160,-1.1474107518909100,0.01116552221976200,20.43189163496920,-6.094300429245420,7.047267248075350,5.631815232592590,-1.806407239879250,-2.0320051334911700,5.38349351459995,-8.573105590860610,-0.4827846403668730,10.49199101179460,0.22753957298381800,1.1484244022872800,0.6900726336064750
0.6855813449029790,1.0178530428337100,0.6296637626562950,0.5965330577207310,-2.232511738371040,0.04835940910058740,18.30005223293780,-2.42477646370015,7.499226859100180,7.211539383916020,-1.1149496995747000,-1.5732825455873900,3.4281054776634200,-8.05694517405935,0.04208220687043170,12.997148614068400,1.0450651852541100,1.0701652422709500,0.6427015881429330
0.7629907644510160,0.950098936910385,0.5335132739969860,0.40029678861375400,-1.9209124867667500,0.003929854604913240,15.565363061372700,-4.175417072240590,6.467383505710750,5.138037417800850,-1.7393924418875200,-1.529196374627110,5.914324035934850,-8.25830621261948,-0.12248878599690700,10.622263590182200,0.5433240172972590,1.1212691255475700,0.7707075438609400
0.63554599057591,0.7840749333538410,0.6378233193301860,0.667768639623983,-2.330936435971090,-0.10351660758772600,19.655705264636400,-6.10829602797185,6.809851438911570,7.589701629647530,-1.4059060584702500,-1.47008999597742,7.102623105939370,-7.305211718779450,-0.5681648259799270,6.170648033086870,0.9259060837896270,1.0621585619913300,0.5908405804892950
0.7839620458748880,0.7685856644997390,0.619432139778631,0.5768561716470980,-1.0321594403836400,-0.24360785544832500,21.816544674679300,-3.9328561928275000,6.778410616267370,7.245874626064880,-1.1381700461459500,-1.953315124780950,2.6944502899792200,-6.286226087266920,-0.37992794237205200,13.494413427830600,0.8174718259336570,0.9839412783713660,0.7472824367865210
0.6479513589726440,1.0246354273279500,0.571785067545201,0.21972155408584500,-1.5737211852905300,-0.6430791658691090,20.379470624937700,-8.00666334284,6.44991280002623,5.645664286134820,-1.760973694850250,-1.9131188748596700,-0.019999720059021200,-5.598361834468170,-0.633920402906047,10.453763297491200,0.28123019956192600,1.1834918989906800,0.7448696406364050
0.745306975364686,1.0910308871979200,0.6382775508289100,0.453356006350887,-1.2142248095601400,-0.4205069237042000,18.235430422227400,-8.023994121768240,6.9880209918914400,5.51056710089625,-1.1368075674991000,-1.8027917656715600,3.478627680914880,-7.635721837743070,-0.751023340074195,9.499525295643740,0.6686473699612780,1.160456519210990,0.7122768270302390
0.7966755155872250,0.38757524574421600,0.6801998764519190,0.3904688091328810,-0.2998917756608780,-0.5737306229899460,20.308849397478800,-4.574246834165690,6.596400701139990,4.615100680111280,-1.4079730373269500,-1.6764531088884900,4.29163173782219,-7.3554416605130600,-0.5186657738481190,12.321138796010900,1.0314685794944200,1.0689395465849500,0.5907068983316120
0.6083622648621700,0.5587360596072530,0.6162594508088830,0.4782590174100760,-1.3807842901366200,0.15144632413783900,21.309434149300900,-1.6542490992218700,6.505881541330140,3.4281138721699500,-1.0424566641154600,-2.1077214499404400,7.55203168576941,-8.668205129526930,-0.18405510525641700,11.112202121293100,0.7542467530784000,1.0854284775833100,0.5917219447868530
0.7499986510307130,1.0098042694258100,0.6484068504411160,0.4920359691822180,-1.3391796618367200,-1.0715557692614800,21.09292025731800,-4.4027700036991700,7.05354038640644,2.121268195287060,-1.3729118229566700,-1.9083555846761000,-0.5994547499769400,-8.47983531492964,-0.5758369486127560,11.841287420657100,0.2685545086897020,1.1812737843091900,0.4179285466914990
0.7151257312111970,0.5623161979896650,0.6645585038230120,0.6803234927254880,-2.138148259715670,-0.03753320660735790,17.662998959267900,-2.1691717546547500,6.372964840015980,5.1048266498743200,-0.9420204362228750,-1.7201154358679900,7.2774912286729100,-7.908844506020130,-0.35281501521523500,7.873655638308720,0.9145662565993390,1.1899394855412100,0.4728946028933940
0.6982034341564770,0.5228324930877690,0.6691650789411630,0.5339334789746500,-0.6993631270010090,0.2972604097501690,19.76843669046060,-5.850305403555210,6.428317132535410,5.099918625405200,-1.2638022664186000,-2.109266594865980,8.957603579543370,-8.486167754213720,-0.6166145337456680,12.708564673121300,0.6411973798125260,0.966168289281885,0.5675953233221800
0.5870309602153220,0.6625583560945000,0.6339381750999660,0.3872187791567100,-1.307800640162610,0.2026989902698360,18.962022169588100,-2.7449867788343300,6.40912278594571,7.332701272890670,-1.716258449162600,-1.9688118615895500,9.311052798233390,-8.920346084165460,-0.1657299359367600,11.81388051121420,0.24969367940263400,1.0589284173850600,0.6532042962910150
0.547011095048486,0.8254386510153770,0.6146625933977110,0.208471299491272,-1.2701056176075200,-0.3533723944532860,19.72109735570910,-7.693284515935230,6.2032926866168100,2.1933554406077400,-1.9724620387596000,-1.8898143755230800,6.693274185408110,-8.651531555637500,-0.6971193950174520,9.263470433178730,0.3623648663814090,1.1079359886623100,0.7914572732027940
0.7751899433843570,0.8508075211463330,0.6657157628739070,0.24603730160634900,-1.5989880814817600,-0.1920474702628270,19.408267355441300,-7.087305554220660,6.446182075451340,2.9607407935101400,-0.7880788782734180,-1.8406468361881600,7.417179643330280,-7.576682493285980,-0.7004060694100160,9.776406429143320,0.786153250375446,1.066247045128790,0.9028418535930560
0.7693854096698960,0.7987577765428360,0.6239985369071150,0.4238787311349350,-1.0444187486245900,-0.3133616704853070,16.076243205325700,-6.057009304824240,6.3753207414368500,7.651334243600060,-1.1065172066567500,-1.9883494955208300,3.4341083722875500,-5.513107802565930,-0.5191159252270230,10.865902631219900,0.6219592517078630,1.1992475101829300,0.6000808633438870
0.7341120382642660,0.3113823089654800,0.6228743614078850,0.30268361731951600,-1.9530271885361100,-0.11195307745685700,18.965323240837700,-4.068562713006030,6.449190314789920,7.451848404374930,-1.995883174000050,-1.7406595641958700,6.237349941931630,-8.656443233784560,-0.09549160234530670,11.053656508394800,0.5276809114609650,1.185927908431730,0.30253594822470100
0.6912242198012830,0.6880227117162950,0.4182260038618050,0.25792774691384200,-2.291393609256700,0.21583466106070800,19.959753400082500,-6.621899114250590,6.292560954853410,6.597353705592920,-0.9097400911088680,-2.072865116779300,6.221632627486290,-8.04904143382915,-0.4011966899120370,11.768087873769700,0.3599584795734330,1.1501467903276600,0.9995684363287130
0.5354689219112240,0.6583913656324270,0.6113476429531510,0.3766914424215100,-1.9571036223829800,-0.779221711641771,20.655851068569400,-9.095812245086660,7.025515153458100,4.156119905535400,-0.7764288261951090,-2.0810695453060500,-2.1746578376080900,-6.923675693786490,-0.7851180234467080,7.986032947873750,0.6781302145383050,1.1960159501118200,0.5509692721977510
0.7196095643770150,0.8653842217788720,0.5091613327860880,0.5490160463180780,-0.33889299250922500,0.20705366855383400,18.405676830909800,-7.2630245793274900,6.60846525857112,4.873339622411310,-1.7633557282725800,-1.6783468674717500,9.212195704472630,-6.449073547938280,-0.45323369049077000,10.509050751887300,0.6736360375529210,1.0971875676524100,0.571802029696714
0.6598895869398840,0.8014058927180010,0.6225567566235210,0.6459723843203540,-2.3507653249846100,0.005624225470488230,19.297075487272800,-8.427377262170120,7.248117895140760,6.204286529533710,-0.6669681273995410,-1.9323512915533300,6.938288255054620,-6.434714619388380,-0.5022112669826350,8.984774867951740,1.1073073393611000,1.0989389968288200,0.9153896641158960
0.7083573179686580,0.9369039071415080,0.6263947674406170,0.42308819018210700,-0.6410560619577690,0.2534451597260600,19.912245686611300,-9.635365731685460,7.667739211384720,5.5772511519030000,-1.4547066851885600,-1.774674975148290,9.659227387161760,-6.020145709960290,-0.9877440658938220,9.682645205269970,0.7636368014608880,1.1727469711157500,0.3967943579419560
0.7327932922343020,0.8741351657359330,0.5034265730015530,0.5312602205736560,-2.0738450857146200,-0.20737165631455700,18.835594685456800,-10.407137479650700,6.271837993574230,5.013152959219380,-1.676091530043670,-1.4906198672452800,1.2148928333929100,-6.241985286441220,-0.9603438436089070,11.688871366724500,0.6626738534236680,1.1153599898695300,0.85073338110082
0.6729805766493870,0.8646332929530620,0.576842343424005,0.4782846797101240,-2.4929427967002000,-0.14168121371183400,16.944551208859500,-5.761090088487040,7.523237936539810,4.850325338882430,-1.7125349623521000,-1.5877870166197400,0.1519758216997880,-8.393727544099940,-0.37038451706963700,13.71884872463790,0.6856816614885850,1.1923944039598800,0.6280974592399070
0.5702703973481040,0.8167982064501790,0.6154759751334800,0.4046778720317820,-1.301292858271120,0.26425907138583500,20.18822594252960,-5.262512342171730,6.674926725514910,6.845199938291390,-1.4452431791206800,-1.9008925573972100,7.571888960028810,-8.102221644341130,-0.2769643623914040,12.509315660364100,0.4383803491972360,1.13204822617886,0.4944470341802670
0.611198445793035,0.5565024685262670,0.6700397127413100,0.6744133044640970,-1.364000115592390,-0.009422419210392550,18.93644149316270,-3.474900578346160,6.3329587239268700,2.8255506477000400,-1.2455417085421900,-1.943967884841790,5.1484310571169400,-8.203147560479570,-0.1834231250626730,12.092917899980600,0.40931632285749500,1.1592780390034900,0.41822982226101000
0.31437292188615300,0.6101072989282170,0.668096387339149,0.5724164992361250,-1.915519260698330,-1.5084786874022600,21.646445772899700,-6.408670759815300,6.477610168026920,7.028392954006590,-0.7346615637955440,-2.1890926799688500,5.210778833035880,-7.216618370813940,-0.6779426166226520,7.853498844928970,0.7758466745493090,1.1396912451826100,0.8593851056394920
0.4684193204228420,0.9882705934769460,0.639249491631161,0.6369513336258310,-2.415762323860170,0.25594505307560100,18.904725891879800,-9.114744182227850,7.15813776572264,7.646932303124850,-1.7400126378866200,-1.6101477794875600,6.74270177058422,-5.133325535745360,-0.43925742206226000,13.945182567073100,0.6981164980801000,1.1663376888186100,0.8395645402588790
0.7642083931945850,0.8504932937548260,0.6252022374397600,0.557313313953838,-1.9863418115531200,-0.2260752134751290,15.145646183855700,-5.2643026832348200,6.342007726099190,6.458906400247620,-0.8624886727931320,-1.59572415302179,1.5348840567642300,-6.196556631876740,-0.6157499716061870,9.418311180856120,0.9203928794112510,1.1840740587118600,0.9207390886447910
0.7426610743111780,0.7138350520362630,0.6337533936379,0.6538188534640180,-1.8941077628836900,-0.10075677389223200,21.837850639496600,-6.64197303725429,6.006594223685700,6.181251650930160,-0.9048075600713940,-1.9587774098988600,6.880638959336110,-7.543860498971660,-0.7977947578505810,8.55915329986639,0.8086628134389530,1.1269964240619400,0.4601335591926040
0.7662652977253820,0.8205307694485030,0.6916609236663730,0.28419706192050900,-1.3099920906463000,-0.044960531204316600,18.909415681394700,-9.336941469402540,6.381436212920660,6.992721375601590,-1.855781164014190,-1.8151468658804400,5.11721669082799,-6.585001553138550,-0.6712692682093460,12.365493999785800,0.30065186000075600,0.9568930752169320,0.5019766083526280
0.6611269592889990,0.36981771991056200,0.6366776566600460,0.40159596586149100,-1.6668844851342400,-0.07747319308947190,20.84915584201640,-7.391448132707260,7.929702758087640,6.003879392477470,-1.2866152557897800,-1.6530673087745800,6.234300839540220,-7.433101712270350,-0.32732730940220000,10.516257606063100,0.7467780749281320,1.1784042548054000,0.6836890229287260
0.7388320985400180,0.4325262925504420,0.6090768474484960,0.3536302185147180,-2.4230821706302800,-0.016019611823690300,16.874737741906900,-3.82885521857477,6.904035899339910,3.8416094574792100,-0.8864692232900120,-1.5652207289012000,5.542620519354760,-5.862323237306860,-0.2628370332902880,11.739509022663900,0.6748589538125610,1.180018486268570,0.8766239175318530
0.6337464752926950,0.8500777650944020,0.6897356792609470,0.48338809248193800,-0.4365104917112510,0.3534739829782040,19.91948404949090,-7.774190450789320,6.814041732520130,5.08868880699761,-1.7983723739189700,-1.722678194009230,7.472304824137940,-7.293083909966120,-0.48874090663014900,11.38282195966980,0.5359761239108810,1.1884653197230300,0.3431706759363380
0.7045753867580760,1.0562171826288100,0.6058444146659270,0.6300941510730590,-1.5247114332614300,-0.0526883606226079,20.120146492077300,-2.631995851784400,6.984063544494510,6.163757115266060,-0.8947078127397460,-1.8782024108427400,7.959445719157260,-6.997184213227800,0.012723644577806300,8.525852487437990,0.724042147770934,1.1960747791074400,0.6523676204675570
0.6703419054702850,1.0358105897040700,0.5608311365061750,0.6397871209472610,-2.0523398600923400,0.21745671759251800,15.044114857113900,-6.705876304026710,6.3360916963991900,4.771892830273040,-1.44612949065403,-1.6215827929857400,5.123285791826830,-4.367325946836000,-0.664515701256984,10.195026869575700,0.8049797065694480,1.1421825959051300,0.8143188106634460
0.6164211358545450,0.73155642467459,0.5844946713971290,0.4219827547590700,-1.780919111096370,-0.020961274532593700,18.099962189045100,-7.009142889899730,6.960672549626090,7.372614536226920,-0.8512430763638790,-2.153578544509540,4.776386010980190,-6.502902348384830,-0.4294676980333340,13.224520106322000,0.6931296074687890,1.1447651872633700,0.9216158639083530
0.6627687696078590,0.6243124847426610,0.6403003595860530,0.6924503208974220,-1.2433296594071700,0.23270984277161700,19.17330449559600,-8.33523891566526,7.259693937202830,4.8435501173172600,-1.6722552639626500,-1.8355406454722700,5.00720435721641,-8.219011595167050,-0.45438763257353100,11.129091055256400,0.4525851639646370,1.1266355260734800,0.5916561393021810
0.6342631780063380,0.815016655841502,0.6014298168102540,0.5698902225525410,-1.2461961688715200,0.37569053166610400,20.666665291279600,-5.922081382335580,7.051197682295450,6.080588807471650,-1.3315539782333200,-1.8437835438378100,9.06839145208749,-5.715495879941610,-0.2569340720557570,11.82224802275730,0.5974121839693310,0.9470685193686550,0.9931086342140410
0.6468335923522510,0.3360842584818720,0.6512860534440600,0.511207441310097,-2.122795854207340,-0.12067595895574500,18.565039946339700,-4.240952713912680,7.942432112764450,7.341462932558690,-1.9229988859699600,-1.594805455596890,4.430202666570760,-5.870630692510030,-0.17196561972565100,8.879689241864830,0.5339704115809050,1.0687613224068200,0.9022110043894300
0.7397786798123110,0.6125897362961210,0.5771165393747500,0.22466936087386500,-0.28761069268740200,0.08899681478785520,20.314555685250200,-10.573142513344200,7.330205755046870,3.3236698817216400,-1.5273921826761900,-1.8489690389391700,6.344295667152840,-5.313585243210630,-0.6445919685842460,13.179651562757200,0.943314080508556,1.118215832796940,0.8123638607368500
0.7780196068904930,0.5832315126645950,0.6153153077922770,0.6659220784284830,-0.4143501141785200,0.1137441880662400,19.495678260555600,-2.206749759227850,6.690593003678980,7.524940835688860,-1.5412876375173700,-2.1138111101192100,7.634415944942370,-7.089542972885070,-0.19972388780269900,12.58506449470310,0.38642327907596800,0.9522556303862190,0.5534975544719530
0.7422416426285040,0.7051338424711920,0.6167360425123840,0.44193979756292400,-0.48554215102657500,-0.1934125300545490,14.85721076716240,-10.270221976374800,6.450652004572270,6.778677045004790,-1.2631808316382000,-2.114687654031840,3.085631191960640,-4.887071802969420,-0.7676845609460450,10.318226078085200,1.0378836078033200,1.175857175783400,0.46766192337917400
0.6848533947836130,0.7216822517311160,0.6224259490985210,0.6132571814875310,-1.6066989162516000,0.2009281362257910,21.182110967480200,-6.719555776796590,6.923661942617580,6.697332818179350,-1.4316820085159400,-1.6600334479128200,9.519631054007970,-5.32097874292773,-0.7845853104114200,12.038470548191100,0.6069133535681760,1.1387430959731700,0.3897609372224080
0.6194938681803750,0.8019560171464770,0.6658601834229650,0.4313297858758180,-1.1363819479759600,-0.3078506397420100,17.426709557373700,-10.250169044323700,6.904453385292750,3.2439459491911200,-1.106487421004830,-2.1870808689412600,2.5554720666768700,-8.040892864982510,-0.6560603925046100,8.229870356249350,1.0080964637027600,1.1347788973289100,0.7807047863250430
0.6718778691918530,0.9796007627386420,0.5144284966678480,0.6976020309737060,-2.4896836801813200,0.03778305150827470,21.077367452281700,-10.497773699759100,6.4778339134724100,6.781423099012950,-1.3197053245454100,-2.048612364113710,7.889386942089070,-8.670404485815700,-0.523873958307129,13.005885883321300,0.3088724382602130,1.071055063120800,0.8253653861819580
0.7884552604148320,1.070335909306910,0.650947999051278,0.6534465811134190,-0.618572599217378,-0.4413013162480110,19.097624084695700,-5.2526497370760800,6.903444073344180,6.55319171198007,-1.1730721724913600,-1.6732704779483800,1.8678500597761000,-6.396143300343710,-0.24279105366295800,7.932822022750050,0.8234880618993520,1.1749472879911700,0.9975364484146970
0.7923347211174240,0.2728245014682520,0.6902998515587100,0.39368064220756200,-0.42813596322284700,-0.49423964985413300,20.211437652751700,-6.647308032234460,7.867832639251640,6.636298512970200,-1.9548514592723600,-1.5905394437640600,-1.9252680865308800,-7.906233151418800,-0.37453791578290900,10.512111415389500,0.7909296727095490,1.1068008824766700,0.5858538730108040
0.5040819324527710,0.7613464186182220,0.6194459832899200,0.3256336252888870,-1.4185465844970600,0.4670486643254570,21.231835622427500,-7.905507866734260,7.797252816573820,4.978736639116970,-1.6892656257857500,-1.7321613523796000,9.99674261022287,-8.672839866080890,-0.4276599446577990,11.754696659937600,0.5841236747077470,1.1880060188644300,0.5318853917328100
0.7790995348289360,0.9197373753416550,0.5629383674440570,0.3900187145148200,-2.0827786654274900,-0.3262006299100920,20.197146968924000,-5.40272628603491,7.124349570681930,5.462314777233790,-1.2737904932242000,-1.5612870670855000,3.7140685608926700,-8.761393582523730,-0.8208873615233980,10.989050541815900,0.6523724354502340,1.1811281035404900,0.32243122893742800
0.7957397696273200,0.9860337775341130,0.6889392934050350,0.6138508389811190,-0.5198279732155330,-0.41969517201716100,21.13589551183350,-7.673962479391150,7.282550471602540,5.899782045265630,-1.2811437322808100,-2.177360156906,5.2531303555800100,-7.562431023098570,-0.6746274986804440,10.980517237946100,0.5285749407408270,1.075030540884590,0.38926422842538900
0.7808906920632410,0.7267008117711900,0.6387241558786840,0.4082937333419900,-2.1315889631728500,-0.15491857407905800,19.403869505155000,-3.534031374452880,6.954444773125540,4.894079463289210,-1.5768827117575900,-1.5692515474860200,8.522348383313990,-8.371322770731320,-0.3998876502270150,11.856915919103000,0.7235019551636330,1.1570363457082300,0.47484185114572000
0.7946558037423060,0.5754609188444420,0.5456913341431210,0.636414304757525,-1.6442128760694200,-0.08396100991070670,17.969979330435500,-7.129501391025310,6.141627578856260,5.265490447632090,-1.456462130597970,-1.5018235936635100,4.924159601697950,-7.746690625313120,-0.6648425387072980,11.299380004124700,1.0198905040722200,1.1708527930717200,0.490585072044589
0.7873814025656190,0.768007426020979,0.620577396702697,0.47449394250420000,-1.250188794467050,0.3107920325216650,17.28715953372460,-6.734304461189280,6.336925017047270,7.282262150229870,-1.0611328402617700,-1.9525386647668600,9.786575271251200,-8.24356479850507,-0.60142848262393,9.692214149795010,1.173376001277330,1.0606333652758300,0.34577944323018400
0.7467035713982560,0.2819756669532190,0.6446064459068670,0.6056048864108030,-0.40255620581718000,0.19285825583372700,19.451548722793900,-4.852402402130210,6.882021522781920,6.808678728582570,-1.570428229310100,-1.8341524420804400,7.578377218633760,-5.305374618743410,-0.3237692081941410,11.220408095507700,0.5269148567957830,1.0555752442004600,0.7809022609538350
0.5061684130995350,1.0314695407976300,0.6146871547034050,0.260374554671618,-1.6355720634872800,-0.22227057681209800,21.47243301710610,-8.957105260097600,6.957064137670960,4.925975081937040,-1.0093735486218700,-1.8915755609472800,-0.9011847032956140,-5.58438286444689,-0.9859605096892010,11.476685352441100,0.8444195498959790,1.0972671986749500,0.7094176881188280
0.7383167485826580,1.0212019946286800,0.6645989698751360,0.5159499339737340,-1.6271048263061800,0.14718304484813100,19.543835456539700,-8.005886438512470,6.830410950287580,5.019202024905140,-1.5659276035399300,-1.5800709272120200,5.204228995638320,-8.886986611437190,-0.6211864340029540,12.525858417767700,0.941687449899324,1.1572467123529200,0.7993783308898170
0.5874347895434390,0.9118545830154650,0.6215804264193380,0.670657384694233,-1.7198469200152300,-0.17885362891570900,20.295746738868900,-9.89822736336248,6.723135541697910,4.298273109613740,-1.3312503354704200,-2.0849255228233000,1.005414984467530,-5.405286613361100,-0.6462208451476990,11.29645493675950,0.374746131245009,1.1541863782925000,0.6717031534380130
0.7355544151323720,0.7949054490422030,0.6884113111276020,0.3271830065423430,-2.2987616660151400,-0.8177746475215360,21.69449534530320,-7.930322131435300,6.672592921504660,2.8928344277685500,-1.2538120985047200,-1.956229438671620,8.814359674119330,-8.737889490117020,-0.7267971663017410,6.451843970247830,0.2564553302022520,1.136223571192920,0.6770525481376050
0.721994329832436,0.39556324774303500,0.6730448775150070,0.5253191877247900,-0.8492717051334880,-0.06174941318479340,21.627145839318900,-8.752993403130800,6.669665216675430,5.90986124028644,-1.1899958509696800,-2.0593686895983000,6.398608250323250,-4.951502876127870,-0.8468021072676030,9.702994405333140,0.5480689692748920,1.0043686433959500,0.5261442518041220
0.7769815502482060,0.8311630535225390,0.6414770527648580,0.5036073716760890,-2.1045796067469000,0.10584117116595000,16.472747414286300,-6.665534367376110,6.00063919663081,5.394911000269720,-0.6864679577401950,-1.7327258815401900,3.6627956561210500,-7.978575587331950,-0.734220796476377,11.329824389651200,0.9997313902007350,1.1527712540664400,0.5271326390845210
0.7900211009407630,0.5521555105899120,0.5825509516977330,0.4753941340272020,-1.223287785169300,0.093619580461139,20.46674978003620,-8.815917753971110,6.623420434417030,6.267757378516490,-1.6754984292112700,-1.5705325584261800,5.760747350537250,-6.086784783745670,-0.927540552423225,12.18467138836020,0.7812631281012820,1.0485248533944700,0.5841535098669740
0.5673031970752130,0.818089664113207,0.6537382652386930,0.498764637467625,-2.4143285748528400,-0.09422381552398600,20.89755710504040,-9.586976370735260,7.70166161927677,3.4288972124900000,-1.3396816257481300,-2.035547622468440,8.066322787484290,-6.178999996829210,-0.5790477202920170,11.189433064909800,0.2845966789370940,1.1361103428964300,0.7695948646770110
0.5763777290793240,0.43024560523681900,0.5648666537992530,0.5830774770114970,-1.587275776521350,0.33369871013968600,19.992657703682300,-5.324394663324660,6.272932655566020,3.5500875243395800,-0.9262293813066570,-2.05451765611282,8.831552123967920,-6.523619905765610,-0.5332913500983960,12.972942803506600,0.9441587107096000,1.061296600259540,0.7225439605751060
0.7186114364180460,0.701835294513754,0.668822138251142,0.4544042997972840,-2.240624741982240,-0.27479215222486800,20.943225148890900,-7.614105610641440,6.379697695380910,6.066573025539670,-1.6659866773776800,-2.1511280145041800,5.214200909857030,-8.937249807462770,-0.6362265164783400,8.522126096009470,0.20861262028871000,1.1767670900211100,0.5524289686820690
0.5374423244334140,0.5049084400879420,0.5867942979809120,0.30894699608707400,-1.332224857442470,0.15259874243370300,19.83826683055450,-7.835879418661870,6.488844369899980,7.167703455789800,-1.4687224646497500,-1.6788051771613200,7.786898590280850,-5.904850613433930,-0.7775305050661650,12.963580158939000,0.6360514542468530,1.1136532771502600,0.7398813411466390
0.7623463246979700,0.8603164757005880,0.5215667845127950,0.6124158015713460,-2.1649561217764200,0.03443013558726990,19.58281435332550,-4.70866720886129,6.428314519790120,7.215842654491260,-1.1484872497282600,-2.0063691916681000,6.245253044338930,-6.771862393453330,-0.37313972630785100,12.995935924247300,0.23022015051443000,1.0495012909504800,0.9357164427344170
0.7924253358288740,0.9441336474341540,0.6793830813925060,0.5704611092311220,-0.8290067879052890,-0.020637173190523800,15.563722777080200,-10.570867153491400,6.619979085591500,4.047325004533830,-1.416562330609620,-1.9917688041826400,8.63027518327303,-7.233452279567330,-0.7995096550153240,9.872625124715890,0.411825002718855,1.138641191596940,0.64353733061285
0.7114585441810180,1.0851716199218400,0.4760831169067310,0.47170022514751,-1.982147825934170,0.4364290794317780,21.484954993047500,-4.961877104268280,7.300427774123280,5.313651051076710,-0.7487984242214700,-2.016946473664460,9.422374904255830,-7.342119933677140,-0.015810529550212400,10.13518593236910,0.7432953565408450,1.1906739875081700,0.8721706827326780
0.6913885409818690,0.6969037057605990,0.660960731797788,0.3287930975065900,-1.7909501798368400,-2.0139848561287000,19.70322346848700,-6.10847217445183,6.163465867323600,5.368630286312190,-0.6462237783961870,-2.0607278109729100,6.614923227412300,-7.135357667824760,-0.6341330202372950,12.162715939904000,0.9123674876320080,1.0720501078863100,0.8394084725839460
0.6501237507758620,0.550593248397132,0.6943466285115280,0.5755905022316270,-0.8093079400883400,-0.047469943265293000,21.776911769172900,-10.540455869841200,7.395187669804870,4.724849325291860,-1.7021243230325400,-1.8684490246156100,3.485082522327200,-7.9659379007659800,-0.7977563758915450,10.32248265414710,0.5028560828293760,1.053648799200100,0.6511171772592050
0.7266423577429060,0.4671421636160830,0.6067517524279180,0.41494351242868000,-2.1241565911277900,-0.13873507791087800,21.06124158750570,-8.999371076103850,6.483988184980100,3.749371481239830,-1.180484983685910,-1.942669839230210,8.666468767517570,-6.380582702570370,-0.6865751811904600,12.060122218930000,0.20791007948453000,1.0719909352367200,0.9775684628234160
0.7796975936040010,0.6400720408317870,0.6198741730855980,0.5584693948712130,-2.2957905052432800,-0.0266624491649525,21.006857627358500,-5.815932506618890,7.073739158518280,4.812444517779490,-1.1629905472737600,-2.121569735796810,5.475595626185140,-6.994823028131610,-0.5247570371706080,13.036532730220800,0.23321456808758500,1.108458626378970,0.5198176602890300
0.586206730154095,0.7492642002794890,0.49755681057046200,0.3241969070729000,-1.7369362224070500,0.11601466662734600,19.046039305972500,-6.411816796999890,6.594766129681460,6.876567153370880,-1.749473871748470,-1.9951151585758700,7.7738336270904200,-7.856020069793360,-0.42502898418245000,12.24604636384940,0.45898212087957000,1.166032405694250,0.6712289193316700
0.644913089807557,0.7596456463039730,0.5477753797530210,0.49028984900896000,-2.3035824839253200,-0.07212099734568870,17.880977950992400,-5.3635588225959500,6.428632124855790,5.498871843547870,-1.2195666845569500,-1.6699141399427100,3.596722891177320,-7.646922298782650,-0.4332905653531160,10.53688685989330,0.5743193781351900,1.0559089558234200,0.7258761429153830
0.7002926233463650,0.6032799399038810,0.6806910274636200,0.5594421131128420,-0.857967436390525,0.12782424151219500,19.84827980828480,-8.295849750618690,7.075892729276750,5.0286760575254500,-1.4575328184172400,-1.6191222550675600,7.9985433460132400,-5.896032940119280,-0.8915771381557470,9.99361459074102,0.56824275275893,1.1804632635803400,0.5859209731442580
0.6495315709618410,0.6233926890308260,0.594544374562601,0.30761849802070200,-0.610736013713102,-0.13623137011305100,20.018180090546200,-7.142766004899540,7.665988575573860,7.048716229589850,-1.380578581149810,-2.0653758541014100,8.125015451449460,-8.458952453175190,-0.3829322540225840,12.532750488191300,0.5722598301581270,1.1905921870319300,0.5531441330467320
0.625660238567994,0.7399327160438830,0.5861401594718480,0.2639394105212680,-0.8633828784098510,-0.21757367717798800,19.978759223870700,-10.098224224361700,6.188234999298840,5.838186047411040,-1.106690662760450,-2.1446633549274700,5.9756924049827600,-6.3938722439634300,-0.9500659316985350,12.754382621115100,0.833674759538219,1.1526492633166800,0.8704467264457680
0.7669883086207420,0.942257187393651,0.6032174732961220,0.5510260158628150,-1.682495150317840,0.2686437292087090,21.505000246467700,-4.159852730344160,7.123705904577280,5.515302725424530,-0.7718469557707580,-2.1659038841385800,9.641337656351130,-7.9506924675637800,-0.3344770312786690,12.300958172075500,0.5698501738586150,1.1697167713752100,0.975790249920178
0.7452262220490850,0.7262249427068970,0.6196499064397340,0.3642127768286440,-0.7767634237905730,-0.23446303183278700,20.36294088250050,-7.390811167733530,6.974714632176150,5.2887038271233100,-1.7228358792108000,-1.9229629418116000,9.799466818833970,-7.585693379515520,-0.8403298709953980,12.110475023503400,0.32927236867296600,1.1348428580718500,0.48776827687953000
0.7397361772452550,1.0299829999042800,0.6883895980695620,0.41014180178584,-2.2258854408289400,0.10558608591667400,15.928833408678200,-7.880326892136200,7.637898703426810,2.566692488738400,-1.9188876642349400,-1.6201287132946000,7.1266490516612,-6.891201562988780,-0.6277093016289170,12.674620296364000,0.40800566530157000,1.1449686316820900,0.4738402173857760
0.7412617833714740,0.8500650236895030,0.6612040804522810,0.3989618397139040,-1.5260976935670100,-0.5710227852854500,21.02702214855470,-10.857139757693800,6.950226119807480,7.698313620971890,-1.8703617047617000,-1.617262586550430,-0.6782659167177530,-6.595602574850300,-0.7521236656256080,13.934241237027200,0.4890742744977920,1.030638213942680,0.9046758959306440
0.5880981499822010,0.8813570846343960,0.6872195085341750,0.6356600270473070,-1.4067803125175700,-0.09285249277653680,19.65582282400420,-9.848671812672080,6.180999954873890,7.483650288167060,-0.9724906620308920,-1.8502128943497300,8.279658696626970,-5.730776912202940,-0.9665517950863630,9.971570020362620,0.8642461266094250,1.0634997024288100,0.6522352368346040
0.7737883569606980,1.0128314091432700,0.6599342642493000,0.2691548224026000,-1.795127079478960,-2.5451797361680900,19.9650287157663,-9.15611808854212,6.473294931889820,3.7812256997973200,-0.6352711144459790,-0.9080097222295060,9.543027839545380,-6.56176627371205,-0.9150446495377430,7.481988993983570,1.0570008651858200,0.9946766523256820,0.8420628730198540
0.7602460552610730,0.7356471386170760,0.621076807956622,0.666706329825264,-1.7959691951291000,0.18607256006478000,21.388591519573200,-6.813552406194040,6.977893733369220,3.9638371288062900,-1.103386031306720,-1.6462991709703500,9.41976723482222,-7.691861207464840,-0.9526090751078600,12.876206532806900,0.7375181111161090,1.1464776832105300,0.3820760398330770
0.7960468600456550,1.0222850427468400,0.6354922873950010,0.5859794774939430,-1.947257432100210,0.019299256965103900,20.041708060671800,-7.700533045852520,6.870216596749480,6.770619891536200,-0.6699990546954020,-2.0331691315973600,9.376637712481130,-7.597342824095520,-0.6245830355436870,10.732157829312900,0.5788680920495850,1.0230528527962900,0.8138684559888500
0.6415383119461840,0.38963892159422400,0.5083667021502640,0.688840228416604,-1.9012048082510000,-0.0968355966146599,18.909209962832600,-6.570183733954190,6.0026420104902400,5.557662079222700,-1.4625039259084400,-1.5706293877382800,1.4418598269482600,-7.848263270813410,-0.6655722848395020,12.82514971945470,0.7510147885373950,1.1981806158934000,0.48145166033551500
0.7642755924952580,0.9543240247294420,0.6042172739335420,0.29804182444915600,-1.3908331268698400,-0.5988053445219530,18.9354701850316,-8.905537625880690,6.148843448262140,4.847733290153900,-0.8197005484014590,-1.9356961863110000,9.719386835924380,-7.169531174222220,-0.9014328122747680,10.680273478096600,0.9673865992633260,1.1199332633405800,0.8094847644441600
0.6797668736731640,1.0488016083277000,0.6334479766001480,0.4937975703415750,-0.9471535908433750,-0.04033790883812390,19.71101278220740,-8.650804605150340,7.92473615806867,3.429542265572850,-1.4379236677841300,-1.6447395753589100,7.681151780243610,-7.237061524991980,-0.2390894270035170,10.431566498412200,0.9566739626528230,1.1767136180239900,0.7111388083780250
0.7208782053740820,0.8048282282646970,0.6398727957417150,0.5361174909116370,-1.5395923195121800,0.07478237585246980,19.408655553490600,-4.683427754903280,6.592060161286290,6.162767476536920,-1.5694540188406200,-1.56885005439952,8.134293022676870,-7.137076695703070,-0.46609842801114800,13.334488604262200,1.0897371092950200,1.1582085711861400,0.32012200631314700
0.503168248173203,1.036865340497930,0.6656769502709170,0.35238178627182600,-0.9931471130953940,-0.23560293666416800,14.540537748593100,-6.868180337064960,6.6735302602466400,4.524569545912600,-1.9661540172791800,-1.5411568788210000,2.239183092994700,-8.06428670956777,-0.5845308864957810,12.676535225075400,1.1281061189961000,1.1366217602901600,0.6946147812389550
0.5702182943124560,0.9900035595019730,0.5274002736385970,0.4545836425851940,-1.3293286078202900,0.12613344555772500,18.74919281438230,-9.19452585380991,6.321819450001080,5.953252524917970,-1.6585531278586000,-2.0438563052945400,7.492747303563340,-4.6928149429373900,-0.8673101582019400,11.188778877522100,0.3096538427889120,1.0923511886631400,0.6753881058505250
0.7499669786800640,0.9360001970774210,0.5366011630204140,0.5525321113812760,-0.5871163431604650,-0.26798131889197900,14.880583191325500,-3.3698531854525700,6.347988671903620,6.798453997739550,-1.8339015801991500,-1.7270556092260900,4.278103821473490,-7.453377939806930,-0.2086541277492300,11.385293464789600,0.5376562956070570,1.0360438419923000,0.7404879383077420
0.7547642242290790,0.2747446222156930,0.628581862899177,0.5883968617633590,-1.322756928356580,-0.44155164736079800,18.728714901086200,-6.641734138919640,6.477800345196630,7.456621015887900,-1.8032602070366000,-1.9233959461634600,6.048910070284500,-7.681482399200940,-0.5142528502424050,12.867428484158300,0.25037189080771400,1.1434965474051900,0.8598267698395920
0.7691276037700250,0.8973051719811610,0.6403748743478250,0.30238933496780400,-1.9681454940922500,-0.31964300360855900,19.841715060639900,-5.683075672880730,6.156699123170510,5.049525140492620,-0.6253236800701810,-1.9016783004177800,7.790617562550620,-8.136908062285980,-0.599654906215904,10.913918207313700,0.8963072054385370,1.0894403358868700,0.518768240997699
0.5927153854157100,0.29805555337982400,0.5860155322276820,0.5124289075179520,-0.21204886141860500,0.2223248656411830,21.27824244195310,-7.273878476039740,6.063711730861840,3.800858471071550,-1.6439033132172400,-1.791982360604450,7.296752484019070,-7.142253715309400,-0.8419565835049390,11.607701910605700,0.8488108812547620,1.1884893456782200,0.390749381948131
0.5565761306745240,0.9310304842800150,0.6338111451644210,0.6722495425716950,-1.0777538430573400,-0.29710297601917500,21.541540467344300,-8.617495088374590,7.058770648524750,3.7211273388162800,-1.7443319044448900,-1.8981735812965000,2.0203122472302000,-8.423931348226130,-0.8869312459725950,12.21526249673240,0.32269799603905200,1.1732250882696700,0.4958327008116260
0.7469615521310440,0.28578920838208600,0.4899608600202890,0.6599877211787410,-2.025166430061740,0.176907715266813,21.136559054019200,-7.791193831742130,6.743613648048260,5.079366020548500,-1.8244308001373500,-1.6290287765610400,3.6154053966146800,-5.614499171442230,-0.24187054956680700,12.427308076302100,0.46219305320974000,1.176985800189160,0.7616740146178300
0.5026576084753410,0.916811511492298,0.6659881802972670,0.2709786015983590,-1.2146589249490300,-0.8949201695387790,21.955724199802500,-10.791366643481400,6.345433434788740,4.616724976907630,-1.5846598699505200,-1.6487571569292200,0.3857584020036890,-5.541012257459650,-0.9234485294726450,9.516771010265320,0.42185725620786300,1.1953888854167600,0.7351907365102790
0.6475028146522380,1.030682057593210,0.6397218252947450,0.6893386790767250,-1.8910888327270000,0.11333561656600100,19.188987806747500,-10.235246977088600,7.768272171328790,7.327391656486770,-0.8195667001783110,-2.079802308890290,8.906127447936230,-8.590269594691890,-0.6856613676908510,11.438211361540100,0.7702539027668460,0.8878084841780870,0.6760795862783270
0.5503873362156140,1.0137662340361200,0.4860858409476600,0.2302782365600760,-2.239320981530680,-0.04785128256444090,21.241673801183300,-5.22573282053216,6.237165924101150,5.691497753332220,-1.2822627257151200,-1.7571612341994900,7.8000560979169000,-8.185084677215190,-0.37018393756430600,10.399697041493900,0.5091366129489000,1.1733353325180900,0.828679219547005
0.7629823812689250,0.5737542385084590,0.6360265293220020,0.4348015570082740,-0.3229540238261890,-1.016804746319130,20.182763996255500,-10.50871529095980,6.346864954433580,7.320591991726490,-1.972161657801000,-2.1017922170097100,3.397342863586110,-7.5089675067975100,-0.5685713193385690,9.47291960466972,0.17925537358786100,1.0833509378499000,0.9452877410037660
0.6771112007367640,0.9035294789823900,0.6557836268858260,0.3797434350492800,-1.3731167556917000,-0.036106714166024800,21.361504975332200,-7.178201305251830,7.549426577158680,7.462291780907860,-1.1291178934300200,-1.6381188516867700,7.780728986585540,-6.589719953599840,-0.41894275052621400,11.310465483514400,1.1139613256290400,0.9720248535370440,0.9429971368257730
0.49164265976223500,0.37531224763908100,0.5411022165601310,0.6428492559065720,-2.4186730111672600,0.2248334851977930,18.669036823235700,-3.1834377649850500,7.176421433175890,6.836222357954290,-1.6147966389374400,-1.610296643553200,8.432647974355610,-8.50332979004469,-0.10309931145115400,9.06489106910485,0.5741885091221060,1.1770574831054700,0.7194252330125710
0.6481493512533590,0.7540932421129540,0.6130098300725120,0.5523770064913600,-1.2382412242749300,0.03902506683525040,17.213037851117200,-9.089529425273750,6.86791594684258,7.804002985489020,-1.0251523850446000,-1.932158687688890,7.089216634207230,-7.824123858996040,-0.6941199258608330,12.347475454455400,1.1222528778564700,1.0451085052877200,0.862995494286193
0.7642290690472180,0.5367091895163210,0.6472621526985660,0.43997949374241700,-1.3959086563017000,0.34468319081428200,18.894801374848700,-7.17359291360548,6.91002598974614,5.631886800108740,-1.1395387391291700,-1.5713083264263300,8.33009753091083,-7.549602070591420,-0.6513482213281400,11.95264715127800,0.68342599578154,1.1453428396894100,0.7240816246395230
0.6025541705497380,0.7465878503689710,0.6534996966920170,0.6579166242854990,-0.55628387201984,0.10505712766798600,18.249188754462400,-7.494924126976510,6.870936040959790,5.304715182804130,-1.5457728868695000,-1.8436723216767000,7.298951344330020,-8.362567112929650,-0.297832325656632,10.695527613158600,0.9084499467088480,1.1600229987374000,0.5851152134051910
0.594290664559283,0.753467347695897,0.6634212248175770,0.4769086281794390,-0.9217741066428960,0.13635160835750200,18.456349277733400,-10.548315125499500,6.9624316432456,6.9291281506568600,-1.4508668316441000,-1.9121155938850400,8.500010944332000,-4.6968009104432100,-0.6481182769239630,9.927926194849530,0.6758305795247080,0.7743687747481460,0.9207879104931190
0.7180119028032230,0.25336010546552100,0.6632049548895840,0.670221832804109,-0.385763621475142,-0.2490596969468200,20.727273715018100,-7.74207285392211,7.4230887097139500,6.205901320849130,-1.752938438988730,-1.9357325898719300,5.094451831715630,-6.516294462521280,-0.4923597718848570,10.808425259282100,0.5087045307119280,0.9839661465642890,0.669539988486154
0.7492404968667810,0.8574534724902440,0.6288883508916060,0.656342209787329,-1.2869825172486100,-0.6612637949014460,20.85827908868480,-9.618186755170180,7.798167672963640,6.587754191020460,-1.4494133722212700,-1.9659873814317400,1.840465161203680,-8.01796851757646,-0.28981089696033500,7.128368835327440,0.36368587602003800,1.1794652285788500,0.8340079425840120
0.7166142414150060,0.8063343117838420,0.6015392815063320,0.6409865982365240,-2.0398001351184700,0.035129162802309900,19.173479648758100,-8.102511857241090,7.051465083772300,6.817648857933340,-1.3958049482506400,-1.788396172275360,4.49292333053416,-7.610345193174820,-0.4913548609312140,12.253133614093200,0.34782028640910500,0.9298385168398460,0.9286160480098450
0.617685123502833,1.0586147560253700,0.5528199778738130,0.6384249068922910,-0.4243134249535830,-0.21384844224695000,20.931999105813400,-5.277854056226450,7.029757038718650,7.441947608713460,-1.4273809601754200,-2.150231882636620,6.709343026585890,-6.0329162716098500,-0.3280013317770830,7.6323610587263000,1.046985052905110,1.1770836952122700,0.6478297275970230
0.7490284166040950,0.4120947820574620,0.6668369273970120,0.33643385184242700,-1.1931309453954900,-0.5407333184802380,18.05341921842910,-2.681513676148230,6.28258450761633,5.932916609170850,-1.5139869045979100,-1.972407423351280,3.2755908439676600,-8.40366410233287,-0.26718996559965200,11.1526301186275,0.2785037065284780,1.0689127825896400,0.4600375927938080
0.730306237143398,0.2651851665473070,0.5997412471282550,0.6283486514351490,-1.5883078427765400,-0.4038830320134530,20.025748115130300,-5.24472354829471,6.996751893189850,5.644891659137700,-1.894402021986090,-1.8286481704721200,2.7712932951465800,-7.948810074517870,-0.13173064771313800,8.826666326994480,0.2746586311874080,1.1589636298044700,0.9030187702055790
0.6072526404530480,0.9883747299329450,0.652532464418568,0.6328504207596900,-1.5661298021284900,-0.1866965860500360,20.923353044577300,-9.05183883047226,6.257260862296170,5.774647115226360,-1.2750510254965200,-1.8411934145544800,0.9215613085368640,-4.318387574819720,-0.9118329658863420,10.759748639025800,0.5742476743662480,1.1478786419398800,0.6804657148938730
0.7902488254354490,0.6574870611339620,0.5625680894185310,0.6987832062931120,-1.6330067998128300,0.01902616839083590,20.80829255529910,-5.382428650754450,6.650153700759660,6.186750457723780,-1.6988288395211900,-1.984196238717680,6.484752907551870,-8.36077909557391,-0.7207966135167370,10.647093190491000,0.416253397340666,0.9301067410483950,0.399065491551566
0.7678105611580750,0.9987734008241550,0.6998199129853210,0.46062933224883200,-2.1201431588175200,0.28568115192152700,19.908354361760200,-1.9164457588842100,7.304708252205900,2.2369892790096100,-1.1722150823050200,-1.465504402139170,8.79236465972352,-6.0825185877288,-0.08134870635690410,12.281411168724300,0.841524980831636,1.1529196613798600,0.44529247844444200
0.4586293987771060,0.8388406274131490,0.6111599710430810,0.6917121280121890,-2.086899978639400,-0.2530845615380540,19.961695074065300,-4.123056155328360,6.857589939666450,3.3256840032640200,-0.7567310700371390,-1.8731872712784200,0.530340693174769,-7.780936245253390,-0.551389687890292,8.835915003528530,1.065798537332250,1.1927215393413100,0.5267005927529020
0.7862167405008850,0.9888967461348190,0.5063788098687090,0.4047122332406330,-1.7758607964775700,0.0903784329675022,17.10443060898610,-0.6161607858581580,6.844586464369570,6.477881382703440,-0.7252850872934970,-1.8959654186164700,7.555108801649620,-8.114013829446720,0.13849318476275400,10.637590376480600,0.7987773918818210,1.111615885932790,0.7766019924599740
0.7133497684002650,0.267116937979851,0.5971711082941530,0.5159239007872700,-2.1376050974099300,-0.25240731104751700,20.19149972853380,-4.791424864281750,6.13812019434534,6.899314064647230,-0.5390911698321470,-1.895870066514330,2.182913784780110,-6.922462788169390,-0.5319217180780690,11.85067318052870,0.7982371094310530,1.1402281335773000,0.7631998804943980
0.7501253486894480,0.7567882153186890,0.5172522821177420,0.24652581597135400,-1.2891685608911900,-0.4488723025225680,20.092381776055800,-8.2060779351394,6.094890528222950,6.448806168221010,-1.8246550790089000,-1.4641632823435800,-1.9115714673980100,-8.312051191338430,-0.7797123020227190,8.90673917686161,0.8389426756024430,1.1824285613727000,0.4140093101257370
0.7351554745816280,0.25885490245309600,0.554754629805462,0.39161773223598900,-1.8588731410605600,0.050201026043451700,20.54080957191700,-7.830275126491900,7.662631438761950,6.985876537927670,-1.5967053013056900,-1.7993564728132000,4.944092113503260,-8.459885110094220,-0.663749373389415,13.36542292940760,0.5511169937128460,1.1712725105193600,0.4982526314561450
0.5965959406086260,0.6122560359712290,0.6710213820726800,0.6938180286098490,-0.6302917097023580,0.10566180275270700,19.832425716484400,-2.227392863934650,6.674809861237090,6.5481329517331100,-1.316663495752790,-1.9728899296255000,6.847049274311400,-6.286643427679360,0.025902870457928800,10.63451642830500,0.6463299002000040,0.9161958469810450,0.7956449909316500
0.7095773324505390,0.8886397620261740,0.6810522531677040,0.4474680317469540,-1.2806299068089900,-0.0011291801645178500,16.71700425475580,-7.803066178143390,7.664884282023390,5.963169139597690,-1.715689817123640,-1.717386377240410,5.213183634823800,-6.8736770079570000,-0.798428129616852,11.684903578273500,0.6348199923210480,1.1045078517482500,0.6997202684428310
0.6619055215171650,0.41281260823303500,0.6896427723327650,0.5309890381424290,-1.522321446241480,-0.07701073426369530,19.219501956494000,-9.57854238206551,7.044551157230630,4.454075130257910,-0.9535435662892160,-2.0426209258610500,5.393878113741910,-6.315004800067040,-0.6421791394474670,9.704113624963410,0.9610506987743470,1.1765137235563800,0.8615734955565490
0.5571047651305260,1.063594918981420,0.6973416507267960,0.2591879764627410,-1.8333169833636700,-0.2197061114866020,20.335063503744800,-6.248397674215870,7.160724613510180,3.9865092304723000,-1.968424241340050,-1.6175699374275700,5.687694199174100,-6.439954489847430,-0.8636961645012900,13.152897844080200,0.6158603885092270,1.1517389429398200,0.47558265364852900
0.6286007622282190,0.9771134436573470,0.5841519971625270,0.6367666539367240,-0.3064383614965640,0.1012916071704550,19.608673877430400,-8.459508950722300,6.669422411053400,6.079844695531310,-1.4388802795962400,-1.9595836333524900,6.177847400068080,-6.628772618386150,-0.8333763051597490,8.965798349193600,1.0685236890448000,1.10384887842122,0.47329781804748700
0.7396375618689270,1.0091462891129200,0.67984860975046,0.545381817248342,-2.4618059602006700,-0.200520367552105,15.999123138884700,-2.54443757699718,7.260658143632450,3.5134105966615800,-1.6605426679985200,-2.0188190259451200,7.625022204830360,-8.154049731205920,-0.1842966771032460,10.078131849927400,0.3003607270734420,1.1490815706503900,0.16076936865684500
0.3417468708825750,0.9086970733194640,0.6549701868905150,0.44851840068665000,-0.10196797436338600,0.20523804444148700,19.351150207207400,-8.864501511806050,7.2765498451977100,4.692623992107210,-1.894298959840820,-1.6508253240093000,9.781698439334760,-6.967923982405510,-0.7169301855749940,8.705292168059500,0.6767963260330660,1.182181923212520,0.6547746910632560
0.7527919286568810,1.0588838565353400,0.6732845927509250,0.4942924656051840,-0.5757259499078550,-0.37427147928186000,17.881071667787600,-5.341352184542650,6.944775342541550,5.944158533587300,-1.2025039785081800,-1.9781411404546900,3.2322317154218100,-6.417093452743900,-0.26964181948735500,10.739484401530600,1.1984528173704700,1.0924634365833900,0.897713962708449
0.7809228628200690,0.8751752896876610,0.6774400323079760,0.42031870404686500,-1.339384026095380,-0.2706436508403440,19.051765581788700,-8.443698857621840,6.9144942835144300,4.5068087872855900,-0.9026411322471110,-2.1365085880716100,9.941797809713700,-4.95684200844355,-0.7827689823936930,11.850113424197000,0.6746036651748160,1.1795006371923800,0.5800240419424580
0.7404687127583590,0.9266680489592110,0.6340818893270450,0.40312263264143100,-1.7790754116394100,-0.3448044410492480,18.23913036635090,-10.83282047614450,6.691025585777160,5.358522936266970,-1.911810370731490,-2.0072039561884000,6.0198579267375500,-3.9046880952880300,-0.9844994171408670,9.921321799309070,0.26632859409821900,1.0677184133938600,0.7547363443452650
0.7696090525533570,0.7516316401251510,0.6530175966956850,0.5241937335050660,-1.8349630302181500,-0.3307053249814880,17.462004063735600,-10.346445267631600,7.010505414039390,5.661664176861070,-1.5355007424531900,-1.8088436412280700,5.943312388663870,-7.293057652737990,-0.8611056990627280,9.366003930099600,0.4564120671282090,1.1418263432724800,0.4973831500472220
0.7740122053836670,0.557380532722098,0.5941079330883870,0.354839158327367,-0.6523903550863560,0.12077464117455200,18.892197937060600,-10.646164227093100,7.00700377288916,6.921604512746960,-1.165817469241910,-1.932883400432020,6.03612942968336,-5.3336493021644100,-0.8580357318552180,9.781382624198720,0.7930544133932440,1.0319874326607900,0.7128154634612050
0.6303413172429700,0.7210706794560820,0.649260172531634,0.5774272887881040,-0.8509169480022840,0.06581248086222430,20.355845986929800,-5.555851491485210,6.842418429008760,7.525183645680670,-1.5060518162272600,-1.6353408569507200,7.672018884113220,-7.806401307258160,-0.3864282291691040,11.07747270537510,0.7253016698096010,1.0515936866992300,0.8768831392405630
0.5185208594200890,0.7232022067936630,0.5317120656654180,0.38380877009824800,-1.4188847959950600,0.07781086665133150,21.434115528367400,-5.536332124745030,6.695137961137130,6.142071167220740,-1.6161886057431000,-1.8515089958485100,6.2266709372203500,-8.20612453413756,-0.4260662000793690,11.74151630340670,0.5544271764662020,1.106851489212680,0.5836013055785320
0.7251744802290250,0.8176707603023660,0.6468724307691570,0.28985767224076400,-0.32160239847131300,-1.1035003817006700,21.02853681240050,-7.936480814232820,7.093567028290450,3.470754664108700,-1.37265582456807,-2.1394996040203400,-2.80202515607421,-7.703951677869470,-0.4317128209386630,6.900002687822420,0.5756758791143800,1.195851416884110,0.6731876289361740
0.7941948542459150,0.47838527121125600,0.5996217873593880,0.6232404648819630,-0.8695541740171440,-0.29194758831974200,18.268967673173200,-10.37660814443620,7.788327313357070,6.5752596423105900,-1.7814899744856700,-1.7768213511298200,1.6882059856283600,-8.986045073110320,-0.3224199617570750,8.278672833817350,0.36891646388529200,1.1983331351461900,0.5751804600538400
0.7398740873633060,0.8577377573683760,0.6880172432078390,0.2363884252323040,-1.2658284609376200,-0.07646385276472430,21.7298468420246,-4.6838491569108800,7.536820768370590,3.1782979980170100,-1.1712916312298300,-2.0884996012256800,8.687965682724970,-6.86818264514974,-0.26051607643896900,13.990361906983000,0.5296848279400780,1.1248789936214600,0.7067385007667150
0.6271474744957810,0.6888901718264700,0.6523357597326830,0.41381571337208200,-0.21893007061268000,-0.0693927624405043,20.824044485471800,-7.89714877301261,6.978562046159150,6.692909921128350,-1.4343550561712800,-1.8461541010883300,9.76810900610093,-8.02822820012626,-0.6029050250890480,6.00578504893625,0.8418927420275880,1.1828765956798300,0.893972465229635
0.5698262905053490,0.6946148855363050,0.6148207329621380,0.5516233448281320,-1.7981083062617000,0.1592233302515420,16.44002098807630,-6.0367350070323800,6.5430622788059500,5.542185474991440,-1.2969852001325700,-2.198093005340710,9.41581741356933,-6.997852460886130,-0.3920543442403320,9.384856383891760,0.3313038636869090,1.1887271655987600,0.5854810989877280
0.6222524528212560,0.31894925684847900,0.588971639316179,0.4230442976030640,-0.7381246922392800,0.11644495378231600,21.783351411424900,-9.99096570888834,6.227333746167430,6.167289348827870,-1.3579480721813800,-1.8921450165736200,6.006827468564660,-5.435419194282910,-0.6924729682467330,11.957726927478800,0.5835230016487080,1.1441609097903600,0.6907352729455980
0.6306019606308200,0.7036933819822150,0.5566450068739430,0.6369886561824620,-2.4716245502634400,0.00628323647841364,19.826260276881200,-7.870187916363060,6.970512363587590,4.5147695275799800,-1.7529080504151700,-2.060544783855780,3.930671456662790,-7.236219207394190,-0.7693982642902860,11.271800500636700,0.2711450505002630,1.1142701110110400,0.5552225932376450
0.655638996967545,1.041442377507870,0.6935897959114460,0.4576994849239260,-1.973995634140960,0.3130005216226100,18.195318480290100,-3.0672987363465000,6.4435820310116,3.673553822476850,-1.2185010261645500,-1.9149476146631200,6.927627601297600,-8.279260546170640,-0.04260916821236370,11.924742373160200,0.4972456406547700,1.1687805458968600,0.8241607439784270
0.3855100468001190,0.4461583329348670,0.531202363637625,0.6587676033170320,-2.1478061744784600,0.12971599046861900,18.93437015415000,-5.576043941265620,6.081227989266800,4.538055231617050,-1.9334096201398100,-1.6601197080959700,6.15892014804489,-6.61895762725362,-0.4179149728584230,13.430918159078300,0.8827647716093620,1.1962391024592900,0.5867010105431130
0.6475167003415610,0.5967856751325950,0.6226016574550320,0.390947161668354,-2.081207072109560,-0.12218713782144700,21.693696454546100,-7.421320402445230,6.11735167215017,4.711082120908830,-0.6952022615471010,-2.0124662029100300,6.425093058530170,-5.999940858296730,-0.7712188308035210,7.727182465291700,0.9487522459815460,1.1498754938826500,0.7571972896026730
0.7294340507710270,0.3623109929081580,0.6016379816975590,0.6299806178230580,-0.7841750498360230,-0.11869840752788400,19.79312473915440,-8.588961362092450,6.202658552109490,7.717727896390580,-1.3836783246987700,-1.74606383383386,7.853801545280720,-8.213963081249170,-0.9178912175086930,7.860228938493680,0.9357563174761550,1.002637185520800,0.4000567595611420
0.7967757814146610,0.6928375278272820,0.5333930583692430,0.5893526802247950,-1.5129369212273400,0.18516613317004500,19.32113326064210,-3.0690379588428300,6.7481808853800200,6.732398524018110,-0.992711983487143,-2.004709863618080,6.726392439451620,-7.935794242249820,0.05979326576451950,13.147497678345900,0.5452415153363190,0.9389538727379590,0.7440506056131190
0.7656988004067170,0.7417525359784260,0.6397195477853050,0.40572512917742600,-1.5579474412930700,-0.6490046222540980,21.695987806010700,-9.30185978913277,6.711859593595170,2.9049553683886400,-1.9028649368439700,-1.942852412390350,1.4711251742106700,-6.713295188366420,-0.8912321801145660,11.656322582593400,0.28897223263968300,1.1882300805854300,0.9333303125866090
0.7643492082325800,0.4241736477218190,0.6470613303002140,0.4979310328807410,-1.2213189811309400,-0.972419936416349,14.775794262061700,-9.645733818963670,6.061420778389760,3.3149929015881900,-0.8966153450597510,-1.9994533628540800,5.546214115937500,-7.3858284109496600,-0.8583659218033310,10.331000143106400,0.7762931997768830,1.1011996656118900,0.8632081054856540
0.7159622211195300,0.8426433014269030,0.6307231471367600,0.2452559272393780,-1.7031453680114600,-0.1517659331169980,17.089007395781200,-8.381917405012860,6.623551788460660,7.040315860106770,-0.7537061038524350,-2.015385185514160,7.937183485607050,-6.113584331904230,-0.6043264202559870,10.398376223368400,0.7415347317647590,0.9675667400060020,0.8887900381424910
0.6412987181554210,0.5935051471908540,0.4989803788588920,0.6939921246110270,-1.1371025084830600,-0.1287406035730930,21.90060266807190,-10.795701425297600,6.82798888323807,3.9731004799364800,-1.3135339633713800,-2.1069205377961100,3.231691013450470,-5.044047080833860,-0.8691746470972580,9.901559456941270,0.5604067523143370,1.1876019875944300,0.40065120930583100
0.6006550637266850,0.6051401997971170,0.5373513096848610,0.47743570035779500,-2.1577736582359000,0.025531071234778200,20.766967976205300,-1.4348054755377100,6.030515544184520,5.326638800932370,-0.6233816137286930,-2.1636066442560200,7.79902009714972,-8.701095135579910,0.165762158539205,10.15530625809620,0.7904873545766490,1.1247198163060200,0.7493480035270070
0.7236922288279780,0.8938401619267320,0.662576144563134,0.36056512260064000,-0.4307520826567090,-0.36739887625534700,21.111600098257600,-9.420517408473920,7.232252536467210,5.078667724101100,-1.4392405869250400,-1.9166567200205200,8.495204418889530,-8.027304850768380,-0.46847158307139900,8.99275046128884,0.5493556548411430,1.1057078001526200,0.8942559526046510
0.4731638922787090,0.9486505513133290,0.6364681019361130,0.27338502049589400,-0.14879008731404600,-0.1591167603435510,20.73234085584080,-9.52623152487867,6.636005537744790,7.896402106584480,-1.4983734672990000,-1.8713776616863400,7.956601731816650,-8.100913296968810,-0.7125079511007600,6.4873544163798,1.0258075114621800,1.1400545609981600,0.9073648922322450
0.5785521045681370,0.8571401284092600,0.6837080668172150,0.32976047013611700,-1.375250160927140,-0.5533002842482220,16.99180476116100,-4.990222506994020,6.800461170747940,7.261495603131680,-1.6273755928681900,-2.1330595648344300,6.73381446770351,-5.483918433823270,-0.4569906463274140,12.153850242213700,0.25482829571844700,1.1989974213796300,0.49267022883516500
0.7430723741972420,0.4194416702265830,0.6673370735499230,0.49275350939807700,-2.041366579077240,-1.238008121464840,16.169004066609500,-8.218685845095950,6.147323027257600,2.5016439297314000,-0.5913909387334220,-1.9754233678835700,8.854764768992630,-8.268277832340850,-0.8774378781083930,11.38701833922300,0.5814515337797880,1.1348895867326500,0.534013791209144
0.6584818499016920,0.881075662920807,0.611143008158759,0.6229985908263760,-1.1676432151367400,0.14654162582927200,19.510538109312600,-7.450657190436920,6.5390393964303300,4.316038775242040,-1.0524919537255700,-1.9867724796910600,5.615356781336950,-5.577681930154230,-0.582019457936007,12.746324867676500,0.8006315710206150,1.0957918277378200,0.8171826080067820
0.6718070208550400,0.638454506224103,0.6756525147971990,0.22551447481813300,-1.693616000725280,0.0011616326930643000,18.81025461097380,-5.182578852019280,6.698471554008350,2.9858081197647300,-0.9148432783901960,-2.069014899289550,2.6354997438414900,-6.6886650309093,-0.3904492237223700,13.860284994090700,0.8445361229671530,1.1929176002114600,0.8412106365172740
0.7058791087136980,0.9658441533006540,0.6756081715416530,0.5122836734098910,-1.884268151598570,0.12351354473868600,18.363215423538200,-7.331259908965590,7.396894724632600,6.095095492484600,-1.549622531085520,-1.7324470461396,7.513403445437990,-6.773316420815240,-0.3396325126612840,11.805763686612400,0.7591549896025290,1.143465283952700,0.6076695617921440
0.7350159366412330,0.7109436237040000,0.641954835233503,0.6987608464541060,-1.2579931990003700,-0.13317036108423200,17.68315086292040,-5.658950454257400,6.526180642556190,5.37042201493932,-1.7281272321870600,-1.9737848467405600,4.441911608281470,-5.662311444356280,-0.8983619595150720,9.083150412743530,0.3512999348398330,1.122716210181970,0.4547489707441380
0.7733238157895550,0.8805608039085020,0.612411253902477,0.35870204262896400,-1.1070917547424900,0.14546936701027700,18.156149804852000,-10.95284790815600,6.331695624547550,5.523525717950330,-1.3584849607270100,-2.052939763882080,8.191986221918650,-8.632337323150630,-0.8097763883063800,10.406742129166000,0.5044497905469030,1.1800839974120400,0.3941877831251460
0.6400831200770710,0.5544255855325920,0.5916894276352010,0.25218672781275500,-1.6927564221493300,0.31062876640601800,21.448558958810600,-3.0811623759449400,6.375818736510210,6.6902961860408800,-0.9715657245816760,-2.183995101248640,9.77193649154369,-7.245379769335710,-0.5146891741864810,12.179674559126800,0.39925064977097400,1.0644293741201200,0.5600575135488010
0.668742433970767,0.6164135053019800,0.5951409825705800,0.4070216475945540,-1.8605709822164400,-0.7203043333920440,19.296033532563600,-7.209966254220940,6.0502134864650100,6.308839269145740,-0.6202756578950750,-1.9749618286511800,-1.2012044875573300,-7.939297359550100,-0.8761837990216800,9.004180130801850,1.006824876102150,1.158398158080830,0.574075878953234
0.7491776339814770,1.0341917864639600,0.6293807185472010,0.5234197547204220,-1.6243950861997200,0.02548053966918420,19.74604723824560,-8.63300470432587,6.711131149140600,6.259787995426690,-1.331617277216510,-1.542642689306210,8.123929702880560,-5.848202922284150,-0.35937371451528000,9.449125024925910,1.071465872652080,1.0383635492705900,0.7023005129156180
0.7117965715306450,0.9332117440283600,0.5574612347074510,0.5130110321113510,-1.8827461372892900,-0.0552462273585452,15.074542128310400,-10.941461529447200,6.438958273238610,4.568474180347030,-0.8844167279369740,-2.126367243826050,5.739149767905400,-7.009485036265870,-0.5963839279210530,10.339222529892800,0.6665230617130240,1.1839289751307900,0.7111885927384120
0.7328181171545600,0.8075907497987780,0.6223059783905460,0.6022121831116160,-2.2100029247311100,-0.10826560745736600,18.18133467406470,-10.119625415193800,6.84325627449734,6.482923978181990,-0.6560520389514430,-2.1634938525351800,8.076067844888220,-6.571121729018950,-0.8824460016185190,10.186886417788100,0.4518483051536360,1.0491122369262300,0.7178128060588660
0.7980956195068840,0.3291915951357330,0.6383368294734960,0.666684013156706,-1.005570731249500,0.01345972269314560,18.48585356746530,-5.376049464586430,6.5534796279031200,6.450347318203030,-1.9967612839918700,-1.3869168185123700,6.187497869479290,-5.551897574954210,-0.46103704324628500,11.020226769249400,1.0691687130217700,1.0919676685229200,0.6736040853064060
0.7576136167745330,0.437622670660025,0.661292699019359,0.34356139238595400,-1.4776412188888300,-0.43005093094973500,18.208225573784600,-6.6492905489546500,6.869707637382540,6.519252372186570,-1.681357483021960,-1.6801282289300200,5.428185593182530,-8.047274636988580,-0.9239691238438390,9.203684981799160,0.4052361385323710,1.1864791964430300,0.3361454273704890
0.5956532864269850,0.6729775072571070,0.6894436937228430,0.5696033930137600,-1.3851961104297000,0.1884231103498580,17.922340418409600,-3.725929242464190,6.7300566414884800,6.8696745114891100,-1.1957448033091000,-1.5431027854393000,8.158496613274280,-7.953807954634280,-0.12263272470234400,11.146513787736900,1.1114160643451300,1.06906622842382,0.8545508754905770
0.60792663114609,1.0693429468285800,0.652225038718472,0.4830191372479570,-0.6454526149458400,-0.30150796280792100,19.625324631805200,-6.703170337351770,6.631671071016920,6.9908972399908800,-1.2307616701343700,-1.8266721348295700,8.172850699304200,-3.8516658324158000,-0.5834594732162280,7.226276779544990,0.9772007220225190,1.1976087054248300,0.8642905060612540
0.7757653968052710,0.7608037257146770,0.6117310593478830,0.39352182861377900,-1.6330658779684300,0.12828452981661600,18.261325917569300,-3.126494556789250,7.255673877843950,2.525712988340310,-1.757124089690670,-2.0688291751893100,6.6094802126433300,-7.871438910956620,0.04146928566965760,11.591430279509400,0.2894405789892580,1.1705588805102200,0.6602636551529760
0.49657891367319400,0.701871098690826,0.6321484369207450,0.6993067105463100,-0.35560985357730000,-0.4278810219728470,20.74187236486280,-9.49221272482689,7.013383364158970,7.569807166635030,-1.42131249789698,-2.0340527078491300,-0.22253740510269400,-8.813855655778920,-0.8086365919499770,8.393052159568300,0.8277287089621730,1.1372807532452600,0.514488599629472
0.5369922821739730,0.9733420063295230,0.6811446160177130,0.6608957025888570,-2.084253123497480,-0.2532333188651410,15.066929278270900,-5.330694765670590,6.728969933888590,7.910447073900940,-0.6094802575286930,-2.15712493907813,5.618707664947040,-8.807149739541680,-0.3106866776942150,10.007737279266300,1.1466326608643600,1.1608113885395400,0.36533717690428300
0.6927546031643940,0.49188075721144800,0.5950892030066500,0.6488523277212910,-0.9684851563043660,-0.008123404224071550,18.590581514670000,-9.217838791302360,6.907325782270280,5.037947116098520,-1.2919065978492600,-1.8224152381140500,7.789448923667760,-7.6439008068653300,-0.6694949720480720,9.614363211502770,1.1272871230249200,1.1916633527631200,0.4493000800580190
0.5351387233544850,0.7462308949191460,0.619617309422365,0.4767264139196970,-2.4285487009720700,-0.05678808702142760,17.222152161856900,-5.582213809227920,6.514867986053720,6.518774954420830,-1.8825183639079400,-1.6436634740749800,5.98973700522338,-8.690582054717940,-0.7672032978908350,10.620036111421800,0.548739784371152,1.0717017072557900,0.3462852353979350
0.7758840204530170,0.7611620871938250,0.5599916934933850,0.6229721818786440,-2.084290460116710,-0.21792467920958000,19.119669287931900,-9.201249119648030,6.789275235727890,5.303597377456810,-0.5933155660837400,-1.8476777375229500,0.8956610056160780,-7.694545100887900,-0.7460182392334330,9.646751108424330,0.7334124489077710,1.1687719440003500,0.3890033402674150
0.5963852892386360,0.40586872789503400,0.6083068696007900,0.3654546642926200,-2.325495829936260,0.14275244975908100,21.138653209645400,-4.7962899362642600,6.560909067974060,4.36997715909636,-1.2451268060795300,-1.6687879978294700,8.316517897736240,-8.669787723872090,-0.35107585782051200,13.572442719499200,1.0633763119665200,1.1778298286699200,0.4910172792664820
0.7828291050021360,0.21184797913359300,0.6662904415843660,0.393596378693545,-1.1294372066658400,-0.23336930030182900,21.139810272758200,-7.434317625401470,7.397001414276240,6.626740913400550,-1.4883682195731900,-1.6911885855054500,5.11989983962517,-7.956236888481480,-0.5729591052586600,13.188339775083500,0.4422135768983880,1.1579056006101800,0.5852763393051990
0.584850862756458,0.9217045001818210,0.6130466990836010,0.4523840158786930,-1.4219011324041400,0.3588509281142930,21.237805098588200,-4.82066189929877,6.2437929049559,6.039434634114920,-1.6273413955237000,-1.6824417492099400,8.103211061443640,-7.360073827094700,-0.5637799347781860,12.10176065071000,0.4546516673280100,1.1179397322258200,0.6090277729437960
0.6221953956623890,0.8458654789774960,0.6179660268400200,0.6925375906835150,-1.00024836989347,0.0835118426823917,19.50589144827910,-6.374842084764300,6.201241310244920,5.961113510510570,-1.619383816213040,-2.1808060571002200,7.268798652805230,-5.404834809257200,-0.44213160350250400,10.388211326433500,0.34639582815361700,1.0801268011278100,0.9956388043268360
0.7131265025327150,0.7907504538544750,0.6170026045799780,0.3352601019213230,-0.5442615000350960,-0.1650274235014660,18.384676581589000,-8.275369872162560,6.782959717777780,3.34690618767289,-1.8882969433451900,-2.086008579920370,2.928663426665440,-5.857089144719190,-0.5539417536353560,13.872851772222400,0.3388468409174970,1.1745982170850400,0.499011804732567
0.634458879578693,1.073352265153600,0.5272625115186470,0.4231843380048800,-1.9452084985212200,0.09387062901580020,17.359050532276100,-8.641092937671590,6.369219749522550,7.666220761742410,-1.2842349691425400,-1.5959437032291300,6.918237036907190,-6.065394707689510,-0.686900892486133,12.836081079452400,0.9479143828941790,0.8062812372928280,0.8762348318447900
0.6736208863941030,0.9046308816264440,0.6708055781269540,0.3934620528564970,-2.2181774814786000,-0.10944306991394400,17.35957928543990,-3.6178941502247200,7.071188559224890,4.117786196067260,-0.6349226800497830,-1.9292093480248700,5.425665889650790,-7.4054555242360300,-0.03112871520498690,11.535458241849900,1.1659565114665400,1.1912199083244600,0.7975629665993440
0.7479358243517600,0.38673467728966000,0.6698283032475750,0.38275174643854400,-1.5483047621050400,0.13534067321144000,19.54295872405390,-2.928803385015640,6.564278976390100,2.9031177592253100,-1.3635216315085000,-1.8411233410889100,5.262375132503360,-7.412780503414120,-0.08256848937803620,12.207349552546500,0.5472798858925760,1.188707623087260,0.4248148565057740
0.7393981862580760,0.6133664293347610,0.5245571145468890,0.29623476445900600,-1.083771421147270,0.17449380903153700,19.77990314422230,-6.410162652269950,7.0724213080265,6.800464351698820,-1.8563916093325100,-1.6905023758336600,7.701464235376740,-6.683691407979420,-0.4883994185756830,11.05367524979450,0.569291104992408,1.1046389612066100,0.7257078376417740
0.6119071794028380,0.7583964217344310,0.5796202940155250,0.6375018043767710,-1.9280277725374300,0.04315829387786190,18.407017638434100,-0.9631838345856590,6.820514514852950,6.815103179687770,-1.5394485816008200,-1.788749904891690,5.981240587144550,-6.219256153948350,-0.012872677396263500,11.660981653683600,0.5094488995711740,0.9959916828611770,0.748152934818766
0.7247178914131830,0.7748922226845670,0.5236289565033040,0.6082606499712330,-1.606186809088610,0.09838090752311150,20.24065804416990,-9.347350243151450,7.224395817743870,6.969218605594390,-1.198782378347580,-1.7134449081731400,7.784606656617940,-8.584513333842430,-0.4699972852929650,10.608544632205100,0.7372000564716650,1.0859616172272700,0.9710269663849780
0.5126554128295670,0.732591064287602,0.5557636106859720,0.591151925293001,-2.4871202773888600,0.08260525619200650,20.76739788404950,-4.931969121122890,6.651935989123160,2.4401800531072900,-1.0752331725735900,-2.024462150903560,5.099745607008170,-8.0695396618305,-0.26387364987080300,13.244991824247200,0.43451705599537500,1.1493891024594900,0.6618336414295670
0.7529573394281280,0.9683275210240080,0.5966045510684390,0.3987827698244220,-0.3509417160422040,-0.035577540940496300,17.664373314439000,-6.548596938316170,6.85193203793949,6.251874752144120,-1.865600799226070,-1.7541313934080900,8.314652393498900,-5.3816269780221800,-0.8188772580125110,10.03925922444740,0.5526765538808170,1.1721107938076100,0.6873089337788300
0.6995648756126850,0.5810612724502140,0.6819260593657710,0.24089574487027200,-2.3354291705723500,0.016204155679946700,20.529846099339500,-4.758304460079900,6.253563709614670,4.731182145426920,-1.6058732214429600,-1.8154152055928200,9.579922344702990,-7.4882254283611900,-0.4816841676680210,12.805607344617500,0.39485214795307200,1.0634703656635100,0.4780027778029030
0.7994916885165840,1.0810535538949800,0.6910536816779210,0.6518968714285450,-1.5147151966578000,-0.19898095689299000,19.716066689714300,-5.478039519313040,7.155050177387050,4.191452421322590,-1.3896436881901700,-1.6092062359143400,9.215799589305660,-8.344076704010530,-0.33966748769466200,6.902172357518610,0.6342068319053650,1.1141681071112600,0.5801650952754330
0.7329857174635270,0.6214221089384660,0.6375319706202380,0.39811336180092000,-1.60460482580125,-1.3769338345552100,20.220050663262400,-9.733396812760400,6.464360759246800,3.7226405509089800,-0.7074457093979630,-1.7504151017538500,2.3249115680274100,-7.455131280382810,-0.9091504558991760,13.091680439369200,0.9431559340305390,1.099086893422610,0.9051324717149810
0.7705268213523160,0.4743281631507770,0.67902623802288,0.4050913291002860,-1.2238775859115700,0.08365265616924020,16.725662598255500,-10.512096619463900,6.802467972885410,4.812481733560920,-1.064578768112350,-1.7260884150147900,7.301674744002440,-6.474470074928780,-0.9893684807999330,10.905179122574200,0.9727047975957340,1.0407491487105000,0.8201840166963000
0.5645794371950820,0.6680487386925550,0.6276806714750800,0.6302215429906150,-1.391757668815580,0.25953083402139200,21.236517802209800,-7.301338268456010,7.055060388392300,4.578381073699940,-1.1240904491956300,-2.1937127421996800,8.933534960176650,-8.498736065903280,-0.5723369445178810,13.760640871968900,0.8645940380978060,1.1719184839994200,0.8164707377970780
0.7437421868307770,0.7224955664522380,0.6392565354009060,0.27411165861102200,-2.2141180735070300,0.15043352619785400,20.036763513890400,-7.012253496106680,6.839840262373570,6.681190420477700,-1.1812463807136300,-1.5564211935395000,7.635273738010310,-8.091786208266700,-0.42163969361446300,13.134769836232600,0.7731727178862510,1.1776133434428300,0.6147755801737310
0.7874332504068380,1.0216311900216200,0.4538088721180930,0.634774072373223,-1.868819564944170,0.47636899124402500,20.3937402078188,-7.317710536588050,7.502835635887300,5.7685632771786900,-1.8421821948024800,-1.769044091953990,9.373806888153220,-6.979739743660970,-0.45664814402130300,12.627954469090000,0.3708518698306480,1.0778375791327800,0.9522238561537320
0.7144325801914290,0.7809212694147420,0.6783354186211380,0.629112454428677,-2.4395361914729600,0.13839647155858800,18.315564657084800,-1.8916437690099000,7.5563474000925500,6.5478348558218900,-1.130357948765030,-1.5450716716000600,7.678447296575940,-6.730354378957100,-0.14268077894936300,11.343196698626600,0.859941742762107,1.0223610380020600,0.7783074867054360
0.5067082244461140,0.6645447704763310,0.6843948722043940,0.32589344164011800,-2.411908440994080,0.02857219885301950,17.89729050788130,-3.41751498913838,7.166789114243510,5.0316862845971800,-0.7631368766149000,-2.127905166294310,5.573821489919520,-7.081096130222200,-0.2899474972837300,10.97043460917200,0.4169552693737420,1.1375475392135900,0.7224457742102380
0.7817857496194360,0.9149071864826330,0.6018046755059320,0.46783713976661500,-1.5634163827629500,0.35579841104026300,19.634389233059500,-7.251729908821900,6.6228233746875100,4.306108966554440,-1.1747351184519700,-2.0452730400353800,7.898148766164260,-6.92046141187224,-0.7783711001858930,13.578314062243800,0.5370097530060940,1.1082391971927600,0.5060780404876660
0.7873247377096680,1.0102756396084100,0.5958582507593690,0.6198780537877110,-2.385569977974710,0.028287587274878000,20.77188384888980,-9.28709231925438,6.832403911484560,5.422693469427000,-1.877984044207130,-1.805378536465300,9.220247390234340,-6.978620030464920,-0.7638212866066940,12.750501747154400,0.4153472103832640,1.1403285170293600,0.6028561288436870
0.7175252617049230,0.3977136411229660,0.6115477504508840,0.304927193904339,-1.8559155056772500,-0.40486212628151900,20.672654975481300,-7.327563667545160,6.050860326421760,5.558009222857140,-0.7591292068362400,-2.168025932831400,5.273603788362110,-8.029887328462040,-0.8869812133267780,7.349986906397960,0.49993726645575200,1.1038729486045300,0.681263431821528
0.5862028190955340,1.0709868762228900,0.6862638138713540,0.32681935080320900,-0.4072094289391110,-0.08293624607267650,21.815119353092600,-3.548051332937720,7.1328473964251700,5.662434078033870,-1.3698531083434200,-2.1627988066875800,6.580217830167760,-8.15870533365842,-0.09977185163556250,9.653745102252450,1.1720940943969200,1.160290645290580,0.482108965489928
0.6335957782648160,0.6117916492718560,0.6325637783953880,0.544993944270809,-0.7333278785087910,0.18345623022122300,19.329422875327700,-7.230942726242420,7.414190576693910,4.733324752570480,-1.6535882209129400,-1.5892281982352100,8.167024689841450,-7.66455171701756,-0.47952310113986900,11.034377662802300,1.0567173724386300,1.1328162181160300,0.9607620797706440
0.7031906919377540,0.505804128453406,0.684169140295055,0.694436916471503,-1.833630600533210,0.013912571658776600,17.48950455871530,-8.014484414652380,7.699134875320830,2.2913712138090800,-1.4971068683142500,-1.922237485895630,5.456755117121130,-8.444958168903620,-0.5373032396134920,13.41428400341850,0.2452825174204170,1.170984197228470,0.9274763602843120
0.6552228649875970,0.5089042880399220,0.5984331713808840,0.5905021140776750,-2.105692553517580,-0.03948468143473030,14.206511890616300,-7.9960677305615900,6.4108007934351700,6.058913822618840,-1.7072622248880300,-1.6418425679519900,5.044869218230550,-5.422667440224650,-0.5986289853977360,10.033598500398700,0.7384006067340780,1.190551423615520,0.5339068902740550
0.7356704814634170,0.2518576914641510,0.6024446504558550,0.6071071783707390,-1.5583855496103500,-0.2118658777127720,21.0161860241543,-9.28784170808788,7.266546077446710,6.172815225557720,-1.5388279838564500,-1.6800146468295300,1.1380847134500000,-8.582638112502630,-0.33685092697677500,10.753558620976100,0.71758205843069,1.0635188835270400,0.6887926343243640
0.6253171528944250,0.8333810819584950,0.5585246454485950,0.4810219194639150,-1.9907529103618800,0.11073570175338800,16.339044305470000,-10.19559185134740,7.222004254604650,7.395085300756580,-1.5400633816389100,-1.5726349592489900,8.41939759957459,-5.479113075750920,-0.6360500688935440,12.296117297364900,0.8948277210176480,1.1735208522419900,0.6601288118121690
0.7036318000091490,0.8986105336925710,0.6090255242760560,0.4586387525547670,-1.2397917370845500,0.027990061328882200,18.87898329395540,-4.423742294853470,6.111080821398580,5.9637295497465700,-1.6219674195394400,-1.505069769269150,7.899382079106170,-7.40503028752181,-0.594770103054299,9.768792351421210,0.6780550361797360,1.0465221551084200,0.596239775587488
0.6684631213998280,0.6355376533715470,0.6954408602490800,0.3981400719913710,-1.4007415668974900,-2.5176796000676200,20.59718166211110,-9.282806240344030,6.17656800075072,6.62808950798267,-0.854527750386725,-1.8364284747876900,4.778665403178660,-6.243501146484100,-0.9889126376644780,6.705653720736240,0.44608173047518400,1.1169426825794700,0.6602451753208310
0.7670826411580910,0.8950519229369980,0.6437243644687430,0.6230102909300410,-0.7673845748408830,-0.42844374903149800,17.263420869945700,-9.321304226331070,6.013072101673080,5.553014664141630,-1.2579494214160800,-1.8708527260693500,0.9823470009384460,-5.093361423721010,-0.8323718111622250,11.399804892146900,0.6653411395263020,1.1502881006133900,0.8706017242683300
0.7043577617555970,0.6503280341942340,0.6071254167542940,0.5054474194807900,-1.8521700607876200,0.036731696759816500,19.00600892020910,-7.561013460296340,6.678008997849540,5.745455664303770,-1.7040682007550800,-1.9296681104430400,6.330030399433070,-7.811505825350050,-0.5672912161087960,10.032271399251100,0.3905693973353410,1.0854092983762900,0.7867989481085380
0.6881808408008480,0.721259219428494,0.5961281893885500,0.21304548508473900,-2.386677258488380,0.13815356221590900,21.441003180466100,-5.400693641214780,6.9555304297880500,7.1125379197890100,-1.612412470760410,-1.7689871464413700,7.8089311588130000,-7.26079918764014,-0.27981969457637600,11.938134364851300,0.334422455957441,0.8334258689368620,0.8765022486329190
0.6753157263763370,0.7175318469256430,0.5120648017292740,0.41787793128621200,-1.6682379546415000,-0.5628938812328940,21.341188411812600,-7.3211698129461700,6.447931771565530,6.3823847184814100,-0.9032127744977610,-1.8709987079811800,-1.8316667244377500,-6.960853267897590,-0.4280840846978530,9.24330034421979,0.731341872795882,1.1400587409401800,0.6683926754127660
0.699090954610014,0.6018649296499200,0.538731988570294,0.5564393684994430,-1.4693804304345100,0.034318740507739000,18.68057208583800,-7.165441366352330,7.020093989493800,6.080032808046890,-1.9148226518378100,-2.005246272746740,7.407923129273140,-8.820932516183780,-0.44531239915272200,8.453258602811470,0.31415616454070700,1.13685590726058,0.4719693198676520
0.6685892116895540,0.4315436464350740,0.6557464251725350,0.4865281176129790,-0.9509278661250560,-0.0023729465344159500,20.530198767783800,-3.951635029392130,6.6244764767345200,6.13733985681824,-1.6241089858820700,-1.7117959103154000,6.927152410875700,-5.9648298191841,-0.291876950688299,12.061383792028300,0.48397143015551800,0.99438468722163,0.6865695361844560
0.6949549828261270,0.6778401957889600,0.5493520719806130,0.3482150064752030,-1.7766171907175600,-0.020233058645598400,16.64077842169470,-5.80106755205294,6.988733210277730,5.9250051322806900,-1.2793776947955700,-1.8220324390526800,4.498215133448140,-7.107651837303170,-0.5358312117631610,12.282427546100100,0.705176674615468,1.1802753067670500,0.42250289547963800
0.7008059914221510,0.712681172553143,0.5723991693393580,0.44041801804160000,-0.8666587530073330,0.045070977206749700,21.70396089564830,-8.864606180287550,7.219493150780180,6.696184390696200,-1.8603345136864300,-1.4436941070970200,7.180881481845950,-7.058079501785960,-0.7962447699725270,11.979934403212300,1.1118677656125300,1.159846329313990,0.6401411127380680
0.7379238055125380,0.49253448235121600,0.6544492229652370,0.5611083098135740,-1.2153447326666200,-0.33737963298750100,19.43666020296540,-8.885601974638020,7.2261361847352100,6.621013834329550,-1.1369860742761500,-1.948868229307160,1.0951893219658900,-6.616986330323660,-0.8190259884053920,12.99359017088200,0.715582699311878,1.156730828432570,0.8421746040594310
0.7881802295696560,0.8598206470849970,0.5015199823782980,0.4794774060759490,-2.052667536195500,0.3546688427413950,20.431802643761400,-10.876230778275800,6.270433769388800,5.939632319441360,-1.3874870560281400,-1.5016155055689100,7.443832498772990,-4.341070359656160,-0.8568317661682020,11.84543153562620,0.6440557410740740,1.1484523183137100,0.7786235852352210
0.7871024424539180,0.48273084192349900,0.58668365215399,0.5156357343956800,-1.9612876776641000,-0.3552882639605010,15.379891665521400,-7.3490123359137500,6.498189565957,6.599919718121370,-1.5940557028178500,-1.8857773082979600,4.3255742430435600,-8.885371793991110,-0.9378281181030700,13.083414217550300,0.4516191903631920,1.1892524533445100,0.3437822410967680
0.6612871493631660,0.743908472832471,0.6375516827350890,0.6301684429345950,-2.152711046005000,0.43166217495961200,19.815754552122700,-8.23128948946901,6.9617274111920000,7.152973158190420,-1.2471288728040000,-1.8311458352284900,9.264401236462630,-7.221174620782020,-0.6901904435734620,9.979131993310320,0.41549901613266500,1.126460735198360,0.6882640027892520
0.5057908892190900,0.9368484443836620,0.6940448477492800,0.22969351486681300,-1.6842436629822600,-0.2683987672700930,19.775351273956300,-10.394911640563500,6.480567481884020,5.259186943563540,-0.7769065244050350,-1.848514804015260,5.5548789538593100,-6.707217629624750,-0.8522343647582770,10.162358941029200,1.0364457971624800,1.126633277463920,0.7556022325783510
0.5383115469757910,0.7291782998298470,0.579318509099212,0.43639524416814600,-2.3610338191574500,0.10406750358473400,20.519664330903100,-7.939483469947460,7.323919768657240,6.630494197505980,-1.0601094393163000,-2.097822605751390,5.052539395818030,-7.506935258358870,-0.5252309805183630,12.477204374028900,0.28253247246376500,1.1725618934631300,0.7290990335608520
0.6189508176278290,0.7087618124477740,0.5485742726840750,0.3887444156420650,-0.9522980151229370,-0.19455256696849500,19.8857017957491,-7.345866528164240,7.1416517958150400,5.075070452215760,-1.6557852619733700,-1.6969923143847700,-0.7957067646102220,-4.859368677247060,-0.5727141489611480,11.103310661589200,0.7288600048184940,1.183818351854390,0.9723448741104160
0.6010113701385130,1.0283070230552800,0.585588918972774,0.5164104712371700,-1.9346078997379300,0.38072183261705600,20.369293885135800,-9.150247904888100,7.825678263924440,3.3138749334111300,-1.8994355520725600,-1.6980561095187800,9.131913661206770,-3.2838470359093800,-0.7449367983325750,12.437451362989900,0.43774636772922800,1.1722768349943400,0.6927429642912210
0.6737758692148830,0.625432244679996,0.5423432745257460,0.47300127871016700,-0.544178719522993,-0.26258306244208300,20.57427406192510,-2.9576789747166700,6.307578276609680,4.0799853168022200,-1.8538696160096900,-1.8576804707048700,3.9678478427105000,-6.778730610844120,-0.2435374417014030,11.09080160514130,0.37141869045895200,1.1641066494786900,0.3873209200884430
0.7963289328389830,0.9852897996539060,0.6037289002441180,0.6611293533522140,-2.2193861245280600,0.44031238654978800,17.45140721257640,-7.731417263622160,6.576472732444810,6.0044134848684700,-1.2973374731161500,-1.6882181978101600,7.719461414586580,-7.34517816910861,-0.8290459319755710,12.215133067330300,0.4223008510272010,1.1966645611756100,0.5338419782467510
0.6738923328479410,0.5777121175242460,0.6607835523774450,0.5050304624196020,-2.0110024226957400,-0.012801118251918200,20.31182338223810,-4.555347365801500,6.66621032142845,6.339620699314970,-1.56350581193562,-1.5471712527006700,4.944244333240680,-8.348084107687530,-0.6107059618798530,11.220479740613200,0.7895458034178120,1.1286309433864600,0.6352386404673720
0.764158321707226,0.8068744058001230,0.5317151321399080,0.517944469771123,-0.783493347617608,-0.38874423580022800,21.091993182868200,-4.994706235254720,7.564317279986520,7.093445888344040,-1.2781395034272900,-2.167405163050960,1.251744732020540,-8.322898928426920,-0.4401163796048200,12.809570468811100,0.5035084042633200,1.1514571589155800,0.6407708709535090
0.7044394066523990,0.8065469310383320,0.49123930469214100,0.6405354493481340,-2.189622627432350,-0.11502306472313400,17.087201677610500,-8.574977451064900,6.177080394036080,3.8057664865627100,-1.5616749186748800,-2.027242285502810,5.5811853011430400,-7.578787821006980,-0.7684165128682190,10.32751634196520,0.3937082937727890,1.1659191057821700,0.5433649966523550
0.668186764779032,0.5895443924944650,0.6044278928101900,0.6292884572785940,-2.203746158324650,0.1996053479970210,21.597450842068500,-6.50382499058658,6.342301872527930,3.780843702107050,-1.200527465160780,-1.5355829668431500,9.468332937722300,-7.896289972724630,-0.8303090546582820,9.856484222923870,0.7526995246873530,1.1500562428884100,0.30145883217153900
0.5279977996296400,0.7773490596111150,0.5552867777235820,0.40285812746693400,-2.4285129945104400,0.24618404260889800,16.944878649982200,-8.575125229853750,6.499293220116890,3.8668918917490300,-1.2690580194835700,-2.1395806484393500,7.564726992422290,-7.902492102633190,-0.7772052879661660,11.110032833907700,0.35151695934389300,1.135848296501750,0.5619698893001930
0.7657324854743330,0.8629644049892340,0.5524883778941240,0.6403838653228570,-2.395074500658750,-0.18487103045445800,15.242264101101800,-3.0932103140675400,6.401002738361790,5.826131855414130,-0.8222414849968120,-1.8573633476216300,1.1489569292233700,-6.37239825900787,-0.07930699239366200,12.161229505811300,0.6906157963909850,1.1314564240513500,0.7618325601615250
0.5367957192322400,1.0293506118966000,0.6027199145914330,0.5592481196939190,-1.8575113473955600,0.2612551953940950,16.557549466356100,-3.299839577146280,6.721016695029370,3.759930062683940,-1.4578463544647500,-1.7438824059279700,7.6305859801962300,-8.518889710446510,-0.5272971819279250,11.937307841245200,0.5321956003781810,1.1461974285528500,0.4749688565006460
0.6808369197925530,0.9615656594444350,0.6802054733557640,0.6156183534279730,-1.2655756333775500,-0.026533627455223100,19.325045685214100,-10.26831657326100,6.5383486795816700,3.3829751914437700,-1.1242557017922300,-1.7975336639536300,0.9928635927739740,-2.9305390578381000,-0.615703107944448,11.842785699461200,0.7849701450503070,1.1947002552742400,0.645073005597526
0.5408075858985070,0.997399390434706,0.6997350235937310,0.6286576832282580,-2.1210432829305700,0.06453000451585330,18.581021611947600,-10.935528969831100,7.4041904105306400,7.2266818838887300,-1.5330918649190100,-1.4787462839799200,8.896299609812900,-4.68520698863086,-0.6791659250233900,13.270012827138800,1.1249519414704100,1.1831302552038700,0.8974381467884590
0.7151844190020500,0.8783574663493650,0.6809666887631960,0.691268985191391,-0.940558366403843,-0.6446518866027350,19.072761600574300,-2.4792281322869000,7.150179919606260,6.321073683086290,-1.9422116198973300,-2.061194307183910,3.9009663619676,-7.791520770891020,-0.2078099039157490,11.547913508654400,0.26117731266765100,1.0501150396046100,0.5834102626434170
0.7827540180241180,1.076425530175080,0.6636791219334690,0.6799282225719930,-0.6536185938487700,-0.14373285176468000,18.24092683874170,-4.474561372194490,7.349002796280080,6.656576679947330,-1.2731205555659900,-2.197908547878680,7.159330497116410,-5.832847251397920,-0.4213867644475330,10.066743501059900,0.81178311149041,1.056579422436670,0.45961333967012800
0.7978692180323010,0.8309563766125280,0.687575203680925,0.33834123330505300,-1.7747970909436900,-0.9871132170137840,20.591570940867600,-9.11519348092525,7.420587776246320,6.948945854462250,-1.2083214730289800,-1.7837020846807400,-0.454646730029294,-7.717281831566030,-0.946015384034212,10.064858196420300,0.3586701782995810,1.1260871812797900,0.5499114416803890
0.6535338273706980,1.0117672329781900,0.6204937037060170,0.6132949662811340,-0.7823384917697100,-0.09290035744215450,18.6831420010087,-1.7078376008978600,7.034971622523350,3.65494747065177,-1.4771737806335600,-1.8804419330567000,4.768518500193340,-7.952927949938050,-0.02276714014217900,10.790034835941400,0.6540624054056790,1.0537469335946300,0.8091665242434250
0.6723635167929950,0.3607617197486040,0.5581533047000270,0.4889993729728930,-1.3877492806185100,0.22718889547634800,21.440440359414300,-10.677291368628500,6.0387787548986800,5.873036387144230,-1.7183991500294600,-1.99461546958528,6.623136910099470,-5.07503427760796,-0.8919776880466320,11.700006783294800,0.3315085694017350,1.0076691391421500,0.49317375683421800
0.5921406604877740,0.7389706804888100,0.6168444982357390,0.5368795877372800,-1.7684030859282700,-0.06808069830072070,15.331012669139500,-8.306884252185720,6.344176844526850,5.570338522570590,-1.6635452439298700,-1.981895079652000,6.737864075577140,-7.750059989320770,-0.6293551051316350,13.702518244316000,0.3165211372543110,1.1995943876230800,0.9261503870376300
0.7519890136977380,0.2979277612863370,0.5749066418816290,0.6075509380755050,-1.5108408095365900,0.4553861383224650,19.371880675153900,-10.766738554411100,6.544457607648840,5.6523603513428100,-1.005186692186370,-1.6153996685827100,9.779463830493260,-6.671924442803240,-0.9126705384873460,9.793955441235210,0.7476461245220120,1.182739126392650,0.6641797897711930
0.44429504928661100,0.8538780602989830,0.6537370297887530,0.4618926827834630,-2.2767715181527500,-0.70638205718575,20.089049265692300,-8.064658112213940,6.914607406592450,3.5163667486720000,-1.0184488345517000,-2.0539688125390100,-0.7826561999611290,-7.461606957258660,-0.6708540005231090,11.174207546347900,0.31791370567114400,1.1871497789590400,0.5863516438802090
0.7272458997808460,0.89973271239298,0.5903914537584660,0.29093358225719000,-2.1005064595440000,-0.16721271189923500,20.580642419765000,-7.843843008271660,6.249956943000920,7.251078617236050,-1.726937841694530,-1.560770860508990,4.932718630855700,-4.923916644728640,-0.7366764410530110,9.79096281786823,0.5118082834560800,1.1833058152058500,0.5358392433026480
0.6382586376822810,1.0937599195346300,0.6374806107518530,0.6188701075397210,-2.3734454484155700,-0.1320524633975960,21.38793137230830,-9.63174223010284,7.3740903604016000,6.7108994710937600,-1.0633630448242400,-1.8425701314267600,7.925523791849770,-7.218059310236330,-0.5948477288889720,12.43020877673880,0.4764781741356040,1.114494226008760,0.8105377701143010
0.7267749701787230,0.2782792424165410,0.6039904460489400,0.553017049135009,-1.8803821600944300,-0.6171070759184300,18.946277015992400,-8.486354923983590,6.314608834071730,4.344230582671170,-1.9486484363884300,-1.5807370818584500,1.194090408396940,-7.0640268335768500,-0.8013049708326500,8.980447606876440,0.5355848005463450,1.1573295516929500,0.6910371866713470
0.6561880927208760,0.8200280359717600,0.5524631239159380,0.4659814050836340,-2.0674624080761600,0.24215864046905200,20.189241462522800,-5.0899134819372600,7.6620260887620900,7.507394415666950,-1.230734803160160,-1.4648479581996900,8.97853481114433,-7.799314249661000,-0.3288678173878290,13.716459072050800,0.8268306198706240,1.1695669683682000,0.6691660115310680
0.7068083486940280,0.842820966339101,0.5875262097089660,0.4187367282282090,-1.5601285315900500,-0.486386011965451,21.488639878495800,-7.5756558532069400,6.168091400404970,5.770228869813490,-0.9800854886645730,-2.0655245443965200,5.45267457877449,-7.766082184334750,-0.9930878493797560,9.635844759418800,0.3648445539657890,1.1891444422533400,0.5839647830780600
0.7831590157783540,0.7778980090974130,0.6449934734444440,0.5123109759106480,-2.169862216993040,0.2214986917246750,18.440489261314600,-4.900960817276680,7.487283358089340,6.391065909352060,-1.1359308139742500,-1.76031412325358,7.834936240361930,-7.7174714759749300,-0.3422647626651170,10.952940408016300,0.9440349017171190,1.086722487656970,0.6838810509046710
0.7796860289713810,0.8893805076641760,0.6776102392098600,0.681830461311234,-0.5539950570998520,0.08712631050455110,17.044557704500000,-3.381033540116560,7.04719420358393,6.660291293962260,-1.6262586883883000,-1.6044782664997500,5.582577876858980,-7.953037919112390,-0.2663900570555980,9.012436757361210,0.7575691109610800,1.0754179793487400,0.6209754702835770
0.7764203775446500,0.7438636420878470,0.5915153798219030,0.5743698778420880,-1.7210436351281900,-0.05484408946348750,17.85956259898110,-6.492819005092980,6.133226559334320,4.831267023108000,-0.90182654672049,-2.0576551945544300,5.217181806528240,-7.206845552409620,-0.7059599076771740,12.09821967140930,1.0868287684139600,1.1678191975629900,0.35360835522071200
0.6874645515447330,1.0788402131340800,0.6415639096109270,0.3684146482510590,-2.2990415113535300,-0.11679952341782800,19.759032222549200,-8.829699970642760,7.513979933585350,4.855906469794690,-1.9895737531852300,-1.9343301238507800,8.709789730239780,-5.430474060240930,-0.6080424295794070,9.842262873774470,0.33890580329343500,1.169934121518630,0.5915337333790840
0.638677115445019,1.095103318422460,0.6337713409404950,0.386139370993007,-1.4453310874895600,-0.207728097228337,18.07316628435090,-9.29395969927548,7.398632830005460,6.958023175551940,-0.9432257902314820,-2.143519787204660,3.6455881378558800,-7.78703242108645,-0.5304046190782370,12.25079595486670,1.0652464682531000,1.0154379509391400,0.747199991091344
0.6522979409331240,0.7941351448186420,0.5088171503334350,0.6005963753751060,-1.5909323752719900,-0.29846542024813200,18.784315107090300,-9.486493246385990,6.359633296160870,5.898905807814240,-0.8774417371649680,-2.0676939591676000,-1.1991049940332100,-8.2478804753657,-0.5183214034831330,10.596809769978300,0.8244750059678810,1.049068279830900,0.8771473066704370
0.7877791431847170,0.3279451576709420,0.6329689794214450,0.27417964317298600,-1.4589910263039400,-0.36704851749460700,19.022696035904100,-8.549992418335370,6.379495472807990,6.621021678829440,-0.8946491285844970,-1.7382779261227200,6.666350198729930,-5.03615999238736,-0.8950290695349580,10.906353170898900,0.9388678056556430,1.199639862572030,0.7076491749258350
0.4936892871893420,0.3566909779055680,0.605969113012451,0.49047994112736100,-0.6287184453358880,0.3244676133633760,19.740188725151100,-4.842220858869260,6.799039601652700,5.845563600803200,-1.409190017657480,-1.7649636988993800,8.845880566565990,-6.324054405670750,-0.08760162181938060,11.74686165729780,0.7871790699037020,1.0982258235441900,0.6853768170305260
0.6742229465090510,0.704649594615457,0.6134494876793660,0.5427938310218800,-2.2490910065658000,0.06210897222566160,18.965858120683600,-7.808320435555830,6.413614840778590,7.389180299864010,-0.9579412576401070,-1.6381057432724500,8.412845903443700,-7.619278231571080,-0.5153169605948270,9.425812298805260,0.8067354986574740,1.159645459704030,0.41595392675681100
0.3469715089401760,1.0610036281957600,0.6302945022096600,0.6889406729448310,-1.308764073300800,-0.22758337613657600,21.04439930018860,-6.836706424559220,7.076076030969100,4.88824113815723,-1.181444650715100,-1.9405625280597300,-1.885194250204850,-7.251759500744990,-0.35908472747253000,12.742376278392000,0.8527152897474660,1.143293934881580,0.594877528272773
0.6226318592204630,0.9703274227862480,0.5974088172275360,0.5827815394471920,-1.558602362482490,0.28581554997225300,19.632125454602000,-7.479138637215940,6.7272221293231400,6.050890312219380,-1.7591233342483500,-1.8847632413877300,8.72747582583489,-6.4680600846243,-0.6855350215193250,12.240399255324300,0.30600491049052100,0.8710285816752130,0.7690885124569760
0.7922657063116040,0.6454241910438660,0.6314423252587090,0.5452003745800370,-2.1520490554003100,0.021807931986503200,16.42698517680520,-5.636405592519020,6.092269063303880,3.9028458901617700,-1.6456814446674900,-1.970466274491290,6.478954418916530,-8.357417737781560,-0.5744359447222690,10.444076955151400,0.2688243157643650,1.187844396581240,0.502790779957759
0.7285798229417740,0.611645562482398,0.649970724426454,0.24548750334325900,-2.017972287340370,-1.0145815314742200,21.23629745561920,-6.720207417701570,6.355428273544940,2.2454000901602400,-0.5405381380268370,-2.007344543079500,5.996759058358460,-8.61800286198184,-0.9353224857016900,9.314156401209690,0.6626229858166030,1.1014147319511300,0.5371713525641700
0.7871766903805690,1.0529521172104200,0.6372675247170530,0.679212468950965,-1.2771137153421600,-0.624119392212204,21.840686889146500,-7.830551396903190,6.378051413529600,4.687242362738890,-0.8927686136479940,-2.1937454044448900,7.678298347313170,-5.9761835888242400,-0.7398958259495230,7.073836194671350,0.8291111881194640,1.0836477283822800,0.8327735601336830
0.6931849995704780,0.7438545474495310,0.6327254452873420,0.4791463032698930,-1.682793842105550,0.4226928704816800,19.09152142187310,-5.776558924124920,6.627660778184950,6.266053073018100,-1.4559243712010900,-1.827783849694530,7.925992108937570,-8.111246006933720,-0.4964672061648400,13.370461306273800,0.34176198717387000,1.178289173197960,0.8819963768451760
0.779595844697974,0.4199218948497760,0.5264419930241650,0.5976649186979660,-1.5888494050092400,-0.10335378425357100,20.102185929478400,-10.361513943054700,6.8631037304009800,5.766422065836780,-1.376863460884540,-1.5589067312592200,0.16434640562422100,-6.447816867094710,-0.7135874431363070,11.016102396062500,0.4942575173185710,1.157600412492370,0.6260022616752220
0.7079089881145510,0.7151892919511510,0.6505530048501330,0.25062328220553200,-0.6248625863559380,0.1507275736848830,17.33931690870920,-1.2193180710091400,7.803748286815720,6.723829434268580,-1.853635743996100,-1.8571397129270600,8.989236740978920,-8.241052483851350,0.13815465992370900,11.33663589563920,0.39797558731094300,1.1244649372748500,0.8929939671162890
0.7281497229723230,1.0180958330845500,0.5526628658098230,0.6448652067288760,-1.790546593115560,-0.2846266963615210,19.893590179669900,-4.7397965892285200,6.4352415674011700,6.347337224939290,-0.9132268376113540,-2.0388702875528000,0.8296483168641420,-7.8194709164516000,-0.4569206124426140,12.032392292307500,0.5994480159414310,1.062861106954450,0.7346660361890620
0.6697459471666690,0.2819945828160090,0.6290352412113870,0.24244364291643900,-1.6930532063816300,-2.4008729401122800,21.281209711873800,-8.426622048903040,6.203984720859690,5.9018676389188700,-0.7766568112303760,-1.8850143449269300,6.220276155806990,-6.725592494126110,-0.819602069201848,6.892245684878610,0.3691220686654420,1.1054112665976200,0.976389005156015
0.7484171760426640,0.9016315029514530,0.520968144873326,0.5450015929741650,-0.26632199221655800,-0.38994160132845900,20.627510228591200,-3.629044893234250,6.642845154249980,5.821822842696600,-1.6482695793562800,-1.8999816005161400,1.872338269953020,-7.099739517953830,-0.06567944635725160,10.706556153145900,0.43507627187025300,1.0571821334596600,0.9073510215723040
0.6352986069341620,0.7931934078430390,0.6438774080108550,0.6146362848982290,-2.1581084256986000,-0.5322100715750720,19.497811881553400,-7.568162239848670,6.377512376847230,6.127351097692180,-1.7064666984538400,-1.547863255241780,-3.252859790899670,-7.832964725305200,-0.7131185745432230,9.406227876139960,0.7879075408778340,1.1098813352168300,0.5336217900899410
0.7986789561398000,0.6609727466083990,0.6082338225820480,0.32971371928817500,-1.9944943748842500,-0.19174780631717400,20.65288304170160,-8.125920047781170,6.689592727376420,6.586794955848540,-1.528485708922440,-1.6243990638848700,5.712375105483860,-7.561464095666060,-0.7802472143916920,10.206581850448800,0.477481266055571,0.9642939634496990,0.7111015357731030
0.5789584533099720,0.6891463710502200,0.4976097650854750,0.3934280802229960,-1.426370698156460,0.19810847077868600,17.908874722827800,-6.352251687417370,6.539239576722220,4.463257612355800,-0.9579436752468060,-2.040857688721600,5.232465654594460,-8.462544320994750,-0.25330775894574600,11.524363245723400,0.9526467303822740,1.1743246772846900,0.8954904426134040
0.7026174298854400,0.9090144590742560,0.6092181073316760,0.4860622976684320,-0.8995806456937660,-0.05085832549939230,16.625916819957600,-8.819781221433250,6.657853610832300,6.852554367442850,-1.2859459760135000,-1.7588675432461100,9.007536223569380,-6.3414607452419900,-0.6611981606757660,7.53411904847129,0.9439151254007650,1.178300595618490,0.8429945114702150
0.6069585427227030,0.20041616551531500,0.5902602490850260,0.323682466231488,-0.6323634571425680,-0.6666522783335320,19.114140720897900,-9.122516906690220,6.327488821770540,7.1021060664588500,-1.34558437216117,-2.1887325043123100,3.539811062098040,-7.453533689120130,-0.7231836648299220,10.320073816206800,0.5543691303713280,1.1894385646091800,0.6503225089858420
0.5810260693400650,0.9567225995797990,0.6943416969814020,0.650767333710943,-1.776641310385240,0.22136610873372700,20.377651779835900,-8.44178403314171,7.442660877392290,7.92084024943405,-1.276117242249190,-1.5757610954373000,9.536898302523590,-6.203912374807350,-0.646621829899316,13.443128342823300,1.0805467197030600,1.0518607039574600,0.5618993975338530
0.6198015481337010,0.9727899738943890,0.5837168182980910,0.41216600251098500,-2.145307717528500,0.11006640547465500,19.11218489089370,-4.2363546976818700,6.751419685251320,6.092786809125020,-1.2020280246472100,-1.8620275617625200,6.718747814515610,-7.688167755647890,-0.14390303822893300,10.05905336778820,0.369444987906497,0.9933494123563760,0.8590452163484810
0.5933159625482020,0.6023929093300780,0.6762688310587680,0.6024286155404050,-1.3948615256278900,-0.14363491688348100,19.14403382986280,-10.211341549904300,6.085062453810920,5.546420815410540,-1.8328955608152400,-1.5247228958901000,1.0032134909881900,-7.593923970833320,-0.691214095517369,10.71975496485940,1.0026690020381700,1.1115236792157300,0.6289708915636480
0.2488296186507510,0.674226736624431,0.6049023158651550,0.3975521161503100,-1.7965152488958700,0.26173807948415800,17.599746414439000,-6.377215056687250,6.900101760221880,6.421697068870610,-1.1129988248562900,-1.798929631257380,8.495261110184620,-7.798363675144830,-0.3104608883039820,11.212964121285500,1.1574754545108800,1.169734645127550,0.7106481078124170
0.7429363594574060,1.0525472488357500,0.5565073408826780,0.38882181402542300,-1.984124402805830,0.09340018758110120,17.837672630702100,-6.4282248310100200,7.0475060409561100,5.481755983555630,-1.5777160015911300,-1.8680907746097000,5.218405102599700,-5.437669802371080,-0.1962387941637200,11.077616283314200,0.42193470241379200,1.1277221222082500,0.7655015441940060
0.6137153450665140,0.2732513683181010,0.5549054237647850,0.30392670913445000,-1.189461286554840,0.36270779532923700,19.847033232405800,-10.902813991360500,6.508584737237970,4.550002165765970,-1.0794452728372600,-2.0745460324833200,9.640205534465710,-5.537314337764610,-0.7769331133951690,13.250506721633200,1.116160329253530,1.1164645039151300,0.7715696784176090
0.40417357416798500,0.8573878384199170,0.6254729895905080,0.4821527580233150,-1.2045743068122900,0.37554825796459100,19.442622061157300,-7.7499426111463600,7.150844233066610,6.49101829665656,-1.2825181560144000,-2.0629488824422300,9.195997281295540,-5.758570560992600,-0.5736295294341330,9.891570811474390,0.5453275384587450,1.1811510626913700,0.5193630948941550
0.7734324644773610,0.7383404470140720,0.5717298021281800,0.3442360723025950,-1.3564852718083900,-0.4654313229575000,18.340893293636800,-8.17992780470423,6.497085898782170,6.711492962295820,-1.880974079726550,-1.6487586001353700,1.397992626880080,-6.96698492677751,-0.4879098153119700,10.798574667255500,0.5183835775138730,1.0988596610161700,0.9082061432859820
0.6436056865347190,0.947300255537845,0.5975293393231970,0.6904194788849140,-2.1156563057336600,-0.11333661750775600,18.94037932781190,-6.312254377944460,6.808972603959050,6.889287032153290,-1.0472894256940600,-2.1268920340945900,7.700695681230770,-5.8760007852238100,-0.4703137200338800,8.662367530107290,0.23132243728957800,1.130802394386880,0.6686920779813750
0.6848270200301570,1.0452222425594100,0.5312498114326210,0.20085340497660500,-0.6848296833950750,0.07009529917281020,20.70610692865030,-7.2280178825762500,6.169004979573890,7.221928531734050,-1.22895435130468,-2.1440490674711200,8.974496243968680,-5.478695448658020,-0.8188000285098750,10.38745948989590,1.0895581721946800,1.024355199938210,0.6497097020404630
0.7520201838792800,0.8170460789707910,0.6585788837776580,0.3080619567422950,-0.354563274728417,-0.36088891912206200,17.281554209529700,-6.206591538035150,7.017436475508330,6.475760887134950,-1.763414943504800,-1.6030374374142600,1.7451717764731900,-4.812262959134530,-0.4211029820778400,12.067196964257100,0.8956343181686650,1.1918904609067800,0.7933296951562360
0.7246227999714230,0.6571273026066910,0.6037486815021560,0.4521809129751370,-0.963208005486737,-0.33206182149653700,21.34220278726200,-9.646820520815850,6.874802527947750,7.222465532398830,-1.535338670836770,-2.072155663229020,4.588531490381830,-7.145563790244670,-0.7461854317501870,12.956766572164200,0.2829051206453180,1.0826242628567700,0.7002645896937890
0.767849198652898,0.3891473641263640,0.6319065646275900,0.2606416186750240,-1.402511021330690,-0.4013310132464950,21.226688429919500,-7.112410655475610,6.9783131828264000,6.832157052466630,-0.9469615156592140,-1.7856383468646800,0.18186269458088500,-7.5997338691415,-0.7360996572596710,12.173646352225400,1.0975790421448700,1.1506165849540500,0.6215528884345040
0.5885084224547880,1.022323738380810,0.6766314679296920,0.5650760928039310,-1.3018507549533900,0.10605285169128700,17.380982507737100,-10.89889662854230,7.664983575439400,4.996526531192390,-1.213858866508900,-1.804523814974440,7.072139114946420,-2.515163046790920,-0.6847653716954980,10.131450875950200,1.014864428262690,1.1173343740251000,0.5982936090252470
0.6544484048936940,1.0196533311942700,0.6756101875432540,0.6991598726245450,-0.232260606890361,-0.16934630895996900,21.160320155823800,-8.86062460727282,7.53500531596987,3.3595010859869600,-1.5967495246206300,-1.6974960058886900,4.4599973575816900,-4.600634931004190,-0.8489619301988250,10.598528642584600,1.1979730693169500,1.165233115499570,0.47126451640050000
0.7366831627506540,0.9565753494263730,0.5439125150242330,0.4350739833525010,-0.8327753473008060,0.01915523934748780,16.302432541796000,-3.5299067498305500,6.677598096856580,4.700101866950070,-1.6695490102336400,-1.6393041482872100,4.031967150633240,-7.7066155615038300,-0.2304237323966430,13.447393006855900,0.8103809929132300,1.197927177790650,0.7838402083450140
0.794186997769202,0.6008491434412970,0.6276876320214490,0.5482337183906000,-1.2091776377351800,-0.15464010381594400,15.760545875848800,-7.783596996375870,6.658125620369080,7.001297118991850,-1.6221527326338800,-2.161658326251420,3.4193310986927400,-8.607243490802900,-0.2836663561138270,8.896569683808550,0.24702646047151400,1.1986743265391400,0.5588427242088800
0.6952359477650780,0.5053865476586750,0.5634895999777350,0.4851044748315640,-0.8473251387424220,-0.1366825702642800,20.747441283697600,-3.7334632660650200,7.181762813375200,5.689564134403470,-1.6419575965030900,-1.6023920100624000,2.394363427459200,-8.89247640305738,-0.5678864567011850,10.34961658874740,1.0606628366453800,1.157015556506680,0.33936343623189500
0.7654711627553150,0.26703514380315600,0.6112030436871420,0.6362545982668410,-1.8295005361372000,-0.5778859299163100,19.485306781090100,-5.378383538678810,6.307497833904440,3.444758803646850,-0.9502669437951540,-2.1088304114134300,-2.0496485464716300,-8.525080839291280,-0.4541485066927990,11.994207332179500,0.4795960014177650,1.1914811864941000,0.7735224756239560
0.5654950774418720,0.6971668967519700,0.6406241399061540,0.37044630372110800,-1.1117094402999400,-0.10886532442519000,18.586864323044300,-6.50946637741317,7.361568755195470,7.897065046083610,-1.2820813725006300,-1.966837398196010,3.5867103009268500,-7.794884250955000,-0.9598162573372030,8.296415444946060,0.8467370274826670,1.1606327962227600,0.35278753805784700
0.6599628311319210,0.5082000060888580,0.5734146956201890,0.5997497940918560,-1.882628907871820,0.11007015209159700,16.13364154487500,-9.796174379701270,6.784618960956700,7.762362285270770,-1.984601670582430,-1.676011311409560,6.893147580075550,-4.705888388150160,-0.8333453224324690,9.035027939540770,0.4272512531775900,1.1543118567015700,0.6499742640772340
0.6145825007852680,0.6723556510569720,0.5011501848781120,0.6171440971868640,-2.227993543983880,0.18450172027362100,19.13075432038900,-8.603970959524140,7.637390702193840,6.0824458755366400,-1.4447112454014900,-2.0078796343788800,7.44198118072707,-6.427930672794810,-0.39114710745431300,11.592790742689400,0.3988997650173730,1.193564393667290,0.9551197822104150
0.7939981984792460,0.8713022707842270,0.5729757586734210,0.316425500385949,-2.238092149228480,-0.011361862271507000,19.029470454144400,-10.784640586995700,7.222404401677000,6.8537287333394800,-1.163960857338800,-1.7845417799651700,3.5187968242035100,-5.206085620557940,-0.569135757966847,13.341196487008000,0.8426269294491140,1.111133565598000,0.7579152442179900
0.6011893760956220,1.0300618388694000,0.591622529615523,0.4448222641533400,-1.4568637162273400,0.1256940070401210,21.755941004966000,-10.99494224713490,6.419532943820910,4.974854620682300,-1.9933660803303200,-1.7801731928246900,5.523086206503020,-7.450943746373170,-0.9665885025883080,11.18629509330270,0.4780733949895320,1.1152268061803500,0.686786817416902
0.5767732062031770,0.9173413051634900,0.6464927834864250,0.6657031629712190,-1.9199345678728500,-0.18309308584412600,18.197359550237700,-2.7968281919440500,6.212327760917510,4.168267811840950,-0.7833208705139200,-2.1266196994313000,8.327352948309860,-8.26360016854799,-0.49073669989734300,7.626655163021400,0.6147727188383070,1.183808170950330,0.17934329388045200
0.7076839576592750,0.880252843954963,0.5913001798962770,0.46137794730391400,-2.220776231501210,-0.28487267134545700,21.53991623745830,-6.428867863683550,6.7931075275628,6.424966343850080,-0.6096494747369390,-1.747813123958200,2.4797177502596600,-8.802721914068980,-0.4229821923782000,9.863136867625590,0.6662070774387840,1.117804204943620,0.5160845283631510
0.6485083503841030,0.5096009044755130,0.5740128933397190,0.6556500314814690,-2.0990590930116700,0.040954152366391100,18.607532255945900,-5.639960945950970,6.664769076673460,7.063819840677360,-1.0958379099586000,-1.7156856341521800,6.008889170794210,-8.775334887829210,-0.41748413617063100,11.710106547764700,0.8131787808970970,1.109187051389650,0.8744001782188570
0.7087795448472480,0.5239805269026890,0.6273194745031690,0.33178249283389200,-2.3753753830854900,-0.041787272745352200,20.98308008085490,-10.859717163280000,6.546775502102890,5.68066718974966,-1.659931881662100,-1.537616956785050,5.640175737318160,-7.2392620129364200,-0.8776602952705680,11.13132354037830,0.6402738209410870,1.031815984387380,0.4593809267538120
0.6345909675013890,0.8779409514213510,0.5814479671916460,0.49533705113680800,-0.9326100133784160,-0.6462345963553550,18.404756009138100,-8.75803391516466,6.3462338826642200,7.768238845451960,-1.1477890477161700,-1.8948278382731600,4.735974768003290,-7.673990903944900,-0.8373177910721360,9.032079336816490,0.8524354132663770,1.1076164715156500,0.8443694196660920
0.7513199915873980,0.93684419599673,0.563860091396083,0.49373608475582000,-1.2179159769102300,0.1368325360490550,21.34459685478350,-3.6340943501236200,6.858242644526320,7.016595460277250,-0.9573561922476300,-1.8672349725478400,9.997786577082680,-8.400035357413650,-0.3471985885619570,13.072246131943800,1.0932666436339900,1.1148880025672300,0.8650546599854990
0.7658014533624840,0.5123283058745810,0.47946913844347800,0.5686553598817740,-1.077245285444900,-0.19907035305951900,16.736642437288800,-6.592987477326770,6.856663845062330,7.8145316862916000,-1.9141514747755800,-1.7099599690899900,5.355242291491610,-5.935675947334120,-0.539068481744695,7.79322977859509,0.26173946469577600,1.1979291659466800,0.7560538704069470
0.6961210986887710,0.6369394512548710,0.6354152089267340,0.30255874923765200,-2.1328824669751300,0.18850121791824900,17.99098115335280,-7.8250583538198500,6.742931802960290,2.4540386440385200,-1.119294005351280,-1.607722431393370,8.855575501196210,-8.039346671234760,-0.45815839449013900,11.115992941334300,0.773664190194725,1.1743684150854500,0.6703531796802090
0.5650716003063780,0.45740533727201000,0.6082680772488380,0.43764208930345400,-2.142694101568580,0.22764208558352600,17.094875576085300,-8.803150485465970,7.779330460948060,6.485183272751920,-0.5694165842815680,-2.166590362317730,5.785130120578690,-6.967916409784830,-0.5120415589332160,11.831840866089400,0.8217937790875640,1.142917248404070,0.6748669509750280
0.7612241088539460,0.7804477266888900,0.6907181307918210,0.35578670730859300,-0.30560373126091800,-0.22955929942010300,19.49374764363120,-4.66890011187047,6.473587612221260,7.5407678025239200,-1.5171524014845200,-1.8690954120240900,8.333976943856860,-7.21771264333451,-0.5705251269026650,8.642975580160450,0.6488424596607010,1.139277085875100,0.27291309763617900
0.6446611143666890,1.0358727918229900,0.6591665872865940,0.32568858113217600,-1.8225153586150900,0.2092553166379830,17.309900886710300,-8.281856128421120,7.300575662681220,6.3070206389550000,-1.9380428427194400,-2.171814728984340,9.644951986362800,-7.908849423381400,-0.44872657839245400,9.671772370939490,0.18721493381877000,1.173919066150310,0.8561535084270620
0.7603597670711730,0.35702036510741500,0.4954913045789010,0.5531352410211570,-1.7884047869209500,0.16957181042180000,21.08102482964830,-8.43968479184755,6.4730196564229100,4.626887804932070,-0.9734936015338250,-2.0574753880133200,6.267788244967900,-7.507810470512580,-0.360205169709343,11.929776862720400,0.4754023121686750,1.1931203449418400,0.6689648873727190
0.6587907461419220,0.6838262702623020,0.6022147213749150,0.6408961646663110,-0.4937301192056030,-0.1556557305031350,21.51246585918860,-3.686714338811110,6.458752950419600,6.7928638010839200,-1.4710864784515600,-1.9100225191300500,7.290316736023520,-8.865457511622650,-0.3365274641220220,13.811929340046300,1.025939965070060,1.080716019361140,0.5164712097219280
0.6383977657888120,0.8443870444447070,0.6642817022888770,0.22967750060212000,-0.4079638893292630,-0.14526829642014800,19.85610631687370,-10.870410373677900,6.428751318554160,2.2687194865994700,-1.3332246513219300,-1.7656513316387100,5.059479760089770,-7.457729991813960,-0.9252916000301420,8.244349717123750,1.1422253688084000,1.0833795055510900,0.910077486290427
0.41399034063825800,0.9466331367796450,0.6151190907436250,0.5139911023922640,-1.9602424580884700,-0.0026582222193415900,20.35073092928550,-8.985440076416520,7.55142225270741,6.1156888479394900,-1.528372369374000,-1.6778531792120600,4.925691528476500,-8.238015059960710,-0.4441484275829450,11.019044232952700,0.7780940379951320,1.097861873392680,0.4671478646149470
0.755299767006022,0.5830098144487670,0.6341779611177080,0.5868028057829490,-1.5018457635287900,0.37969581677131100,18.451665450941700,-9.927841574934360,7.349560940276570,7.468240645178960,-0.9758551539894500,-2.1279478358118600,9.645087372635260,-8.018717014996850,-0.6372882052158370,12.803028876816900,0.722382902844293,0.9862511002821760,0.7923311074158900
0.7880044291324090,0.8675712028023690,0.5783326157610810,0.44527662246473000,-2.4446644712791200,-0.41848475977515700,18.848366125536100,-6.682926110758990,6.892316520406400,7.612689744332850,-1.6753360950515300,-1.4559182054033200,4.704145917249330,-8.501208839479580,-0.4837096989642650,9.662653906065120,0.4770858050807010,1.102570007610360,0.7646231627873170
0.5040248739115330,0.9544839185411750,0.636243970865529,0.24355753899028200,-2.079536962060220,0.18634579986547200,18.36913279787490,-3.9302902987513800,7.0638642225067700,2.936468759452000,-1.432166598655340,-1.5574579527100100,7.628438917781440,-6.564446252704440,-0.08703124799159960,12.058921465327700,1.1324412218612800,1.194966930849030,0.7115574365755800
0.7072459799856920,0.9366188591128420,0.6450999846521480,0.6733122915088940,-1.18889038173674,-0.38750344300210400,20.28470533073960,-2.638211268640820,6.152295118268210,5.916264309168,-1.6118665449679500,-1.8094895003636600,1.054519557933830,-6.342683173157780,0.04559696260063700,11.769507986339400,0.5619013393524570,1.1691415123141200,0.4385520350606610
0.7470862793577950,0.6487519970845840,0.5957092791282350,0.2507814798085450,-2.3738953843273400,-0.8858741351874650,21.072917268115000,-9.604169239168800,6.126948638706230,6.750598770036230,-1.8831960779640500,-1.5342244462965900,3.0983705012281300,-8.818199870664050,-0.7873882512563100,9.478522654651850,0.2830506253645950,1.084089472757960,0.6429776718116390
0.7219313770957690,1.0703276971731100,0.6235546632959850,0.5217312544400850,-2.379947454349170,-0.031602776834539200,18.00960637618,-9.446458912828350,7.1326042921690300,6.135111473807800,-0.8359945631262690,-1.9059906378301100,4.030439919561280,-7.305326245689620,-0.7915855068441780,11.77459979806250,0.6102356259439630,1.0902144190929500,0.6376664916942650
0.61242561656394,0.3994628916235360,0.5657985962614990,0.5940363304520590,-1.577029917946900,0.3713099886901740,19.34058286771660,-8.095987697387410,7.464520514399040,3.939118266630770,-1.0316404028960600,-1.9705570047045300,8.988318808531280,-6.92644505961591,-0.3485708337611170,11.75504515456210,0.8334628304418500,1.196801652217840,0.5386533170159240
0.6121262860790140,0.8609824302581470,0.6108529843468330,0.28576119640589000,-2.2583019773925400,0.25385979566954500,19.250426314887700,-7.994617429021150,7.2311442598834400,6.714318064201530,-1.922648682050030,-1.7365217218539500,8.633901446858470,-7.111525740932740,-0.8740317188074420,11.864740245090500,0.36189403522740400,0.7971270402799160,0.5646904917902130
0.6718249820284290,0.9651091954277400,0.6573713644432740,0.4692952115648620,-0.742111800873907,0.11390183613736400,19.64419342732740,-4.750604365400820,6.254843296429860,7.948894399097700,-1.6655907626499700,-1.751666291687540,9.480932147996760,-7.419701620969180,-0.30331479380677600,11.234449096083100,0.48409533414446100,1.167367768874040,0.46408095523662400
0.7157875395071590,0.6627541864143070,0.6339116856777550,0.6118551298737780,-2.0041224029605100,-0.0004914356717937160,21.26246822997900,-3.751613127664540,7.712207915098220,4.90756212254122,-0.7497198181749600,-1.9414065486622200,5.0578823206649800,-6.514557242947120,-0.11352221322487300,10.856137180808100,1.1277883796981500,1.1624554514997400,0.8001012343721060
0.7904404745195470,1.0727341981211700,0.5141356121847510,0.6759685459799710,-0.654992710423875,-0.16874101356783300,14.43128434676710,-8.506007748303030,6.474211096973250,5.715281455722910,-1.6064413663732500,-1.7324760628024100,5.36120383421606,-6.8734514026093100,-0.9428489777373390,11.815329769994500,0.5537997146550010,1.114001682782300,0.3618331554512640
0.6371623575271710,0.28685686293008300,0.5654336650732680,0.22311745162694000,-1.6432731355186900,0.31158149078152600,20.03299660747790,-7.297119749288750,6.488216612264300,6.932960612484520,-1.1993776684273700,-1.721955349131420,8.100103757160170,-7.677578843775960,-0.6712418852826540,12.75042778401020,0.6255016800356430,1.1876508083969600,0.8198678079564920
0.5806493303880030,0.6759083671103460,0.6378163285782260,0.5579533889664440,-0.6535078741499300,-0.03689279609180540,17.06717772607320,-7.480106229152150,6.924709394554730,2.0846320848935200,-1.7293619548975700,-2.091332340299190,7.679623129786390,-6.493617021933350,-0.5649290984917660,10.319598944321800,0.4600687559740230,1.1968533041404800,0.672152239670866
0.6415161294626260,0.9360899136651090,0.6727961146858280,0.40717162172068600,-0.9568086285606710,0.09724888373952070,16.446720737933000,-5.397356439149390,7.091782746128550,6.221613110180050,-1.186139390369300,-2.16674204691469,4.073641418857580,-6.3433239089742700,-0.07016525701089780,11.617021135857500,0.7908682463413240,1.1680737210914400,0.9498721309712310
0.6780372965279150,0.8897489661861760,0.6449416311249640,0.24245376135272600,-1.502342885259740,-0.32892106313425400,19.766778340141800,-8.725126187291000,6.042959051808850,5.951869840688210,-1.892088182956270,-1.8849402519840000,1.1786299281824400,-5.243265174248880,-0.9692529945491890,10.8455465198507,0.37125990873602500,1.0441517149466100,0.7112534095671380
0.2996044093045420,1.0817024774077200,0.6780014812911410,0.35066596040320600,-0.6959992205437310,-0.4372351303678580,21.154954491898200,-9.195422762229650,7.300528059473290,7.007218708067620,-1.337210035009480,-2.106113610301490,3.304271327188720,-4.650089318769420,-0.8815844415678400,8.420485631924760,0.9876132680737060,1.1463475660790500,0.7774558534362050
0.47710028698717800,0.5401799735969060,0.5023649361810330,0.4299953641418520,-2.0098401888700200,-0.17067010379271000,17.916340346317400,-8.684925637989470,6.019459703605400,7.536098596647660,-1.8902249005533800,-1.6669398037428000,3.4793055824366700,-6.74504871018902,-0.6739728541171890,10.581530171347200,0.6475478566971650,1.1153263497837900,0.8022113566201410
0.7005415912873250,0.9912784759693910,0.5186389619956250,0.5111852030957270,-0.9758115221328560,-0.1363830802494940,13.466522581927400,-7.7622778050419800,6.192900631149740,7.1097096827154400,-1.9917407390062600,-1.4597957057897200,3.250937142517580,-7.608811561881740,-0.6349991542551780,9.054956587978750,0.6928299487795570,1.126317546110570,0.8237379967535510
0.6095630834712990,0.9790674269566170,0.4656572114604670,0.3899906792992370,-1.207309501972600,-0.3574035610518070,19.579518739813500,-5.347901218942530,6.942593014778210,5.91907201356598,-1.013563022070790,-2.1086454185067900,-0.4462326567565000,-8.790012889566450,-0.5621166512834950,10.193932686105800,0.7986865130217060,1.16222240792724,0.7442915357468530
0.72856986532848,0.5488676806316250,0.6647411288785800,0.2266694519526220,-0.26374123237412700,-0.27470841978040800,17.973822243243700,-10.88783089806250,6.685676334547920,4.986696812581650,-1.9144656838524300,-1.491152414789230,7.756517207688670,-7.011942200703620,-0.9231062635820910,6.672209633410920,0.8373896677182560,1.1398959007482400,0.6185501728076130
0.7170779537951080,0.779274875803351,0.6531688718150880,0.3483507077454210,-0.8221524411225900,-0.2820709101069380,19.264155033429800,-10.03045102607340,7.05179884415393,6.579259409668810,-1.3328171092550700,-1.8865283773005000,0.9392365751829390,-4.7944331073814400,-0.8096101335015400,11.042316638066200,0.7627183280862980,1.170202317230030,0.6799773649214310
0.6743969280355110,0.8254240690464210,0.6761413380451490,0.5977491192202770,-1.7407903005551800,-1.498710064241820,20.66912241517770,-5.071918529454280,6.1141933151541900,4.818361069837140,-1.4989993749196200,-1.8248994763381900,4.0791627086855900,-8.34714733930824,-0.7974382078840150,8.467837648841470,0.24741127841245400,1.1850949678305200,0.3435661323693320
0.7271803611706250,0.8279061816303740,0.4822989594771860,0.4178632671861310,-0.5590686983340740,-0.7950612358888050,20.191463298181600,-4.3141102565222200,6.922772779037280,4.575431395933020,-1.3450114912131500,-2.1942008976795300,-3.7499576923325600,-8.592611249599910,-0.07295940093889480,11.480329215490100,0.48841403049693100,1.1994451853203700,0.9605197558516380
0.37328633364904,0.7445930446192380,0.6986256616940610,0.2176443161018630,-0.8878989416053000,-0.026976071571947400,20.536387604317600,-6.639799953153380,6.649342470114450,5.985794126234990,-1.2591986432763200,-2.1071721410888200,7.319576794927190,-5.894149232872930,-0.45415319321356200,9.716536357672730,1.010236561794960,1.1745834645081700,0.6791898947806060
0.5515097596651360,0.4479861008442990,0.5720931706919440,0.4660061250861370,-1.5866369783391100,0.05733458789412020,18.66257489836660,-7.316285593352350,6.114227130600010,6.370988670202880,-0.88917443887587,-2.029494593944800,5.66337704480876,-5.487097982115130,-0.8869374859630010,12.897215751499500,0.9500754308928450,1.010685741420560,0.8375200936185000
0.745161413041308,0.9477290781032150,0.557219450568309,0.6019936720243550,-1.0579389801376500,-0.07754283245528980,18.770198291183000,-7.471714702068170,6.543840210425680,6.422438950470850,-1.5306158193136200,-1.7929859096732200,2.1134297555954000,-8.311042030870980,-0.45640472483981200,13.613376187011200,1.0168677676947400,1.0514275991204200,0.7524941408694330
0.6185833037130220,0.5996416125260600,0.6940926325503490,0.5306496261469280,-1.7851782075802900,0.047379918790474300,20.623083101331600,-6.444552728781660,7.342356708915060,7.305922991147430,-0.8396852188298790,-1.8731695203637100,6.4867789415189500,-6.954172079851950,-0.20038102807488200,10.632096321219900,0.7944362751375770,1.040539909635640,0.8167231550575380
0.7460908231989030,1.0288226389174200,0.6206003906243520,0.5563094809772200,-1.0172251526854500,-0.24243121321855000,21.9212790182752,-6.899544507574280,7.437006035773590,6.665742966431380,-1.8486152148104800,-1.5214737602817300,2.3111324715077600,-7.546523492421100,-0.4303407615964680,9.459141525852920,0.9071711845995630,1.0581713765092300,0.6693780392522990
0.4591600041944390,0.9464963575051340,0.6662236188128770,0.5405691213418400,-2.207268415914840,0.13370276693625600,18.968081049739800,-7.444573450218260,7.0225907288854600,2.277798153386730,-1.063457294488850,-1.5826261352454500,7.365012793568450,-8.244346812681040,-0.5547042490692940,12.264244325567200,1.0686271310161800,1.1907091402434800,0.7592269718318150
0.6765507930528000,0.33760546208388200,0.5787621429108430,0.4954187358535230,-2.060938893210140,-0.025686786132321500,21.654851971873500,-8.48778791143299,6.545122406697280,5.242980233052930,-1.8016641625980600,-1.9459034218688800,8.544895999403880,-8.950517895494640,-0.8489853961250870,11.19277691986840,0.2196789514843720,1.1567164563254400,0.5041844482161640
0.6873094531026550,0.7666401930332010,0.4680361835017160,0.5115675781120040,-1.4127399323372500,-0.014302711589757700,19.2928434695183,-10.385433571684200,6.771039194771560,5.487037022725700,-1.435419613562190,-2.018992158744790,1.8136983946511000,-7.276876693795090,-0.7049618599854200,11.039570723189500,0.5391451143786340,1.149708599725880,0.7472554695186650
0.7037702059323510,0.6501148801262160,0.6245654673392010,0.6795047894425680,-1.5472916993900000,-0.1495732859994360,19.82687903592430,-9.338102227181820,6.5111924584948700,7.983581172580500,-0.7517825351473900,-1.944705410611730,7.505435462084490,-5.072767988900000,-0.7906634412662070,10.707306259987300,0.8854506194225590,1.1640286858323500,0.862194549186525
0.6439527140655190,0.5623911234097080,0.5620040768324940,0.3072660078219820,-1.2635654122236400,-0.08103017760546560,20.198625053137900,-9.344406023949630,6.708604927832390,7.021113700715060,-1.2052096366960500,-1.8850855647219700,5.447840847545700,-8.548745563730170,-0.7506539067747970,10.864905359126700,0.8167931386332160,0.931386079308133,0.6819918887617540
0.7931249760421370,0.5140960880235460,0.574445733699494,0.5158801510472540,-0.5327076852045480,-0.00994572900405484,16.976172736923600,-6.656494660428150,6.214119143691830,7.20017089968487,-1.5964834154544400,-2.0007937432107400,5.492614190756910,-6.34224201273062,-0.6311331830594380,13.360695127089500,0.44732645317366800,1.0916831107730100,0.6397735002427190
0.7616896531241670,0.5877404052004820,0.5311439939362570,0.4676862811393580,-2.172224349003530,0.1578853365384070,19.136101828200500,-8.604450444005880,6.688285064953510,7.148086572676910,-1.994087720563170,-1.7664206651898200,9.471329882430890,-6.369548310201630,-0.7107260620400590,11.083163256409100,0.4094405078849390,0.9559849354404490,0.8377399901102660
0.7840870705994450,1.0446626177339400,0.6167875477426220,0.3557308028713620,-0.4898810414920260,-0.36327065473547900,17.128732558564200,-4.530700722481820,6.7138534847015600,6.933894775549130,-1.3573320576800900,-1.9250668588176600,4.225717102534180,-7.009884090846340,-0.09922212921053180,9.848779670819330,0.647824247042998,1.0709332511693200,0.23165886238755500
0.7580963182425500,0.7830000919306440,0.6489132418538890,0.25669552856662200,-1.4412769570795700,-0.4877786270891470,15.920898107648600,-10.525490542868000,6.720031112742990,4.235316434600690,-0.8004892507705850,-2.011990829341630,6.096062113126650,-6.016263638500280,-0.8980283123833740,7.035110660502580,0.821152586368963,1.0824900463648600,0.7450762011115800
0.743733744449893,0.6375972407935530,0.5981681248517090,0.38711681856145600,-2.1682582368238600,-0.5004928975361520,21.14803761493430,-7.965266766436680,6.619383518948990,6.700238913597900,-1.5522390963115100,-1.5424536562763000,-3.512186000916140,-7.7693642324905,-0.6229907140502850,12.75872563968410,0.9480909041878840,1.1472023275815500,0.6173857227244610
0.6865088633650690,0.49188575933942900,0.6629066724209860,0.563022489439194,-0.5824263305510470,-0.09877671097607120,18.40839167650530,-7.615483568162640,6.645462021354220,2.303061260211180,-1.360033070844880,-1.8351734024696700,4.326058769138810,-6.623437579198390,-0.5800131596537900,12.603789802164300,1.167981546343630,1.1206021306431500,0.8665381021714600
0.6751988341725490,0.5831923464794770,0.61735272269821,0.4581458734374010,-0.9052499126672060,0.09816512367800300,17.9564336285492,-8.662201302919780,6.3246132961540200,6.958211434344210,-1.2005353318345300,-1.8191402109613800,5.733452065965250,-7.192435874454980,-0.5293148460036800,13.732654166918300,1.0065522853459200,1.0555074965219,0.6668449589814700
0.7357865712778380,0.6497071285190400,0.6319624860478950,0.2924910197846040,-2.0614765605528100,-0.665996912513701,21.624159499643300,-8.031844526531660,6.4337271802087700,3.369496612315700,-1.4957733130966200,-1.7134505174955700,-0.15534051297874100,-6.579790101721890,-0.7041352398033400,13.211983343258100,0.2860174029477930,1.173442412343450,0.7861217767115810
0.762912606013453,0.3718106716331210,0.6571921770542710,0.5583126934349080,-1.3128882574108600,-0.4218576384277100,20.379372266555600,-7.759325531325710,6.434244919382390,4.522940371225570,-0.8853240741498460,-1.8329326708801000,1.4799571551788300,-6.4377276187506100,-0.7058984327486970,11.610082098176400,1.0944855481219600,1.1017840987571300,0.629553342619385
0.6925078397607040,0.6052263645128490,0.5823780471254650,0.46930797730779800,-0.9106444627720980,0.3544402668096130,20.249103353555100,-4.224373738452420,7.666875938760840,6.8898406486753300,-1.6478188220284700,-1.7178046198960100,8.244640688953560,-6.472056321258910,-0.23163289983925400,13.698861384983100,0.5549759646445400,1.169491485942040,0.8180861779524940
0.7449219638122130,0.8597062790462290,0.6316150229270080,0.40049841445581600,-1.0291954030749000,0.1346141382838370,17.964732102954900,-2.5942223127923500,7.47795220980926,7.923143134953020,-1.4489016131163400,-1.498151408527900,8.77867681374415,-7.891822405844560,-0.009385471183315950,9.25950868699025,0.7977747640879520,1.142298382752150,0.49611986551244800
0.6854851001954110,0.676017043664152,0.5786218691110980,0.3129846722746430,-1.7361255701382500,0.13359329406335600,20.824243362616700,-9.207590131019400,6.175203747403920,5.93424694519012,-1.5603470229154300,-1.467485209576160,7.553582212559850,-6.910175688604430,-0.9165055881699730,10.722315974834300,0.5957043040766590,1.1192644839355500,0.4141992866017540
0.7174791682427860,0.6168443987729720,0.6982415644842760,0.4376781275166510,-0.3401431153434300,-0.38295844324665800,21.73183218736970,-6.435623497725860,7.348637568974870,2.120685246481950,-1.4767992738039800,-1.6074275557903900,8.372351080018280,-8.029258827492280,-0.48136476522859800,9.051003019396190,0.8182926505418500,1.1533601961005900,0.517795469875955
0.7243437974615400,1.0231602800777800,0.4913453224778290,0.6299000859374350,-2.0829350452424800,0.4042814374283710,20.976526962049800,-8.548122037300890,7.216151783878320,4.508241779019020,-0.7497837062035580,-2.0233909912243500,8.2730240960804,-8.230090969088130,-0.5431350356083730,11.274781661680800,0.5823232921054090,1.0881698035646900,0.8454796795922560
0.540799601717648,0.8246175784134530,0.6344491270271340,0.44532980784990800,-1.4951148606547100,-0.07002230674458740,19.215247716410700,-3.956560726060360,6.983082708361690,7.090799691272450,-0.9274035229534990,-1.9749652381205000,4.572257615017440,-6.47728345922347,-0.09753572787780730,10.038578039602000,1.0563320638460100,0.9660274996004910,0.8241173727742400
0.7217348797617960,0.3083366173520610,0.6505058851287700,0.39320312119578100,-0.9425735627988880,0.055298754416489000,20.0561961765515,-6.4999760943162200,7.215526298732010,5.846405624277000,-1.338642527741840,-2.043707717980060,7.191531151170690,-7.80360678625251,-0.5473321465430060,10.875172790465400,0.5605746741629470,1.0748227843737900,0.7825972265115720
0.6637036644725300,0.8726278438412310,0.6036210576597170,0.23122300840016700,-2.1130010157346100,0.3804283723679680,17.27491867281960,-5.563358069874680,6.87911769014354,6.814084095620680,-1.0958490830755000,-1.9531035149448600,9.433204538716670,-7.195094152900760,-0.2820487400790710,12.08667761889800,0.7333480237399390,1.1444794410834000,0.6946798723992880
0.6320995129509100,0.763633579862135,0.6069198809454690,0.3646000437865150,-1.6627570898701000,-0.05150833404888950,20.687015717646200,-8.191567462085810,6.759579194975790,6.318941549368170,-1.0748666059556100,-1.819620471292270,7.240033808486740,-6.805791309301760,-0.7642304604449780,9.954896308773490,0.6132572824034520,1.1472334279260700,0.3372600109315530
0.7022783005132410,0.3508294690249530,0.6234334798393730,0.22402088793566800,-1.0374722240198000,0.019067915254417700,17.618397835838400,-1.0448322196566700,6.645224262588640,7.807726702559770,-1.0585355309834700,-1.867352830434850,5.837102582002130,-6.751780728194400,-0.02608352274834280,10.793942221319000,0.9584936423740160,0.9272004789077560,0.9613946476120790
0.6648568688066520,0.9906095432207760,0.6972063689535780,0.3447116458641470,-0.6168985725477920,-0.19592582993362100,17.611440522358100,-5.991066860312750,6.629202713802010,6.520778172180680,-1.6037355813130200,-2.095990609263220,8.944581110553650,-8.141554815546130,-0.5505040798699470,8.88900963153399,0.39356581567331100,1.1801119671897800,0.4399853473963370
0.7569676891755240,0.7631747577984930,0.6128937966898760,0.684569217521643,-0.8604323785065800,-1.3492484381745800,21.892643778557400,-2.407756843056780,6.703004316420180,7.4419540416396800,-1.3426514827655200,-2.083268333876040,1.5665074066374700,-7.362373167794920,-0.035237502490388400,8.151592616376110,0.199888275432815,1.1903064408580800,0.674224930008317
0.7630625228341600,0.4945144890865670,0.650465916003515,0.6531076883585080,-1.5819147589303500,-0.07551616073737430,17.317876118785700,-8.663691704630970,7.590070115276310,7.016572364046230,-1.8402407456764800,-1.7673911514084400,5.030001504658900,-7.601497205432150,-0.6751031845809390,11.467505049653100,0.3669943856196560,1.0070935857142100,0.7553933678126860
0.6189317536682030,1.0303017788130700,0.6478344176574110,0.23827170413937000,-1.1673197070643700,-0.17010923788229200,18.900830516867900,-5.849158930443190,6.959263426242040,5.520069509734610,-1.8807643507624600,-2.1449149688023900,5.1367848401818,-6.123379438603680,-0.9268621416086560,11.142373040745200,0.35286202018035900,1.1590124593105900,0.3347206827866250
0.6459168060640490,0.5001341187318830,0.5127491154827,0.5409643921656300,-1.8299810671372900,0.027705780146523600,18.077111747045700,-5.0281018959896500,6.702639253122300,6.733022088355680,-1.5309104759613700,-1.9377688814613800,8.558698017208980,-6.001478899603470,-0.39900138330136000,11.302385117432400,0.3680807658149010,1.1937445991781100,0.42771825779747500
0.6198999377779820,0.2221394621074490,0.69463332860775,0.41823710184053600,-2.4698523934293800,-0.04651658288947580,16.2592631431396,-3.423984659969190,6.317992735608280,5.181510347364240,-1.7124630514100200,-1.9678669135603600,6.701406551744520,-8.475874931758480,-0.477810460964315,10.136541742856500,0.3015179577386600,1.1190589638772500,0.5449655347062450
0.5867498409954460,0.5875135075009760,0.6270822142961100,0.39909398341444800,-0.9590507548830640,-0.44602585239222400,19.715133248957500,-3.022054613117250,6.423704425337530,2.1666208739399100,-1.1375636586594300,-1.8085642330913900,-0.30293275425012300,-6.53681263029476,-0.2132940624415540,10.368577671703400,1.0634617751934800,1.1858092292126300,0.8163638936974560
0.69366977221631,1.0140204556550700,0.6128962927775430,0.4555237986696210,-2.3460535097991500,-0.673660559624113,19.19334842311150,-7.275774450314210,6.074617786714240,5.931365676644380,-1.2059157291037700,-2.152452262179960,7.616967518959850,-7.762043759266390,-0.8998021506162200,8.64769368482382,0.30962537654399900,1.097052591904520,0.5612038563601920
0.6482566109527650,0.7535204771953180,0.5969739754449850,0.3629869032046990,-2.4354822933527000,0.08916612533410230,20.283860512452800,-8.7122070184748,7.06666055018353,3.0800164872300900,-1.2715641096885000,-1.8163911736208200,6.912529888656190,-3.969957630140770,-0.7511623888540410,12.593367574266800,0.5166161633904910,1.193522634551220,0.5225242828540090
0.6380935872664440,1.0208944147905500,0.61448081577046,0.5442769506555350,-2.291727874839410,0.11600401813311800,16.413486142367600,-0.1877280503469280,7.151724936071790,5.287574862903360,-1.4967582690743300,-1.5168999599437300,3.4311319863062300,-6.845914905849630,0.1886266324870060,11.322333502174900,0.7377231048232280,1.1404838964689200,0.6944818770835500
0.5436986940544560,0.8006948164645820,0.5660624650016290,0.5312539819507610,-0.6551519369724220,0.09368310988380830,18.522030141445500,-2.789240784634720,6.679040647360250,3.692665814328930,-1.979774754962950,-1.6223458840654700,6.912132363186920,-8.287021357283730,-0.15203747546466000,10.385951140151200,0.7561258618435930,1.1811650734481400,0.5215784155443690
0.7772881564500690,0.8994702631004320,0.49841384636591800,0.3458997313893420,-1.665340207315850,0.20786288156946000,19.929994867573300,-4.42736725760288,6.546164627250950,5.83017764335637,-1.413680246776230,-1.7792672533060600,8.08615800588488,-8.338936387213180,-0.08462414728268890,11.320374903599000,0.47617327395118900,1.1069601022895000,0.7758253088008150
0.7678337337859020,0.7746312631567230,0.6175263290786650,0.3047706272985120,-2.1078366049799800,0.0859769159277218,19.79079416861160,-9.959714191135850,6.226899390165900,5.967645340548510,-0.5920484163414510,-1.791716282269180,9.102951155113860,-6.650147777300990,-0.6913275356803160,9.830875784971030,0.8863865599655630,1.1569352769102000,0.9275244815619240
0.6943248266902090,0.434339740082554,0.5805313362313060,0.379271082161804,-2.3866951681662800,0.25234189619610900,19.01835261686450,-7.324791409348190,6.772373680438740,6.7867968102482100,-1.7643179031522200,-2.1413549510286300,8.340824977484550,-6.396427433704030,-0.4087063956190400,13.697278631462400,0.25725380997681400,1.1301537372062800,0.5369634039467000
0.6979054511169190,0.5974865013698510,0.631551453457655,0.5219534884496200,-1.3747630641803700,-0.38042704680355900,18.071776737574100,-10.276509828768600,6.517854839909440,6.241250265874880,-1.3120429671427100,-1.8426540636909000,2.1691508534579000,-5.693678326099770,-0.9355920110300860,11.054617364282600,0.45541859358570900,1.1808276454079500,0.692511895674479
0.5232031635857090,0.49041348550523900,0.6899135392486470,0.6331269532618490,-2.2741701019455100,-0.1131937109712380,19.91689861912850,-6.294718614057050,6.09440732006565,4.156924863179900,-1.9317693790956300,-1.757307142447180,8.058702158158480,-6.382576654008390,-0.8234417909482630,10.231590022496400,0.33106864708810500,1.0432141127818500,0.600151502544498
0.6526927331804920,0.8825032781111500,0.599313203209424,0.5979825350171790,-2.296117447757950,0.1626390917635570,17.77825088903250,-8.402920404137880,6.563928274395030,6.057750658368440,-1.2815592083551000,-1.5127570495312700,7.199901078629850,-5.099486128998570,-0.6766831643668780,11.4258507500506,1.1596626627352000,1.0648960200207300,0.934389123252386
0.7014599518454640,0.9642679145117130,0.6611347743508190,0.46377063813697500,-2.258552837160630,-0.004100515234191190,14.344536126561200,-6.91090230288233,6.406915499430140,4.83416615648071,-0.9304134005597260,-2.1080525658881400,5.697940958971010,-8.745604422632100,-0.671488617557279,12.29646661586980,0.3636594231017130,1.1120704610451000,0.6558336965331090
0.6253279926073210,0.696105512616461,0.5613454515267880,0.5256489336396950,-2.0160504894125000,-0.04272617924100830,15.165847771431700,-6.84895771565229,6.247743926784630,7.832351316000840,-1.7326227865112100,-1.9613457874376400,6.285900299127240,-8.627920929518190,-0.4955197259904850,10.829720146788200,0.3608437477863220,1.1558571190209200,0.348276857116378
0.5938827820339850,0.7775381845674100,0.4654672924406380,0.441275051219787,-0.5608982548020230,-0.2594411738667390,16.942401339789400,-7.710824553506340,7.094476682245250,5.917160635110520,-1.9158562971363700,-1.6653679266746000,0.7259541585387050,-7.176784413402480,-0.3898594175380040,9.823088844137950,0.5815440249136850,1.1954622576093200,0.7940153388295040
0.6121889789723780,0.8497009699477570,0.637251064955242,0.5684533457891340,-1.20172759581199,-0.1553979330582620,16.51050837352470,-7.919530368306990,6.732373787398270,5.3255360203888600,-1.9434015094080600,-1.6918203060309300,3.545361541096540,-7.770876215628000,-0.6368682512206910,9.732647173938180,0.6910171010256430,1.1178574274227100,0.6104478173023400
0.7626224520543240,0.8150877345394360,0.5620145030314140,0.6555641785396490,-1.1247418300067000,0.31487567741550900,21.788397529681600,-3.4481158746394400,6.38590731471911,4.997226906613020,-1.5293223953015600,-2.12532602654547,7.3271344561378800,-6.162490049808110,-0.14576957991586300,10.128237912827200,0.23687255408950300,1.1057370256061500,0.47312727891582700
0.7449347428853900,0.5074832472006320,0.5901455054995580,0.6101995977990260,-1.9964126006322000,-0.0029331967790817300,17.98888235649850,-10.660393601334400,6.563959577315110,4.0294354238476300,-1.587498334062460,-1.663014014088560,4.306473776824830,-8.102011765060160,-0.8219734644055570,11.27366062325860,0.5566655144685820,0.9514349994843620,0.8447752702017910
0.7563960346027730,0.881685012013872,0.5956984702968940,0.6337060441571210,-1.4527786610280000,-0.6069994916442590,21.83725735857070,-7.87810830775321,6.033821522165600,3.2895834558687100,-1.8645390172412600,-2.020243792617100,3.862060419690180,-7.92284550378859,-0.6479436564288260,12.350522655145200,0.2394020343524190,1.064189748530590,0.8136994059092230
0.7843366118807600,1.0730137680166400,0.5352297699405450,0.6743313840463290,-1.9115093967355000,0.3443642442857700,18.76394094394180,-10.674845685328600,6.70956849994927,6.5613894649138800,-1.8037352210356300,-1.5332725448933600,7.436667421833260,-4.2185427009781300,-0.6225563910099080,8.359845092375030,0.3837517764441750,1.149674327254240,0.7897221774244110
0.7535546816159630,0.5258061600856780,0.6592740594614800,0.6089464300266900,-2.233796186637760,0.3101448824467540,18.822538686068300,-4.273879206972030,7.333607478688220,5.973703307259810,-1.6657904853909900,-1.499572999496430,8.886928665055280,-8.210115938582580,-0.1206069686940720,13.338990823710500,0.5383417948250380,1.198557288902150,0.33277772738897100
0.7657921121763990,0.9663687063042990,0.5283838337902730,0.6151432671376150,-0.7548837631714240,-0.47586844501168500,19.970691303333000,-7.281076711531840,6.237495158600630,2.357484857526200,-1.773245790397440,-1.919658657395360,7.45629581386153,-6.798901304393080,-0.8258773800550520,10.575698528224200,0.33933055559590100,1.1014053604646900,0.5844010237406830
0.7402039580733600,1.0810784810530800,0.5669827479520210,0.5336177558572760,-1.4380638886246900,0.23683434961069600,20.27478956251540,-7.780567079558590,6.080421687973560,5.961599176469380,-1.583176376817460,-1.7698561957685400,9.62706524338776,-7.945230490464330,-0.5976761709405510,10.37736585454820,0.6389971509837600,0.8636940757718260,0.45381488230772700
0.7762983596418490,0.5639917373507960,0.6478324907913110,0.6967024394587180,-0.8581285867862160,-0.15475040631671100,18.105230455517500,-4.660951981658640,6.502744627650780,6.995912126685700,-1.4451797820918200,-1.8444597977498400,4.152268940556450,-6.511618555183940,-0.28931707431734400,10.513927049815100,0.5662547011237410,1.0452649311118600,0.6161781582371940
0.7806716517668590,0.47985787002878700,0.658436700051482,0.3313531222417160,-0.4936051798898790,-0.8692252772128060,21.000225225549200,-6.704912307977150,6.499419639186440,2.8554453839765700,-1.7493875257401000,-1.9543512562038700,2.9333516696565900,-8.455912125947810,-0.7169518069049550,9.748489045299040,0.4125074141323960,1.1256577481330200,0.5445529217876400
0.7990419668079450,0.9552058479080300,0.6029861814217380,0.5937725523514890,-1.9890430911076200,0.28347494562065100,21.208323144950600,-9.976927607967010,7.148434402799230,4.652603768638130,-1.4839230610160200,-1.7627990430169700,8.902002175152080,-5.726445256097160,-0.6165322905130740,10.68738514486510,0.6332569477333910,1.157087483673260,0.6367881526165600
0.7833182824416790,0.8915916410891470,0.6017088168230020,0.6197554761590690,-0.25439916451481100,-0.03516466796331440,16.901988624297700,-7.2860992261817400,6.781849869492670,7.124049248552220,-1.6081256301630500,-1.7784452209741500,5.193948031973500,-7.343091807175440,-0.29507050730975000,9.687139193669200,0.9094449890494580,1.197056242493970,0.6517471712956340
0.6181472501716300,0.9105501703813620,0.5290312738060500,0.43787839367383600,-2.273482372833030,0.016833685638083700,19.10084959190910,-9.3282518473071,6.587218843252140,5.429917068639800,-0.7014509848028130,-2.1862614491394100,5.121930663323550,-6.98740177682328,-0.8264413966587720,10.861589850773600,0.613488334372358,1.156786853004630,0.3445375227844210
0.7313573017275050,0.9123864283914930,0.593506478014593,0.26234315456269000,-1.5664656195476700,0.39962259571378800,17.10455064836420,-4.4883546487103500,6.201234638675440,4.801382012012700,-1.4927326588880300,-1.905935977510810,9.894226564178860,-8.695257207400800,-0.7833897035802900,11.219192081056200,0.8077204406241510,1.178398217396380,0.33975415719878100
0.499681537160545,1.0006775510600600,0.69087108908923,0.5927108313212470,-1.74808757318684,-0.5009545348497150,21.12790793841740,-9.767352121102100,6.655233974079460,5.6350831084416400,-0.7876163742459840,-1.8054717422897700,6.659222364408330,-7.391862006755310,-0.815386318267362,8.788268687704730,0.7926265060610330,1.1289043029880400,0.7596979567802810
0.716541166901835,0.31490350654173000,0.5643435086891230,0.4724280804676810,-0.7350115599640420,-0.09465604582075660,18.75590355939600,-6.878557021585860,6.079762366531100,4.540015402897250,-1.9145956969311700,-1.43380643674532,6.408436865482820,-6.87761433822197,-0.5713391397830620,6.499860267203790,0.8372707704301490,1.1692140434117100,0.9257573973236670
0.7205444745022340,0.6582451264417980,0.6881961019257770,0.6195965914369670,-2.4377438695624900,0.03848309143863340,19.67591418830180,-7.71450092274738,6.218761796918640,3.6223531967550400,-1.1348477556410300,-1.8775119127715200,9.187296712838840,-4.846393286318660,-0.7828552645010300,11.024838640932200,0.33580100915802900,1.1905396392956300,0.48892540325802200
0.7510239830308140,0.7121333570564490,0.39396138672488600,0.45610396933282100,-0.8573443215853880,0.3231548382161310,20.947392257826300,-8.802991957976590,6.5303058938881200,4.124896569841540,-1.855070938528770,-1.7264071876344400,6.592720702236880,-7.321788312119080,-0.6600718090515960,11.935796638019300,0.3741123927096930,1.194410980079380,0.7247703567811040
0.7354473007123110,0.4920526078961000,0.6191427882872680,0.3709517941558020,-1.809516756539780,-0.19230967127840400,20.497064671775300,-6.196697176230660,6.565488925496770,3.298561745716450,-0.7390095799141250,-1.9174147959069900,6.622259980705760,-5.466963334207850,-0.8263736163958900,10.604632581783500,1.102830807254810,1.1833986191667400,0.5350817015900690
0.37798512852322300,0.5630205089895020,0.584552490944752,0.3643927557845840,-0.2157470855635050,-0.06348491105658920,19.799591474632100,-7.206861853039540,7.079945820908310,6.670213827923670,-1.9930132822197000,-1.792651823310100,4.7615144640205500,-5.534876479179570,-0.375654953078519,10.195570973173600,0.541452592384491,1.1694746429766000,0.6524666206042070
0.7105307377829850,0.7013570323161000,0.4124003617792940,0.40068165953877700,-2.4405017496793900,0.33869551767754500,20.20195401046520,-8.047066926968410,7.113182562420920,6.073282864676380,-1.8153264454973900,-1.9290218050933700,7.37500426296837,-8.923361044167210,-0.6233807744653380,10.645504725072600,0.2618782625986730,1.1042392327727100,0.7029560673043590
0.7068602337209850,0.9152970768232260,0.6824648080255700,0.43793037418997500,-2.060463737987320,-0.18590031548495700,16.002551073077200,-3.8129325350493500,7.332244161210040,6.582370650517470,-1.8588890561671700,-1.6393155649565000,4.400156465766280,-8.828553494733390,-0.23754934376277200,9.392732401027070,0.8016861261771560,1.1382648066824400,0.8146372660376470
0.7480889999184600,1.0065580117955300,0.6053094315315260,0.4052462539186700,-0.2796651440601490,-0.21340971982873300,19.451938257603800,-9.373442278681110,6.833704491946780,5.529060923887580,-1.5258389628341600,-1.82765460243354,4.6563181394254,-5.316296243454450,-0.5848211982098590,8.144302491758770,0.9084553779116940,1.1589684044939600,0.8463803167531860
0.7814945145825080,1.0283938601428700,0.6462561902335740,0.6785746984106140,-0.43525919981983200,-0.031136606657036500,16.11922364753170,-9.738838869721790,7.589284156867630,4.93277284929678,-1.546237882003020,-1.8466571176111300,8.40549049037364,-7.488373536344940,-0.4412444638897870,8.822670643462530,0.9122173572947310,1.1594736754276000,0.9146387188536530
0.7491604626092870,0.770375655909798,0.6814817951771540,0.4006111367390870,-1.5590902352467100,-0.3239902881594480,20.436489824101800,-6.5548409529273600,6.479853914828020,4.238355420244720,-1.1701625062289100,-1.7388092176994100,3.773327283532310,-8.658236545048350,-0.6479789745153990,13.918813114607600,0.6341920382972540,1.1813834156701600,0.535142235252781
0.7907302451414510,1.0081269698890800,0.5708127028410560,0.21315902757703800,-0.7413536990329650,-0.1765739291294230,21.03392638395940,-8.398497494264980,6.553839774423520,7.8705757317948200,-1.379556841062980,-1.846721887083650,4.738172704709690,-8.564087324911570,-0.6284633707894060,9.161410538834420,0.7635591664446500,1.1196021065980500,0.3375213817165390
0.6334602285937100,0.8678797344811570,0.6709642246282170,0.4854243185276410,-2.3242545111204500,-0.056630876621787400,21.168679793534200,-10.792864219806700,6.794006074866530,6.598909190110440,-1.0645554186270900,-1.6869193539416800,8.32993827730142,-5.95464662340677,-0.904261208048069,9.066230029817440,0.5945438159549430,1.0069041787214000,0.770191968482987
0.7577609588015410,0.8707527079537850,0.6805132255508630,0.6796065960523520,-2.150616389582360,-0.6243345890499570,16.747141589550400,-8.468215046586540,7.14935309682743,7.599486032308850,-1.3910081493410900,-1.887750540732130,4.2666716903429700,-8.212591257485180,-0.5828269779635120,10.099302319193600,0.32435003092023000,1.1547102183230600,0.4562218911547440
0.4119109875540900,0.7113113498773250,0.5801925337205890,0.20212455544163000,-0.9563921765063760,0.19100045343928000,18.452984662589300,-7.3384138903124300,7.344124957210910,6.312976144064940,-1.8593821041314900,-1.5808578522540000,7.148187530161920,-8.489208931565170,-0.2155052056580800,13.487101436197200,0.799638289679361,1.1943071640856800,0.9279861148904700
0.5130767425236740,0.9196181374934290,0.5938807361080820,0.6214315556504370,-1.0922048092393200,0.1061364969372750,21.22232438836830,-9.29385038992355,7.05083401078787,6.035699491979380,-1.1954586067760900,-2.130353203614390,5.57660724543433,-8.279836413621570,-0.6725765652768970,12.78056453396030,0.6282934563328690,1.101181168320180,0.6494471828644850
0.6094929948733520,0.5639100175609750,0.6607296580489070,0.6807349360303680,-1.4187049331528000,0.14260407095532200,19.967838001530500,-5.205736228897210,6.238834669102160,5.022164924077430,-1.6798143857837300,-1.6288755904920800,7.731552343205810,-8.222897736559910,-0.7711028060475910,11.817323286455900,0.8294067139306050,1.1422999307535500,0.49648102343953200
0.7937032497659920,0.5515711827219280,0.6967947412040000,0.4586749795887100,-1.2821622609018800,0.18665382854060600,19.8771075562375,-7.262040688902710,7.614824797048500,4.8307910532712,-1.4135701821329000,-1.5478130641693700,9.515607889582150,-8.104159716648350,-0.3940799376498220,10.70146923352500,0.9539261495141020,1.092867192288840,0.46597598752809200
0.7901367648537570,0.7195609596286080,0.520199609460748,0.43799582140630100,-2.3997810211190800,-0.2656324593098270,16.997491550757400,-1.85210224713194,6.167966449234410,6.344513159584260,-1.8812973618986300,-1.680691628113130,5.10644465447428,-8.992362819773750,-0.04769701262858610,9.895592659351700,0.47728012516414300,1.0675882631494200,0.8871444344081460
0.7947768842919570,1.0571480358042700,0.6378173032869260,0.6529068427660620,-2.4725684406073300,-0.1681521935476380,21.551994148461000,-2.7295306400771500,7.238515730963110,5.9687496990587600,-1.2780321207817900,-1.6621985254463700,7.530371072777480,-7.10450074267728,0.031248678455638200,10.343458454312700,0.5286627355667060,1.171433092875930,0.6747723650359710
0.5784127334684600,0.45837019914597000,0.594184189537709,0.2621800946200640,-1.0199566176087300,0.09989897313669690,20.177880624251200,-10.790919950716900,6.564625202018160,7.4005923991560100,-1.1693720986217400,-1.9682360951087200,9.79876576553059,-4.925688400183270,-0.7831861061687530,10.00760141953320,0.516348163474311,1.1578406316729600,0.9940838795072780
0.6674778262326040,0.9055053911973650,0.6297928724021210,0.6258225163451530,-0.4962727967015750,-0.14650957718116000,15.624611463654600,-6.425185849353320,6.219966593832360,4.877927544239060,-1.4346899198557900,-1.769965797919130,3.407869521898290,-7.733322345556210,-0.5327711572521380,10.181857210610500,1.0349064974257800,1.1890508391924300,0.8419323447857560
0.6296851636585960,0.2693655675670000,0.6448323734297120,0.2334771100800000,-0.1957510123067180,0.15139381368252500,18.1987618554334,-10.733536380418300,7.725538488621560,7.486387742228620,-1.517961724887400,-1.9758959462729200,7.817210449015660,-8.638029114051220,-0.7217979015149920,12.571303857602400,0.8972047205541460,1.1778085301154500,0.8298292070277770
0.6985321096924720,1.0611269026309000,0.680104142179508,0.4468814392080610,-2.2172739709477600,-0.07358487695106740,15.462533860345200,-9.067861325944140,6.468879711812990,6.356890005036220,-1.473954979793720,-1.5525449678148300,3.9195355689737500,-8.393630659391680,-0.6771781996469710,10.210082228960100,0.7813225752941450,1.000644122251530,0.3729653677269710
0.7104857899626140,0.5948691847182240,0.6974453643635180,0.6591304401181870,-1.5810759377363000,0.4909099120059870,21.358533490972300,-8.922518751710800,6.499077733616550,2.413895073545890,-1.220656862784170,-2.042216255519920,9.68659445493817,-7.202667366909060,-0.7701898356000090,11.549975452458000,0.2920909057185600,1.143171504628600,0.5291114566853710
0.7727658806959410,0.6898055208487160,0.5336120195612860,0.6261964366760450,-1.8714883568763700,0.19277837224294100,21.336327162568400,-8.822698350680980,6.535161820881710,6.951961187953690,-0.7763351776835500,-2.029459039265100,9.78256954814269,-4.073236082912350,-0.67403533190199,9.949429766837810,0.7775513049553730,1.0375809543021500,0.891117944626812
0.4739338716555210,0.2989997990889620,0.6469426147107250,0.26131054223672600,-0.2036998207646250,-0.33516313447414800,18.892558826955300,-9.094962079474960,6.356809270331910,6.3022046070746900,-1.8837522598628700,-2.0990115263261100,5.215399831370710,-7.298495495937770,-0.6897242070510520,10.324334779594300,0.29783841604742400,1.1802008968272800,0.6315696047810450
0.7970841956729750,0.9682153926803360,0.6057524820371780,0.30250953848461000,-2.003299530616320,-0.8710177636726980,15.74802397033960,-7.981188568264870,6.499643246285050,5.617977550372810,-1.791137343681660,-1.5682321012096300,3.2687350410742800,-7.120295813770600,-0.8809281484580710,9.102859865792740,0.3946136677916530,1.152575580516800,0.6561789456521590
0.6143623692006250,1.0058249688850900,0.6257700181756770,0.3012846073194450,-0.4735151810435540,0.19030329315731300,19.058669304991400,-4.838840489484040,7.385061391988330,6.417062400758660,-1.5647427490557700,-1.901033072935940,7.3134236841705600,-5.757418027023780,-0.5712957378950700,11.616175616619600,0.8691449070875260,1.1056241279511600,0.46113277091185400
0.7325561174755990,0.8052824293757680,0.5619973248240620,0.4837244543249260,-0.856503822008083,0.05142526529683890,21.70977231389830,-9.947977420584170,7.26999982936056,4.668349352405170,-1.883742945909660,-1.72007958518076,6.146720557247660,-5.243315613125370,-0.7911377352967410,12.420097664853600,0.39672568661434100,1.1568521567652500,0.6977327568654960
0.7474079703340430,0.7773995156850390,0.5824996948215660,0.2823116727498220,-0.7633856789181880,-0.37210416266070700,20.543579628078000,-5.624674553931560,6.058768112690480,6.812847860731390,-1.2490112563710900,-1.9772846354851500,2.8701502595685100,-6.364182489838110,-0.5694903790839900,10.737316884903000,0.8274741902245730,0.9286658176883350,0.8556435395416660
0.6652425575250040,0.8519851234259700,0.5888219277210500,0.4689835092364510,-1.2807949645076900,0.18160199560210800,16.546537465066300,-9.686171695760750,6.767153599442530,6.3630234544087700,-0.9333093864186380,-1.758144663304180,6.959904244016510,-8.185558387674780,-0.5497161187698120,10.735528520997200,0.9620319058033130,1.1592192266167000,0.817554079316654
0.6867703553098210,1.0748951721195600,0.6297458655238520,0.38840307123500900,-2.0552000458951500,-0.2533793944822940,18.71173799228450,-8.785068537788230,6.155747721914980,7.521036482347430,-1.3175935118525800,-1.911842135138170,5.761050695360930,-8.814287505798500,-0.8691026804124140,10.915174243985200,0.28700675567988100,1.1341969896252100,0.433965114200339
0.7856539625977790,0.523982740960419,0.6067282534016120,0.20052949042702800,-1.5193848281332700,-0.16008146014404900,17.43584616915430,-3.0514079610731700,6.178620577483240,6.002016131315960,-0.8178268663972530,-1.7193531665869400,3.452008776509050,-7.899290334033610,-0.4367265579558340,10.719820200595300,1.1613877937752700,1.0189115321695800,0.8517996058016140
0.6567004240611140,0.7670783527783980,0.6247424811151450,0.22779787399571300,-0.19093267145365200,-0.022436409372788600,21.608413568918000,-7.7653317901799200,7.14181058536667,4.456721377742160,-1.7034374042609900,-1.6617516045904500,5.41076953633492,-8.899479944870400,-0.5054095038562600,11.542007106540900,1.013785993390660,1.1369222819542800,0.6884289049386690
0.703695645678844,0.3402064710657260,0.6697380538160910,0.656811498711626,-1.1705216301641500,-0.24836941209074100,21.232903628200200,-7.467688731660450,7.300694788861890,5.65004679396637,-1.6336948873226400,-1.7941509050788500,3.5812391805761200,-5.061169951012010,-0.42110918304548600,9.661193675287260,0.6012433627257550,1.1295539548929700,0.9091071836889850
0.771299708755457,0.8889929086821880,0.5281930854032780,0.5677987318714580,-0.6179158544779900,0.06984791067322090,20.66350881551920,-5.725563802154060,6.808163755203470,7.239694607517150,-1.524034434870520,-1.8444558581332200,9.273927758902930,-7.906641266144020,-0.37330863537340700,11.713778603391000,0.39533714791668200,1.0127604468381500,0.6921001418589430
0.680111082992622,0.6844623565001880,0.6710115254157030,0.6832981733344590,-0.9958254769178290,0.05717734299791620,18.16668732144490,-5.1394602892780400,6.711318888088600,3.7685769042142400,-1.2719981164705400,-1.8312826369802500,7.617679852290490,-6.585302581645040,-0.5459685548247200,12.752539989418400,0.9314202084845690,1.196352130662300,0.3295679906232210
0.3662459079476650,0.7214348336123620,0.6703469786938150,0.38266476021503900,-1.6398942751486900,0.09368583739843230,20.265885074062000,-7.0864685037555900,6.798882850908250,4.81354739451136,-1.2105786489699000,-1.6985118704719900,6.851079688098500,-8.430253753171380,-0.9488843237893200,11.083853810048300,0.8292555172428290,1.1574774073516200,0.4366764708100070
0.7711297203739170,0.819291016395212,0.5462278240724230,0.2733782433020490,-2.1956055547615800,-0.004155123018226580,19.77627244457930,-9.900707642842520,6.44892382062098,7.983518088457250,-0.5122812941187600,-2.032892562515880,8.675304652169330,-4.839888244904580,-0.7212301121006140,11.007436171887200,0.7976644785766500,1.196129652471650,0.5609915185605150
0.6932657061270710,0.9223069532628350,0.5607667981116600,0.5551118923994430,-2.0136523747563200,0.3142769471228460,17.73522400862630,-3.57852344723746,7.407664825698940,6.526553854604330,-1.6235299536308900,-1.9636864246730600,9.201935818104340,-8.355679835951180,-0.19270420429446500,11.216914177800600,0.40258158107142000,1.131408041657790,0.5911997680882660
0.5355455066950750,0.9765967231863400,0.6428495796861630,0.35619204351951700,-0.640272120916755,-0.08019568201664060,17.780011753170400,-5.068676216978270,6.710329954060180,6.57925927499267,-1.323941194625070,-1.9023200526701300,5.098268377336190,-5.162142261261760,-0.5000626629206390,9.233069217666130,0.9588664271030500,1.153186649523070,0.5777054793338940
0.6579649567589100,0.8770020390352880,0.671276273310034,0.43472637425307600,-1.7760038164609600,0.19144741455139100,19.483942578626500,-9.39806775418058,6.926991854857740,2.632811241949420,-1.2692438923270400,-1.8003557948517700,7.82429333040451,-6.877111002338610,-0.7393470573609880,11.246822569150000,0.7311378426481310,1.1522249910902900,0.795776118560501
0.7767316331183530,0.5003891872968420,0.5755559897833320,0.4643957208726280,-2.0881556438318800,0.3670322795969100,21.90212957315010,-10.255338497807100,7.332770409903510,6.759420871361610,-0.9345363915428760,-2.1992427555269800,9.422389589383090,-6.822699538603270,-0.8341684299013320,12.924345106691300,0.2852855659733670,1.0803047838922200,0.5811594843051140
0.715352162077554,0.5556883389282140,0.6345863724201990,0.4067140984104780,-0.5702360464090180,-0.43592751501054800,20.030068369511800,-5.714135235390690,6.2264124478986500,4.239352310602820,-1.2908639211661500,-2.1176108705578700,5.878127624376070,-8.859238746632550,-0.7512924715386150,8.820515967575160,0.8688672723863800,1.112385129599440,0.3438022425345020
0.5400708668457030,0.8149919675539640,0.6320821940617920,0.3340798004272410,-2.4322420960890200,-0.18387656624106800,14.366682423893400,-0.560770900222046,7.149994837852360,6.504679164004340,-1.6332407275363100,-1.6784632182216100,1.9937909852779800,-8.159344189916270,0.1391442138279070,9.81937206459278,0.7616202147433030,1.1514821464887000,0.6551217187618860
0.73488195601507,1.081038787333390,0.6577288537848720,0.46064656968054900,-0.19367448739499700,-0.7558766995123140,20.21659893486600,-6.194754879120990,6.897060077403430,7.742775822957980,-1.5660577080311300,-2.020593319616790,4.7886019759564400,-8.394215696764570,-0.24611262175062700,9.606718844112000,0.3817640350222980,1.1412704682325400,0.6927064615752820
0.6526390040859640,0.9823129190476510,0.6367730397498270,0.4395433966312700,-2.029828411052260,0.27217878251322600,20.53680528194270,-10.786189816964300,7.224822070470540,6.349501902744810,-1.1324988005259200,-1.9798163207006400,7.511694295581740,-3.1276131607109800,-0.8290544962816090,12.328650397234000,0.46945391748931000,1.138568347286690,0.6837098294615410
0.6618667209439310,0.8435914302131830,0.5602105827420160,0.5280575698981260,-2.3046110423681500,-0.08046233681254580,19.591842826477900,-7.279552241273240,6.536207611779230,6.477840081175420,-1.5489455629887400,-1.7332152143412200,6.622829204616660,-7.740159408578500,-0.8015641865310380,10.216179550036200,0.34079199856489700,1.1391507057117200,0.5084116428361550
0.6809265188941130,0.20040196665978800,0.5318641691894590,0.5705873178174210,-2.287655212504940,0.17801736194617800,21.026636531167700,-9.02601574507439,6.823018964612940,3.7399299565544500,-1.9405002283902100,-2.1666202854724800,7.196410645650970,-7.6246879891778600,-0.7977043942254540,10.263900522152600,0.3427306076578940,1.1752241393850900,0.3707675657840930
0.5464692271566950,0.7691896276100380,0.6900838632405530,0.30013452499472300,-1.730753672076980,-0.02151747486516260,20.064139518665300,-5.753665684308850,7.150114814557040,6.739176226053260,-0.9875716145639,-1.780297516196260,3.629921002643830,-6.382232503519220,-0.5088596438087930,12.06452567897790,1.1850588126570600,0.9816624353101170,0.7258003609869100
0.7435909036914850,1.0975269400468100,0.6920642799279060,0.6937948335271800,-1.6434347417561600,-0.17277037122821200,21.22285864108040,-2.368826723496710,7.2724098961820900,5.3942536384813800,-1.4408478488157100,-1.6827724498034000,2.3686664924623100,-7.6440338187674800,-0.11205943283914700,9.922107221693600,0.8135913925891170,1.145109624785600,0.9215105058971240
0.56515979577027,0.5007808239332010,0.644678814331348,0.637432769642502,-2.136728773337590,-0.46183449087578000,21.831702674203300,-7.317472512519440,7.085089191026210,5.313994921211500,-1.8937728057150600,-1.8187741959698000,-2.9033151329704800,-7.356506912279840,-0.5797170237681770,12.084853538541100,0.3328702733984300,1.1460094489718500,0.75412392789292
0.7048628370832030,0.5051698582509030,0.5658363323502400,0.35222300356928300,-1.7390236790344400,0.37353492735583500,19.18168973715190,-7.626602311141470,7.358956788852210,6.293763001216210,-1.7393655324991700,-1.594094301137400,8.32220347469801,-7.6978175527853600,-0.11919729039570300,12.573343102073200,0.7463834631508960,1.190546081670780,0.6303076543520830
0.6878368289784360,0.8386052794070750,0.5775409313537880,0.4347189631080910,-1.866945957978350,-0.14305882784992300,19.8008176266577,-6.248906945465140,6.5541880463741000,5.602357905751210,-0.9988394252747130,-1.6326081185786600,2.8385001061814800,-8.17485334829029,-0.4668513788542970,12.752708633966200,1.0591652967133500,1.101264356023920,0.6972087973720260
0.7698258058136380,0.9929688515974990,0.5149890842564330,0.3819671613436950,-1.5302131653459200,0.18848747233564700,14.416338029141600,-3.3135304970763900,6.48904664492844,5.744458516960820,-1.9618560424659100,-1.9337601202436100,7.738566968285050,-8.281183599371990,-0.14769061431071300,10.738692776232900,0.2030376363621920,1.1741755800134100,0.8793762764867880
0.7870471242101950,0.9850740238202260,0.4309101498467050,0.44044030871096600,-0.535910518038281,-0.030748593288021500,12.680770896777500,-9.243790007835310,6.394774204428000,6.647615504898660,-1.9959564811380400,-1.6169411193955600,3.7543758196824700,-7.802372844493260,-0.47021258744488200,10.332105983022000,0.6694132120406340,1.1756303095683700,0.8809950036605210
0.7765532682565460,0.6474353279441460,0.5147752064583300,0.3102623325077790,-0.11074400342771500,-0.2036527710599730,19.106607879985400,-2.492583912065560,6.803211713693460,6.811273303203890,-1.9947738543812500,-1.4761903274298800,3.8932921695265800,-8.565735628085370,-0.25739720330033400,10.284667912433200,1.1248018324398000,1.1884498383140200,0.638791252638538
0.6718595324756400,0.9536293363209150,0.5537923456524590,0.2836256284178670,-0.8964475395483250,-0.2031589966784850,19.701968872455600,-10.318589557504500,6.462531650518500,7.716829555749540,-1.2646170146363200,-1.6228019785252100,5.006912357812200,-7.00663135838213,-0.8026196214889300,13.40619788917480,1.0137476987684900,1.0639951054415300,0.8411406785914560
0.7787850875321010,0.6107708918951050,0.5822999556502290,0.461353259643729,-1.2332555600338900,-0.9909152627366880,18.39709353181110,-6.084012671182750,6.1113727275791400,5.654246742244380,-1.069633899400650,-1.9419227864364300,1.6769204790989200,-8.180494776303400,-0.5359503653765110,9.624944136062820,0.41275357471426200,1.181262321987260,0.7537176276463700
0.5282762783257050,0.28514923758988200,0.693544982227583,0.5926983346750640,-1.5103702338834500,0.15501809237919300,20.18178913816270,-7.481766884278290,7.180791476850190,4.657154912348710,-1.3222301679322200,-1.8642600927824800,5.694102139599120,-5.994280125654910,-0.7287739672752300,12.171333621855000,0.5142282107248420,1.1665523263616400,0.8961698133812060
0.6860559787033760,0.7780841586071400,0.5798243000092990,0.4739032250886960,-1.5371940530909100,-0.15653796381947600,18.511405333203100,-6.175666704409280,6.406101730919620,5.17997224008402,-1.0034210668804900,-2.139694884381100,4.888512913009400,-6.847127878034080,-0.6477991183947420,13.626957956139700,0.5815981878624340,1.1722816444788500,0.468394169148257
0.5098043760082750,0.7374543376854040,0.6215992682577030,0.22698640873767600,-0.7835721740604180,0.15365932142881000,17.86415509085650,-7.949073348385990,7.123640721667190,5.39554824500866,-1.922438365526530,-1.5821258583116900,8.581271850785540,-5.594538881635040,-0.7804390397270120,11.987243402108300,0.8517719395098140,1.1812669617570500,0.6054582240341760
0.5067477028398520,1.0571603450431100,0.535848925949642,0.4940897604343970,-2.198548154111840,-0.016019315624105900,18.01048817340780,-10.39292749228200,6.417108707759910,6.322873888418990,-1.9580578489766200,-1.5278234342219200,2.8426446635029400,-5.064029882156010,-0.8360851400998160,9.668634269746010,0.8886759001941880,1.1490041185859900,0.6863542751544390
0.7693814574795410,0.8243076988130870,0.613227611244844,0.544748898738129,-2.048538675166450,-0.21360657304055300,15.373645775527100,-9.693027125119720,6.126800633792250,3.8049428613148300,-1.787710057854770,-2.008935452500190,4.722854377237600,-7.34343475704045,-0.7328260294698150,11.756918110158000,0.21165192229059800,1.0375848045547700,0.7265994954399570
0.7713513708799680,1.0498464406492400,0.6210452330540430,0.5436044454411290,-1.0181524019863200,-0.18198847575254000,19.40253056025790,-3.3092067999398400,7.452562628980590,7.018684984475170,-1.1193549889810700,-2.142829308544880,4.41101748196973,-7.1045529626493500,-0.10808795521098300,11.495199108854400,0.5542103556343100,1.1591904484065400,0.6897777316047060
0.6592540578081320,0.8120666691459010,0.6543940040690990,0.5637092260634680,-2.191388076193480,-0.14730753205395500,19.518458924199700,-5.6574331093572000,6.282988620155030,5.6366446931536,-1.5228111528027800,-2.1175418344910900,8.232715057502600,-6.841174296541040,-0.7863613471372610,11.657895469362100,0.1938304444334420,1.0648926622322200,0.5268350419008
0.6586653389808900,1.0131766677731300,0.6795823689782800,0.41809999608562500,-1.620405388001380,0.007379342109188540,19.325563491137400,-0.5918777735207930,6.542561318420290,5.526752899121780,-0.9277684017969690,-1.8841201771637500,9.695010217531330,-8.681962916064520,-0.020518023983338200,9.53922538415385,0.744511734388773,1.0736972845856600,0.4212842466596330
0.7365199924068640,0.23057882605321200,0.6376831762145310,0.437265796796898,-0.1840351108673680,0.04505455381498210,19.185125244281300,-10.632051899969800,7.14732534251029,6.299518516404260,-1.831166999449320,-2.1893641942527000,8.60644347760704,-4.553068806944850,-0.6601516523822370,10.831025283164000,0.2944944356563980,1.118578649490960,0.9016490875886020
0.7241954692942230,1.0890508564482700,0.6120113234224450,0.62766326487408,-2.122652157958290,-0.03370225274933190,18.301522353827000,-8.942929815530260,6.227821085740740,4.661342396853160,-1.2558495600852700,-1.5207740037436100,0.5173804582419310,-4.9795063302591900,-0.5484487307832300,12.7266050276879,0.958683857574417,1.1254878603162800,0.4571335165660760
0.6947601802421040,1.0002912612233000,0.5892770437963760,0.6144013223318370,-2.475010243761490,-0.39569735771162900,18.698729862512200,-4.951530460070860,6.7541326008752600,5.754862970474480,-1.6256864441517300,-1.6308876960971100,1.4560602808958400,-7.2999017095977600,-0.30086578054715400,11.934678648372700,0.415737682515442,1.0456383173362100,0.8676693599485030
0.7607286263834660,1.076460946254310,0.5316262647811510,0.5123149658808770,-1.7177462668194500,0.08018803882201340,16.027720805740100,-7.916020788718150,6.437575816855430,6.490739139117060,-1.678705966059140,-1.7989926768075000,6.535898243028940,-5.7334857358325600,-0.7045202229300350,11.507691683828800,0.5622572229908230,1.1493864471664600,0.44555747719872700
0.6512349883768820,0.9685302189933980,0.5912639670782900,0.4764071508024870,-2.002245338675950,0.08623695220696900,18.1132103336791,-7.231170006730140,6.2238530249689000,4.256640867563930,-0.775006093081257,-1.8970021666947400,8.298057190863460,-7.889735819725890,-0.7614245139294200,9.819922693684630,0.7653049794149590,1.175709386531370,0.5130249157326340
0.7618116910039370,0.7697341656311860,0.6498743342652050,0.46299792674367000,-1.9686868240392300,-0.06621655440603170,21.710020246658300,-7.578381290399990,6.104213136501680,5.667550899269860,-0.7740694680056260,-1.8317138171564100,5.396666636798650,-8.71683079754867,-0.799337042029205,12.721942466113800,1.0377951946652300,0.7897735617283040,0.6337638696081360
0.7639278997382540,0.525443470293615,0.6620335381913590,0.4127733376003750,-1.2468964045183800,0.10950817056869200,19.9638179021804,-9.262528482864940,6.817696567908090,4.189776387971610,-1.7075305071413400,-1.7435480224706200,5.568957880536680,-5.103364227648140,-0.5565763687857590,11.774412231625200,0.37368791941809,1.1156573978373600,0.7634350803116060
0.7148053191637090,0.47475259403274000,0.6775014998729360,0.42640261695068500,-0.8677114845592830,-0.42552624141335100,21.792733298806500,-9.27804441432629,6.42911860769679,3.998672839583870,-1.7265643362773000,-1.9283683421633500,-1.356311663884080,-5.429455446009170,-0.9874761783198160,13.639342424561700,0.4227220713801140,1.1568690265226500,0.3963124158592330
0.7431541828897970,0.980075622924381,0.5671526053840130,0.4771428042481620,-1.811845104642080,0.022971118328971400,15.908133158465300,-10.02030887521650,6.405752218006590,4.844127283853250,-1.2267807752013300,-2.045463810631850,7.6830782146862800,-8.83932169351068,-0.8723866408825070,10.585090950351200,0.4118041884271720,1.085580498889410,0.7216999939947910
0.5642209683191910,0.8082763811701620,0.5573002886120370,0.47568489042233000,-1.165898860095490,0.04615829943720450,19.133156062019700,-8.471228517586110,6.353344267247330,5.559893247947470,-1.6327585854306300,-1.6327515977688900,5.5763214996225300,-6.720500154997040,-0.8689095559932080,10.511122317909800,1.1464513663138200,1.1577560873174400,0.4810869294305480
0.6485813224617890,0.8261611523832090,0.6527125889421130,0.5030322011850880,-0.6856462225305480,0.14954482136655000,19.405996349378600,-5.3379216467766500,7.313038873402300,6.181110902996730,-1.8708334763336200,-1.6923304257597100,8.576475046784560,-7.889011385602280,-0.416677796491818,13.823444927423800,0.579928063445385,1.033981559614990,0.6429935636691510
0.6570844738795850,0.4242760908688890,0.6166995960667410,0.3312270555332610,-0.8090287276209920,-0.14011324812158400,19.25400669285340,-10.510211683094300,6.723156538854290,6.571459929333150,-1.2698092519381100,-2.0205804818152200,7.02195966719773,-7.101369836483040,-0.6381920011498030,11.210109410286500,0.6463366620472330,1.1733084066817100,0.8758594060193220
0.7507871397042330,0.6080027916663940,0.5477093431804860,0.4276984889487090,-0.9584961324259650,0.14957079454973600,18.169296711450500,-7.312368126506610,7.744480211703580,4.184335711912980,-1.8596681389390000,-1.5029138953720300,8.37495979252372,-8.593659231845180,-0.3915895945629650,13.252723968944300,0.8609775870089380,1.1757669083816700,0.7210051500919520
0.7491679918834730,0.20468315954334300,0.568779132480195,0.5850822861674690,-1.182311513933190,0.004148959882202570,21.60523073606070,-6.012935110163500,6.093389953078880,6.4538646285874100,-1.4871692021955900,-1.5495258361850500,6.415996179529280,-4.834870631782790,-0.7009078023378160,11.215119222298000,1.1112711764257200,1.0990476415399000,0.6029490009332780
0.7358409561396360,1.0279328478203300,0.6547594766364530,0.3578295953528440,-1.1222785342175200,-0.23310254166710700,18.267071124844600,-6.6219090680093200,6.946717504780460,6.338061547713030,-1.273359722631610,-1.601516933164590,5.402108103641410,-8.815502531534790,-0.38030883613792100,11.595452394438600,0.7151774463005010,1.1347908142797400,0.7564331516244450
0.734432125715046,0.36169983128142800,0.5857563775289420,0.4011083836666760,-2.34670262937672,-0.5094050520212350,20.926105751188500,-5.510812617361590,7.027242885251410,6.031455382163500,-1.7513862932430300,-1.6733660892297000,0.3193122974924170,-7.124462210211880,-0.7221650788359920,10.204095075557600,0.33783016530943200,1.1181126049723200,0.6040216198553440
0.7063264039431210,0.6059103541651560,0.6804731248741590,0.5285944601456990,-1.7828713399160300,0.2715597402526790,21.212644547223400,-8.096395680955090,6.956805337854700,6.040809936283100,-0.9855442122966930,-2.1296612484554200,8.989515007087640,-7.92600667054745,-0.39885150781320400,11.046397569645600,0.4891872780244690,1.1256619961570700,0.3646500309907220
0.6626552129623190,0.8805837860677460,0.5708688409352240,0.530364881109116,-2.0757300515491000,0.0848401147437777,18.57616510128610,-5.338731234429860,6.397955015241700,4.8273514247164300,-1.0089961185382900,-1.8997350520088100,7.007419007054380,-7.843961191423200,-0.604903305862726,11.396562196887800,0.4404661077167410,1.182279353067010,0.4757778142207660
0.730813639384777,0.36106834374668500,0.633846441828426,0.326453165616211,-0.9989243427345170,-0.21225409678588100,18.142245237605100,-8.248430409694390,6.827730150649350,5.752344037935970,-1.278897492844010,-2.1577123638135700,3.42359123606454,-5.950981124385960,-0.516859107406402,10.218054749428300,0.682980490102308,1.1895224131508300,0.21928439519477000
0.4690203446743280,0.28773942865327100,0.6985794308841240,0.5051519931665260,-0.6047674134196090,0.16193872606174900,20.679889193976200,-7.507832162101540,6.655039892640870,5.184175625587670,-1.4472236992929800,-1.901880486815770,8.916145633393490,-6.986778667858110,-0.5929081394454750,11.392893151883200,0.87772685848096,1.154774703267890,0.7301487776254070
0.7751346473486830,0.8627955235080880,0.5923384558381870,0.4441409921121500,-1.1866732075951300,0.05190075961082340,20.482349913923200,-4.626780503523200,7.616902518092270,5.599862069997570,-1.0683037161999400,-1.81143602600584,8.44915053012816,-8.013568112762610,-0.2751861896009300,10.999075118624500,1.0004944860625300,1.1673511596770700,0.7508160810776140
0.6773609824684080,0.8529661501374020,0.5885681976807420,0.6422389922596650,-0.23761104459984700,0.2592521135497860,15.37352575263500,-8.761508912817180,7.063090565743090,6.860349364849810,-1.542441829827790,-1.8909100989946700,8.395056290132360,-5.74946643878001,-0.6859663618463390,7.99097404602436,0.5532989743491710,1.1759362922200900,0.9116850083935870
0.5018496380970330,1.043905084624100,0.5767128841683120,0.6612242170744500,-0.9745760112336150,-0.2516897218021520,15.437734316029800,-8.880835420086390,7.567914954576740,7.56516476561426,-1.2571411739789900,-2.074788982520090,3.0352021978612400,-7.818289346915350,-0.5187187168415320,7.873204269362810,1.1104625022366700,1.1604666326134700,0.5609606787991760
0.7130442070833810,0.9289916014065350,0.6320600914758520,0.4836108492019300,-1.2417850730861700,0.16473597036131800,16.133132136599400,-6.258949021243680,7.416656350663320,5.986821153492830,-1.4207466407418700,-1.6159402012409900,8.603636820917340,-8.275768274751830,-0.3895642144160530,10.889854372968300,0.9618094869776930,1.1976268744971400,0.6862165644892060
0.7828283414476680,0.27598348300189900,0.6286525741034350,0.6923654920976240,-1.2988601504500200,-0.3270142418914020,19.422533165546500,-6.168341059297370,6.886521541426270,7.415446304406620,-1.8197863390201100,-1.8494287181583800,6.891935011421310,-8.665901031204140,-0.6479471212024130,11.08327355211170,0.3190560551265260,1.1568688528890300,0.3189833321425400
0.5277865878467120,0.9628511384124080,0.46739623825106300,0.27474161011333500,-1.1377948764268600,0.2774439874818670,18.737719541626400,-5.476045535192050,7.453268557289750,6.446956638456970,-1.1246703460722200,-1.806346834214060,8.255031188082820,-6.047938144317100,-0.2724263299215870,11.469034749527200,1.156913575684330,1.1136521735080400,0.9300772251473760
0.5673061726126940,0.7429252676362810,0.5395733561487840,0.341427338914255,-2.2179883208127,-0.22688394333095300,20.345851555736800,-7.163690564122590,6.333789344586080,4.880096699998510,-1.528630052263640,-1.8040490619393100,0.512044560579693,-8.834861404977410,-0.5089822133704890,13.667238431492700,0.55512891146105,1.1503692353419600,0.6864550169349990
0.78507869267595,0.8001555260051460,0.6457410523657860,0.5123833523301070,-0.2858954109460240,-0.48231358884553800,20.15991233884890,-5.615252020664590,7.250697587031600,2.9885587529583900,-1.522005136075130,-1.7381685107440000,1.143702491117990,-5.917338903726160,-0.2832878422005630,9.806756698439180,0.8795876147720780,1.190955307122500,0.8326157548757240
0.7908109383830980,0.9945811384151460,0.648935556127504,0.32868520325264800,-1.986024911235820,0.25714797237208800,17.205930779119500,-3.976362435493300,6.5875881127815500,3.581912819573320,-0.6853941632396100,-1.7890610277322900,8.896380029514220,-7.96405287406848,-0.37655204244526700,13.590068784248400,1.140558144944530,1.1696125531383400,0.540988791339124
0.7226536218992920,0.9622281617366120,0.49604222619183700,0.6014120065984550,-0.9249734218157450,0.1404800175897130,20.157635195805700,-9.138124958511960,6.064825062897220,5.438886977289990,-1.2137520448915600,-1.928913638175260,8.443992351581560,-6.923277156849090,-0.8610085627029890,13.01350119589740,0.643435288801027,0.9689830893791590,0.6427679043026190
0.7826856433270290,0.3038733967310940,0.645094042915273,0.5694330569815380,-0.7806249534755250,-0.6857767083797030,19.998144705757600,-6.588717505221980,6.760638326685810,3.55755879040836,-1.7086577853169600,-1.9569150813019200,7.260116133303970,-8.10059745010508,-0.7005248658952300,11.285215331944700,0.23744771477369600,1.1887970994908600,0.6144304110591200
0.6627541876746000,0.745867894736998,0.6978644391197450,0.6712164518116300,-0.7430059319124570,0.17019114886039500,20.56785876751950,-8.70931450559932,7.0982281684906300,6.371911324336390,-1.48580690718769,-1.6898368741198000,9.453912041796830,-5.892499905846700,-0.7492265482424280,12.25065690456680,0.7802091142057720,1.0612411435085800,0.7373450383969120
0.7204421250251820,0.3954739212159140,0.6913316001293770,0.6269277918149950,-1.3210200331429000,0.020310650512756800,20.46603451461820,-4.257009058858710,6.974032434730600,4.745095991218070,-1.392665618591550,-1.5567023119699000,4.223193355231910,-7.0064813118153,-0.3184115286256570,11.612248668988600,0.8644001600449030,1.1091411464835200,0.5385237790428340
0.4960839996443660,1.036964125197630,0.5170216803624350,0.6093347715714420,-1.200537936808020,-0.08036687594778210,20.968326993183400,-5.626784156591620,6.122525190254740,5.4226576895899000,-1.2587912493226300,-1.9342401690236200,4.9980083282940200,-8.75317477073464,-0.4309582035935340,13.27947825218840,0.7957859699454910,1.1661153280956100,0.28474531029977200
0.6219087430752100,0.7617338508010020,0.4419116227025670,0.43532811344605500,-1.844293090944470,-0.4996735540408730,21.71781012108100,-5.183954530598310,6.329159468760260,6.09414443316895,-0.9185142602337770,-1.9404874953148300,-2.1570158247573200,-8.235582123993140,-0.38650941795113400,10.956150704586700,0.5454625423109220,1.164078817143010,0.9989329319285420
0.5482339091590490,0.8050721098144950,0.6874128559695060,0.6326018161020580,-0.7905939245658290,0.05189233727098410,20.852137915175900,-9.838464733500230,7.3960771941822000,5.379278955498480,-1.9564882906108500,-1.5997129960037500,6.937282933425630,-7.441384704491350,-0.31293953779237400,9.689033272395030,0.5881744898212850,1.116240979162900,0.7943529008909650
0.667033881161187,0.5448525828249050,0.6444158674819450,0.5145548242310500,-0.6837111799250120,-0.48232627179090300,19.974935920439000,-8.51050232336411,6.493762717677930,5.597517444972970,-1.3484539121001800,-2.0657095475462700,1.5390949184480800,-7.289160263268740,-0.8927157578926430,6.254349302458990,0.663450795809246,1.1321471975083000,0.7644468672293110
0.6841724226403830,0.9201378553402170,0.6832634530553660,0.3502271198274340,-1.8392307191376600,-0.4647610618783150,19.024122938417400,-5.802885860262100,6.085835144238830,2.890972455229590,-1.6901407465663400,-2.054590010230740,9.181774130167580,-8.231089058862120,-0.4803978583314060,9.581516227269370,0.2052392861816520,1.0736259106462600,0.6394643587700880
0.789568525840063,0.2783741805573170,0.6050749407363750,0.4977080237468390,-2.4574729734565800,0.24098413393748500,20.937435552728000,-10.821637002528900,6.525435006191390,5.466267314317710,-1.4833751704479400,-1.7234452116554700,6.751755909894600,-5.058540298676910,-0.7797919797028500,11.52160881544160,0.3122706123317130,1.0264375937782300,0.7014560811638280
0.7874782618580880,0.4792652030617370,0.645710888474495,0.6562459352621180,-1.7169512089704300,0.21588660204131800,21.5734833505869,-6.571709536297270,6.190146907172100,3.4528257839635200,-1.7206331638619400,-1.802378604438460,6.182037897603340,-6.106949617009280,-0.5287568619734250,11.69509589288060,0.3964842287508420,1.1982113950808500,0.5699012307797170
0.6789856368204680,0.5532379951543370,0.40461561039978200,0.6115796289774460,-1.3625479569036800,0.3844335556178760,21.963105151590500,-6.551633942730200,6.266521668547210,5.8435470299812400,-1.5784561395507000,-1.771350118900990,9.225953889613320,-7.146787482158120,-0.31275478122429800,9.897710466764250,0.4899399388069070,1.1271565758055000,0.8705515425765100
0.6830360830075450,0.9186522953740100,0.5880000466483860,0.625821637280104,-0.9709650840526260,0.059128112740516200,17.892792203818100,-8.021092967228860,6.840062359585700,6.770281740037320,-1.9248639524922500,-1.8960981481927800,5.89128429316937,-7.123109650837080,-0.6576600146810110,10.892621992276100,0.22064461372523200,1.0388710824558900,0.5862918330613050
0.492494019944269,0.8611847592146310,0.6624536353081220,0.3926965235277340,-1.7931721313931200,0.39984429173146100,18.050019638187900,-6.611544875650750,6.847107927957000,4.528052191733780,-1.1735305403406400,-2.0368549640855700,8.607442375537750,-6.844196468524470,-0.9581780400536780,13.486222310206200,0.3557532697098470,1.1755388378554100,0.5785256264223110
0.6867525015778520,0.571032370689202,0.6697419801281420,0.6111736456887200,-0.47544086862647000,-0.06418545104956610,18.899591867106800,-10.879101399846600,7.883671152967400,6.8604240662323,-1.7449145377021100,-1.9492818999115200,7.2393440660621400,-5.9660739085875300,-0.732079600133272,9.972589973026910,0.31900151574284500,1.1733969948810800,0.9219444949802580
0.4951187096828870,0.95975120662682,0.6074886771186870,0.30622714478416500,-2.0603391805561600,0.05890227199469380,20.758633626687400,-2.9894544059852000,7.116874186871310,6.0492091245625100,-1.4865425717428000,-1.5757300793511800,5.7471235405440600,-7.448778082954610,-0.16740162746620800,10.81575204848160,1.0105811562015000,1.1444714520861900,0.6989064218192320
0.7542517480517880,0.6565432227682680,0.5912025269111960,0.6800607520571340,-1.6244081107754700,-0.24004640807901500,20.06212092751720,-8.799196775309640,6.884441365823350,6.306965932479430,-1.2114763377430600,-1.7208241639277700,1.8146047574774500,-7.140940440107730,-0.48384289100491300,12.899211539981100,0.4346617057885820,1.0772740949884300,0.9538434485278660
0.7268382512005500,1.0010117696011000,0.5301584623326280,0.3053966027078620,-1.8061519746452000,-0.4962294292705010,21.553567281960400,-6.006273683048340,6.101051988388810,5.271817203982640,-1.1728453270086500,-1.7803445796494600,2.9083055291717700,-6.494785741908410,-0.4462168491951760,13.595099659213100,0.5467265977149260,1.1662621212973700,0.7717381119479120
0.7534773986229500,0.4641524884866500,0.44484123072756800,0.4460894567209290,-2.118953032510270,-0.27706404969722500,16.16452621994050,-8.026171663860170,6.3075681111794300,7.277625831523820,-1.3238058670419900,-1.8255330438603100,2.4119726318061200,-7.704587945594600,-0.42559417419226000,8.501160709587480,0.4944213215702410,1.1951338666793200,0.6290607906870580
0.7735286413973670,0.35612489195203100,0.6852713000578950,0.2635653514569220,-1.333802276933540,-0.30917728524967500,21.564347118716300,-7.464239161758930,6.8973754941875300,7.2185169623862500,-1.8317685114291800,-1.646766649398890,2.8271539282016100,-7.584745824959980,-0.7188791863900580,9.407252654862580,0.49443201151988500,1.1700715241337400,0.7056434454543090
0.7930142969795040,0.7156058935828190,0.5788164491911500,0.3090594729088270,-2.233475626848180,-0.17763735829832000,20.35897628740680,-10.292622892009900,6.103864977920980,6.584711725575840,-1.2098793393663300,-1.8929247589020400,6.119768874734710,-6.737583233348320,-0.8284237912321250,13.32579003488610,0.2412758211220170,1.1686628321205900,0.5936069941777880
0.7983338770170640,0.9730257555573470,0.4869945145123040,0.6040460218349190,-1.3808770536382400,-0.055297370658811900,14.520622767041100,-6.3205916228485100,6.115042647372090,5.251560849433090,-1.14540734025185,-1.957599774982820,2.7981432034735100,-8.739242146276750,-0.6569221660066020,11.072620739591900,0.842263052151107,1.180562822585940,0.7286349229221230
0.46388384111517700,1.0318725799615900,0.5989793067269950,0.5136187680634410,-1.5996352999378100,0.07680800850915120,18.515981506733200,-7.389233977038790,6.994060417301660,5.92158876967782,-1.3735199931023100,-1.8780004117504000,5.783737292224380,-6.999747998198020,-0.4135636803531910,10.342766604118800,0.6674911479592170,1.0790374701993100,0.9145513742529370
0.7726944023156820,0.7644433933785380,0.6787564977315440,0.5517166426480220,-0.4245429730177800,0.17579788050511100,17.67472997611650,-3.6531343473116600,6.89162073382292,7.035254387219060,-1.866202684909910,-1.9517708995323000,9.928839711210850,-8.8609587201055,-0.49002613175740000,9.129714448900920,0.4283198009925120,1.1017993229435200,0.2976903836362190
0.7890502858734650,0.8616647936625060,0.5214517945370720,0.3863337185911810,-1.4031805126589600,0.016460265483151700,17.82782708918720,-7.337021276866100,6.964463198404830,6.189418092368430,-1.2579491355530900,-1.778109652651860,5.406312123316460,-7.13579955008731,-0.4175354001486690,10.556173948169700,0.5833400587102470,1.1483922160278800,0.7198322600534610
0.7543252227521520,0.7179398061896090,0.5937105890290090,0.6239887335721570,-2.450466621121100,-0.08419737510495080,18.123705342123900,-5.292316615344830,6.050843659438840,4.87561731176307,-1.6013513830713700,-1.539880420286770,6.8572793353036400,-7.022838948172790,-0.9191033019476530,10.047738896719500,0.517248131801733,1.1130322057353100,0.46967721918252800
0.7453742001623160,0.5467625928830950,0.6100657212330430,0.47400768595768900,-1.8570246212869100,-0.08118004257390760,18.389811817194100,-3.985161858989790,6.354217099484980,6.150795495637400,-0.9738820250127360,-1.9393973303084100,5.592430073303260,-7.873045351455450,-0.5451144898838250,9.45043020184131,0.5546194617863480,1.1499052379059100,0.3878428316927350
0.31892910993053500,0.5573918923681830,0.5113334744838920,0.5651021364622200,-1.8916794747340600,0.008932544196116000,20.49502630346790,-6.257490308853550,6.189210848922510,4.060145032034190,-0.8207464785990050,-2.1187811146671600,3.7451407225445800,-8.040568456090820,-0.6519266433987960,12.479260376078300,0.8212836049454860,1.1522630727309000,0.6125973223106730
0.7668090421343080,0.27255842444764200,0.6934063334687190,0.6538312425582440,-1.3245668204560700,0.37897034552538700,17.825361920409100,-10.937151237536100,6.539178495259520,5.70259793012165,-1.7715170288298200,-2.156146379292110,9.020890320043610,-5.216921898029070,-0.8585964595121840,12.395381094541800,0.2785362403966660,1.169611477170610,0.46155689732808300
0.5978309893024230,0.8279429154229710,0.6825104015895170,0.6866295797785990,-2.0453730543343200,-0.032890713382526300,21.70449516170220,-5.2428353848072900,6.592559637786720,6.395004162972790,-0.7265513954314510,-1.73100857540894,0.8263613102581990,-6.43387073439933,-0.025452492235328000,12.8936129797764,1.193002475232630,0.9345576963604200,0.5856228843612080
0.5275100568962350,0.8089323012557530,0.5836680712298480,0.5123554310317600,-1.1706227490300900,-0.2270072578828700,19.071772786433500,-10.389107854158800,6.55012568915059,6.421350312912160,-1.150230429345650,-1.7589882207899500,4.544349314008140,-7.044053353923970,-0.7357523632249690,7.964606664535700,1.1569339660833100,1.1677055429161900,0.8168100829974380
0.6438250292376730,0.9741105877756160,0.5166473955000630,0.3128283157020360,-2.287090063722670,0.1817631234078450,21.685046878107900,-8.536495648853060,6.221117336096140,6.476311699558640,-1.3783398724671700,-1.851962009718800,8.503143953588600,-7.7604092539675700,-0.6636354493432820,11.65262828439760,0.316054088535053,1.168036738230690,0.5857596429880250
0.6677723090187160,0.7820382998932250,0.6510969758060500,0.4036867641185500,-1.4852540404710800,-0.06983802881849290,19.194613525895900,-9.761831517512340,6.762489912205920,5.448543523528620,-1.8272417352453500,-2.067283075879110,2.9526505834273400,-6.299741682058950,-0.6962686170062210,13.019881258199500,0.31634028965827800,1.1981461631844500,0.45714305411282900
0.7235704213692690,1.0114545068936200,0.5075226705309610,0.5481648808775070,-2.4802881618423300,-0.5843739591330410,21.67981811082650,-7.380832871554090,6.331268988182800,6.258554602348330,-0.9968153406477840,-2.182680227323670,1.5772155976453900,-6.6490358823982100,-0.5206868637801200,10.349629984378700,0.2927675019678960,0.8584192287243880,0.957063968395033
0.7638512816077670,1.059189143429480,0.6731804826208520,0.446143498077859,-2.367949270450630,0.011471217508836300,19.241035604181100,-7.227239549271400,6.8931815901319,5.609299387007790,-1.8379186454649300,-1.9348419059950400,7.414990680063870,-6.844944863500890,-0.665050320568526,11.133673656647700,0.28838622123768600,1.1477562142055500,0.5327977469419670
0.7323947485621970,0.9335258950594180,0.6669623671580400,0.6662344693660680,-1.3920702556575700,-0.1000187208703100,19.925437818982900,-8.346948023940450,6.273612745096990,2.720886188321440,-1.062390002968650,-1.7255318272355500,0.7282886871802390,-5.102770002611680,-0.725326790508774,10.623463757261700,0.8017396933863670,1.1077088411850400,0.5352088135796180
0.490837112524539,0.2710650757074580,0.6375571463716790,0.6063530133771560,-1.3709087222552700,-0.20045502123470100,19.038556225248800,-8.414985796626070,6.80682434225558,6.861431564249290,-1.0397765165102000,-1.7291434957435100,0.9658910681494670,-6.941827446361490,-0.7646746235893960,7.9721973600732600,1.1517650284124700,1.1823577771002100,0.3692805519165970
0.798523686861018,0.3456353379636220,0.6433708942162020,0.38087438379154900,-1.4429353137908200,0.03415850843755760,19.84125067393260,-1.7153823521296400,7.452441371488800,6.715836521542940,-1.5070751734973500,-2.0732073976266200,7.769329057090040,-7.689546640856640,0.15557286734480900,11.705494304836200,0.18501174946071400,1.0987889295643700,0.8345265003309540
0.5327792498730630,0.836976933185597,0.5981753537277400,0.5621598166425220,-2.1931646628584400,0.346270843471457,17.475625357189400,-6.12145650678226,7.164139088043330,6.314013718999430,-1.3508060759426500,-1.7372533318899200,8.997315031009870,-4.924923915213840,-0.2595341100837990,11.330220001666700,0.6932305064775790,1.1626463081921700,0.6572608312286120
0.6026358385497910,0.5471786104622170,0.6663060740110870,0.5482840095314950,-0.8764557855730560,0.022930803910261900,14.719728134242500,-3.3954782690455700,6.206661678755390,7.258639675290360,-1.8710020892454700,-1.5544040858249800,4.90897463905108,-6.66575324671123,-0.39353309338841800,13.485433592199100,1.0069858461090700,1.1453576792658700,0.7128054327977270
0.6203833016580770,0.9241048008822120,0.6450440097953710,0.5703130662041800,-0.6238762302553640,0.188642397890054,19.64982988212990,-6.038622731338150,6.522057108316730,7.499649978999930,-1.3220756273975500,-1.7644232019290900,8.933231151269910,-7.3970785893063300,-0.6375466839163200,10.796167093288900,0.9877824469559430,1.1727109039465300,0.9129124447291060
0.7810516910767710,1.0019776156153000,0.6560178741659430,0.48780043230947400,-0.2276528361204490,-0.7087266293833110,20.07303725918430,-10.514526911303600,6.628329596747850,3.8470774309314100,-1.6891181981472900,-1.7201818479044900,3.243212459393360,-8.057383046233490,-0.9353454484901780,8.875903548349940,0.4945584340417690,1.0561204544401300,0.6110859510367540
0.7909099272984290,0.8183929748922190,0.6372626081584880,0.6174159543789120,-2.164296454186770,-0.6040842613519230,13.281737333027100,-4.335532196935730,6.485376676706720,6.565997703569570,-1.143328135565880,-1.7989262641197200,2.8261318339398700,-7.4047373340996900,-0.4170781970188430,10.810450875271300,0.2894353547130200,1.1814390286372000,0.5815198830113520
0.7322300911782690,0.9949382100163800,0.6041418875523550,0.2618823306488610,-0.9653630735463270,0.1666574755131980,20.03533522410440,-10.507341123415500,7.230317329061150,7.619803525119960,-1.506053675055550,-1.9758722035623800,8.307765448702740,-6.980588206194710,-0.6146851733320740,9.422006976701040,0.28980749894236000,1.1213692290607000,0.9038646090509180
0.632005909747323,0.4146870770032810,0.6251737081096500,0.34575188111763700,-0.828078923080728,-0.05034990654972670,20.541947566384300,-10.949274756825500,6.288981739468290,5.685093115548440,-1.4645198858698200,-2.112183324555050,5.89787137437994,-7.086128503279620,-0.7809509238424830,10.639114037378300,0.48789134893891600,1.1059357529785600,0.8464623506502810
0.6741220714580640,0.8434904282507260,0.6769758890658630,0.4132679608399090,-2.118643350424190,0.08512502103080550,21.528358190953800,-10.435688847876800,7.216151929654670,4.98863455591455,-0.7686230926488140,-1.6734291436903400,7.359308508762490,-3.8824107061661300,-0.4538563659451520,11.457064068015100,1.1817128316426000,1.162763758007030,0.872103715290553
0.744650862352686,0.29029902706738900,0.5402547615691940,0.5214346902127100,-0.20483867147256700,0.026920862706336300,18.681011416794900,-9.04197599459198,7.211947403242610,5.845493963063220,-1.5164292597911700,-1.587975247317890,9.37832408514315,-7.784911048137570,-0.4808823877649670,8.979652180718470,1.1201561292403400,1.1160935763850000,0.8839782298648020
0.6967284957030910,0.807118207931914,0.5915026521747800,0.5175904340964710,-0.6439623709977560,-0.3589127372557220,17.759654992254000,-5.638794423604130,6.736602466866360,7.296002406224240,-1.645960267473790,-1.736713634591730,-0.13381917567429600,-7.645046275736740,-0.5921089131889010,8.782862002072950,1.1440814090499900,1.1423988821893400,0.4844524761410420
0.7892792539031440,0.48243869257011300,0.5679261570659220,0.29882899724472700,-0.43921534861267300,0.021233060914060100,18.718053136582700,-10.381773402281900,6.381580309928680,5.815073787039100,-1.4326824206426600,-1.8814727290733400,3.396200489582370,-6.339309192800180,-0.8884117622736150,10.275716699483200,0.7336899669061720,1.1905959674987600,0.6866782451437910
0.7985269475130980,0.8139123188190210,0.6384280054992270,0.2713211774128850,-1.5261867130949000,-0.6905269576567950,21.63980153034330,-9.787409373265690,6.518888972756600,6.700943231598060,-1.3229010973590500,-1.5293540401614500,0.20280401546975300,-7.702288152856570,-0.8269747476625970,11.757682628537800,0.5417988365854420,1.1118157989602500,0.7107255735096670
0.5810092322109680,0.33392249818895800,0.6520207277911530,0.3437430487453200,-0.33174081104259800,0.15177062637645600,21.93649598270610,-7.311358863697840,6.654294903533580,6.600661145938690,-1.4606244643845100,-2.079814629450270,7.180431749077200,-7.856560324982830,-0.46870368180790300,12.743117464796400,0.8551172536484720,1.1543465709331500,0.9476282557695500
0.7911001918226970,0.7380429933755000,0.658753235461199,0.3964498547161240,-0.6242540364073220,0.06307773077892580,16.80288490926790,-9.544330347574170,7.605826584976240,7.773116437931960,-1.924784966005130,-1.8076362068093100,7.526016256981130,-5.08397205193553,-0.3684655294206050,11.787034603170100,0.36678767660671500,1.0663439852722300,0.923428039261563
0.5021271506066750,0.966651188384889,0.6454284999515,0.547333899502006,-1.9833925770401100,-0.16627453641482400,21.94208903143300,-10.552709005718400,6.288827908632140,4.690690726045040,-1.5871959779929000,-1.5573835242727900,-0.9289032523393840,-4.079693270161790,-0.5543067721540830,10.779195556397900,0.968784127812323,1.1684859846745900,0.42200061409877500
0.6429736598445570,1.0092137748641300,0.6361166489612890,0.3163944616212610,-2.326199565859640,-0.19059308855550600,21.239623961405800,-6.41670657478787,7.040772247855220,4.208089863355350,-1.8967370708129000,-1.6394845673562900,8.723026647707810,-7.356184503580640,-0.6365189371231390,9.705114718359280,0.44695200752685500,1.156271540884000,0.5237841141736730
0.762062565054229,0.29975306714471500,0.6587428774667730,0.41140230802500800,-1.4501107794371600,-0.18416287169142000,16.771252844604900,-8.492014719260590,7.3368485462159100,7.103598036044500,-1.6852697079870300,-1.6436651856294000,2.884645775764530,-6.86383136038161,-0.7995009818727640,12.730484031857100,0.5869623375351130,1.1143913109922200,0.5260105026428260
0.641180885709412,0.8925183370152320,0.6257903682233830,0.5227598312355220,-0.36346476305745400,-0.20294140467350300,18.34400606239810,-8.973941752005270,7.236649488820740,6.956890014838810,-1.734349721809780,-1.8719531500890400,6.7660389045788200,-8.345220664792620,-0.8049426891616180,9.835619731768510,0.5318110624994700,1.1414760298660200,0.4369584242729440
0.6096031879809490,0.2462105245338700,0.5904910584748920,0.4775289491121600,-0.9123695711982430,-0.06256334846511470,20.26553117044210,-6.1518383745868200,6.297005618753250,6.109708630113640,-1.6501021305116100,-2.009075492005040,6.90898829769915,-8.067260330202930,-0.7193318500810740,9.972113259951790,0.4706356485810320,1.130296794378230,0.645053029549572
0.6541530264897670,0.764236532553998,0.6564993074246000,0.4631662221255210,-1.820054115760790,-1.4975511365398200,21.973848430510800,-7.260293909340070,6.138829562442500,3.1046150346411300,-1.7528652264793900,-1.872449862229410,5.038355866006070,-7.806837944681010,-0.7894817338572890,7.534152206497050,0.20015552966284100,1.0950810268149600,0.4362912069959550
0.6148094057465420,0.9309530842439530,0.5732721247940700,0.6406613189121500,-2.4690958994633700,-0.29345939726946400,16.430554125851200,-8.314714552540590,6.121266725760540,4.690844808580400,-1.8349354530394300,-1.5524339858594100,2.738598658666500,-7.150278396243570,-0.8035188478873330,10.70906623524580,0.536409696252189,1.167818559819480,0.8240498570763050
0.650295180076345,0.7987617775159740,0.5102602784976000,0.5743074445000600,-1.6961499927566200,-0.10177873507759800,17.48455962202790,-7.543764785159460,6.817201725769090,6.6412900841056200,-1.8963495704716600,-1.8839367478810200,6.283417111584710,-7.14248520365199,-0.5725195214814770,10.175758035901700,0.6856812712066720,1.1596588618282600,0.5139390280869040
0.6382036028850710,0.7467465126666930,0.5315168020212320,0.6448274673962860,-1.6185207140272800,0.10097560056286700,18.27088474726650,-5.5588794388651700,6.139009424438690,6.892169465095950,-0.9623816326401740,-1.8579578192727700,6.660586405782640,-8.870123163150690,-0.38597067109578000,9.880321956290140,0.8845269700657750,0.957004909812555,0.812927897067042
0.7368807392504780,0.7018482770622670,0.676837192414937,0.2919422989182200,-0.9177801289452200,-0.18227111959888500,19.739720574135700,-6.970108849220520,6.880056945190470,4.747707528088380,-1.4264022175650400,-1.85346541461049,5.603271936058370,-8.166597320967950,-0.9596846688430890,10.557835245942500,0.7817742646385050,1.1417744399197700,0.36193042721368200
0.6997757956595730,0.9078057621433650,0.5709409686708960,0.2795103098900110,-2.281645164445080,-0.1710874288049000,21.031464352451100,0.20969233536096700,6.935672730697360,6.707108061124610,-1.283805241594140,-1.6619231121449700,4.2179162213058500,-7.9295972352421600,0.13853837441568200,10.607509654838300,0.5980786296329090,1.02067212348794,0.7603104042234130
0.5961332736373410,0.7545176595976440,0.6867886195934270,0.24377975457775000,-1.35732394001455,-0.19709771336072900,17.631346275822800,-7.320318287907600,7.288990975740120,4.45329190106243,-1.9679483817004100,-1.533750852401390,1.192816077511570,-7.881076430303990,-0.4648243091169660,13.23838896756660,0.9472257847685270,1.1424665353815200,0.847206167006246
0.7085402437808760,0.8396746250481850,0.6063027159215140,0.5994338590552390,-1.6704888924236600,-0.16982086502390300,20.199313769255400,-2.2631591582566800,6.7665138569993800,6.221740538475080,-1.8681483219432300,-1.783537943678690,3.7857831664440900,-8.568119301227140,-0.09395058223502850,8.604948857196630,0.3804825026347790,1.061131486782800,0.4715350736942740
0.7659987319937090,0.2445840262353460,0.6477014307153430,0.41341991233843000,-1.4689220137485000,0.10995293130330000,19.698934869782900,-10.81539487160050,6.8500986493395400,3.3618795035921500,-1.13149171724325,-2.1833675266421200,6.134693582529380,-5.694034055813120,-0.9338386225359140,12.121871658940600,0.3274958080555180,1.181685921312150,0.4484803099773940
0.6912695609309730,0.9086883709299780,0.6286509640041410,0.6421040971658990,-1.4044955583625300,-0.0662830945168394,15.504922297524600,-2.9316827831714900,6.216248242754770,5.6800150638017000,-1.6909670780191400,-1.6947347819509400,4.280544253244270,-7.278148204972020,-0.19422823881115500,12.744594607588300,0.40335735509054600,1.1622919387687700,0.3634236513835550
0.7549087138698880,0.381219898847744,0.6977560017540540,0.696755602935409,-1.0575270772458800,-0.08446377816351120,17.09057196565220,-4.94633317953847,6.300344772664130,6.151010206579680,-1.1006001418810100,-1.7251268388676800,9.019222631431970,-8.357975150465740,-0.20667573076247900,7.413020638432480,0.9823359810473690,1.1250357702189000,0.423923531782573
0.6979005952125440,0.7525944733893450,0.5999960242030420,0.5289042810587110,-0.22872062240492800,-0.8316257932390580,20.653553009185900,-6.313758001902420,6.24047243603876,2.9414732655616300,-1.46178381889394,-2.0488915877644600,0.47903916628914700,-5.629022818784690,-0.5282301854379640,8.936683919762550,0.48237917970360200,1.15027335029282,0.6641508247575980
0.6053470071329540,1.086440179218120,0.5997745626606340,0.4379620735286310,-1.9707388784252100,-0.45463369466449500,17.49746649880170,-6.826492274622490,6.671864335164360,5.329504413374550,-1.725005218238420,-2.1543892589683400,4.14672547537908,-8.213228774302750,-0.6225200622716280,10.819560432476500,0.34031974096785900,1.1477047528487300,0.356939152409442
0.7030639871109940,0.9256533608314890,0.6418270916599880,0.6151582400188470,-1.6377752522736300,0.4460528127127910,17.307117141998800,-3.982307819153550,7.723553285400020,7.215014349748130,-1.4097972749684400,-2.1224156084419500,7.8654754421780400,-8.630397837525180,-0.3552503758223510,11.77870624688220,0.2606161821393180,0.9962364138461240,0.5400548308934100
0.7805261217197210,0.8129877311919140,0.552893143267852,0.6389276890240500,-1.5065348092528500,-0.16932143236687100,18.363593632456500,-9.370080128043950,6.664538526888680,5.929904036375450,-1.1799206220338800,-1.4647540711637200,1.62524874849495,-7.566674149647260,-0.8907975304141250,12.175464276449500,0.9791996877840810,1.1796068874514400,0.4407164023323410
0.7601811963024550,0.9600917169676150,0.6478058518194480,0.29163152712744900,-2.0834584032192600,-0.33763935959770000,21.581277291279900,-10.303271118524400,6.533793524602610,5.3956384429514400,-1.776712225728540,-1.8672518339853900,1.5028721746369800,-5.210910596893400,-0.6505218972843040,11.504615897193000,0.2790801889851530,1.1463945193806900,0.8662561764536680
0.7988577984914470,0.7443324471728870,0.6399365951227390,0.46536118021555300,-1.0680112058138900,0.22203249699497100,19.96374415085520,-5.2412420987776400,6.590202164586790,6.743018452612310,-0.9821966444357980,-1.9434043543960400,9.7278081142108,-6.583203458331970,-0.3858925027674780,9.872501051547110,0.49738217095145700,1.1809090062529200,0.5697823659538020
0.731706496767948,1.0553544111577200,0.6524595859333080,0.6043936397567860,-0.6851230922300910,0.22176781814960000,20.28869328154290,-5.026777882651950,7.219953883718050,4.607678624665390,-1.9917436395911500,-1.6588248840716800,9.540485004108720,-5.33851476154925,-0.3350753940740660,13.024671620978500,0.516888916294548,1.1340474465191100,0.8018106531589550
0.7169496480593090,0.855692742000608,0.590242756724956,0.5462761570094840,-2.188671413675340,-0.04461175650086460,18.283510704128700,-10.781286244975300,6.838929253412390,6.878034908554130,-1.7586548686607900,-1.5693701327766700,8.17484890491289,-6.01998191982346,-0.6129566144808320,11.58373152457950,0.5017097965980050,1.1244951297090000,0.746413828084141
0.6940505255135370,1.0012818242569600,0.5843668936189670,0.4920932662710380,-1.8754800619481500,-0.63940898290387,17.244701644650600,-7.043337224596220,6.848863611104410,4.498698769778730,-1.4232051005785800,-1.7145081890957700,4.340606674394240,-8.051332741121800,-0.6589890089872040,7.766297858699760,0.3936370547468320,1.1634752894650100,0.5405397900313370
0.5410054749963740,0.8926940532776570,0.5776486855080300,0.46427184931126000,-0.8148290797802170,-0.2882374631400490,20.15203924702730,-6.750333071817360,6.38420489459204,6.115438054592200,-1.8663874818146500,-2.0076811893793700,9.769082624710160,-8.21119718956076,-0.9023038855823920,9.78743966969382,0.3556799867044770,1.1186230708141300,0.40325710293334
0.5511122750703250,0.9478353866305940,0.6070868086189580,0.6616878359837710,-1.5720320647230300,-0.2236977808019960,19.958614391409200,-7.828159119141530,6.949080311657650,5.035428195887590,-1.3598976332076400,-1.7031835534321700,0.9503737034063290,-5.135641846155480,-0.5209770723722110,10.848131339774600,0.7948444033491600,1.1340549819921900,0.7581035786738900
0.5905061569108630,1.061921402095760,0.673222149940966,0.6260510173807630,-1.745904073043420,-0.02289809450180110,20.82758971140450,-3.6933909319728000,7.285804309862330,5.722186873018340,-1.0753637242585400,-1.770785014711700,5.347743116888380,-5.35931145815822,-0.30307709156270600,10.18364948871550,0.7120326273701540,0.985000294282481,0.8266200500300440
0.6353004821736730,0.8731877854177260,0.4855629292155860,0.5829303457502290,-1.0097909948959500,0.1413315539105220,20.843157482962000,-2.8021617698796700,6.6402339896011700,5.310382109121020,-1.8365062450270100,-1.6433966094876700,6.819257621417140,-8.719870135494040,-0.21276009576951200,11.606423516413300,0.8370663474453170,1.0862415823551100,0.47350874598491100
0.6370095681651970,0.4720445298654140,0.5341862599407910,0.6390998211229940,-1.247338397016210,0.07319981353335780,20.17920913488620,-10.860309577707800,6.1802532366646500,5.482742710903870,-1.9713565456756900,-1.64338062355135,5.040064137872550,-4.738391415527310,-0.7747425215313030,10.439376352057200,0.579658060613441,1.1293923048765400,0.5202632774101710
0.4856042909995590,1.0706534620949700,0.6169990265670460,0.43471374091125600,-1.4864559024717200,-0.029062717525037200,18.897622426482600,-10.758196201466400,6.434885635190520,7.549770343874560,-1.184513637901210,-1.7295627176865100,8.975990940835410,-5.943293420277370,-0.8091486751070180,11.957520985683800,0.8911683625019270,1.1893580267069800,0.5046403502777170
0.6690668774170240,1.0813844094545800,0.6192550315511440,0.6444241187742050,-1.979160338473170,-0.5986021654797310,17.858713054149800,-9.325680309754880,6.449053614244980,6.038989264996400,-1.4553285342211600,-1.6648629884714200,-1.0410387567598200,-5.274151222914190,-0.9460147648018100,7.240889693193220,0.6003382890542530,1.1663345944020400,0.4070008363494340
0.7768885359347740,0.8181078628637300,0.6501768750042490,0.39479175295570600,-2.400822546941420,-0.8394029368194060,21.110458580088500,-8.140246958588700,7.055616093397520,5.5207413358439600,-1.3615120303584700,-1.9946499627400900,2.3465499261616000,-6.555755459678630,-0.5195309749523180,11.28930943004410,0.19986162514696400,1.0595001873638000,0.6210998792096800
0.7558034499816230,0.7908739500305830,0.691965170361925,0.2849514862099340,-1.4223169711666600,-0.006461721402843680,20.430163123725700,-3.977847348508830,6.817999004355590,4.990668402681120,-1.391721500679240,-1.7665469397062100,8.756589118054490,-7.9294476664919300,-0.2511848122311760,10.325186725753700,0.440791990552453,1.1422645910665100,0.46908496833870100
0.7554136523999750,1.0222757142890800,0.6311358672967910,0.4292874573039680,-0.9375918715363740,0.27035762238197400,21.696930623118300,-8.068236508630460,7.903643063843270,5.859600840625210,-1.8090680710316800,-1.4277708572392500,8.607478485299760,-8.067006068385350,-0.4707263551801950,10.698686345743900,0.7337354104244420,1.0779818761396300,0.9006121193732470
0.7862028313393350,0.9908070962799890,0.5896175345232430,0.4805167401031720,-1.1624369104797300,-0.16711931388273600,18.461651846729200,-5.144862917795770,6.892889099599670,5.491738106708570,-1.6252339397455900,-1.8041756062993800,4.35077865294178,-8.28703408787982,-0.825686672122753,11.600076457700400,0.5269603351607730,1.1609480419837000,0.38552930974196100
0.6573232338317360,0.9566884939484460,0.6930154549537320,0.6960653707053240,-0.668576097344569,-0.3047063225428540,16.43536557566760,-3.3105310149563600,7.099993388928120,5.749992792842690,-1.4325372367906400,-2.0211703250751000,2.0621968094074600,-5.522300790149110,-0.34775734829996600,11.873213514536800,0.7590895858149000,1.122696180147130,0.7329569298645070
0.7757192334236940,0.9833684076346800,0.574093237969636,0.42916772793315400,-1.6108897117668000,0.39293062594211900,16.20640048534150,-9.857873634567530,6.551491345083280,4.313052315396940,-0.9632525735707930,-1.9846567702264700,7.44425409874468,-7.0196021944031,-0.6668507614035720,13.161975566334900,0.7289776136195640,1.1181959727289800,0.867790859611363
0.772476319436581,0.4015974215273850,0.48669369693018200,0.3835328048252480,-1.9320122405611200,-0.08697812990193280,18.26189297139680,-4.666982600862460,6.47502484939084,7.612892067760790,-1.696862859964590,-1.992753575607660,8.538125396475180,-7.5126459491359500,-0.31002796330587900,11.777673139930500,0.2516775671711850,1.1119388789344000,0.8216550512198020
0.6673473471253750,0.9614197812608330,0.6215598251720100,0.35527855512771200,-1.1978754459467700,0.06623199847750440,15.038890405605700,-7.674083229457820,6.372171561496680,5.463415960091210,-1.1094958892264500,-1.951950897889090,7.931513718885960,-4.858150473269590,-0.9657068113090290,10.381719754333000,0.5548816030290130,1.1962098141251200,0.4967991912711920
0.7476201719761010,0.9863381467640670,0.6949272918289060,0.5931103175297890,-0.8313785320229930,-0.26296520550342700,18.257263642870700,-1.8549929439798400,6.439474878223220,5.940991610856350,-1.939023490860020,-1.5419884600516300,9.165203272276390,-8.125039422191180,-0.12261645397800400,9.210053923129380,0.4354147601497030,1.1516087796379900,0.7333529454362610
0.5141190207245310,1.024180730516470,0.6416563853986640,0.49222606408287600,-1.29919438942368,-1.6587261998991700,15.756646819803100,-8.796710292024810,6.417526831887510,6.015160125556990,-1.0526328699957800,-1.2221561071920200,7.158421790800570,-8.784270110962970,-0.7468837886977770,11.52853906089200,1.0899432541393300,1.1540958109990900,0.6532324497908680
0.7520408690345860,1.011894096923620,0.6398812293933440,0.4444743689849220,-0.9146196790883780,0.2472134962261680,21.403468627850800,-8.442216244916030,7.159941786180150,6.105817865516030,-1.5144260598651000,-1.5549609889753600,6.993810144131170,-6.324989314043590,-0.8290308696571880,11.418666434339300,1.06934933498414,1.0795093096158500,0.539678745796238
0.7903264251448590,0.4125430194233150,0.6081788802693890,0.5954412598068500,-2.4077093951477700,-0.5358218513920500,18.087162449459000,-5.591146482696810,6.375332575430330,6.262465221350200,-1.5843856860407500,-1.7893711392823300,4.509395456756180,-8.173319347416810,-0.43002592733795000,7.949978498763700,0.3971728049223060,0.9321838459242180,0.6910025292514450
0.659989902720593,0.8548904182876820,0.6545305214115390,0.39726977812440500,-1.794034325388370,0.018637202986724000,18.541835318441800,-4.726550938174310,6.89680640765015,6.953795183580540,-1.3971475147631700,-1.8885006145496200,4.778290602306900,-6.839488094142450,-0.24237505667642500,13.789884648580000,0.29959521482460800,0.9867155960155030,0.9550677245558770
0.6449310633974970,1.0046920207824500,0.6832158661105360,0.5935108432964180,-2.3709913901131200,0.10328679318040900,14.722006365427000,-3.8605206629327800,7.0639897477381500,5.623784130577540,-0.7066558445910050,-1.8062514540428000,8.775455139141120,-7.314329773221660,-0.26387919802272000,9.707678131339970,0.8381222789962060,1.1887268324308300,0.4828175922089320
0.5933338258609390,1.0218614057370700,0.6704541943503130,0.5679573551558210,-2.446239160071390,0.105933768854126,17.358831789740600,-3.5784927140681700,7.133867562960730,6.723854091224590,-0.5931837599425840,-1.966645311537150,6.979318802510780,-7.212849339243040,-0.047292613420971800,12.503929259635500,0.6895373290367210,1.1055128229621400,0.7124984770431010
0.6160645833343660,0.4602897842746500,0.686609355353673,0.5357860910074090,-1.8851483471783900,-0.13600427221395500,18.362506378991900,-10.38190403098160,6.337890163130770,7.44930110098772,-1.7737156253997800,-1.628834232015490,5.253036106864560,-5.1093669502327000,-0.9844318197813760,9.14412022391575,0.6312215220080380,1.0797868127864900,0.4712189828780600
0.6898424168650500,0.7329013077664990,0.6504696758385670,0.5933909259299010,-0.409161468017473,-0.23456753771257000,19.056649761299800,-8.33035673666699,6.901363339739250,6.6170262138655900,-1.3665488429132500,-1.5578141096714100,-0.45809071053499800,-6.379919738830040,-0.4684807717659460,11.86624706537160,1.087382186480280,1.1872590851894000,0.8062409416700090
0.7179576648356290,0.31094761978360600,0.5812272166002730,0.2804918754968540,-2.3243008072079200,-0.011676653255172800,21.241355587140700,-3.1413408389405300,6.548168051843070,7.840990112249990,-1.5150708186934900,-2.037643607464280,8.237894440450960,-7.678954050792430,-0.05504588267894160,12.983960837961600,0.24598455369228800,0.9826303545963440,0.5393914456104820
0.7528484629262990,0.8087969497412690,0.6826730521994580,0.49211322067763400,-0.5708523154144880,-0.0438393901107213,19.53907381115780,-7.696158499644360,6.7641173904432400,6.435414945086190,-1.5767580844125000,-2.041451057342720,7.249138666023360,-4.588805615891590,-0.6496754439587700,9.623174328935800,0.4465641998929130,1.1109935746799800,0.7588574188061340
0.4949043075403050,1.022154263191260,0.5457453257022820,0.4753008082282580,-1.9574887799496200,0.012568025844597700,18.508593688385600,-5.431802276969220,6.589823604160720,5.459640698245350,-1.30303792897173,-1.5554874883023500,5.343048141529840,-8.34814544779921,-0.29506921276316700,10.925930661821000,0.8687278906702760,1.194751023602880,0.9346573537177030
0.6119216452980970,0.6432975183537930,0.6697227004198600,0.5175422106371870,-1.199644452108310,-0.02587888649059670,16.257829096131300,-6.875935137540430,6.569287304871660,6.3800906956183900,-1.181973459882760,-2.195102741683040,6.188282480445800,-5.108452312918480,-0.657401930054546,10.956413213177400,0.9088995947473960,1.1372778603162000,0.7614246681884120
0.6969104830110780,0.9114726536482380,0.6662332155712840,0.5808382082318110,-0.7749641336533880,0.09591047936600090,19.05992159288390,-8.715613039158710,6.959228809428150,6.560361723285050,-1.9544222074929700,-1.7397331768484200,6.632441318778650,-7.143317474366630,-0.4534095451815700,11.543802668036900,0.46190801282885400,1.087510597522240,0.7896917290402600
0.6364524825886930,1.0554247937555800,0.6291342359116630,0.521450907638408,-1.963935182632820,0.2496402551623320,21.02151496123970,-2.6024072287771300,6.722643245521110,6.404235775379070,-1.6994674273975300,-1.8424733737652000,9.884010072505760,-6.377912421960720,-0.2667498208262870,11.80391690553860,0.41465828469811700,0.9735380489905140,0.6645848190064410
0.7403130548772460,0.7970194006598270,0.6022693135035700,0.6488667610049520,-1.7733559969597600,0.08510886727861710,20.43876274635030,-7.3823681327198700,7.001622325017390,5.892483358944600,-1.00138171356912,-1.89244554213658,5.582098433160930,-8.207716248340950,-0.5812660805046740,13.16342132571260,0.9259763353300770,1.1245564325010200,0.6434471368988790
0.7575965848643170,0.8432727623215230,0.6220961769234430,0.6815355146190700,-2.277892947665040,0.06713413699155810,20.94363981395920,-4.916888975151310,6.806204663127810,6.682501947244130,-1.7825543334820700,-1.68503639300397,8.652923715577440,-5.884916807581860,-0.43622338177003500,11.571909930415100,0.4884653060119410,1.1708991767074500,0.7131441091574560
0.7052187507627140,0.9394117989274730,0.5294796807353790,0.5480079279981370,-2.0060230249701600,-0.2058624433516410,18.108969454209700,-7.675075320756200,6.499071412772910,6.3321612016938400,-1.6207509228536600,-1.7601819670933700,5.014473152738520,-7.0635680051175500,-0.4985857746136090,12.379712908877700,0.4481942735007700,1.1572042910423000,0.7854105605321530
0.6482885113900190,0.8992814700314480,0.6056074981051510,0.691108601152987,-2.483017827637060,-0.23644562652676100,16.360858971490500,-7.742815061632460,6.595228842812940,3.30570052612784,-1.1295093832112400,-1.9901847952038400,4.705463460254630,-8.976173089639200,-0.8626694171941410,11.449886011652800,0.5670495097890670,1.1688487397180100,0.4904839699137880
0.7830079219141740,0.8527740086508400,0.6686833633203060,0.6699183724716060,-2.4231553785775500,-1.2845518810035900,21.33865087585090,-10.195947674417700,6.9954217652729100,5.871830799887480,-1.027659719088390,-2.139260578228270,0.8341726443883900,-7.913439392542950,-0.8693887600783160,9.981389849956760,0.18964121526837900,1.1797128520466600,0.7170063523975390
0.6171007821144100,0.6406398887106800,0.5919680345950630,0.39274814305098700,-0.4841499719186990,0.04058010539167990,17.061504093435100,-9.57240578448066,6.245591672742870,5.033511479742250,-1.329278583069510,-2.134188171812190,7.142048375812090,-8.249980752542660,-0.588930843280792,9.629385170837360,1.155996072984010,1.1098353505235200,0.9187797078274630
0.7836259224988870,0.2353071794871080,0.629868420566127,0.4569028776421510,-1.5800813290218100,0.1752012390529080,18.7638140208924,-6.074860709130220,6.876680476487520,5.635626431422060,-1.0379135145142200,-1.659124212261440,6.747420816869920,-6.940139194779490,-0.2558173873524920,11.015056064267900,1.1270960805254200,1.1922358856721000,0.608845966626106
0.3948428260568360,1.0862130687091400,0.6694245952246260,0.5433584511126850,-1.7620857592967100,0.4874716529628440,15.879895708812900,-5.977277629421400,7.598910685684580,5.744550814424870,-0.9875757484614710,-2.0174215419186500,8.303048832300600,-5.7054672586500600,-0.658414208699837,10.29285307501460,0.56812396411161,1.1356902155573700,0.7354701782806390
0.7128618614340350,0.8954152943245310,0.6310219088498920,0.28225635146259700,-2.168694409872920,-0.5556734707441550,17.599055474434100,-5.781909906105910,6.506079944285410,3.8080522247189600,-1.5703223849930100,-1.8466207078103700,6.323353009052230,-6.559162588426610,-0.543595160868621,10.146751155244800,0.22935619631573400,1.1825793666077600,0.7533014498349420
0.7344185821374300,0.4633290636217090,0.5817824957402970,0.5632408635819130,-0.5165748244497200,0.12633666667265300,21.462458706460900,-9.33831449708274,7.52379257210324,6.915842221312870,-1.3085343011312100,-2.1444395576976300,7.883459401804520,-8.154093491583900,-0.8569795998841560,11.198372915638800,0.6189682689612620,0.9432505841902340,0.6442572140482190
0.5154452207500260,0.7074447479083900,0.6835827640034910,0.2994234837363150,-0.30342888036885700,-0.32370944935766500,20.791541434636300,-10.317369520103500,6.356600355939790,4.926069091790020,-1.4783078926735200,-2.155645807208450,-0.14739753353948900,-5.183852663653030,-0.5731843090914220,13.554790850876700,0.6585416499581280,1.190552049444540,0.5039699319570060
0.7570239255070600,0.381383048469985,0.6354503391210570,0.6112990736665340,-0.915590295464235,-0.21583627111267600,20.470463044575400,-6.994472367731250,7.930785721809150,6.644319027881830,-1.432969131841640,-1.8570532525322900,-0.4810339676957590,-8.78404722546499,-0.45778793552965300,13.831489177830100,0.8767776218386060,1.1461585420392700,0.4491735750416210
0.5950765979156310,0.7048511098577680,0.5977468496796960,0.43242431104129300,-0.9375137380757840,0.4168140531925400,20.706313111955400,-8.176256443557940,6.525397813923980,6.508216037476000,-1.8551056923155800,-2.136963963510660,9.587007763202350,-8.020886321397420,-0.5363908576642220,13.666530958158600,0.21455563678538300,1.1338142330474600,0.7514537146341110
0.6375291894687600,0.37884715813166000,0.6176256503522500,0.4766136510976210,-0.6659299955356560,0.23239344485674100,19.66818405385440,-6.636395873394110,7.541225842161180,6.195711909573710,-1.631834980482030,-1.5513617615003300,8.190761036989670,-8.752813683644120,-0.5019899139212410,12.780379574575500,1.1962262175999800,1.0998513034316100,0.8070082319593400
0.7494348418582550,1.0524089098323700,0.5941316250943910,0.6876531391579950,-1.0154649824776600,0.031212754322494900,20.99476989121580,-5.761189842004700,6.973707288187710,6.465913277073940,-1.5028436602643300,-1.5209360017822900,8.140572033874450,-5.863915599291490,-0.5154118123234060,8.159558814757250,0.6900328298446710,1.1270472451923400,0.5681102830654110
0.6936581871701160,0.3502771499768690,0.6444189080940740,0.3137627862788970,-2.265172626184040,0.19995857758772200,19.77586217356410,-6.651959417473990,6.803226902726370,5.025681609685900,-1.7045705013750300,-1.4796765755230800,6.632981037102670,-5.686705956345450,-0.8077483428193690,11.989393236121600,0.9657641823279190,1.148738172115270,0.8490867306890780
0.43702110264386400,0.5342881322547500,0.6454408859884080,0.2444072487630650,-2.225469721394620,0.21566467434661300,17.214052286644500,-8.20465657454979,7.714301681975030,5.7161040714152,-0.8295942919958390,-1.9242521550925200,7.345023343306910,-6.445810123937970,-0.423865394898704,10.941564262365400,0.6796281515120430,1.1650108898201600,0.7748996391109020
0.7858607184971680,0.22664770018259200,0.6906183110832090,0.2440649814754880,-0.6814545793050560,-0.08074743171100170,20.50181764643280,-8.550199785415310,6.41282844440014,6.290625589748870,-1.3350231574621900,-2.0207791499197800,9.957152492575150,-5.036610546731350,-0.7314589303056440,9.971520093194980,0.6676662160923740,1.060333510341800,0.6501342061030160
0.6931750489589950,1.0861874341114600,0.6367946326346440,0.5718019567216030,-1.3766498301754900,-0.410417070181772,20.16715197432370,-6.616468352882080,6.843653678748630,4.91110407029525,-1.257061418158070,-1.4551138078277300,-2.8479329511866100,-6.827065404838320,-0.5215443910949800,9.849372759854410,0.9721579813692140,1.1638054309543200,0.6391936079010450
0.7994018885057810,0.6281357752840120,0.6716212878799140,0.45799066023481300,-1.8293234649264700,-0.5102182866841560,19.93407022532090,-7.594296533118810,6.928802469318980,5.104181257521930,-1.5111489976860800,-1.6416655553067800,6.104699245588430,-5.074376355965170,-0.677437933850708,10.424126806002200,0.3801940437284200,1.1355032035624800,0.6479353240168270
0.6608072791640320,0.7689403035284810,0.6726517743073510,0.5009235198219500,-0.5898259250669470,0.2536262679525150,19.399960939456500,-4.727899748137530,7.900613677950150,4.361653801035290,-1.593207159182580,-2.048622652638620,8.830952074288280,-8.463231665384320,-0.11560264424884100,9.795227967052990,0.5652739702437780,1.1752344061219800,0.9012546508526690
0.7873112572623630,0.625863509311828,0.6046902974778420,0.5138344817385090,-0.6115644330625640,0.3278732870387570,19.75487742797810,-10.126273279809100,7.583156904914780,4.764576418904700,-1.4651437971962200,-1.910100905566190,6.012488294139130,-6.339777473052290,-0.56380146544924,11.549491185480000,0.5322297846741910,1.1823374691913800,0.95352350785468
0.6727409504243360,0.3055338920135530,0.6824957144266670,0.47476382149424700,-1.6790641509327600,0.14202102978280300,19.917949630727800,-6.914715038362430,7.253972751251440,6.920408587290870,-1.9108589821027300,-1.6042294592486700,8.283588394420990,-6.288027497608520,-0.5889817867028300,10.171301801042400,0.6167663847372790,1.023231087267490,0.8286100638137430
0.7393604330035890,0.5872514952342730,0.6339247063370840,0.5327040779043250,-1.6782013013527900,0.1690380105515220,15.897737378829700,-2.157595426150960,6.560395103279610,5.922387242838120,-1.47522969427381,-1.9247558745865200,7.1337417005191600,-6.928981490989760,0.04534973829442460,10.047567633742800,0.3063113061241040,1.1904500462792100,0.5205662388759620
0.7546056512991090,1.0592897219516500,0.6070503262864450,0.6092795211338510,-0.9573248056121830,-0.19112729616617600,20.907915995045600,-6.72276353339378,6.230018589890730,5.545478779023230,-1.293199646715650,-1.8876965515363100,8.645310249773650,-8.137988508284660,-0.82797755840421,10.148310313378200,0.5699834379535360,1.070065145355890,0.638949700113463
0.7544472818303210,0.8555050768276080,0.6076375072405990,0.5650514314425660,-1.535091201660300,-0.14046161593238500,19.844792809408300,-8.163443312577190,6.636137470119050,4.465926406379600,-1.8095189201123500,-1.756316631974400,2.635750614357440,-7.590114624424620,-0.4314134941599340,10.821571347775200,0.40681704717216,1.037087447542030,0.8810001069464740
0.7239016590482440,0.5808043814217060,0.6862488194770070,0.6131774693477050,-0.7525399082714930,0.18718051401479000,19.679093280358600,-4.619763911633110,6.545296719171660,6.462527764274990,-1.3212627982425900,-1.686253323873630,5.92802134552603,-5.6382346070016200,-0.19226319894011700,12.642602621835300,1.0432933117453800,1.0006798888015400,0.4852974433814410
0.45267091285834600,0.6620838063896310,0.5593124627817650,0.2174341255132260,-1.3255749868401200,0.002719314883054850,18.948220504937600,-5.752742552023750,6.331147695296110,7.715940245127900,-1.0569848633580100,-2.1923780976052700,5.259102214950600,-5.9706527560824100,-0.5397322578809670,13.422443252765800,0.8283591659273260,1.136557655289690,0.8672302566463360
0.7013001129538250,0.9727866197603320,0.5641795359659610,0.6113407924780850,-1.8447248621889300,-0.2992932308505100,16.87002852421820,-1.5252737559333000,6.277623716426190,7.681124021038060,-1.9760309874912300,-1.9768587854008100,4.812564467685490,-8.328096629450650,0.12614071168745000,12.72282979459550,0.2862721005983190,0.9857019381581950,0.8461713413900830
0.7812250275739130,0.9342094587490050,0.6377320056906250,0.5645017846124580,-2.370775983346250,-0.1676424891875900,16.681468356098900,-6.734501435199790,6.721139639466440,7.780300536307160,-1.8062317411286900,-1.9732499090205500,6.684852693448220,-8.27215556774464,-0.711509887603046,6.488675599289400,0.2371544108358520,1.169018994048660,0.6468604041023650
0.6304257944272510,1.0626254900431000,0.6242135931900530,0.4021116607331120,-2.2743670570047600,0.13934964424821100,20.801839625497100,-10.77328200911060,6.674981272027560,5.12600911474562,-0.6837421014299680,-1.777726346063540,8.734640013592970,-6.603303930626650,-0.7837353930588130,10.415620363856100,0.9713269379004450,0.9380813658322300,0.5216507630683610
0.7235749397124060,0.9322842620565230,0.6956797839179470,0.6871680163094020,-1.951731754173910,-0.36689526100746100,19.486503526926400,-6.509703085288000,6.627383711826000,2.088985720701780,-1.4581474727276200,-1.5941568137710800,6.454382799775270,-7.809078325943630,-0.7716676560978240,11.878378662011300,0.41967238814262600,1.1184293624971000,0.447886142954827
0.7676178756358770,0.5676731534484670,0.6642835058403610,0.4872073915380980,-1.3632081182227800,0.28582759475660100,21.95140547504470,-8.32144547691557,7.550712227762440,5.307005059010810,-1.696257868458260,-1.6127690596738800,7.167365447947340,-8.330406558037510,-0.7709071135965230,11.934095632711100,0.575143060466155,1.0894344866047800,0.5296886737256140
0.7102582107675130,1.06369656246114,0.6670820477810740,0.41926072788655000,-1.7615744228423600,-0.6101813628852790,20.8129663592155,-10.861021198159900,6.475270363944420,5.8121630683475400,-1.5817745085339200,-1.8717854517264000,-1.068392119309450,-5.4249450878484700,-0.7545690193930680,10.44530990332070,0.2867227552146770,1.1995620632409200,0.97097942436863
0.7724166121668810,0.7506858573410750,0.49326466933113300,0.52925010040598,-1.2744852825871700,0.1584349411417960,19.83515164808880,-10.38922260019550,6.44167489196484,6.274774815741330,-1.3656869333059800,-1.8381136687059300,6.693325725699210,-8.412157856700650,-0.567691714261022,11.809609698926200,0.4172703091175320,1.0381135759902900,0.5666768863549120
0.7394567862043140,0.7069837754106060,0.6988166256269660,0.5533897011379230,-2.277864429481190,-0.3856183003521090,19.42078255416490,-5.627976186442220,6.68796347551987,3.5008818983676100,-1.7380881778162700,-2.0265337981917000,9.069086960451930,-6.300725556593770,-0.6294813071184870,11.055960164330000,0.23251381669385300,1.0168954627018700,0.8029950870828450
0.6516502359678690,0.40388221136261800,0.6807243846561660,0.6543560451978040,-0.9105708903636980,-0.040348133427892200,17.53397795102240,-7.286458467241080,6.57938888766569,5.380258167105780,-1.3048132110985500,-1.7832623977367500,6.156062583434800,-8.51821678562743,-0.8915250629235670,10.90405156092910,0.8498163723472440,1.115893440226720,0.7472052241097250
0.6299560989399450,0.8400132800872120,0.6391685273552230,0.4946964054868430,-1.7439686294549900,-2.459903532279450,20.83326059018120,-7.852645034706580,6.11271020753687,4.862041397194750,-0.6981495687818260,-1.955024999100560,5.145428530284360,-6.998538462812590,-0.8028178107708610,10.658457772478400,0.9262868489854370,1.0354951092037200,0.8786168882706400
0.7420377417134740,0.4174443119216890,0.6886863179097230,0.2736445693500110,-1.4775080910904800,-0.3669988093773620,21.01984815182730,-0.049486355436188000,6.497952476356210,5.003909479777480,-0.8809647630301960,-2.042375310394710,2.914098799740560,-6.764259265413630,0.06290562299822120,10.644011555943500,0.7633046466913950,1.1016407745439500,0.7756710926212080
0.5669334351480800,1.0465129687229600,0.6806526945640280,0.5198728116973910,-1.3356696779817400,-0.04147694932243560,20.582600886856200,-4.941659288937990,6.948396218542620,6.006378743426230,-1.716887016130840,-1.9862333462664800,6.147206098688900,-7.7561714502157200,-0.19131981495457800,11.112122985842500,0.3131779006747520,1.1935893800658700,0.2675412055751620
0.7864843987710810,0.7838583001117030,0.6575574175855430,0.43742376709586500,-1.2326274778411700,0.20189117796392900,18.964607684679500,-4.488014932454410,7.187434563845260,4.865733322754010,-1.1465014406723100,-1.8222767901277700,5.960208202538810,-6.200400480318020,0.08911080450931470,10.556693161581900,0.882790727521056,1.1943673422766500,0.6550655264940960
0.6681707365259850,0.5914359674747490,0.6482687044262320,0.342363803196406,-1.604531596898270,0.00869166923216437,21.572119706532800,-7.833111205491910,6.542711374442220,6.355843593821950,-1.7599169123169200,-1.7152361256015000,5.198421960423400,-7.301534752567630,-0.8554858054894200,12.763346108530500,0.6675412213851440,1.1331163004739000,0.5323704870889790
0.7586051585099180,0.5086170093096250,0.6847904217767690,0.30293505972703300,-1.688320593199950,0.043378112660328200,16.251943948977300,-6.470465450310490,7.027881356790060,3.9344670935600400,-1.2458673089064300,-1.4879949851309200,6.813604764025030,-7.056990244138950,-0.4636930669689250,12.57285899183880,0.7685409600259170,1.175152929684460,0.7531968294177270
0.6307819322307430,0.6165549158564620,0.683969703499672,0.3776000660819230,-1.3811142331151800,-0.006151227301320230,21.013412682267700,-6.2386914583951800,7.111849289177300,4.619172959506630,-1.1805606552071500,-1.9594344956858700,7.174306379247130,-7.100979800692750,-0.5978039294263580,9.615383915611130,1.1379080429619800,1.1853711455211500,0.49487411326568300
0.6093122261109690,0.51387580504238,0.6684234718320340,0.6242952291788470,-0.6627836072031610,-0.5147341226296280,20.16186335248160,-10.556250541867300,6.538277333024630,5.454011573541110,-1.3528127950266500,-2.126592631977990,3.2937118700194500,-8.770614034222390,-0.8500428433332840,9.167639616518230,0.49564294489752800,1.128284471922300,0.7676959592113840
0.6282031919568220,0.960832332965174,0.5979023305317800,0.6704422386172620,-1.446000740926650,0.31431105952675200,20.304357090728800,-5.249099640156790,6.26575121554545,5.163941873962200,-1.7429445179953500,-1.553910013062070,9.401774612127420,-5.766932076600200,-0.40119460629446700,9.897808859072110,0.7889501001762980,0.7651250597781110,0.6609465561669710
0.7947137869461570,0.840996043003498,0.5984207569012470,0.6242884266395170,-0.7979020505260380,-0.2671689628674780,18.878830341350500,-1.8341188882350400,7.659842802312560,6.926792986315860,-1.4730029222496400,-1.5861251155144500,3.3169892640812800,-6.4489801122403200,0.12436281734778600,8.12006556219655,0.791248745310692,1.1076529556114100,0.9137968055345900
0.7691963809038460,0.8345503276568680,0.6266050401806990,0.29096907903991400,-1.0626105891805100,-1.2718876157591000,21.43092933709410,-5.148003999868500,6.708966081097540,6.318846408682440,-0.9844099178869490,-1.8058398198174400,-3.9446413530196100,-8.706982759399510,-0.2740108951184820,8.99503570670015,1.1481580928073700,1.1873358236765000,0.7592101540317120
0.5141355323451520,0.8908917537130680,0.629968325598794,0.5917252537434310,-2.242316162608370,-0.4987102687059010,19.29500431160480,-6.9426844722078,6.481531907580530,5.343689085953890,-1.9000672496456000,-1.9334372878762800,4.773121939118560,-6.670269220983950,-0.5722902306466660,8.713571574874970,0.2703882292483110,1.1396752244710300,0.7138651859338310
0.42189495886745000,0.9782758366843220,0.48867827935326,0.5038834743419350,-2.291083005413960,0.14926227740306400,16.811120571679600,-5.606428058072530,6.253942795756900,6.247865361110710,-0.6910656061438610,-1.9852187710484900,7.7791958474045700,-7.5980108392842900,-0.29089803336972600,10.18537502983060,1.195250545736120,1.186835538450880,0.36867860420254800
0.7602276530598080,0.7296286710711470,0.6124736019897380,0.37572624285109300,-1.20662653387176,0.12405879178765800,20.690210263974100,-9.651564299255960,7.3990393265708800,3.470741187393330,-1.1625522079448400,-1.7329254944257700,7.808938715519170,-5.581386972420980,-0.4666937958832490,11.858299608004000,0.5116430110985170,1.1914626715851200,0.8019734936531550
0.3870886189980440,1.0068766916365600,0.6307995913276070,0.5164337214704870,-1.4701210210785000,-0.15008946242045300,17.96361198960510,-7.822416359521840,6.439833633358850,6.036501090760810,-1.7808300874891100,-2.1915647176947800,4.342658113839260,-7.138437031746050,-0.635401158976897,9.430943649333960,0.33809747026086700,1.1330958555488500,0.4180229889938490
0.6239869383945530,0.6785500145182380,0.5834264591078820,0.49192189034744500,-2.490182547221710,0.13206923715529600,15.788642530757500,-3.93683249617685,6.457144576304060,2.4479837128327200,-1.5501775534804200,-1.937097157435650,7.609737837530190,-7.730307304055080,-0.33798263191129700,11.672903189421400,0.5762480281249170,1.194800949404860,0.8932360263323680
0.7137451444141210,0.45323752527979300,0.590174427960031,0.4166598812266150,-1.1954534716232700,-0.18333608587702600,17.102585922081300,-8.642873286087180,6.1272584676188300,3.2942462997997300,-1.2496439194330300,-1.7024074966164900,3.6956884888044000,-6.9870642243875700,-0.6701271360404050,12.036958526452000,0.9424783622945870,1.1840312815328400,0.8698552753515970
0.722653175824817,0.40965799269661000,0.6787236515892630,0.5605316542582500,-1.5618297927755,-0.13158983728269000,18.06466143796550,-5.868548900168240,7.6343396989646900,3.9445493515530100,-1.9179175625953100,-2.0026190402638300,8.306013429364760,-5.739707878942430,-0.4796685702177360,10.338015346112200,0.24101292267010500,1.174282411149530,0.79203415291933
0.6945099107237810,0.5996552970181550,0.6527035174923840,0.46469536309809900,-1.8356922984590500,0.0028602108737661400,17.87396423268840,-5.842277523473550,7.340700996594810,4.453946287271930,-1.7778555323828800,-1.4350021498608500,5.579531111977640,-6.8718734685896000,-0.2530390732666500,11.069951473733000,1.0236984053004000,1.1965482967267200,0.5898842799406930
0.7409937962191450,0.9945401783068140,0.6928871800314920,0.4361570085199300,-0.8665461065685980,-0.003867002655838250,14.441888112278800,-6.874620982830750,7.220150677664200,5.626868148097140,-1.3222399786242200,-2.1728068835775700,6.9412101175569800,-5.989534865873350,-0.5793688591557960,10.40211845063200,1.038633068402430,1.1908523121340900,0.9549402699646510
0.6704651783539470,1.087732907523770,0.5978633186709420,0.28545804262567100,-2.125338345603940,0.05719772947159710,18.962364486556200,-6.115952639454850,6.884952119677170,7.397227185915570,-1.7074121129887400,-1.5738195968577700,7.74734736744249,-6.616993850109200,-0.48446382646626500,11.232211316337400,0.7029013204103360,1.020689201790010,0.7311302024560350
0.645327884095373,1.0124226147215800,0.6208307763450590,0.48909535294067800,-1.1167906465654400,-0.3503333315181940,17.8683004535312,-8.576272119045830,7.038004811312460,5.862080955345170,-1.391500589590400,-1.8393884499673500,-2.2037940219902500,-7.4608005665917300,-0.7435776861311080,11.771791617612600,0.617780003653278,1.131161264618930,0.8965956676538840
0.7265079330870650,0.46197025580336700,0.6620862959890200,0.49748028282965800,-1.7784085761056100,0.09193346784625040,19.566827132488200,-10.890608168506800,6.925036608546060,3.210893036493070,-0.9961235037938890,-1.7581601090535400,6.313383168912290,-7.556148816610120,-0.9841297862250210,10.835010389107100,0.6356951352713140,1.1237308364002300,0.9447854168198710
0.7657544369673750,0.28021854005401000,0.6859097215869600,0.4527972013027270,-0.7197257258574310,0.005161652466925040,21.604536628237700,-5.410518932502910,6.9072409509245100,4.600242412388320,-1.4077375369098600,-1.6155956434808800,4.878689971701670,-4.308591959083970,-0.22387322583388000,11.241680518872300,1.1342689509247900,1.1688971796718700,0.8393063436876220
0.7210904332285270,0.6467903221439980,0.6900098909557430,0.6627986850907730,-1.280912544785790,-1.082307606563490,21.161857505392400,-7.267357772999440,6.9070729835040000,6.462096984729480,-1.699771616515960,-1.4884712634838100,-1.7099682401292500,-5.422772906921070,-0.7071469584825410,7.022650676781690,0.3972189938392580,1.1625357568240000,0.9612352384107530
0.7758794619403870,0.3927965267313230,0.6291232243670440,0.36348087791418400,-1.7529258869592000,-0.23031383318284500,21.368907406819400,-8.715997118106330,6.298069014874230,5.890231940847570,-1.2465478054313200,-1.6883589129992500,9.844960429995720,-7.042838058485550,-0.952681640986691,7.016073250301440,0.3441141019934330,1.0734455021227300,0.7865404467309560
0.5083534017245670,0.9131566540382170,0.6104377202150910,0.3357232094238280,-1.9009891548950900,-0.008742757024696190,21.309959845086400,-8.450048687220270,7.218629814181790,3.501685781452520,-1.9546646130458000,-1.7640675414151700,5.871581208089250,-6.073199532416760,-0.5434897770451930,12.777292966705500,0.38873446112310200,1.1946965233445400,0.9497245178353240
0.7863636530501940,0.25695855678125900,0.543457221017084,0.6990206228038990,-1.299920889507560,-0.21537323559665800,21.900584749609900,-3.053614799452820,7.735329357465850,6.291072495827430,-1.6497596229456800,-1.7681796258639000,4.0056253060906700,-7.7898969398712100,0.04855252348058210,9.2558311692134,0.4171895498904700,1.1445918869655200,0.6613376469870230
0.5445903712556430,1.0857937312640800,0.56504223231023,0.48038462685521500,-2.0555455117744700,0.03281863916665170,17.434788851910200,-10.036382667960400,6.6463113952827900,5.656617758092920,-1.860243857240570,-1.786547894143810,9.868292536532860,-6.720877232418570,-0.6438936919941310,7.521138217221080,0.4225608514858300,1.198762218344540,0.4904410723539140
0.526123590244706,0.8688467783000270,0.6681153648415260,0.4476683680536850,-1.5553078832675000,0.05588359662273560,21.124396331476700,-5.900451636520770,7.6440741592838300,7.981559769640490,-0.9233577037652370,-2.0828934684687800,9.120876412800290,-6.736261408384790,-0.018285599303593700,8.307443859991280,0.845831656712533,1.1236792268090900,0.3724809799377360
0.7697163007983190,0.5822340846004650,0.6423418031050900,0.48648820567208700,-1.7393114619210800,0.07145776666421160,19.822253120719800,-8.49647667525927,6.694342300161880,5.022056988553,-1.9860849527180500,-1.4731442804139000,6.98048730007582,-3.9069736440084200,-0.7812311917597810,11.023377317979300,0.7547019261348720,1.0983263317274200,0.9146527243784510
0.7975450224636600,0.34635995254218400,0.6717814887284700,0.39155595636041600,-2.478083701525590,-0.053126376783008700,18.402144454005000,-9.06592220161183,7.139266332504960,5.989036357793190,-1.796219563901980,-1.989002718170590,7.017906226156980,-6.901137519114470,-0.9267242804049530,11.122265565991900,0.3895603364806700,1.045162016328740,0.4463484042132720
0.535015494191683,1.0696815700534600,0.602790502691148,0.3076207433935470,-1.6788826945482700,0.04937205279578030,13.939043408691500,-4.609386486278040,6.8385306385252,6.8260895485403,-1.8662049748269700,-1.6769932968473600,6.621767352960130,-5.017996834453770,-0.2568888664106660,9.94795394241387,0.5263328731743010,1.1936058926646100,0.5721054490148400
0.6231168974040950,0.5845829363032660,0.6903100399480960,0.522312478971187,-1.7682269295688500,-0.6469162204734740,21.816982515663000,-4.276826496010380,6.43538942381491,4.026036736978590,-1.8332568017345600,-1.9578626705440100,-0.8065369727251,-8.886567981684950,-0.31441566123186100,13.234208999746800,0.2485799322635530,1.180812881657620,0.4643696002979330
0.7898521433055050,0.8731028398267020,0.6026642555669910,0.574650916086472,-1.6252177239357000,0.07463195780280290,19.03823550064380,-9.124351380881710,7.587480851145880,6.43958917487055,-1.9246560552283500,-1.6536603983018800,7.0851376200538300,-3.157432272014090,-0.8535137031565810,12.392415806130000,0.5002309395973200,1.162685684082920,0.8106099154972170
0.6206615149535300,0.9890416350411090,0.6487418721620980,0.5482344778452540,-2.114144776097820,0.04085839577875050,19.77179014922220,-2.683741835789370,7.651934721612490,5.346996377294200,-1.0931900219785500,-1.5557772829044500,5.364100905973900,-8.942052926273920,0.007398751518717380,10.182535594980400,1.083106122200950,1.040855514737760,0.9339220145661400
0.7400970508710040,0.3361172157379360,0.6257521622759660,0.4525275339784170,-2.1746230279790500,-0.9469428886058820,21.710187602986900,-7.00828730628287,6.207742067438240,7.537539704342120,-1.6578861484570700,-1.8333438429796900,4.145237028814260,-7.197952823674160,-0.5923740686463600,10.362787378440800,0.1841384801723750,1.0306693415923600,0.5560855245711630
0.47701003098543800,0.6818744699597220,0.6484648079827560,0.5708848602839660,-0.6976753177206810,0.08105951187032360,20.552429199527900,-4.704818999772050,7.390900136349240,4.771260735663210,-1.2816164495347900,-1.9514608966220700,7.887181020327570,-6.088898437111870,-0.31360755138498800,6.771497497606620,1.0588797957243500,1.1842552171050200,0.8257155851054020
0.7079318017615060,0.598142404915257,0.6356011804520460,0.3319238692031620,-1.4424481532475500,0.04666891240596310,21.900463528362500,-9.792935163293670,6.9778727704415800,5.899190457623210,-1.5595617957785500,-1.6668809242959400,6.157517638629340,-3.5695033740445300,-0.8520486495747500,11.253783769260800,0.5626879448954560,1.1123432227525100,0.41340448493523100
0.6235376484540440,0.974004997375897,0.6943696022808290,0.5170290890098370,-2.276057001189760,0.07054054028332010,15.26473863795420,-7.101615046943400,6.697830458578230,4.657074061601210,-0.658866226317583,-1.8116991405907800,7.486590881017290,-8.76546562759328,-0.526245197575628,12.586073204092700,1.0879918561041100,1.1427901789150800,0.7599206331031310
0.5697945914397300,0.6733098280733890,0.601176898304222,0.6607285228869990,-2.0491432489788700,-0.1876438166965930,20.057371309129600,-6.087542033364000,6.108627079273690,4.93942342542146,-1.3369677870053100,-2.0203012802130500,2.636489971724190,-8.437550072230730,-0.6600960763940580,11.627471349667700,0.4068630318982260,1.1452200861657500,0.6452520545967540
0.7323862226982380,1.000277647533530,0.6471153614644230,0.2769422156125670,-0.7174930945894070,0.20170595026824600,16.605497689556200,-4.609963218818020,6.151712269344100,2.818056266902860,-1.7259551884883300,-1.5423565667048700,7.396869220313710,-6.48598414988017,-0.6251368663857710,12.298636320387100,0.8885379600740640,1.120528489547260,0.8350152912427810
0.6786995739987850,0.5655602294965020,0.6752115403177450,0.3571873905835380,-1.6961392439892000,-0.3580727223953890,19.637002185342000,-9.68532236198036,6.882467084793800,5.522911193531420,-1.3220865309740100,-1.6964329215595200,2.2997059696228500,-7.21569737480229,-0.7485767112254930,10.86341444082570,0.5480052766379510,1.162688715641530,0.6663938834250420
0.6538457167092630,0.6893287964573200,0.6606357696592800,0.5255680977628290,-2.308605212163780,0.012628630630387600,15.835874975596000,-10.72807876158500,6.30211109797416,5.67946379691652,-0.5109302845818740,-2.1620543872821300,4.624119396595490,-6.921577370053210,-0.8975972251600300,9.651779165323530,0.8959954693963050,1.0969147166807300,0.7535603339829040
0.7764263133487170,1.0145763942269000,0.583046213825423,0.31847797101893800,-1.2818964283526100,-0.09992879961134060,13.274659064095400,-9.052868379111750,6.336748978425000,5.370640734602250,-1.169438693657610,-1.7770018950094500,4.920237235428460,-8.484241182304490,-0.6560828113462630,10.69464984250410,0.8563898023294240,1.1200563743764500,0.797308941717773
0.7023501047656750,0.9932805811239500,0.6585184759759100,0.6896713923992310,-0.938914856492274,-0.9884846938498800,19.095727746900100,-8.80292587069144,6.7819866494657300,3.3913555694803700,-1.640632174282760,-1.9230585152253800,-1.9354585189834100,-6.910505626032550,-0.7137600594606680,9.654844853449670,0.28159653211764000,1.1783104038648900,0.84972588761638
0.6522841745739920,0.7691777818881130,0.6342829575159480,0.6651909097731520,-1.5603289059454400,-0.20251805324551200,21.880459535150400,-4.812414330032510,7.440739856644850,7.704988597324900,-1.2305613640676900,-1.9025672958848300,4.459698237845190,-6.972021323900950,-0.37993667625553700,13.541824571045000,0.5314291238352740,1.1582955688319100,0.5969648531340260
0.7258314673879020,0.5128327127613530,0.6002183168558650,0.5751423533189800,-1.9186289827262700,0.22331377100366200,21.951228911979000,-5.819359849492720,6.922140013110680,6.888714330567600,-0.7251480084701740,-1.939203891510260,8.433073957362770,-6.0722792857834500,-0.5443518059049010,13.999945506193600,0.8327362830753870,1.085128845477490,0.9072730437865750
0.6240404748235440,0.8944128128698580,0.6413354975998640,0.6177379596570950,-1.467179383262470,0.45647993734103700,20.19855074255570,-7.981039169783540,6.218404051736710,5.2276399683066500,-1.6979135836973800,-1.7841760828404100,9.26742977151468,-7.277382475809630,-0.5895820135352680,13.379255259702800,0.4212515692315770,1.082310445529800,0.7770145845672650
0.7757645329859000,1.0728090844475800,0.5591218702848710,0.46517949093743100,-0.5509923649215550,0.12329533355796400,19.71367097700980,-2.443039917422040,6.69641208671779,5.694057195775400,-1.7688642979047100,-1.461961595830220,7.2932503094430200,-8.586439598670090,0.04119473707626860,10.271795874822500,0.657596301376548,1.070377142080150,0.7332648857123610
0.7119847221751400,0.36337176470162900,0.5058723786442960,0.5349744802423280,-1.152385964158710,0.18902742421350300,21.043925982790800,-8.466604478782010,6.7737358141092200,4.2337955621375700,-1.486021615238310,-1.7173584835237200,6.87697712201119,-7.495988223876500,-0.6343963356014560,12.081599407002400,0.3817094275610090,1.1997431519654400,0.6581049863202150
0.7579149534790860,0.7198346595783950,0.5367453069631680,0.583565183641292,-2.44453947746095,-0.04601143290774050,18.753151348545800,-4.811224657562010,6.169268621321480,6.033234033738300,-0.8838576119573210,-1.4171625302069700,3.7908477264547900,-6.841070485442980,-0.27819715115686700,10.415070520657000,0.8242970642520370,1.1925064276529200,0.8058131883646400
0.6075900024817050,0.6438874000986340,0.4803015451798980,0.3893988334377380,-0.9285279532369150,0.4360686596681440,20.273784931460000,-3.3409146980669400,6.52454058399797,5.3577505213211400,-1.8194242228453400,-1.6002589475641200,9.905520744804070,-6.946109154931550,-0.15746369740765700,13.352891938928300,0.6632133988254650,1.1577927029516200,0.8001453819814030
0.770843064164242,0.5059034198106420,0.6366300886735860,0.6122383311296600,-2.3078291088658500,-0.3796580426681410,21.280928948453800,-9.631533422177040,6.286293071337980,6.159789454266640,-1.214158347571180,-1.8869345700304,2.417135638968520,-6.575431785740510,-0.710023063077812,10.612395926640600,0.30789869222281300,1.1174274751931200,0.8706756846060170
0.6423511926822820,0.8925745008087110,0.5969591309823110,0.5983009184672680,-1.584749513862450,0.22893512622394600,17.143639760288600,-9.985165455002580,6.902152487839320,5.026556662276020,-1.2519846824700900,-1.9826058717896100,5.737992849257820,-4.102254693118780,-0.9382199213064200,10.23380527639650,0.48432312425013600,1.190847724788190,0.6062402880244720
0.686922146016187,0.826810148868398,0.5718438259173940,0.29627992210332900,-0.27461397368367600,0.1026223477355390,18.861314239746400,-8.46753915490714,7.026775333309200,3.4314551749900300,-1.5157224834935700,-1.83738769963351,6.463341853632460,-6.232570268635590,-0.6672517896711290,11.875840237256200,0.8870851585928090,1.1828082405341700,0.46757874060093400
0.6231841851006880,1.0311209175600100,0.584091990710735,0.3836406329668140,-0.48447605867121900,0.016501775093032600,21.158316992562000,-5.059410823172080,6.51714355022466,4.355343850770270,-1.498110321854080,-1.963877703346870,7.762417095073480,-6.226091970695020,-0.568202373421574,11.831644541772500,1.1141809702271400,1.1261616231107200,0.43113368077524000
0.7177132287469510,0.42873254130339900,0.5561141825811210,0.3112238479290970,-1.748079780893940,0.051656251740218100,21.992280080394800,-4.399920756946310,7.1558542052901800,6.224239168200910,-1.5663101992810200,-1.7844059704563000,5.043264960592490,-7.316910510485780,-0.12062469347330800,11.471834948886500,0.510332805554562,1.0956332297229900,0.5963014814369170
0.5578099198005180,0.7694260063535720,0.6466159243285870,0.5466096421799230,-1.1797385294020300,-0.3289002374537420,20.08593424032010,-6.433640280316140,6.729669419388420,6.333566508701270,-1.2598477485003300,-2.0068075928765000,7.921487186938570,-6.0762166403741000,-0.7699959699740570,7.899293932768340,0.53033541570572,1.1377513435205200,0.4832098884034460
0.7179487175240300,0.4486243849903820,0.6855739679346830,0.4416389083476010,-1.7645517969341100,-0.20207884950684800,17.337402166689600,-5.5714977916421700,7.119479330043970,6.363176821269370,-1.7282051033944400,-1.6335559096141400,5.86543308445444,-8.984429169496330,-0.4706694566296760,12.275246708769900,0.5297395035038140,1.1636135945560600,0.7100886161042500
0.7502689023983700,0.8711535539806140,0.5880138895041730,0.2844896492936770,-0.927555440315887,-0.35935997535659700,19.87873178608240,-8.917107743262710,6.337852114330880,2.8432528645989500,-1.6816666706987700,-1.9462244148590400,7.235557552742660,-8.661775227692070,-0.878345372706959,8.066888648505870,0.25686553077375100,1.1844785149050200,0.4991751538957470
0.766461038283212,0.4783694867001410,0.6175922720486770,0.6666188202203210,-1.211760589343550,0.09129585047458690,18.975023251093600,-4.272587217666070,6.858610514506920,2.4164985458021300,-1.596549142819540,-2.0088558968555600,7.183946619535930,-8.150731769561520,-0.25080392338202900,10.931284181260500,0.382755430002437,1.1746589877465700,0.6588233616176250
0.6879899550354320,0.6053688475448980,0.6850662144617000,0.6130111828052500,-1.8630219637345700,-0.08732007833573860,17.24332977248730,-8.011726038936820,7.122508929472090,6.1066601784972000,-1.3542504314171100,-1.9965838349183700,5.519008569243500,-6.022256233742150,-0.3895845102052600,10.242138169268200,0.34645973163266600,1.1561498716868400,0.545590765576774
0.6580228171689960,0.8422030465227630,0.4744058675201030,0.31194790938917400,-2.266319561103860,0.2600064868596140,18.935857258483200,-8.868301815519280,7.342396297965760,6.117659047440980,-1.4711186023149100,-1.7548650225394300,6.242608089371410,-5.9044849200754800,-0.921221304320575,11.4091865363065,0.4375407881038240,1.1902159846745400,0.28787867805848900
0.7574356586107010,0.41980853429730500,0.6416975053441260,0.3773479944643140,-1.9576682956254000,0.10105590789634900,21.010576257468400,-2.7016137459653900,6.516560171106980,6.150366879986130,-1.8979329647068800,-1.5677894934461500,9.44697629808601,-8.656454965362750,-0.3586898198800940,12.188922223524100,0.5370261379788050,1.1924582435499300,0.36424910456481200
0.578295462420658,0.8597389370064290,0.631686611983567,0.31402746262706500,-1.3892175673067800,-0.22025821319032300,19.06595972043120,-2.184617672237750,6.558495261825690,4.924504757457650,-1.9714865569501200,-2.01749126574369,7.427209814055980,-8.500585974598550,-0.10317689854649600,11.03396778230380,0.3947531119925400,1.1446247558257200,0.5507454145555800
0.7666538547504080,0.7217073674819220,0.6298814506785050,0.5566256759688060,-0.9326660829118730,-0.917973899179338,21.89344960794800,-8.9836008844951,6.2865410551643,5.02868641609654,-1.791504253114690,-1.8764742855315600,3.3568273809909600,-4.1492757956938400,-0.8643953448191100,9.901684965134060,0.27675441201553700,1.140863656328520,0.599849345895858
0.7566970546026570,0.5140861861842700,0.6184482753346440,0.43535630919300400,-1.3136677110329600,-0.4790350729557610,17.237020609170000,-1.8895855237672700,7.055610786466160,6.040357794203700,-1.5825150154490100,-2.1515739637169200,3.174358772135500,-7.391594139560530,0.1832803159903080,11.002097849768300,0.2930575269249260,1.1640633289993600,0.602344806244981
0.6602601940019710,1.0417965100791700,0.6651499544764890,0.5933290653559730,-0.3989947913822480,-2.438867688537630,19.56313572050610,-8.086739423887060,6.305625100997670,4.814942302533480,-1.284781773956010,-1.5838971260111200,9.47414057894995,-8.45494384577643,-0.7978564036451360,7.040088919178220,0.6372412818933560,1.0172170845024100,0.7647769299359970
0.71948399815982,0.41044099898074900,0.6787337328113810,0.3888240692686300,-2.0371813800803600,-1.5644034584389100,20.926696843629900,-6.176393622828580,6.818957496261240,4.413561846338490,-1.7642979660328200,-2.121509985227890,-0.6249325340574930,-5.133292812357990,-0.759241062277777,6.783142948083410,0.1755510466662260,1.1864106433550600,0.5329455114827370
0.6996830703244150,0.8723253849575820,0.6649790389421080,0.38267663247509400,-1.7207530147585900,-0.11805563631648100,17.92182340345840,-4.115293515039670,7.329738257235030,2.78130705386259,-1.6369421571580200,-1.6075234319736000,2.1132483534002900,-8.275436706808110,-0.1603654760735710,11.647570730654100,0.6926279006844790,1.1062377038710800,0.8181048088743030
0.776048533258448,0.42633188110422500,0.5881343101416680,0.4664526955217870,-1.8796339248394300,-0.07180250048498800,17.201779449490200,-9.89959586900079,6.669204442799990,5.771679672632840,-0.810876729849088,-2.041416957604780,3.638205173123590,-3.082805764652030,-0.7508453839214690,11.482737717998000,0.615760212005809,1.1756844444163600,0.8307718208938070
0.5417737352192960,0.3755276097870330,0.6173782803528480,0.5362270814399840,-2.0271784976589800,0.1991615601537130,20.085378668006100,-7.320446295521260,6.706262142783200,5.429994277810560,-1.0573168648785200,-2.0384331011253200,5.7888275796307900,-7.284714784043460,-0.4039917131982490,10.141531004760200,0.41189377438884000,1.1347754372534900,0.6634861658195100
0.7607967808412030,0.7156348670125280,0.6999584979244930,0.6690915333135490,-0.30097121305297400,-0.49770835506359700,15.131708803422700,-10.200715842110600,6.436810650974510,4.593579997930420,-1.567235995048070,-2.1748116867893800,6.798478511168960,-7.144497670637870,-0.9015571963600040,6.245919840987950,0.3764479594077930,1.135741973148620,0.9175274998864800
0.6519382012436080,0.5831679704093900,0.6906635234480780,0.5735115451132430,-2.171011332692850,-0.4544218264479030,15.847044650427200,-4.083808961338520,6.615494050386430,5.202983953996350,-1.9339109708690800,-1.8773480032179500,5.030781312271280,-7.983559261540220,-0.5127554327776580,10.127189578087300,0.24229832968833600,1.1900689538655900,0.4549184518086310
0.5916051417304770,0.2379112229795310,0.5974934876178950,0.644692122426696,-1.0898055787015400,0.20202256657537600,19.099322384186900,-7.626628926304370,7.832707821149610,6.243773512740990,-1.1566187466320600,-1.8650566025970300,7.427965784122080,-8.998651541775030,-0.46556876309656200,12.01558876532570,0.8841416581106340,1.0042465713337100,0.981758717019307
0.6638767619831480,0.5656638398752480,0.6309845534287170,0.3327006107512900,-0.9085736357741440,0.3333712798626750,18.404369281400600,-4.041233099743660,6.026346024011980,6.150632639003760,-1.2448623955534300,-1.945478543485890,8.710374268347070,-6.767078338776480,-0.5328601690395310,11.393805013227300,0.6663440904770030,1.0690930250372700,0.6360034758918130
0.7177030855125670,1.0512306046462400,0.6611627617138420,0.6247178481808830,-1.755551254935020,0.29966739735939600,16.784043678212100,-6.1391129187943000,6.097881162234880,3.315933635372490,-0.930186282460121,-2.1577178233345900,7.710124942452220,-7.277912758522750,-0.8742779440633560,11.733759164133400,0.4514776455967000,1.1859744187833,0.4244700542848
0.7997127949586410,0.5435998402732030,0.5168248661033010,0.2826615354235520,-1.7988963663018300,0.0951185105169674,17.83634528107940,-4.161722801124640,6.158552498041620,2.0321008716105500,-1.118614862018190,-2.1596701962543400,8.520302025615960,-7.141640116515710,-0.3215222511242600,12.242712346615600,0.24347947412569000,1.1726037543338300,0.6860788022841240
0.7911840410706280,1.0832259884073900,0.6370702811186070,0.409111281176604,-1.549756714886640,-0.3008610768436300,19.179522582463200,-3.9176952485784500,7.9843265218669100,6.61764794092551,-1.30923571494776,-2.1174494134833700,2.6796711427432400,-8.023702451333840,-0.18014440129866100,9.982574917091090,0.3443897148957190,1.165628418722400,0.6805902196118860
0.7774276897437940,0.7540630731721380,0.6431924519863230,0.3926976616835450,-2.3131793187411500,-0.07940056921382490,19.4350047810947,-5.5163655513369000,6.077197830249910,3.7222179286638000,-1.91689813629025,-1.801258103949340,6.9969973615777100,-8.611523697038880,-0.5039644651606910,11.507948692992400,0.4480350564662150,1.1377062073632300,0.5645169793991060
0.7056691652792840,0.9123307466184910,0.6650867274037650,0.3736312461887750,-1.0669057664257200,0.017480537701564400,17.149057192733300,-6.459751924302470,7.364840819580840,4.949937630516810,-1.9859119342515600,-2.17103639439031,6.126312267569380,-7.809630264983250,-0.6143772723889880,10.968046876044500,0.2486442018748240,1.1906934100017500,0.7606296374031390
0.7213702850196870,0.7417944467568440,0.5471841934354070,0.34627681756832000,-2.229067634169040,0.06194299044005060,20.73237312539820,-6.728754684183490,6.693936268842690,6.093647978816140,-1.7929363887075700,-1.5451319358818600,6.39635899019073,-5.704485866988240,-0.7522441357272920,11.141151191157600,0.6840745041606820,0.9342928950132410,0.6542707426102270
0.5467798805144430,0.8925667207436570,0.6262710110680860,0.6207182692793680,-1.3065852345791700,-0.24112818858863300,20.450267966711400,-9.371382191558870,6.650489105450480,2.635970972690020,-1.2612415890041800,-1.9209423409605000,0.17234702486515200,-5.886676324632430,-0.8712270000568720,12.181219423414000,0.5769005249331490,1.1160263510457500,0.7892069625190290
0.7743774531719910,0.7361521250790780,0.630677366140074,0.6290880196684920,-2.369334780070290,-0.1463768691685550,17.656670737424400,-7.211548452150840,7.4100486052504100,5.758528937115580,-1.3773553529464600,-1.8447672974078000,4.554604836011390,-8.844602380712970,-0.32287333040785600,10.435340634009700,0.2265179324190970,1.158810498193680,0.33269069222664900
0.784389333634896,0.6930754377943130,0.5676312151622800,0.4725059890966230,-1.9683274557623400,-0.23397901332434700,16.016103496681,-6.685011451132340,6.780479930382040,6.837128302579350,-1.2618908957910600,-2.009481054703510,2.841445061249170,-8.916168548274370,-0.44541658463765300,9.992620597346530,0.3594358183698870,1.0576143727718100,0.7996488218422190
0.6292678817139410,0.4861241917164580,0.6098856535855030,0.5836338063362610,-1.2407889888247000,0.4407293740770950,20.655015230848500,-10.617462298161700,6.704650169293030,7.031791005439210,-1.3155407556215900,-2.140784500315200,8.693597196555560,-5.504604811967600,-0.8403360607093150,13.580074814615500,0.2524369079918030,1.094803842554100,0.7707037383082180
0.735177131553596,0.46779394978397500,0.6683909449924240,0.4866648266116150,-0.8922367348511260,0.10633549398439900,19.98166754927830,-5.544290535123870,7.461993450945150,6.65757724107639,-1.6237961384635100,-1.5607143771656100,5.759826557383580,-6.929887327263480,-0.4981211262978760,12.491323597766700,1.101491025752650,1.1001106842170000,0.6087027858793790
0.5602674527748640,0.6074646115957850,0.674377266187848,0.4158242884976490,-1.742264171434300,-0.08841437016396670,17.970577352433000,-8.414798191098080,6.752272679859540,5.218364786909690,-0.9953987773684550,-1.8183220817559300,5.342624947301310,-7.545169674498250,-0.7953127901794040,11.26426663805400,0.8181193778775240,1.1120800459987600,0.8553036330687030
0.6481727234315240,0.9829669894852860,0.5833044883268630,0.6179501741584320,-0.9248568903280640,0.14846345932047700,13.34934698051620,-9.014077501095100,6.520600294867090,4.426683011344700,-1.8634724180618300,-1.8950011653935700,8.240474660347870,-6.474449713150160,-0.6826969232232140,9.99051860834635,0.49230779842273100,1.1954732249414600,0.6443398064616810
0.7481944382429940,0.2296727288083550,0.6408878877088900,0.42543322855812100,-2.4553291914331500,0.1107922550863210,15.7323613697513,-9.294870056341080,6.687532000669640,5.856203883448660,-1.1202161596092100,-2.080338659667740,5.405676827130710,-6.268569355502020,-0.7079867146080810,11.237222026217400,0.19909708123009100,1.1915532749958200,0.8516436923695960
0.6060404885788270,1.0556574213314600,0.644661750016934,0.4431587618154260,-0.6973319353252140,-0.012549622243186400,21.413525641432900,-5.261169678041330,7.177686196117430,7.05239698833608,-1.9070257775328400,-2.180342642239960,7.923073941602010,-8.492980535904820,-0.3123072019926140,9.061041869738030,0.2564547755419720,1.1191492070286100,0.6658084119944530
0.7197734711054930,0.9412323021412340,0.6647244578636160,0.27067530694616000,-2.270792286186570,-0.5160108366735180,18.01768722167640,-8.643710210629080,7.300585589791780,4.566704238580680,-1.232445834285980,-1.927508811842650,2.5809039197523800,-7.604006289815500,-0.6176845013947730,11.220785818751000,0.3907216313111130,1.1968623108392100,0.5985611795254450
0.7750594794594640,0.27450157692577900,0.5130582989408980,0.680540438115317,-1.2816904794533300,0.09871642809348640,20.32154314688580,-7.863438413232180,6.539824082415390,6.071375226082930,-1.9435917301796600,-1.6074324867483600,6.0128858868751900,-8.285080331898520,-0.8137177167314340,12.063804877865400,0.35810609971936800,1.0135558083010900,0.5180420407752000
0.784639207434413,0.9880840414033540,0.5813050257394020,0.5300737239595330,-2.1163229630135900,0.10689362573056000,17.742429381624700,-5.796181567854280,6.010025424723770,6.4872396593714600,-0.9915392173365370,-1.7900058935577400,9.3291507365994,-8.61987332658574,-0.23242117412471800,9.209792656224030,0.5064936691424670,1.1451585240573400,0.6399153632087070
0.7823947424593470,1.0923985681979800,0.6013630737980260,0.3421689450945150,-1.8170688354265700,-1.8858804902487400,21.34876418845370,-8.72517418244378,6.107582708652280,6.499817585148400,-0.632296502005095,-1.7635717079560000,-1.7949450801097700,-7.912556952933800,-0.9849338151279190,11.682416799815000,0.7089613120360120,1.139677107812810,0.6626159223650110
0.7455673228959950,1.0875933760034300,0.6081120509641260,0.5475619907540700,-1.272229767757150,-0.887212558535908,19.290860641476400,-9.065787639251270,6.351096723204350,7.333125468622880,-1.2822705124938000,-1.880249987759860,2.614973300844400,-5.9270828100352700,-0.855057627369797,6.448363671550620,0.4789682319949360,1.1237391192119800,0.6974272002817440
0.7454451557988040,1.025711773574690,0.5220378365511990,0.6727218367242590,-1.9232949366513100,0.13604681768909900,17.478069450147800,-6.865195380958530,6.97150409212885,4.1945167540697700,-1.040909007759140,-2.1008644614560300,7.358273524909020,-7.3875199103465100,-0.803109234321066,10.058838645954200,0.6510449573860940,1.1407621472560100,0.4123145551556900
0.44271709286083500,0.7957191619381190,0.5588235896327910,0.6790613665185930,-1.0274413156743500,0.4258966885825120,21.413137710566200,-5.018298996000590,7.8298708968296200,2.2358897897116400,-1.938942190922180,-1.7252689057546300,9.447275015914520,-7.762095675102550,-0.19041048601794300,11.72794061055680,0.476549998607543,1.177694932346470,0.8815481900366690
0.6723390554454310,0.8866276491203870,0.5279435710247560,0.6447835238828810,-0.5513066273575220,0.013906256666236600,21.599412466351000,-1.4993416671376900,6.340800576858260,5.545292379351210,-1.9116985534588700,-1.9199703675135800,6.896851292383170,-7.888835233946070,0.051400012347172800,10.466603924425500,0.3102027008172870,1.0735178273165000,0.6854843090718640
0.6967656225751710,0.7385750384623960,0.568598363347821,0.36193720599770300,-0.9715632687124780,-0.12702215999828900,17.341864320308300,-2.6613922649172200,6.4855675255357300,2.6614426923245400,-1.7230773129191300,-2.044799183487480,7.994902751972020,-6.711906350234750,-0.17447946167560500,11.184575169971700,0.25302092573223900,1.1909808316128800,0.7986622191957140
0.7723679724443330,0.6762986970299550,0.6677345836760290,0.5380333924989400,-2.385409336510820,-0.7386664765491380,19.111706729101500,-5.5477763967915700,6.119004274598570,4.02080803901568,-1.0673137514666300,-2.186309919376960,8.89801973050433,-8.368090499983860,-0.7132977075310060,6.401471989803040,0.1745452007052530,1.1247802024588100,0.586401181530008
0.7068073720962320,1.026016749303900,0.6217102901777760,0.3289581351927930,-1.390855746286490,-0.07747977458638940,12.633815742636300,-5.246994715747460,6.9562892118853900,5.851009986440900,-1.0230719153671000,-1.8471862663843800,7.495428116102490,-6.587434679737290,-0.3341055507423930,10.13480513752020,0.917255916752502,1.1713111584823500,0.8118318067507440
0.7431063904511260,0.6287637058368180,0.5050633951207900,0.4251248093737740,-2.3759025199970700,-0.026222092783332300,21.549551166697700,-9.489884347046970,6.064884806524870,5.992417433054310,-1.3580147928144100,-1.7993344625404800,7.005324474856570,-5.402372322540380,-0.5477549998932010,10.64060676565440,0.29610480306194300,1.1453821813075800,0.7663525583129040
0.7703891183638420,0.8155766873053610,0.682288638095443,0.4306553309894930,-1.7755213606468500,0.10552922117946100,18.95375547492830,-1.3273004982878100,6.9193977326237300,6.145403021108020,-1.7637137086100100,-1.97596344628835,9.694519392250910,-7.570824346478470,-0.013135942604674400,9.81840464458155,0.29021231833720700,0.9056982162112800,0.8932988631431620
0.6320613107272530,0.8805301495163130,0.6405945250838030,0.5868147182755920,-1.8475069656384600,-0.06502774098023320,19.97284379479570,-5.964083503087050,7.377010669753390,4.050651274741790,-1.7669534853501900,-1.921449115836120,5.828694754606160,-7.792952180247090,-0.5100176541144150,10.438882575253100,0.44870080452844000,1.1201996361498300,0.48533962031658500
0.5727521724066680,0.8781723417044950,0.6625418470442030,0.6201709844610060,-0.4333342555260990,-0.3990404217746930,18.736052075942600,-6.189121123003630,6.487964925824460,4.485289458642400,-1.721877412434200,-1.6735216015325500,-2.396513995005010,-6.9538269893085500,-0.7323582527830360,11.109857597710300,1.029668665221220,1.1881718411789900,0.27922339851642500
0.6794046151445940,0.8993185379027790,0.6437092313846120,0.608807223022505,-2.4597115815730500,-0.4449361593302330,17.851033463585400,-5.15218657461592,6.837505361786390,7.868016472641890,-1.6113802960380700,-1.8082984289705400,7.328817879327010,-8.46944686516368,-0.33267289368018400,10.03373395892000,0.4092214857838050,1.1665958445165700,0.638895399593907
0.533099884926665,0.4643491830578930,0.5753412825550790,0.5829817465258510,-1.0260057885759500,-0.08725045072450300,20.242152271491600,-2.576273034355090,6.5391804591548200,6.920407193062230,-1.5929845659511800,-1.8445793010799100,6.13370954237587,-6.476529251438380,-0.2591140094377670,8.503507784727330,0.5168618072589420,1.1411835346506300,0.5272366251258070
0.6580599152626920,0.7818416680408770,0.6645616473732060,0.2407196233407870,-1.4379928342935500,0.08100095241466530,21.728290617941900,-8.13068527660944,7.706518565774750,7.628578081050810,-1.9103231194939500,-2.0177381775482200,8.42446667041255,-7.914958260559440,-0.43050572467189700,8.712212440308190,0.3085118730063360,1.1567899599168000,0.7282826620851460
0.7636046276435720,0.7752574240533510,0.49844203430903600,0.6647277178330370,-2.295275245221620,-0.2486340542341660,19.691316556446600,-7.776007207801810,6.455420524621210,5.762024737904180,-1.6537612268825200,-1.5298091615034300,-0.8960427632283340,-8.12920536707885,-0.5412156484038330,13.295270917518900,0.6366572084229410,1.1957114776361600,0.8134944923422720