noiseA,noiseB,noiseC,noiseD,u1,u2,u3,u4,u5,u6,v1,v2,v3,v4,v5,v6,velA,velB,velC,distance
0.7195521930402189,0.8826090575719849,0.3449861555224787,0.7494177793164498,-1.8194020221236387,-2.8260458859527082,2.410207528699663,-5.722497279715588,6.868539591306197,2.9108580715466146,-1.4294771314400925,-0.7281729870450147,1.8334863923054108,-7.858044595848972,-0.011214950419932888,12.691548956060334,0.5483695345746264,0.9406772210067467,0.523017611456371,0.59
0.546558504842482,0.7282300457600862,0.5785248131951921,0.21846546989538201,-1.3081944077820775,-1.6349995133857436,5.026187895057155,-0.947144361332493,6.979489723331987,4.070471898351616,-1.5709215650210404,-1.550445961612372,-0.2600633427572885,-8.453968173392916,0.5031438401240176,8.464108299521289,0.5848645107531247,0.7730928888308096,0.3713770707777956,0.5700000000000001
0.6756382737023073,0.8121903778844902,0.3251026210854123,0.523416590786496,-1.2571816526719743,-1.2160612162455835,3.4844622259865923,-3.5274741953291446,7.235599743366132,6.176597394470214,-1.9788612114415276,-1.1135572764953605,4.345331654682858,-4.853641456113828,-0.4570382210140782,11.371114402336406,1.0276447716467494,0.7390808534799012,0.8336473227589662,0.58
0.7921119458509533,0.7322878468885976,0.48261679153066495,0.6690271279752481,-2.3200317850873544,-1.2644098864633255,3.0089855014672375,-11.01775151769909,7.295993150124313,5.565307579434482,-1.9058422344734256,-1.0506175406319824,0.4613739052155287,-5.6307625419454075,-0.5623391746508016,8.987964229668574,0.791697870925002,0.7581572828352208,0.5788418404693736,0.5900000000000001
0.7918063732693111,0.9117763350876761,0.4475100660947163,0.40351047063001516,-2.0019764679053917,-1.1933099866884522,3.341171425198833,-2.5494511650697502,6.152527349216233,4.754743898822888,-1.3601151948104597,-1.2942464087620038,2.9116996912799937,-8.23071887980943,0.031751385627120876,13.550607975398819,0.5245076388758552,1.001331931797651,1.0107805198609716,0.5499999999999999
0.7839500121517347,0.7308635124006115,0.5024530270861903,0.5091796329145779,-1.139826358014247,-1.7310720082710982,2.8717342482938895,-9.157743404598776,7.426404247410627,4.574327631561625,-1.6885141048572203,-0.822755453295422,5.153393747828012,-3.7929087221721898,-0.246691886117888,13.496910599640334,0.7783220819539913,0.9427795332555594,0.19551136879002856,0.45000000000000007
0.6766739298312286,0.75416174754923,0.4840961333823854,0.4009145455988169,-2.1998650410867384,-2.2258577302705675,4.792386680460485,-4.884906752126918,6.700826969269955,2.785323072525603,-1.2900932965017418,-1.0555097607875557,-1.5259193650071636,-3.9118727773953674,-1.1912219871871392,8.409756830049945,0.605454654708302,1.0691665328213524,0.6453442350300735,0.5900000000000001
0.753263017887766,0.7805499256050448,0.6807944684470019,0.398609126734781,-1.9275861100454434,-0.9751179055577062,6.305332370026138,-9.559131567235816,7.840476697609908,6.963847677002459,-1.5768290530692406,-1.2431651766047103,-0.5459104783260074,-7.58712229918353,-1.031973379076101,9.494013292346823,0.7078923269604455,1.1222973866299386,0.8741447069478654,0.5
0.4310392432496819,0.7130800388931965,0.5078831133459443,0.44334045748971135,-0.5979400105903225,-2.230559416897068,5.52388166164059,-3.8603041061540124,7.213352963168985,6.127854080332605,-1.5935234803395297,-1.247501552818573,-0.23072758222155132,-4.5432113962630964,-0.3738150728945727,13.675373897714863,0.9316547503797317,0.5288389692535949,0.8351323160394875,0.5900000000000001
0.6699534600037889,0.6942512000797516,0.5921895555114728,0.6450075506746286,-1.3931731691932332,-0.4027753560873685,2.6946020554902557,-3.0669260569256656,6.673227999029369,4.3022382875463885,-1.9637465780364676,-1.3845820889097469,4.822273978917459,-5.582505634032127,-0.7324824360918774,7.836641332954608,0.9878603869258573,0.9589914531405056,0.9049612547601285,0.5099999999999999
0.7365798220795248,0.7025737252503664,0.5230137636953021,0.3313857214474817,-2.107819596105292,-1.5402737201547367,2.5381326463443736,-8.66328086831571,7.106470522989965,5.412095886958183,-1.4934753932521974,-1.2683033935666101,2.043321455332478,-6.208600007116645,-0.5187374972489306,9.893486851754782,0.7940021878090108,0.5473047205918763,0.6814414848892689,0.5700000000000002
0.5601841391259479,0.791319275445698,0.5463791410506926,0.6400579274171135,-1.4797330612342876,-1.3364537149843883,2.951318150812251,-2.7812972602679262,7.117505650321494,4.9300028602938095,-1.7501611455673647,-1.4230436851467863,4.953453338787033,-6.825833317843564,-0.04154921717538709,9.623076183317764,0.5258482447498023,0.7967978955221943,0.2395714153250958,0.51
0.6195614316815239,0.6316732871817793,0.5776926063356956,0.7923200397298364,-0.5745541598626074,-1.0654695339646458,4.943787093187536,-4.742272367388759,6.711084971503858,3.557619672377101,-1.7311259463187678,-1.2653507384272593,3.685482161348732,-5.793635191381909,-0.7907722386437599,10.209066664036053,0.9546024929905439,0.8520610112436288,1.002153473310366,0.5499999999999999
0.7431029182669461,0.8805701726043264,0.2587680796896438,0.6534543781975234,-2.2345374186422795,-2.1609150180402605,3.572619702415298,-4.152188302342494,7.275771269353959,6.987545454051753,-1.5315381230767553,-0.6194975353529565,1.982059039141988,-2.4717826128516127,0.49857237692811407,9.582125898379884,1.1314364600103513,1.0163262943108902,0.6614435393234407,0.5800000000000001
0.46920807442940615,0.8335606789712038,0.6482047269947768,0.6081440203072029,-1.3919377885591195,-2.4245891805271036,3.9071898608517563,0.1301729477293824,6.541148798453581,7.1054720669722355,-1.5703452174488988,-0.5997729916563899,0.8997591511081686,-5.94075408191737,0.16967780857394166,12.541435036646938,1.1940667453835743,0.8376371092167527,0.4408923977528905,0.5800000000000001
0.5876103000787353,0.830009286593,0.6653360282486329,0.6038936593436053,-2.402267160578786,-2.345379661106813,5.148366647279019,-5.246457856854992,7.635439091254862,2.250891261644494,-0.9197476889866733,-1.1007842929400846,-1.6810784836375539,-8.754030254728242,-0.7151453061859947,12.707171685179627,0.6532670892064293,0.9475157722768213,0.7576678509536727,0.5900000000000001
0.6004446188418788,0.41704770321643486,0.5896188707169437,0.3110349414487782,-0.9803450255586491,-1.5920846173789727,5.249263237055788,-7.098693339619516,6.764300798116217,4.285573985078258,-1.847999551241981,-0.9300691056984309,5.64539226998373,-1.8475156503957373,-1.1627195941598192,13.909881047142257,0.8860303886596139,0.4946961077787319,0.25394954986191975,0.5399999999999999
0.6953421158149056,0.7675193926525404,0.5084258666082164,0.2416142702252199,-2.3570816032101813,-2.294418601926843,3.4232077270759933,-4.167084443454888,6.257689265191096,3.075029068249292,-1.4355671422931966,-0.5672710853504082,-0.6462586950595236,-1.4268707890590873,0.42064291413838206,9.85207070663338,0.6555636475420757,1.1963464809923439,0.5206361110141084,0.54
0.5878051603046108,0.4026648997056307,0.7227536545654266,0.24118723250808627,-0.20510709123292004,-2.2869501034763053,6.058110182317574,-11.716255978230155,7.858508604198302,3.159177958627723,-1.5382145509706882,-1.4197777364467226,3.187377858829799,-5.6509166140449585,-0.7329074049128557,8.504890354772696,1.1784323858750783,0.4641581416290227,0.45012953656259286,0.5900000000000001
0.49209912885499524,0.7175002619439043,0.41690140909198636,0.5749571060173766,-1.9041867159771138,-0.7749759025255898,7.023559235280511,-3.6438557832647827,7.084547709400968,5.096847406182169,-1.714032946547799,-1.4381805400058725,-0.3114530286805388,-7.751045303681294,-1.058346798431945,10.60515323907211,0.4779877497096094,1.0589518483508793,0.12534299889833522,0.5800000000000001
0.6897892349570561,0.6488668292433878,0.3223292042159948,0.48469040136277614,-1.9465447498109363,-0.8830113243805897,6.167318907757019,-3.932332122937013,6.537110581810973,4.893950917228468,-1.3671564502284597,-1.224179847744998,1.196331508723995,-5.154946812515977,-0.3572533462005947,12.811264264165189,0.8773532336971446,0.8072087572293275,0.8840770011302086,0.5100000000000001
0.43441703247880015,0.8577483033967674,0.5445731216795524,0.37261798194299356,-2.3623041416908683,-1.282076910015585,5.2531310324109315,-1.438751402473982,7.193488008022497,3.5551557760515387,-0.7841142955310504,-1.5024114241451996,-1.623362044345716,-7.37990387969866,0.35577357609567756,10.621484569128548,1.0483410273100653,0.9774611810086905,0.29600671435204395,0.5500000000000002
0.7664757847677971,0.3407490218903631,0.5765417197757526,0.667989372022471,-1.9480899425998888,-0.9063256099730568,2.9858949836135187,-8.292167279194805,6.665349140719737,6.746473882140228,-1.881973051786183,-1.1364707695078615,8.093033426390386,-5.593787802764902,0.0505554035339995,13.470748246073452,1.0324447726748038,0.4363545349652576,0.6254068712579443,0.53
0.6487001114818476,0.6685848394604608,0.383583739448226,0.3543183772367548,-1.1050483286446897,-2.1813213260510222,5.691170985249205,-7.158413490891744,7.0944936224154995,6.408240383512563,-1.4152747098457106,-0.7286455920850271,2.3019744355285816,-5.434417844872674,-0.9214668255063699,13.82433287522013,1.1226832192304173,0.8438033814152838,0.7070170184786914,0.5599999999999999
0.7669344791253156,0.5217882643390428,0.6878324502263323,0.7167117527941157,-1.4221858634034916,-0.9762139685563114,2.0026818311470223,-3.873133617928115,6.94224147105154,7.466960024632845,-1.947571884952759,-1.5650395576224718,9.111063353097217,-4.898694634671046,-0.28837485301263094,8.95364617599479,0.4505259741210036,0.6985218477955942,0.2231070277568155,0.52
0.70007299378226,0.7678110947558656,0.6893270072759967,0.672567899078214,-1.2998468348893801,-0.9945491442336556,2.119889089174016,-6.959729448722417,7.031489756342124,4.566698032105733,-1.7440618306961873,-1.579169318586006,4.776581862574314,-3.9828693261933683,0.07991387107696712,7.896079878943493,0.6971409547688541,0.5407213878934802,0.6877003065286681,0.58
0.7613388326549768,0.6604383715114209,0.5314254662657132,0.4780092232324178,-2.0036207772860832,-1.8298833239108043,4.736817003943689,-3.539846942612752,6.855931423139463,5.549142276512676,-0.9051593910837766,-1.864041749113232,1.959677868424115,-6.6988774392529296,0.14855264755421393,13.15466028329401,0.7410165622749072,0.47343884057762964,0.20797861478587165,0.55
0.46239216007827527,0.5684987542537884,0.6086448093525515,0.7926323321807592,-1.4277507993600953,-0.3230023205279718,2.419884737347115,-1.671000639551475,7.399485215946571,2.882774175872916,-1.6044033081277922,-1.613592026805415,8.113497089199715,-7.608588793345669,0.15457312041632498,10.879529314971775,0.7304546677473716,1.0892127423332205,0.5522057718123567,0.5800000000000001
0.7992833177214609,0.7637804600607672,0.3609878373735479,0.5177112972208217,-1.318102806305058,-1.1700058832365678,3.221974222553234,-2.70678359398063,7.458916650620355,2.2821569846020138,-1.8663517731398558,-1.0446701408617598,0.4899348499526177,-2.968099392138606,-0.3991161811263459,10.700259181742164,1.0797923078568192,1.0057221453192025,0.917096454366573,0.5
0.7638903433081352,0.7522581311874507,0.5213411989118563,0.5284035403726051,-0.4305063708100134,-1.1529282359357649,2.4268342421389035,-3.6534408107327345,7.204948116451726,4.169082136080132,-1.5729109154014556,-1.8375110237777998,2.4541933189762837,-2.6716593101687343,-0.8262539426561512,9.080315443970317,0.7974470979968787,0.9167068913857329,0.9314946664406957,0.5600000000000002
0.4002488085943827,0.5480613353171828,0.21765554640550416,0.6730638450060359,-1.4077718405683664,-1.4112207107652242,8.748090472981277,-3.226586606488664,7.150851600995848,3.892998552059018,-1.9707300257575158,-1.1653711707323278,-0.7922520476046923,-7.69651989927342,-0.014236658875841413,7.484779640928177,0.7249584312627441,0.9265028801151735,0.25381630295168783,0.47999999999999987
0.6587358372764516,0.7482685145064276,0.7400120039124817,0.7869047006225844,-1.294243455577739,-2.034762249504024,5.932235212801876,-10.560916882229911,7.804105800313563,7.393314456640555,-1.8381868942333663,-1.1370027201731796,0.5537494176835993,-6.654752761211377,-0.8050843191236335,6.443101793786524,0.5048426319544472,0.872328050069622,0.600865736599872,0.57
0.5623535688434015,0.5394216190521447,0.38233922012017396,0.7267039893838024,-1.8363483023303173,-2.19149368807593,8.611304911360143,-4.84729384613726,6.877673614225805,4.492483565686178,-1.0874531338573337,-1.7502096276907877,-2.382091998706927,-6.637086296569061,0.5121192522587875,7.80253044163284,0.968743042821545,0.3344893423844356,0.29823748339350814,0.5900000000000001
0.7709725171706268,0.9207827706433451,0.5791513151975646,0.3673803695916278,-1.459944190557667,-1.9497496043964493,3.1865327571364293,-11.401960972514143,7.0221767897871,5.414064409488063,-1.292652720839021,-0.7301579966150922,2.5312343451263333,-8.050390979099191,-0.608834425299572,13.277359716833484,0.9129833563582995,1.012603685880365,0.19810171515723551,0.53
0.6780871652420505,0.7768591317568491,0.27712565812572254,0.3479568686078589,-1.2510579783034967,-1.3617384306316596,2.5075843653590875,-9.484169858855056,7.4492001561045225,3.523487636701669,-1.9857238547678695,-1.0793033211666458,0.743529081299914,-7.805440414741679,-0.6642799147462845,8.89128099177593,0.8241347529496359,1.0124916336544494,0.33078155400423664,0.5700000000000002
0.7342231462380789,0.5691755848583816,0.4335496676527647,0.6026432539552626,-2.352823145533285,-2.1898114000625304,4.729601980481975,-0.7415129157841216,7.34314047894397,6.912259567133321,-1.4891257575099228,-0.5942663968824444,3.0518277110770855,-7.160440143342346,-0.03147126717748572,10.946316208869218,0.8858526401080861,0.7214475035671456,0.542280930445802,0.5499999999999999
0.7769787707821524,0.7580107538696179,0.5541522604913871,0.28779957937991796,-0.5398110214095719,-1.6026608156911486,4.889796981819806,-9.247273194640636,7.484668329241692,6.516653752017658,-1.9574025077581796,-0.946991855286196,-0.32392653874848176,-5.877977797466544,-0.19523325448305012,12.9675131551975,0.6771642955381734,0.8379230300304981,0.8773777777015962,0.53
0.6656645446974411,0.46138935421462485,0.6782867017165346,0.47108896185771965,-1.8725864805626393,-0.1501967355537681,3.982512596257793,-6.724382354205451,6.660511569244678,5.4969404339085655,-1.739811080058268,-1.490763347275298,7.150603258473797,-5.734186760146416,0.6659972378417448,6.96863578093992,1.079507245359749,0.7436410312484583,0.23370571776625182,0.5299999999999999
0.5596579870600062,0.6612422114484237,0.5437530118908915,0.5113261153742925,-1.6103320365025586,-1.8089901511494793,5.417773071922926,-8.90675632790138,7.642447734326192,6.122402590064365,-1.6686234415537662,-0.995508662034053,2.7323060718115992,-6.934511373955708,-0.24466302733949175,10.257189997782337,0.5532784062024328,1.0061996236579578,1.0811678733551173,0.54
0.63959395211286,0.8745791695010834,0.21904137136202834,0.23574281248500162,-2.416595699732749,-0.8425610114925122,3.1767665634716917,-1.0363142525238396,6.115784392343587,7.156808664934836,-1.2609702156631453,-1.4486473083757563,0.8373798961640992,-5.246215584931068,-0.24593593704113492,10.033290823317651,0.8342682250058985,1.0565651305325634,0.67247083968821,0.5900000000000001
0.664310598293092,0.739953818940742,0.534074851065967,0.6844681208934159,-1.555344659460371,-1.7714166030701564,5.212995962973785,-1.9440914455572034,6.765065036572387,2.1516537910316096,-1.8154335415686151,-0.8705838825736707,-1.4509924731086172,-3.5656355490721277,-0.04022276311010958,11.13067931173853,0.9640809285041807,0.8382074662575573,0.892565238416548,0.5900000000000001
0.49671548286154443,0.8841394940745986,0.7491561445495802,0.2228478614615356,-2.302400853219069,-2.2487060661809526,3.6886764042733837,-8.01339555861002,6.9081106456238,5.164090595490888,-0.6878622640037898,-1.2117650929303436,1.7956126515591413,-1.6295067885159773,-0.01855183577235764,7.3462831714324786,1.0115431285856256,0.9777479968762176,0.568025218832551,0.55
0.7142733632665587,0.6374786725378843,0.26780120784284955,0.5077597663475393,-2.4236209259639407,-2.845118808477735,6.434802226017199,-6.064606277669288,6.590184204337084,7.561393994569831,-1.5610315273438065,-1.4335702264551504,-2.508662110128157,-5.345407072255425,-0.09625608730085422,8.209504014192987,0.5530915524300458,0.47818544522567497,0.7638977155444635,0.5900000000000001
0.37603531942790913,0.7064156688005557,0.7954242174882111,0.4042774788286088,-1.1499975885048777,-1.7558460912039413,3.221467364473325,-11.797653034115871,7.420692658922188,5.023537439755261,-1.2620693862821988,-2.1882746657638004,2.0604010026558757,-3.115905776116704,-0.37407830210507687,12.517240761357982,1.1694964246082922,0.42979868647123143,0.9102370028878106,0.5900000000000001
0.735290029285594,0.6621739940987477,0.3801891706911325,0.45331509425916966,-1.0157345829684836,-0.7726679084891971,2.6144129892108756,-7.059069395098316,6.615473335608366,4.451319628616458,-1.8418712518328346,-1.1816679082087678,5.095082281678623,-3.7857935760500605,-0.38764007933009903,9.710648928025744,1.1621119341263126,0.8716541110109601,0.8699519185732415,0.5700000000000001
0.7801787584397164,0.8958141217076624,0.723071971243944,0.5620687772082262,-1.8471409957932359,-0.7782627080543616,3.1461088404499202,-4.266993582830954,6.86970235908507,3.3269758363638022,-1.5389710597465354,-1.3575893901584895,2.106646927807282,-2.133004122552798,-0.5343860770736493,10.761683665167014,0.51755722717382,1.1292665641470552,1.0282014422791153,0.5900000000000001
0.7537544886079096,0.33920427996791747,0.7223855728430181,0.6801515638348088,-2.142187672070037,-1.9711704585867007,5.093754410778959,-8.620541545468626,6.468403517071499,4.163107915587896,-1.882690772098249,-0.5708242467185423,6.8057152301041794,-7.351911733703271,-0.0953851130931883,6.16792321220865,0.7403031520257479,0.4080332034060527,0.4367540579651226,0.55
0.49549532292015436,0.4809326861595461,0.2425595527517474,0.4274424005186974,-1.6369980653548502,-1.9647627244575605,4.623044258473841,-5.373517715476502,6.996157305270738,6.185548343570209,-0.9208146452514849,-1.7168188713532053,6.081998646035608,-6.201235435755899,-0.3723612558784564,8.691636705969234,0.7734371154319009,0.9800630591425765,0.4326790220411728,0.5899999999999999
0.6647318313216158,0.31509463706212504,0.7171965571883469,0.21587247568747067,-0.7910388202243894,-2.512228256143817,5.2991622904782885,-6.824816379551164,6.7552712713104235,5.4887686324416105,-1.5467917982141897,-0.5482234352103658,6.323893709416894,-3.8834819591854446,-0.34958386610054265,12.246259104439844,1.1378934677803219,0.7574303049406292,1.0214346561957588,0.5900000000000001
0.6438143071458047,0.40658255692906775,0.6902547258874112,0.20125795553907141,-0.9804529478244872,-2.1733080926859,6.4774083250373655,-5.37269123602914,6.778550144269745,6.354582926582794,-1.6888606647439706,-0.6281651530014913,3.9353893092942416,-6.093437066634339,-0.17736152947714717,13.474361869281338,0.881164149772585,0.38020916037048597,0.20450063039041255,0.59
0.48826506264601294,0.9150371139584371,0.48743397113033216,0.455492145352768,-1.549530020527969,-1.3140774266418527,3.1161906433913207,-11.988458639736223,7.324400142631243,7.8347276119960725,-1.2694221824638452,-1.244264447682029,0.5555143071781821,-2.240217258439936,0.6127684967347593,10.176661725154128,1.1358773449873552,1.0425963448108393,0.4621475344536231,0.53
0.5768555129608414,0.4210744242656131,0.41502654392587424,0.6621218555291617,-1.8936758926482244,-2.3252767089065887,8.61599941442506,-8.596690080917663,7.628354177945859,2.629544507041648,-1.7516680009781016,-0.586789668050262,0.5356289077663099,-7.262358720979655,-0.8327779517985385,6.24561366641675,0.5464946674994217,0.6028427871201678,1.0509001764875276,0.5800000000000001
0.7017243587187652,0.30400754192482016,0.7871020875122318,0.30609398329361504,-1.3473343033819003,-1.6611086136533877,7.1900754766500174,-8.438872926413241,7.3150528478549885,7.351469341980893,-1.4604888662913391,-0.8106879768439352,4.267697407175733,-6.202071972677157,-0.7399968385379916,12.238765649554981,1.023496536122775,0.48278302819074725,0.40240244249239215,0.59
0.6863024011695027,0.7110304924660077,0.6257878157815638,0.4960882549578529,-1.6145499160998953,-1.3031950628698423,3.3351374189895324,-6.618531515540569,7.105617367748978,6.854289466415189,-1.2830051645538436,-1.4622940927215848,-1.0222362603813326,-5.367233689250902,-0.2911054303072058,9.06684975831293,0.8237619553662989,1.0356778811740968,0.22896329716088618,0.5800000000000002
0.4869981717938985,0.7980159423309819,0.4601020309496277,0.7891380850685419,-1.4158263624385168,-1.48373711545523,2.6649875595318258,-9.839268115259006,7.182860916883594,5.210217488769775,-1.5955788744198929,-1.0344540336018893,0.8025297295265512,-3.218071011360499,0.21903353714448112,9.336074199501748,0.9718457594509602,1.1305844185649008,1.0179623273112401,0.55
0.7665555472840306,0.6584797992401591,0.7312707904206368,0.269608984793806,-0.6473911571460673,-1.6029549473618614,7.394788797834959,-11.954669398844489,7.254847776343724,4.9887756252043935,-1.7312417439296244,-0.9404608658420411,-0.28884906879367883,-7.141545587406419,-1.042219196785767,12.51198211817662,0.6130068558444174,1.0939837544680562,0.5793824021386227,0.5900000000000001
0.6066463524294032,0.5763238291424745,0.26022109599311255,0.43284035411852007,-0.8045586014436986,-1.5963910822535212,2.254532109278904,-3.247231086880171,6.516653873761444,5.131271729176277,-1.6447619882849853,-0.9726955562256998,8.739957071828313,-5.236167464335811,0.6516542569414038,13.96636650847707,1.0907807718641604,0.634261487976556,1.1662327760026907,0.5699999999999998
0.6483043583214655,0.41719744967353456,0.5732830384095383,0.7131766176632806,-1.4405640068514742,-0.2027034098379546,4.275559623835916,-7.645674334631087,6.636215332975046,2.8012042421688332,-1.3673818820845471,-1.528068574642668,7.121255692938566,-3.4151693487258132,0.2808765652210087,12.47859152155339,0.9089889750885554,0.8323089281837205,0.6812289173701445,0.5399999999999999
0.5205007649173587,0.8782151194034961,0.7941632739114607,0.6486721333976452,-0.9035824045100606,-2.01643272791393,3.330340155944456,-10.084584218850408,6.146470143013997,2.877793249179888,-1.4412932980077153,-1.2836037890325276,0.39115852388121763,-1.1719360153695426,-0.14771529005507855,7.111648130784088,0.8900004944024354,0.9372096879461806,1.1186721320172466,0.5400000000000001
0.7828423953911186,0.72556946055891,0.41731219973273764,0.7518482702846707,-1.1507935062492272,-0.5473661368005092,3.0473335844723497,-10.567289449106273,7.889282276723724,3.1256134408075993,-1.7249455259750004,-1.4357453954806219,3.236928947067242,-8.292041941928915,-0.3229823187324915,6.311488123828289,0.8209906446850079,0.912821427424828,0.5866105118912965,0.56
0.5779239774194236,0.8610242133414711,0.3150683632336539,0.7893936685670085,-2.0107631060714386,-1.2583615814392215,2.9007364591311213,-8.822636884277124,7.13006779345086,4.4398359323864725,-1.632135471992417,-1.0940873237922422,0.8777731540704061,-2.170053905331243,0.7914634308136765,8.036590711526806,0.8824593679550774,1.18472196902121,1.1727126028911061,0.49000000000000016
0.22202772465614415,0.8887195321147052,0.6354152831369732,0.2593629898356255,-1.4550240126378577,-2.5938176885578694,2.2090608261429843,-1.7034414453415276,7.7839462851867465,6.689493224960178,-1.7226620554552874,-0.5445146525492272,2.110657060358701,-5.998748679370828,0.1784573577982732,12.789013721234758,1.0629386648045358,0.8257675001478977,0.8728617470452935,0.5900000000000001
0.6919938492337471,0.7942331466627883,0.6505092519140194,0.36077099588088124,-0.6407762726691508,-1.695371009543178,3.005045362615859,-3.0096559409594823,7.545958049213204,3.958892191865035,-1.9018814014471694,-0.8364898202174543,3.5389514670231472,-7.894698506564209,-0.6058730827231462,13.505043575824486,0.765549595699327,1.0727297117818033,0.361378397285785,0.48000000000000015
0.6925455733756474,0.8522829031331405,0.30172396003156754,0.4878996584714781,-2.290396963428176,-1.4339544324536257,2.7330981214220653,-9.804089255666739,7.021567656996498,4.367228574203623,-1.0734448505444358,-1.145101407907155,1.6391895310880558,-7.532233972536884,-0.40767708222245136,7.156223036294626,1.0448817677345201,0.9697937509343888,0.44942055280879656,0.5600000000000002
0.35210930984898087,0.8041111021475532,0.2628697274105105,0.6918830348925378,-2.1875807038511557,-1.399518781036781,3.9311932977587025,-8.453040517673898,6.982654005182672,3.240128881689219,-0.7825642606321884,-1.721980174746126,1.051874406314051,-5.95686479527227,0.016506690063951113,13.233050221141802,1.0881682963753612,0.7646273838240618,0.4022459027035876,0.5900000000000001
0.6428500315969625,0.2178455297833068,0.34161609044909286,0.5294253721619769,-0.5386007635375402,-0.6093190931234362,3.766037716019632,-5.1128093613528875,6.041870643052744,4.0971801168809785,-1.4243789045547384,-1.5338813411418128,9.207970596601761,-6.518796308421786,0.014409094328609595,9.648356535493821,0.8690704237245775,1.067967094154421,0.8776678287563637,0.57
0.40634797313327875,0.8308758642347301,0.37328492378723854,0.22150183946249602,-2.143882291830167,-0.4547804365033443,2.907610248396658,-7.606561188745477,7.471144630758609,7.701732078093128,-1.2399740931887626,-1.5629965694827388,1.7074455217478566,-4.1253640663738995,0.5825284378036876,11.987749088182898,1.1697613710512877,0.9336582537328484,0.9909060621933504,0.5700000000000001
0.5881310460970407,0.8124416680319394,0.7945570177934282,0.3617184063479701,-1.370585174469582,-1.6204508208524087,2.215892357357366,-6.189265874961002,6.397837424850044,5.3050841295243565,-1.6418684444493152,-0.9091153251828642,5.1990492369361085,-2.457430692606662,-1.1234253866801225,13.131198116638364,0.9525130554658103,0.8399360505912025,0.45693186541541186,0.51
0.636446558501949,0.47373866061234493,0.35408230754290837,0.22653963534218854,-1.9694257638281534,-1.1614865111549924,2.0783077164802166,-0.8739618255490911,7.062994894763298,3.665842115165458,-1.0062543946132534,-1.3449844291688153,9.899639011942881,-5.58463474153801,0.5980768344010068,9.565269384462033,0.6781098597178301,0.7578088657560091,0.6790476898256705,0.4799999999999999
0.5530044827964663,0.7389044699531854,0.713640070566468,0.6755320817086465,-1.8371842085815286,-1.8014151029114498,3.9860655285688296,-4.394676158561205,7.469906515158927,6.881923942002928,-1.9333188011636746,-0.9793407961798584,0.9779183332307498,-5.501483990854303,-0.17634461870824875,12.982961366179564,0.6978315026394414,0.8392378735064207,0.6173496757780602,0.5900000000000001
0.7736149022428368,0.7302590716842967,0.738945647715439,0.4006403850350896,-1.1831239522945225,-1.9147271285923,6.245104194206263,-5.0246452302617435,7.169230511626325,5.0792189718665055,-1.3701077861243438,-1.6530286905290756,-2.918340208725607,-5.67182421980829,-0.5956325698024865,9.83395768433483,0.5668892846765476,1.1328838358783715,0.7923686676393011,0.5900000000000001
0.7327033767299096,0.7720699499858192,0.3926742391099893,0.5913265423867018,-1.4406251580152434,-2.2132496544952502,5.51667547966674,-8.501974621446976,7.253277874838402,5.526034338329317,-1.166918297587002,-1.0054436455169293,-1.047080832953275,-5.146223606812294,-0.3137783313509744,6.975423551736723,0.9699452626568791,1.0461174425560629,0.6297140699132883,0.5800000000000001
0.7599169816890938,0.7778841453147592,0.3675962198223588,0.5906882026586918,-1.6899118325585927,-1.151476841874097,5.436759590661927,-3.1420589226936633,7.045856108238589,4.81847678727224,-1.3014159675207992,-1.322148233169198,0.7269185991066287,-7.025145405982194,-0.4491919791331757,10.113285311232755,0.8020110280894281,0.7869669019569132,0.505027355390636,0.51
0.710942110784718,0.8407988757352967,0.6742514003304755,0.5417248024766171,-1.9293222708989968,-2.4368486797679276,5.151420820337705,-4.806821834630416,6.015259008646797,3.59581761820879,-1.263031858851328,-0.8721967037397075,-0.9998362289739564,-6.3852186859444,-1.0516532787893902,8.749558945906765,0.6288720528089031,1.0297780960915504,0.19952127723090637,0.52
0.25029418869846004,0.439037009940462,0.716036269277872,0.4662985247384688,-1.3072673821568839,-2.591446474282477,4.6818091771116,-5.368678465297653,6.548170721177462,6.905611352022862,-1.7710900720597877,-1.9692883297462576,2.3723106483279017,-4.938082112736277,0.16211667433013444,9.38222051987177,0.9291681036535501,0.15146822688533848,1.1623929812712428,0.5800000000000001
0.64550185980985,0.6573992011100707,0.6293458358928944,0.26771438687837346,-0.46854439369803447,-2.0354615643630916,7.423538839895374,-6.484192583871155,6.4625050464626375,3.746574250354082,-1.6605460663388976,-0.7564692186748312,0.1584211373871487,-3.3674414843255835,-1.1046609448422047,10.132329733344093,0.8965370196586138,0.8485731845275135,0.11244996130398902,0.5699999999999998
0.6464458297674953,0.37531203459263485,0.32663402005238384,0.4901077794397126,-2.309236001505823,-0.7745777045463894,3.067505203064231,-1.6944245857598794,6.5108104169472565,4.045108017753934,-1.2497995468866816,-1.277973866746366,8.521647754763043,-6.490267470122023,-0.46152647383160494,8.902420048460213,0.9087043765636187,0.7010251391442023,1.1193352712079072,0.49
0.6764745462790102,0.38184410969849636,0.6338486639657445,0.41378321067599255,-0.8603474147246859,-1.2873081571389227,4.300731346443451,-10.05057671945342,6.720771770819856,5.966718874052165,-1.5945929443204063,-1.2258889095576129,7.097683379156737,-6.540540430404466,0.13742359932338546,9.529986765200267,0.721349569693707,0.9945618268731315,1.179697460089573,0.58
0.7839269881435521,0.8464764556302911,0.7574538539112792,0.6983682394433058,-1.3120347267450243,-1.0368043696251592,2.6427134698223917,-7.807805474514762,6.913392103861407,6.688464310099668,-1.8670136414671987,-1.409582520517638,0.9168856915048196,-1.2025957480273626,-1.041201733135947,8.99877212781681,0.7829179540034918,0.8029583920101144,0.7164337940917606,0.5599999999999999
0.6669000416969759,0.8419863690098103,0.469732912959114,0.6173086571837136,-0.9796620011272585,-1.6401120138319292,2.788106957307954,-6.67490464108261,7.315453931829422,5.979830728654432,-1.7837208643273623,-0.9580886265239106,0.8902396659630192,-3.6047400837042893,0.4810165687677922,8.392428390662431,1.0912804083994114,0.7324410893323074,0.8582957773170852,0.51
0.6406709997824293,0.7412316825634708,0.5034912202718368,0.5938689310054667,-0.8780898283581413,-0.5071418344396657,2.9005182210837837,-1.9682575274926615,7.217896263141998,2.0514401003293155,-1.6997239662908081,-1.5041473720062517,4.018867334910882,-5.295402804439947,-0.6767370723115325,7.269926090443743,1.1761143988335372,0.7536001036063064,0.6286347838559114,0.5900000000000001
0.7920845873908902,0.6197955889801486,0.3443882762300371,0.37802072023696576,-0.8251096133092639,-0.6005117879007122,4.295143284315466,-6.653527191829872,6.208582222142163,5.374633326380036,-1.3470152877354484,-1.3828791485658045,4.06724074082512,-5.216437286347698,0.5968484825928515,12.080874408411521,0.9729109410906136,1.0858877323780065,1.078520906920289,0.57
0.5239540743289263,0.659944294636495,0.7335678448341314,0.5482148469295401,-1.5623190831246276,-0.8320955146611351,2.382964982653056,-6.0364647434654595,7.978463213438558,6.85910522068845,-1.7625810229459953,-1.2667794421518555,5.469409167413096,-2.34830524504004,-0.4501540278686099,9.202398000636833,1.0527525220777916,0.7512821841855147,0.8111703639505589,0.5900000000000001
0.4059921778712847,0.6640644926494933,0.7877785824880266,0.6190388348274447,-2.4197150653959874,-1.2405677582279002,7.854694763651916,-8.864947237378525,6.578386330405305,4.5220670840926065,-0.8780331853089154,-1.8606084496820103,-2.7831925407170144,-5.954688440870898,0.7225940130969155,10.649217884918919,0.9803188363524169,0.614542473645563,0.7040989847826207,0.56
0.7450856155050142,0.7991228592866919,0.5270697000856404,0.305658575501121,-1.6684194587512653,-1.9447812483099938,3.1295876220624246,-3.8572064708252034,6.846739161847763,6.081046714686077,-1.6086046755433339,-0.6743608204106362,-0.7043870092418264,-2.9596658544557246,-0.3670334110994476,12.081367455979276,0.8711718787511764,1.002666020107895,0.20721395126600442,0.5800000000000001
0.7353565074713584,0.5213179208553995,0.6225680164650247,0.7185511860528443,-0.8360936766692862,-0.15249948309047479,2.020879248176162,-7.755442909104692,6.2040190102467605,4.038013391926355,-1.8493100138497203,-1.564535742766918,8.807487801023212,-4.9837630100296595,0.6013085335449259,6.226065660566986,0.8280114986013419,0.6665026537783941,0.06980030398710457,0.5599999999999999
0.7543347907111951,0.6888951385730504,0.6413878785730902,0.47173178749213374,-1.194153640707761,-1.5698077925801353,6.9047971336924086,-11.961422717927995,6.870576124576251,4.673440320247168,-1.365663737065504,-0.939240153361807,-0.018763534264619075,-6.31759939988048,-0.9777923754474653,10.5281757261811,1.0734581332508801,0.9374327083369055,0.9346217643122474,0.5499999999999999
0.6051110796126901,0.5732206976866172,0.6899799292960687,0.3833484568042062,-2.405247064915828,-1.7269404785109352,9.338812787448298,-11.568273819773472,7.661279847198103,7.163890536174091,-1.4052259789007735,-1.0221949780460542,-1.9726528556530236,-7.119140601465365,0.16137545784378116,10.767182499906301,0.6308796465917356,0.9031717329392461,0.28148496048923016,0.59
0.785314893398654,0.3683146328721637,0.6518145874679439,0.5615373371156469,-2.12150411960878,-1.6952929750382841,6.156738947749905,-4.5742451327682305,6.120886558770283,3.9400157802072493,-0.8456375528542857,-0.9137671360051751,4.204463631473167,-5.174938263153301,-0.7454831393092624,9.832387053630844,0.9966771756598369,0.8313169283237087,0.485295940494759,0.55
0.5671166645476051,0.9729402553774249,0.5609998540473519,0.23322544591929414,-1.8782901751613084,-1.0166447499772395,2.6278605347784625,-7.616990294958935,7.537396075180617,2.655488265365803,-1.6286213623607437,-1.454171091765482,1.8912652778840933,-4.823082709523409,-0.511467490092767,11.184089854821023,0.8005414599416925,0.9441157803663841,0.7195452809991669,0.59
0.5088270409936273,0.7333515865101218,0.3259252883225631,0.7069458046702917,-1.9417461405437046,-1.4990824949342572,6.977373139320552,-7.704528617163179,6.589215801498022,2.907605065272123,-1.4754728265083603,-1.0040881216514412,-0.9477386917063477,-5.378429972352381,-0.5822917601674698,8.904385711673262,0.8608802725820437,1.086546325118465,0.8725524564905422,0.5800000000000001
0.4723010617265147,0.7358446660278288,0.4548060528996144,0.30344712745328606,-2.2068329017340527,-1.8747863671878102,5.103008771606188,-4.563555557686179,6.732637823011034,5.567660089770027,-1.7500868897393493,-0.9509540187403931,-0.04711597314095811,-5.732255510810135,-0.6694895234846927,9.046744471947573,0.7129770652966444,0.8714553556115584,0.8216030400320204,0.5700000000000001
0.5781313535024308,0.8343537670083775,0.5761348547106139,0.27869114651164884,-1.6231125067549306,-0.9632677691618021,2.529216098738741,-5.484334436461202,6.763308765655522,7.1517894625986855,-1.9322705438501127,-1.2034024375086472,2.7122606418575494,-2.8874350684038186,0.6270841847765222,11.308102776422091,0.8482397238425678,0.9541442778874268,0.49978468587240804,0.5500000000000002
0.6296534165210517,0.3523630387494668,0.6569008697541963,0.5426674299451394,-0.3039528891608508,-0.8923223234707907,3.015444347940129,-10.158206305444157,7.267053799329499,6.600976058807279,-1.810278425462648,-1.7310466704805743,8.763579332710485,-5.955633891319746,-0.3176213389464684,11.626567090547153,0.49675747049745606,1.1848092466230464,0.2901195662107213,0.56
0.7873068863014338,0.6989938342889929,0.36508318556314756,0.610145338860691,-2.0143541878065108,-1.6283882594784034,3.2714503423675305,-2.3734983239359635,6.664966467525409,6.697022702341161,-1.7692771730078993,-2.0563023048678852,4.088351768386814,-8.686042689502594,-0.7592587991601937,12.799195474201088,0.4090078199439955,0.41226922331512494,0.3239822139234933,0.59
0.7460516838093453,0.7268448990933158,0.40343692432510886,0.6202313608265455,-1.5663482499550603,-0.9221548203240104,2.583181809324904,-2.856921520210309,6.623762350479473,2.8709926271999198,-1.7242491522549093,-1.2649593215932033,4.461652477941252,-6.553115474180408,0.6616021644138388,10.118906036438318,0.7880496080380381,0.9134066490664944,0.3202575711180058,0.5599999999999999
0.7425301232960606,0.4874870700347397,0.4959502209692006,0.7741413972407732,-1.4368214558169323,-1.0139176730954107,8.222838108835091,-11.238523377969234,7.115110901642396,5.3971184717238065,-1.9094763578559704,-1.1139788964747823,-0.7465159441117359,-5.513879514665997,-0.01630835284038823,8.27595445019534,1.079809418085606,0.8055945447958768,0.28690283313554904,0.5199999999999999
0.6815632705306076,0.7961642103553774,0.3446080312801272,0.5424872816749909,-1.1668392986030485,-1.0272705813833656,5.2808039892258,-1.3518141033753066,7.508822813937626,3.4473035216203916,-1.4825984319705663,-1.1714978914086873,1.57991516165352,-6.958079761375092,-0.8816001964914764,8.971698693423019,0.9837059631869922,1.065164157648619,0.5295041114867125,0.5299999999999999
0.5766657557005697,0.6455218386755512,0.5261391621467266,0.2625427543300536,-2.077816738736838,-0.6663522781624562,2.2976284480636866,-0.9494368559531354,6.251928142353087,2.1689751269754356,-1.9215854559787446,-1.6364968738701955,0.13502631427257583,-7.179182443023102,-0.960019803914516,9.299440323994455,0.7927623164345605,0.9098237476330302,0.27796220801252713,0.5800000000000001
0.6979248103982332,0.8415581749701164,0.3662737103096422,0.7207208173065334,-2.167876603325649,-1.9648361017178053,5.096258082787639,-0.9442993688246442,7.235486151185896,4.535593695425471,-0.9900812084627548,-0.8207488244403336,-1.9081545997246672,-8.688344117354053,-0.13403176612972845,13.297635657022802,0.8695005173302084,1.089779422105113,0.1921298948933161,0.5700000000000001
0.6810029250032705,0.7008375718750395,0.545234580356105,0.34648523273460496,-1.7463517323643156,-2.0617681143779425,6.909260046382382,-4.430616798825995,7.094903032751851,4.954343816417879,-1.0024263701170637,-0.6922141954119323,0.4000376501868095,-7.247813019809999,-0.2059488744009531,6.557132802178664,1.1251407716863104,1.0621611452063964,1.00609804492067,0.57
0.5104800225391729,0.8144428215887829,0.2297517578090966,0.32856204125394384,-1.7476522628281115,-0.589427327304572,2.5065736616590724,-2.018208549408586,7.163521619319936,4.764322890979921,-1.9369515133887678,-1.5560332156075591,3.6005036763113485,-7.95445903421964,0.15354504650036394,8.952352557982834,0.7099562079979863,0.8882562557665045,0.17045477454641372,0.5
0.677739808436834,0.5973283528198541,0.3226439074765405,0.4902509582589968,-2.114897710273491,-1.7957563783182189,2.8301478054931506,-6.772368839765398,7.394844211824274,7.622747531153754,-1.8420244559868852,-0.9661154347439433,7.892924427854706,-5.558161848831239,-0.5194979293046805,9.113186595480377,0.5632977764501449,1.0287198615516908,0.7877232115614121,0.5799999999999998
0.5142239958864507,0.38192518197878983,0.7048652380969852,0.4913190238094317,-2.158703837868842,-0.46127816372147323,3.9000395163864416,-7.819572474576454,6.481573531547835,5.331357429656154,-1.888450433373685,-1.551011248265517,8.209230522837606,-7.613582685020512,-0.2415551892261661,6.804923387746962,0.5854666998457173,0.7986582721744704,0.7732439115294993,0.5599999999999998
0.6332453003826959,0.6796133769964238,0.2874788539765767,0.4238642195013912,-1.9232242835097841,-1.680815565367087,4.140922520513577,-6.470779711737157,6.773911684668866,5.506526397263092,-1.5213535169034649,-0.8613977837740059,-0.16850050314703058,-6.359211149700444,0.7619485935231991,10.4346672630555,0.8301282587622573,1.0536664422511062,0.5095473256225751,0.5900000000000001
0.7888341753132463,0.8381464239622168,0.6132488449746913,0.35856043102206725,-2.3932709018630423,-2.622351166480218,4.563867323371886,-7.337836328924754,6.151488980326205,5.425407610939182,-0.5898289468247966,-0.8164613560523477,1.1529106696500602,-4.754631919529312,-0.1584432873331606,12.01062055714382,0.9295411645727384,1.1482701321499738,0.448069429222859,0.5800000000000001
0.6645488371978441,0.8056856868832136,0.5970540909188978,0.26501078518491794,-0.9670843258293966,-1.3175844986433194,4.835451705953217,-8.501471634000465,6.010435391845505,2.9082577542187713,-1.4619452746796326,-1.9626788649378863,-0.590180907518645,-3.376834373848615,0.31043953902136145,10.4490665761083,0.533889543604685,1.1069972419385334,0.39530651493188285,0.5600000000000002
0.6165464450012862,0.9442200094441914,0.4820079008224807,0.7804467282555553,-1.3835386470847604,-1.8157761999400637,2.3861576739319466,-0.7926881155303729,7.268691797458552,7.7157086363065766,-1.8205113964416317,-1.1084306416869671,3.018283953621843,-5.86458297367977,-0.463473197629032,10.928790065403206,0.45441303969840136,1.0597447498465702,0.8988967976743081,0.57
0.6994764909576079,0.4633422871904764,0.3181512679397842,0.5444836676190392,-1.2196788708085062,-1.4005035030952577,4.468578031921775,-5.564641233733441,6.521024335595386,5.662692783249113,-1.833344953250364,-0.9724362444167436,5.25695790522972,-6.400761743575394,0.6541684125083536,12.910905835872153,0.8810370966691984,0.37796434211904795,0.8525860563911237,0.5900000000000001
0.5475769291424171,0.9049268399386399,0.5113178260855559,0.3067082549666017,-1.9621653025512338,-1.0846807565385512,2.3819539639778613,-7.639249915294572,6.735873595034725,2.3985215863434117,-1.6148341019457562,-1.1898423669174882,2.1453708192112635,-2.8510321382922745,0.1537061351603951,6.32936043052562,0.977939355757142,1.1838465646696237,0.5649430824249474,0.49000000000000005
0.569446387855043,0.759671237556572,0.7552941312093068,0.6164475334881978,-2.2435116856003052,-2.1939661317017687,4.0734450363669215,-6.047126929706817,7.844875845864528,3.2139035685610295,-1.5274422676143096,-0.8200452591806257,0.9336793397644165,-5.327669755574892,-1.1514722242185729,7.028216722801153,0.7464489325329619,0.5933402572118769,0.1633022217688681,0.5700000000000001
0.7471398097487852,0.26659033848117814,0.5179677446873958,0.2852180394803292,-2.155260240351133,-0.8968150366238687,5.3671403555359225,-4.480596615454379,6.189633974552849,7.346502441328887,-1.5304493042880596,-1.2024695942904926,6.35293494854819,-8.663318381327281,-1.1648348372029256,12.735047915414505,1.106327720701985,0.4760240590843883,0.5910333311225558,0.53
0.5944941020434337,0.6703601521306723,0.35781088709219055,0.34934402391923286,-1.6859682928964606,-2.041516252832215,4.821567769094872,-3.895581567311606,6.381995510022668,7.116710839037991,-1.5845076903828723,-0.644393105068018,2.4638727875410353,-5.44873616492369,-0.7236269747201698,12.884396744395339,1.0530321937643365,0.6962480109424314,0.3576266456672055,0.5100000000000001
0.6931136594718544,0.7596135528599206,0.5600065534541137,0.5558439402832885,-1.9849651874005807,-0.7452833764166354,3.366152944755488,-4.248960818988682,6.337706862371013,6.182652226549373,-1.8233164434883375,-1.2688987286891409,3.78068503923822,-5.534550242100575,-0.0010645175001803425,10.559283081767132,0.705548890735457,0.8079336856841565,0.8132704728247747,0.5000000000000001
0.45371568679935453,0.5600572946450205,0.5995255555973104,0.22625393058910598,-1.9185357194034243,-2.0015093541405147,2.618084393451536,-4.118362337093821,6.3731254231933745,4.398581061390966,-1.283628390190065,-0.7042731393005017,8.21486740376916,-5.9939997635178015,0.41040497946659715,10.58285717634737,1.1394530959541354,0.8460526677771163,0.6188909292863198,0.53
0.49035889968153157,0.7530913260659899,0.5051158965749496,0.405088070747346,-1.61219785674158,-1.7230459835096605,6.883365022420917,-1.2927899490600518,7.05888104655141,4.235415661438331,-1.573761473352657,-0.9015905517500875,-2.825338468073928,-7.027110841568972,-0.766172670276227,11.480769943689719,0.9755738356748838,1.1984227783639825,0.5599958067562324,0.56
0.7995057173619711,0.6943062771404033,0.5718812735237336,0.5300003675604392,-0.7578111728931904,-1.4406943127047547,2.6231368246186673,-1.665414781871191,7.616924696585804,6.881484741079989,-1.947572447455773,-1.8735001171782175,3.8323954437357535,-7.115860663809412,-0.4241499315811798,10.626208604141535,0.46929280608738694,0.4927381898191968,1.1230523439219247,0.58
0.6758963739647168,0.8244641642964409,0.6211591638182153,0.22627929853902118,-1.008334930407089,-1.8186596748884805,3.0829081635575712,-3.6091228708906486,6.080939654119246,5.842377089465048,-1.776050491771596,-1.2267537612960342,0.7991142466222598,-3.890470868962879,-0.11146576061244617,6.458447623901828,0.709440990769911,0.8058033596350193,0.8144240137405823,0.5700000000000002
0.6819493351487327,0.8239044355876912,0.54228226349965,0.5245845672104804,-2.3362077744402243,-1.6573556181615787,4.186906993443425,-8.620003941352415,6.424575489227496,6.627551421056188,-1.0297149620775756,-1.2590374727764193,0.6509523514768137,-4.299128639207767,0.18656518131231675,13.139180101494146,0.6296984686658005,0.9909599983692069,0.17280656772849215,0.51
0.6355324188164255,0.3177431785731852,0.5857216604490458,0.45742008697214587,-1.1472025208581185,-0.995306536558808,4.4466033084922945,-7.530766369792884,6.009128860742299,2.6307054249069193,-1.63310594302834,-1.1829738836937158,7.587858210720935,-5.685435623366204,0.7178957724836866,11.16530764271907,1.0039692563338822,1.0044989047036774,1.1362442069315153,0.45999999999999974
0.522294404600337,0.8086270069846083,0.7770253179053428,0.6584715556293337,-1.1357384729557127,-1.9330183274574844,7.048941850383105,-2.244117811396131,6.3221077518062385,3.5703654392759496,-1.6091188467701412,-0.8923956432351539,-2.1536037657786062,-2.768597163024941,-0.8215536926518809,9.13511693511881,1.0198798080209606,1.1530539267773219,0.2932416739736735,0.54
0.704875302847117,0.7952473160080626,0.44354433793043946,0.29444851067158573,-2.2934823495768453,-1.5742152492885557,5.172598529562525,-11.546559899244567,7.502686312516662,3.585869656635875,-0.6468203958928619,-1.0927270601653483,0.1379404668382287,-5.260335375578915,-0.20619464326517908,9.044260563541442,1.1783355725877853,1.0971894424549469,0.6243420968210192,0.5800000000000001
0.5992802618462666,0.8691692831942963,0.7273154731870825,0.7663647698507837,-2.4812243611310483,-2.3993401267294394,4.845049213148595,-9.037766818360573,6.6456218909076545,3.5045511114796737,-1.4247199619016901,-0.7432495981266931,-0.42004210591102176,-3.7761593507551763,-0.5407017847152656,13.420370337961424,0.7757187836559312,0.9192200730198588,0.6349106422845056,0.54
0.7846952535637096,0.914836151102143,0.5121690207506884,0.6331160953146439,-2.4810121084619077,-0.9331383236763398,2.6894084916017276,-7.194794643323393,7.5006902732017116,2.9965559472847962,-1.7435198768542186,-1.1668772287162978,3.002516611905248,-1.8126669275471898,0.4097345510704379,10.078733990335683,0.8695054513893201,0.8906284772425435,1.096424736463784,0.5299999999999999
0.7130461541924336,0.8034497004470944,0.5304312956693615,0.7701880838547978,-2.181171109794144,-1.7741157172747797,7.53541392258853,-6.5598791314921545,6.2694391289361,6.527822645344228,-0.736821360228815,-1.631167524226003,-2.7603346664822452,-8.573452092344704,-0.10953235472651707,11.761055633148132,0.6933658460590977,1.0770831622873556,0.06088458882415959,0.5800000000000001
0.5788980144265564,0.761375811561617,0.7678778484337958,0.6048679900066882,-2.2143389663934268,-2.527254410375135,4.0164672825782946,-7.082044813823439,7.724201120675012,6.164976505179379,-0.8713895942334005,-0.9406855300330013,2.5451148583599967,-4.155721777152712,-0.431206725385783,8.593600026656414,0.7550494818563952,0.7331526161953843,0.7907648305781,0.55
0.7209705278161653,0.8527652016160896,0.6100209657387995,0.40139469745671963,-0.4434587173642451,-1.5966792208769454,4.6600410226561735,-2.2258899079535905,7.510731647539173,6.02509426289442,-1.9381986554405368,-1.1806178518898025,-0.02664946759376674,-6.68270716156335,0.04488806970895734,6.598014857485236,0.8154473304142065,0.9920415422290221,0.8820221775029284,0.53
0.7423476714094022,0.3619845977639747,0.6598656473503928,0.7577606120705483,-0.6698758601654671,-0.7752915682397902,2.522067604535032,-10.56721286121204,6.912769058520797,6.894350979033842,-1.5815605999981877,-1.5902587151052312,9.42983773340022,-6.984724995352723,-0.35446324624394754,7.6031815133582175,0.8000965678481801,0.5157715439312308,0.3113722187030646,0.55
0.5858501343615621,0.4477882435503827,0.3636870372566511,0.6109469525641116,-2.3371337403858927,-1.396095945473253,2.326732703598629,-1.122266506091173,7.498726541972739,3.3767678407192134,-1.4723187627835288,-1.5785976172000058,-1.3902540363296692,-6.724701329573706,-0.7069297684690264,11.173714354547144,0.8110434601778262,0.7473236335464748,0.8471504270497714,0.5900000000000001
0.7104155416120181,0.8778252986084122,0.2515796109953261,0.3682386679243343,-2.0623304899028336,-1.0942735495673768,2.4773275835419533,-9.552549091292057,6.949486124502992,6.842265743454705,-1.914417979080373,-1.171177832642329,1.557841511759034,-2.966427813805004,-0.6622916162440409,13.032916968077846,0.6353419573855281,0.9393375592078634,0.36769869863962734,0.53
0.5257668868699807,0.5167395855810172,0.3415378422642258,0.5761030129274941,-1.3863605011071896,-0.7142385379053406,4.0976734024226165,-5.102272402517432,7.539930663539951,5.249565051348296,-1.905925782983882,-1.4482074427868088,6.559991741699644,-6.581198851435325,-0.875572643064289,6.219380580272928,0.5880823230558403,0.778054438104386,0.48429324259669276,0.5599999999999998
0.7219278673416506,0.8143098959502063,0.4193897589157023,0.5151612491547078,-1.4538975752252123,-1.7311177817033072,7.34017052396825,-9.130354752620615,7.5223408941201315,6.77010328354096,-1.4668263092928178,-1.601801962678718,-3.5195651159743746,-3.7995615034381363,-0.028921863950152192,12.584416265765679,0.5291587518009138,0.9831003477346832,0.4015237710134968,0.59
0.7065435348046123,0.8660121849997794,0.720519892207366,0.5125178440413493,-1.9325065378739987,-2.455369285213763,3.635903849772543,-5.805068912069361,6.452679282027326,7.074464370341281,-1.104135624350282,-0.6035746289975085,2.81640357484396,-5.333518892918966,0.18491882272486732,8.162626940256356,1.0957681496000493,0.9285120011286273,0.6249296031865197,0.56
0.6725045134122225,0.7262764463657845,0.701263889594563,0.46841782589141756,-2.133937135198539,-1.6985378589856492,2.186078451388547,-1.647623690517828,7.775211780920568,4.9505231570682495,-1.8139754862818345,-0.9854352424409103,5.9114487045799216,-8.411355126885775,0.26715771363801977,7.119168139317454,0.557458973100976,0.7082161026033158,0.974574247625773,0.45
0.7596776110090366,0.5231632873465754,0.6334899455039571,0.5633723082178168,-0.17087966902271634,-2.029305866218883,2.9653311785993175,-0.8286295975107347,6.4631507917281645,7.33658804667059,-1.5771552631917412,-1.6607952619994384,3.5722162335126577,-1.3601079571017367,-0.5343962764706084,13.34149682409025,0.9032683254746185,0.7052838176845307,0.2007491997522387,0.5900000000000001
0.48499642378851116,0.620415840574146,0.22917227918973912,0.47690779965649654,-2.226368182764352,-2.636681820616718,2.9595401089051396,-1.6544609847148837,6.974936517221933,7.46527457583637,-1.0342007817406325,-0.6731786738349058,7.583748002400963,-8.249300431636357,-0.204149704207325,12.25179771763289,0.6852875201888149,0.90389091536367,0.6319652362343283,0.5800000000000001
0.6815145514561324,0.7446563837498672,0.46559177182895045,0.7384518422630628,-0.9486598618391309,-1.389466918404029,5.5849610776184795,-9.537145521940813,7.78193690247504,7.204531629954595,-1.565590353432144,-1.377381785047107,-2.651050893652732,-4.620969621511689,-0.8332699883158277,10.959371254078873,0.9136901447270819,0.9674497445556498,0.5179966809067845,0.5800000000000001
0.7335920644136458,0.4742525181840279,0.3957497848573659,0.5825751390390477,-1.7005609591156041,-1.4532601300687065,4.322400899897987,-6.421970069539341,6.7039532298113755,2.6112693919880074,-1.894974316632269,-0.9019800472043835,-1.4919605283310398,-7.974539024828755,0.6383096027173183,11.506963885682094,1.0632344753619898,0.9154661201047024,0.21315553433406348,0.5299999999999999
0.7602257126319638,0.5385011949279943,0.7626031214297206,0.40105445498357695,-0.7196902814470659,-2.5204730113257034,6.384400856875781,-4.678340657783924,6.64575129150073,3.9104670022185912,-1.930046375912187,-0.5697542405965519,2.244889011913571,-5.796629211470411,-0.03610792404556962,12.505531652439156,1.020971388158728,0.35511246790645146,0.06458577278990163,0.5399999999999999
0.7946625809390635,0.6853607601186773,0.5398559859098878,0.291464268106137,-1.4418565734487827,-0.5861649461910161,2.9724486743814036,-2.6151438240863656,7.269240467587995,6.031482884457266,-1.9757317577350804,-1.4468352907841477,4.04493323592363,-8.88346782982714,-0.9475710779599432,12.796334295900795,0.7533534282684606,0.6144569542240326,0.6184180267576286,0.5900000000000001
0.22691778587065486,0.4359484392823282,0.745850432487374,0.42479819038380506,-2.0261859303447203,-2.995423456084868,6.353972593563701,-7.471758297479859,6.6415278115754015,7.453535945190098,-1.5068353288635083,-0.6762512816473696,4.304887298253678,-4.418641144351339,0.499105704184328,12.324468492472445,1.1588293447836755,0.13752936235043445,0.9957236895122307,0.5800000000000001
0.6738320254739494,0.7104234859124872,0.4580090196607294,0.37536118953410136,-2.3531460485906224,-2.4486735458721505,3.129127632348843,-7.3911046117955035,6.254409579124343,2.075549554494722,-0.7040876284139839,-1.3458017351245353,-0.4030227992805502,-3.73506060222158,0.21375611912456824,12.244178479852742,1.1292243931503183,0.7900603824866695,0.20857479324462375,0.5700000000000001
0.5975303672605139,0.8309396603523269,0.6956950009220357,0.22254866611887839,-0.7887165172053588,-2.405226455437738,6.122617582068648,-6.970341371770773,6.402131925896124,5.729531913453215,-1.5916021141874723,-0.6077172628638887,-1.485854371128339,-8.431915681457111,0.15285498104437273,9.207963428382174,1.0930507138688044,0.8761781279251672,0.7449058977515606,0.56
0.768787438033073,0.7204627790107073,0.46490381636843253,0.43233847311379114,-1.133357852737901,-0.6362161464691737,3.85526175084943,-10.116580135217156,7.213304741652396,5.504346076838893,-1.7392342492125665,-1.3780566988749812,3.9823907810282044,-2.776436304808038,-0.1316731952586775,13.35107921625576,0.8817814677435998,0.9665300916220896,1.0555630113571985,0.49
0.4966367574365312,0.311400186725983,0.5675696177811927,0.4846679408769596,-1.6054407529713142,-1.736560026872392,8.545523523601508,0.11028976379851851,7.481255348382978,4.452809251332987,-1.8324649094114855,-0.9613684930085988,1.5295428526854375,-8.463481033314846,-0.09335584062956126,9.472086809665845,0.6121955777446219,0.9160270472582988,0.6398075078067069,0.5599999999999998
0.7934018826449001,0.7469055380590068,0.5593816437794217,0.3594645865449665,-2.3520560688496723,-2.0195332370411383,4.992700571514181,-3.803605292404629,6.994894173624041,4.754229452386245,-1.68701204285058,-0.8266166170542061,-0.8525840562550664,-3.21935861147775,0.46324444603782167,9.308991516660308,0.7922342221241268,1.1696527293127041,0.47491192324120063,0.49000000000000016
0.6425454657760562,0.8325152190637327,0.5219593652326333,0.40066761520200306,-2.064898324130821,-2.108111093045895,4.502870061475321,-1.7283072410060039,7.094967766861995,3.621474418444402,-1.3006160800033872,-1.228782382447938,0.7940657408803875,-7.73565611839806,-0.13401714783581686,11.990209362055346,0.4434179425636364,0.968006558496417,0.8351639769335862,0.5900000000000001
0.6244448619035056,0.28843044734298745,0.2913541470487,0.6326393813240471,-2.336178716627479,-0.41353193964762475,7.283970137912,-11.225508233978799,6.75322594490577,5.2073155967554525,-1.7630719269047472,-1.494878447394353,3.528932637672879,-3.095711571480127,-0.8522748444972984,11.223040151160568,0.6445338836546484,0.7613483715026371,1.046923672966609,0.5099999999999998
0.5926700121505967,0.8632243443084021,0.5672322586211576,0.28463073040148335,-1.4261060917630077,-2.150365788526588,5.140328714977461,-11.701160617026655,6.773855260136937,7.201496814510731,-1.9214439523168065,-0.764195584819202,0.14278861471489046,-8.382502648502722,-0.6623629194500125,7.838217546156812,1.058926743106087,1.138833445891031,0.6057968060701561,0.5800000000000001
0.6470681964045704,0.865250241230554,0.7880396558780427,0.5251202404030345,-0.5884154131388328,-2.55223557594464,4.926233319179293,-0.8526918820960512,6.612419106304631,7.23098228776796,-1.608087031603276,-0.6504567659842312,0.0126775938951183,-7.462983449573251,0.17478885924642673,12.16277043630134,1.0513885355657486,0.9660330249384689,0.3340457831587916,0.52
0.7216849347787957,0.8073938292653243,0.6831585185106803,0.4267570593635744,-1.9738821434258762,-2.550680956940635,2.30575503619445,-1.2798182110506517,6.669533187292742,7.157208170891103,-1.55372297137545,-0.5356189052159526,6.652718531102299,-7.571656102883886,0.5483450060248981,13.121622754348707,0.45902313280717527,1.1764405395634592,0.7243412022685536,0.5900000000000001
0.7061278231179857,0.8691670313855168,0.4949098656719304,0.2691689657404379,-1.4707212791839854,-1.6493349806708104,2.164736430527121,-3.6942829575698535,6.686357999012911,2.0042288057508797,-1.9142631044556144,-0.8927748400820807,2.255720851008831,-8.047389903096843,0.14144420887961734,10.151043904411894,0.7398347002668754,0.6884799389327432,0.5252210153976414,0.5900000000000001
0.623403423318519,0.5114459100515464,0.3920177558768315,0.2011053625633636,-0.6609021708852013,-2.9726229718740638,5.871776485703876,-4.0509517105603,6.351867548390373,3.785747748997214,-1.3846215453663824,-1.8442214067449294,2.9119556041956276,-7.035056877336332,-0.346025947430277,11.564243378295568,0.8134247141012968,0.3172579937635972,0.1729313873398824,0.58
0.5044064411794476,0.9033217518876229,0.742360674369769,0.49185316043172594,-0.8815054334642098,-1.2823597569786014,2.7379018566240587,-5.067932343134226,7.341580417643431,2.2142127553862583,-1.7455926484931947,-1.353671802322145,1.4253477130681298,-1.7044611264894776,-0.09734678807610869,6.428666460605448,0.7065396502598504,1.0565480664357176,0.3490996046132293,0.56
0.7914446591918773,0.8392298931920259,0.25395816727139153,0.5581167051585952,-0.7204262013464501,-2.7133430739793982,2.912605942479653,-6.131368813529248,6.8287239746192,7.447004986514208,-1.6726055820624797,-0.8646714322074384,3.93309254370815,-5.712812502052054,-0.42567231647411985,13.092412215537948,0.5262288884407691,1.059087900517217,0.7139604497053832,0.58
0.6858497489808618,0.5760896905178234,0.7071997725387623,0.24698805772097768,-1.697686118977707,-1.3205021780061588,6.85707284707257,-1.7312817325659893,7.319029756212052,7.854641139963278,-1.8603518197734876,-0.9502649365543036,1.3106151721008659,-3.668808146619191,-0.595908170109768,6.3350650768258525,1.0412531853878964,0.72996041317819,0.724238627477575,0.53
0.5994915029012134,0.6068801100131169,0.47054845039126364,0.6917209816680225,-2.14558859950537,-2.0822774342761377,3.3478458367869868,-7.504578291070187,6.409809073152942,3.5802290962311085,-1.6166163730854617,-0.7767945657642303,-1.2006357327563102,-2.8756210211631403,0.10179627652526155,8.421709089411245,0.9996710908785827,0.9531269041078718,0.8624723221424682,0.5100000000000001
0.704629136426074,0.7148749045133451,0.33974699075028847,0.5456731451907976,-1.0784342007305625,-1.7790469151561203,6.956969991521752,-2.2078380116951877,7.498064827195841,7.075983510029425,-1.3275704810681528,-1.2038477257928584,-1.075522255555337,-6.760464742270782,0.7286111752801281,9.218104136132428,1.0801302982873993,0.7321091740489786,0.828049067376928,0.5900000000000001
0.5278366402040934,0.7987115535162999,0.4780054668445539,0.2528098079695257,-1.035336441168649,-1.3295757351534072,2.7749340506191116,-3.6096559748359396,6.453577490285602,3.4791881598622707,-1.8634159116719067,-1.1016693488495444,4.524722356748999,-6.980260830615123,-0.5207261650027271,7.583320884517683,0.9356568154812246,1.154119154447683,0.9443414182729811,0.51
0.36875509691432595,0.8780697143852979,0.29849837842820387,0.561240528884863,-1.0096969968551575,-1.670476724022277,5.352145551575446,-10.725388648672084,6.538092392795592,2.8508792393093767,-1.9551735262181258,-0.9948922247783889,-1.4956073766770719,-2.157083255661612,0.4934983814896333,12.277480770654366,0.8017097474391043,1.1277350325228785,1.1767783448411577,0.5900000000000001
0.7404619369694115,0.6900009272565581,0.504776601896614,0.38969230660484855,-2.1697070124826126,-0.988248331630339,6.895412934675712,-10.097648139213181,7.902442025771546,6.723698877093458,-1.8003789690259415,-1.2336724867363482,-0.27663198444256043,-7.594195091769808,-0.31207554853123665,8.735355020503079,0.5802504878650121,0.9932588077983353,0.5799705698290101,0.5100000000000001
0.5113099159096157,0.9084093471812013,0.5274671492795486,0.3656880374215852,-0.4600447094185553,-1.5518070050623967,4.158794942082706,-10.23294385384868,6.553468046667886,4.769809924159571,-1.7979105395873207,-1.41419763505872,-0.9758799482497329,-7.788987827545693,-1.0120914416319569,7.031575256075347,0.7110028657000204,1.0154614953036574,0.41366004089724456,0.5900000000000001
0.6338842066858839,0.5740964215337315,0.2771550243447374,0.41694399469196863,-2.1838392812498624,-1.9289738900673385,9.4550073939159,-5.723910224581862,6.241987820505282,5.891378451146879,-0.951684643218504,-1.0003334228592307,-2.5964617036884663,-8.76558345325834,0.2976700493039342,6.206365368529964,1.0637702605822357,0.6477973123430936,0.2884247307059761,0.57
0.7328715786859525,0.5613793838673927,0.44169238482955914,0.6918712636894251,-1.8672071898723441,-1.2094610749034076,4.502902929829169,-0.7928750781681162,6.979122398229138,3.73647402772819,-0.9048108520772166,-1.314618918040079,5.64904876436896,-5.44362407229569,-1.1768472898200217,6.539814540163178,0.7669141883863994,1.0954746370875055,0.42302699256192056,0.5499999999999999
0.5249644578499164,0.8872009163682657,0.5606351563051076,0.6347544501490335,-0.5897133384958471,-1.638277980463504,4.14293561377715,-8.164467621066649,7.243237159993832,7.89742552660376,-1.5119344082075892,-1.2911246985913136,-0.34518342497046195,-3.1614577460353384,-1.168750365652416,13.564233651964898,0.9675261703258877,1.0576190814034196,0.5722045242724516,0.5900000000000001
0.7919332966988006,0.592676862840319,0.492392919362947,0.5527316962647035,-1.0830960389140798,-1.4302724334056967,8.163403399736318,-1.6317614419165625,7.038909769341057,2.2054384285208313,-1.964047948682575,-0.9909102377154135,-1.0100504611661398,-7.993995823280219,-0.48938190485299404,11.67164780579418,0.7664850891324779,1.0847438939841796,0.5774929234078336,0.5299999999999999
0.5618615182961505,0.8377250948140128,0.593455616950695,0.275594691610637,-1.015449141757908,-2.376270112522078,2.689992151051947,-8.022406722858467,6.018773898631921,4.618859297736027,-1.29944945127658,-1.0797862223654007,1.6890870687394453,-1.3838823419041897,0.6605320951480753,11.510292990900536,0.8644047136553077,1.0109244576671659,0.4526540857979916,0.5800000000000001
0.7370342894197627,0.66977363671018,0.48415368218144494,0.2044524963472222,-1.1764544744564875,-2.4978508055729884,4.008687254293917,-0.08203932334169739,6.7762398224716955,6.745163776971139,-1.6562096887939426,-0.6823847643777334,2.4464855128646676,-6.75474028942378,0.08333679076057696,11.752450347285695,0.7796121525620062,0.49488285369910057,0.6359493634336323,0.5899999999999999
0.6835377636916714,0.5008947032168852,0.25794779467578677,0.31137066006309305,-1.5709401621404324,-1.037853703444831,2.639347718132429,-0.7345534694652301,6.919430285710146,2.850552539092366,-0.901847584025513,-1.744583468846868,9.204107444522384,-6.164437542520992,0.744011710668858,10.130645339577603,0.5646037603082609,1.0818829730669717,0.14404399078476193,0.5899999999999999
0.5431183983043631,0.8663402946954488,0.6104538599960118,0.224099884871794,-0.3259321658430231,-1.2539539925863785,4.629357718558152,-1.974913068588613,7.944054836694472,6.932246251548625,-1.7587776105090651,-1.26797390058196,0.06099275585586594,-7.243472655742693,-0.3249600442086995,11.03251071418493,0.944860351955124,1.1253800251666741,0.46464862535346707,0.53
0.6872680178035874,0.38802365626668955,0.3016852320384899,0.2081149223149691,-2.324289949491562,-0.24918736276304068,4.600641822707425,-8.87245889561686,6.194463250274826,7.650602369681354,-1.8864863875883864,-1.412405669941335,7.1603635266097765,-6.9106766948722615,-0.9843171174166638,12.748847567931396,0.7255600215680529,0.6061394310707534,0.47747615129484083,0.58
0.47363131572522693,0.6424241172485349,0.5933584947618881,0.7512484063393544,-1.4672478694338877,-0.7823963327884094,6.402627088637311,-1.3767319716151785,6.970443146370213,4.506294769922382,-1.9855150248457403,-1.4386443863408938,1.5330621881178645,-8.509091143260203,0.16997390216315647,10.079544138556015,0.6776031566934094,1.0552676845349156,0.7136080642499318,0.5599999999999999
0.458999901687742,0.7959578251727216,0.3884095321882399,0.31297717767641936,-2.255206177461044,-1.2242483981486858,2.9956746633184013,-3.9457714017239702,6.3189767958282825,6.03650479549829,-1.9090277901641848,-1.7353607783315264,-0.17177139010306489,-2.3343331147646285,0.3527403977076976,8.825058171188047,0.40606815459734263,1.1535156145323038,0.08893089799358195,0.5800000000000001
0.39520083484391527,0.3935704730367334,0.5382561771111631,0.4481824794141831,-2.0766658473097834,-1.559495179024205,3.991451861449084,-2.343061772400658,7.37663637221615,7.185399666029021,-1.9095009921480668,-0.9763828149660959,6.898350680443077,-5.257949660797031,0.23931466316561734,12.464794786763363,0.8137600342213348,0.7126299032036152,0.4624420146790671,0.58
0.7627740802370743,0.7379121554858392,0.7313342002750498,0.703282682529139,-2.4474861881354997,-1.6670331381890264,6.889180553956673,-11.164150397232753,6.855725905062444,7.14690690916394,-1.3869790195547513,-1.00586950549907,-3.22577825413829,-8.327375771169704,-0.4510398449352778,7.664422279849812,0.639991064993271,0.9474662689010362,0.49911967629673654,0.5900000000000001
0.7095490225777599,0.5490868552233846,0.5345332247401966,0.20576537357374325,-1.5533165198820007,-1.3295075697149428,4.7523210717444755,-7.818175291959152,6.229300613034265,7.442920755931741,-1.9698339191633265,-1.116746326163545,3.2935075134631377,-7.966967658147287,-0.881192950112627,11.513022263821007,1.0711820025704728,0.42801429826315734,0.2874857747003229,0.54
0.6035642404254635,0.6484893752862436,0.5049242015715382,0.762663606688852,-2.2678562697133477,-1.1563286632981917,3.962520715245854,-5.137109416851058,6.990392907901809,4.221423942771613,-0.7797697654525332,-1.7966540277694085,3.3628503511761725,-5.615029900287025,0.7970589241851883,13.79958211171816,1.1819314075264626,0.43117706595176797,1.060280072203933,0.58
0.731309651874066,0.2875304340302652,0.6854233851887199,0.5524755263020031,-1.2357837164511676,-1.21657170905686,4.848191863176787,-7.053883270388994,7.652492289336028,5.35931385048233,-1.690191850023309,-1.1135449175979522,6.979557234653669,-5.859438625788085,-0.09274174201014768,12.268606993339354,1.0897235338105926,0.6264461675539581,1.0225609726333156,0.5700000000000001
0.6051975844226156,0.6355019594252351,0.5027872295907182,0.2221918667224498,-2.1841405620509473,-0.778894929011053,4.305980805336028,-6.851821978342772,7.170065089313861,7.005937081579775,-1.4070566713519832,-1.2797379091845609,2.168447950614679,-5.690839826959359,-0.4913396737995555,10.243629313106572,1.0680967159595869,0.8822727391261825,0.9904718773715602,0.5700000000000001
0.7184079581091389,0.8871787522764414,0.7119833096982561,0.3760313307080673,-1.8029416894213433,-1.754046484716033,2.7425073800357125,-8.441908050148015,6.832677236466061,6.427276407529894,-1.2082567263473427,-0.9656268218460005,1.7370739454705892,-6.314471554643465,-0.6623005188750279,12.601392023277903,0.9458408296299625,1.0086323933368266,0.6900394946684163,0.5
0.7918557904516681,0.8647818399326076,0.26903250002536416,0.4648782019953835,-1.1280892951155455,-0.9698582748372587,2.7131550710030528,-0.45832284818221525,7.816450024590225,4.720675775159287,-1.4953611022225166,-1.3653008484240494,5.201462234093544,-6.60069764531263,0.5453298654668755,6.834358466305948,1.060689573060539,1.0482322153301955,0.4911562078011942,0.59
0.5552165565891817,0.8733380626975007,0.32060104914267484,0.6064683112279714,-0.8063018009735345,-1.6684649640799956,4.251809370397041,-0.6812212408204107,6.207347717556663,2.726645949717219,-1.6726630361095236,-0.9946526277676555,0.5555630597488419,-7.812536531847123,0.3769308523751651,11.393636195102397,0.806614655194492,0.9731681359401025,1.1912705686157916,0.55
0.596774063746655,0.7627969825867437,0.23908747641982409,0.3305457700789066,-1.2375986097537885,-1.2986254573485017,3.3619252063953993,-3.6921810970922566,6.955537027302863,4.685868565710604,-1.5858273573830033,-1.078073193761056,3.127586603738919,-6.899490453698761,0.4015193399140903,12.377813427330702,1.1399921377106141,0.91930224401717,0.5722812904347033,0.55
0.2849058374122163,0.7095267009156679,0.22906803986081029,0.23386833869635743,-1.9198855169937594,-1.7785921742064308,4.4047293624509765,-3.2816420487108466,6.618065961641295,3.6588565284985415,-1.4979482472391301,-2.1606460003918877,-0.16182785560081758,-8.385956606338793,-0.07430734840241737,6.3928831621060045,0.35156410038806396,0.6564069887202331,0.6749100030553055,0.5700000000000001
0.7843694673536705,0.6021697027453943,0.3097484105448278,0.31799146875934253,-1.823281577396553,-1.965437848181185,3.583911689391629,-1.965356912540939,7.71633004640641,2.2710017767023665,-1.9406700119661944,-0.5914951291908526,1.321386324694126,-5.273732096140752,-1.135705210486114,13.744847918069487,0.9078489053531894,0.7910274545365119,0.38184626545119077,0.5800000000000001
0.3630961220063714,0.6994039930394058,0.7530548971545321,0.5080254489850198,-1.1071181694598593,-0.876948973734277,4.7937118927443905,-8.959096834946834,6.4932085327781905,4.671032433464988,-1.9561379240421446,-1.6890467109106875,0.31548380556171196,-4.410125418771918,0.11852074638889343,7.082791212692733,0.9513294279239705,0.5464686521933246,0.32181878553548876,0.5700000000000001
0.452378301578165,0.5416270851212293,0.49907973608869344,0.2211186607564073,-2.3787256782862682,-2.3920238772973477,7.0170969840023085,-8.325282270396784,7.721604260794258,7.587419496277307,-1.0093347316810664,-2.098183840097465,-2.1272344906491365,-6.353717256835587,-0.5261761545178931,10.681143482008375,0.5788236479874642,0.3725789841061709,0.4630471913174677,0.5800000000000001
0.7009563799188887,0.4415525608357685,0.40711854889855986,0.7114547617124872,-0.8522172074197796,-1.4204884641786402,6.883160728936443,-8.677048870956359,6.225979061143327,5.234064108855899,-1.8437226207535025,-1.0690760504620567,2.928230486523307,-8.689014759668478,-0.9860693021782365,11.938097039210517,0.8029339040945311,0.8423540720215357,0.9787198804324955,0.48000000000000004
0.7280684148185718,0.8229161059382801,0.2980866800304399,0.444720338424323,-1.3784424486691274,-2.5092327019668716,3.8403284924580787,-2.2211113625342676,7.616310950238689,7.454870032230881,-1.1609847411833234,-2.0631086623635824,-0.5873132348469925,-7.095682367726644,0.29805798971310915,8.682186427621705,1.0190229329956801,0.7633359400179226,0.8131878151833083,0.5900000000000001
0.7468684527533592,0.8696549700458186,0.503046098598055,0.28026796651264485,-1.1284182145522297,-2.3721585495528825,3.717944642014537,-1.3854768243189395,7.015534407164567,6.794484822671489,-1.8773258471616472,-0.5052525200126273,1.1596757966478932,-2.5904783175236266,-0.0783490375026581,6.775082203581187,1.1619151159693137,1.175591439840562,0.21512107832433636,0.57
0.7848944628056214,0.6079752546470798,0.30052972156887137,0.392296337230288,-1.3568623007065266,-2.0554989901768215,3.2537017836318975,-1.1649823737321625,7.721153920192522,4.390050850393302,-1.7549127780060554,-1.9604844572478555,5.868922130472525,-8.26774251811003,0.17861748813261366,13.692446511306057,0.249333184093868,0.6007146010339613,0.394832306553011,0.5499999999999999
0.5166462170728412,0.8646391609897415,0.38392558726588966,0.27621084599125806,-1.296542041978123,-1.508732466448226,4.708726164419822,-2.778737482109494,6.126415124030281,4.198372696732255,-1.8115706847424622,-1.2165742731343638,-0.3916962602225876,-5.496139416014647,-0.02432409774245181,11.801114978811466,0.749808830261536,1.1293350691273667,0.7107268596658499,0.54
0.49972019367380166,0.7419381837864403,0.3274310891628871,0.2922228370117093,-1.3703443686922259,-0.8473596177904599,4.8069261918839885,-3.3863914713730483,7.122950418305715,2.6426457179509892,-1.8610708242032454,-1.4932621561170887,-1.7130048239466618,-7.770804284263173,0.6560423540910716,11.65961700084109,0.8932959510084139,1.0173343125431893,0.5855240822739516,0.5800000000000001
0.6703706562573414,0.7954390069405335,0.7047735462107302,0.31067687209589145,-0.9291922894103795,-2.7941676814752414,3.4318012205969484,-8.435669636115287,7.417745429280492,5.270740153981383,-1.2421645122491376,-1.732202875011426,2.6177250909878653,-1.9599935148886756,-0.8958617030389276,12.00252870980223,0.9542302869850532,0.7019915422992544,0.34463956287822406,0.5900000000000001
0.6469264163440124,0.7467892001165936,0.3962925815647682,0.34393892252245706,-2.4581326541122914,-2.6016344636532653,3.2193584518237515,-0.6877299387869873,6.305420818327998,2.6245203666188157,-0.6071504778185138,-0.8223330923360338,4.928020890493666,-6.143736353815336,0.38183065364772256,9.486044694831747,0.9636058076439845,0.7779000208629187,0.4900876553250014,0.5399999999999999
0.3073145704099708,0.8236577811834006,0.7655841696744029,0.34477366545557064,-1.656828561966312,-2.404064319658349,4.619374944868214,-2.906273550178437,7.584494783640966,7.6518100700785565,-1.0175134603733558,-1.9488225811806967,-0.5226988366437944,-3.2468765989080284,-0.6523870731081227,9.34060972403037,0.7261593181466581,0.8271071351092653,0.07661935020599062,0.5800000000000001
0.6517207663033143,0.6680919714704265,0.5407463215927508,0.3341412161750973,-1.6747984937422702,-1.751057493110256,9.431267433175961,-4.773138020109488,6.0228520054267864,3.3539714072915316,-1.3300109614326474,-1.3168455675631932,-3.9502594496843404,-6.529452764870623,-0.5616847031454127,8.198219211496875,0.8612348102911785,0.8421007583145175,0.5144908382834864,0.5800000000000001
0.6241309327003866,0.6940757510166718,0.3329563012413151,0.3496476990389107,-1.7459564611072664,-1.426576236776949,3.483656761505132,-0.8583030119482661,6.923097317646031,5.056032579247439,-1.2775711847284632,-1.2204447639496634,-0.8532081383440664,-7.586366107928922,-0.44590120993465876,8.559227751998938,1.063348989955573,0.9770617512811881,0.4587324085016794,0.5400000000000001
0.49395695702419307,0.8514433744017067,0.7176622143125237,0.5883016179330003,-1.1457257056665897,-1.3092634849193094,2.368595866413944,-7.055511420459272,6.704717557073442,7.514826251436491,-1.8045964152164395,-1.19347437784244,4.334802206201189,-2.6771370557991343,0.04943580292153786,9.994163447686637,0.7276312097383908,0.7807299679791813,0.9252074611726288,0.59
0.697415843389376,0.774513606556547,0.4203226282679117,0.6378148052307034,-2.09739828994641,-1.6263959361781162,3.1326212421413047,-11.946667690363832,6.944780895965331,6.887902710441777,-1.1881380491895832,-0.9314225007921935,3.7919855920716796,-6.567191361491132,-0.22680955551362464,13.547418516808575,0.9961467107624963,0.9837997318393917,0.660296947082674,0.59
0.7297088105703662,0.6206198846198144,0.6920878863328686,0.6438738173092827,-1.1812580753398445,-2.3131331689734473,5.833570019853973,-8.597707349347761,6.225023324455615,3.650022980057222,-1.987957492039282,-0.5410354530289492,-1.4231978287992835,-2.187066373476881,-0.9548223554631549,13.566964869108663,0.9034518211578461,0.9126127477595969,0.6751627038419223,0.59
0.5462490597416901,0.5612107084553947,0.6871892578931972,0.3649230947020643,-1.0780177299419411,-1.0348500317565406,4.922308058989909,-7.22099643066896,6.844122747560566,5.180343773627455,-1.9370051282665548,-1.1421023668464814,3.5718417023338986,-5.280111032440526,0.3513634750469558,13.946284894890105,0.9925195816722513,0.884046155740071,0.6807502312577468,0.52
0.6195368335135534,0.7300549122418589,0.6188791936910442,0.5565844039117659,-1.6665665684632325,-2.356213277844197,7.401605663681132,-3.0535068818370013,7.158799347671858,6.784442092619416,-1.638270331212262,-0.6386295044098985,-2.8988878974119108,-5.740624415558194,0.07502295018446803,10.910101484668692,0.9386928083516951,0.9675666946866678,0.25898441919193044,0.54
0.7704391326161917,0.7254663002290369,0.4585443376230396,0.2656360006155716,-2.2771545578018104,-1.9404205572335962,5.021542738104383,-4.0299974121482425,7.313635083045894,4.965399583393159,-1.1355413853552327,-0.773648107302409,-1.4381616928515482,-1.0661552891531394,0.033261507989911676,7.2501735207469356,0.6978425943770419,1.1367055692935895,0.6026071763735732,0.54
0.29302884998679285,0.6382355783926359,0.5847042995565097,0.6201653656729218,-2.3859172042534764,-1.5385823980678894,5.854137858202076,-9.412779966001692,7.906052088807533,3.5243987211240744,-1.2768285581429848,-1.8616456400753896,-1.8556328091096226,-4.66038148341353,0.13960347304744014,12.721465312316132,0.7800188346248025,0.5460782934662659,0.31693411958472084,0.5900000000000001
0.6197322416160093,0.680634161315603,0.3094813697952947,0.40691320612769133,-1.4161295840864,-2.120591203073781,2.7099626875670553,-3.2647144249816415,7.22412156392094,5.073119304290055,-1.0525316191225327,-1.1585650400859266,7.574662086437737,-7.727292952470424,-0.06585208832870543,9.801810755289221,0.8750385292774732,1.1132853918269392,0.6746552627845621,0.54
0.6705361595617474,0.7740765095194322,0.4517211377606428,0.7765752125776101,-0.49370943858124383,-1.5525290383565267,3.69069821466848,-4.0333896672418925,6.085321244424068,3.3637578405800017,-1.7960545408714963,-1.6312413171856766,-0.16391117566900604,-4.739558789581622,-0.012113937038896821,9.17614099949006,0.5895894231596905,0.8745737972148585,0.5194785417940361,0.5700000000000001
0.7915072009299388,0.49488313381304844,0.5129866091598918,0.3522914316393666,-1.0862792101480556,-1.4745873809669983,5.707877775833538,-5.827487449163138,7.162153354318043,4.9356831090231275,-1.9734884840163374,-0.927886449179936,3.259921486698585,-7.830669434526705,0.7088169534530402,12.895688223451405,0.9808331496616722,0.38040718550186314,0.492849073809865,0.49000000000000005
0.6087243379616865,0.7319390746184906,0.5709162449126135,0.5859994880619088,-2.421471485316511,-1.1660082854327412,7.370805657531008,-7.2980641119689675,6.984333832004018,3.6621791065847193,-1.2734776971536825,-1.3764304791637763,-0.7836544826183364,-4.968590363636685,-0.97038418782748,9.404133687569498,0.7111766035980329,1.0414683842943355,0.5495961804294338,0.5399999999999999
0.5797596567960488,0.7093268294706417,0.44927072871722296,0.7016580880478382,-1.183518196443207,-1.3603408458423665,7.692094964032728,-2.563912146615345,7.376780935256745,3.4533415018772318,-1.4919595260202292,-1.8310977164674667,-2.99048642729513,-4.310978617191856,0.17756498775503726,13.834555314818132,0.616275817427995,0.8655291019588085,0.526809130217009,0.5900000000000001
0.229357502234821,0.43182345515935205,0.759420245720957,0.6305827377050198,-2.041325198905297,-2.72008451750696,7.283789368877597,-9.77005515687604,6.955638764777103,7.125852879925184,-1.0277782447198578,-1.1122169014358159,2.9168162979517915,-5.033913319449071,0.6217232898148553,9.723565580853249,1.007884199179432,0.19206229337493844,0.5508311699847573,0.59
0.36239960891936607,0.8166066253705253,0.637822286945745,0.3050108672991353,-2.372789473536041,-2.248119794136433,2.3799925526010934,-0.7006281263013006,7.578552518770061,4.005345345587511,-1.1864130544131855,-0.6189461822399774,5.687666316037469,-8.243644671352815,-0.26877921161191787,11.689111744928704,1.00040051981027,0.9587099994368679,0.7919568232047485,0.5700000000000001
0.7942601085010126,0.3612798883225329,0.5268523540014662,0.21614076742343197,-2.306552650985666,-0.4841341715796401,4.880060126181313,-3.3631231038517093,7.278574171626406,5.916315556056275,-1.19161120877129,-1.5605126632933464,5.633530025213055,-7.198574640090482,0.0038008828148158175,10.59687297678371,0.45411444815041635,1.179224212595599,0.43315248362695846,0.5099999999999998
0.663505043152862,0.2822010762428731,0.6330338681877731,0.2833354356395485,-1.0614430364270295,-0.1253477498802561,4.413157685556399,-4.795265100500843,7.259644374571463,6.589665683889424,-1.984183296732732,-1.5033208521407606,7.690232987248297,-8.00434812595599,-0.34671230987418755,10.89774838419599,0.39090523996018617,0.8412895137476416,0.3973834526956573,0.56
0.49948042319307806,0.8162459183414776,0.6657287550660907,0.6066832175254511,-1.2765097613709973,-1.8387351370290668,2.0977595327561547,-0.26237684272658557,6.743811333511145,3.088902873044374,-1.9447850600604324,-0.9423726913213595,3.970910085820878,-5.4900393572262605,0.3631790732118008,9.788149185989266,0.8693940184083668,0.7971970864684285,0.6988276740116305,0.5900000000000001
0.7323100446675104,0.3871623662726217,0.7260422170840124,0.6321260962198567,-0.5062454777843546,0.2520449540408996,2.86659145834318,-7.298701661196928,7.483431185568952,7.097164133934737,-1.9555390552217493,-1.754054084817425,8.091334156715329,-5.294523715869226,0.4263312919224366,8.204846867521203,0.9625065935014843,0.7773468773269803,0.07631856007722565,0.5900000000000001
0.7788128602837912,0.48943714728336574,0.2768870818030161,0.6190608536288178,-1.031527473690037,-1.1995172632603972,4.837132051455463,-11.227717278542038,6.898225291090091,3.5371284925362882,-1.7662301447282127,-1.3700929352214164,5.388712188564205,-3.5473115645591395,-0.9006799041589347,12.949714868445625,0.43571332000416,1.14427102080622,0.8170053129926075,0.54
0.63231420186656,0.800142807039284,0.6077132896515414,0.3794853948997796,-2.204725174315214,-1.5566829270766194,5.134982043444548,-8.70111045850585,7.270406423495758,7.256543012750636,-1.4204902083160649,-1.5116728853543306,0.7179545299402321,-5.099586179022017,-0.7952414912139969,8.675343158474064,0.4839122012072632,0.9250972484545068,0.7158090745410253,0.5900000000000001
0.5827710974913695,0.8826055196232421,0.6043310032739908,0.48250664074960486,-0.8208127153838991,-1.115980323055714,2.9714831080144988,-9.859984725438622,7.896245798294592,4.827407163388465,-1.6143460421918279,-1.1753723333139152,0.7688930655974777,-7.03407220733599,0.6948684058463565,11.153363075939641,1.1634094870634581,0.8627299380748314,0.3745199781948422,0.52
0.7547336925770889,0.6481719262995509,0.3859513207716124,0.27015800749286645,-2.325629936451067,-0.8294851153270228,4.339033413397143,-5.132884192004117,7.016009412000937,5.495669326396657,-1.5237201107213798,-1.3076879553800682,3.8333170599326873,-7.622712064855366,-0.9511672949719017,10.194710309981199,0.8818798018236166,0.5349335897168207,0.23133040833130147,0.49
0.5997991901495864,0.7325253550772248,0.49620455986521317,0.3717598518287634,-2.309032698784888,-2.0602550032969877,4.361015444472109,-9.317169170009553,7.143577055345503,5.119320300316638,-0.9807241432496837,-1.0923612147440007,-0.5830131980426705,-1.0962561082485829,0.3607322917407188,7.354759262504552,0.6699696386458758,1.0004432756084862,1.173217857249468,0.5600000000000002
0.53487108898325,0.5408834772742596,0.7939871068932349,0.5395490967306011,-0.16992683901358552,-1.5464876341188063,5.037239621699807,-4.213207003516958,6.369174565449915,7.310399815288229,-1.7033300456447318,-1.5715753979429972,1.8401057467686774,-5.757936790124444,-0.4894653869979462,12.147665129582723,0.7705823721419681,0.958427366946504,0.8083197331936285,0.5800000000000002
0.534348463044332,0.7933614409982814,0.3611039943885686,0.5695242640167208,-1.4319557154580267,-2.0130521099878953,3.628203889629034,-3.1456853166067082,6.115631936574569,2.8654420709212975,-1.8485950584862858,-1.1892036622866187,3.8400589031788632,-8.400345830576759,-0.005706314368706056,8.332680770685089,0.45590182369493626,0.8800209592449573,0.13479613084162356,0.5599999999999999
0.671625748265833,0.8082386918103099,0.6606235306848371,0.571721951359778,-1.4332858028848017,-1.6776017866370445,5.496667148937208,-6.007900568268338,6.295429950351044,4.787028600781853,-1.4260929602681198,-0.982401093514203,0.4093654238201201,-6.93285788363686,-0.9923246057155941,11.09279090488488,0.7366289858442836,0.8389123873536491,0.42986310159167196,0.5700000000000001
0.46956415043569,0.9155845706306023,0.4211412376146444,0.43275384258409033,-2.213607890794884,-0.9003152376260826,2.919744788908203,-11.529408028196416,7.066097601765926,4.734603144499756,-1.1220473777234163,-1.4040559722655885,0.5324142408449268,-6.488966428145818,0.2308733777818762,6.773452378654591,1.1371531829725003,1.1458360442279631,0.8042878477272645,0.5700000000000001
0.7644357950936119,0.6476610739945321,0.7876495233730223,0.7941368877108959,-1.2114727162885768,-1.9287164772160708,6.2542671951252,-10.364261866617957,6.562348784224131,3.4173567344118547,-1.322849616430513,-1.0038940793277717,-1.8245125274667697,-1.0257399587665084,-0.885580362602788,11.79507838517115,1.093686460395407,0.7673017904663755,0.5692974701113189,0.5800000000000001
0.7805978742359762,0.5264889860658264,0.25031239074545647,0.3817789611111978,-2.3265702160464454,-0.48677116155492006,5.43638197269043,-7.3780372774609475,6.403133711825333,7.540691077135627,-1.3069778790865194,-1.2891216349244812,4.5217375418561625,-6.119076982006855,-0.8920244069337316,9.2703665227688,1.145528771194771,0.8527767440456714,0.06359781628325628,0.4599999999999999
0.7012994708540671,0.534033979924825,0.763282937125292,0.40770439308925815,-2.0367743053708307,-2.3163936700045835,7.106446864649113,-4.495040409962945,6.893557208854578,7.164733108106947,-1.894400538321477,-0.5662268895042832,1.6081616933199072,-8.379815036121535,0.6187463749008577,9.747935281001288,0.7770489889219364,0.6757954572354187,0.7780034182894374,0.5199999999999999
0.745506695947793,0.5618999238733988,0.2519136495811892,0.782075955925382,-0.994173775566966,-1.3442389689863459,3.6310021199039717,-6.5235994000980435,6.4999042033598355,6.786584109567839,-1.4330512887756692,-1.3192480862655558,6.352878363405857,-5.523253762644705,-0.3342749927696417,11.504898185933966,0.734427057080735,0.5819623686455805,1.198766572303562,0.5699999999999998
0.3660071402312053,0.7090733424467572,0.3173949364545178,0.34723736710147773,-1.9502754103862658,-1.7259433037207845,2.728682203517131,-2.642031674682614,7.545401540013241,3.631609912952424,-1.5806469196230537,-0.893450655801617,7.05445562815281,-6.592577556173885,-0.23520447475950032,6.862640742419313,1.0545207317168146,0.8346234174570103,0.1607584181981896,0.58
0.6545249622611556,0.5018671358088854,0.7373131228739059,0.3512953887491222,-2.4893853069724763,-0.7855477389376683,3.06664663512725,-7.514140990209128,6.9886137459856865,6.746177643548667,-1.7360484929165168,-1.2598381439725395,7.4656479673522185,-8.53347279818418,-1.1003074173318352,12.586000952371554,0.6021740440130433,0.6312065819827872,0.6780731157875199,0.5700000000000002
0.5173282392760835,0.7124497371096546,0.26316514407782,0.2677997780835669,-0.8481471679278643,-1.3332270428875814,7.747042900123779,-2.921568228159934,6.71717495841634,6.360510969909413,-1.6421434067517557,-1.108829850906047,-1.8102650065344177,-7.517033305357276,0.2679126530516812,9.403652770021221,1.1045053871446495,1.1223185311053099,0.8060003799556088,0.59
0.6123188504802997,0.8036100909011459,0.49280527345249325,0.3381532108779768,-0.9905277228383353,-2.05804617163857,3.723111438238818,-0.380362822831937,7.380289901884335,4.23049486295703,-1.5632586119079188,-0.7058736958275507,-0.7983437505961379,-5.952448595252447,0.6459127817802295,7.801281642130505,1.143765832670564,0.9612567365268243,1.0551807655462928,0.5900000000000001
0.5503279285289249,0.5085596435003481,0.38977682985332185,0.6305962575147812,-2.0488945448988005,-1.9257078036183273,6.245166403441765,-9.349748824674867,6.327552731371622,3.2751679545799637,-1.7398302551139677,-1.0027188500956663,-3.8789475185474718,-7.8763641377164735,-0.5983525715765966,7.898755519025291,0.8470843496480025,0.8126258014193826,1.0527496759822719,0.5900000000000001
0.6896522145054621,0.7617212499084789,0.5250263742726827,0.2884832770508421,-1.5781034188984024,-1.8946150205666041,2.622449759632214,-0.6515463198442051,6.755897470146631,3.722227262305026,-1.748081401885371,-0.9576396716851819,0.452355098383483,-7.162694094328206,-0.15061744802393984,9.761322268559926,0.835399784812299,1.0407039516392416,0.42216962610048425,0.5700000000000002
0.706588043501069,0.3402259036184119,0.5876356537730758,0.5467277222567731,-2.211704702664176,-2.3638910467508643,6.047558920428933,-9.542028985673339,7.078513651702409,2.897331860031126,-1.2460223178034304,-0.5579995809623652,5.293822816213249,-4.6386064435079595,-0.07892420397827471,9.339902915264847,1.0230957533101608,0.5223238180770349,0.40022008192245934,0.5799999999999998
0.5071226022451896,0.8946800285022863,0.5969097899609519,0.4236374436195288,-0.7240816957131606,-2.415567274190874,3.713079088353804,-3.301637072610463,6.906183768851874,4.52205714795226,-1.9683933652259546,-0.6992652177485248,0.43399343897478526,-5.443078011686932,-0.9569532367740764,10.315858711786593,0.8725242143222317,1.0476469058868871,1.1085534542987827,0.5900000000000001
0.6528102166971986,0.7567179762077908,0.6759335863070282,0.24589141466059633,-0.33177354436243256,-2.4063522424035035,5.589523136918577,-4.88538673403144,6.412305889701518,2.5528655422458417,-1.8365979916726576,-0.7574070799810046,1.0925169011285316,-5.419103693141722,0.01272504005681896,12.030275628643212,0.8810921314610114,0.9199262124254123,0.7252519583391578,0.59
0.35599446821371594,0.703479558025923,0.41912412704502106,0.4214562860988844,-2.3847499860251324,-1.158731383481928,4.791604722702813,-2.7249409204883976,6.8250568507603315,6.373952130209401,-1.6491006533403594,-1.1776763071467642,3.6462898519605043,-6.997892761308996,-0.7513638608662647,13.785651988053939,0.8448301385191437,1.1252612122123913,0.7983895588000786,0.53
0.5326645177476612,0.453633078451485,0.5205771511735626,0.465060218293334,-2.422188349943005,-1.7606340078164637,3.856532120863319,-6.583357172460597,6.91707233869469,6.926050612474884,-1.2598844974583978,-0.9139024187196958,7.3895794462705275,-2.40850442090025,-0.289647126212261,13.195993270541027,0.8720461737126539,0.7286697153046919,0.5940221594217535,0.5699999999999998
0.7368946520346558,0.5369363702404089,0.761789595818188,0.20619841343563253,-1.8849599165718811,-1.2570802540574828,10.927949340751582,-11.71176115533915,7.367423992303559,6.8743710808061165,-1.6119551470757,-1.2029437140361523,-3.5001495661994495,-8.701362393071852,-0.8037018109114776,6.518983592341659,0.5445888085048163,0.9501809748452268,0.5588703744619453,0.5700000000000001
0.6621589656273896,0.551772530261094,0.49854490954077496,0.24178496627876994,-1.8523499197510764,-1.4609567408224375,4.99910728403801,-7.358689879539091,6.5578081258853285,7.4743144026826025,-1.5462478314321002,-1.059210185538852,3.6400079495072752,-8.611641765955877,-1.1633615817329181,11.973186967139226,0.8242984822595614,0.8091206550749799,0.618342623675773,0.54
0.6904009812759404,0.3487994172531998,0.6318438581675232,0.36274573087104844,-1.8100658310119808,-0.06550675974247155,4.458282194087385,-4.172865930026514,6.222095515339457,7.725968187383915,-1.6563199094055876,-1.457000041951198,6.2743942655534894,-6.591935399773628,0.7609481880034088,8.07048272942379,0.948764738547522,0.9144841263443224,0.5011484855113217,0.52
0.6273511745669769,0.7968446232064056,0.32380974171415483,0.5296445657266541,-0.4554092538119787,-1.8955171811800087,5.42081450130198,-6.6100713016256805,6.2198451812455255,4.594780950530019,-1.6009370683515944,-1.3810173608952747,-0.773300269106505,-7.012286347171059,0.007017813196551058,7.2008616495983535,0.6882122979803154,0.9145774285970554,0.890650582215624,0.5800000000000001
0.7891827815841479,0.8078120394944415,0.31650484174128346,0.6906730027032746,-2.080473001566486,-0.7268382076456035,3.52143403437035,-10.776408053936798,7.560435875829291,3.4278706643038643,-1.501673140903424,-1.3084637929273457,3.9047370528419174,-3.5629235071977416,-0.7960812706693667,13.799437052126732,0.47216800429061556,1.1481170350784473,0.7457421044437921,0.54
0.7386881712092165,0.8582707856033917,0.6314513966927449,0.5991919825557384,-1.753574578946892,-1.748596477357239,4.206520686786149,-11.705588842323115,7.1587116701202635,3.41169347048521,-0.8784610332966467,-1.6595906800714444,1.5530194088050449,-4.205275416699855,-0.6417081804480205,12.160093141969606,1.195479592699211,0.9599173303019273,0.4608520638725202,0.5499999999999999
0.7101243859064716,0.843201734115027,0.5026158227389839,0.47227028443933994,-2.249092692334778,-1.1938515877322278,3.563714994711932,-7.945489375181342,6.597893726670155,6.977325783135678,-1.0404779909259187,-1.7330576645056195,-0.05938139441512558,-8.639736086869577,0.18208057105191622,13.633600851543866,0.6662552784830867,0.9396532744356828,0.16262194618009096,0.5800000000000001
0.7158540102405518,0.712980091225815,0.34914879938976273,0.4299529618500551,-1.652327764425643,-0.5535327423402348,2.2372729227442822,-8.786641180622992,7.700511616093195,4.224799966873404,-1.310663228484619,-1.3410154432278585,6.758188768735767,-6.066725981869981,0.1373369700435889,9.564846933808667,1.1135722552994485,0.9118610263191498,0.5583584551588087,0.54
0.39392526200685457,0.9446845571258486,0.49801637275381194,0.4028876849643719,-1.7948267232326514,-0.9649259966768579,2.3064693103893843,-0.19575193570751637,6.212683468798131,2.8880780632081304,-1.4524092269687119,-1.3689598585862766,2.8878171660002003,-6.170626629576466,-0.19787995496373556,11.200527092134266,1.0552815495823396,0.9780339211262786,0.44796855764457005,0.5700000000000001
0.4307670076048924,0.44978435081524315,0.779670020524569,0.5255442460084787,-1.9641646485250523,-1.560841228779383,5.709293453585488,-7.551733455873629,7.470203496861085,5.694469244949857,-1.8325847205748322,-0.9423500192433731,4.525803817209302,-6.056809605728786,0.16314972356892082,11.894797720469407,1.0715189659531028,0.43056856153624123,0.7906631191226174,0.48999999999999994
0.7887476498267418,0.8722568898305756,0.5381031192969101,0.40552709267147047,-1.1941341904839928,-1.8922391983276536,3.0130460829552446,-4.564936386101825,7.960334105226079,2.119305246807686,-1.8723708448231853,-0.7986970862848689,1.793397239898091,-5.583692587938129,-0.8612683307192402,9.225994264770797,1.1478047727241845,0.7936823111561555,0.18035732026127602,0.49
0.73209329215758,0.5985260658654801,0.6923882822433086,0.23324022099810554,-1.986907721628946,-2.193571170591566,3.5621371717367456,-5.061914401210656,6.570200002126637,5.335720894351228,-1.799773883664705,-0.9300157294604842,3.329489415443888,-7.383629268423299,-0.39630808173256865,7.834588395316671,0.666969404522612,0.421912645033235,0.9187274597880014,0.56
0.784098620235956,0.7068972377112118,0.6500754707627177,0.37633024388929026,-0.8730456967046186,-1.454667087334705,6.439281225989913,-1.5812496418970696,6.30531610696046,6.630231581023921,-1.7108871415730798,-0.9559113269481735,-1.9012113835436977,-6.057703645383424,-0.17663865298402737,9.514025466960778,1.1646621078043689,0.8547014886447426,0.444765327086891,0.5300000000000001
0.5788460772022662,0.7764419944310532,0.20872235219299154,0.514684994988793,-2.258567449359188,-0.7464821288523587,3.92599045620966,-2.465569136864783,7.008321487221103,6.930446556544655,-1.0367721085373145,-1.3781580884409195,3.240250266937098,-5.303198411062951,-1.1584879667242731,10.701382161870537,0.9713594874964839,0.9574257595374651,0.6145954592211593,0.59
0.6608350321340736,0.6561872307307651,0.3688053571464009,0.6741667375844371,-0.6902193738796211,-0.69825041784124,3.0934830024265745,-1.4890065524181089,6.455580265631195,2.0910370515367953,-1.7989962124080012,-1.3362669656450006,5.353376343982153,-6.463899605398504,-0.8020658735349323,6.271814426536334,1.0412182748617358,0.684851273243177,0.8292694398368672,0.5800000000000001
0.4208260230867254,0.6877098682185014,0.4090800080735637,0.5906311780747292,-0.5796849733381243,-2.500925456754796,6.344747633490726,-8.944794244271943,6.827767391969049,2.896443078036528,-1.8855643006817853,-2.103002472481871,-1.593639664983689,-3.975337853591266,-0.6869849221704915,8.57155361981402,0.4259404583317244,0.5765090765889083,0.43317458506203277,0.5900000000000001
0.5710107159263215,0.7464336491514513,0.48664939186585376,0.35466980343778504,-2.229831679087957,-2.3156107794660166,2.625987543902124,-4.898830407660959,7.317750499889346,3.835913643350125,-1.6026218877596665,-0.6591616995682171,3.2788140320135315,-4.2687348530281515,0.2828236669087042,13.019150177197066,0.988511631437897,0.626970349419145,0.3087535352288582,0.56
0.5405252990456839,0.8120085015681998,0.49147523167766405,0.48590915212615027,-1.6007073713246833,-2.2204069964065956,5.7024671255686945,-3.9201227470161553,7.0944361078517915,3.5871010876750082,-1.8276926232212765,-0.6121511543734334,-0.8126615464353436,-6.083327353092692,0.320349593959783,10.805098306394141,1.1438230219005745,0.7671343046569807,0.5513339081094202,0.52
0.35606898155884664,0.5846805371549216,0.3455779401060633,0.3083222761962448,-1.3042493250647373,-1.6232133337063457,4.015869291988981,-3.312100563107106,6.299125765489242,2.5319491932447873,-1.4541564753836984,-0.9704416715785144,6.002570876560016,-6.317487847999805,0.08344249719840502,8.649625392366351,1.1247424868667275,1.1760259093169145,0.5857514328784754,0.54
0.6175446779479465,0.5590493983148678,0.6160745547158175,0.46763005939134106,-2.100725579381821,-2.3358779943129084,4.6316216786979885,-1.8974950001210942,6.828432501668627,2.470230792055835,-1.4030071477962305,-0.535899390376972,5.01160837943791,-7.730227816992014,-0.498039760246623,12.039301209677427,0.7723881409463778,0.7227656563149728,0.28544812696034655,0.48
0.7346783079666696,0.8420187003304654,0.6818083383932748,0.5310915019716775,-2.3473073747314244,-1.7795094292216678,2.004558171242529,-1.6130208374144726,7.814620161564125,3.0535678077501323,-1.8588464689258293,-1.074213359805144,2.5358696736158546,-7.06637063961149,-0.05084512476540781,7.3082340947956075,0.8037270782666369,0.6861499098202102,0.721369572268124,0.5900000000000001
0.683255048289792,0.4579721707018234,0.7974679515749608,0.726906298939178,-1.8052613776774067,-2.332514695677939,2.900001587413902,-7.617190221668531,6.966692043440978,4.7603433096154415,-1.358709115238839,-0.5533223037214101,-1.4991861897668535,-3.5882684495066903,-1.0003450860164504,9.38104567374205,1.1299198459955333,1.06448307462803,0.5785226307213265,0.54
0.6372317425269899,0.889486524641659,0.3639584353948468,0.602853446791008,-1.767173298638181,-1.4161465283798689,2.4831781029595166,-4.6304364774296864,7.2516248813098665,3.656965026000799,-1.5702072778659342,-1.623196882684583,2.6794180727733354,-6.900812684469661,0.061100691711268494,11.591209856286685,0.46168527287877303,0.7755636712908535,0.8838841828028379,0.5399999999999999
0.5634692845822482,0.8632351601791455,0.6992923348735534,0.35297902477018417,-1.7841728785098778,-1.5679960460760283,3.8292795996267177,-0.5991935466583207,6.4331051829954715,6.001087610184423,-1.1668578178231304,-1.2663929171098005,2.153807883715337,-4.363271614752275,0.6165755990038474,9.640885043748316,0.7739930904821319,0.9577418246724997,0.550869227598584,0.53
0.5694982570818155,0.9456030611187033,0.29360066744937047,0.5368593962538771,-1.1682355028646716,-2.6829437818798527,2.3779036531757396,-0.15175382741451826,7.146541033463772,6.347376039666296,-1.4559009654611543,-1.0931471942021054,1.6163973175909367,-8.106007463379559,0.29136958286316433,9.423933698272654,0.5092292810811693,0.9308394297445258,0.2021104828657014,0.5700000000000001
0.6032842170062693,0.6577485245900367,0.5339837198212184,0.47045424610978703,-1.5190089158851696,-2.3916776201337626,2.705138047443921,-6.666726778934702,6.106355306459084,5.674696850925254,-1.0715575849051786,-1.5392888912886125,6.136610401176275,-4.382223207792119,-0.30468833348657076,10.507344684344078,0.6207203856404525,0.5905890819821367,0.5766382084738446,0.55
0.7193459940546378,0.7550014058983144,0.5232540419169402,0.4378770479208178,-2.157481448956443,-1.2150954244487022,6.591560774792521,-7.966254899384665,7.5750045606025305,5.518777016455044,-1.088116961195978,-1.3445488761028335,-1.1687714551485933,-8.359653123732372,-0.19734734912767002,7.674383106521244,0.789336590574814,0.8351004205361877,0.5326179379558558,0.59
0.7572961314646656,0.7485091998439062,0.6772997701195469,0.32879793045651207,-0.6037439922421312,-0.893861553496629,5.865124612722674,-10.213863407919542,6.048079566163095,7.767037008001391,-1.7358073692430627,-1.3050974281327494,0.41924898847949743,-6.610532926916843,-0.6748833262614101,13.869484085134873,0.9735269848000296,1.0548636553762465,0.7601406372825857,0.45999999999999996
0.6889232364572342,0.633455650805634,0.7077121183316081,0.5911837866596733,-1.6443620674604558,-1.0941713172227794,7.417536540544265,-0.13578457578155856,6.034763767812255,3.991987550909994,-1.5614650645748211,-1.2718478981424428,-3.1250986107023904,-4.429590710490313,-0.6736211794600312,8.98540847220157,1.1284119043951462,0.662717377296472,0.7313062966935988,0.5700000000000001
0.37545488132909244,0.7580545785291897,0.5706422900674799,0.4070696481577212,-1.5515014738298851,-1.9983837361484693,2.7331590146905635,-2.0139074551424896,6.369581149809123,2.014345230255381,-1.717198592794721,-0.6927260567089286,5.846487762929228,-5.428885778755644,0.16034526536345764,7.640644508059966,1.134703369676244,1.0003009127260303,0.55640832511554,0.51
0.6895931150676369,0.9014892363557454,0.7815044865990843,0.4846648666689648,-1.4235711705016438,-1.3665158473400492,2.9601054594111442,-7.855754339408909,6.996109643299482,2.070607610675878,-1.138139663650871,-1.3252262207851637,1.9612434298243764,-3.1472508591974915,0.08427114259391315,12.085313158990354,0.8801352276457387,1.0585025242274406,0.7202798781596665,0.5900000000000001
0.7835584786157568,0.8381771508530528,0.5216239164417895,0.7788411117550055,-2.097504387017666,-1.2312109356361827,6.49879797750763,-8.685675944008379,7.309167345057768,7.999310368408675,-1.4217401152621527,-1.1864284527002786,-0.8650181548918301,-5.0764301916097185,-0.08127325715598699,6.749304665590341,0.6127133262244878,1.0502671761804327,0.569894509497808,0.5599999999999999
0.5308552252932213,0.679372355621378,0.6740177826254155,0.26753716816551465,-0.31025380848940687,-0.6025741711679609,5.55435539374582,-3.889827730748924,6.774721265399766,2.74289403478637,-1.671381912846928,-1.9111248900236915,0.47516924120579696,-5.414416089906029,-0.10229257521592329,7.649414069934274,1.130150125109936,0.7066861085218392,0.515991963519286,0.5800000000000001
0.6752234007372739,0.40556453273329773,0.3176034416793824,0.6042497929344939,-1.0091994962405555,-1.1239428542777903,6.60413733376007,-7.664669627305351,6.445151127944862,3.3306822025231506,-1.803249396176722,-1.2943028011990787,3.573400637397992,-4.560000959540323,-1.0100081812050796,11.861183342663546,0.547264206745187,0.8541114430768622,0.6338080330663813,0.58
0.6286019373793776,0.9015437665067814,0.36973212373110986,0.4983686076622323,-1.7168959609026144,-1.1802630460044152,2.3692482871268146,-5.374136947351018,6.417655348777641,6.055409096417252,-1.322512938067392,-1.1320156093554103,3.876620732838906,-2.828129663211473,-0.0951625401221251,10.9572657232344,0.894628861014966,0.992436104077809,0.46719221214650186,0.5
0.6503529148015572,0.581884945744747,0.3549857834724957,0.26963466391173263,-2.1515133050232076,-1.739295187609863,4.16364799270793,-3.89984044586121,6.380975550069992,6.806151003683781,-1.1740809434739368,-0.9716582191996117,5.764078535543701,-8.984007569255379,-0.8661469058622523,10.929227387493897,0.9635579281622879,0.46463109179566403,0.45779490485177415,0.5800000000000001
0.7769283018523239,0.48952860117019076,0.5496150078178587,0.23343467905870474,-2.0811714980542337,-2.0800882479368403,3.65513968494527,-1.6471823854910177,7.781734363966728,7.06178742327815,-1.8941149584584265,-0.6441070938970134,7.010020905013918,-5.998485091538668,0.07499165735182978,12.503500192232142,0.6879353468968972,0.3787308241037795,0.6167710528867506,0.47
0.6952914838800746,0.733244285495172,0.3649069390016797,0.6274308503281051,-2.453719222116285,-1.0099761238519358,3.636036753507667,-11.42111082592399,7.585122881112011,3.6378172138504863,-1.6894703566884166,-1.214132531187925,4.000471142276814,-1.8541466059874487,-0.5021442435357433,10.794167606543583,0.5270154224088488,0.7180892143708151,0.5820251136314591,0.56
0.6541793506800285,0.34308857519929603,0.625777960143827,0.6607840028514993,-1.2412960719589958,-1.3403578836319396,5.176139309763989,-6.047467443898533,6.248768096966771,7.280929553231421,-1.6792434244896293,-1.1308063067898995,5.996658122759083,-7.072422611499507,0.6087843263936854,7.255767560478336,0.8095845911223556,0.7405579917057618,0.8779286982572269,0.5
0.7002579970177957,0.7290970155917618,0.4879242567184863,0.27843470903299256,-2.4494600191107425,-1.4796159512060605,3.6416804490692583,-9.210005497464689,6.0124264955942825,2.0145812711634083,-0.9091559936735335,-1.824703284142467,-1.3780231531955582,-6.275474443441828,0.026354503632504578,10.50164366496175,0.6294427976074468,0.9474103341375278,0.4975319296237882,0.5900000000000001
0.759505724545095,0.5975418803080189,0.7097896018584978,0.3821129190680742,-2.362972924023266,-1.58213404011865,4.2672156780681325,-5.361120764059389,6.825019122510756,4.2677690081582975,-1.2712714907126261,-0.9252335420104316,5.45525622192417,-5.567685911378913,-0.9717318871421425,6.8845887411378115,0.6842303300662671,0.8290763147294339,0.9321342921609848,0.47000000000000003
0.5772437413963886,0.7500902071171307,0.5537835173547759,0.41892304121093527,-1.2537706577749617,-2.5011198141290687,6.034238704031874,-7.953344805074704,6.966710836477271,6.506810613450464,-1.2126756129162446,-1.1062735929663985,-0.666337264553459,-7.429817859618509,-0.25893270160273285,7.568408426547374,0.9754667190067382,0.7099478465494877,0.391390917075626,0.5800000000000001
0.7192190484759379,0.5961587751847024,0.356571426423016,0.6077893652040031,-1.1705046969787338,-0.9413459813447677,2.1432391698227304,-4.434811946237213,6.640823426885403,7.55800076471006,-1.7076782131700938,-1.2863600438195362,7.908550196082508,-6.395670763547551,-0.3449728972322734,10.26102813260424,0.8959208111835179,0.9213092570219018,0.37021978827911534,0.5900000000000001
0.24580601554708958,0.6615514157923754,0.6888750029864035,0.5401742099316748,-1.613257661407176,-2.1484579006424114,6.375275241679409,-9.25873067993536,6.550295656583543,5.84936489879872,-1.469089348943008,-1.5225339880380442,-1.989721136291139,-2.5703106599485306,-0.5980159246022481,9.691799579364758,0.5612676498645857,0.5743522799652171,0.7469432476829189,0.5700000000000001
0.4830135985259068,0.7134778989864766,0.27693692037038686,0.4775746389166993,-0.5707950508287417,-2.3754869546849187,8.42190366776519,-3.67624234478404,6.378419503846757,4.467099676054178,-1.4867383558488922,-1.6251733238049175,-2.2525263727650326,-8.301629928119986,-0.23937590790567778,9.832928234594101,0.5377167303180723,1.074258199691543,1.131204244631676,0.5700000000000001
0.7467881192675433,0.7520267091672976,0.31477384747710774,0.5036542380902161,-1.5624523601022375,-1.264695019427993,6.068704511765121,-5.126333072284199,7.063349382929454,6.098199477774307,-1.210259276020999,-1.3686849521546778,0.9447898471629677,-5.3282570369332465,0.7369577906478985,11.061517419747764,0.5231420695526948,0.9960812855699013,0.1956604048963823,0.56
0.5504253567085873,0.48342385962659595,0.5895245947183826,0.4948324962474222,-2.386378437289216,-1.1766378670608626,3.0803061711282123,-2.6223639575820674,6.369855281629024,5.640984573284661,-1.5336327480668384,-1.190185488241577,8.406738926535503,-4.449566123990032,-0.08633737125533103,11.947263777063526,0.612519726160093,0.9027455729409222,0.4332063553755855,0.4900000000000001
0.21446459975453597,0.4128473037876844,0.5616903342698152,0.5276310505735348,-2.0905903249015836,-2.8076525477839946,6.646357162084092,-5.701430567827853,6.501306591720392,7.124125892970775,-1.841163347030729,-0.8506365103485753,1.6727913475765641,-4.956761668074526,-0.2857154192731455,10.254080871937742,1.0414904768496753,0.1498628513857323,1.0182759343125711,0.5800000000000001
0.6595401771707792,0.7960829698245199,0.6689441825399592,0.3871356985061716,-1.6179244573975033,-2.363090711415504,6.133261867822828,-5.239758938195726,6.566822257225056,6.520948700274879,-0.9583346023452359,-1.3224784144797095,-2.393587680772421,-8.037423169655366,-1.0686678437162442,13.012570909488158,1.198554542940707,1.0008675063813075,0.6472447307725263,0.5900000000000001
0.37477048752722897,0.7390607270208086,0.48903181831421055,0.568345662919072,-1.9412532276056977,-2.999632998285855,3.7765166851353458,-6.154773984856398,7.023023432396542,7.589467104018668,-1.9100735937132358,-0.5040015351120453,1.752438977510171,-8.224417440402734,-0.11700124228265502,12.239819261394771,0.7409241379304993,0.51064707540061,0.7275826213877611,0.5700000000000001
0.5740299555917441,0.6885028701653683,0.5712734234207306,0.27808117077127237,-1.907426167954728,-2.4023175827033745,4.775649038886065,-8.621896200170447,7.812659919063994,7.25583193061059,-1.7830636685477805,-1.381014246803295,0.5929180879625257,-2.110886748206244,0.7943593049355145,11.66655002004408,0.37990102756832606,0.6594760325066306,0.09582970952787151,0.5900000000000001
0.5495408272146243,0.7578766458453889,0.7347615062114174,0.522339966335706,-2.1617493499776717,-2.204177249358178,5.309819555848149,-4.609172526112086,7.346498032345384,5.027007254865989,-1.5398790583387427,-1.1630339934201301,-1.479285463421601,-1.7037545814217294,0.1801974523208171,11.027579703916858,0.4777943084862061,0.9783856731186251,0.3259865291030019,0.5800000000000001
0.5104331170299432,0.9517219350936874,0.6400748169351905,0.6833892025811745,-1.7045166250338988,-1.6414930116584796,2.89258355268933,-1.9972318918331786,6.614236188747731,3.225913255820932,-1.1988875021488599,-1.1640921488058649,1.8244748373140682,-5.093769969449044,0.721961336557983,9.056105096687597,0.8857299639383222,1.0469062633798165,0.16464390180680546,0.5199999999999999
0.6718612560116017,0.9094964091983326,0.4861188056939139,0.5104413368784597,-0.570214229624756,-2.023037465966326,2.8218470790154297,-10.324963208787862,7.220433483105199,6.347422194792197,-1.562772911885952,-1.6971266660173117,1.3842092115259361,-6.8875289821092975,-0.12240970892289602,6.894825715753231,0.5516938384000601,1.0405058109332694,0.6203551437679387,0.5700000000000001
0.514048892989482,0.7216181881302127,0.4301676200159792,0.5704214925677931,-0.46063613532141523,-2.486219564038652,2.4861174007188946,-1.3417650392691889,7.95727028989978,2.280013552760666,-1.8272683590209338,-1.6979460513127136,4.758899722912042,-7.922383889498581,-0.2349297953877178,13.210950986242402,0.3952104127755809,0.5383145735456828,1.0807310631264342,0.5900000000000001
0.6820042890917751,0.8168274824938985,0.5848196480290663,0.4162860769950673,-0.6449031318540697,-1.5684574216651124,4.727513991214527,-9.453032363115698,7.972839058615592,4.8530867539734945,-1.4623872118042283,-1.3657197564504457,-1.311313992503978,-2.93466767182791,-0.07900579933666496,8.749139972968205,1.0949142612544078,1.1534374687310127,0.4884610719255549,0.5900000000000001
0.5746646753908226,0.7246871443294901,0.7233702496571088,0.6647556978592113,-1.5883027293585286,-1.6672281431387899,6.202774672749701,-8.007518412557184,6.479219858576867,7.985350046576422,-1.191532993665864,-1.8698557581332038,-1.386483853627616,-6.1500433399263255,0.7163502460538809,12.768828651939197,0.6888117347239806,0.7431819257682821,0.44182599046307003,0.5800000000000001
0.4785586620076077,0.20703836355344554,0.48146737656803473,0.3613300959784996,-0.1512681715655048,-2.5551039475657973,4.36602858761461,-6.34084493278988,6.822945266597001,5.44425972673198,-1.6005612745229971,-1.4724375989561778,7.698318302758592,-8.980031517261047,-0.998594099638918,8.68685166648863,0.801573345141864,0.5866439857374958,0.8166665928549758,0.5700000000000002
0.40725219055887424,0.7814775198626698,0.7258797147768232,0.35739354357493774,-1.7716474029498859,-1.1295556805474525,2.175386242224006,-2.7533202885571946,7.251935746102122,4.301385212891453,-1.5937406222708297,-1.1839317291211056,3.4935700096842197,-3.025343790478084,-0.6359942317105651,12.059813274141547,1.0436361861689412,0.791716072185558,0.9086725981209602,0.5599999999999999
0.500808944796886,0.8562999588147125,0.7476476550904595,0.7121419183207124,-1.3667302146304459,-1.5302318632965732,4.650053098291126,-0.9562348210369842,7.103750553408685,5.1781655492082335,-1.2699281813232084,-1.7056194344147064,-1.1538275590766758,-4.678964888352914,0.22387148543760732,12.503087557411101,0.5844583478546168,1.1528677154092215,0.33667308317969846,0.5700000000000001
0.7374051255209663,0.8640938493181523,0.7117222310070284,0.5008814779715764,-0.6002972310277962,-1.5329556876517993,2.16506369392628,-5.130245835219075,7.239548295788636,4.680594805506042,-1.935362755051107,-1.052795772036754,4.021195961439746,-3.640537552626017,0.36434968891065045,7.38900338651376,1.0563878520055086,0.9284390122648131,0.9744725762893172,0.5800000000000001
0.5866643080660333,0.3599399240609476,0.6680213928652122,0.3503391165563243,-1.9509559951287878,-1.3383773953348703,4.250940797299279,0.1362074526799533,6.804294826822386,4.7225681699399225,-1.24491801119978,-1.0668129999171692,7.410703354467699,-7.086990534233128,-0.4352963783205017,12.126734827334467,0.9282080751915952,0.8787452563925682,0.6194669276683873,0.45999999999999996
0.684202914072323,0.4665690337586491,0.23200620961071808,0.654556144460839,-1.9656736914693993,-0.8000994451921504,4.291805255330133,-11.154264418789142,6.981826001890604,3.8188664188362282,-1.8345017646128747,-1.9482783199283973,6.192895496861883,-6.398565074715634,-0.8750790323348996,13.191000262853654,0.23347075991063,0.8354575764918112,0.9761286104045869,0.58
0.5300637032974523,0.5925789817515139,0.7682379960897141,0.46990725578906334,-0.6539314585884493,-0.8055088981167318,2.1961903894190655,-3.4459764762548875,7.275348023363778,5.889554575767422,-1.9841295850148775,-1.2930562358962563,6.856834737165051,-8.559327746574409,-1.1639815512452383,13.812715612751152,1.1074507853804034,0.7112370970376342,0.19737699804308456,0.57
0.6394664974794066,0.729694847774795,0.35945898543828914,0.5856631559202501,-2.280201474009531,-0.9074931906236791,7.365999055853185,-5.077535025768002,6.29802510012495,6.298429251580181,-1.48457493435804,-1.2774427719244277,-3.807670294615517,-1.7435503756139563,-0.7682369598057724,6.159425912062552,0.9015393570610247,1.1083350426818868,0.16891177956821835,0.5700000000000001
0.720715483254339,0.695760283737934,0.306387144114683,0.745081659642677,-2.1379058704278604,-2.355017552956353,3.2896377284238967,-11.512809655907004,6.56189121108045,5.75507061853645,-1.1330743370684804,-0.6958304248903857,5.58753574573326,-3.061148457430063,-0.8801978659953293,12.369535990068227,0.7688169065537739,0.7723027151947341,0.6436564165503331,0.59
0.6713776845215484,0.7219474236865423,0.783900963420319,0.628111379967285,-1.8501895194262992,-0.8003137062096537,5.048011593906738,-1.2991540082745103,6.666278853087446,4.111559098323044,-1.5289209517961835,-1.346618226223155,2.701730019008262,-8.029845337591588,-0.24971883013430737,12.714933792495883,0.6087638444138461,1.005692514555157,1.0301443419104022,0.48000000000000004
0.576941797227994,0.3998873179156072,0.46889890648481125,0.25482826326361513,-0.4132119512493308,-1.3231111673713425,6.014948701070494,-0.7122811858779128,6.262085132172329,5.286474582968658,-1.6998531438595483,-1.2404639012921816,4.077809976037106,-8.429709904871528,0.6655622366330209,11.418807175943499,1.0533682058487863,0.5199690202531959,0.06735976714173336,0.59
0.4670380822179435,0.5402940105452698,0.6204782559562871,0.47857890167605804,-1.6824902948765499,0.06920461167096437,3.3113872937594717,-7.104396102237555,6.335916205555934,5.778161946839715,-1.8293743895179384,-1.5089672178407552,6.780981484117052,-4.0083964210184835,-0.4886120255219908,10.486338490416342,0.7669611274183031,0.9925105667639227,0.36732992640963963,0.5900000000000001
0.603790546404296,0.707402514126857,0.4449962554726341,0.713285230605257,-2.195185963567616,-0.9984582562981856,2.0070016293994337,-1.6185539169770307,7.534747577956079,6.054038224630161,-1.68654999699076,-1.2024875374602162,6.864658640948283,-6.143763144463658,-0.9429779167244783,10.411427843120475,0.6881041187347072,0.7594070084274553,0.21243531224264,0.52
0.5303420244690743,0.7906990765882898,0.5525422366760793,0.6363105473445424,-0.7483229528110691,-1.1660399638077132,2.6462607609745925,-0.8219967158695953,7.178745047802535,3.2859702581188857,-1.8982234434683731,-1.383281649251583,0.899188384785959,-1.547304026086088,-0.42081547708352307,13.853135659362367,0.9504075674179953,0.7559136809639944,0.3969969624230507,0.59
0.7536552735104989,0.7968509895280104,0.6927470228749865,0.6257284088724386,-1.399858487082669,-1.7187460287001266,3.136267851956692,-7.370565256274853,7.63397545703892,3.1147852715439486,-1.60808850444855,-0.8642299426590784,-0.3465025894463041,-4.469368648459376,0.2613161271826362,13.965092626970412,1.0394992202687117,0.9947454005292311,0.5902138953607514,0.55
0.6324270590447285,0.32746548475119797,0.7814615420815566,0.37712935564864175,-1.4961877982274217,-2.0576370829807566,3.33563600547624,-6.245329522787847,6.080242527953062,6.929714023256315,-1.321052850431593,-0.7255128146154314,9.754457494845926,-5.095189354552813,-0.24573648772417167,12.716358359975176,1.1074234112356813,0.4130369695529176,0.294327729281499,0.5399999999999998
0.6797258619092333,0.7948553040052178,0.4962150234134136,0.6499906741889951,-1.2257517814787011,-1.638565955107187,4.775267958168612,-1.9908528814483324,7.588614174105099,5.22756890433441,-1.8131742918838556,-1.1240648426819004,-0.08910483539620451,-8.718876063450638,0.529985089289241,9.489880710339431,0.6587043792674984,0.8549806416427445,0.242680950098254,0.54
0.6810117000856857,0.7893053098318071,0.3141283783607124,0.5780650234133261,-0.9001940588783499,-2.266889916611657,3.982022180101959,-1.5109993040615406,6.744666643994158,3.0264394253257083,-1.5975574603262688,-1.0369653484921852,2.83742432026873,-6.26103308074145,-0.1351270161111789,6.551890249016967,0.5964792651639527,0.8262202772681422,0.5917076715599062,0.53
0.6782825056568572,0.8566206931931327,0.7838459168411458,0.5923832517586728,-1.7595425081592948,-2.0695958115076483,2.4951062592835966,-10.775469881969215,6.869216603402948,3.8080828794991,-1.1908432582501791,-0.6446091594310253,2.5658856645790067,-6.097106369758796,-0.6541283007630526,12.913795162395008,1.1486864519350284,1.077999769556139,0.8452426792995025,0.4500000000000001
0.4917399771820678,0.626331819553163,0.33037638624990556,0.49658056820707985,-1.520094316241414,-1.2092454860982897,2.965937979359544,-0.05562205188255509,7.298054043673817,2.886658211290362,-1.6519414053448538,-1.1805525978732443,0.16926274618457193,-7.855164049526023,-0.393490920980641,7.330980776524203,1.1204327844181143,1.1705662245193724,0.7541453075443931,0.58
0.7197913334182893,0.4763860439085955,0.44664728051144337,0.6622286725540618,-1.7730565307536523,-0.7775532829326877,6.227058402507726,-7.4414775890703755,6.769914338300036,4.324292812809079,-1.5643162698248763,-1.2220179513525138,3.0533297376989057,-2.380227295460066,-0.6179628539088516,9.973015088790278,0.9407632713450286,0.8695951659013045,0.07554257733498526,0.5399999999999998
0.5529849418464097,0.8144759122308233,0.7145189613245184,0.30492146587798236,-2.467178213880431,-1.1597187260321262,2.3634774367969418,-6.9722257760948185,7.747838093429574,3.090199466709544,-1.4827534018961792,-1.1550096872949742,1.04343629964932,-1.79192461052956,-0.14622912636097563,6.2502168630311665,1.0632181111991212,1.150362917502183,0.07209118630151487,0.4900000000000001
0.7398495834215046,0.7487912212977422,0.5933890403114178,0.23071543971688271,-0.36868561337054295,-2.1061073872493763,2.6621674355211993,-2.9236489985031033,7.032045440887909,4.5169366023347335,-1.7101229088164114,-1.6506333863011844,2.344592064538837,-7.87105507660891,-0.9196692154650191,8.363441402265696,0.46866062073345544,1.1496958735274383,0.15593587880039708,0.55
0.7458774570263419,0.834004663182223,0.451684043247886,0.675234491693766,-1.4291637624389788,-2.384536655452906,3.409246849028188,-2.2145583698732536,6.583706928307107,3.8198226183485,-1.6281489622382228,-0.982881867911491,-0.6895483242078457,-1.9340506093099377,0.7798334253793655,13.519649307804043,0.5784888393368022,1.0016578225971204,0.915102121709796,0.5900000000000001
0.6061567092733644,0.797631544018469,0.3300183419056435,0.790919694041583,-1.1494914555024143,-1.305397786566774,3.1748641943801656,0.017496121039755508,6.500945120211079,7.655199601544325,-1.3847331120927686,-1.1144098880521314,4.497068675068833,-7.716249456906999,0.042790188784940786,8.210990217528153,1.1031661055668502,1.0213652628849266,0.6766600770994557,0.4900000000000001
0.7589276086532207,0.551529517126674,0.7063924909298834,0.39294198432031774,-1.8960149595222857,-1.1577508532556595,6.020242915833801,-10.559419685706992,6.626342500976685,5.630937073089675,-1.72183105307004,-1.0710490550515432,1.7939432343356134,-5.359891984875528,0.25437051279391054,10.470697321256518,0.7624279138990386,0.9493052930047219,0.4609615601140354,0.5
0.6607700944095146,0.6843645952679441,0.580512629649768,0.33094256281019885,-1.7215539745086748,-1.5436763951623056,2.6558321292810345,-7.271000872056675,6.86530952640933,5.15769463446299,-1.5584616485238163,-0.9150175960923146,4.16791658638853,-2.172307830876749,-0.8141969042900884,9.255982510020955,1.0418053550821695,1.0825812983864385,1.0505322957390302,0.56
0.5377950113141183,0.7607577051412382,0.26553664463535814,0.4208669244071132,-1.8378482411946049,-1.5162230134754033,6.638466479555049,-8.674114190513077,7.071541254865989,4.621923724557149,-1.4901401955378706,-1.0972806350258406,-1.1115821262700787,-8.891442920363028,-0.002329283838885643,9.850843235743444,0.9848192030636602,0.8548113578667816,0.6807067201474489,0.55
0.6316624751815252,0.7987328671811231,0.7737893660704945,0.23450014396463795,-1.5628484372801956,-2.6486003248736933,3.423441030834079,0.008366621083608305,6.976322802920523,6.923491300311752,-1.2598691539631595,-0.8703208755091764,0.03966545179613634,-4.4405909629951665,-0.17835017137801168,11.306043654215904,0.6956561832343153,0.9412706627427567,0.41808039108910894,0.5800000000000002
0.6493589924376334,0.6106738765615033,0.49049198260423976,0.6880300454295619,-0.2938564591364554,-0.8532106440800198,2.4152653974106757,-8.174674931234374,7.6766431821083,3.9930168210465746,-1.8065602093898216,-1.702148925975163,6.782390028607296,-8.507590648375954,-0.22672973260582086,6.582310368035083,0.5779545960943556,0.9561195649965157,0.5410032027514515,0.56
0.3642984050681596,0.6111560977459327,0.36074255639448477,0.6005734322943792,-2.166718986405535,-2.4437519490420834,6.0771942673825965,-7.666973280633588,6.217738152517511,2.9028513697560943,-0.7600088415221974,-1.2635933093145153,1.4205951756191735,-8.212548074654164,0.2999442873128822,13.132250511646491,1.1734035727678218,0.4487852165855639,0.20371140534809495,0.5900000000000001
0.7619993096453013,0.7272547539425324,0.5046053145122877,0.24058719060167,-0.5967844414410997,-2.6621855908471947,6.329083478931925,-4.225446288105788,7.101725592473714,6.372458875443577,-1.4400430223455096,-1.2768570230049425,-2.224606845558563,-3.3686561602998513,0.6159126938067061,10.28981163744772,0.8689084592703709,1.0814727330193898,1.070745826434132,0.5800000000000002
0.5148768722471819,0.6943517170711164,0.40505243477155034,0.3951751299036399,-2.3702363490338234,-0.9743516905424594,5.3123188977848415,-2.928454557432655,6.982280879797588,4.179107565731843,-1.4150195571611732,-1.50828478371747,-0.09711566810329059,-6.491509808077589,-0.3000021592939711,11.203947403844634,0.9301614704490291,0.6041566680548893,0.9573342498741827,0.5800000000000001
0.7667712694114148,0.4635656612220126,0.3302450364501926,0.44595427599378223,-1.8874703766106165,-2.5114177220031184,3.6743981999567152,-4.4042036748308195,6.6211420787825865,2.5373180695092934,-1.3532603140926338,-0.9005909969461653,7.184187500358171,-6.54525094280995,-0.5226639744259984,11.340281631792772,0.7504337296966639,0.2290887462851679,0.44844485844336096,0.58
0.6592673012907238,0.9238924859501175,0.5428339460322077,0.34206901147675195,-0.7318785508685511,-1.8377515918968126,3.0044062148564357,-11.360238264588578,6.735951140281529,3.913037952544985,-1.6940149604445762,-0.9971957524308285,2.4317975054367427,-8.24859014959708,-0.4244191432587688,9.24722580210476,0.8185463275208034,1.0448541296439249,0.7004720990615079,0.5699999999999998
0.6116925918355244,0.775096267785291,0.7362259625045608,0.5586593034376338,-2.3186639775179816,-1.3488463588785224,7.157107468499932,0.1608450466797926,7.46519063386688,2.833949105471449,-1.96200928038504,-0.9764270335197844,-2.602384071846919,-6.17596147820016,-0.45304700340701265,12.759542923148288,1.0291383343206963,1.1253133146433996,0.17717635314449193,0.51
0.3117491075004235,0.6593588630292321,0.23429595568280098,0.7563896116053852,-1.5461910866927455,-1.668990566670933,2.0247927501849126,-10.960544133314471,7.639188228585872,7.525477712929887,-1.7278022213378914,-1.826249016906012,0.9540357679991827,-1.4899579315330111,-0.6244355373725544,12.094304305011441,0.7773532732262669,0.4362833903694434,0.4264209811262146,0.51
0.6009193680786437,0.730985692189869,0.4204926551658254,0.5946899525470355,-0.750109303685046,-1.2202150036175152,2.4283346235433276,-11.329615895337602,6.658934173305861,2.1647340827127604,-1.9775045452681776,-1.7007916710289586,-0.45842377258839845,-3.697707230474567,0.03954174011171416,13.570998382815882,0.6466900392168793,1.0927978004123733,0.9561803015676187,0.5700000000000001
0.5229142532923421,0.6881069886983986,0.6704739649617446,0.7710123410017946,-1.7044111419178454,-1.9028175008202601,7.988169885095265,-6.853801400951245,6.93695404648519,2.2490138065074965,-1.5459469419290321,-0.7359607520984937,-2.7284922347818057,-4.370229330009533,-0.6272641802543979,9.884195903876973,1.0826015905091353,0.9818545848217894,0.6705545964265686,0.5100000000000001
0.5376804882725696,0.8679967789819109,0.7960451560244155,0.6509010902836941,-1.3458893246154515,-1.9817682565909902,4.96099192677182,-5.247111903002418,6.353954729545634,5.585240242012845,-1.5010112050215254,-0.8952819949282885,1.7661282395562932,-7.765068443909547,-0.8942386171643503,6.0193205986360505,0.7336603659485345,1.0576035882185113,1.0892763305803936,0.57
0.610413263891501,0.6084545002029951,0.5657070217476712,0.383354153993055,-1.7119855746718593,-1.8241180134377912,7.814103987070664,-5.0235658693145115,7.264257229378134,4.403788095662784,-1.5860816424788695,-0.8177172354628404,-0.5428304993050985,-3.8793469170262678,-0.2720428325897958,7.415233522179235,1.0991540721507267,0.7842697195164271,0.07875878232200129,0.57
0.6313683130895748,0.932355002412568,0.3637858593397275,0.5655940016601448,-2.4331180000786814,-1.4573028742154301,2.945687227146492,-7.341415360131249,7.481401553580223,7.168413095698918,-0.7655793453131436,-1.2437182029406886,1.9322900525952789,-6.570720840112008,-0.3176993496760243,9.094652195952364,0.6727594756541813,1.0008871914328106,0.8903219145053662,0.5700000000000001
0.6362650610920119,0.814598290373502,0.5347787316652423,0.4662551337248793,-1.6366175268383019,-1.1648078392694798,3.3087701663529234,-6.4111333404163675,6.847172930252755,4.027477493959587,-1.3752924778284776,-1.5717207262166515,1.919458143042409,-8.107251259834555,0.023133018249462567,10.075151075852984,0.7045734840921304,0.7771409572691178,1.0918498585778447,0.5800000000000001
0.5696547127451643,0.39125111301710214,0.4177841192496889,0.7427296265807813,-1.9661703212297321,-0.9976816658061232,6.871999858141687,-10.939272440272795,6.5576712313894925,4.104629386042117,-1.5109839036158101,-1.6115692499731267,3.180546145480675,-6.088325063279959,-0.8747874939274354,10.416956307463723,0.4988130589785307,0.7369894473387333,1.0953562859398516,0.5900000000000001
0.6025778590501473,0.7846225460592161,0.571152534074187,0.7022664677915911,-1.0908105295301689,-2.005773606557467,5.993747333663146,-1.6958900118876454,6.814708691435285,3.5164007791193064,-1.344814012123602,-1.046785536456218,0.4556305869187709,-8.226115016473948,-0.7876816577755497,10.741701838694636,0.6066881950501539,1.0269392296747184,1.161658663707637,0.56
0.31898789910570674,0.9095482865212499,0.6142615607686864,0.71027024642493,-1.3429799213885034,-2.3124789554536096,2.4173463060771594,-6.994384100089137,7.508525327044136,4.042123590827729,-1.675209602832688,-0.7402511874068372,3.645010210125241,-5.8233973121192815,-0.13579571731719503,12.24989839254485,0.8532182179061001,0.9793163270790542,0.7912143936783743,0.5800000000000001
0.5481964747177248,0.8600558001829273,0.6177134147321952,0.5786960474812136,-1.9471613328101856,-0.7708466857897953,3.373624130488867,-11.472249240385757,7.898195913960775,3.013646707634381,-1.7732442499777312,-1.3434440699538406,0.21678910734027357,-5.573026871691076,-1.1224247817888207,10.875344751376085,0.9756055810760417,1.13291846302078,0.8560260259043554,0.5800000000000001
0.7602359615589476,0.752941083704948,0.518435701804224,0.30436537612527503,-1.2814721252852594,-1.4928145719016612,7.069077891468983,-6.009851712874368,7.820577553922148,5.613312033895497,-1.2290036274550398,-1.3910166640222437,-1.739741880845358,-6.680215830806095,0.0700112836999438,9.612964596656054,1.0433093969190508,0.8130449131953613,0.29162415942413455,0.58
0.595097510148014,0.2620787275870607,0.6861602772006757,0.33444914787993735,-2.063929591092668,-1.0688813244958264,4.046614066875659,-0.9463020601602732,6.20079919853543,5.835089336664061,-1.7132490036793564,-1.1343752157749656,8.499620993142363,-5.606121880845757,0.13081658776075067,11.437638231428753,0.8702746340322576,0.8681541169567392,0.22920053423992087,0.37
0.6928063113582412,0.5837087160024038,0.2582675740195833,0.3841413238614332,-2.2444944899311836,-1.94630739136062,2.5538921956945275,-1.0751506204253118,7.132554339566406,2.433814562039407,-1.08928394650579,-0.786480776912422,7.51177146629113,-6.095036584597395,0.4042400584997687,12.39488663535626,0.8835364503744775,0.6625812255635715,0.5704193619046205,0.5199999999999999
0.4697044079351609,0.9242820020268318,0.47553994090464896,0.752447160511418,-1.0963955440694646,-0.8445258397297885,3.5752502511669406,-0.8728797798677144,6.490023714967289,7.240400996043037,-1.821371439933311,-1.545800402595277,2.2276846264960923,-8.325640490536422,0.6623355815387848,11.764167573326118,0.5381776659405233,1.1084082526826873,0.35057392284544614,0.51
0.6986144558553649,0.7328557898840659,0.39443710470888804,0.7803479663630403,-1.670314682013787,-1.514616379064221,6.130945221503288,-3.0166511871730894,7.707387658044551,3.6973891980815607,-1.6251912466784189,-1.0341793671968111,-2.027175161170345,-3.4790419483882102,-0.7993433616874976,12.065062482033454,0.7835516419248475,1.1247899739151637,0.5166118805601705,0.4900000000000001
0.5309691947917627,0.8016925122710231,0.6349380217737104,0.5964046259536545,-2.43442231233223,-2.3493122953911927,6.603912259493587,-5.509682903544145,7.546872037581779,7.115067279096558,-1.5249874683153135,-0.8402865833824598,-2.9885628687640637,-3.417902450225438,-0.37210833284229194,13.989199174871889,0.8643926234258595,0.8437150195017046,0.9025757156721768,0.5900000000000001
0.6056697035794724,0.42812814630652407,0.56078773621844,0.7591966774067336,-1.60316630000632,-2.1138382713947172,10.754379875129208,-10.060583487540503,6.099873456259836,4.127026895387773,-1.5288302160052267,-0.6569383735405822,-2.6688996078615954,-6.5833966033507965,-0.28699494261928404,7.459977927562189,1.0436791612487786,0.8663531133564325,0.49565685020386174,0.5599999999999999
0.711543197613208,0.5521218428744895,0.47382192496385195,0.21224259717013788,-1.4090441031127268,-1.8503740031558948,5.271988267016748,-0.1003312965074933,7.4124963326853575,4.743124814111753,-1.4948818076253567,-0.9287074359819611,-3.2101934806786163,-8.150004498595393,-0.8717200646275356,11.701943561954872,1.0131735189516784,1.1786421710494712,0.11026010580724371,0.5800000000000001
0.6142779056700791,0.7231612067500091,0.23884853573127518,0.35281140475078016,-2.4046968658456644,-0.9443502316064538,4.49776632798953,-5.012397962888762,7.589933439857594,7.058385199908557,-1.6813698937839257,-1.2884515954719702,1.9817439976691138,-6.372343633026073,-0.18445587475307204,11.831012718582683,0.9472776694783432,0.7096889433205926,1.1320337483628438,0.53
0.6835658759410516,0.5411202803353983,0.708360977364273,0.48658557723184626,-0.37241246079801715,-0.9864814893959979,3.4650582875980556,-5.324360762699123,6.544794144444536,2.802849150512943,-1.6529590245979817,-1.3983084201616451,6.997802832007197,-4.020163590748579,0.6005734220221174,13.534567546497279,0.9533821861121731,0.8989677045692304,0.2174441649523221,0.5499999999999999
0.569268519092145,0.8553837138503417,0.21937954957900085,0.4489202335246104,-1.7975116993219482,-1.0385193050652113,2.8425210924761273,-1.343680443607409,7.944065896773481,5.481395237617957,-1.3587975546654478,-1.154224834709291,3.907777200136162,-4.704253299837857,-0.888077748079309,9.762507071686485,1.158239209842926,0.9967675716652639,0.8603618515220561,0.5200000000000001
0.4715859467572884,0.5859874004364307,0.5655470374199443,0.6437183254231261,-1.3801300226418292,-1.3490534910218386,3.408372522608286,-2.672818814287974,6.646987960864694,6.352432056241216,-1.621315005528154,-1.1089386384541298,6.684234041438186,-3.9094592070743905,0.13833065861810223,7.843938035710808,0.8270727013659045,0.9889842220269348,0.11021476392504581,0.48999999999999994
0.742163612645025,0.6018388790764152,0.5962069081791691,0.7477626544166704,-0.7424068157336139,-1.5588587156180576,2.1162271316535586,-11.63425619005588,7.369230776720774,6.560121509732652,-1.3774530885005,-1.302871339583774,8.441874057589144,-4.882713627065804,-0.951232224467431,10.871379322942563,0.5920977876984327,0.9668659953177002,0.6180738533628182,0.59
0.6344213311552408,0.2149018381541056,0.49176974446184407,0.2783333435817713,-0.2926881829121524,-0.7728052389345403,5.873464316483619,-9.214086347067145,7.6870275786002304,5.322480944976567,-1.7015911286271217,-1.4007290084848218,5.980039213208736,-3.419875894564825,-0.2201717213164025,7.39206463077374,0.9438226950718697,0.496344481967415,0.1284740745269683,0.5800000000000001
0.22869487014749423,0.6667316593344728,0.7526018288226292,0.4707824005959267,-1.410881531528877,-2.0885012812305064,5.6850287905361,-9.78442661978997,6.222672927222182,3.8999404099618245,-1.3174161800375952,-1.7051960018109453,-2.01939074061889,-1.2354007879969673,0.06993255073441218,7.786759962316101,0.8063820442622758,0.5622458635253287,0.2867250443826803,0.5900000000000001
0.7089829793352985,0.45716590161573556,0.653256483079444,0.6384999060817615,-1.3407660701539816,-0.5897397301201954,4.010861700351478,-1.3030575735388108,6.086017970384348,2.256318730107048,-1.5155461457372246,-1.6620873613481104,7.0361011148905686,-6.619506111752814,0.0893937656046575,11.227298755625199,0.5849724774589218,0.6268989835192424,1.1798324483880833,0.58
0.6033872085734502,0.30523574759199307,0.23999556159755214,0.4678736338377468,-0.6090515566060768,-1.4868735987459523,3.4960765643672183,-0.41789316064377413,6.90342555395336,2.667422585760763,-1.9619815878454174,-1.3044405752299322,9.10514576401685,-6.619919159323883,-0.8486230499492916,13.341317562824763,0.43157063204141677,0.8445665788703582,0.8316296110438985,0.5899999999999999
0.6732287516378963,0.7069401066354829,0.423570182852737,0.6934401124346068,-2.1351781801427867,-1.6544879967794144,5.551300119055833,-4.741232616423991,7.160570188408862,5.263205561111466,-0.8833662175300535,-1.886830485077457,-2.706068761474317,-6.714033067686656,-1.0936881901571307,9.546795775725116,0.9122132968248367,1.0043726489356437,0.39742976979571154,0.5700000000000001
0.21462593265637395,0.7063018500778009,0.29023203070752074,0.3717709067535905,-2.3806926923609524,-1.4958202951623718,6.20570885181972,-0.3533390220901802,6.402127911367468,4.290676453968965,-0.825931950604829,-1.55036227428267,-1.9433274042538233,-5.8969695317471515,0.20172773303644298,10.9674613670189,1.03668806476157,0.6512864189551774,1.0565340488053092,0.5900000000000001
0.5169198631753901,0.881275580403831,0.518486150973196,0.35797552315529113,-0.8034950466384359,-0.9540215057317304,3.12059225019308,-4.164810770724028,6.780218142095424,4.83677295400207,-1.5401666346656844,-1.5120755442652762,2.6657677462961753,-3.55102494842129,-0.679968259481357,6.733252310678081,0.9402522960357385,1.1466283708099076,0.8861348440131923,0.5700000000000001
0.5903582809419734,0.9342904748278972,0.274610533358504,0.6786788226950836,-2.149770357338254,-1.3641611761878971,3.128430691583172,-4.269281838517408,6.4651864746825325,4.108143440750805,-1.592578608058671,-1.0485132148940643,2.0482889096775,-6.622845389890956,-0.02351468381784455,7.823918275993336,0.866589612101013,0.9861486499124746,0.490446070569737,0.5099999999999999
0.5578204783970621,0.8861053397415117,0.5929215440514887,0.4373734219891015,-1.2610554253056214,-0.9977943897099207,2.933969200835379,-4.9809780582917105,7.592767611539106,4.841157976283083,-1.3470085628470074,-1.3370865897973867,3.931213205722919,-3.7967825834747972,-0.6477596523669769,6.051267999967993,1.09813324865028,0.9828477604717758,0.8987758596928505,0.5499999999999998
0.7252825889823792,0.7837336859363071,0.7533995214874124,0.7635650017906351,-1.5549945716143383,-1.0325786359831834,4.056039990229552,-1.1324790394226787,6.000255068269565,6.943570786022645,-1.8715452708416935,-1.350862648159287,0.7068556344276471,-6.069851149102741,0.46681858102231094,12.28888567097789,0.6503714922761212,1.1245044614943673,0.2808411903903105,0.5599999999999999
0.7394681823924071,0.5408905322557982,0.4057747818728813,0.36438870269088053,-1.972223815116381,-2.7721323025847,6.269733226448754,-5.175305745632204,7.083050343253121,6.596798542390225,-1.922253849866987,-0.6669640206667548,2.1334298938338043,-8.175854842898158,-0.09582226476843314,11.654656657307653,0.577038722190419,0.47737103318275936,0.5633206080209388,0.55
0.6424255507519784,0.8796028850320428,0.5228452022939771,0.5417358595505156,-1.720142231190971,-2.4530079970735104,3.289245526140759,-6.931311589809814,6.620400569021327,3.3414410666601113,-0.9427854053159067,-1.6470710600962875,0.03031417825527738,-7.9413178740035875,0.3182957878527305,11.021855008485264,0.808456069966397,1.0904442410699149,0.23286008954066859,0.5900000000000001
0.6018147826373499,0.9587233515739113,0.74238702979384,0.6101242480535793,-2.393795894322633,-1.8933560576018997,3.6270863228372052,-3.0438032640683073,6.680312258483437,4.051091694805569,-1.776252209509248,-0.7504510604642074,1.1129447603531646,-5.540708997370011,0.6133157541832299,7.334273972913607,0.769685527872369,1.197525763627902,0.8166239691219337,0.5700000000000001
0.7764427768379187,0.48223228708436405,0.3573916892434265,0.452384714654393,-2.3080906837033996,-1.4136878907823123,5.781374434206654,-8.118857320273543,7.062760715865032,7.655241869302891,-1.0938340052587403,-1.0615597704283495,4.489878082733288,-7.9762262056201125,-0.3581462697453265,10.545862390454307,0.5947407918515992,1.013931566914901,0.9154260753951285,0.5299999999999999
0.5982739694237955,0.6836040160922832,0.655018703317777,0.7074857361953153,-2.3012539213243404,-1.5579785989348132,3.5853593928454477,-7.891292284692805,6.388212183361781,2.3130040148777944,-1.707546286803942,-1.0776501845995174,-0.1044315676999934,-6.026248210426351,0.2959665952063893,13.563015743458884,0.5873145680607643,1.1038185767750912,0.5035074633077485,0.58
0.6689454763620428,0.7422592809774649,0.6061409063263021,0.20302356743866018,-1.1668142270439805,-1.9584967662072852,6.069923462832517,-6.207507512498752,6.944956232554202,3.874355890344458,-1.4552846848836858,-1.7073189386917629,-0.2034746947404653,-8.373215324106686,-0.5787528181120583,11.54596812919986,0.5271342770710603,0.6838265040712884,0.07934478580864662,0.56
0.6753423307522594,0.8424619682038529,0.6349096979194392,0.5666008583982369,-1.4789757670154442,-1.56002859494975,3.755844157264364,-4.308780063051678,7.324639837455674,2.033243014208867,-1.3864344017779633,-1.1751141289298406,1.8869278764369435,-4.449428934324523,-0.3053891188513327,12.467667034791177,0.6744413899312737,0.9368596631766283,1.1879307896981468,0.54
0.7546434245273516,0.3863521073534522,0.6454871302532488,0.3840965125216723,-1.5141959148216297,-1.4997533777990792,4.438832927768667,-6.799198346037555,6.145312520030789,6.7368783906349545,-1.6335764314717305,-0.8742573465838839,5.818662428490415,-6.710309589470337,0.44149900976165474,8.103817218180364,1.0784763760353857,0.7627794270050179,0.7531999859076032,0.55
0.460099630995579,0.8524289447450659,0.573525821064039,0.39827813579072235,-1.821960336148386,-1.1529161736323041,5.166292034617831,-0.46776562265525645,6.710539266444318,5.621546263285892,-1.7590704878377594,-1.3927376169305776,0.8068608337170162,-6.95805958877073,0.42165770855057294,10.647528906173063,0.4547239292635994,1.0682868690587957,1.0326045558470647,0.5800000000000001
0.7781997483871671,0.5484649372528263,0.6942227481411903,0.5809040330595117,-2.1661017938637674,-0.1188542651243365,3.3064056695430875,-4.372302561114278,7.067892847720248,2.3657804198001493,-1.0038268852658225,-1.7965809167724176,7.0467187451742666,-8.962594459388164,-0.779150414848593,7.404594432013185,0.9671380095996158,0.558442839336263,0.5771405391822095,0.5699999999999998
0.7171901613249074,0.6564814865960172,0.2801748521285815,0.548573270055941,-2.4309257190157676,-1.434385419461607,7.98158101199729,-6.2066142770140225,6.59176336820633,3.615585527511562,-1.5456407587164251,-0.9022369657261244,-1.367801730417738,-6.153981548721905,0.3608969692786038,12.338217575921687,1.1961533837590084,0.8631449851801489,0.3420185806648791,0.44000000000000006
0.49902762129358436,0.7312921474987841,0.6798977097285579,0.2461371304519694,-2.1705732263876034,-1.4044214376047037,5.60960577366885,-3.851778879372338,6.053725255815108,2.8213173661130986,-1.8282534396455907,-1.1116002510059855,-0.4391269075499873,-3.8613598843345085,0.21482097597035688,7.936442144091797,0.776742491625144,0.8597723667983377,0.8095749797419578,0.5300000000000001
0.7257737908462235,0.2198676572696558,0.7295051027857611,0.538788766960352,-2.1203053324122303,-2.403390709105441,3.390241949614628,-7.612465331876523,6.87624311268119,5.360482969989044,-1.3136784321741217,-0.6906963166406507,-3.157062082635119,-7.87979145513634,-0.2966561305533342,11.996202898880169,0.9995338956801216,1.1665835491923817,0.3358233900347015,0.5800000000000001
0.6958620879716217,0.7125668768331157,0.48652714176960443,0.39130521306804833,-2.03079500101978,-1.5312541522032874,5.4242386341717586,-4.379109543591632,6.806645974806818,6.131737117440896,-1.7686066805924376,-1.4975761622830295,-1.4658910296533414,-5.271795186238793,-0.37283930140870586,10.140037825491726,0.48062247244315814,1.0703078668552644,0.2987352987267584,0.5900000000000001
0.5912269915807571,0.7157542861096985,0.24965194453779077,0.527526305062827,-1.922901761029153,-2.041583675299842,2.770309436194355,-1.9250215564192794,7.377382547070711,6.069792793461497,-1.783715995678682,-0.8073796931089061,-0.9016039877021818,-3.8593575336291894,0.7563344304163202,8.757192435972495,1.0344454853638594,0.979217943295913,0.5117706179992995,0.5900000000000001
0.4041736155357287,0.6073735695176167,0.5871574158159352,0.20525705142200504,-1.4287420615830797,-0.9980672182429215,4.395942812420821,-7.194366924370772,7.589288455944762,3.030183288357645,-1.5697245438437977,-2.1478956289637914,0.04129224591349967,-7.224195050487916,0.5887472504550864,13.148504686413064,0.9638141296127776,0.438051118159586,0.7006819755476511,0.5900000000000001
0.5735648926077115,0.5896167274212126,0.22275914296315835,0.48571911331037204,-1.1780392648435245,-0.6446550872592982,5.508816819169622,-3.8751453477628375,7.181176642156963,4.812852486506883,-1.6847206704101971,-1.3949249584732648,3.001692563539131,-8.555605101779085,-0.2591064244127418,9.580300289331753,1.1019542260795472,0.635890830110238,0.8269036734263996,0.5499999999999999
0.7736758846568665,0.6884826698644022,0.39464256805949915,0.253488637235349,-1.4708655144870622,-1.8417318268299416,2.6122174640702798,-11.741539925191937,6.708968408663933,3.661614475439224,-1.8317163453704353,-0.9493606684820276,6.907530563900225,-7.4961672525463285,-0.7927992614049886,9.963129639549795,0.47686238502657874,0.8323552510883624,0.45980740863084785,0.5299999999999999
0.7431396245524744,0.8312793521221015,0.7197707909535532,0.4156084594958195,-1.1888883948451092,-1.6384122002008927,5.2564480601272265,-9.56691619308978,6.997624503321994,2.2703773660964752,-1.193618407705247,-1.392955335796397,-0.4783486098134826,-4.536777442158016,-0.09788757780925866,7.941434672193224,0.6562060606421392,1.1109637928128888,0.612869427266916,0.5800000000000001
0.5402242446085677,0.8251569387357827,0.4728575352507759,0.36860674543375516,-1.0624770050046455,-0.5152819508649373,4.1664095787294775,-0.04456503652054655,7.444205588571214,6.6371855500380725,-1.8301897132013816,-1.4488405568526308,2.2969805781786397,-7.0903595975201,-0.07588805904750576,8.29520838591451,1.1899314316706389,0.8035049022532996,0.4364053354725612,0.4899999999999999
0.6005517899081578,0.687235451056124,0.22109209466657115,0.5822704799422408,-2.2736385447139087,-2.389389500484729,3.047982020258002,-2.6985443670575,7.363532048997459,7.667109432152188,-1.6489082910562889,-0.8909345684136527,3.673123987534018,-7.176872545790848,0.6978039260903024,13.481679083151578,0.5801816582328956,0.5353983461190357,0.7985647862950356,0.5900000000000001
0.6307825095747713,0.7367062681005501,0.5716197146125332,0.29916617874374607,-0.4672245768586212,-1.067860685363355,4.470252646257209,-3.951561971709986,7.51309964030164,2.7075914622104986,-1.6088715112822822,-1.4277725290773131,-0.26300527847577415,-2.982255826142724,-0.43877632866083727,10.634079586134947,0.8991243022688513,0.9788309352340957,0.7559597071697349,0.54
0.5409272695905523,0.4711274622436042,0.7662420300145958,0.5944237841588157,-0.9578891839059107,-1.698927780827653,5.271655229087233,-3.238787830685874,7.055332597381058,5.142601828676647,-1.972314377991928,-0.8650856566862815,5.140353915152504,-3.3125078549480773,-0.225966432099118,13.321272796781795,0.9134182229038742,0.8873618118976057,0.773211343238849,0.45999999999999996
0.6652204399372325,0.32212614953483903,0.6095775042884531,0.4383659885356381,-2.448628111223954,-2.0514632134037614,5.189600471831531,-8.502972456881587,7.785262608261821,7.253370034679496,-1.8696271587134006,-0.6282081312500545,8.684051691052012,-6.322966405949012,-0.6110540814874683,8.253497587465295,1.09902680102093,0.26198067124902064,0.9257617611796009,0.47
0.533460397151075,0.8815467614599224,0.3726496094972715,0.32181339216495375,-1.9775845475132052,-1.4759788480671778,3.7969634111470403,-5.995276563113783,7.685808522378699,3.580158600500436,-1.5392287312182658,-1.1336250175402345,0.12333414050892988,-4.64816039817324,0.6581745943395563,6.699242484729401,1.025983976013369,1.1359147039166637,0.18122606620623635,0.48000000000000004
0.659792841501593,0.46495191602493985,0.227300916172147,0.48100250118667587,-1.9153330541752709,-0.44506234534529804,4.89779345818686,-10.595556664450001,7.528904478619993,3.9636552256951325,-1.7436186889527172,-1.6615245201477786,5.418839348235174,-7.091600543634182,-0.8984488289890209,13.372300468234364,0.3560257617790169,1.0967566829104234,0.8478388012205647,0.52
0.7221559697555036,0.5178245537125926,0.7932383116242895,0.53370162535892,-1.117336255797499,-2.355767979147572,3.0617863223718826,-11.904691986308825,6.753911843145047,5.356468098637611,-1.3749262872032766,-0.8293132840616697,7.195113779578573,-4.336641777971152,-0.7619816739144663,13.699345802499609,0.8491187825258313,0.5007281288226739,0.8353328512217488,0.57
0.7863923646719625,0.7111710327645135,0.7869681587128554,0.6547408036426868,-2.3742430666824683,-1.8187342232727326,8.905898563587298,-7.3213569333994775,6.851872581437023,2.4181690594397622,-0.9582212386115697,-0.890187016452119,-3.1026781851992222,-7.591874579394813,-0.11277955467427023,13.922007071892663,1.0704996801030138,1.0474288200468445,0.4385608953650618,0.4700000000000001
0.7794662080148975,0.5636886618275064,0.25939541416371115,0.6321781112780895,-1.9288423239748056,-2.771133836271814,4.486712764714621,-3.312432095229799,6.393524764577458,3.9802927305723887,-0.9885640685802782,-1.6685362183650851,1.3250734867350475,-8.015999737756118,0.29797319605643746,10.657261319631093,0.7330534358174056,0.30172098047966933,0.945202764939219,0.56
0.696564630275587,0.8479404525592616,0.46530714094645553,0.311300802750442,-2.4332788525894333,-2.212099042858976,3.3068730390908483,-3.3921096713835137,6.5798879080277475,3.082255696693241,-1.0056347098374232,-1.070689270436458,1.9149209853307867,-8.549819163530943,-0.4417788718425375,13.214368065859329,0.6082924423945049,0.9545908641182013,0.8116934674368204,0.54
0.7949444484158761,0.4740805875058093,0.3461807009197496,0.7602408866235156,-1.890977594444319,-1.6566120826368222,2.4698198542622185,-11.454624600340319,6.339697904036698,5.533673966197432,-1.9487265924185562,-0.8210828145330393,-1.4663471874361345,-7.82180520808749,0.6163774871854986,9.410866777501422,1.0790769125571262,0.9677165700517059,0.8078442720079531,0.56
0.6893136321181024,0.6873606497432041,0.7449714211913299,0.7637055044429095,-0.27625680774735484,-1.6642950312884774,5.8592832935414485,-11.573016663923394,7.845728766825293,2.615948340940216,-1.5789867812470701,-1.7693493778016403,-2.036301014366311,-3.363502102346983,0.6019520049311197,10.616778071913135,1.1469444384004222,1.039790821255188,0.9197553668106884,0.5700000000000002
0.6639108963658552,0.6332037675143725,0.5633836565431961,0.44304668484422205,-1.726140239202519,-0.9586397418548218,5.14887062907504,-9.946335422405967,7.506062552037777,4.499367217222771,-1.732317713588583,-1.5077181480394877,-2.1329905469947734,-2.059510683176674,-0.9098197202108519,12.311395232102134,1.130794498412545,0.7631976216329903,0.6350033913031233,0.5700000000000001
0.6219736624541701,0.47026373267733484,0.6328934397372695,0.6688469437384856,-1.8806262738493877,-1.983107968238544,2.799322013095008,-6.9031390534125645,6.608833436894742,4.386329009123584,-1.3619398340099322,-0.7476250996796061,-1.445938502512939,-1.918352092923461,-0.6206634046453944,9.087985317903124,1.1173579454498153,1.1376042133446076,0.6068199327779512,0.56
0.4966422518721596,0.34477323937586934,0.7106085192029857,0.6046454585663438,-2.440270654896363,-2.424500752872517,6.328152831105464,-5.846059862997461,6.7708994918989776,7.156826994758418,-1.6026729944692535,-0.5508933687249983,4.288131854828619,-6.376410162498199,0.5771081798922997,10.786701284806286,1.0211178665816125,0.5590857544942162,0.8247479524300974,0.56
0.641950963825525,0.7286146916631944,0.4876315957596518,0.5841714459372918,-2.070360967933343,-0.7394936881400151,3.7533198157586027,-3.2278884838485147,6.680423144246353,6.288570330639477,-1.337426063038343,-1.625370675183913,0.8749341327383182,-7.976968255282545,-0.45166184617946126,11.618687920576274,0.9590562593075809,0.6164047114341343,1.1950011634070399,0.5900000000000001
0.32159223165692535,0.7849695216880742,0.3530724067219484,0.42725873425505256,-1.557507637176011,-1.5404534425849166,7.088371244850195,-1.2338471912156823,7.179247557408804,3.125155089718136,-1.8027208252131461,-1.0188400535790048,-1.4711450254695015,-5.942668454863627,-0.10590054200358712,10.563719512002999,1.1089792438181805,0.9254798913626767,0.7244934351196792,0.5299999999999999
0.47940889268556663,0.8077556396285033,0.3676064625330067,0.4788034160399523,-2.3066338211729924,-0.697237073133026,4.291360679086855,-5.596016454055086,6.462606336323137,6.131022055029117,-1.0334786002258767,-1.6376468332318683,0.48826366615007066,-7.579623058660676,-0.27258598322006694,12.264580600448962,0.7064929664263941,1.1609192189926534,0.9771558494240962,0.56
0.7281726948145295,0.8925926928348298,0.48779874206928037,0.6627004725278245,-0.8929341102946804,-1.3073213384025217,2.407001335227033,-2.678124009136031,6.024359885671385,5.111252824439987,-1.4432357544273005,-1.195639513026661,2.937793530866995,-6.38202303568469,-0.26684591929855267,11.600314973972486,0.8954215051445236,1.0914051555137156,0.7456074694406549,0.47000000000000003
0.5160674316831488,0.8352228219669328,0.6899570711815337,0.3690007745852456,-0.9190644040408558,-1.1504669784025419,3.1440148621328285,0.2888818722752786,6.6528187315150795,3.7544156796851595,-1.7353118165151327,-1.2043756990435242,3.245113294677794,-8.715263207252658,0.011612014033928753,13.967665583341216,1.1765706823099196,0.9479887676148755,0.3658345702190001,0.52
0.7074002270492024,0.4591716063930208,0.6975676121806337,0.4835008938961336,-1.4669683967116645,-1.3588693940759173,2.8594639702563236,-5.332546715085673,6.744435798195585,7.081661127324268,-1.7374443115041065,-0.9652688928378267,8.480283718822122,-4.9421821971082105,0.781309181304781,7.995355734022329,0.7477143949393394,0.4451921864800798,0.6114950884812589,0.56
0.7803696029642555,0.8943140155292285,0.425264524082638,0.300246627159356,-1.8626539257721149,-2.1715507591851053,2.363199326132803,-8.513477296995896,6.837994046562939,5.147467329240784,-1.166572143504647,-0.5123816606459464,4.126927364846867,-7.319797590249623,-0.9050572479644943,8.734764582957663,1.1312411434610947,1.159080495655507,0.6934670367368081,0.5600000000000002
0.7261018504433318,0.8454174782409302,0.6838439551814584,0.7992464087379529,-1.3967309783212016,-2.6542320999579627,5.236731723416226,-0.3793926263166767,6.851562392613,7.823025147602338,-1.3043608157352145,-0.663047915865526,-0.11676887417321902,-6.485140786372077,-0.4427281960319126,12.139190435398955,1.0200026109705396,1.0395487025642782,0.3896361335328221,0.5700000000000001
0.7069289032575169,0.786810057009224,0.5906269715166758,0.7313829248696316,-2.1854632661378615,-2.6048140910230737,4.812947553785038,-4.699799597955477,7.044554314620984,7.021539048693602,-1.6158399137741766,-0.5465806773298765,0.3513857517743588,-5.450867238294251,-0.2602709296906902,6.507395881112634,0.8239542993000324,0.8644539592896608,0.6390141254539415,0.5700000000000001
0.65019887092031,0.9047294790065328,0.6546841784341945,0.551869882234476,-0.9054711523348914,-1.9040649678785553,3.7783024293145555,-4.09762014511133,7.374586319505652,6.004964043267206,-1.6298954481748344,-0.8322309827758758,-0.439351374831646,-4.871297442326894,0.5705041862134721,10.011186405970797,0.7262527544969747,1.1109379793022351,0.4704709735011354,0.5700000000000001
0.7783668933670317,0.5861327341808017,0.6405816750327078,0.4122925285500137,-1.8659180415637553,-1.300985042055447,9.484722410850337,-2.962317670828128,6.66724265910692,4.433128643516606,-1.974957045153762,-1.127416238044907,-2.9212328442017035,-2.5673208097873372,0.04586507335477219,13.89498491601628,0.5104373632175727,0.8306163542925122,0.8074270877466507,0.59
0.7954648784527426,0.524708338305451,0.5617254418159587,0.3884846346726868,-0.8453644976974318,-1.9937623963315914,10.739795494783847,-3.087325283614089,6.0930577754483,7.517705383164129,-1.9463028929691149,-0.6914043853744157,-3.4576978063571224,-6.718515944399838,-0.7473536144940743,6.980118731357704,1.0255154186758164,0.5284146735490796,0.7240073795303195,0.5799999999999998
0.7572975647446638,0.44538293526536277,0.7313857698054229,0.4838370917487379,-0.45375078852033335,-1.6611759972352198,6.969233735071322,-7.723304904665696,6.072079573775174,2.692797369082693,-1.8975720342610294,-0.8297964295054165,-3.244855122687841,-1.4840074178669367,0.18381251743726773,12.427530541537344,0.9811908724072729,1.132839396610061,1.0921050655423774,0.5900000000000001
0.374614928523533,0.5594212977564319,0.6326790355837213,0.28825324475648106,-1.873049973415965,-2.4571914402379997,4.798134893639266,-0.9342017019485033,6.522992867820813,4.766561286299855,-1.6423268493756302,-0.8418553917628009,1.2167389196900857,-7.822568306793424,0.39483786737620197,11.626302120348972,0.9801728470017314,0.2860985901483297,0.9964084511039257,0.5900000000000001
0.6063069588635076,0.5645630730391041,0.36637812806089176,0.33366890501039814,-2.4868642722778116,-0.4399477738777559,2.938096709738315,-0.7370220845038471,6.761970676264525,7.1206246033579745,-1.3321241619645636,-1.5077959922144464,7.847322982877963,-8.736118770507563,-0.6188680899393608,7.643878745865042,0.666169410614113,0.9284620103360475,0.5393229514344355,0.47
0.5572871967355978,0.5962531790402633,0.6486831837299095,0.6852511734257942,-2.1828108939492767,-2.093431381461245,5.14913334968308,-5.094570003992827,6.8659177251516255,4.815025693281446,-1.9296023224118484,-0.7983525808126933,4.388610079766266,-5.037997006671942,-0.46692938307484727,11.757923981634416,0.47656027968457637,0.6172933937849321,1.1954357258793138,0.55
0.537065788393512,0.7033715318303821,0.6161369458480744,0.35521986430879304,-1.3001235648124083,-1.3632991157739105,6.880064745154963,-6.963960583685826,6.048084221699544,6.91662336390249,-1.425770930750748,-1.127349754590842,-2.867652642889527,-3.246976389628019,-0.011276138008147418,13.497458391266239,0.8561015749612413,1.1711138444553568,0.7057696624780032,0.55
0.7694399349672918,0.5917869955317827,0.5373097809687676,0.7329266345084756,-2.0798840598503148,-1.1767696464568633,4.651392427816414,-8.170664626589069,7.884663622560612,7.923417362244293,-1.6551835937402024,-1.4121001144004313,-1.5984341233930663,-1.798983584064938,0.2141970899193114,8.06162527084334,0.7582310732834286,0.9302466500217033,0.8384459174110913,0.56
0.5577571362895153,0.9304031286487443,0.7597421635244164,0.4535132553638543,-0.8635003884388127,-2.0689879945104415,2.246151201667768,-10.625381281079761,7.794017099232793,3.9226056891798295,-1.4510595110174132,-1.4551323946307988,4.020845400091463,-4.816487597020862,0.10891403492155982,10.608582658655235,0.6419407685029284,1.1605639862979806,0.47203232510960647,0.5800000000000001
0.6597299814399196,0.8622171148398362,0.563389029464218,0.552055870339701,-2.347596395079866,-2.3560331915052317,3.6640735681009517,-3.942451273225294,7.3346459708615335,5.612391293975808,-1.5314015413623765,-1.350316185325231,-0.4991165060194398,-4.285719261723203,-0.43701996488631234,10.609538668407723,0.4236085156969031,0.8397726057006771,0.8967835465132152,0.5600000000000002
0.7093972842056111,0.4408606156622853,0.22786837310968713,0.5773560787067111,-1.1074822739392047,-0.6809746826488734,5.579882018503839,-1.6530076970267769,6.290541826835609,2.3134384744380645,-1.7397447671138095,-1.3136977088955883,4.874850037129764,-6.438744647938204,-0.45665867420510187,10.38518434582221,0.5649900254790571,1.0361548745772844,1.0099035299213361,0.53
0.6629174937173623,0.8357768225673743,0.4397538213269587,0.6908652078731988,-2.021845534620046,-1.1372370350695113,3.336907416536225,-9.945328551066979,7.647856874803432,3.1418619789369524,-1.7051154132239046,-1.7206619870462416,4.173056421602338,-4.964627288202319,0.18299432344922129,12.67742608342969,0.2814635048974773,1.063650049106833,0.38186327104933504,0.58
0.7995532800851297,0.4849949538226234,0.5281025915932901,0.6414403165269791,-2.3901323720248495,-0.8246364010621706,6.803887953822491,-8.874993674264072,7.286458708111769,7.199981129429301,-1.9344503699582776,-1.3417848829495624,1.6489090069698995,-6.352551814275136,-0.4565944812445306,6.784535428396709,0.7020748746149454,0.6443905664704037,0.5923993213290307,0.58
0.6307257808824995,0.5097172703502613,0.6461196257089112,0.3698901489785434,-1.7296306188803845,-1.8604432669711415,6.33022637363603,-7.641671493243076,7.446822722374744,7.372426206730605,-1.974576900232295,-0.8062644094765042,3.4898194503815247,-5.885987311561122,-1.04959607504565,10.425341794722813,0.5430715309934617,0.8705750105944328,0.8127928325268711,0.51
0.5276538783667544,0.6836522638086969,0.5603977879532879,0.30788708739715226,-1.067170144228549,-1.220621647856582,7.108343703966423,-11.279989182306705,7.194494545160395,2.8283155666143465,-1.8066165239922882,-1.3031846624115335,0.4443154151765847,-8.983291803851943,-1.1602164471932144,6.725080115032769,0.655298662076683,0.8793089161895121,0.6430989265343083,0.57
0.6615414509786408,0.5852786355630715,0.4995482660208218,0.3415807433822897,-0.38974977212238604,-1.8631787645874534,4.685778202115015,-2.5142998511465833,7.1670528276748735,4.84703475100127,-1.663681168602939,-1.6018189913973195,2.1122003775968197,-5.846047055639416,-0.06687783246762058,13.963656666132078,0.9113968959292789,0.4075577690641023,0.8268064529534473,0.5800000000000001
0.6285643781948498,0.8084968427163808,0.2734076295460065,0.2023748183972498,-1.4525816157049964,-1.3675476623243517,2.837527904846849,-2.8603305188685972,7.233968044571395,2.575131053264753,-1.6608066410152496,-1.3066782410368818,0.7834128950125313,-6.089162780113858,-0.028135271732549927,6.741911431045884,0.7372825282741321,1.0596250137231131,0.05199384147236863,0.55
0.7953169570752394,0.7996475658922725,0.7009003654649514,0.790470202344103,-0.5169834159756913,-1.4869743216589746,4.396809298971374,-11.490319201968866,6.477135255759561,7.677949476610191,-1.6604346641283956,-1.1404751308527068,0.7489756129917312,-8.983329315781795,0.753790429174626,13.62903595691421,1.009913313440403,1.0865582375374223,0.6966128550372664,0.54
0.4992112512164788,0.41550037811375884,0.4981373269541679,0.6372079554743725,-0.7324970457037292,-2.709218529786548,4.440477308055617,-2.0559812203130954,7.119629887413087,4.125815527075126,-1.319952596440207,-1.819160083558585,6.802906551882616,-8.780896194722898,0.3500344314313461,9.588075837747441,0.8671153421465785,0.6326054282065785,0.179623068091461,0.5299999999999999
0.5350794144930285,0.7929428430566889,0.3901284169171541,0.42430116939113405,-1.9129685823584899,-2.3729966339607365,2.89787171331363,0.27986229600182955,6.890144878202418,5.249466165059914,-1.7079648635574776,-0.906076943674859,5.2326155739756,-8.424177635188864,0.28721847350852725,12.173618688435564,0.5171175104375663,1.174431259601362,0.33829059045965926,0.58
0.7831626312551071,0.78795486766844,0.6559831684326193,0.5118099202116939,-1.7959210710867108,-0.895457583395245,3.5899809964420717,-1.6648717847268846,6.799134331798402,6.377230094774803,-1.7073069726981434,-1.7202617581024242,3.106756242633966,-7.149342964042343,-0.5752400020860735,13.155183673504405,0.48988377127880667,0.8222930555390335,0.5173541027900613,0.55
0.49870419252601844,0.8499176572062771,0.3126827184254217,0.5525507228320593,-0.6575844292544316,-2.3759144416174385,3.1236881481848986,-10.399026185666795,7.155016822857415,5.417714474546418,-1.5690429826260768,-1.3235677016504508,0.3386136607551129,-1.6252404457499285,0.5835340413049113,11.036157299539166,0.7242160919181991,0.9838349998483753,0.5926876215070812,0.5800000000000002
0.6072705025616387,0.29790794317336017,0.7953811575479312,0.33286231208718653,-1.171113884382811,-1.9607171063833138,4.189238706690027,-1.4633530083222326,7.31748947189677,5.280528225522683,-1.7168657103349365,-0.8036285676346498,8.519235076520921,-5.58181509875015,-0.0318517485225156,12.918233296082443,0.8717279574390061,0.4885571138671918,0.18885561238227722,0.5199999999999998
0.4820285184586396,0.7590662471095212,0.22403072740481603,0.5248133511340216,-1.429412821222074,-0.7383190250763567,3.633012508887269,-9.448612550757133,7.31571369936475,3.730056991625741,-1.5399214950328597,-1.361582273678718,-0.1673312935389808,-4.836759534050623,-0.6186894175322848,13.59911860712733,1.1855087750657278,1.0549068651776485,0.6642861529567464,0.55
0.7924164171164383,0.7786728346784151,0.28973614852812024,0.438794494355518,-2.4496860626690236,-2.0678348577557157,4.364394742366847,-0.07454919538511828,7.387280517965965,4.884760026227453,-1.0010235858928604,-1.1522465547394352,0.282686222662923,-5.901198560226289,-0.4281306975922978,6.593921511168457,0.7119515201087978,0.7714533115847159,0.4917059873772484,0.5900000000000001
0.41343645397549145,0.9247624239377805,0.6288151966960295,0.5009520885878579,-1.2585765157448674,-1.4704429071880518,3.7554453995737327,-7.753530396108928,7.817418634202831,5.895438293418216,-1.1830230474913264,-1.6226176564212422,0.6266234245941333,-6.15994416079902,-0.31565061175718034,6.606975838352713,0.9913847970818965,1.1162151873918376,0.5943597123318357,0.5900000000000001
0.6157978764256766,0.8061545335601695,0.3218115000872646,0.20638962546343279,-0.7407760650617565,-2.071521387159725,4.851372621879216,-0.6579081493069752,6.691014694222017,3.720627028882759,-1.6762814694405332,-1.0342438013710846,1.622798979227258,-6.332201835724379,-0.06628552712266395,13.289779943464657,0.7099177720886285,1.0951483440991086,0.8543655449033314,0.5499999999999999
0.5697797382345454,0.6561794226107017,0.38276256593562863,0.5060158566835712,-2.0487335592501323,-0.9133857154805363,4.387039536559031,-3.5259589557995414,6.722590208619352,3.392583848134733,-1.1984401895543348,-1.3492434713697423,4.682092020824719,-5.333451083160577,-1.082063871691455,7.85478381653589,1.0068576053899878,0.9317392766843852,0.6667965396428295,0.5799999999999998
0.5016021626414766,0.7267954022620822,0.6104225295887761,0.7112896461510881,-1.1594828231188394,-1.0614453612944355,4.07850422269893,-7.571357284316107,7.278203904349494,3.5965268091159293,-1.904501651342289,-1.3540835105560232,3.588638438803119,-5.085195892962971,-0.18306383571524898,6.616406443859448,0.5274255063416063,1.0357483021067488,0.6936043353452658,0.59
0.7395997030995487,0.8254147619325123,0.6213929351797882,0.38386550436035444,-1.9708660079264653,-1.680362091340671,4.997466181916444,-5.593323638407643,6.038379529524707,3.8196394524943753,-1.245479126780594,-0.8573378542297876,-1.1259044466729478,-4.225603825749456,-0.08940458145029706,12.711861393133383,0.8411365332310429,0.9101750949083263,0.6448867598203196,0.5700000000000001
0.6974205193221386,0.44010820737914436,0.4634754908209765,0.5124879196160276,-1.4225742131546004,-1.1451440266180863,6.979197966918061,-4.156157406445876,6.0695609109340385,7.958413372812705,-1.6791746115936812,-1.1822914729949547,2.468631773716957,-5.715734913097787,-0.10402219845696414,11.012543966070433,0.6526923192764313,0.6229349398594481,0.7665693549816086,0.59
0.635527689283264,0.3207978406696392,0.6060125634477478,0.2979787349767594,-1.4894478394365585,-1.8809346943723684,6.536736682998665,-11.123140754132336,6.626781861912487,3.927911151575766,-1.8785905081655896,-0.7159740750400273,4.957258145075142,-7.910658574651961,-0.7418784113194625,8.200562335577386,1.0572718929746168,0.5461160606276534,0.10903094088952223,0.5
0.5338611125719818,0.3250978118299286,0.5851442806216877,0.2876569429271304,-0.25057187807174686,-1.774602725928533,5.649259780543828,-10.439803316787941,6.215017151073575,7.193450421195245,-1.8785869164665852,-0.8750429966115723,4.862920377382544,-4.408101580906407,-0.9830070938692376,10.141380860082627,1.095536074297105,0.8285664639700424,0.8513703321626231,0.51
0.6726292967721433,0.6007856829938875,0.687809684672818,0.21910647667972055,-1.5769121174290477,-1.9068754329160595,3.499052957110201,-1.91589036006101,6.206406469595807,7.752340168567672,-1.2004639975697473,-1.0485646314449508,5.79928850451545,-7.167887978301861,0.0755141508280811,11.530697425299262,0.939233838685461,0.5110261454586204,0.15197773536966816,0.5799999999999998
0.7023151602227642,0.49359770033139194,0.7169672092251779,0.6074431504272547,-0.25028606011209037,-2.2653357174005535,4.656071218002842,-5.351147170286019,7.311921501079429,5.392667928723824,-1.7433931458708496,-0.8034789806436343,4.909843044448771,-1.7844906949023547,-0.1337749830524503,12.958533938537277,0.8303031182338145,1.0043270371145243,0.9299499505930122,0.5299999999999999
0.7063352913238881,0.5965972445166486,0.3670381897205342,0.6188396680542364,-1.6283760362308057,-1.390445794905197,3.543289334030339,-8.549310644704667,7.587945064240705,4.871689472979021,-1.457046782900436,-2.020818195452562,1.8367310976347158,-2.5418791930615177,0.6841750643726625,9.60851887001141,1.0460548186619831,0.30325550930531325,0.20141457171729427,0.5800000000000001
0.7630782231302768,0.40091168037493585,0.34505962312806654,0.47162420164672847,-1.8993489119948548,-1.979219195376504,3.20684257420304,-5.37595133299161,6.341952134239595,3.7146501067699367,-1.973581979858305,-0.7213431604786815,9.842706608394652,-5.799647944114878,0.4464031675256286,10.162316951799081,0.5960865175121295,0.3407244325935384,0.8384336982222778,0.5199999999999998
0.6624329672499084,0.8123324165445174,0.40108501462213386,0.38323530875060474,-1.0650852283359298,-2.3051004951374545,2.6776379780057793,-9.780723602625123,7.361575711978302,3.094066746098083,-1.762225141178757,-0.5205724073005649,3.6381382609196766,-4.918662512031978,-0.6508074899341381,12.264061788213684,1.0025973815299798,0.9197925454531721,0.6590304162571812,0.5299999999999999
0.6333117494061397,0.6948283704323376,0.7841766534589403,0.7466800870555775,-1.3976719843644207,-1.3827737563535152,3.3643545350041,-3.9233157351994645,6.2536244851308105,4.331076085192002,-1.7380111007234629,-1.010787779870014,2.068753535168338,-6.533641419631008,-1.0812713684219548,9.985702756048948,0.8965267619953291,0.9414714621594621,0.8921441006026897,0.5700000000000001
0.5291583852545684,0.5976614806643767,0.529599603942615,0.7509346402070487,-1.4092064019656925,-1.4819425303235736,6.7864115267196965,-9.95079525051736,7.5223187585903695,3.311569822881732,-1.6382433833841787,-1.643915772792717,-1.4714316103839953,-7.501712426104387,-1.1592035041419484,8.325905493886383,1.1461111943102948,0.3628799297786232,0.6940826250499624,0.5900000000000001
0.5550290261062913,0.7616805612339896,0.721353769850247,0.6884991824074886,-1.9427146431472515,-1.0233712359125993,7.163985701236739,-8.901997369673792,6.693921374614003,2.6087606160724266,-1.3728137605773214,-1.4294806785013383,-1.6569151470685277,-4.102195761795656,-0.08149555521193708,10.392425028856024,0.8459620078322305,1.007879882243682,0.36307393006732724,0.54
0.6679840723357147,0.7309690517946448,0.7417367450291072,0.7457629158762851,-0.7324745534312767,-1.4060427754953135,6.668272895656127,-4.56000935861975,7.503367107718642,6.4153370645438015,-1.9797972777799004,-1.4423279361212906,0.4081868474187902,-5.309713080361111,-0.48935795350611805,10.70478333507205,0.4489812943801464,1.045337069161616,0.9521103244548835,0.5599999999999998
0.6803115124059268,0.6549809878466433,0.22283069073956968,0.4656045151543344,-1.7594589160638547,-2.6575385528478788,3.2501719877102464,-4.373839249319247,6.051582010099195,3.0422597342127267,-1.0862108525873497,-0.9446364654262563,2.7572045964478953,-6.150757741630467,-0.88627816719945,10.901791964788027,0.8528949607954921,0.40864447851120445,0.2976634124012737,0.55
0.6820631122204066,0.8942129259924201,0.6702115944807412,0.3915066187810471,-2.2820668906886463,-1.2349098196120336,3.3461547907896905,-7.678368821127593,6.942235442274505,7.358424286269626,-1.923854011350833,-1.5839262844542707,2.9433033625418488,-5.899683451677886,-0.18457492659182556,7.79311601543259,0.4292873629415337,1.038806312885228,0.5371595211526848,0.57
0.6475691379324665,0.6966652957249624,0.7067875743878442,0.22562756498246328,-1.738197769972621,-2.0284836027855517,4.966099066083676,-5.066551527494819,6.111194496628402,6.79116979979629,-0.9547674906101679,-1.2141715874909071,1.4254685742891522,-4.702714676962196,-0.19483900177885,9.387168365728236,1.0515093322764928,0.6532632447332403,0.45497343703391124,0.56
0.5205980319853376,0.7580450769441625,0.6142501798579035,0.2592031052671329,-0.5830637356843807,-2.424489242642055,3.679371123629613,-1.8451574284797423,6.093646781805442,2.789695186122033,-1.9414281897701327,-0.6058539414653639,-0.41125120898204504,-3.585642240744025,0.11979318163749042,11.901963826318386,0.9774843681686116,1.1022718713214819,0.3077904025994218,0.5900000000000001
0.38427113751021774,0.7654405233571565,0.586700853304039,0.4600750142309401,-2.2805956845935236,-1.6842329598820152,2.7677292453777023,-1.6889208807958067,6.854011556013914,4.6739697701283776,-1.5228973466581555,-0.9099043301378089,6.836351023697588,-6.245252248954142,-0.247154733876915,8.933048739313307,1.0106196519047523,0.9960336573200814,0.658652427005267,0.5399999999999998
0.7605381949293697,0.7329810178375074,0.4953334392592488,0.7245176283062892,-0.7646933715238322,-1.0355403993772976,3.603006605587575,-4.388550946976829,7.572162413778739,6.258149901319814,-1.8927109399099409,-1.230429772175139,0.2890379823160796,-3.5120111650938606,-0.10903905709639047,12.632000695056682,0.7733157110455702,1.1361466759082766,0.16307181460341943,0.5
0.6901910149931734,0.511949232011356,0.27169376412130103,0.5709976146380568,-1.3849604114775398,-1.8370474003702335,3.196934589340376,-6.878877218241806,7.7823162703016795,7.05511496027858,-1.5185495488889988,-0.8277936060536862,7.787967822035045,-8.255322724114452,0.1872143487898154,12.384996578519688,0.9342760410858382,0.3961786362544857,0.24265030526943515,0.58
0.2705904492452854,0.6780290908892459,0.7810385655011755,0.37973305401245605,-1.6062847755116256,-1.677853327148951,4.43216955650812,-8.312912689356027,6.2953788012644925,2.6577760746235954,-1.1339597560306212,-1.783284803484926,-1.7361949943378174,-2.1740517584484675,0.4487112039223355,8.094713222356111,1.0446430488004825,0.658198505100309,1.15373939274309,0.56
0.715452567448653,0.7717446428091783,0.5245584245899169,0.7060131543286935,-1.6513038746655595,-1.3674394386614495,6.265263017699739,-11.269572513736746,6.626883718277642,6.25956560564242,-1.381980855277209,-0.9822209668594264,-0.8429898011094918,-3.8627028506923846,-0.9938201376665892,12.641171561707267,0.9280644468988646,0.9684807128451458,0.17317602450010294,0.52
0.5866526129374465,0.8471552595800679,0.20006042603261368,0.30205313655541266,-1.4357187234351785,-0.4285028064534535,3.388409012999907,-2.497139584359446,7.6076097600740225,2.1542732067935746,-1.4922191207387479,-1.6316656767852078,2.427848426451046,-7.174000500297088,-0.26792834044069236,9.953390448415584,0.8944727828447451,1.1810065287783047,0.3196156155282086,0.54
0.7460177515144983,0.523493750170163,0.3480622284962037,0.6748728924102463,-2.1485328518457507,-1.2125697975287042,9.94591979869954,-2.5225576601708806,6.8681244025284265,4.567069668667051,-1.5162879947693113,-1.0145623909324797,-2.9560260383692523,-7.712284710978044,-0.3765846548414656,9.601591338186287,0.9078802948473979,0.6337187571809215,0.8822534055212296,0.56
0.3676945055923132,0.7864979754714629,0.78097169460355,0.37223592065350847,-2.0228173868784283,-1.3175420220800238,4.338445989984475,-10.788171642675458,7.38187869672007,6.963335116062771,-1.3736182148066751,-1.2631193241625889,0.2500841673477644,-2.4325164921879696,-0.8320015796136643,10.394241095332191,0.9553313303708596,0.7982636164313925,1.1596426101462884,0.5800000000000001
0.7298685534703877,0.719663932542608,0.5368824433830335,0.7044671796078461,-0.6242793155200265,-1.5933767159575898,2.267310793753464,-2.149344130314108,6.649016670108287,2.841958826921393,-1.5965141050102112,-1.1218878533568633,0.5032494792046321,-3.79718393668476,0.7455185828557862,7.121836305790958,1.1822038904379777,0.8697843369127826,0.4407724166121437,0.56
0.5005827262492489,0.4140085231674183,0.7970945410198467,0.4665500432319358,-1.5496138250856837,-0.6438862964254726,2.514839112252668,-6.137651401706214,7.0888999172771126,5.939923920083811,-1.900410482983564,-1.3404682566622965,9.738792784881973,-3.53074511240526,0.7548361658948012,6.032146498150465,0.8081255139042948,0.9087423918697104,0.4758593755160292,0.53
0.7480683551373237,0.7438910291342253,0.7637855792403798,0.6457748090698048,-2.1737211361218325,-0.5250124155970124,2.8246530371360485,-2.8374958157474506,7.592743342013154,2.476424095904822,-1.7474807960983885,-1.3745061703544699,5.826517933395568,-8.336605030707483,-0.41433573664715745,12.840577580957612,0.5501780366630589,0.8028662028297411,1.0210471708188353,0.57
0.5923044740379454,0.8781820202541352,0.4028552380265334,0.7030646130935025,-1.0657240706186588,-2.2002964077436604,2.9235680397407235,-3.422845518487645,6.285086860124508,5.793148638279891,-1.9072983336591927,-1.015160036652698,2.784410924404832,-5.148906690954832,-0.39848113445536804,7.927473295285231,0.4762421150421684,0.9684155990542154,0.15599349610556676,0.56
0.2436632075649695,0.7144920431428251,0.5079418231910771,0.6600367960765606,-1.7810954944659187,-1.3533766482452845,6.307539456737689,-6.012427406460173,6.870897167029947,7.122363362948626,-1.4330691973279297,-2.0154786727134573,-2.475767845081071,-5.547274485512023,-0.3019568968937765,7.328249296685355,0.5419116529199755,0.7586150330008044,0.3403770216208378,0.5700000000000001
0.5711227814766769,0.606043320566258,0.37121510900070875,0.40076915204183505,-0.6724509109460182,-1.6838867207475943,5.962380217553202,-1.688511118366972,6.291002856316145,3.363629517482486,-1.8125713229544442,-1.1970343839927142,2.6910284448139397,-5.956705075438165,0.0351624281553406,9.88402829018928,0.6558939492177212,0.7594221570786743,0.2702639424390103,0.5499999999999999
0.4411562494633848,0.7213770648324845,0.5398976628272307,0.4341451157662305,-1.5999846628330845,-0.6972572638023922,2.1482549145373895,-9.471345536736695,6.742580706163689,7.11874288814297,-1.9800098846818477,-1.7908419757791743,4.648802016495115,-8.716839549398715,0.2521191717567626,9.441945313838287,0.7158644134144699,0.43982679381530576,0.3935257192064262,0.5900000000000001
0.6111102404423193,0.5245036927023875,0.5892192687680894,0.30568263025451886,-2.3069421477816126,-0.45728393078845786,6.012121259097782,-9.384575342570697,7.102239102995053,7.182026257065426,-1.691997127160533,-1.423230409185124,3.0471110019433403,-8.654470299302892,-0.8910047677168288,12.323076528815044,0.8846082395349166,0.6797968696083625,0.3246788887549636,0.5099999999999999
0.7883310900719007,0.5473993883975303,0.7057654223606735,0.7877918752191575,-1.8753228662514139,-1.8961288287350002,7.34877500258816,-4.708128947749445,7.540266597272019,3.2739881683066296,-1.8837773560729716,-0.7392494581971208,0.017547994161105418,-8.916157233807446,-0.0863401042401927,10.461044224055254,0.44303545942229666,1.0158787178067383,0.5009817251588689,0.5700000000000002
0.7169811930955889,0.41703344927634534,0.6189357174072881,0.25775158325116077,-1.6526625886807287,-0.7609881112254497,3.432464802272304,-6.4881115794824655,6.65609438956648,7.330672085112962,-0.9379485237688904,-1.6159699591750458,8.234479684132795,-8.762178994629359,-0.8565549700782642,11.051876517648083,1.1691734388359012,0.6242300522134923,1.1893187652002983,0.5499999999999999
0.5122875815288621,0.562631674899165,0.41019182320862274,0.2395108724297122,-1.875849307403345,-2.2927497100876257,7.886332476405818,-2.8885497584787823,6.256657929715285,4.400319139080139,-1.3200211216343298,-1.1653954072229324,-3.2511542622318315,-8.595450740318409,0.1319530830668968,9.456504654215639,1.0123730715559884,0.4527031304635717,0.5891750776071183,0.5800000000000001
0.6196317230708408,0.5671108176649112,0.7355588478073662,0.7755361873271924,-1.1087989532409301,-1.2337567257138056,4.440540244498305,-11.693681700996907,6.145629021947562,7.8274412441506245,-1.7183340554455315,-2.186527633204441,-0.6189555375405139,-8.194354874794218,0.28946502369810156,9.918926128930892,0.9120617162501466,0.4187431098833609,0.7203073293311044,0.5900000000000001
0.4378973738688443,0.75555645082346,0.384542326172131,0.24941505499152158,-1.9283187638651902,-1.756408508533879,2.037303747162531,-3.616861573857259,6.185980263129523,2.4798902750565537,-1.7146854522926325,-0.8477508870009486,7.437085547812991,-6.696115302891824,0.6191849161437372,10.266332800275142,0.98580278553973,0.9752328033866086,0.4880433114546707,0.44999999999999996
0.709411263057137,0.6459780889677751,0.368231460381305,0.6929553259446477,-2.2600483239507074,-1.5170210383666713,2.2661069645734457,-6.537276725551873,7.790171096030941,4.099762968750537,-1.915556328780979,-1.0723101236260688,-0.20786708796343545,-5.550358839059225,-0.6128778819187666,8.069118016704156,0.7505883781165419,0.9949047605335261,0.1455527909443094,0.56
0.6450779417358049,0.44069227714367676,0.5238218518729068,0.2648437935203007,-2.0363583861568952,-2.583845784112047,6.627397914161495,-5.302229125051652,6.0114546980217005,4.8411517364841,-1.8676378600932024,-1.1236651293180426,3.816944022247344,-7.138304735784,-0.29793539898132737,9.932386534225955,0.5363414999392615,0.20639586829397033,0.8063996626548171,0.58
0.6069320562001586,0.6482442588576657,0.5583525201253846,0.7245020462051771,-0.9036172491913564,-0.977104542598968,3.288500668197752,-1.8878565308285031,7.548689810717582,6.29926292138727,-1.897009375945124,-1.5991427766409887,7.03891670059812,-8.450014492728005,-0.7046195513090778,13.041251126105383,0.4432306300138703,0.8319155048863975,0.6335383835692658,0.5899999999999999
0.6630220657479962,0.7958782558061666,0.3348105492959942,0.4169051887053234,-1.3799187623675035,-1.3829571134082288,3.0558105774257474,-2.532592538527897,7.823615822401388,7.646493634245964,-1.2300798623152918,-1.3632164487412197,0.4213698172908229,-8.216933305023831,-0.27106081571202384,10.11519844483049,0.9002727265865431,1.1818981356628577,0.7539678197202137,0.53
0.4544262022160925,0.7845685354317141,0.29608575461730063,0.5657126268344607,-0.49031778272852017,-2.6177546248569445,4.905974160013255,-10.454349380266885,6.340968468443437,5.833129866536765,-1.5422828600059413,-1.6597003600704705,-1.2242338621290325,-5.723920177714523,-0.5091433735698427,9.974413867856562,0.7570346790534983,1.075253638478607,0.24833492929660916,0.5700000000000001
0.5738426562695221,0.4683291829603465,0.5403524450037708,0.41374886751693346,-1.9492642336819297,-0.5988306605887461,3.1233582777232507,-2.1457471777469417,6.701184356018581,4.062028670308686,-1.4888054789492196,-1.4691997476266505,8.752201968957198,-4.248103470606692,0.5111406270816942,7.997118202418958,0.5998835550780459,0.7181230758681415,0.7688279256275201,0.5399999999999999
0.5988917229065528,0.6274696739304934,0.48134422578766123,0.311921234931406,-1.1223392945477373,-1.041399809990124,3.534515407062442,-4.957507416776271,6.648753631814407,2.4805490114692073,-1.9438725663266743,-1.1383541963798942,6.89529695919187,-7.53440561529416,0.6459773000766251,10.658811855064776,0.9294565726079533,1.0747087484685256,0.6258039826364361,0.58
0.5731766519726261,0.7254484266490488,0.2873527735860289,0.4562305621039272,-1.3303518688630858,-1.1765094141047228,3.658903434185715,-3.9552891952558342,7.413933053573521,2.577077744548196,-1.6138159231874183,-1.117769370714499,4.724179337867739,-4.349084147971411,-1.01596632394316,11.925661766476935,0.9862155101364252,0.7399059742738541,0.6110687037651826,0.52
0.6560901520834114,0.7057175776128687,0.48821301063479394,0.5392803827302751,-1.8487901733645713,-1.149704292965749,2.094554421238662,-10.24880448908674,6.566364028114607,3.638119555403158,-1.3638642414912565,-1.2757144328225107,7.260356030127051,-6.128402006399616,-0.851680436495738,7.6691890837208465,0.7556739676568838,0.8547360350967207,0.4226717725862189,0.5
0.7669058213331508,0.46139066521298455,0.4346760533514593,0.6923771554321102,-2.415530673384169,-1.068671543603105,6.572465807735638,-11.371894896456592,7.390362940571461,6.430510806300353,-1.3458630227183312,-1.8862925249477631,3.069259575669722,-5.800376073526025,-0.5315855004839569,10.72356523536143,0.3386723889722333,0.8502066555122385,1.1912880858966477,0.5700000000000001
0.43497621602967484,0.7740170821586367,0.47692184024561024,0.36443205198829304,-0.558420457846077,-0.5206762135172911,2.7339059520247364,-9.497371784358435,7.922138140144689,4.16541047769651,-1.98258984291747,-1.5977723416921614,2.7328012952129885,-6.140166705063324,0.036839382020025624,12.634225723828113,1.1025714013550465,0.656635043029939,1.0155842221802902,0.55
0.724195613882141,0.2099368217013749,0.2762866394363436,0.4282796515015141,-1.6023857002285113,-0.7952938324117413,5.430129308768323,-5.363170480563314,7.43185963401087,6.491566116035727,-1.0808287128505933,-1.5122216543698923,6.715796165269078,-8.22323444668621,-0.3378583187349342,10.135476358378597,0.8149214950378234,0.9449030176607398,0.8140451416000654,0.5099999999999998
0.6276872854792802,0.6731276156191267,0.610309347584678,0.25306470647646095,-2.136301781013372,-1.0530388844426741,5.550240807228823,-5.708271368510536,6.1985752851258455,2.9710251870613122,-1.2424776072974206,-1.3154963695564104,2.2925068201152206,-6.961752516441598,-0.8284071652838108,11.82955831104392,0.6395763535861297,0.9797323773242544,0.9000545783180183,0.5399999999999999
0.46191071309782095,0.42866422777839736,0.4967153205590771,0.4342685427709958,-2.2759291724275768,-1.1256829761062475,5.666519721103923,-2.1904209918514974,6.754492597540867,3.4048575566787562,-1.137729201447076,-1.2743369147907608,4.597730247796187,-6.828197269980981,0.3515048303879972,9.109467212254163,0.7330089320658645,0.8294849076360521,0.16494671008815479,0.5599999999999999
0.5696672055813727,0.7533229149588739,0.3512015799214886,0.27614107471182986,-2.4614196049663617,-1.2704699977402876,5.047260094178827,-3.3251122300974427,6.97735058983776,2.086230074998443,-0.836714702330099,-1.2264466232464177,1.1151450119851027,-5.072555424534051,0.460381870312906,11.300676936148715,0.9597053282000494,0.9351345599175819,0.4966553325131151,0.55
0.6261387041814901,0.7349413926629735,0.6964865360378107,0.3130237454083289,-0.9515022869958203,-2.545033659861284,4.259730525837864,-6.021308404192829,6.933997854793597,4.744186495637168,-1.4251521786749466,-1.5449636135580498,-1.0012872730902658,-1.5999839908662274,-0.05716103178711107,6.001071903844255,0.6655985088877077,0.7827790465803199,1.1425417571233607,0.54
0.44951580591810186,0.6583145438866662,0.23188212999925134,0.3622606932249989,-2.4523534467426353,-1.3279509885984317,5.046388942709286,-10.861423305176348,6.716736322762004,6.353606989159354,-1.3421533993612758,-1.0981827468519094,-2.0726446435722297,-8.769711324424764,0.3341353565414197,9.47722386590996,0.9343653027708024,1.1144091376522884,0.7747752494248381,0.5900000000000001
0.511179368809303,0.865378362399436,0.25723663949570325,0.43056009090460134,-1.6485951953548508,-1.2336868016545743,3.2214963648700925,-4.5305027305087044,6.334562824373879,4.924101401379762,-1.742781851148777,-1.138346616938905,-0.425564900409825,-7.6045312972271635,0.5522691218224275,9.692467651105122,1.003124095006553,0.9622398217078706,0.5798379419673271,0.5900000000000001
0.6362931896411126,0.2144127108889386,0.2273827904007649,0.5804984654264982,-0.4551431626569725,-2.1931966232388334,9.324542590262658,-6.364374875434385,6.259611678148826,6.64599663321637,-1.6397101889256716,-0.7778929564819581,0.7817928220951037,-5.450807450233693,-0.6651979252851625,8.402510713094568,0.7579019243129733,1.1828329953183616,0.26717183075459033,0.5799999999999998
0.7228801878122312,0.7286532631356912,0.6255887378949424,0.7850723598119991,-1.1412250850121755,-2.005461186744715,7.8012054740580075,-6.508597895002495,7.000984254999516,6.44040477878137,-1.9082799630090703,-0.6211117814117805,-3.162364645366034,-8.773227775207605,0.27521692717672264,7.302966251205108,0.8949172931103985,0.9053345766722382,0.5445251442679978,0.4900000000000001
0.6287937892501199,0.6512438596782697,0.6276623139810975,0.4471043393102535,-0.7733748641942657,-1.9206085009635383,4.029653285843293,-9.239735866299172,6.81929030743509,7.432901559989294,-1.882531206277854,-1.027285097073799,0.49252670527379827,-4.828076810779555,0.17414873629884509,6.952611958786056,1.0024330118842715,0.44905276421860973,0.1837695729075799,0.5700000000000001
0.4677615784184187,0.6936279326975487,0.5327114443556369,0.4883996817408509,-1.1139989478650603,-1.5075839816464616,7.001707614116839,-8.861400452643966,7.1042295443218535,3.966310333943455,-1.7223460916973583,-0.9681880259274167,-0.28281074382306215,-4.45709932613351,-1.0141125243181452,9.724935856176744,1.0671813375613868,0.8350163825646815,0.38618704576696494,0.56
0.7865628119364382,0.848023021229819,0.6443118117654726,0.31568130942222206,-1.6266009895323794,-0.6826143908284044,2.428555314613402,-7.096842519657922,7.6515115285622635,7.340366486390165,-1.51550367123968,-1.3827487816173758,2.9338799431872675,-6.291097678285517,-0.09068926330881205,11.006052146794351,1.0956849932580917,1.1879946290909633,1.066443885623329,0.5700000000000002
0.6001832207692906,0.6470221991655281,0.620328914473882,0.5499395447531207,-0.8358143001284443,-2.5221337625517686,4.531147641660877,-6.815586096602706,6.443918002834132,2.0921409787304093,-1.7040187002851797,-1.7700555733218322,1.1648121560453604,-3.6149357420526673,-0.8205041516008575,9.333211091111274,0.5111176631939859,0.3770947030103617,0.7922534964183446,0.5900000000000001
0.5493197477424443,0.7951951347390082,0.5203767709197904,0.583463120430683,-0.8952024398040719,-2.99216804149715,5.3784967516119275,-10.353964271371531,6.324327478164639,2.514169876100018,-1.4083811319884967,-1.512077871285013,-1.364364637475269,-1.2063160048850694,-0.9300860697096057,10.890637343976765,0.5492669936430465,0.8512472212480693,0.352703015076522,0.54
0.6963454728858283,0.4554884836625509,0.38749527892780683,0.5548848634876961,-2.1063987364684365,-0.14051398864246822,3.1262091323216383,-3.909216940457313,6.501896010554904,6.75219355771267,-1.5887864549104775,-1.5125101435255566,8.409945541704726,-8.547466198057416,-1.0691084354115952,8.236766416323324,0.8906178140536964,0.5328432748345143,0.298431000634109,0.5499999999999999
0.7786127603954799,0.7834775969495111,0.42479027091770694,0.4990809735234206,-1.6521701979535568,-0.8011997061333207,4.662083628048485,-0.45567946981040164,7.097697282362072,6.039201553199912,-1.5433784186141788,-1.28066950559277,1.6775064178370152,-7.153582785433546,-0.24094580286671863,7.580993463863423,0.9965764388987935,0.9851255118373778,0.7325769236752824,0.46
0.6378857640500338,0.7465480589623694,0.5263503645848188,0.44376186650429944,-1.5646789016083387,-1.5124408233764817,2.983085312511084,-2.3445556556556264,7.890787600626099,5.606972277210542,-1.4878446061172481,-1.036889480148015,-0.19653369523700848,-6.327992776965332,-0.1735190395611621,8.718257097185754,1.1215723531789843,1.173568439805873,0.4588671149140607,0.4800000000000001
0.6405078039272036,0.6995782808045937,0.3950571718281403,0.36493827897706443,-1.767954685368305,-2.103081135058218,4.117077206047321,-4.127311976487026,7.443262334702186,2.255071122179693,-1.9233381830551362,-0.6738356071791559,0.3018880034529734,-3.0017137826458127,0.4624304562546999,13.475556657705324,1.140420833377188,0.5953557395168576,0.9485786102530387,0.56
0.47306136866671084,0.6866322495883451,0.5975387867418932,0.2596440977273949,-2.0922105269413773,-2.172994093647451,3.1178458527843054,-1.4993863296824448,6.636554083896759,2.9082597899280938,-1.6031874562522188,-0.6863456252230251,6.095946028178276,-5.851934849837245,-0.3349707695820807,11.979618517119055,0.8759179705593687,0.8917254025422672,0.5584605472433478,0.5399999999999999
0.6086504401506729,0.7791480424481594,0.349484670056712,0.6884293150936318,-1.741996519320828,-1.502978734084773,5.655927839542588,-1.4017516941521024,6.200886541790311,6.121027561782171,-1.1666121971425125,-1.1353767760783686,-0.29235079594971947,-8.291472496061049,0.6930428405264559,13.265699883504993,0.8095901382946508,0.9786533895094162,0.5303533827962366,0.5499999999999999
0.39188611782073235,0.6956197315979523,0.48582340967400284,0.40846514153828,-2.017512068177468,-1.1062856525747584,2.169323084231445,-1.6411049406112674,6.158566118840798,2.8208572435051718,-1.634766931518495,-1.2218796440022848,8.229112941883335,-6.763004290695807,-0.4530989867166786,8.341337528001697,0.8792032022017255,1.0999711774437682,0.8421767393303241,0.5199999999999998
0.7867302466879145,0.5321384889216576,0.4789399351446507,0.5339567770065636,-0.5103553221049424,-1.8244278241628007,4.1879261112442085,-2.18781401906494,6.267810130603484,3.6228288878685118,-1.4724896329639274,-0.8619424119613706,5.189170253894538,-8.866154696808488,0.0737013639472831,11.439415453631119,1.0268710029792407,0.5161517417651864,0.7019062589869126,0.57
0.7720498542040694,0.9103950069485738,0.7241245929976553,0.43304238883884527,-2.3492320127688577,-1.561584127291498,3.239667331424664,-9.576265366767617,7.6188742150164845,2.8647757758414203,-0.9139271665397131,-1.260379542894883,1.7106240924941427,-1.9716166509915622,-0.17284807416028578,13.002694619710736,0.47473838869273666,0.9319504199076504,0.8813329044799489,0.55
0.5531236780452138,0.21848332282591387,0.21106294533694017,0.6611767955864234,-1.0762089610239607,-0.8479557335322843,3.998596937963174,-7.857985809048335,6.167909543908736,3.023198802896702,-1.3142312570004537,-1.630487337017555,8.79539837748864,-4.657250235289993,-0.533668912187214,10.967413722474387,0.6313784942705665,1.1607449534008565,1.042746233501872,0.5599999999999998
0.6585730455558351,0.7774907456882596,0.24028820636732687,0.6099338878283886,-2.2472814433164046,-0.7905924861106601,2.972144905002703,-6.083494103347677,6.212810915382374,3.7390952596830167,-1.488756683794943,-1.3391515287009566,3.3801002392191197,-3.9654971251051268,0.3295276366477769,13.385277409451906,0.726889709162145,1.1706868195121733,0.9927070176142384,0.5399999999999999
0.799659831752763,0.38669652794387166,0.3244380436715981,0.2565316125215228,-1.950618850701134,0.011552792490138741,2.979520738265067,-3.642120256837398,6.701647469192866,6.810408646968628,-1.686178883378079,-1.349657176232569,9.256449290068085,-8.91203419597619,-0.9812883624679467,12.746530524603552,0.5716950749904642,0.8238674952796122,0.15996568880047085,0.52
0.49456887760228363,0.6923584278195272,0.5576655129676293,0.35978015956610965,-2.109711575381761,-0.6870668080869904,4.230930389405429,-6.844451133207761,6.0235691008316365,4.021950496432686,-1.7505522074518423,-1.4341493716383378,4.141935208452608,-7.817503863192734,-1.0591068675101853,8.86739537666875,0.5554790630540608,1.0292952754720202,0.3453542269213557,0.5700000000000001
0.5598450602792299,0.847231156355379,0.23288806526016048,0.5986148152618985,-1.574164231731023,-1.947221763928759,5.989905417411725,-5.721569518970348,7.084477905711729,6.033224342288832,-1.246648715193068,-1.0154684672924565,-1.984694348393857,-6.426312514744044,-0.6019137442373867,7.979428992775618,0.8563707732732581,1.0855341038639281,0.5043629387210556,0.5900000000000001
0.7836692334479738,0.7647513462078223,0.5343164366541281,0.3355190160440647,-0.7374519180744286,-1.9588703266587153,2.346544730078921,-2.7481829612299924,7.003157580704262,2.9058646041257976,-1.4185608348896275,-0.9855401983957762,4.758120218787017,-5.16765638857036,0.10893613123142765,9.22259440639891,0.9875908343632968,0.6291565568514358,0.664060842421993,0.5700000000000001
0.7785752741666374,0.813604031696153,0.32058114268678695,0.5764833036456671,-2.0272811389711003,-1.1305627657755073,6.815901922774606,-4.829258878170385,7.134704025505508,7.1095291098368,-1.983071790698803,-1.161562894212578,-2.2825778253166034,-7.5504366648887125,-0.3228629021702559,7.691527867013695,0.8613683745155813,1.0948871669371891,0.5925277423161928,0.5400000000000001
0.6073111109188054,0.8755216809920187,0.3562866686703807,0.6326131895885078,-2.005325188131863,-0.8786671464391675,2.3375475527237026,-0.46190578847418595,6.648097523666541,6.89850402430377,-1.5117583301091089,-1.6479594983081212,1.7419045241112179,-1.8420698778286453,-0.17405342247481959,11.907609556361898,0.504311448915551,1.1283270448837512,0.378334484622905,0.5800000000000001
0.7998146327308291,0.7966823972388906,0.3495254374505907,0.476102311200978,-2.386021746453349,-1.2822520962125512,2.346776906359931,-6.333157643684545,6.687947111128561,5.373581557498091,-1.1428754968552144,-1.0881690948766352,4.5666107667141205,-6.16081907300889,0.663983955105696,8.526722896622656,0.7441288572973769,0.8574541325483223,0.7026602919445262,0.57
0.46904272913242734,0.7713342789167441,0.5814778819196101,0.21843278435760943,-0.9888182032952907,-1.7024778511469272,3.3256273297055,-7.331228581535152,6.748446273788472,5.1097675875685304,-1.6387055794246905,-1.195387354569735,1.024423477007301,-5.201739175711995,0.2667450622147454,13.015779891064316,0.828369592132804,0.7693180393966267,0.3231131027819727,0.5900000000000001
0.7199692006093962,0.7291700440519002,0.36003792547920455,0.7916097099437953,-2.434446151449981,-2.053300389143346,4.4206861653589655,-8.799110087494633,7.288706695880887,4.392308476536608,-1.3090585607115501,-0.6094234702022545,3.270494483081249,-3.103908169959395,-0.32759475577768715,8.282795737811076,1.14212086194842,1.0522250007207257,0.16602323241361958,0.42000000000000004
0.7217077198813774,0.7412188019851086,0.5916068324168329,0.49915177695993573,-1.4588077490071445,-1.7812012807176942,7.14125460758563,-10.712519017905663,7.935817968735912,5.584332968082875,-1.6085956721813308,-1.0529029579716522,-1.3548077478796015,-1.126295155916508,-0.38472829326144775,11.879186579305964,0.8405772184969553,0.8222944805210157,0.19205297653738085,0.5800000000000001
0.6635815220639738,0.790324903617554,0.710467206715368,0.5585437825297231,-1.7428292711748998,-2.510358964712992,4.442359304701659,-2.6525370787041433,6.196520182130112,3.6400348823275976,-1.6812833359603878,-1.5802055944930853,-1.3585894820718238,-7.898760215810361,-0.8507621874712689,10.090384590091869,0.33771432973627635,0.9453380381243212,0.2189465157638535,0.5800000000000001
0.6753004853346146,0.6157349893766001,0.2880508561940511,0.30688809491572727,-2.299540893087947,-2.1013125770433594,2.0212335564291504,-2.956278908369652,6.959331143835681,6.93992009114733,-1.7972731434082618,-0.6891569604691092,0.9498406024206447,-4.789608916160664,-0.9509917207453417,10.601669116848129,0.8863367558664492,0.8784365789572526,0.6631261162009755,0.5799999999999998
0.5156669684888794,0.7045407611473729,0.46254114873368907,0.45128495643801003,-2.4161094899830737,-1.811066446622256,3.6874040423427243,-1.6613699265114703,6.8075209322970025,6.083520586903512,-1.8921982543774882,-0.821966538033328,1.8147078728761397,-3.4319319508674315,-0.7354314995275453,11.95656954426755,0.9767205693663304,0.84783481471287,0.864766480166907,0.5899999999999999
0.5776477694290563,0.5008276729578203,0.5438156777203493,0.6516001542156946,-1.4112139673278734,-1.2000845873115935,2.172173636058368,-3.820140331699574,6.5686138179059,2.17708027089608,-1.110670585231779,-1.7315661676988463,9.930223872533418,-8.535005720576722,-0.08697944826199466,13.280150411058328,0.5632593430436281,1.127807430290472,0.22170166176658745,0.5799999999999998
0.7842389949516296,0.7229977202378036,0.3233219069065976,0.5212163920790688,-2.0813610224942036,-2.3603589543641497,4.654204459947513,-3.520778266055231,6.025215293914958,5.677423775297669,-0.9376959245449427,-0.8176892602146764,1.5935099331822964,-6.3011712719283315,0.10630213137378147,6.438121894978934,0.9453168147922513,0.6915377834766991,0.28296496631921453,0.5899999999999999
0.6669569318795332,0.5296947128654343,0.5913011145193336,0.33232415338195737,-0.47357005266402324,-1.4915158232818229,3.555180109503751,-1.6866693615824813,6.239577242235971,4.419307287250229,-1.666031448607113,-1.1002596377040619,6.5088965126283975,-5.296354466243782,0.31607492739086795,9.141943146487014,1.0165277201107605,0.4943748414698116,0.8574755336482296,0.57
0.6836431996086915,0.6209931636512941,0.6238791462723564,0.5220079216127391,-0.6612356571933691,-1.4613837101975786,6.006835413035112,-8.378642162013934,7.229449669404685,3.3181401213142676,-1.7010015729032948,-1.1132417345573553,2.555672513865297,-4.6319264945176535,-1.012423597403393,10.554247550944808,0.9149311500199749,0.7878585765689199,1.0519966643273024,0.5899999999999999
0.7376266970059403,0.6969715065043346,0.7409718977715293,0.27579077324593576,-1.2134804067718672,-1.7137343728430063,2.765515489845092,-5.971867917974562,7.823451247569903,6.114900972043117,-1.5376880096690804,-0.7918574565637331,6.221373934400056,-8.881387267725573,0.13778781305338716,8.333693225211361,1.0089365114742588,0.8138658818452696,0.7394474081087429,0.5
0.6886339000134198,0.8027566197611192,0.6976480291102938,0.23802719348373175,-2.4719345522494716,-1.4671420644548643,7.544650653239608,-2.8476998600801116,7.154521268328568,4.632243168685553,-0.8051133194228526,-1.7254818700124908,-3.5281004351902174,-7.893670326696916,-0.5053498551569912,12.197625427624736,0.7428789554325012,0.9952238174241042,0.47589732215399755,0.5900000000000001
0.5562562271208169,0.8263078294936729,0.39521795054527264,0.4626221778762812,-0.3889601979229025,-1.3824355736893887,2.7909169996243346,-8.42029374754247,6.378291516979824,6.565837262227368,-1.9861757213900193,-1.2557314819290044,2.863382880036976,-8.090863873516373,-0.2389296467119509,13.258857544690908,0.7572041856398347,1.1446980696427922,0.5326211950113959,0.5800000000000001
0.5122980195436206,0.6623211641308725,0.634896621906858,0.3948549127231783,-0.35499659793403504,-2.9832240016603273,4.711366919257669,-5.423157609090897,6.744637175589011,4.245217130699034,-1.5382277461838865,-1.2368250703080648,1.6905558571395527,-5.460161832866031,0.40203012775733327,13.652815458869,1.1444436620950296,0.5403908965422446,1.1623572706541758,0.5900000000000001
0.3658524605621733,0.7031636956269581,0.7460917945226632,0.23578817459845167,-0.5987753647244616,-1.4184259041232905,5.544384540246157,-6.081992999924186,7.280499248940739,3.2159732544187234,-1.7136650471976536,-1.762736035388785,-1.3435096744882595,-7.358515480622216,-0.8489309924464687,8.401135734292009,0.7437475594272347,0.6860445036983763,0.6118884169065633,0.5900000000000001
0.719036106099127,0.3071691922706742,0.6631757297915774,0.3674391738113557,-0.19028593707885086,-2.126062619820584,10.232503724595022,-5.352201567012006,6.607159221610046,4.57105374778453,-1.5269228485349564,-1.293099528361322,-1.737637223303351,-8.57656180994049,-0.8935651970625719,12.03760384931967,1.1636593253934493,0.6771419411176077,0.28769298199182347,0.5400000000000001
0.6785042473619056,0.5430234617506128,0.565424949376815,0.4357533653591477,-2.259199331857881,-0.5374203152013673,2.489206912810794,-1.861162277614377,6.9603857576348,7.034936464910289,-1.3807092588752845,-1.5097703791635841,8.07485672253708,-7.586833172909982,-0.43656113036923117,9.183909131321851,1.070438033681503,0.4657396235428778,0.3828698531284452,0.55
0.7471284011976739,0.7783705430545328,0.4111975741322217,0.4218680323761201,-0.9805398514316128,-1.722264096299211,3.8196060709904978,-6.641954920158644,7.592067181092273,2.00933702820274,-1.9571571819527716,-0.9230649148661285,3.8717029618149135,-1.8389115094053716,0.21514118339930682,12.671757727134224,0.6636118794779078,1.0426516857054802,0.8076861065427503,0.5799999999999998
0.6798248628836682,0.8102763488911188,0.3152049556850217,0.6211959574064301,-0.7467647916254785,-1.830709494501638,3.0059119254115845,-2.481984927449305,6.665725101554922,5.429153659512895,-1.9663512256145501,-1.180630535886086,0.8442580608524329,-8.954511318989095,0.019059957072715294,8.86573088696918,0.6191533993732924,0.9031392947299042,0.9806457984153335,0.5800000000000002
0.6142288555272569,0.4694928292739298,0.34698408371750655,0.22260783117395916,-2.0627380370814192,-0.7312744415681123,7.0846022419441095,-5.593389198473888,6.909974522340201,4.633462892477058,-1.4148089959744643,-1.3602859644642136,2.6020163673065726,-7.1144079491757,-0.06983647253859049,11.472085819647734,0.9349643177153184,0.5862439684355618,0.5472901510702433,0.5699999999999998
0.6820949802670438,0.7475692615779301,0.5919439015136712,0.4724460275792285,-1.3056002941628502,-0.9551206903317043,5.990757024788106,-10.321134215564992,7.8253878327945445,6.070273488385892,-1.8445892756605282,-1.1990704548209101,-1.6095476330803873,-3.411597636215687,0.1717929318668452,12.190443973700578,0.9288700952643161,1.119795558595103,0.6931664739453716,0.4400000000000001
0.6728027557058608,0.8265417150773681,0.5875122958242546,0.33226671674616154,-0.5367822941195893,-1.122291896164546,3.2118131647284387,-9.245787820555714,7.775617411140222,3.1038224181081953,-1.6085934531861608,-1.8655741685429454,2.6836299711468232,-3.4360303723069743,-1.1364930822201909,10.114955884719267,0.5929463520721863,1.02704724141835,0.31787168394534837,0.5200000000000001
0.733680601509324,0.7479170290440257,0.5377290533842234,0.23248729569437324,-2.001912166304507,-1.5804293589999177,5.840779221527482,-2.7667812170249655,7.593026192569787,5.928082134458663,-0.8576633139466979,-1.7956476392222431,-1.5386092520183934,-8.623638371404658,-0.6444611192570815,8.260258166715252,0.7507074951933083,0.9913294193739525,0.6319538841159962,0.5800000000000001
0.4844910887225735,0.6120882051369976,0.6179577956207561,0.38055504036916954,-1.8908935535913187,-1.908476015240193,4.4813826417035205,-4.762723504620908,6.740583518624682,2.3213672663765346,-1.535182152855786,-0.8046475969009205,5.145015195673923,-5.6657993947601,0.3526475635119837,12.921907733107735,1.0672533436830427,0.8677919736942609,1.1955471577048742,0.56
0.6940101322645221,0.640273107601495,0.6947633134007427,0.4918275217188172,-2.1379797988051563,-1.8707077615820675,3.1918454456091823,-6.65437044970822,7.409899532036103,6.269709607977763,-1.6687933696039174,-0.7481708455578072,5.464131715611366,-6.473083341623907,0.03776182354927642,11.706509209348646,0.9694601967327214,0.4968556673252034,0.5357654167568503,0.47000000000000003
0.5601249153584869,0.7217518266906102,0.7398253701769706,0.5992869319592524,-1.320986482296263,-1.3389758475899096,4.65422849096033,-6.75124485432564,6.121970912338572,3.9049720152837124,-1.818185686738999,-1.0879640552109076,1.6321819984454713,-2.5112504877518678,-0.23003204997478222,11.136496603492736,0.7907453993283142,0.8152678681310199,0.4411241485394143,0.5800000000000002
0.6381205162983903,0.8525610735030752,0.36994038074235097,0.3634564208433947,-0.4413633487726589,-0.7859838152803625,2.1168599981816527,-8.161983849640674,6.624173050433053,2.9343154610935716,-1.9104701062779177,-1.4784672491544442,1.9210488372442756,-5.738571956689533,0.5422099375428694,13.243780052812324,1.1596956924437414,0.8963997810200588,0.2913018201502138,0.5700000000000002
0.5893155558095159,0.5830085382492702,0.747234482901137,0.2045584060225741,-1.1043226357384601,-2.340096516728675,9.814611604024197,-9.287728977860558,6.834636401243529,6.300355032278544,-1.9931959946068356,-0.5630923774704437,-3.1747055154855692,-7.833420358956955,0.3586200479216727,6.615073821500516,0.9431727912656439,0.6990670309640173,0.4716321388332037,0.5800000000000001
0.608554971108144,0.694835467337665,0.33337677675477845,0.35926489647113413,-0.5759928900131002,-2.7743375620276494,3.7760567635775275,-4.613707699438047,7.024037737117583,4.790616543296457,-1.7375869024411061,-2.1415419829586364,0.5656940751290229,-4.2320507823693765,-0.38259779580882675,10.514082858846182,0.45423090754280626,0.5129223395469669,0.17474560844436077,0.5800000000000001
0.7101147082795106,0.8931362479032919,0.33682041520768724,0.7527899316115778,-0.9775556931551621,-2.5426382885595618,3.391228179397678,0.031087950748903304,7.319800495258937,7.569753916363239,-1.4425859376878698,-0.8269761883061586,2.602993846014953,-8.895802665995957,0.029291733922418517,7.772419501695099,0.7233084907746848,1.083946456751403,0.2618041413186075,0.54
0.7971026387292611,0.709499588652489,0.7038668515220593,0.20172280437580484,-1.9579169332839887,-1.3971177298309494,2.709526634799198,-10.697807033956956,7.952367163105173,6.246530997488803,-1.4131088884596548,-1.0361749832848455,4.755342545652301,-6.523069200100654,0.7532668231216191,9.352206745718268,0.5337812018406983,0.792225851987145,1.0922033927167638,0.5700000000000002
0.7433647069219713,0.5101208707314518,0.32950897694677467,0.5741538615792275,-1.468680428560558,-1.673410930489815,2.5445068916877274,-6.684313124078707,6.129481113648529,3.7100133712153602,-1.9112717896052773,-0.8413890034222111,7.479749284739221,-3.364599049121584,0.3017766750441234,6.3168426072158645,0.6150430341583119,0.5871960503028968,1.0939371224872259,0.56
0.4838084707863227,0.36665871582269316,0.45076439553519765,0.7881589211375315,-1.1359094910852026,-1.1181325271471687,4.203182419577047,-6.272335764775772,7.635378141660997,5.610452868698292,-1.487767150247532,-1.3554605766634065,7.3164147169727585,-5.044489251011055,-0.8976171054393521,9.6678753855076,0.766497055544211,1.1138937886718265,0.6648066021596721,0.44999999999999996
0.654447137901623,0.5355615685519157,0.5112493642011893,0.47761188080446393,-2.229878669249879,-2.0662728840514086,4.49550998346324,-7.949989441063764,6.280615136252195,5.27043385000872,-1.394003027604958,-0.9169359074548629,5.635367205260215,-5.04990476064828,0.5935857660151214,12.095426120261996,0.49117542055566377,0.7814027219416729,0.2131651805041005,0.5899999999999999
0.6357576593115772,0.7939610536861467,0.7870147274535176,0.7256812252309529,-0.3091170127329962,-0.4993533619472047,2.5088075922038944,-3.3679179537464057,7.435110585166245,5.768731242380813,-1.691472856984536,-1.421960716865082,3.7289180818573406,-3.622814898053469,-0.5022947584263646,6.8217592156805615,1.0888111211240643,1.0116341493121093,0.8934766724141405,0.5700000000000001
0.6098434969341056,0.3716331822963532,0.4292475168316399,0.5576784687699884,-1.768750110689985,-2.0269564594447904,5.015438809380678,-1.930417457670451,6.355637123194911,4.349540719665576,-1.4537061444237491,-0.8316921610144823,6.203823109705234,-6.156964045686605,0.21395486543119582,8.521371272344256,0.7387399907487677,0.8104990409198308,0.8112043950843744,0.51
0.78010624929477,0.7852297083161695,0.5413612538650204,0.4041950195751673,-1.1844074541725806,-2.249700048409323,8.17721833629906,-6.639861515419673,7.591971591910061,6.576335498030394,-1.3566151130926805,-0.9656829201622872,-3.5285319935930723,-5.824067932547162,0.006629120120813015,6.787230297051046,0.9547093218058416,1.1251019578163315,0.8382428627809588,0.5499999999999999
0.5903734915324288,0.4932284580447407,0.7287448018560209,0.6007715704207715,-1.2853983593580063,-0.07972373864597415,3.7190230946865297,-4.856905144763751,7.111388526403303,6.448926490247276,-1.762372119624872,-1.5585554613492318,6.975198927863019,-8.577595410583271,-0.439606532350849,11.958081833888663,0.8154261626169426,1.0045790172153646,0.49738832341605194,0.52
0.6921820049345921,0.617287806340139,0.2685332553549652,0.39856580144852477,-2.0215041973456627,-1.7829202822407226,8.359573205092145,-4.678032126860416,7.738374396413185,5.091025148118604,-0.967278985500538,-1.0460513328227592,-1.0427874809044742,-8.693350054071335,-0.8515886297233278,6.365241898558432,0.8132489959520888,0.6798795217655139,0.6232838777297831,0.5799999999999998
0.4991217170689303,0.5410035558966415,0.7617969472763881,0.5251798394073544,-2.4562073363469588,-2.199825738177323,5.117590553666886,-9.827388127008755,7.069088458246434,7.521297555566468,-1.6435069074384185,-0.7431952537132327,3.9251178891096834,-4.103717222487287,0.19561142195266587,10.167170860568978,0.8504620498323039,0.47474624016539846,0.7974184930613992,0.5900000000000001
0.6107537745896909,0.4085758127794372,0.6973891110413164,0.615433194031449,-0.9893483365196939,-1.1382899325427105,4.2326587529206865,-5.339659170230649,6.378471648714772,2.7948845839724323,-1.2592336924992416,-1.6378279099606048,7.1650829942113266,-3.297018844312345,0.2805505819152315,9.10076590051099,1.1321437467656756,0.6974905113855938,0.5424493601094755,0.57
0.47634518714736673,0.7890297408210192,0.245011715459971,0.5475575386881087,-1.46771551252714,-0.9552117366767396,4.893799946896882,-6.829718667109256,7.537005076946146,3.037005040032322,-1.8075833512042379,-1.3373112488153118,0.054937576888177575,-1.1655422715911599,0.4802248091740857,9.577646900540927,1.009966163562487,1.1293478531802186,1.1209305180030291,0.5800000000000001
0.6828301527400642,0.6328638666717947,0.3080080995780908,0.4149848463664145,-1.8029803312172064,-0.7668171993029278,7.501702544939587,-4.558222159924242,6.082571202005209,2.4345862470568607,-1.5883857373165462,-1.2350935727835808,-0.09986641303286259,-6.141711583133149,0.297991892449668,6.159823921131893,1.099269352493789,0.6536226636625139,0.24571761979966616,0.59
0.6558019800913059,0.8429686813422459,0.6743251761421949,0.734800976587241,-2.0057129278846153,-0.9431979969286965,3.0573725936700074,-9.52073849414772,6.007208006735457,5.57944794639891,-1.3729424978638927,-1.7405198948457326,0.7156659958577793,-2.0299941454883856,-0.76413539905575,10.645400372936514,0.5431677918802554,1.0597388756408952,0.31001159993823546,0.5900000000000001
0.7981890470998585,0.8284655592451453,0.2210629310573543,0.31006343972418426,-1.675547291889158,-1.304806466282259,4.656833954963918,-4.562781065164744,7.8893028238136695,6.033353703674585,-1.966174805172654,-1.0591666624124907,-1.2674633443872347,-5.773950222014201,-1.1589215588636361,8.4533638994462,0.6925916530627281,1.1126053689846116,0.31845218158000294,0.5599999999999999
0.6719818777667986,0.5790631406962969,0.402155910883492,0.5103925481097811,-2.259214051025654,-1.7888863588672574,5.625942722458914,-0.5949990821226474,7.12786710372288,3.6401429457353,-1.868031924097853,-0.809578164480456,-2.230409678936038,-6.693235917829293,-0.16719527288830172,10.164507912625703,0.8269185844406217,1.172644591861109,0.4852579981626805,0.5700000000000001
0.2845397687515195,0.5004398131939756,0.6481004659105982,0.45909646916736724,-1.924112647948133,-2.961104743275652,8.341506471424369,-5.703153546217013,7.8960264103087,2.7496969984148514,-1.605781087102548,-1.2872101584603595,-2.521758426675731,-4.88326599658822,0.2554715329600953,6.652021139207929,0.7049237307296619,0.29124522189084157,0.13503844317122327,0.5900000000000001
0.49113290680387295,0.8503883448006523,0.431257538578136,0.5169148463940167,-1.593992245019768,-1.2251215361726688,4.097466675661148,-6.147183342493575,6.611715726162238,2.5945660048693044,-1.1752691114756992,-1.6204598151102427,0.3877032770170876,-3.091095109627636,-0.27561799079595284,10.889579958126175,0.6578566738733432,1.097866243830306,0.5363195393047666,0.5800000000000001
0.7493724188539916,0.6770196987380016,0.2095576401708126,0.5558494117097748,-1.4637144846935897,-1.9593251622933647,4.176913869988815,-7.429617490233573,6.032190877116945,5.092688172773706,-1.8108082683348552,-0.8150375565812629,-1.4691748873879964,-7.155449472602728,0.45748811412407986,7.775349676587758,0.8628672922040248,0.8882451792730284,0.8553227595033676,0.56
0.6222251979704362,0.2983504430837763,0.44709449139759355,0.5760510188218699,-0.2192647117066288,-1.4454883373463199,10.745629617882821,-10.797770714972247,7.561939116423401,4.117679515319887,-1.6213588549664348,-1.3007494458249766,-2.9704308705799316,-8.5286945337343,-0.38208488692841946,10.029438386652068,1.1555850822240257,0.9427517434271592,0.8241848406270652,0.5800000000000001
0.7045729480666889,0.4215962852929713,0.5696486078692127,0.5014958507344357,-1.1832438906519909,-1.453305411703271,7.04478073448726,-9.9586993675581,7.582801036221875,7.820634419617173,-1.714579180175577,-0.972087122962978,2.656080783039205,-3.901556138309384,-0.5264665991087356,9.865738642388518,1.0960170999265824,0.6086125215497837,0.5041256705908328,0.5099999999999999
0.5172534159536152,0.7857034781699247,0.4273575186985526,0.36305263486987616,-2.1972046529508917,-1.5496547776024079,7.997504426077011,-11.750071431362608,7.400156251922761,2.0484330766843115,-1.1207411291175107,-1.0494258892632558,-3.0455591361318324,-4.5932730140690925,-0.9088167195723766,8.032050137691934,1.0500774698992046,1.117044708713311,0.9884141170560711,0.57
0.7834597770367497,0.736387715662821,0.21084738429641275,0.49724553923516995,-0.5204978490507466,-1.3794566525253635,2.4130613732298425,0.01036022305206747,6.739273940890969,4.852979997845318,-1.9233072161687863,-1.6074499908103574,5.25529304842617,-7.7773848264261884,-0.38445571485028546,8.362667944998542,0.3807545105318894,1.024116602118406,0.4551523733241638,0.56
0.7461748938075783,0.9572066503038205,0.7818885639286317,0.6622918982930579,-1.388774091261993,-2.6749252611054253,2.373514393411497,-10.715657663872863,7.114494879158774,5.028592011313889,-1.2627995291437741,-1.5710909897880487,1.2217964438117423,-4.8959534382810865,-0.3701392017938424,10.34672971260977,0.4816167011170437,1.0971778307670592,0.4199800534886169,0.5800000000000002
0.6212188580707507,0.7629613206494175,0.32730754986103683,0.7348832598882638,-1.1682449436772455,-1.578294433677363,6.650980513821399,-1.9524489987672442,6.789016290096027,7.651018955099243,-1.6788865775378015,-1.1386281301944203,-0.7967381422830355,-8.105686322984592,-0.16031359964809155,13.737282082300965,0.7217836569752955,1.105491077035823,0.4128384482613948,0.5299999999999999
0.23324637472094376,0.7099895929443889,0.5885063938208883,0.6619526758742603,-1.9813567351604435,-1.335041894063704,5.000475483482453,-3.026383663454947,7.274178902268238,5.508388679493268,-1.226834369671984,-1.3805040421182047,-1.3487058847843283,-7.016275106781421,0.1489143638716103,11.23525569445856,1.1150898198104051,0.6022916956830837,0.5955814326035218,0.55
0.6112147853396852,0.8524047740293476,0.23165323737766813,0.48504335324244746,-1.4891601774331393,-1.9620760973330165,3.133289375273691,-1.896950034436062,6.68287574935252,6.279024808526055,-1.775204422187886,-0.9873403513470878,-0.058882389448073814,-7.922842184076428,0.11117652889961671,8.99410191549688,0.7394428145884604,1.0555162733923058,0.7322453509011839,0.51
0.7585285312686701,0.759911259678165,0.7424222991635376,0.4200475538185086,-1.4513939314923094,-0.8057281966794247,4.7196411572841,-1.8163760128233895,6.989467398086623,4.777490565887656,-1.823597866851607,-1.372574431229582,0.8518977163437533,-8.679557921581647,0.4613546232364498,7.528790293217588,0.7537370035099114,1.039177085251676,0.5246492508772176,0.48
0.4726067625569128,0.630945504959104,0.5323551948098135,0.7308721926569242,-0.7312163083228869,-0.8743431547128353,4.1692200629837854,-1.4237098510101875,6.943715435165109,5.241456667074681,-1.942062415859853,-1.3125300180857817,4.792853130947296,-6.423814161987859,-0.33853669421071647,11.442082057772224,1.1320583317610218,0.7440862043935461,0.9908688537738188,0.4999999999999999
0.6879155753103682,0.9298392644284961,0.30345685343089085,0.4507770116666193,-1.956461693742996,-1.76707977508489,2.6573983610872647,-8.19240110805722,6.632659552305307,3.4988670477245156,-0.9741381656955601,-1.1935276581222707,2.067430996385816,-5.510809032579669,-1.069061630102275,9.363517750795852,0.8781025081953716,1.1767226549953813,0.7391805464965161,0.55
0.7595276699562862,0.8844223544434089,0.6379143326782,0.32326405165046923,-1.1281262563589776,-1.2456276712671845,2.754365528268673,-6.2667704693106785,6.7122871448447725,3.3636714756596033,-1.3253736600953105,-1.4389002118019165,1.8847664891883877,-3.1546947708505266,0.3922034241125285,11.91906970462327,0.9101224383455746,0.9109527634696388,0.9452666595440815,0.55
0.6847130294705147,0.6754816322662507,0.6312093297457497,0.7296921158313513,-1.5307651846386179,-0.649580389567653,3.7426145161637887,-3.10106914549201,6.457354373322785,4.708559949025319,-1.9312975369415801,-1.4025570963698875,1.2024509249585242,-2.9735582597897183,0.22972106069634124,11.064204749293495,0.8037819448883172,0.8596368816355118,1.1828756625698453,0.5599999999999999
0.6889038493426368,0.7515082176152452,0.6852728200432718,0.7066908756106345,-2.3435529769295878,-1.2108350210954597,6.835995141073058,-10.18409045893253,7.638861333453265,6.851332590993817,-0.8852093044936725,-1.8266712126613334,-1.9478532218553108,-7.263214729351326,-0.6073823697970698,6.3316707579200155,0.9421177606966822,0.739930842986901,1.0338745981103277,0.5800000000000001
0.6502594529106667,0.6887249827886228,0.6299415850106728,0.6679444604044088,-1.4617968643697736,-1.692795813943744,4.814480185825689,-10.01613624573837,7.740954732794516,4.260361538242882,-1.7172726570137329,-0.8721626708019306,2.6800274580176295,-6.271935599673529,-0.8869645536186616,9.30782465099798,1.0590554481063283,0.7241244541630668,1.0233859312378117,0.53
0.7738982097017123,0.6514028743233878,0.24488995023490712,0.5550325157533043,-2.393704354958585,-1.9829500073476183,6.606231125330326,-10.796594056368656,6.484148068085209,6.096702582635195,-1.350052248328548,-0.65955269127149,-0.11863784272697764,-1.9779653842051996,0.45116694774447125,9.156571077773044,0.6541134540458001,0.7747829234844862,0.111113239294926,0.5800000000000001
0.7266173326564196,0.43324091292210165,0.6639234961069731,0.537564385374701,-1.2005379808975045,-0.4043005064062992,5.494885888472459,-0.32634531366245667,7.078266083555488,4.306819077975347,-1.230292560464893,-1.848035290518193,4.794321995359912,-6.9819340893167325,0.08979331066878693,9.849556987195449,0.71425520178115,1.0405837237738427,0.1057302451845071,0.57
0.6310398539739491,0.3272341677254095,0.6468993099209915,0.2997564199926189,-0.2350587636793579,-0.28268498229981726,4.473102410457637,-1.7173681387823152,7.41802491073867,7.409715226169383,-1.6844083854654879,-1.9351349982524888,6.492067488934866,-5.633487734124572,0.38329168141181913,10.518912181449641,0.8578418758719615,0.843945403819097,1.0233353881310023,0.5300000000000001
0.7494756527997115,0.599068772160303,0.3057560822644551,0.4425125837045473,-1.2011243587856666,-0.14320879932745814,3.5941326135449616,-3.0199765306420785,7.1090578454032265,3.5957675995178215,-1.7453610508609232,-1.3979361526526535,5.647519880503931,-3.7450446745086774,-0.5560460218662157,10.849304684792884,1.0466382726250187,1.1454094884567163,1.1446750019067022,0.51
0.5863644033438614,0.7675082986905459,0.23030747283053665,0.24604498229605282,-1.0118044287069603,-1.61900008963574,3.1629516751210174,-2.0913994349087797,7.731983301598817,5.726984315044744,-1.3493588542327093,-1.1043603261795658,5.342434375636781,-7.990426125774024,0.4895315442831686,11.070873799467606,1.1936524742450447,1.0060118291007087,0.6690965337723906,0.53
0.5781938234021123,0.7928354616391975,0.6646405332138413,0.6911043825440216,-1.7194071844085923,-1.8732444163442044,5.115558826723216,-2.3648940415336464,6.2881436224753084,7.424588116842364,-1.6287238189803432,-0.8949747105633981,-0.7035989233714788,-4.819011404806573,0.547846691981739,6.896205650822895,1.072299736678582,0.6927741242786681,0.43631210309162205,0.5899999999999999
0.487684637537107,0.8171387164059092,0.38063110220273616,0.6757589350255693,-1.51164926658941,-1.4269748740484232,6.359007780310505,-6.109641336657748,7.080516920124606,6.416149678445549,-1.3200608975171577,-1.86303242922743,-2.5295142431334225,-3.751279180285941,0.2367584322093676,6.405397768288474,0.6073370841752779,1.1666449406457404,0.8823026197814159,0.5900000000000001
0.6555461873521615,0.5842213813953198,0.5825520055461584,0.7972629671303896,-0.9790987380296745,-1.2826245032469117,7.1451723146465245,-2.753891163056868,6.66056768737512,5.709483664796366,-1.9408565874820092,-1.7689449734384712,-0.587578921702919,-8.501846158575596,-0.6889001154961922,10.143617276762154,0.7084215750917656,0.44509770633484563,0.6097807905265173,0.59
0.5690798036379499,0.3744698454949429,0.514709053422163,0.22252072277251908,-0.2117924598139171,-1.2176544533932911,3.479280745882827,-4.109946760015399,6.600682002687173,4.321908201755205,-1.5697213082414998,-1.6190459856940436,7.574179657650737,-7.002054030072491,-0.2943348235889577,8.67315366663588,1.0042870624690454,0.7296396625411015,0.5168624465280433,0.5200000000000001
0.5199144452193397,0.2608313583327754,0.5954860639455776,0.2559021072047664,-2.0994945214478182,-0.7950476433722177,4.558163305364468,-5.230240037863559,7.696927902959961,7.313135438946601,-1.3422812092268086,-1.2484342755165243,8.31719018221126,-8.577006280497935,-0.18088872913625997,11.206311813315144,1.1690854464069913,0.4291896684521036,0.2736100175441511,0.57
0.5307484227665239,0.8102581947093639,0.4214723199545432,0.5536076281250026,-1.7827738094949912,-1.274517062421544,3.6429040278583646,-5.469804598324219,6.825990946123236,3.081316279669863,-1.718175684687477,-1.3142978416981337,-1.119574887806185,-3.1515268959597895,-1.148694315113429,8.719172479327648,1.0814706621126537,0.8792423723117604,1.0442423217444357,0.5900000000000001
0.5033467869471258,0.7993358910673527,0.5301171592058753,0.5467174982661712,-2.3997954461973676,-2.3436258888319452,6.6316097414175506,-11.807232972554353,7.39391747724564,6.562591604159311,-0.9763095913114517,-1.193813474941942,-1.9874735872613027,-2.751560677292964,-0.9684986085410119,9.516210196178278,0.46456884534349896,1.1401284690049542,0.33729212756814864,0.54
0.5645998970054995,0.7352992000854606,0.679433959512277,0.6499712832229579,-1.985790562710334,-2.0292709708435677,5.162046014329506,-4.421187681265906,6.522805932980722,6.349861690789663,-1.266530356670515,-0.7580280638560049,-0.4132622216585764,-2.630745200518003,0.4663057944130285,6.792005289028795,1.0274918525279078,1.1430810614686162,1.1440119608899058,0.5399999999999999
0.6197392057234781,0.7614308071285302,0.7939389197601976,0.40703803477258016,-1.5957718232480405,-1.3757183247302405,5.646342169829491,-8.644351369670435,7.000729561708599,4.171583979767102,-1.8409157493020372,-1.2386046418116137,0.6967622537165091,-3.689436834763865,0.5700498183561662,8.545878820455858,0.4423425370927404,0.8580846081682918,0.6302286340977753,0.59
0.45861185351693456,0.5376133564474936,0.2503599795105163,0.7326008656907596,-2.026306063615669,-2.144174352646597,7.3143165921651745,-7.7195993525698325,7.50360038400361,6.791917037841851,-1.9592949414917153,-1.4928661400053942,-2.479565494340031,-4.599429998878403,0.7218012736515584,13.088562309000757,0.9334186587296859,0.3209384473479874,0.3445103959316451,0.5900000000000001
0.7094703572427371,0.2461579041257717,0.6675050186443143,0.41643117266285234,-0.3781584606646992,-0.6099521219051662,3.848403918838836,-11.46293287602995,7.937029741894901,7.6642704301411735,-1.9736327691772033,-1.593591836590868,8.708170679098252,-8.401007671639693,0.058442807215439374,6.340526662410166,0.6961868244407285,0.4824411753121224,0.6955869616501844,0.5900000000000001
0.6251039641070466,0.906980887777191,0.5916104165404767,0.24571448471189894,-1.1151467088588274,-1.6464236099244993,3.4925027685469727,-1.5409278423785016,6.933021487031506,4.239242228278643,-1.7939601342290976,-0.8570503028761922,1.1651937825285488,-8.79819228547843,0.34026621688406455,10.154825694278276,1.038867632010477,0.9609759518164815,0.5020465064303592,0.49000000000000005
0.7362420382678148,0.8549033135296006,0.35028684905361174,0.7186045970144581,-0.7321749987668364,-1.914859886729772,2.608029403835292,-9.359528760162727,7.676784862656046,6.339343614143913,-1.6396821107579302,-1.707817775953341,0.6083814701622303,-5.013569717243779,0.19463216664417743,8.837015959347589,0.549252191482278,0.9017773469671952,0.3817592992587695,0.5800000000000001
0.6281880613689769,0.6738044722238992,0.4489077642235958,0.6612874297742874,-2.3102583086724953,-1.6660249730649284,5.167705871064127,-7.032904905130312,6.321024519036177,7.304565028363086,-1.274254371822424,-0.9889219148489301,3.503548964055672,-8.4334455543217,0.4538907162380075,13.596203831558723,0.6363252160646776,0.8790423178691397,0.6384771568026891,0.54
0.7492387204119225,0.7236390381407377,0.3528921772061435,0.4893622063314256,-1.7452707835389385,-2.2333403527772613,8.128907642780105,-10.234765920632872,7.156583946745412,5.888197707804414,-1.0984453032589734,-0.8536644043076207,-3.2898534435530467,-6.588338342160937,-1.0408066231916921,12.594518965392913,1.1975859951849075,0.9504465078538763,0.15143610239999206,0.5900000000000001
0.6445533736727016,0.47317663964750845,0.3706062251074599,0.6317030522248155,-2.494089950350588,-1.7266640571951806,3.502160424747054,-1.2992295489894659,7.838097369710771,6.7957529303981445,-0.8548069279116587,-1.5847150837105752,7.1548861010545775,-7.054619375060311,-0.008259320523420224,6.18192363026173,0.6345603762404842,0.2975292744635494,0.22319716337231787,0.58
0.6524571470447054,0.6464365411829429,0.5602599986076311,0.2684358562539927,-0.29698747411283327,-2.4482499594153784,4.027690036753926,-11.3582038620767,7.556051211823206,3.036701207858659,-1.6668278589132501,-0.7255002143992868,3.555812449235349,-7.365938029563036,-0.7550600589476555,9.13903814745564,1.0325684117702685,0.787164924116134,1.1050119401666962,0.5900000000000001
0.6669030157888157,0.82963238063193,0.7611992482554976,0.4300701120082326,-2.0108409251984782,-2.3435523718051305,4.555447060552281,-6.649913141136688,6.572767255597486,5.378556108245136,-1.058117964541852,-0.819665172359087,0.32531183796312857,-7.844116843180252,0.6546819766111218,11.903134016268849,0.9074547078270341,1.1257977212144055,0.5736042852897588,0.5300000000000001
0.6427623143461861,0.6164334597573582,0.5090458881143805,0.4688145841237188,-1.1986174250591626,-1.5950738361802388,2.1046128729799616,-4.119075445469663,7.335854708539671,2.5120235866634246,-1.781849159949675,-0.8770125198047987,0.4803322511184316,-6.225132185087185,0.5198448969837721,12.684930742997876,1.140665724748334,0.7010466825999331,0.7251703572573062,0.5800000000000002
0.5633018374161396,0.354641380317246,0.25737671920618194,0.6483848263815664,-1.7983876462737043,-0.6514291354956209,3.8909405160825172,-10.62016398135276,6.958840136532638,5.874526548831929,-1.618771981313821,-1.5601598414262097,8.101939610842233,-3.570463925850069,-0.6631344680414332,12.141980854570264,0.4031035702118204,0.8909962717214912,1.1944086533228782,0.5299999999999999
0.586234403281396,0.4375517384353203,0.6315925934942814,0.3911418437531607,-2.4263196465344654,-0.09677365134387572,3.016722645235895,-6.5773652736285,6.401311478911597,6.906644454980856,-1.4850914816270693,-1.4701005160646312,8.94285905929428,-8.231313066393147,-0.7356657070273052,7.867634000782363,0.9771814645689552,0.6726792276223365,0.25377097444455726,0.47999999999999987
0.7776110630060349,0.49440248342769333,0.5878575707201423,0.4668524465888862,-0.5109181674886007,-1.7127361462998572,4.554348996949442,-4.198130094491651,6.393592685202081,3.8908829561354636,-1.819452155496028,-0.8329547705439821,5.07063968560843,-5.344881048063066,0.24781522993899863,13.517866772776676,1.0578316856857937,0.4077440802076132,0.9690471145201164,0.5599999999999999
0.5516701600526002,0.6450535125882709,0.6803554909552313,0.2510314044808556,-2.4465813482459726,-1.8280143659966432,9.844949083288483,-5.39041756265892,7.104604187552299,4.422563353889672,-1.7111209648792116,-0.8388278589080059,-3.7077673522853427,-5.4708930468802475,-0.1650162773829296,13.921699798160361,0.6844485983225491,1.0491395564315318,0.7672521931188329,0.5400000000000001
0.6850064468394789,0.6613595927450707,0.29816988402931216,0.7031191523086036,-2.48760420139224,-0.5978964556933256,2.8845151416528116,-4.47311429038866,7.353537855549241,3.3375905705548248,-1.401621411707096,-1.7643504550731262,4.8321753306113955,-5.349209902123811,-0.6251843370605807,11.887417985424088,0.7136937795967964,0.44540387425218947,0.9794657209921693,0.5899999999999999
0.7576844567925338,0.8496651498075956,0.36391925760048216,0.7245535031951833,-1.050652282175082,-1.5287367402213305,2.114726975811882,-5.562783250617066,6.321961742635402,2.289720540320439,-1.811634019686108,-1.2587763892967023,4.249262772159163,-8.562897410515859,-0.30340246634011486,10.47002491657928,0.526888445812878,0.9493284126645499,0.34026988418215737,0.55
0.6573393682161629,0.33461474173865663,0.287397310063491,0.3656222085152477,-1.3788833379447596,-1.2691711280388775,4.313585895902089,-2.251137674179639,6.927343419036226,3.3141741840819074,-1.4798019259366428,-1.1310681233097282,7.644873598986373,-7.894080586980516,-1.0916135524481696,12.416226419450162,0.7318187767341108,0.8056157543228645,1.0782415443021773,0.5799999999999998
0.7449449943911349,0.6090406702102032,0.2681934532449586,0.3788470190423375,-0.7302968025832363,-1.7755370072865038,3.9477975355629518,-1.6570910569439519,6.754293853644069,3.441807201897311,-1.6795859933240422,-1.0077266060614656,-1.1407966053840841,-6.957547987999747,0.4174165659117296,10.036649466940734,0.7992046002646535,1.1725566354265793,0.6839647053502818,0.5700000000000001
0.6032352578023504,0.593365542769925,0.6041441045869339,0.45225484681624306,-1.7615936468432358,-0.8417182201519632,4.21265542650953,-0.6608464368959899,7.472056994493598,5.647980313976109,-1.1599066927575676,-1.431645038447044,5.381341602447377,-7.28770277133567,-0.20486927128093524,13.00525801490094,0.7489289782774575,1.062553820938954,0.43158463380282674,0.54
0.7433160865883229,0.7230043391021735,0.5576747667661,0.4745633490444324,-1.2471622319118902,-2.0797451876835193,6.611556583787445,-1.028722826952663,7.570789914779045,3.920417519964617,-1.9543845205504111,-0.8695365950764595,0.4368114225223072,-6.891946112381665,-0.5118295153041162,13.811980035053683,0.4865822913554538,0.955255187075545,0.3837042608081346,0.58
0.33376754027454414,0.6872076181677905,0.7500329888747999,0.24826304379628183,-2.1741158377219287,-0.7332277215608307,2.5625283814315605,-2.9507385396979715,6.930215554465801,5.3796381442021834,-1.0788475626477811,-2.044553535595749,1.539890842155884,-8.040983901526936,0.18211584533769992,6.8339579271354465,1.1684518015070335,0.5515088629257063,1.00161229049468,0.5900000000000001
0.5019690828265356,0.7250042562158124,0.685966725534912,0.691834387540786,-1.3372852658646086,-2.214411442502165,3.7697511778568655,-6.807983373876009,6.907578313009585,6.404276100042622,-1.20298625513681,-1.0983248643612342,4.084332832774681,-6.532352962282171,-0.6519402739885284,13.234433426055007,0.8605589966951488,0.6755122566039029,0.962484197749043,0.5800000000000001
0.7749075313856287,0.8206156721333085,0.6493931530076081,0.5850007374393971,-2.2883387932672252,-0.9986107814882254,3.3430698176422697,-2.501841248861794,6.188123562607771,7.4570902908492345,-1.7036675331758933,-1.144095766173181,1.4136358218977125,-7.543498897798641,-0.028926492745897647,8.291170183493675,0.7189995053496927,0.8214427361473654,0.6031547141950171,0.5300000000000001
0.7557436341274915,0.6909732386169272,0.6989826496809798,0.5537924878843387,-0.9624620814295188,-2.3792139763843516,6.071364798449712,-4.110731238430563,7.064086804783999,7.9832938592542755,-1.8744134265793784,-0.7770015773141031,1.3833189263210623,-8.752627555306535,-0.15819450568972093,13.638702321071912,0.6636958025908528,0.862290712575857,1.190818105535631,0.59
0.5959742586502121,0.8104798842822387,0.43742087090871684,0.24575277207476592,-2.1457969660214555,-1.143416630163665,2.7820446847137714,-9.47231392986125,6.43849908618481,7.556032196124685,-1.3690474226212828,-1.3109172737787607,5.037211059103809,-5.386342309826944,-0.3870095203770325,13.918036626017388,0.7633377297443956,0.8627411863786909,0.22035523128295637,0.5299999999999998
0.6670726231642521,0.7330329670540403,0.28527902551420126,0.6168079619226625,-1.1431389067641025,-1.5780091156325686,4.985679428691487,-11.2682490459407,7.582089507362345,7.663094899122691,-1.5144921186917086,-1.358695255126338,-1.3158253782612954,-6.000570586876839,-0.08862750298982708,7.560872054105095,0.7258126508039362,0.9398918942459284,0.6460419307491448,0.5600000000000002
0.7594868391713889,0.6817896603082134,0.7276464890523743,0.45286984976772854,-1.3615627739840108,-1.8322147326031564,2.8282444716165416,-8.988760372187997,6.948071942438799,4.296832619087027,-1.1997061277153158,-1.6551454140971142,1.337623624924592,-4.399729322578821,0.692942147435829,11.184631649170582,1.0038568856821102,0.5522730516016061,0.5464482143464607,0.5800000000000001
0.6765658633328496,0.7696847026205926,0.5328159265443443,0.3700713291250676,-0.8767511014416551,-0.9254312080305201,6.254491766702548,-1.9308224446721045,7.1275317641841545,5.284116529243174,-1.5979916902143099,-1.3161778959500714,-0.5061386389101754,-6.989732009480353,-0.14066480105114976,7.270042388242316,1.0903938538042217,0.8381110529403618,0.9599383151325117,0.53
0.6850133426805428,0.6654583963370378,0.39556815090635705,0.3828332884350372,-2.432221262206071,-1.3164311304304945,4.1257625050882245,-9.05362845282497,6.9634024484356996,5.606925829038265,-1.5506063188408659,-1.7692464830746435,2.5213801945135534,-7.951408518398967,-0.5580801907672159,11.942011504991582,0.48808166031993405,0.48432949006154996,0.6742290608334252,0.5700000000000001
0.7670814407886763,0.48886123368730616,0.7353033885590079,0.47495543661132694,-1.0841909315366767,-1.6754746839804084,3.2537620625931245,-8.651822767685509,7.455571026378899,7.911886601106811,-1.5388170049703356,-1.201208886487544,7.758676898951913,-1.4908838821779442,-0.1454286936353117,10.29045657814814,0.5872751048412701,0.770935332482009,0.08131224746404558,0.53
0.47555593810357016,0.8833847065912557,0.5840619465480311,0.6192469338053526,-1.487197898742826,-2.168438266878515,3.837002528465386,-3.9048680394110535,7.457558786380901,7.638639719201004,-1.3096321005105027,-0.8376542423544653,-0.26513192487910675,-6.746965364289781,-0.15672763008749835,10.862244790015769,1.0164143129287024,1.1553445131496043,0.8887731870005771,0.56
0.5297515114260031,0.669435095275988,0.5050878790538669,0.6773714567443453,-1.6156269002219665,-1.1176973972937039,5.302848891632649,-3.997789124914099,6.2199175372442665,7.662380266616721,-1.1600316408167,-2.1052954706326257,-1.3111998598751469,-2.3309423575585306,0.2459991736970228,6.9809422031036235,1.0061069980126551,0.656757571470725,0.8721183982816103,0.5800000000000001
0.6320480256619946,0.5891072262938499,0.5310567423947532,0.3076786253876397,-0.6000324819337727,-1.6312279859137693,2.8382843640670012,-7.046731148721541,6.352657594600962,4.905014793185357,-1.9789092824440866,-0.8817347843212449,7.360859259388976,-5.070279302543309,-0.20945394536480372,8.834388244092754,0.9177758038065607,0.6340130074935393,0.7556782445416593,0.4600000000000001
0.4796309603173702,0.6397590330053342,0.44886696279405414,0.529753931741458,-1.408151013104495,-1.7618373942295547,6.018380025769735,-8.71282021179058,7.622198713237086,3.0130492954104744,-1.9752200567892635,-0.8666902158989551,2.4021990575848404,-1.9273963030593648,-1.102639371931723,13.262618777983775,0.9298667128777978,0.9100499323019062,1.1290134714593463,0.57
0.6357512279239188,0.4831986938942281,0.237184245551802,0.3068563678006495,-2.489028963500655,-0.122273262742802,3.81803890339439,-3.7366290150971353,6.339329559978848,7.171102901821235,-1.624378727445513,-1.4039698947113801,6.920492094507941,-8.360527976097575,-1.1897444478169552,13.496834111376664,0.8121339186099513,1.0199012895898512,0.694985293530182,0.5800000000000001
0.7420399071978196,0.7204622534310844,0.2879100450791217,0.24308894304940787,-2.068921639236917,-1.5489181530883223,8.254472996391003,-6.098198663922506,6.630073511095661,2.930086178618259,-1.678797992359311,-0.8862059070577134,-1.9495335194826553,-6.054670301002929,0.16997301512515134,13.912394665305264,0.7365293129387062,0.9824747654854158,0.8795845581537264,0.5900000000000001
0.7863842908537253,0.6535138788003988,0.6612366671192171,0.7450498964800326,-2.211554054853103,-0.782089975289864,3.144279180646582,-0.35975768776382355,7.175038608462444,2.7282644413675885,-1.1895557169010316,-2.164645459173651,3.899920856580513,-8.286856486056688,-0.13091214570016746,13.102368111884948,0.9752036723758997,0.3824877892676864,0.43348579822043304,0.55
0.6196825357279647,0.8066459252247143,0.2721654591609218,0.47668236816403803,-2.346015478639988,-1.423781272787178,2.2587910142363543,-3.485438960318112,6.201396916336129,6.519557617803017,-1.8881010501347109,-1.1090284720332377,0.7995659186176746,-6.155209748052881,-0.5740604988374753,8.27495026652438,0.6895411845846168,0.9979252075569345,1.1937303682219507,0.5500000000000002
0.7043964161211693,0.8479884223056461,0.5571916752290654,0.5930151122343844,-0.5778518778143356,-1.4619054446306987,3.408953412040151,-6.094966135329106,6.935847244676318,4.922563799226451,-1.8584404775834358,-0.9378071743454558,1.0232758120164498,-6.355230851568275,0.35423125729632354,7.400375301565521,1.0992578465113982,1.1090039203206743,0.1509327649781378,0.5000000000000001
0.45749797652076674,0.8653766739541273,0.7181169712737958,0.48227915339097077,-0.501496225173339,-0.9189938296363332,4.360874943302137,-9.375003372911475,6.869513637544033,6.711804824802654,-1.679611976750898,-1.47520955508512,-0.030990320628052626,-2.7352487994105386,-0.9460758359587387,12.126528751606806,0.8634752935777941,1.1013573792665365,0.47780791281487556,0.55
0.4102282921345897,0.7141444042727135,0.3799944207473507,0.47717258515208716,-1.0472315541202304,-2.4844642736901137,2.591136065901533,-9.130114417120215,7.998235344988086,7.904465114398318,-1.5867362347575649,-1.5938252030677558,2.153627140687388,-2.831503467297328,-1.0260486748160278,12.364164432984534,0.5905226857405608,0.4927537560508413,0.8756855718982606,0.5800000000000001
0.5879750076854435,0.5730964966081041,0.5434196056355258,0.3671862590389466,-2.423413078831549,-1.6855393544188846,2.929658092652419,-1.1102282836248945,6.839497326113483,5.104349080133024,-1.6085398053420312,-2.009608211924387,-1.049472482858819,-7.422982266084459,-1.0524655758365278,11.427045982827568,0.553729802644163,0.5948474233677286,0.8748044040172739,0.5900000000000001
0.6338536700566726,0.7279529488780994,0.3351810308445893,0.2295543147729188,-2.4894883601488935,-1.6324694265459303,6.0542196989855155,-9.714692681734554,6.328968279291492,3.4838273215355318,-1.5983358514840804,-1.0390110195444597,-2.0397674731648405,-7.579419245768263,0.4434976544156156,10.031430550308855,1.0831895306860857,0.7991421814344828,0.4986078946857729,0.5500000000000002
0.5932991566106474,0.22310483629790231,0.744759533234928,0.6373954385371692,-2.3549733177180285,-0.5874363234801696,6.2756279495076175,-7.653037451272668,6.211686412766888,7.6856607712668445,-1.9002998377181926,-1.350427807752307,5.948534843202428,-7.072732562160935,0.16447681499429107,9.977982840595795,1.0696882367913885,0.36803693357185563,0.9346135952933553,0.52
0.7469198455866226,0.7811173448432929,0.4464207540129989,0.4896869852759893,-2.4198729062375963,-1.1345289614782135,2.872645319197419,-10.019221723300156,6.905537092953168,4.461860462290577,-1.8366750569183232,-1.15171408232819,0.6648369429067087,-1.330876912203578,0.38148933827226866,8.927706625382887,0.6009381083271776,1.083176809848512,0.9928063404596544,0.4700000000000002
0.6733945246868831,0.7470796760866026,0.7177755390587878,0.6093738617264725,-2.2793269240121763,-1.653077580053464,5.176255328704134,-8.356120146647967,7.359183214724268,3.053011604590198,-1.3120537512419952,-0.9484059263127907,2.5930908369518106,-1.3621556923994786,-0.6316272371189877,10.766498041169774,0.6254701374271185,0.8705490751654626,0.9615297549922592,0.5800000000000001
0.5030229151891198,0.7174381332537523,0.5317131861972363,0.48386392709542647,-1.292076665496242,-1.460358919534293,4.580788963234859,-4.23338793856538,7.849770460627125,4.311911425548307,-1.7354353751994873,-0.9812923705316051,-0.5025401344948695,-2.6575981552369288,0.28788458335811906,12.186429704765525,0.9580819594215715,0.9370437933101167,0.8793553822929402,0.5900000000000001
0.3281437727277691,0.8831088039342048,0.7214765344033688,0.7133694585242514,-1.6239202732143683,-2.2582650991714357,2.5245294822601734,-7.904458332648121,6.116358470015363,7.371225065755587,-1.2639644897275524,-1.3204757413044645,0.7823071540366628,-1.2838662508907972,-0.013934124625851182,8.538612907300923,0.5739736075143589,0.9172909229728966,0.9186931178814459,0.5900000000000001
0.6492540254545696,0.8474676513447998,0.4469930360549302,0.24712200703567422,-2.477856282749649,-1.2165115416078085,5.238501690776811,-6.94360066531608,7.118196282909149,7.210547206534563,-0.8144054701114978,-1.2584505226996763,0.860166015984897,-6.820490233818545,0.4126012065769481,10.169812822744612,1.106657375408175,0.9703045036909899,0.8095560254848593,0.48000000000000004
0.5244752820273932,0.7545034306780039,0.3613888623859712,0.5270371731151408,-1.98159529880225,-2.092704160200079,6.106991655616439,-2.475312230563749,7.756110016346522,7.31944476618035,-0.9808544112880784,-1.3629012315773281,-2.969521474543969,-3.992682919526979,0.1279402895140151,8.370616495532182,1.0420893583353525,0.8749311065368741,0.22803984799086607,0.5800000000000001
0.6515028022656534,0.7939839365917899,0.4769343449454649,0.4253380873734822,-1.8050478204772664,-2.5295097304186496,4.014896487898717,-5.759258576999936,6.104429960787241,4.951476409350091,-1.8834458942710988,-0.5425742396827209,0.5288764966820678,-6.8124171866244385,0.5923482516183916,9.534756420079072,0.8326231006065217,0.7926872096922646,0.8638928851963887,0.5900000000000001
0.4747124028224346,0.6183249896216677,0.6846352529917448,0.6829635303584615,-1.1229893163432014,-1.3024923747240884,6.142240233399838,-5.761909325704349,7.375965074693337,7.635346662948566,-1.8651559249530634,-1.4916992845702257,-2.165847769316246,-6.436869090158741,-0.5446637772228449,8.550697498008981,1.047744424522636,0.44953092012072304,0.8245233756779126,0.58
0.783094120677977,0.7999491474210473,0.3788599367687018,0.6946503788824153,-1.6542901470314364,-0.7502667279624897,2.5570515209700324,-0.7576443144227227,6.838129063903971,3.4152095632040607,-1.7038216263255086,-1.385768945660442,5.3767515173914475,-5.586536108348797,0.34697160198789984,10.046790101927304,0.8722694166136664,0.86925282998613,0.8977851104211365,0.58
0.6151824546976632,0.6060126081467085,0.5719672242006667,0.3452742750214368,-0.9627368699268459,-1.3483582323573144,7.2291089487387,-1.8089060373063837,6.434915897238087,5.664187031939449,-1.5294055064125456,-1.6179331744956331,-1.0979094591370164,-4.928012106273969,0.385027132015457,9.676155036207186,0.8605054692098537,0.5331533579928242,0.5881167353649842,0.5900000000000001
0.6384015912308227,0.7261075916380445,0.26315585269480013,0.448029616753501,-1.0325125376170856,-1.911074237757475,7.812004055645465,-2.6307508068605046,7.663959547976455,5.320998676978407,-1.6296319321857944,-0.8093439411696706,-0.8497243645613566,-6.76870357087906,0.27958427628685395,7.592475607994966,0.8043713921570583,0.9624837650841903,0.6514969742725694,0.59
0.6965149239877393,0.7164642533361512,0.650178690817795,0.78658154675734,-0.4345315708180802,-1.9743255982772834,5.7429960061199035,-10.11426424930751,7.051349296121345,3.9671516474787145,-1.5357380052249903,-1.8108070491507917,-0.20444884505420358,-5.658847554745244,-0.3339241305915354,8.381383026200396,0.7548687256912165,0.7627009267356,0.4281033144126059,0.5300000000000001
0.7839354161162713,0.7522617877763409,0.7681796274290955,0.6238074455990984,-1.95271538014594,-2.615738948272578,7.402904874344978,-10.480684022636847,7.463414060215264,6.663627796356736,-1.2048717941017197,-0.6496628114622787,-2.9871622876037307,-8.560628530275824,-1.1235490189388988,7.443077556742816,0.8826201413179929,0.9308848193444096,0.324116066379756,0.5300000000000001
0.5340274406949566,0.7795503682828407,0.6652608065602404,0.3670153685390731,-1.9805057525761114,-2.3903744762532515,4.796038533212448,-1.6024586577365052,7.20100683209332,4.8989874767642805,-1.7823146132516765,-0.5271753379856778,-0.18881992145675275,-4.772763222052154,0.0026420420979385018,11.848881588950976,0.9645026415239994,1.1493915448651402,0.32239787809844694,0.56
0.6119977660669343,0.8754789784017565,0.3756401610892147,0.43903788309040037,-0.7452523505442051,-0.9320491728379473,2.2193064710582924,-10.533084194349007,6.277099130034366,3.239627511342708,-1.4578969806889992,-1.6080142829641424,2.450188402453433,-2.8137677905533978,0.7015234653649801,7.672843844639123,1.040846477030514,0.9919039049807556,1.018653428502912,0.5500000000000002
0.7925623929627371,0.8634096252157993,0.5769388451404532,0.651553873312997,-0.5148536036671605,-0.790215068316996,2.1461303454641403,-6.148303152840605,7.364854040719738,2.1183809781807894,-1.8250561452994887,-1.5689819614595033,2.9695880168557847,-7.229581897329124,0.035350830683483714,7.8377258797923375,0.7446598163583958,0.9357475364503456,0.2682639684330057,0.5700000000000001
0.4540750146810968,0.8401002640188697,0.3242286813493731,0.540591047977754,-1.9742672250727478,-2.1920087032436095,6.036208328842092,-1.5693170348030923,6.815482809172625,6.194660286490377,-1.7204181203636992,-0.8345708177211738,-0.9771067221592415,-7.086567687359903,-0.3126316417097781,12.866635541478026,0.6571994341752407,1.0196907818989605,0.22988645207701053,0.56
0.4995921881372452,0.7666109441342983,0.5651533649435374,0.6289879803587578,-1.184461123162702,-0.987279556595569,2.751188502905672,-6.153843440224378,7.824162791790707,4.3739122008486655,-1.7823840130294433,-1.2821098682565932,0.5530496994536017,-2.3175337323609755,-0.358245815753487,13.199019627048651,0.9903614672734598,0.8288063878461219,1.0208772244432194,0.5900000000000001
0.6646293518439439,0.399796080334083,0.45991890896664966,0.40794133665463206,-2.3564791320780345,0.06139907432871028,4.050390141600669,-5.957995241811501,6.687616492683253,6.644030587418837,-1.824246245556172,-1.7078420223352953,6.73107939943846,-3.3304105466980687,0.40929788901661884,10.843935271767132,0.6599243967732327,0.8226572290339103,0.4975181775788479,0.58
0.6718465920621939,0.4417747733711982,0.6856505242302381,0.5236720549632943,-0.17192682862935538,-1.9824238350012622,3.582797741697731,-1.5683720740764489,6.952171692241056,6.872628592499053,-1.7784400679346621,-1.1675192871362916,5.653108519864782,-6.955716612567398,-1.037108524360119,11.140176636530109,0.8739344270051184,0.5163040749254838,0.20107801576561768,0.5500000000000002
0.6030424893233378,0.8448681354592678,0.7662630455550581,0.617101670293617,-1.8548628566419436,-1.951536269540428,6.596135938869136,-2.115331594522595,7.391687604372522,6.126388585223521,-1.7953981678930389,-0.7400970596923672,-1.3013675418228332,-7.944465416823672,-0.8894685834637402,11.380991602030148,1.1211365205571273,0.9010348407978217,0.7204574075241186,0.59
0.6566824340288878,0.3300977339417091,0.4649809349246131,0.2173610923300605,-2.057325356845463,-2.2803633841659083,3.9717135590480894,-5.203723684006134,7.74995770407819,7.082019839842627,-1.4475626000305666,-0.5708957292630049,9.190819487885275,-8.978127942306658,-0.40741978158981995,8.823488357218366,0.7580430373424656,0.326002067416925,0.6847646271193338,0.4899999999999999
0.48382294472240245,0.7601164839730533,0.3535167721610176,0.42705855090812406,-0.9109464185207464,-2.1898723098896586,3.3248622906785847,-1.5528420523693707,7.215658716859139,5.969201225497283,-1.4596088970535266,-1.9970265514036758,-0.3022860162160137,-6.511354895814313,-0.791297950441475,13.162458600854924,0.597557086536119,0.8432300297576513,0.5768955392378683,0.5900000000000001
0.6313662536459779,0.7465201928606471,0.4315157809297769,0.5448258954197792,-1.2641562785275493,-1.4288408780396369,3.1618593631579515,-8.417679803169452,6.764328246625846,4.821511820941655,-1.2103579818709442,-1.210144119514686,-0.006113630929304947,-6.246747639541276,0.005063247531398474,9.680955980206825,1.058543771813172,1.134115635989319,0.2547275806616014,0.5700000000000001
0.5545908312397003,0.6351570953687573,0.5106325743934536,0.3029193758702807,-1.5464816822535632,-1.2237657773151582,4.061860233641688,-8.916111058001203,6.588994394120053,2.2779734745595435,-1.925504581016557,-1.0741971976633091,5.474623170250359,-5.790030876820013,-0.6887427582662271,12.956416107370993,1.111371401488109,0.5675607705129297,0.96109261353416,0.49999999999999994
0.3552238774300469,0.7086286963715323,0.38277917584227694,0.41314102878196035,-2.1634726182557404,-1.4591004806141394,6.939636682374074,-5.089048166106235,6.8131443037084365,3.2489190038396814,-1.7748123977374293,-1.4207148425796492,-3.0136750351312256,-7.068730279251271,-0.19412082677603038,10.268931996653514,0.6170321522564591,0.8209300324394524,0.4685533670631089,0.56
0.6584242521183536,0.7371032154349094,0.6322007789017967,0.4644690778420862,-2.4753145654941013,-0.9939653334251008,2.743789549792933,-0.8654445679270889,6.511029525173866,2.6652378719366863,-1.237973974809531,-1.2141871117566203,3.5167392396068755,-8.141657731746722,0.2895865472562683,6.633026273680464,1.0295910317904555,0.9058572945292003,0.9799804793249605,0.5399999999999999
0.7708055569806431,0.45950540377189736,0.34947886762456815,0.774155208417063,-0.8986646706770556,-0.5018327712079067,3.7019232564535898,-1.4240896592293157,6.644465758157913,3.3980586384133393,-1.6685797553925323,-1.551577241086655,7.933057467091908,-7.066596060218181,-0.543155436065144,11.295726950832798,0.5772930778644995,0.9413099916157104,0.3839549595431633,0.59
0.5144398251061851,0.4488383039022689,0.29108171875141176,0.532163810346666,-1.6806546820601809,-0.9156620146340065,3.0639110515647827,-2.7856995254439108,7.130803050750774,6.143463706553762,-1.6109251894577046,-1.457696508933111,8.193555858284364,-4.479975843450569,0.08503688853111702,13.214218264249658,0.5772769232993346,0.8001867141567286,0.3287579352637918,0.58
0.7884748880820676,0.8409054169059393,0.7551529693752359,0.5303165751153478,-1.7263230895360808,-1.9332754982757856,6.03802199108784,-5.563727746148708,7.25989737853943,5.691678792137718,-1.0737192611157043,-1.0364201515786975,-1.9148075752957567,-2.5120930186694226,0.11341495824479231,8.333045073100775,0.9659769700084888,1.1820187781686757,0.3729383088863104,0.5700000000000001
0.7348552635429804,0.7697526118115438,0.4651119082594454,0.5387243895547313,-2.4567731721435395,-0.6416986074891279,3.324363543363227,-5.226919040233739,7.650350479781297,5.830866658998675,-1.664777748475846,-1.6726878938783576,4.334646617721967,-8.334912333591301,-0.47478856345421766,6.82038474645928,0.4618506466763467,0.9366933136688868,0.4809263046107265,0.53
0.708019918883679,0.7020274397132439,0.48774184179215047,0.7302206354828547,-1.5452936425921373,-1.8452484555981394,5.61859487370778,-7.947400419610558,7.291126537224153,2.2822157238994967,-1.4623090722629388,-1.7665015270058346,-0.5163863109337116,-2.2125215237353903,-0.7336628224305558,9.680491187948926,0.450128275257962,0.7298120614559835,0.4272904343263073,0.5700000000000001
0.7129604462754404,0.6484755517128451,0.5744327157338421,0.5910599452201047,-1.4839682931111966,-1.4436597171857213,7.520286263230812,-4.386351057006408,6.982345918269861,2.158784336695891,-1.8512271723170013,-1.172630941731656,-1.6085579143424111,-8.944770382976044,-1.191395236844319,9.536778918722229,0.6146612020830948,0.6705407693211458,0.34579328577940666,0.52
0.5915478434841721,0.7898832762464337,0.401656839780854,0.6717188780529157,-1.2190950941706797,-0.9609607289748863,3.5469217034300695,-1.0329615735490498,6.953682076663939,5.445025452778125,-1.936271155255435,-1.4080510797575094,1.1154219231810196,-7.477482807683194,0.4734496483660484,13.070809839469964,0.5130054790166837,0.9665236312405419,0.5673229882643142,0.54
0.4670676589858048,0.5424585515994023,0.644849534414375,0.27358037791076284,-2.262650111649228,-1.4868607149084287,3.301636836664089,-3.966138298771801,6.926187771271921,2.0715582265720816,-1.3550727727073504,-1.0452252678802643,7.5206221196169345,-8.58361638725599,-0.16396389137025902,6.62253659761029,1.0539782536417581,0.7474401814034681,0.7101807840821497,0.55
0.5253581154038056,0.6245642416982045,0.5480266784247001,0.38854465535932897,-1.098101498581217,-1.3453941427754632,2.8898252347759255,-7.870840907158408,7.792764727888409,4.934175158056138,-1.7006658721750296,-1.1782092938480804,7.263658132963286,-3.0324900825848164,-0.40745676200009423,8.769064768529955,0.8077623548270941,1.0671404123868524,0.9642451688684267,0.5599999999999999
0.638412381290002,0.293704831061504,0.7164736845595161,0.6874444444248944,-2.3597638652734227,-0.7168134067590006,7.786511348356866,-6.115637297050579,7.495438274063748,7.975903258700915,-1.863981197741358,-1.439475390908415,3.38806185971234,-8.197992060687618,-0.5674533136343958,8.389211756596367,0.6128142012260175,0.5258832004797975,0.926765773956993,0.5799999999999998
0.7055751495195565,0.404138224896,0.7754836070287097,0.7548931852231633,-1.718730717943207,-0.8605753346381124,4.8477064747368175,-6.898000022942529,7.55078272055672,5.442735681504831,-1.254685255897177,-1.338428154114231,6.305460842946012,-4.375820385289747,-0.6258200056201837,11.322390671106609,0.8287185105997781,0.526131345627101,0.7512764316338524,0.5099999999999999
0.5433274021609049,0.34058154120875633,0.4748760907791715,0.31187970873117155,-1.709320714961593,-0.23825710569516245,5.214812641754919,-5.823332078587605,6.02283964372624,3.2196720931330907,-1.5711084574432341,-1.551331119341,5.907009595942171,-3.7441184047530287,-1.1045013466504012,13.646632384772404,0.6415406091197298,0.9194346600873374,0.05734343729394514,0.57
0.7423081842125752,0.6974696012579207,0.6118510991264936,0.3226818644733947,-1.4615231409082343,-1.0834108160110705,3.837043567533715,-8.01838567082349,6.227991997688812,2.3646769113510326,-1.631681816231564,-1.1083340633092826,4.626062520204478,-1.12245079699623,-0.8789783808479137,9.26801317812421,1.0258793848542325,0.749032237201344,0.8815433241167109,0.55
0.20433190502779813,0.667017414973352,0.5382422877767508,0.2022678073036932,-1.8656176372691566,-1.0528459429738142,3.1299955347668442,-3.870043477182591,6.3563985682539546,4.825337147302767,-1.8601928237723564,-1.4721881699344208,2.2334295974440215,-8.615258608809116,0.7133917993805912,10.336865164895997,1.062287260770279,0.42527883417868095,0.43607239471275744,0.5700000000000001
0.7551178107197561,0.44815841733796796,0.7703669648347692,0.7749159730761012,-2.2623990048947524,-2.253871895335375,5.778876696513632,-3.95145814837312,7.879177085066219,3.534620860600528,-1.1688682904053085,-0.5416492459738487,3.969486361928436,-7.429051415943131,-1.0578797734429408,12.51036884187469,0.6361709684475583,0.5697100930848153,0.17916898080071,0.56
0.6786514653914173,0.6831635510413752,0.509997652252237,0.26097903908222475,-2.1642733797215383,-1.3595659457906066,4.672739448234906,-9.736585169422238,6.011032334480474,4.387311029449118,-1.197018690910178,-1.4679036630450772,3.428978679778878,-8.890690790736773,-1.0336399414917543,11.521387269656922,0.41263402598184307,0.8714623782378159,0.4506468627342407,0.59
0.6378504320121228,0.299150681020569,0.3926924686732171,0.6558135393979296,-1.9718248256587985,-0.6180007783511665,3.8500721946367205,-7.146334513979867,7.084486537071143,6.542875513354552,-1.495769506710296,-1.6512989663869755,8.483105183264446,-4.643409050713821,-1.1705321657874324,7.6539575977482555,0.43149487675175435,1.0517275355276872,0.4757286130041231,0.4499999999999999
0.4826336803559006,0.43384944644048273,0.7161424619204189,0.3946877909859554,-1.3458053280701519,-1.4731289420591205,4.043796428986036,-3.675028195674116,6.50827099629032,7.740078978396341,-1.7105478720761809,-1.0615044100796887,7.2989719600074165,-7.63988389332755,0.08559893356855648,7.589911286489333,0.7480557639564767,0.6392086437322836,0.743168425186561,0.47999999999999987
0.7383555916549468,0.5964428619638085,0.39676665468423117,0.41663475032651665,-1.591023930281642,-1.754074047534497,3.5896847113707713,-8.249187483954872,7.561160884215332,4.102096573423777,-0.9184568322076208,-1.2024236288352477,6.762604911251974,-3.7356816808312994,-0.5705037870385267,10.261380176638735,0.9592944316868781,1.0424258339542827,0.7525167825005692,0.59
0.6074727316704636,0.32389311833342166,0.21948290692003303,0.4731364776099075,-1.6713287286153404,-1.2977346682232322,4.006315743215212,-0.959956685541139,6.615564193954626,2.7752813468290576,-0.9334103729417844,-1.3579494966366985,8.252856747786531,-6.64542097194218,-0.6720999112659133,9.570207352822418,0.8672260927895112,1.1477602391515394,0.76881768139183,0.5899999999999999
0.7022484060031249,0.7826258877345561,0.4647068548758788,0.3714026915174249,-0.7437582125408482,-1.3150165585050375,3.8011950866082134,-8.657937707946596,7.907066185282653,6.0940032695209405,-1.8102955711739557,-1.1162064953524995,4.034861520685343,-8.202477355973926,-0.5258949057527902,12.745034836679524,0.9338452270621077,1.0172307054645746,0.5880313709324496,0.49
0.6855895879708127,0.8481400448835187,0.7121175706985802,0.3605728696974789,-2.1247306776390706,-0.8267505848895225,2.88606938769263,-4.790026325468604,6.237467945946908,2.0699645492481027,-1.1035583533423536,-1.2901935909705409,1.2466823092279118,-4.099182215550284,-0.02137242391317007,10.624786871367519,1.0304887226867436,0.953172186114523,0.6024142203540412,0.5
0.45426715080286345,0.7813416465017222,0.7205341071935183,0.28151380776834367,-2.2191996670743523,-2.167843993765063,2.9708449950967726,-1.8068979022899574,7.288824429419966,7.105093934376919,-1.1021381906465615,-0.8221779831228715,4.32356712199404,-3.5942552864770243,-0.3635110856645012,11.234985508602215,0.8934611601260797,0.8289131114894848,1.0165545762133763,0.5900000000000001
0.7510004097271756,0.6936308719012046,0.7780679282640123,0.739008095299413,-2.2775300165443473,-2.0374684626154553,5.501493298491927,-6.568013779586231,7.881579834219424,5.475232737097858,-0.9274088434169341,-1.0322862361890734,-2.6129323300615686,-1.5203549085514183,0.6065002923273577,13.01896391732291,0.881135278368753,1.063909018514835,1.0156520401300295,0.5700000000000002
0.7866466192457576,0.46680351525821645,0.7014568457302053,0.3397021498102624,-2.090568176028621,-0.7242703732438699,3.2156667868985744,-4.38442788352953,7.199258849665126,6.994936310058424,-1.4272230796792258,-1.334015341280642,8.358595866793197,-8.649379391439052,-0.6801550381191532,11.770232432837105,0.8264703468437941,0.5347119435349967,0.8497588256752026,0.5099999999999999
0.5980573176046563,0.6091137236810584,0.48845003435422674,0.21498827146255317,-0.40857638927633827,-2.002586842091457,7.345752706291982,-8.814731311935951,6.018053253329615,5.977419754491044,-1.7361963313830395,-1.8678800771145647,-3.4145222477885486,-1.4640025901093037,-0.9606993483172772,9.30591355057481,0.852979748302129,0.6822913286081926,0.7054371835845366,0.5900000000000001
0.5159016928708168,0.8583119892167483,0.43923035143239814,0.49894504893864283,-1.4444498916616655,-0.9286130966250404,3.4812527243669296,-6.189060130107188,7.237141459505558,5.25014502115624,-1.5686770591649588,-1.5128998871156745,0.3493145387545127,-5.637081537236679,0.13097669946512241,9.452665775661504,0.9592266787711928,0.9096599344655382,0.7448281237788733,0.5700000000000002
0.6964505572210796,0.654771356365348,0.266000513714101,0.4938400081279594,-1.9058589690359558,-2.2503860194194827,3.47252636608659,-4.385661204436405,7.903424983523738,2.3111871560305284,-1.107871683466084,-1.9653631228331656,2.386812820359866,-8.838949871118094,0.048834897748865624,12.23267801408391,0.5043023041062172,0.4072361978227145,0.7459197806810499,0.54
0.21226437144855126,0.6744076860372151,0.5716328876188776,0.6497802405855357,-0.8557580724278007,-1.8478304756315942,3.8957100062346868,-9.92273594648214,6.735091340423812,4.562713085679274,-1.618295419813814,-1.4203429301416406,-0.2912875119889217,-5.800335551470782,-0.12120795977260956,11.089208411832805,1.0454600265711664,0.44388250599483015,1.0487094186588866,0.56
0.6096865638399913,0.8509905667708333,0.3097774643455718,0.5603302886033861,-0.6836253732771841,-1.6211634651262132,2.7116195512747354,-2.394496141798565,6.26886144003031,4.064725462084047,-1.913927562002563,-1.025592346227144,1.1572037034869895,-4.522087737241989,-0.9850096495954878,8.985636837565576,1.0314406578794135,0.9810354401512693,1.073825284597965,0.5400000000000001
0.43002374402773214,0.46137393803670573,0.657241799185522,0.4427352147561515,-2.4508530733816922,-1.327420161810064,4.192980410704625,-3.8124591159468615,6.868933988483954,7.712516331742822,-1.8874667065153576,-1.0769712708151167,5.811860533758421,-6.071790793802961,-0.3873560513044766,6.3404025582364465,0.9056354423165931,0.5397820863461231,0.9160574739083953,0.51
0.7999198872447733,0.5594088788141713,0.7037144165951102,0.609558364891042,-2.4100153575446264,-1.33319846035354,3.6129409474382985,-7.183997634376926,6.494648086737893,3.046380527135643,-1.479891954113062,-1.8148637315987595,-0.3857718563575149,-1.6045789910218224,-0.8885180164327448,8.234118118254607,0.8047813948956474,0.45270894134711676,0.33396463777067387,0.55
0.5738387715743485,0.8113980740904079,0.6663418746111665,0.34240600791836123,-1.1184513167956618,-1.3398758170572682,6.0864640580934415,-4.006194597639302,6.733792705416713,4.8516740800646145,-1.6529892382818054,-1.1997619624080873,-0.07502431837326845,-4.584769239442847,0.7386985104955991,10.287772229743753,0.8332926595277432,1.1234602073143194,1.0309672029518944,0.5899999999999999
0.315517793442715,0.9220783222891454,0.42361508702232864,0.4905615042255921,-1.5015409726032525,-2.915765378916484,3.2353115322575423,-6.8962085829024815,7.543803085779764,5.761083312348579,-1.7624081453095193,-0.8184815763669706,-0.08832055410542655,-5.544131720883353,0.08352206074799862,10.161481224970325,0.5346303316172474,0.9578487585626365,0.9545816765418118,0.5900000000000001
0.4263780868036289,0.31091348191218143,0.20025087096382566,0.348055344892788,-2.315891543092122,-1.4520400738999222,7.097133751146246,-11.27687289132065,7.977451140539266,3.742315137080264,-1.5724357273995402,-1.1281373154671486,3.3370073873211936,-8.684139496359368,-0.9157562002025658,13.496851776382218,0.6024181016277074,0.8175440492460752,0.8062849722470029,0.5900000000000001
0.6633188026166686,0.5202618895315486,0.20594895337149724,0.7617813627432216,-1.8034788368764036,-1.1574684065909602,5.403472660112541,-10.814126500653492,7.075647131911006,4.615164972290606,-1.2991782319568643,-1.4506884858210818,4.7174898020014115,-4.16179726671357,-1.1360836648335464,11.696266910955975,0.5121610453585586,1.0206549572337893,0.5945402059742051,0.5899999999999997
0.6834633245457022,0.8572926676666411,0.7200441782442928,0.6946313907513296,-0.9742753563418758,-0.9223426066694953,2.427358864820685,-9.43608168737169,7.674021103503941,5.837848591958088,-1.8465963984248932,-1.3256246474348006,4.432554547431773,-1.6894327283589203,-0.7757704850781371,7.970687392240073,0.7828492532436614,0.8177849293144174,0.10323536530448403,0.5599999999999999
0.5555542707873047,0.8412969772940964,0.36901318296923236,0.2091453295566139,-1.091539090450487,-1.6752797612595332,2.614522237993331,-1.93702688856564,6.991879261296328,7.841017268436233,-1.7525488790757138,-1.1297343321245297,-0.05650916489731994,-1.5143355023565646,-0.4940965186756561,8.783862295978743,0.6844600169112749,0.9918207770580085,0.8564522863267177,0.5900000000000001
0.4731443657183239,0.518363785504682,0.5884830274191187,0.5232123933033906,-2.441811135496758,-1.480165862747528,3.055427368191527,-2.3495457663536885,6.560849082040585,2.862492270204098,-1.419809408983909,-0.924319051346631,6.9955636518570685,-7.490944880867467,-0.5510124521813337,11.796420644304645,1.0978679595749217,0.7205486253762605,0.20533510616375011,0.5700000000000001
0.5362008806167664,0.8355287628935769,0.7724357153078409,0.45768892274599443,-1.8201348767033827,-0.9625471236543103,2.2872756301174015,-11.170710623760513,6.45416428896077,4.489996463279358,-1.0416870976679584,-1.5007531930485052,2.6114863546943328,-1.4260725764078646,0.30569850772445384,7.254795959067718,0.8639708434388877,0.8585023365826094,1.0471054254844459,0.5900000000000001
0.7007792464832295,0.8463393021706049,0.5147706621648444,0.44148559649294306,-2.2878511919751263,-2.448040323078663,2.5514290619581415,-2.703410163860875,6.500037685561731,3.1299281654630446,-0.9213771550552458,-1.2088380156365437,0.9571095194839949,-7.197304056169379,-1.1430865735331905,10.409991988914326,0.6990103874782574,0.854965019989087,0.702635709741404,0.5700000000000001
0.6848872603383622,0.7679351397819433,0.39531572805040116,0.32264509248922885,-1.1267641537807487,-0.899921081062844,2.278015213015671,-1.606725955622224,7.1544465559606305,3.0594495892905513,-1.9050053600098176,-1.3189231293953303,4.127132658116678,-7.7331686002439195,0.183414180258758,10.245117526895212,0.7520796547434385,0.7246842644058036,0.5615075793894692,0.55
0.7855554598056433,0.7254182263833155,0.33131269324564827,0.6947856854538539,-1.5041726230313401,-0.3267649605981217,3.6878818527291384,-2.839737258891992,7.27801947241401,3.713777682154081,-1.5587430049433315,-1.5082336889414811,4.709545035738238,-4.775019453026244,-0.6995477903911215,7.870174720283159,1.0059148187466382,0.8835511117161805,1.0754517083655775,0.58
0.6092223478791099,0.5777509191230155,0.6658922393415896,0.36476930588152395,-2.3122638619254197,-1.654188630393721,2.7604954920884572,-6.263166381248787,7.909612059508739,7.576021114977402,-1.7890139715706885,-0.918764177315635,5.9254436064557625,-8.430485923702017,-0.3177679719516006,9.224061240839351,0.8430558294043258,0.8798479684566313,0.7851964175886169,0.5900000000000001
0.6288716423328448,0.8036621739452607,0.22235281913932514,0.2977300546860394,-2.328619610724561,-1.1252546532917682,2.8676263951781182,-4.831630462454004,7.526393124709937,4.818220243606617,-1.7100695198623022,-1.092862071134331,0.3073290157901123,-6.6255461506378115,0.19243946616255003,6.181959855940072,1.051513267058845,1.174140540136831,0.12022747514155682,0.5700000000000001
0.7125124416496047,0.7875368731397113,0.6428740676788582,0.7344388641742353,-2.262603132818495,-1.481925023041812,2.7176890536097273,-0.4244865440702572,6.211730200073425,5.107306520912882,-1.747940102402276,-1.095057572330237,3.3098784347072083,-5.7470057461366775,-0.2555590161651937,13.608419724476011,0.7263970494764955,1.0499034742168818,0.42327010291343903,0.5700000000000001
0.32188095604632977,0.9039507058845857,0.6120166854426217,0.3529014729482175,-2.3601297982045946,-1.42999580460425,2.039072677181471,-3.4327053749799497,6.682747714033244,3.460502006439496,-1.3127685462735057,-1.1148777937385093,4.600067437698371,-5.668974245872367,-0.2834485150678361,10.54050618424279,0.9301135257341472,1.0148578128778643,1.1554038240478217,0.5399999999999999
0.6559800933841923,0.6540675952692807,0.5809525181639927,0.4745819141512104,-0.8415990767349778,-1.5707510386812373,7.053639209571735,-9.64557039675646,7.154733498546414,4.752091961965011,-1.325911728557562,-1.430607349297748,-3.2525617183958637,-4.969972192255025,-0.9344399619424447,9.402095624625684,1.0517753474655913,1.1596105358975664,0.7143629222684763,0.5800000000000001
0.45856850465280186,0.8005913255821895,0.3282872562409132,0.4636554066751473,-1.7036158648522233,-0.48516382481114634,2.507655774561641,-1.3173787309845029,7.070243741905154,2.699169453604132,-1.4326468943151045,-1.4988525243741324,5.202614646661502,-7.239532736005579,-0.35274950896791935,6.104073231051282,1.1519672909840306,0.8003274039243239,0.822301697373578,0.5599999999999999
0.7595416346791235,0.252902472472363,0.36611933057595586,0.533822095035051,-1.130851545597565,-1.749881716004555,4.1009608885271485,-3.4906061718906995,6.400026965581387,2.1542332428807986,-1.6603679281877417,-0.8486042810662273,8.017455167332724,-5.6297254708274025,-0.48329427414597964,12.689387220982727,0.808072873851075,0.8867248507473755,0.8203903774671041,0.5199999999999999
0.4629656663429641,0.8217442118239432,0.6501119664623316,0.7367849584560582,-1.5141391528781536,-1.963215863918479,2.4551394281602628,-10.898936164402198,6.017788307767145,2.65912735420388,-1.1164033583587043,-1.3900530419165267,0.9396904681742161,-2.0353323968420174,-0.5962322941386701,7.804318755956993,1.1497798431127084,0.7575555453176257,0.17748442850145632,0.5400000000000001
0.6203834736352902,0.7712745524896717,0.5362268990335661,0.6426175919842844,-2.037109081753428,-1.0621959021362617,2.7923395538372744,-0.8795451971318184,6.548037181358776,7.339147781985266,-1.3175535674521162,-1.2235587676838962,4.77842255820126,-3.9036221703379113,0.7608238244019279,10.417835038281934,0.9860656481699162,0.8962380050777334,0.6665563655348002,0.5499999999999999
0.7882132151291723,0.5029652617451199,0.465050170971859,0.6451369247042091,-2.0706427458877346,-2.0465758974417483,2.8588542099738836,-3.4974103672146435,7.62457541032831,7.061445737043276,-1.0220950597911354,-0.6037247612805645,8.46685623430054,-7.017458178872393,0.15791176760737408,13.102794840127764,1.0060073829178058,0.5237863321856959,0.8230382250052022,0.45000000000000007
0.7087290795521357,0.8131610654948882,0.4019050317784806,0.48434332689324694,-1.1248211968497837,-1.4424380542746529,6.327967333944811,-0.8494288748460299,6.065851069311062,6.196005936231943,-1.4547051542795908,-1.475862329922012,-1.6881065001500462,-6.662258640855078,0.2301451624028844,6.080621959627098,0.6696917937745896,1.0447406942305413,0.7538211434095776,0.54
0.7050307015070678,0.3974709964753374,0.7381539975029999,0.5231921430805373,-1.3065886688238395,-1.0542805227438836,3.815852515332944,-5.285238591596919,6.8102165508800026,3.7601258220667115,-1.285801651628424,-1.3012521461072137,7.764178771932537,-6.521612356695308,-0.5901631253697712,8.155274590905982,0.5329567860011089,0.9816279864957619,0.05641107924064,0.5700000000000001
0.5332374712061817,0.5753795608621555,0.4143080825752688,0.50812664855861,-0.813947801117088,-2.416932521087181,5.005728403318953,-8.512160812021955,6.775795566950126,4.516573946935425,-1.9120723344417883,-1.1125729519778116,-2.85274819418406,-3.2244240549188983,-0.25920933249903344,12.175475267529395,0.5470417407931514,1.1443649680413948,0.16791736359156784,0.5900000000000001
0.6417438599839019,0.2633919537595751,0.5368532666603169,0.37597113096892293,-1.877628939139763,-1.7509028341375175,4.392837825345934,-6.24759748240259,6.648143811524753,4.809875823108699,-1.3827983972935716,-0.8478176865583651,9.42488746451056,-7.731525507889494,0.029020504588648022,7.302198711894857,1.012446384437504,0.35384735700988806,0.4673699871759397,0.5499999999999999
0.6712654918764165,0.859695035355062,0.22254493345374324,0.24215027859313737,-1.536129951229275,-1.0549113736911817,2.5251464036925038,0.007519527827738237,6.058277137147103,3.072636732636723,-1.1864120496694661,-1.7007293386067923,1.8570775986899828,-7.944730195468205,0.12829865400360235,12.10467929356285,0.6839071673425066,1.0666421978316842,0.4760097987277112,0.5700000000000001
0.7802510841627297,0.6103108742643724,0.5552432146562709,0.7766001016221548,-1.9910345662225977,-0.47384484894826917,3.59780650778236,-10.415388090152456,6.333004355931562,6.8669131934271315,-1.3221048212913664,-1.3462078735052339,4.426913022359251,-3.4582570769099052,-0.23891737123388712,6.575524651609117,1.0024525506060948,1.0408667946382106,0.9995778323056235,0.56
0.725145976578407,0.5900556816219613,0.5312298722443055,0.602377249858256,-1.9009597973615495,-1.7980760671926428,3.3608405742705347,-2.282206460612925,7.509652992998692,5.4295069249830465,-1.5289780757105769,-0.8153487368123695,6.719230028310689,-5.725790085981109,0.7373635013742651,6.712764139155342,1.036898488279938,0.66241906942164,0.9317099634354077,0.54
0.6894097599736079,0.4723442008922405,0.7257126766842474,0.6661107065872051,-1.438014837068842,-1.3789756153725459,4.936084245750318,-11.091549860286996,6.727158430028414,4.468277446382184,-1.5362222785499586,-1.0961049155456022,5.887388750808135,-5.658427025877807,-0.5911961578264252,10.437179740176726,0.8093940416755919,0.8758543349727165,0.3890790800262414,0.5899999999999999
0.5572834967097651,0.6355257422997769,0.5637863412146105,0.3403189737141733,-0.7759250628000202,-1.8491643551292298,5.045016977229129,-9.92515950704043,6.452292204540401,5.292666785348616,-1.7849407179739056,-0.9123456976812959,-1.8349532885387787,-5.7792056564802845,-0.7260918069189088,13.979768721974452,0.7945323237623046,1.0543167563719629,0.9914330641392224,0.5900000000000001
0.7595110144836645,0.7073631358182915,0.21643364150261576,0.2622439640366736,-1.468576469083904,-2.6854015516562995,7.089184675492499,-2.883573317071404,6.4361532320204855,5.863552075071823,-1.540773982351385,-0.7141580111360472,-1.20834605885772,-8.69638546733211,-0.05142319687830721,12.281798773414003,0.614853529809605,0.8445494524732253,0.8045895469854346,0.53
0.6699679517690718,0.6793831026044089,0.5860467406189979,0.329921401716976,-0.4010386809872725,-0.41385280218179693,2.529143936685062,-9.750623133754424,6.525495227806393,3.435885682417626,-1.8284650461211498,-1.6335159408647157,6.065150916267822,-2.902648206029427,0.4673515710991303,9.242561351526927,0.9532705145323223,0.7145599602174626,0.5922488885901406,0.5800000000000001
0.6078215128383571,0.8596179806751997,0.5580037404928128,0.263635589311805,-0.7302658677649883,-2.2388369732312396,3.513037975322871,-9.17931158987174,6.300000819261339,2.6382828011003827,-1.434693047180625,-1.2632342994791907,0.24354075888235194,-2.2535199813584295,-0.9586868872940156,6.451955396211546,0.916360044233301,1.0930987668770635,0.15171386284625812,0.5700000000000002
0.6620846762759246,0.7995281398078415,0.4632197292186863,0.4932711804218477,-2.0893525714615984,-1.9899045138789806,3.459589228726127,-5.758277200862745,7.775879304904012,2.0866779349215556,-1.4268569352314715,-0.8726628551316761,3.137785769704198,-5.705058786102247,-0.6595109075724159,12.355460550190086,0.725152542124709,0.7130775648643789,0.3770722842833544,0.5700000000000001
0.7448340934141472,0.41693152409357953,0.398327160178392,0.6575096842318344,-0.24851000066756057,-1.8184731531035156,3.792587828790489,-6.574782507075733,7.608448419343954,7.0149561765740875,-1.8232797480822558,-1.025433174165561,6.598216520294686,-5.505664945646317,0.5971095404022503,10.703960317028459,0.9291639660448323,0.5749141890239124,0.5853025787953711,0.56
0.6067181116508679,0.6408478819265329,0.21563229562245184,0.6183633337328895,-0.8955135418056184,-1.1171497752868293,3.6987088953221945,-2.6551689394695197,7.256724092889231,4.799680024926266,-1.9426466442575416,-2.086936285506363,3.8248654619880154,-8.117520629600428,-0.040507761771954476,8.174066840816623,0.41692616841590135,0.5220584752514699,0.2826640996647994,0.5900000000000001
0.7192524215015119,0.5627794267150513,0.6087618787887186,0.39031930575714857,-0.386572506728875,-2.2335751160081556,2.6897771862394655,-7.297408841814248,7.185438263076173,5.997767563433644,-1.967335999149857,-0.6225725869678701,7.32420798295406,-7.845544480603953,0.12014081481611655,12.181667709387478,1.1108278462695336,0.7712314029594151,0.531746982476365,0.44000000000000006
0.7548317061490077,0.7090815367513812,0.6698118200302174,0.5049447627864209,-2.105388678471715,-1.0628473341554612,5.603904110908306,-8.323081624388546,7.816247651073477,5.303199774182785,-1.9485465242229076,-1.4486479259201486,1.8841589999935282,-7.605804221862608,-0.9030692344969793,7.562925738645809,0.4373180547594454,0.8875526811776395,0.593344145036649,0.4999999999999999
0.7103447335846627,0.47129131952146347,0.5488252380390856,0.6162841943848558,-1.0552689251494467,-1.1112462540233314,2.8457199927316466,-8.832674695096141,6.583522978313674,6.894855032050531,-1.5703442245057901,-1.2407636180707267,8.31764139149277,-3.7189127051897435,-0.6075142439917012,12.320304626660251,0.8947942507124128,0.6278202609198841,0.33760914516828566,0.5399999999999999
0.668557492663594,0.6860560221455971,0.21632524898282957,0.6770866140881209,-2.279241772135701,-1.2408505255922402,4.9654145259666596,-9.276556202138355,7.704273272518328,5.641331862332595,-1.8135941560961886,-1.180183565191357,2.7491220301362027,-3.7488006596605126,-0.23535634354213059,11.051535143633178,0.711366942083818,1.1911043929348513,0.36514128847820526,0.5899999999999999
0.7352443841384404,0.6466829104881685,0.5115144603935476,0.7574867653321945,-1.3882783527819322,-0.7067447297573302,4.514153108437444,-11.311345911854849,6.909758383619052,4.335636756219931,-1.5302229910527432,-1.3448548808267593,2.1806427112809725,-7.614726526306661,0.28868897339793603,13.100603256720623,1.1183024949716616,0.903067494063015,0.861715813065137,0.59
0.7575081272055374,0.8557123760371876,0.3552639336904579,0.7607847102302011,-1.4452530322654993,-1.44324214253971,2.829137641368267,-8.202284312690805,6.0894970316255845,7.946881189481944,-1.3404733820021113,-1.381511684045026,0.16612642552865914,-7.441168185408149,0.5450365543580539,9.760926347513664,0.8291684620631985,0.9864199461030076,0.7819939294747167,0.5700000000000001
0.49795687362417784,0.32166443549610596,0.6524454534362654,0.3493008061849175,-2.3428417925251175,-1.7368331341493246,5.043419417751528,-6.197147032003912,6.792048946270668,7.835061976769177,-1.7693586409970334,-0.9468528469080897,7.582059214161229,-4.422132555587535,0.6447830869550463,11.910337889229927,0.8645222905482306,0.29173218729514117,0.37244661917353905,0.5899999999999999
0.34108393653780944,0.5976617550417754,0.2723275531353243,0.4378693184272462,-2.4854190727872822,-2.059837358783761,2.305787570286861,-6.759522586411723,6.0508751325498755,2.8570811112918117,-1.244033880896401,-0.7439800101056432,8.72461232099419,-4.025051329125487,0.06936920145016173,9.614841038153635,1.07061706430562,0.9914413053066155,0.5844516602329902,0.54
0.733151871649897,0.8035195589252655,0.21257913746709248,0.2637040443919297,-0.602518330808461,-0.8381949039898079,3.69528788011878,-4.737634562181524,7.308675342314358,4.11767633586526,-1.6496275482316842,-1.3970618048657748,3.668198293940596,-6.593073654375402,0.1976951809793851,11.69534873551616,1.1972860576180866,0.8215404728292512,0.6170105362193364,0.57
0.6493263293481634,0.687456364958901,0.6129538196838363,0.22416151500117604,-2.329432107958703,-1.4934172613468883,4.9977363493706175,-10.891970137063364,7.512899712233403,7.568805382698032,-1.2660045055912752,-1.3441912327313326,3.5031381770015306,-8.981049422879765,-0.9647000680555617,10.755412367848047,0.34128518401676566,1.148221728678231,0.7322632948419218,0.5900000000000001
0.7853499764701215,0.6742833854967998,0.3821233931581013,0.31930813987007267,-2.235212965081622,-2.0582307884386912,5.256106329536479,-1.2330209999704953,6.624316932275087,5.064279715040559,-1.6922849790044692,-0.7315168617761332,0.0615114926260425,-8.214408174347147,0.33168754635956554,10.24134149084021,0.9156737858322653,0.6784893055736374,0.6734709273351595,0.5900000000000001
0.6178508693309278,0.7303897781723224,0.43573219894468496,0.2903054186874645,-1.9970832122688518,-0.08897123478522351,2.364675359974787,-5.67216353720184,6.192442436447347,5.011244450324655,-1.304991822559196,-1.570216980360402,6.366576596113909,-7.822784215736053,-0.10917940174484664,7.795433371495388,0.9977137048868714,1.0274188758415195,0.8898432686231212,0.57
0.7335495359124651,0.39331178701993696,0.6606504152602115,0.29731463836315974,-0.9003415813464282,-0.6402906707223971,4.864352434490388,-2.8694631146848275,6.937577973094376,5.815436604594457,-1.4841801463724194,-1.4375059215327344,6.512980127562924,-6.804356650245109,-0.6199128228422024,12.770838115980016,0.6841918043639028,0.6584824338558356,0.4871859769052095,0.52
0.7271275448063813,0.5533860567729225,0.5868918471537525,0.2909624626145876,-1.047835072255486,-1.2647058407820237,4.585615225236595,-11.616566154207458,7.37032178058419,3.9231484952088684,-1.3562939641105956,-1.0549697635168456,5.466012095402821,-1.9847834890122318,-0.7981091095890351,7.416841792205773,1.1992815283405611,0.8795536274870769,0.6963991805490265,0.54
0.6310224529538564,0.7682740461209734,0.4392625095575208,0.6978837329388102,-1.3179849203448866,-0.7542847138839939,6.3848917698698475,-4.309160258258702,7.969786723484091,3.303746471414045,-1.7112539204104884,-1.3365830224195403,-1.4311684853587257,-8.14360734728962,0.10669126757007155,8.382022311227162,1.1659575066384187,0.8055263958461217,0.6368362944771786,0.5800000000000001
0.6175698755652024,0.6693103525542972,0.6979335320989777,0.6215217196995682,-2.4800296407595055,-2.3625190466835124,3.8267602084361703,-2.5419086247306666,7.554849571121796,4.48989966172037,-0.8160645374162291,-1.300071375302274,1.0834540842353977,-4.932635496912794,0.7085283106856974,13.63230084974488,1.0559049137171514,0.40732121479045624,0.9293155195506697,0.5700000000000001
0.7254823839322511,0.41370254674664975,0.542964433040368,0.4349943384471931,-1.6387618648995466,-1.2597620096380517,5.213134562056931,-9.322259700246633,6.014353789519782,2.1678478535110504,-1.6292104802316396,-1.467613890483869,5.449052014942649,-4.72574375673043,-0.6239602426026392,13.95117466749034,0.20211387943312922,1.0537435394619679,0.7197656899718281,0.5900000000000001
0.7604031221622481,0.880563323215476,0.38254389789508036,0.25830350306837796,-1.8838504731562302,-2.226208181507199,2.3338405784780267,-11.93620714507339,6.8472737945380295,5.3186832606126035,-1.4709339483026644,-1.5575198933301568,0.898778345671764,-4.178911474336281,-0.4776195673508409,13.980912060999179,0.3986144438797875,0.9078402824028029,0.45446647360554937,0.5900000000000001
0.4441595176960112,0.7519170075432007,0.39613312418993213,0.46371129812217127,-0.9614118046197473,-1.7189378064833298,4.613971968715301,-3.3571513513415665,6.391689941829197,2.415836751300353,-1.7938693054201378,-1.1515910253721748,-1.9258009291895515,-1.319555823438273,-0.10959269699557272,9.417999954057539,0.9459744025169258,0.9450681917416559,0.09272512656932448,0.56
0.7717800037229696,0.7683565034223098,0.7026796080557749,0.7299150349974866,-0.2743385713569666,-2.3282176555052523,4.2390022150686955,-9.557336744141688,7.1825587613731985,6.285979786390877,-1.462055668687606,-1.9212318111778524,1.5287210397048874,-4.478909311547367,0.4740371280023883,10.824061589596443,0.9498831233636282,0.9624245813944857,0.10329636177395876,0.5800000000000001
0.6592141661893252,0.3376497099183008,0.7981771285716677,0.480107610172068,-1.6347388169142354,-1.8223020751203576,3.8545879872871183,-8.714048906791263,7.39945451618361,7.233475027723822,-1.4901362055848337,-0.7675756894384571,8.821112922999037,-7.295102279186248,-1.0997879784022098,10.374759343524126,0.9445441516233315,0.5757128415153242,0.09365793093303657,0.41
0.34652335019919017,0.8462176039342976,0.6224138951658975,0.4114330893368524,-2.121505109859984,-1.97381452456873,4.5265210889312435,-8.3014054977512,7.774227675071806,3.9523609413079424,-0.7827640997797666,-1.7912152245593196,-1.0803639297837915,-5.279816694620621,-0.3918257473842249,9.754513132082929,1.1286639278604707,1.0236654858152465,0.16571900966752146,0.5600000000000002
0.778873479176197,0.8413479917306956,0.6088612830196842,0.5859196785447898,-0.6404051801459749,-1.9427994357134861,2.7866561601159416,-1.0648477352448538,7.164525356960883,3.9759615741645207,-1.7486349436846853,-0.7447718586782833,1.9964310573464563,-6.645904478053981,0.7245062045428847,13.299388248368198,1.0988452092725458,0.7823362724009968,0.3564244340209566,0.5
0.6205202656240556,0.7992236493609169,0.541528420517102,0.2458289351839978,-0.9821707681362781,-1.8982681291617922,3.681625546121966,-6.225382867016247,6.75809139556553,6.232032904014872,-1.6438741504476782,-1.0503319283386157,2.220912484245681,-8.46468684021853,-1.0276589757340637,11.949045848657544,0.7921344005607212,0.7568042804550095,0.7276185824448211,0.55
0.6297976218434999,0.8125423788491807,0.680642522608156,0.7769650251360202,-1.5111170061513954,-1.0746948665195881,2.9746271756226497,-9.969262429339464,7.067173260567301,4.913401483933515,-1.518150919579356,-1.307250201518957,2.55784070198967,-1.2444258001861215,-0.7659738112168651,8.82284327955254,0.7605067287379169,0.8830731589011939,0.2492289788969727,0.54
0.4652055477701944,0.6924823792322332,0.2668284671778592,0.7633468274945893,-1.4587549107186328,-1.4450426937661949,3.717548585083435,-0.7254252280243132,6.533886800809409,4.244794682462457,-1.7770540027393131,-0.9864454732627186,3.5040780440818473,-6.006979730547891,0.0629855675932818,7.22713711586515,1.1182346385851778,0.5843171439794069,0.45016143928678737,0.53
0.603901281077565,0.6492212750738248,0.3070829817834488,0.3477719288564129,-2.1908604158354126,-1.751734119091438,5.650231753429574,-1.5112661562788055,6.778732688404206,3.7347579929865913,-1.4931109881458982,-0.8157305062524857,-1.8211417592044365,-4.487821077157447,0.3622345950470098,7.959161775639607,1.0821581502074809,0.7800620995988986,0.9003572787862874,0.58
0.649837704107437,0.6079822949306173,0.27429558587559577,0.7148217208769329,-2.289095750027224,-1.7616162864984255,6.875343122820939,-6.70077583493294,6.670635124497056,7.768028483243496,-1.1911668306220131,-0.8514668012427049,-0.478050654697326,-5.259864164198046,-0.3250842036945105,13.444673265325454,1.0262566399052397,0.4598700978128304,0.6680493579569268,0.5900000000000001
0.765417895133641,0.759021766717877,0.25899864709948694,0.45569309293596383,-1.5780319958057016,-1.8835698162611512,4.483117547774786,-9.15703528157619,7.303154142537901,4.113137848443153,-1.607329401701541,-1.5149970185849158,-0.9180469367702687,-4.0164224484324045,-0.09524416662109197,9.181364325852407,0.45687246103657697,0.9087117975845187,0.06136630261608808,0.5800000000000002
0.7321261505018165,0.6064754806553256,0.4465624788120085,0.3440481777582761,-2.248243960371634,-0.8839246193574062,8.422646165405103,-5.837352512417565,7.574100246716736,2.0115362748778556,-1.5373941773875706,-1.2366875269255528,-3.8112421071341385,-3.8004003975887226,0.21998914901518274,12.679585787414803,0.7564994332181938,1.034178608127435,0.3416209593589641,0.5900000000000001
0.7844837557489679,0.7201269244516538,0.6522124268642084,0.7270770237891232,-1.5734453287651098,-1.5364594421141566,8.594411112215626,-4.5816220444295555,6.187936102218168,5.519406478746567,-1.3362897999522745,-1.0034773137441357,-2.6584323501580887,-3.862642693716614,-0.2599400301462472,8.357773585580942,1.0009165170460883,0.9060169903923179,0.3841718850173811,0.5199999999999999
0.6675042199551596,0.7198265100498394,0.5793345762607486,0.5227021938225462,-1.0605799126305406,-1.8284101032461733,4.746109005604771,-11.837382969622661,7.44275656009246,2.256121675030347,-1.706243364309414,-1.1738598717945796,0.19071985557352844,-3.3525546345012938,-0.5442695320166885,13.416152327084733,0.7880561392164737,0.5998537355433515,0.19790250440281842,0.5300000000000001
0.6380542628887704,0.7328554012524229,0.6724060409482151,0.3794923970337511,-0.9937664913660595,-2.2257261696399877,2.248720460708556,-6.176511693267912,6.512223825494701,6.251426790120888,-1.6676414500236767,-0.6872936256085145,0.9521798611894847,-3.4371083866833554,-0.8238343895473973,9.633557068219401,1.0264724803480965,0.986553626201146,1.122056767450118,0.5700000000000001
0.4653545253157163,0.831768597224674,0.30399498290099547,0.42490750651377085,-1.9736208911201212,-0.8256784840923223,3.99321808837598,-4.646827345024103,7.27691784538169,5.491878621636614,-1.1287633331835258,-1.371058510275513,2.9156929093169137,-7.782501508845279,-0.6034576287856415,10.9618975619236,1.0199190596874375,1.068180177820977,0.5975657058244553,0.5399999999999999
0.5166027159736473,0.4994466426840648,0.7120858983656866,0.5318178829747342,-2.271051946875779,-1.9057489349772103,2.023613348637735,-6.01901742387206,6.474643348434724,5.86128552663892,-1.868892830209229,-1.7891038947636082,4.388923127073878,-3.704958750710997,0.5797504172419383,7.454126250479947,0.833939131938159,0.20100905974345395,0.16702128134767513,0.5800000000000001
0.6725210000499461,0.6339490306660172,0.5847168824056769,0.4895119464243466,-0.822241726661241,-2.382281483504046,4.149833090268127,-5.747347057704298,6.014694631314008,6.749752689023133,-1.7596133284818376,-0.9896212306547236,-0.17880858704019365,-6.565995265656659,0.01219207644632031,12.904500985791863,0.8044414964647003,0.5054719404400614,0.5905274899189207,0.5800000000000001
0.3287823420191792,0.4634649712696601,0.579848315146783,0.5784696026958109,-2.283598631100924,-2.147477080193049,4.2974894499290786,-9.018875346737119,7.937572609534507,3.0095058166234754,-1.6307109989777486,-0.6706245131061354,6.410150012150054,-6.857418226894662,-0.6272738627343872,12.412081988918567,0.9952900326763378,0.5777349729940044,0.8037223649449025,0.5299999999999999
0.721852642327,0.8876459380225066,0.28578739892839794,0.21932869967815583,-1.3747168255966895,-2.2027593153995584,2.6136157184219124,-6.915565358434439,6.326431825939139,6.0112769778088175,-1.0627535188976127,-1.4688112635302584,2.2527345486761003,-6.354940358334997,-0.6591283214996445,9.959643231077795,0.8287028150467253,1.1493491895375945,0.4494627395629853,0.5800000000000002
0.4891608961709622,0.8218647957974355,0.6659212586850506,0.5599542722883194,-1.3707112048333956,-1.3517570203916314,4.75384939331875,-4.798193616368629,7.2303537842254695,5.445912862057299,-1.5117969651945753,-1.2997909549235258,-0.5302872890672115,-4.427483760175924,-0.7179171499549902,10.201138847189705,0.8854912237908246,0.9888603725910665,0.28776924597846876,0.5700000000000002
0.7542529780406222,0.6410847184140236,0.25633437129404935,0.4322734091552386,-1.5671058653161478,-1.649279253927793,4.812696940654049,-6.27705754838191,6.193981578541694,7.001333312658805,-1.3898999084657393,-1.763173069984315,-0.31559090087226827,-8.231570152163263,-0.6793322380661313,10.210363789599725,0.7484952258806455,0.5173425924241652,1.086947657518744,0.5900000000000001
0.7433695682842146,0.7445726271068538,0.4720510036658384,0.31748795607868596,-1.9448670230311933,-1.3076081393121597,3.461622414905422,-9.398822238718324,6.968577120361434,6.49082268707124,-1.8426710913915603,-0.9138135613819938,2.944190995417216,-7.1340100782873135,0.26212768842605005,8.14358146524425,0.9007647233567716,0.9497045827955107,0.9683647197979681,0.53
0.4583714725031197,0.7810567697594774,0.3804318829445899,0.675699011309826,-2.068597828620197,-0.6677740091915874,2.3080027864463384,-5.905137142332393,7.008722000381564,6.4542466540792605,-1.2477331158048928,-1.8965080337570206,2.2831199369601154,-8.85726864550601,-0.8378339023677106,11.890930935472486,0.7370613583958514,0.6514303757019609,0.7972606242439535,0.54
0.7698896017046593,0.5660114114991698,0.7329936205779921,0.373250899392429,-1.3292870780566746,-2.2260630253937244,5.07026341602167,-4.2550749176525295,6.92335865732812,6.610829352792162,-1.666406447039617,-0.6226588509020985,3.5991643323277374,-3.711858809430926,-0.018467518901754076,8.638398313385759,0.6976474303639282,0.7985675843844565,1.117372252060095,0.5299999999999999
0.7482477587414562,0.7645246224509527,0.3429170662561701,0.437255611737294,-1.677984579588571,-1.0531614449159497,2.7192520280586043,-1.6237369884850834,7.088593520384847,7.5764746459733825,-1.8827996650062357,-1.3685387234405426,0.19159450948352624,-6.01335430685078,0.4031264832051075,13.277306409538122,0.6087705436071563,1.0003725038268574,1.14298234551674,0.56
0.7616455989128913,0.8018825581758167,0.747514191177072,0.33530801869632454,-0.782466269647671,-0.513491036155884,2.7263185069532034,-10.107547277129932,7.2284566589305195,2.4439873439844764,-1.9538915725510322,-1.4087360870626673,2.4844881177177696,-4.028390766610826,-0.27264758009842543,8.915526431756298,0.7908746293448996,0.86057089344982,0.14056118962658726,0.5800000000000001
0.6568359224941789,0.7932682377634163,0.5433315939523604,0.26569236860331574,-2.1472791972674763,-1.9406784013718203,3.977338511642749,-4.025802218381359,6.7427823456769715,4.165934633256358,-0.8129285642339172,-1.5903926672009896,-1.1971469202730822,-7.08735584529478,-0.9351802088906285,12.697408613184278,0.7566205637954673,1.1118755701869238,0.6156769975151486,0.5900000000000001
0.5501950257275455,0.7218092774208681,0.696722427017468,0.2681903291029337,-1.6992395155452278,-1.044202009698043,4.903314575030554,-5.728544147851605,7.214682069022837,5.56354918696666,-1.7614335822962899,-1.2202342677260658,0.5968215846369715,-3.385624907913808,-0.27670217947588926,11.789207152937363,1.1724710802621487,0.9622134529232156,0.5088059022137637,0.5499999999999999
0.7157269658558274,0.5019852002119477,0.5923671244817353,0.5060221488433033,-1.137510572688751,-0.5699509363038777,3.912362047525347,-11.649906788771824,6.9044584911288664,2.8276090001175387,-1.5670631723398212,-1.332953962696298,5.977173865483577,-2.5273595168664507,-1.0734166859314227,12.497165982916446,1.0667465424128486,1.1660938201473268,0.448624199195287,0.5199999999999999
0.5411083978275422,0.7449919294436584,0.5419717240816329,0.22509868325042626,-1.5488614911656287,-0.8161051570565951,3.6449948211515104,-4.108731355225937,7.134784138832958,7.534076113410756,-1.7942722726402913,-1.4089285371720006,0.730185430304308,-1.687462117361021,-0.21022404959103821,6.379597266851061,0.9082354592222741,0.8617249746352516,0.34742237109907087,0.5800000000000001
0.602764464989247,0.4867618193575051,0.5285944472675393,0.5826157349503682,-1.550978715296491,-1.3331899223710735,5.8604667239831665,-3.668434419480594,6.6155604084903485,5.883226372148442,-1.5653517708915288,-1.0600012310070266,2.9804645118282993,-8.383004998722543,0.3231374123699019,11.386035401993498,1.0304029431038995,0.4452611611615475,1.081837467978684,0.59
0.7329562703133262,0.569587671651259,0.4596927176163525,0.22156344559150964,-2.0039643607281437,-1.338616967768536,5.320781151738981,-1.5005159165015365,7.252436335404873,6.687721863855565,-1.3512467704786968,-0.9794492880679374,-1.467323492450006,-6.056940185625107,-0.7651014221726561,13.270612231096912,1.0532962455748258,0.9950085110473514,0.36253022201529084,0.5700000000000002
0.5709962872696472,0.8077864746827828,0.3335855042555339,0.4764558480529796,-1.4000915790340462,-2.2348569206437885,5.96930586378348,-0.3667661096958625,7.102710735438967,2.547990740869234,-1.130739773117009,-1.705941758283449,-2.272611505499603,-1.121266505835868,0.3317933028470327,10.480192589347999,1.0081323105664401,1.0903794116697085,1.1160252630615393,0.5700000000000001
0.505034269509082,0.8466372429840311,0.6375041882196051,0.20776867234779117,-1.687206315653579,-1.751857505306053,3.3912882748561435,-2.683298630840337,6.132187137893172,3.4282380457251653,-1.9284728799778388,-1.0205108298810428,0.3437753594276738,-1.011173630006538,-0.7722676221856779,9.219818564325672,0.6715535791822738,1.1246443483466038,0.9340540137411714,0.5700000000000001
0.6806322144468582,0.6166155407629966,0.6632715683328204,0.7862675939536125,-1.528358410017067,-1.331648944284465,7.948139449788835,-11.897794811899267,7.361777283860299,6.595233201530655,-1.8194379590151637,-1.0382061462215342,-3.6884957976218136,-1.6730168521637996,-0.1628020266816152,12.477178039101531,0.906536957911932,0.7061075542354021,0.8424571970567458,0.55
0.45736366931014466,0.5491745890323335,0.36711494474237466,0.4654545663486901,-2.251244475161236,-2.0143130536117235,3.161847781755664,-7.464717183914511,7.735230788912631,7.191544904897404,-1.901932516580144,-0.7139723716035677,5.685150624194216,-4.256711355369975,0.30450761622342715,9.75891011218992,0.9365176564134952,0.6063450016341063,0.5226080413783071,0.59
0.5791728976174182,0.6625209695896933,0.47652373077573396,0.7092450301108304,-1.8621570032216663,-0.2781654306375949,3.556607319596955,-10.489149606201673,6.894579926218793,4.024449840080245,-1.7268205734060338,-1.637581989605852,5.291092859793453,-6.114500520630457,-0.30789885625321695,11.818237327767957,0.45762032396542873,1.0834110989009142,0.7115246702273904,0.54
0.6453613976804431,0.7391649405300555,0.40616963198774203,0.26694722558181694,-2.0599564393429812,-2.1606874907407847,6.427509602040196,-3.4475832809495897,6.789675173357046,5.505932336723191,-1.0771187429459892,-0.6702682592121972,0.27049051831438686,-6.831724912558084,0.13091292533292148,11.962362021323782,0.9589751303134766,0.977750692053615,0.6322119964529236,0.48000000000000004
0.6746157613663745,0.721644403557947,0.4295747960484048,0.4003224581727123,-1.4811142247156837,-0.748349731606452,3.7295899573570432,-5.015180115079785,7.310975530270754,6.204017565345642,-1.65271328747888,-1.2718207090006317,4.890070602646171,-6.524464227588932,-0.8018930519740778,12.563079259395602,0.8504930844146246,1.1415771009735562,0.16664073230780924,0.52
0.5972764156734452,0.7639922676967331,0.36110772786247103,0.7558147221091147,-2.406615895371921,-0.5249677047984048,3.2662208194977236,-4.102499617395946,6.631761651643565,3.182856578752318,-0.8108823108625592,-1.6792528656240315,5.302049314109332,-7.849064678259678,-0.3681123677307524,6.794053289010461,0.7755678390773926,0.9714522332226703,0.712882200106526,0.5499999999999999
0.6457713398121148,0.797861516838486,0.4744775473106757,0.6536676295247154,-2.3235445049400205,-1.3102378307150184,2.820426540775415,-7.794633119956433,6.631142663276977,3.2362131282412077,-1.8918952377066203,-1.0280109063093628,2.0595628351631587,-3.032863648419627,-0.007517270993872893,7.75977455243273,0.9041194565809128,0.9664795203372267,0.5313807483360431,0.4600000000000001
0.5158911738514887,0.44008026275142886,0.41083266591889833,0.731283608510364,-2.1510269649962392,-2.079855239117748,7.121034175577558,-9.421912523086297,6.413993539486756,2.536421967693946,-1.5510953186507002,-0.6938382002794701,3.330794854145751,-5.405460140881089,0.5295617520930218,10.73436714127854,1.1762087647646715,0.3136274469518099,0.7207220970693098,0.59
0.6749137981535285,0.5371052029700385,0.6818750867938854,0.4922953138273221,-1.8504044603711232,-0.30438279053865547,2.1403809680178814,-9.207327103454519,7.310072218486572,5.778655639308708,-1.4758889025666884,-1.6022294036883302,8.970990189243194,-4.948390632272084,-0.4686730154201586,7.752202229201062,0.5751409820878144,1.1418361017666565,0.526637582406791,0.54
0.5827721602254957,0.5166570476001918,0.42799047696362924,0.6583311690776082,-1.015362277436465,-1.4689893911341712,3.322268041032986,-8.54419702468972,6.6868222459028654,2.4495658858597777,-1.9301755747344265,-1.0343071427063775,-1.4308814578632654,-5.755620927607039,0.7345448972970958,11.69738515673267,1.1930829757749881,1.1849999807099258,0.318625354721494,0.5400000000000001
0.5501748719069547,0.6193780292939646,0.7518486414685923,0.42895818333631774,-2.1241360417247277,-1.0293927036036403,3.4751555984372016,-1.9629687189634988,7.687970915242899,6.480203350380411,-1.6877903054069825,-1.5192551857420462,6.44048513240646,-8.15785101198486,0.3037583385118774,10.02230819915104,0.4937715218204444,0.8137526978735601,0.15471629194223369,0.5499999999999998
0.5446415436729963,0.866557698597634,0.7239095156392955,0.627236472268223,-1.5958104366358068,-1.791441824786044,4.165933607515393,-10.624957704933427,7.478368141404999,2.908836652040162,-1.0277559529581997,-1.9251611713317955,0.7223291726650956,-3.466058628332301,-0.03484842785382372,10.912264628152533,0.8831344651483721,0.9632103876863118,0.1500863333546407,0.5700000000000001
0.6060017025163461,0.4355110945943623,0.6151238375489825,0.39349370258177696,-1.307859251741375,-2.115923151041592,7.717638796420946,-11.5534630101787,6.847694647458345,7.5202382851092535,-1.8915411222275356,-0.7575726505649224,1.4732529849570093,-7.634930371659634,-0.03184726090678747,8.132424505994686,0.8070834083950846,0.6693626886054912,0.3975618242621226,0.5599999999999999
0.7428263163056822,0.7688256034011924,0.6140461797401358,0.6779464218133521,-0.5723051348069896,-2.022382204340384,6.805551468165943,-2.3974856603732135,7.713735423746907,4.971739965678312,-1.6196650886333264,-1.0275799175617684,-2.060561646388352,-7.249425935667223,-0.11885258139483246,12.01353722165237,0.7638126689345996,0.9367244949815341,0.6689663142600301,0.55
0.6245025496328389,0.8618052060849307,0.5995458733617222,0.7874429508691156,-0.7721256221647361,-2.461956835795849,4.381208031592675,-11.15896762673195,6.238885020867627,4.182469137980559,-1.4560497877684053,-1.1596713497424018,1.1420790757504504,-1.4622405849918696,0.08841205155267944,12.036183198587272,0.720648449165651,1.0550112882071054,0.34988645829487475,0.56
0.7754769305411543,0.7978231396635189,0.20312308113223693,0.4548729126259413,-2.3331326345253887,-1.227258001800046,6.2594065602716595,-2.8648842014130573,7.270205704927874,2.608704468697579,-1.0124789506961536,-1.3776457615182196,-2.2516536552951383,-7.556418417387657,-0.08414861390396822,8.316249694389194,0.6753784095739223,1.0836921067692178,0.67293688300396,0.5800000000000001
0.6260202352678648,0.589267962830981,0.40554913988062147,0.798336189547608,-1.8417233658985483,-0.08751119259410872,3.9536274627072374,-9.186581601499395,6.8508502457389735,5.076781063569264,-1.4346662335080744,-1.4958904678343339,5.5393597059310515,-5.543249177351749,-0.9142928890250707,10.462016948138793,1.1082858466188603,0.7824738105123991,0.8106220813777887,0.5599999999999999
0.7221509515092339,0.7883005452162535,0.4868607867065242,0.2838588157021576,-1.5310961105760468,-1.0970965140912767,2.5103787115939022,-1.4064454032682407,6.456145502068145,3.780033293746809,-1.619590530138927,-1.154352530597819,3.0671446060433416,-4.5225845828915405,0.1514828894707983,10.11326712520665,0.8350447457086062,1.0682509122907011,1.1389400052907626,0.58
0.7173789527390437,0.40163667342290604,0.6801117190802307,0.5594784471847329,-2.4233002137622366,-1.5275732658701484,3.34679306681654,-8.787722895401036,7.499455916353257,5.817585915959601,-1.3697266829524313,-1.2230033449602395,8.454680949736343,-4.753001418710185,-1.0421768485754215,7.470616586961157,0.5723825436492003,0.5589749230671317,0.9455972138998721,0.5099999999999999
0.6384075808893332,0.7553775444359022,0.5711398242138084,0.24693084855262326,-1.5547061745472313,-2.431697482851672,3.035361062822956,-11.745562684293784,7.171694961114457,6.356659841198861,-1.584809156506526,-0.6766280094680546,4.533749746980622,-7.789524582116219,-0.6283421011861656,8.817286696042983,0.7789873208721706,0.6981436082887311,0.09749616558472829,0.5800000000000001
0.43004931843560296,0.5421982111040587,0.33570504497149845,0.4693077899885126,-1.1408227708177456,-1.9212638591103084,2.4622782004638553,-3.1893459794764096,6.610687013082098,2.8197459945244043,-1.6702479111590192,-1.9726831824224778,5.891089251378235,-7.616574967930818,0.4284506978135489,9.779520279138737,0.6299970423379619,0.2214205457249022,0.7895331579816547,0.5800000000000001
0.6357579176884928,0.702864294887766,0.6139184068074914,0.45525781531083326,-0.41686294411988867,-1.169138225474954,4.177458332295329,-8.189633750952906,6.6442007036179636,6.782351509747647,-1.7353992746148414,-1.3015692508902912,2.9169797688407337,-3.9323255345849693,-0.2286676104671188,11.028659029236756,1.1994697415725666,0.6270432682557059,0.9170036084966547,0.58
0.6653108289439948,0.7682915489528483,0.2611568239134428,0.2070783855237504,-1.3525486821617172,-1.5430586336439165,4.229017847813177,-6.251658964245443,7.277520847145696,4.431716962381228,-1.7417216089849112,-1.5628585329114872,-0.5856158134851674,-2.6580619620775896,0.3239088444334016,7.054075396331943,0.5160724528430873,0.8045138444231564,0.6143916790069333,0.55
0.31314877878114367,0.51953277624344,0.47198992864129985,0.31619427658668353,-1.800060606377675,-2.1710232850076556,7.746575544618475,-5.592861080158398,6.88094137608792,4.272142053319359,-1.7361278791943808,-1.5107320744872266,-1.6591290319882217,-8.156058422964044,-0.9569540229936555,9.868836473200792,0.8130110476328187,0.27463875240713986,0.600522898655974,0.5700000000000001
0.5794213798836211,0.868022610995123,0.40796884990214105,0.6795271775832589,-1.4306158734357213,-1.0704408480121397,2.232804657724691,-2.9282252210881308,7.006675959137274,6.5895347377150975,-1.3545078983962753,-1.8640104033246863,2.209552614575364,-3.572159947247914,0.4731935643699595,8.85963846584977,0.4899176323652087,1.144901276364576,0.48961177214228624,0.5800000000000001
0.7735145471756864,0.5062234923279103,0.676525962243336,0.469134771512619,-1.3385338344352142,-0.49162189995921607,4.177941399752948,-1.4751001650380724,6.370163896174462,4.8646010242192315,-1.4556392630668464,-1.3650096549586344,6.458085722959021,-3.393947640195739,-0.030698185796980137,6.6810464845475055,0.6674271579429276,1.100846984697199,0.6453439037628999,0.54
0.6104419640408282,0.8177545330970204,0.3218740719172378,0.5944020008119945,-1.3692601925700714,-1.7128977463271742,3.0505723333359276,-7.019579667942349,7.491436814006339,2.66766824315918,-1.7215824894568352,-1.1821274484368576,4.943226850079147,-2.1543299920121686,-0.26491088805453694,12.203404609964464,0.5230729886899552,1.0624372111744356,0.7526963838368066,0.5900000000000001
0.5147910625817389,0.7834292393112062,0.6160352449606108,0.49220439645357944,-2.244813823987851,-2.8109072076441484,6.751868713160409,-4.4997026523786285,6.553216019219501,6.66088934115178,-0.794873743710234,-2.048305711107227,-2.5694773669095015,-4.74202301622356,-0.11173018362285553,6.648076675017158,0.4751186261771796,0.8688377968472297,0.47482453080743137,0.5800000000000001
0.6979403213650943,0.4983983254593905,0.37200317601552435,0.4449009723400258,-1.893853881017088,-0.8589108749572454,4.3535150450798845,-8.625179231860763,6.759492795398195,7.614214810560849,-1.7226707970150232,-1.5643668361359793,6.795739935736176,-8.38243267049186,-0.5160147931968515,11.568154500794762,0.45188396067454084,0.7248795574786143,0.6833850632585242,0.5799999999999998
0.7528975857321539,0.7190934361124874,0.3830384860856582,0.286630321148917,-1.8280779115191597,-2.1603662911222403,6.80519758312346,-5.9960412775159515,7.623164598384927,4.635753667037736,-1.718239509743353,-0.6524597294241654,-0.367665820151001,-3.2891931544246473,0.1820935819003752,11.858883993854286,0.9242348731180909,1.0680273586566804,0.4567610686641504,0.49000000000000005
0.5495054369528038,0.9217374746861997,0.6852864552457034,0.25381228035981585,-1.5936642316544813,-2.124512270842693,2.3855232047633055,-2.890120594073031,6.281448211324453,2.434988178511228,-1.4560520052543915,-0.8725463849843147,1.1983185338252376,-8.912865998307783,0.4913396764031618,12.46673457691479,0.8308223219208706,1.0084443597899215,0.3837842852329997,0.55
0.5916345511021469,0.6847715899580454,0.7124589080701839,0.49029001695826324,-1.2373775834053053,-1.873517486730965,4.909124125249059,-5.525749738958833,7.941269693823214,5.269567933123281,-1.9009865246217967,-0.9425255483507561,0.557165429042105,-4.659412882790618,0.3391159424726039,8.72268533760988,0.8367401489459436,0.5015789881556556,0.9035504254571971,0.59
0.4315229088926096,0.7880644219682262,0.26535954609069917,0.7615486496373627,-1.82229269248759,-1.1793784923615047,5.04089489852208,-2.408231228635156,6.388914315422667,7.6124396990845185,-1.6550006761350902,-1.3823542986046187,-1.4941432668184214,-5.944616429531198,0.024430723271465976,7.748239291591031,0.8392904661149162,0.8846521505737646,0.5114914039911318,0.5600000000000002
0.650189184337697,0.8856421881379632,0.3247930274144792,0.4688777203617716,-2.3433639128909713,-1.4757587735181068,4.710910367655467,-10.519456671842633,7.928352116079166,7.629152773501457,-1.4452409770751877,-1.2923536557965192,0.6748585608594713,-7.79014900140588,-1.1841600399033259,10.229533254589947,0.5657494254553447,1.0613505383352173,0.9684013516033909,0.5700000000000001
0.5484587143441598,0.6041177703877405,0.6292977955307851,0.6190321084789132,-2.0857761670157937,-1.4292604867310856,6.389611488534376,-4.3559165841496945,7.634307099789009,6.483458721642724,-1.3169824283308227,-1.6961301859974471,-2.4556315837005576,-2.9416047295384664,0.5560757484126663,8.564211649283886,0.7571523478103542,0.4828970090468949,0.5123516143544384,0.5800000000000001
0.5580889932738263,0.6413510346592347,0.5234845378824013,0.7082301965685551,-1.2001645698873622,-1.1054214220978682,5.9995663291746535,-8.058017286064025,7.290144924603286,4.273143366467167,-1.9929653076611036,-1.1202217664955425,0.27955764024478524,-4.537914436704726,0.3487879735111768,7.880352140053492,1.1504562501115414,0.9036270678510752,0.5358861807682179,0.5199999999999999
0.4009421196520788,0.5272989311685103,0.6532500584877091,0.605469377622891,-0.16007783935164574,-1.306261693523208,3.3503549956732046,-2.523369715608843,7.629487159550636,6.666003826321866,-1.9430158300344895,-1.3456899798171293,7.232699996410567,-5.111799231220948,0.6755235336395105,12.272248175523467,0.6896088228671711,1.1243397392087868,0.8043285781869496,0.5499999999999999
0.7368036754286946,0.7173605892149751,0.7774138755898888,0.21063390600556725,-1.633637109210104,-1.8039664878494273,7.378255333450319,-8.35368377316586,6.909285241533639,4.1659713851092715,-1.8347489164275181,-0.9857938565003156,-1.3974588812413213,-6.836848124169556,0.23877419899159402,11.097622118058236,0.47215923377143115,1.1443026463388855,0.8607724304367743,0.5800000000000001
0.4922891535238428,0.5430810660631662,0.6691314841450783,0.22757863014484406,-1.3116340320052426,-2.0488042596992146,4.258290774268174,-3.387758868363276,7.094200047240754,4.212632086147644,-1.3291775314000587,-1.9371078087866835,1.9492221802720828,-6.471016407665278,-0.4904925307170403,12.118670007321153,0.9960590612150133,0.28340321808952273,0.8745804230934929,0.5900000000000001
0.45027231086521863,0.36324725065878427,0.6889537251025749,0.7356412730789381,-2.4599202797235282,-0.6753530195723966,4.178041030826024,-10.24608554603007,6.370708729473696,6.65046631889404,-1.6953381712731672,-1.4181818327157085,7.46146328198637,-1.7133060273651934,0.4244229602875093,8.122842119424604,0.841468547257007,0.7076848830008173,0.7273791130398078,0.4799999999999999
0.5330722087989934,0.7466607312204824,0.5594035247267728,0.3641243427028742,-2.466712429240874,-2.2940457864531667,2.9174401204174294,-1.8727253999993976,6.503342908902979,7.687347629783943,-1.0165536848845682,-0.7196715805460485,6.250781383104949,-5.807074053919379,-0.7358304130510084,11.985707476047113,0.7271166020018294,1.156515113560701,0.5207496933196494,0.5599999999999999
0.7954959255575077,0.8742644754470671,0.2994733453014031,0.21613506039044444,-0.9240779769541911,-2.323039150541601,4.964729960858411,-8.963709424939708,6.515307932840896,2.6391561926287412,-1.5648574521129381,-1.3709595977695443,-0.11465575490251612,-6.460180801453796,-0.7167064553676691,9.964378679007082,0.5269504443818032,0.9697265278696447,0.5081382318292305,0.59
0.7920831734441081,0.3807574354579179,0.33785589294439133,0.5797069004372307,-2.321746986281595,-0.9566863645268284,2.6612266928461605,-7.6545470688133985,6.298058347161204,6.321236220496999,-1.04585488896343,-1.3973919551294032,9.249915865522182,-6.085411477814594,0.10014565663455727,6.452039098151754,0.6503781649454397,0.6882727055154052,0.5324027439237499,0.5900000000000001
0.7910087574265516,0.5036531433149298,0.6767300459697762,0.5644288671319403,-2.2701933415184485,-1.2665082067797016,4.888508250214892,-9.694580752743462,6.233092830516794,3.762905695821104,-1.3425117156908475,-1.499885294330072,5.277271885791221,-6.31651357968688,-0.3145095310952589,7.882630933269491,0.39292993272448373,0.66482918045987,0.22654975894234775,0.57
0.6805256277224195,0.8500371202620629,0.44620404511066847,0.5056658249145352,-2.2383680789486293,-1.2600545469707454,3.350879652667809,-8.412085820344599,6.802058867686747,4.556705146299305,-1.7899444830268318,-1.2486464777240744,2.177823960026862,-3.1805884995470475,0.3256508246685711,13.411992007125217,0.6529597602238062,1.053376095071454,0.5398830740353565,0.52
0.7782500974301094,0.7387745121612809,0.4250336844759804,0.4106211658878512,-1.9084167471735818,-1.3369248572691272,4.058836292346478,-0.05218745713824968,6.316601098174413,4.049595259864369,-1.3200967047189407,-1.0270479442213114,1.1169412832221197,-5.172697860819732,-1.0528371546224862,12.797951141038268,1.1571113187657764,1.0418621801930221,0.9358500465027698,0.5899999999999999
0.7350324011122357,0.703048402285259,0.7823770917565765,0.3669016363070691,-1.2016792420726214,-1.2428625951041605,4.1520197179470655,-11.905211472382183,6.462422564841627,4.689209356923749,-1.7006866234317641,-1.1854428974750886,0.629588674537558,-8.645740405909976,0.08614509934149306,9.02254462187315,1.0362935770792387,0.6174583170008219,0.7267196174715459,0.5900000000000001
0.7545846174651278,0.7718480961001691,0.7905385571102934,0.5683329352917201,-1.988570395278386,-2.7767805032086357,2.7950193454702847,-10.45425106465607,7.50341146805993,4.660851943881797,-0.884527151886098,-0.9206637844070567,3.8450058682822905,-7.499582982016423,-0.6540377957473072,6.835913633842077,0.8098485971904266,0.6956259753667133,0.9607641494876639,0.5900000000000001
0.6720838754118348,0.6889646925945827,0.6094049452854975,0.581897441800677,-0.5694166613805662,-1.7358339687563706,6.767113924966056,-6.214474858803992,7.317181916308013,5.300533419185716,-1.8890673079675426,-0.9170467182232589,0.6673052537760638,-4.007297208205015,-0.965918492882108,6.090676402886969,0.7539337415344028,1.0765044279825908,0.2898143609149732,0.48
0.7783156041306452,0.6775714470798886,0.2896670298594442,0.2986821244462549,-2.035408562522103,-0.21237577685360082,2.246051244756765,-5.773220777770877,6.651310106320785,5.768564355959636,-1.6758681268496662,-1.4993693856476553,4.851343392434709,-6.890729584784145,-0.963895398415445,12.759411304258055,0.9156076854804289,0.7601815505215448,0.18808224840836446,0.5800000000000001
0.6861108982545144,0.5914695472120534,0.22209526033133203,0.3687638731315687,-2.147579399018104,-0.7638022195113976,4.355649413708537,-6.612075091228967,6.974399571029836,5.220980593679555,-1.4845995272164143,-1.9590828146154364,3.973972377901111,-6.886666240989831,-0.9885585136323739,11.592242353212706,0.5671008118664724,0.48814721007283857,0.6078748276770868,0.59
0.7585907891666903,0.29274784934746323,0.6180316454229746,0.21999946402658024,-0.3094565573699853,-2.316248517565,7.502034262641436,-3.998970803785644,6.70855732117248,3.94328654665708,-1.8053196129131015,-1.080741027561242,2.195624841267305,-6.392125320307139,0.09802796837447086,11.205853755944364,0.761976461030588,0.34931290079000543,0.7425942538401904,0.5499999999999999
0.631315958888402,0.7501580865929456,0.6456969204801087,0.7471064604909783,-0.5730514844185686,-2.341293890121139,5.960120453825607,-2.3121621762502214,7.337179054713726,5.844128713858734,-1.3827524834867397,-2.1509729210287607,-0.6002261352093352,-4.948756611525809,0.7901558342032704,13.335602454517009,1.1553016227827544,0.9231296469758621,0.8589571276902859,0.5800000000000002
0.5002277311599737,0.73334105315943,0.6830993368953678,0.7819648185613122,-0.9898064601342388,-1.7629706537041632,7.236113245419313,-3.589079367070551,7.312219660873599,7.262032749621972,-1.5573901104436367,-1.6252720318907825,-3.180565778810084,-8.578548888379672,0.37039925863523726,11.504266723082795,1.0147127323813372,0.7315153456255323,0.7154142133205819,0.5900000000000001
0.7624635912237344,0.5857275828987714,0.544798946223266,0.6229080438572709,-2.312210622237563,-1.350179403433159,6.0258553829250125,-9.574900306333907,7.201331749793579,3.8181535699900646,-1.9193725726683326,-1.0202055390581186,-2.6563856765621185,-5.173695739124803,-0.35460430024054246,8.877939061466535,1.116272040738726,0.9620163054294146,0.4386444716334389,0.53
0.6238228676687061,0.8201953174942779,0.4241640971696384,0.7813581360202643,-2.4728292938449874,-1.7618310213833066,5.850243883250852,-3.4957586980382986,7.872935729323717,6.078842548412081,-1.5047133802845845,-0.9228903958935012,-0.865266468144613,-3.468337737316488,0.5078183962457349,12.895003182968152,0.5481315944642452,0.9972486667150583,0.6958657471981761,0.5800000000000001
0.6931826380802354,0.8042821387893337,0.5616500202663194,0.3617383521703341,-2.3087726569158344,-1.5302713498234606,3.104313661835185,0.14096367057387216,7.921541723948451,6.672156390398554,-0.8314208941597676,-1.092712859758504,3.9987648883851676,-5.468977164778064,0.3183861263464954,13.158664677373224,0.805665467922193,1.0168709056211878,1.0873863876796994,0.53
0.7090783225511892,0.8466548762201869,0.7431822767437436,0.33879592827861216,-2.308485166085399,-1.364111070554809,6.708881214432175,-7.49537258095236,6.475511736808359,6.854252733525962,-0.7897588013532818,-1.0997167691391057,-1.4814975293208876,-4.934222525692667,0.5469586067672431,9.022116358742387,0.9973172337860068,1.011522875283086,0.47154615377865167,0.5599999999999998
0.7552853889981092,0.7101953643601295,0.33633755253005754,0.26715242503936104,-1.9338037483222232,-2.4143705985058004,3.1095245663064848,-2.0794510965371664,6.103218641741498,5.607776853242586,-1.7594355517187061,-1.4536804307296611,3.9348303342190407,-7.899207497145521,-0.36289503180376387,9.25284852236671,0.34339109049188227,0.5327050909175615,1.0493948630529348,0.59
0.5192306157822967,0.7203728838378707,0.5303679409954968,0.542204769456773,-2.1284740417994352,-2.198258533115496,4.857020315972056,-9.69461027784734,6.353010192772343,4.968110727146105,-1.846571199604587,-0.6916430842229353,-2.024350784181832,-3.0809381765723463,0.3420795528774549,7.7425707619093425,1.1047120335900067,1.1260001876975236,0.5053180244762899,0.52
0.5162197094555387,0.8588660123293085,0.6904631198945006,0.6189553240321595,-0.3041362447971472,-2.765568298467166,3.9920749548391727,-10.000354528144667,7.336263809131727,7.61151487452437,-1.9743558400025085,-0.7104445228948744,1.9166152163781347,-3.598733170122647,-0.5579993815669829,13.558150247347363,0.6625940727740898,1.0444525910620586,0.14145281420598954,0.5700000000000001
0.6646276660321536,0.24448859066538656,0.6992282362172939,0.7240768031786758,-2.3362794737424553,-1.2662134506587857,5.853942691435679,-4.934212231858055,6.897893391102411,6.726874327150732,-1.0767879890357122,-1.1036096622046103,6.568265953674752,-4.509257288319058,0.01533594913719094,6.9122121573494875,1.1418200140323191,0.4937356536186525,0.6158669485598701,0.5199999999999999
0.44543070511761074,0.8493633471275686,0.4996412240792937,0.5983962183047071,-2.108763507490857,-1.158307928355589,4.444071735837753,-4.762096313166535,7.721869670144511,3.636899695711657,-1.2027464241584573,-1.3026647343098652,0.056047628950351314,-8.282878009400813,0.45427508498379415,9.322550051478007,1.0075766625421108,0.9568010932812634,1.055999554155445,0.5200000000000001
0.7968682462217828,0.6330799063374821,0.28925782348075657,0.7809688848720403,-1.6808182748281073,-2.656056725238022,4.725486336295003,-1.067434291500473,6.05406422652951,5.159108473978234,-0.9961703746680199,-1.6205480879363812,2.1304143214521103,-6.0045322177531695,-0.11790880587909738,10.125318174602985,0.9887324038262091,0.39180500238189647,0.740661446974211,0.56
0.6384331364767658,0.41235971445828623,0.4726298516110904,0.2967192610841852,-0.9577182667834987,-0.9177336948620187,4.256379972254331,-3.133951498665932,7.857929285197081,4.964893334628665,-1.7335511672626627,-1.4406276246767282,7.518832623276406,-8.072089144216907,-0.931233629952166,8.211553731948754,0.5341467321994433,0.6220220053664934,0.3079283185913006,0.59
0.2733563483017294,0.6430478476190347,0.38740813482713854,0.7829541628689911,-1.6132195580192101,-2.4079652104133427,2.3741494957416007,-5.552226560370732,6.239245807358841,7.900333710839828,-1.3325987827939474,-1.1122451618399583,0.4222811165799296,-6.674738837837992,0.09734683830459692,12.88736759259679,0.9918314013186444,0.4188988389718624,0.8320404964045129,0.5700000000000001
0.7403670090648784,0.827974055210409,0.7515039368604441,0.3554708982770145,-0.4806753978448868,-1.9614819581388212,3.2559096459489423,-7.823178437865174,6.722061158303147,7.8049789898071555,-1.8327820934146355,-1.7814975339020915,1.1723131482188989,-4.940967179753507,0.6773692961358635,7.122711998506934,0.411885463015278,1.1773318110003086,0.3366106419502131,0.5700000000000002
0.768223301143417,0.8127389561497342,0.36668276764658403,0.4593571620797062,-1.8296653790733286,-0.7138446226117799,3.1714872332557524,-10.15309731628749,6.494904058837105,3.3441074351425923,-1.9429797476758723,-1.4437142719140157,2.483541400207752,-6.957384706680324,-0.6977298210137551,11.290843081531383,0.4831800638690813,1.0519160972880408,0.5557739841022281,0.49000000000000005
0.6882067905822525,0.23877513505253808,0.4741835953403608,0.7946822572491044,-1.1237955105208082,-0.7113942622005167,5.263883244630281,-4.680555311261179,6.394769393776982,4.757293489597832,-1.9159693901387949,-1.3212249014659443,6.774051605056507,-3.992954775008452,-0.663585267311144,10.239221696954653,0.5819493032920389,0.5823348361380936,0.9172970594096844,0.5900000000000001
0.7287290344941346,0.7901920565851238,0.7413788228054503,0.4901491982751556,-2.2025116249265007,-1.6680795547158516,4.129281178265911,-5.500951525308061,7.5733307554384,5.506028809439616,-1.6194076743232813,-0.9166105366221289,-0.14955468887560874,-5.926396908857788,0.26875750320327985,12.422471616291142,0.8219002323571697,0.7450350945178064,0.48830773576605546,0.5700000000000001
0.6764805848056963,0.7208210999232312,0.47095127718874813,0.5523583139680506,-0.224136886053118,-0.6139203653569245,2.5094988461610512,-0.3079764131802971,6.2812245864979745,2.455277168857833,-1.842363022956481,-1.3193493504161453,3.734093029394046,-4.819815403896211,-0.9205111677495129,8.483532960045642,1.0352739033727,1.1617917244959783,0.7497398461296684,0.5800000000000001
0.7836307772858213,0.38812337711291434,0.7295922459408402,0.3658383981587578,-1.9957581234699737,-1.453419087984844,11.45076629163026,-0.8368269387809928,7.003716232927751,4.35007676560347,-1.528855897626101,-0.8794970128699721,-3.3179657827588356,-5.714833388063379,0.41414787400227593,8.968865412389093,0.8211530738339852,0.7674697678817003,0.6643606176551853,0.48
0.6196657863708708,0.581696474441097,0.5964684858073542,0.21729827995005935,-2.4498953533183,-0.6865564410944078,7.19895331666196,-5.373531998405456,7.81907215795383,2.7596596833183806,-1.3174310222313572,-1.3645820016242387,0.06838896011431433,-7.810485543116985,-0.7774200118554189,10.65466809397729,0.8898148994766331,0.6780990252645981,0.5099797033050215,0.5399999999999999
0.7710361599113944,0.7630678326341467,0.34903672597106317,0.28538222798015533,-1.283329617836366,-1.6985073698319728,8.258375704874213,-8.131576237525893,7.451553900060714,3.9797342369976505,-1.2744151381362494,-1.023227610665082,-3.349649396552486,-8.823201749900942,-0.6870278977738571,10.359137289294997,1.055967274949542,0.7902337180853913,0.6990928423407452,0.57
0.6827656917741782,0.5531953564194614,0.530290614417564,0.637065316351281,-1.048350857005644,-1.2356876871515303,2.345123759000999,-0.7447364544510873,6.912471132353944,6.530041034579802,-1.7152480575721867,-1.231574657277143,8.464238683498092,-4.889286020669529,0.22301556285068658,8.37279451139312,0.572892105622212,1.1649441742841469,0.05667895488161978,0.52
0.6622878486711887,0.6084229252562431,0.47750729672131587,0.6841305694581993,-0.623066605293694,-2.1248511037957414,4.150169104020847,-9.150694438532938,7.553927606841981,3.5061759538025212,-1.8185000097083617,-0.7386216937884854,5.911362309256052,-4.0957573386589985,0.2615117171905492,9.879571733185497,0.739914974415063,1.1812724470899203,0.8207298585736575,0.59
0.6976735035365917,0.3360306939766705,0.7245576070942864,0.316241666933206,-2.249695074731988,-1.2827226838211045,5.074338556537498,-3.4102549937133735,7.665510636897651,5.674260251964736,-1.7437849478216092,-1.0916290024322457,6.358967826292678,-5.7460454400559,-0.37968221559885806,12.093588888253654,0.8348933361710805,0.47514113363896293,0.571874046212797,0.5700000000000001
0.6734328292639481,0.781390979163573,0.6361675290172026,0.5803150819448447,-2.3922394197008563,-2.2428161147317542,2.0505003675604523,-3.928946438067006,7.28461732620253,7.062661206548655,-1.2317431540898796,-0.8073017550143917,2.2967691540062125,-3.2162725013694784,0.276622246428063,9.05265601698697,0.8874912052447693,0.6071617936324983,0.5667192068881073,0.55
0.6027718495878982,0.6860711697743721,0.5455121185601278,0.6168479221420177,-1.4047542996448819,-1.5770030385620963,7.63901207143281,-2.5895033922444592,7.101611988356315,5.854918850490441,-1.7389915175781199,-1.0875245151533983,-3.9007378905707526,-4.6430396920177515,0.4303926239031433,8.22769257462617,1.0119605181648923,0.963349286955862,0.7537200897963643,0.5300000000000001
0.6300200252952178,0.28155233743551705,0.7043488101787173,0.6103549552467313,-0.7805867312055816,-1.3737305737140832,4.1486431539994895,-5.701752920870496,7.002441645039124,7.708531138210554,-1.8345594811839592,-1.182982710311652,8.645801731540956,-7.535556244344984,-0.22757052764825392,8.5735703528958,0.5705350749807724,0.6376739345543591,0.8158006941443197,0.4999999999999999
0.7741555754948859,0.4633291242390562,0.22589974279766542,0.2756883253297596,-2.3399283075640005,-1.7019048716472573,9.378146642797075,-2.538540986472471,6.852605055718403,7.1620395749057115,-1.2722412831584156,-0.9738206698212143,-0.985078340693176,-6.21247289745563,0.2166627432434831,9.168296452681314,0.6755374335604847,1.0657378161678581,0.472053491593996,0.55
0.5134358230306749,0.7799995355336229,0.4862461323412931,0.258073869919339,-1.9487250579961237,-1.9574937577066043,5.143619507080515,-3.1397287089345793,7.6734901308703245,4.528415786894061,-1.531008926975042,-1.3800185750083207,-1.416556553666246,-4.560625030576325,0.3567580243604749,7.125532214813531,0.42896078732236836,1.1087321126606007,1.0712624399826116,0.5700000000000001
0.5424289140103724,0.7718101706525088,0.2890939965823824,0.3310370999960577,-2.149001454073824,-1.8550101871628093,2.7566140046726413,-2.121049985256607,6.661520110960273,3.954253998355922,-1.7377708209546765,-0.8640010109996791,3.94789462552334,-7.811900141931626,-0.3266204573247969,8.070248519807082,0.9261180015698773,0.9460573394116283,0.8176236828578732,0.5700000000000001
0.7209232752016513,0.4107750252662545,0.6542217300093676,0.59854957003772,-1.250025301758753,-1.0764633952696046,4.800882302829201,-8.817455491989794,7.4907537110068825,3.4962146594578885,-1.3812070144255324,-1.1399431084011935,6.878499839725306,-5.5327773335704205,0.12170752552333954,12.280349378997343,0.9296964193315859,0.5762335079871762,0.6836075898469555,0.57
0.42796731727799,0.7932774491717376,0.5717297741766633,0.7325791799997581,-0.6885513468879864,-1.985252707408041,3.839713402826672,-7.240954192386592,7.714103597750731,6.876372426377847,-1.5087477184611309,-1.6168350631946256,2.4519693745287463,-5.733617431487237,-0.12122969396261257,12.153863457391473,0.5448740597041375,0.7558824720443376,0.1348681991996722,0.59
0.5493364704491637,0.7949493042895927,0.5420710274641717,0.37609385964717473,-2.304885433809584,-0.632911453212573,5.286023430378184,-5.9782174731363344,7.39088276663797,5.88293270496548,-1.5877533371056036,-1.3738653483960408,1.0355611766940047,-4.4566483355191115,-0.5569247483052007,10.634557566029438,1.0438452195832981,1.1907721192750944,0.7106756720671503,0.52
0.2772238302055849,0.47921118234033844,0.4484033740690626,0.23967585911860464,-2.32129732542119,-2.0334854588852522,10.058342347632836,-5.958170319805226,7.4278807433257565,7.550585437478188,-1.679601118757584,-1.6338826897327556,-3.605281243785755,-6.057206122692255,0.12747689709296695,13.714561436172277,1.1126907846638323,0.2492553193573486,0.6882319462091628,0.5700000000000001
0.6669966978281054,0.5805097175169782,0.21791191332066942,0.5252877956167508,-1.5822610300568472,-1.2626106908717931,4.877639514668257,-6.354240372222364,7.337239043095415,6.730102018714903,-1.291635082517324,-1.0818105978474137,4.646453637104651,-7.641074097747472,-0.09949387592173342,10.69219623954508,0.8844510708071243,1.0338556033058683,0.3005510803671629,0.5900000000000001
0.43711637375983686,0.4551048177799033,0.21892149213668738,0.4676564246496727,-2.269065121089309,-2.4889306606792223,2.003238953947494,-10.156714483685866,7.969914667849057,4.294687234942558,-0.7725992397388011,-1.2773623256374553,-0.9075503786937504,-2.719874251172598,0.11931477010609215,12.954321311051125,0.9303534885645488,0.7949444010658383,0.3112626605131108,0.5800000000000001
0.5073570063634227,0.835403263845763,0.7185031193480527,0.38763753462074196,-2.1368111272148798,-1.54363226045161,2.9863257145021214,-7.442223198942409,6.014751666463536,3.033821789045787,-0.7816054409047546,-1.434572335553891,0.32424577466380455,-7.209972530715969,0.4820817735938351,11.695683134437795,0.9919066798151861,1.0229593759242208,0.7772876178827202,0.5900000000000001
0.675230573579615,0.625905819658302,0.6183112755965579,0.4842483994260977,-1.2745182244869273,-1.534018687674141,4.099642209966025,-7.534118502576045,7.622635333450401,4.612193345371306,-1.614213140364395,-1.0005344826679248,3.934837425944247,-6.189489300902714,0.6187602071089701,7.526419035778884,1.0794239429535093,0.5796446374413416,0.9706079996700222,0.5499999999999999
0.7344852635190976,0.9182992279480207,0.32731358916097664,0.4625251581314363,-2.1503572000053115,-1.1355840983520509,2.2074300569381964,-5.698006839542829,6.9990020837715985,5.5785120801264245,-1.3312574035653326,-1.2170601140531292,1.5853456374408634,-3.087574273283168,-0.08963607010066185,11.213418434961126,1.0213457535622168,1.1262660949130563,0.40671293142251247,0.45000000000000007
0.7874399423075332,0.47850289882645414,0.5451348168238028,0.2615952760352144,-1.8765208494799812,-0.9710907874937209,5.835471278336119,-5.841892479414253,7.461431513656601,3.295402341499118,-1.5355106447782008,-1.078990005630964,4.649167535955569,-8.624469541062567,-0.39700148770422383,9.6573274589,1.1314145230891648,0.5808485219379802,0.06545903837071582,0.52
0.3557875556728918,0.45565739701573704,0.37829151184509374,0.5296470424681312,-1.3913049105387965,-2.3087554562519124,9.781250664797827,-11.967427339332374,6.202820800397082,5.575936343436179,-1.5582500590622441,-1.343705204775593,-3.352883505463329,-1.6894247593341696,-1.0847896827591637,12.495609597091754,0.7910473168334651,0.3110712280020163,0.5075749197860226,0.5900000000000001
0.6680669413165581,0.31341866243738464,0.312057692322168,0.7329674524139184,-2.149575843511448,-1.816983342176162,5.339337148204184,-5.415011424481573,6.556090050232101,5.0091471689957565,-1.4162347116900198,-0.8287079204364718,5.728168884142425,-4.163433508001061,-0.6830197313579536,11.698022684109944,0.6505357822342257,0.7309223229316405,0.34803404654409303,0.52
0.5378397636752055,0.48421723760306545,0.6452667896898823,0.2367851606059015,-1.1945132543888148,-1.2640400799548661,2.4531393707094225,-5.336882228208719,6.920775116893795,5.215419022887271,-1.4232032403029256,-1.181044917857951,9.704303315245701,-6.220939139434251,0.6016564278956725,8.960406638326965,1.0106075847115727,1.1465313844127512,0.5242584144464557,0.48999999999999994
0.7386975818785753,0.6216818357669364,0.21867995926613795,0.4030651885076159,-2.152174725303036,-0.5009820703067657,4.043222097030695,-7.672924462245756,7.756655707295564,7.692891339692792,-1.4975833326950807,-1.5225578452974586,5.654764951334266,-8.12534023402688,-0.49382940484936055,7.186104331206854,0.47650386546805795,0.8863503429524878,0.7898923062440645,0.5199999999999999
0.6194991356115838,0.5408309109072091,0.4185027471109286,0.763178605295884,-2.3674376238417985,-2.146354942715431,7.931823747463394,-8.262338043049747,6.774535737815048,4.874889955662166,-1.421916322969348,-0.9171753670972473,0.4517993064136707,-4.353323814023701,-0.6548798503519526,10.609983332026609,0.5391860843437928,1.1818226739186817,0.3898861738435763,0.58
0.648926075676838,0.8925525328627898,0.6439531559509677,0.5416966694460631,-1.9162468340981764,-1.3683405311767103,2.077964422636538,-7.814975205695136,6.182684807200019,3.211686689404945,-1.1600558076734306,-1.1164306146596188,5.188078595704091,-1.4089886520027513,-0.7724644373888279,7.58083433308148,0.8084440481439371,0.9979474798393916,0.7748083177240563,0.5299999999999999
0.6811668775051385,0.8367521446602467,0.7334447962473748,0.5993202950408361,-2.118926563096984,-1.7171366721912893,3.6235315758360187,-8.311772434783089,6.0242157151390705,2.502038449968216,-0.7548323145287117,-1.5163959219760628,-0.07511463657390238,-1.7955955026330686,0.29705332849026433,8.872925946412497,0.9770571353357154,0.8877722618785127,0.6926235654607692,0.5700000000000001
0.7758452452959044,0.7259826906584995,0.4525518343700787,0.5988182818646133,-2.173665784124475,-1.1729467831427076,2.691938440860922,-1.947726955582643,6.2807220610781185,3.387705058624551,-1.85881691952327,-1.2658672573438554,4.7409031818781155,-4.356740857941674,-0.8494479494481635,9.437372545970335,0.4299546085068046,0.601378308181026,1.1122551982043862,0.5900000000000001
0.716016540734396,0.8048217567983482,0.33230949585415037,0.5056906003876945,-0.7510824684960236,-0.8185318306951918,3.9496899597925483,-11.666927866317948,6.02041537537284,6.224458284850442,-1.855583160504262,-1.2989308142239513,-0.7758767439481404,-5.808088866985469,0.4464250164859572,11.938603940377162,1.1946418987521013,0.9765034376745227,0.49727401120884324,0.5900000000000001
0.7077368274347222,0.8021320297232252,0.31286821699716943,0.6155929593004938,-2.2546775859884285,-1.3298990350845656,3.774157346717226,-4.020050567262824,6.038210433988844,6.584352660618987,-1.0253420958251165,-1.0657453592724662,1.6143771109285379,-3.9509893196502817,-0.5378460662607994,10.110235211876185,0.9423831992197328,1.0521653796959665,0.8221075032076361,0.5299999999999998
0.6265408503967199,0.841695043695745,0.605408521029649,0.23019161723671433,-0.8799194219230704,-2.048351659378757,4.325056958481907,-3.8525045627036953,6.9920200653715225,4.7891629463026595,-1.8656048936979284,-0.79045701088054,0.7489206020786617,-5.886983049598885,-0.2821288161591724,10.394467887589013,0.6773894885204819,1.113087069974445,0.8808089550013054,0.55
0.7925431210644556,0.8428834350772803,0.6374708127428886,0.7238754901784514,-2.0501107116336597,-1.3759367706419048,2.8063874206064563,-9.102859150747435,7.318033301212005,4.285932713098321,-1.5315490284349123,-1.2094734923729737,1.5775826476783124,-5.80007916973328,-0.5093759194821831,11.016681362742526,0.6842944447214497,0.9770482474767685,0.7392733477287552,0.5399999999999999
0.6065927001264546,0.833423826527238,0.6098889931962521,0.3139393836606772,-1.6603309250768672,-0.9589569850431862,4.81272802983008,-2.3239234545697047,7.99462011586882,3.584236184965009,-1.4946975049789943,-1.6444399860539272,-0.03221802596937229,-4.720593718690018,0.07009942549257084,12.915236986842613,0.6155752540775534,0.900884824434639,0.9702541079020266,0.5800000000000001
0.49084990290792685,0.27641220042022346,0.6147496199144853,0.4374577267682003,-2.267373231563492,-1.3715940262117294,5.811016962068647,-10.745146753991069,6.238038385958129,2.357251188071898,-1.3980576598758745,-1.07630577876453,6.098106762416953,-4.120083892071984,-0.5454374981430747,9.454968224215213,1.0372957096515834,0.5537327774613244,0.5801936488698501,0.5399999999999999
0.7312126319612584,0.5627565576699451,0.46297356454386623,0.37517882002913017,-0.6530268775958937,-1.5116076101796543,6.390452442003236,-0.8001606663478452,6.665648075654272,5.32379707019302,-1.8778702103364484,-1.0607217132836637,2.0103830356503267,-4.295486471237905,-0.5347693740581975,7.318207293673753,0.686033868671792,0.7327835572732337,0.2226877862856252,0.58
0.5765952172197437,0.5887610315321006,0.7239364310030804,0.5457766276975604,-1.9669964163110805,-2.807534613459282,3.384906794304701,-3.2163728684478574,6.882128932309707,4.431919183245389,-1.4533347231068623,-1.420834193769438,2.0333796321603352,-8.76986145405635,-0.14323632667649666,7.853489270817906,0.7471839752159565,0.28775211069337836,0.5143144337899157,0.5900000000000001
0.7231509942588787,0.7726182337945059,0.47169917203154565,0.3054828521760076,-2.3140421016833796,-1.5361882403426352,5.073601165748863,-2.5347566194636846,6.41562158723394,6.935532275618076,-1.5396679553037238,-1.2404561863070422,0.8717961976856499,-7.78587588975299,0.06282189903886815,11.178322333725562,0.32573086612903457,0.8766441377932748,0.9188922567297515,0.5900000000000001
0.6979450708106328,0.33112315086254257,0.6717502213835947,0.5180585623188022,-0.543215865253108,-2.2835296116844983,5.651646732047187,-6.439830494298407,6.224282938136608,4.642158991042889,-1.8058678592062223,-0.6207347953035294,5.013591899621164,-2.7031985143830624,-0.17440765461070046,9.66897395036345,1.0493513601656734,0.6452402381245583,1.056382872480904,0.5800000000000001
0.4934882662150637,0.47927484664142994,0.22094722920183557,0.6841000627896585,-1.3778736306546753,-1.1456851377868096,2.1889287607390906,-0.508935434141578,6.571726003334945,3.154863813303833,-1.3068143593459465,-1.3441699976964572,9.72050818506545,-6.446631461566159,-0.2672048082632309,7.736113615609866,0.9350503709232731,0.8892334205482048,0.2802124627141255,0.5099999999999999
0.686233222874276,0.6847896893790122,0.7161148583681323,0.2044385614461126,-1.6746854692206503,-2.222498930380306,7.462375104405637,-3.937891298378508,6.816903710875051,7.6318982704340295,-1.5920885048542583,-1.3420920870611543,-3.2069848768295715,-6.455241941697333,0.6405993208881555,8.829170530156393,0.5188074832734992,0.7397440689183271,0.8553244606804792,0.5700000000000001
0.7243016908868657,0.7176495228346841,0.5888080756542855,0.7808990285997663,-1.3700703947229307,-1.931454256356809,6.777413092071259,-7.061361663518676,6.475220859543778,6.450561352121443,-1.9445791792963927,-0.8185532369030595,-3.2222833677827785,-4.0754088246533655,0.24913766936290305,7.673679896753073,0.9500192974098012,1.1423434050686767,0.7257377898187486,0.5700000000000001
0.6561052588584735,0.6986336851034989,0.24693667208484574,0.6421273723733252,-1.817804350861297,-1.567882142224362,6.9977279406505,-3.382565377137543,6.456190800949552,2.077243244673866,-1.7340400184820355,-1.368652678297825,0.2849689646763251,-6.311645251560048,0.10582728827734145,12.622675120580091,0.5524475050032573,0.6988513693869097,0.5700708700816054,0.58
0.6540057854946255,0.6943067633811688,0.7449279290842996,0.2927898814272902,-2.3832094523736975,-2.0052746661951173,4.498532374709159,-0.9818884816400092,6.2867151802635695,5.389602874054086,-1.5392805202215007,-0.9716199798340972,4.145624031587749,-7.01731752771665,0.5954706407955541,12.18778346127106,0.48983809428300734,1.1161969845020032,0.9647558550296067,0.5699999999999998
0.49819179557322557,0.7243678230613019,0.6167343603482851,0.5032652756988247,-1.8375397792666606,-2.0891984425369987,3.6779066969202123,-2.834631993714475,6.0929195332296535,2.8906827228091925,-1.9284269636375866,-0.712216058870086,4.470187510084283,-4.322056891397493,0.508339114499496,8.718661227805564,0.7854272678446763,1.1273613250102237,0.27764947933992035,0.57
0.7944686740027596,0.769605510505872,0.47484023436124234,0.3115459364657626,-1.4338149014623123,-2.106486766925391,3.8222280477995034,-0.253234945270177,7.028585436855006,4.877835539495527,-1.1003437603176112,-1.4170913858305847,3.239044332668346,-7.629243580348902,-0.40335171124619973,11.423564383459071,0.7508602082937488,0.7733273687619182,0.6259929977036367,0.58
0.6333234148723682,0.45858669456849,0.2591293333293044,0.5037791556746772,-2.371002899761125,-1.6666821000919332,3.343102950198419,-1.5811341678151822,7.066055791295661,7.033632029052859,-0.9375326474359542,-0.9617964271773399,8.010409341136505,-7.779400844968336,-0.7222814623114626,6.4886959175347085,0.9856352096077713,1.033217378621139,0.9253037922369439,0.56
0.6921000335102576,0.7673336488441496,0.574147234670131,0.34224342459227625,-1.8679877804493976,-1.4267049742575464,7.871771328246943,-7.4484760191720945,7.202242926676733,7.258305101816781,-1.6409925050306966,-1.2498974884726952,-3.3735412406042906,-4.473622183410171,-0.737142234092121,10.683716618160668,0.4896396137139684,1.0625612140033323,0.25335364585914333,0.5800000000000001
0.7782844831570883,0.680894418868951,0.5113629623766889,0.38228050528774443,-0.7811246618757725,-1.4007644516971787,3.82423638700369,-8.316807484178895,7.668321268718023,3.119500825690681,-1.7525341393204197,-1.3194601783354571,-0.35227498272054325,-3.680950155836338,0.5764689661228047,6.6730910206019,0.6885550848825858,1.1112194554122854,0.2506684527340326,0.5900000000000001
0.6445848800648829,0.9199316452626027,0.47780996370820966,0.291816414383863,-2.292272506232659,-0.9609880469224457,3.7252574494037605,-9.251328037038876,6.6636554382394815,5.356881206671927,-1.4520831768870162,-1.4973699476745441,0.552174897984469,-3.121165421065043,0.03001859301968335,8.254641508076011,0.7142585907966997,1.15925444242366,0.5863591036214407,0.5300000000000001
0.7349099550306271,0.5816992038653022,0.4619775298656615,0.4998529503254472,-2.3878287134317677,-1.100062645579442,3.0492742522951337,-10.289142246920187,6.831960778936245,6.7727386451011204,-1.3879368056503316,-1.4900810470769208,-0.264114098388724,-6.849140606629857,-0.32106644285916164,7.2475914601420035,0.5677022182295117,0.9518917415431021,0.8577721914618761,0.5800000000000001
0.7405449816534779,0.8083362674954936,0.5937808343502452,0.5095929314830773,-2.4664324899547454,-2.541135768804845,7.333360213003413,-10.655161950272548,6.556232969705309,6.471673443682494,-1.260279024002074,-0.7077296764797543,-3.3604619188313967,-5.107087889432908,0.4965676995504268,7.76074406276136,0.7780707179441138,1.1246515984204557,0.1639242526169402,0.5400000000000001
0.6268966242498081,0.8720419088284527,0.2538405994625232,0.45826662928520207,-1.2311883621871762,-1.1067881570134679,3.9854466462921936,-0.7009122876767009,7.164591850981212,7.646543176663896,-1.7148690588410236,-1.3237821126054192,1.6356238862507761,-6.1032881058161905,0.10915511607838824,12.593668920567355,0.5215973665337283,1.0964521538867964,0.72314585834245,0.5
0.7340466571766612,0.764643688588993,0.6517588325062503,0.4456699184758651,-1.8133566047058627,-1.540130426813338,5.312692700959629,-10.038260611016716,6.540003256214189,4.890037354770449,-1.8938580685849193,-1.3567691876350472,-0.7063107514734706,-7.794943017722101,0.05588160068461362,9.72178479463037,0.6660456976646155,0.7308204193191836,0.17516752053096737,0.5
0.6343466950667755,0.6476287232527296,0.5452552811680348,0.44633203823089806,-1.5222173346229964,-0.979174763566413,3.0639996685854607,-1.5882937555128465,7.415454133113002,6.479561739031572,-1.8246952194078874,-1.168310052826094,6.781939471199858,-8.70720336001144,-0.8845944761007456,12.058755972742826,0.9209417838271405,0.9469960817550505,0.5413272285921159,0.45000000000000007
0.7581887232675951,0.6502043742567098,0.5140339630477208,0.6218921887225419,-1.8540637104274083,-0.6126533395734356,3.9062995138818812,-6.8304336926014315,7.018850414803588,5.3834226653850985,-1.7422244757738103,-1.3051425234595804,4.169126254489932,-3.8953492031401122,0.6291597845712669,13.08875007641746,1.0358916023820735,0.870348881902351,0.6686219775848248,0.48
0.38595060276523874,0.8928022648950197,0.43019892042677904,0.4145190780270481,-0.4095857122276722,-1.602201829103611,2.8154282379573035,-4.331018245587893,6.059501266695803,4.907717728822586,-1.546608075977612,-1.8939754708558172,2.0163391061370275,-4.865157041971964,-0.9224308714878182,13.981546533251466,0.9458593866624058,0.784577605104506,1.1149179143659917,0.5900000000000001
0.5764327220660055,0.823504252015048,0.5773654582042365,0.40289007960671297,-1.2265025444873672,-2.278509381323327,2.5190160128097627,-4.313038116850438,7.575569940408289,5.302407968374724,-1.7469624506022614,-0.6536959702724368,4.006885540763936,-3.811823999883149,0.6614217700967653,12.662551165212054,1.142274107654543,0.726470908833481,1.1426199206724525,0.56
0.5289786354341725,0.7783881540592132,0.7879652958171957,0.42661862556584673,-1.8359674997478879,-1.486787236440302,6.136654436641194,-9.533296413686955,7.550322715307244,5.207418097148389,-1.8731908035287568,-1.1220901948411308,-2.1514567652585854,-5.470236995862777,0.712345900772474,7.565453189369153,0.9109093603954186,0.9861177831549288,0.37084397361529664,0.53
0.5896682886171052,0.42334832524228294,0.5610146105886595,0.46546774529344853,-1.5578389919354154,-1.4369846646550049,4.8163304447608075,-9.703787459838157,6.861698362723546,4.084480219476683,-1.587611989480351,-1.0882978021993082,6.764134454236977,-7.166480670617416,-1.0392626527073947,6.276563583793388,0.8436590787439768,0.5193711476254869,0.25717684051759515,0.5899999999999999
0.7396336986669184,0.7957311215183601,0.6174191646880113,0.5119380380951783,-2.460861601860237,-2.4129460746968396,2.086814895445534,-3.9410572125030496,6.152997206967464,7.7475785662099295,-1.5795156223517037,-0.8838524077385079,5.6113340152340285,-7.403438014085886,-0.14345590871740682,11.115329223588928,0.4277501796586387,0.805974313032695,0.8456969220915003,0.5700000000000001
0.7881289221760787,0.7812891282898486,0.43474035079172757,0.3869258812012423,-1.737850200752064,-0.9411712247479795,2.8047920940269777,-6.638273174732915,6.835970130138355,3.090752976173537,-1.2490927694892833,-1.6365011469761614,1.6552328395719815,-4.173514070018195,-0.30278770684488987,11.677082504718609,0.6571067096816834,0.8931372243964563,0.3883427538003583,0.5800000000000001
0.7543101204117122,0.8561060506739017,0.691678042204911,0.34343657325825516,-1.0984267684673643,-2.5234186075832308,2.237533379255719,-8.751789238194345,6.602612254973512,7.837753428655819,-1.3271844612334776,-1.6450935317898077,1.2114436228304308,-7.499673794006034,-0.37926596448923866,8.454702773821568,0.6563888870789554,0.8535760221581303,0.3030425023273308,0.5700000000000001
0.7383782601732067,0.9001560880086287,0.48891278262806426,0.3606580005659842,-2.0903355275739988,-1.7143831951750779,5.495376280395025,-5.7055017444166864,6.938802433958335,3.1339705251880656,-0.8946357561854172,-0.9820411572478861,-0.26585390017337174,-2.9949060381703303,-0.8795600622486991,12.414232400434866,0.9945023533376091,1.1128962466398806,0.1270681354388909,0.59
0.5772900286617572,0.8198347053162259,0.5964550358042378,0.5574962789787223,-1.508270604908238,-2.29039358348981,5.410552026579078,-5.315282035087331,7.912975391562531,6.966524070569264,-1.9860894291287392,-0.8501719745530255,-1.3547105107460307,-5.7363952925811725,0.5666650962134598,9.455129365564964,0.7485216481078527,1.0146257037005946,0.9334524687110846,0.5600000000000002
0.6694563562822498,0.4828442225669408,0.28457769865419186,0.6948377491796977,-2.259126252911045,-1.1414067528816068,5.519240395323543,-8.507467919544869,6.519214736039252,6.179075108629234,-1.3154610564625917,-1.1079306483639404,4.962790601980363,-6.39354687577246,-0.4438481690220898,12.659610414989544,0.949176618280702,0.8965499793832716,0.688219960867318,0.5499999999999999
0.20259333699739673,0.7053400850084312,0.4761619449197182,0.7690179976361202,-1.57051206587189,-2.56639882118723,4.567825332928577,-10.020731037273997,7.409533784328795,4.233470565235034,-1.6248286074056926,-1.0396855387625739,-0.7012575969064061,-1.8960183679677391,0.2677462133199515,8.929906517450677,0.6339886991598216,0.5491067632699429,1.1472033262863393,0.5900000000000001
0.6105201423809075,0.6080962596195827,0.42860560614253407,0.2586738776538863,-1.0858765798441126,-1.9615527054690387,6.805835043200378,-11.467261911337383,7.953386421513004,7.9612658312868945,-1.899884081021531,-0.8506546892935216,1.7212471512409155,-6.906908559205361,-0.987514818648846,8.327187211600924,0.8145522068128831,0.8009221338415846,0.42280179005084434,0.55
0.7549803367373606,0.6765933433873457,0.5316103673980132,0.666806492949661,-1.2686763923454254,-2.939261054175402,7.585757001932797,-8.065045029343464,6.9881781205090485,5.827135478592574,-1.2231445677373904,-1.8540510183213943,-1.354074009298535,-6.763370017425389,-0.8815003063333615,10.947993492278076,0.4963165213234312,0.6921683291278775,0.6259232588304189,0.5900000000000001
0.4290933646855771,0.6140060053827379,0.3819343317694631,0.7263161294492816,-1.642565841633318,0.03376537275206026,3.1933225982331175,-3.3421535933789226,6.921910896093256,2.5419125075373996,-1.5206202695855777,-1.6296946948992044,5.80900796362754,-6.829106506766907,0.2465181973563103,10.557523528793626,1.016181712401817,1.0619402046015938,0.4054881715919751,0.57
0.6870778065872188,0.8267410059099529,0.32212562517597587,0.36596267784384673,-1.8052142678499115,-1.360599395098989,2.8136290700779627,-9.044163304338188,7.531849436970477,4.793356361681843,-1.0756478462283157,-2.0357450710133866,1.5069783989192882,-4.220550542145477,-0.5403256195087626,10.809498106227798,0.5166545626116634,0.8017041469053645,0.2848806918624006,0.53
0.6232056520057196,0.2980168854823097,0.6603999368870054,0.3047890428332387,-0.9555215653245118,-0.6341589708280636,3.864164058961808,-3.692223594669285,6.772848565189378,2.9865261801023126,-1.614400159223843,-1.6822315863419524,8.689695146936351,-3.7097170497987917,0.42782027977000103,11.664906722435308,0.7378666435116017,0.4567148793476557,0.855160971020475,0.59
0.7357728199033942,0.24995724455485657,0.5210374494714705,0.4072698371526949,-1.6122100485191917,-0.6137782983734379,10.86911109904592,-4.364847008761285,7.655307104894259,4.320621615079034,-1.3937434624589806,-1.3456230791950845,-1.3022048104568587,-8.864934269860322,-0.7886568831112013,13.227550610086016,0.7594542166012183,0.895921636831503,0.08157359865703263,0.5599999999999999
0.47772132939891127,0.6997190015819049,0.5017131186280084,0.7786864651886628,-0.2713765928525691,-2.956643924255407,5.135569132637401,-5.8938022248158415,6.594251547616042,3.5663799039254886,-1.5635344712899528,-1.3853640245914531,-0.8112876573522345,-3.574465793886673,-0.13894002564351482,13.313401744185343,1.0352897734473538,0.7644829864961895,0.9338722153784741,0.5800000000000002
0.5718123822405569,0.8197439296339791,0.4199442459147339,0.6348236140664905,-1.1184649696894655,-2.612361523680346,5.6222638898785275,-2.3806222030259914,7.1202870618773755,4.422741404112395,-1.499637497891269,-1.1168179846879904,-1.022421206590183,-6.760770844622286,0.5760929273019317,12.843733534900348,0.5291468213261812,1.1225560829829897,0.4853105424381724,0.5700000000000002
0.6421011598755282,0.7779740752810516,0.6820302607657801,0.2586405898776267,-0.7268118324316697,-0.7597823756348709,3.5111471278673148,-11.460463503669942,6.660965106888213,4.663476070674813,-1.7964337557045926,-1.3364282128788318,0.5176364384745726,-2.7311820827214426,-0.4854555763654997,11.504408376795048,0.950842346054914,0.9108431731629496,1.092396477873673,0.5900000000000001
0.4495704136560147,0.7227444228983518,0.6966459922193738,0.6734821163125125,-0.2072217065927341,-2.8600909715324354,4.742019016385502,-2.2742954996078435,6.641877859703322,7.882777611644057,-1.6411839799252355,-0.8150611837734728,0.9694137356080663,-8.471496479065726,0.5880671524237193,12.111624649564538,0.9298992451597137,1.1095425542579873,0.6897601667942858,0.5800000000000001
0.7747634594000512,0.3780389594365803,0.47925267577505515,0.5494160097312519,-0.8628859679053161,-0.03957084670225752,3.828288021541979,-5.769006156202538,6.065330907351131,4.579179749943432,-1.7421728255498852,-1.3699935298620551,6.050892353950765,-8.891615057715898,-1.162828369477567,6.510820127967924,1.085589353480169,1.0149174889560277,1.010213288804123,0.53
0.6832469189673158,0.7316632176117394,0.4985735394506241,0.6038775511439047,-1.5065483534449775,-1.1487068527491808,8.821660950269834,-4.438725453504089,6.592090552864116,3.053302490257226,-1.4925605503890513,-1.1973853822794478,-3.368427801499082,-3.4342323124622176,0.06165185093818959,8.761542394673553,1.0285185762655402,1.0477295943250278,0.3058139337456251,0.52
0.35446479946981124,0.4464334683209453,0.3456030263058401,0.28066003591020733,-1.43873144153548,-2.8016203419431713,8.024386159710183,-6.439348475916862,6.858036568983185,5.719261272784385,-1.7334968648759623,-1.7469634919077208,-3.4646625331618743,-4.766606615511254,-0.694988789591876,9.482654718487577,0.7727624812011085,0.28865230056611846,1.1080769905210215,0.5900000000000001
0.7515623163178915,0.5000262319022168,0.6176092447060885,0.5761057932796426,-2.2477436722919686,-2.7638226650831195,6.018366167387782,-10.255657790680615,6.407575763520969,3.469653792819977,-1.0992174954196234,-1.5710492929176436,-0.4262739094896032,-6.302317477670901,0.7912911499383294,12.813259249037088,0.8602089700982893,0.2642266868534952,0.5027006871561034,0.5700000000000001
0.40153850436237803,0.8838703613331889,0.38104029117665295,0.4586157110510628,-2.231553854424686,-1.128168684068054,2.844670392517756,-2.446226361359128,6.819185171694418,3.5928898199363184,-1.963405979238906,-1.434481199272656,2.3195418782270023,-7.01030741784492,-0.15822512669414396,10.745300500264396,0.517164695765804,0.9133162577127764,0.13113471400793908,0.56
0.6075718004821873,0.8380396989048804,0.6762826865772754,0.48733770532059334,-2.3241446150725436,-1.1038472011426363,3.6856599999663624,-8.342204578263466,7.414572536440793,3.542804583567008,-1.5300897686089066,-1.5239564026742867,0.5670179962376598,-6.7921938195919775,-0.47371000077258113,11.498597135624863,0.6629181575133193,0.7633351117533438,0.9426136891495933,0.51
0.523491945951878,0.6603962532778108,0.5836844352364547,0.6475145277800688,-1.5309938628312,-2.056247266594315,5.733814048109675,-11.05318655294382,7.757639359552392,7.2064608452264665,-1.58528965563495,-1.641792221389759,-1.861590372359219,-8.6668170362368,-0.19455493230802368,8.163209736437352,0.6742324343665305,0.5217614749829473,0.5601602911882917,0.5900000000000001
0.7017853433665071,0.8241076099025539,0.7032952337178852,0.5912069179796806,-0.4634379478630022,-1.3457086671946592,4.804042397709869,-9.757118538336954,7.047745745974297,6.667021555755121,-1.5559989684958253,-1.7838219916898654,0.023729727907398857,-7.374173182003939,0.5330069487198329,9.967133222603296,0.6223650452408216,1.108394241419184,0.8124951182108305,0.59
0.7512600003455778,0.799933896483123,0.6848283364221249,0.49045364772088396,-2.429199157059242,-2.0186083150870395,4.856585584799348,-8.742131667431625,6.871866627398395,7.627495659711226,-1.3678249082028413,-1.0487452884124446,-1.5273565525531696,-3.766904831955335,0.03763637469427006,7.581136520764977,0.6508965188794387,1.1557921895634982,0.5866976002597403,0.5900000000000001
0.36442664528084123,0.7180661187521371,0.3784575097959727,0.3243450227161194,-1.8497299559220024,-1.3454553637012236,8.301239622049215,-1.397250813957142,7.52525340524096,2.3113215735925987,-1.8477489232644781,-1.1386726571742936,-3.3999405708320776,-4.850645817804629,0.25219031954965243,10.043380382772881,1.1896721719148966,0.8517188788311121,0.43876156683262985,0.54
0.7541414751098336,0.42982437815735985,0.4523071129108037,0.6265917322110888,-0.4702831648333851,-1.6916398476572634,3.636328831783405,-7.1365955506518475,7.511587729348555,2.9135220420336077,-1.4270453658551552,-1.7946648052639198,7.715277467192696,-8.012846641859792,-0.36230109245300235,11.558685586480276,0.5630688721315706,1.0165624945301655,0.42419271238216744,0.57
0.7825278443223516,0.7984031721635898,0.22912154383382724,0.39148763536753306,-2.089085180409358,-1.5100639384957948,3.9171235574119643,-6.9047500836448705,6.518563396216979,2.5927570737668644,-1.0723067359447378,-1.584592920206704,0.5935569318430468,-8.050118997681698,-0.18249008917576945,12.787454396365058,0.6347799977600274,0.8969209436333054,0.3220539090000808,0.5800000000000002
0.6236382496141368,0.47454975267484806,0.5531000792218899,0.4177195859421544,-1.5637042143375113,-0.5526664172219191,3.5524720483406798,-0.6889047534517454,6.765463463926151,6.1682033212616885,-1.816075625909249,-1.4047151477972089,6.934676111392567,-3.4650878586941602,0.11971664394435247,13.013943490335675,0.7827544056367081,1.1189189851585324,0.07594911592946285,0.5799999999999998
0.761051164109971,0.44624434656171696,0.6001993930149933,0.3877648992075961,-2.3572695051684076,-0.1636366516880893,4.316828048240757,-1.8405994193296866,6.198057556516257,7.472753129115644,-1.6398403489209301,-1.3893550918584572,6.4450136599936485,-5.968850998425493,-1.1235288168080697,11.332874367393405,0.7433608588797077,0.6969417485578949,0.29955941916242185,0.44
0.6990790847833663,0.3166859321313802,0.6433352225331647,0.7051394718028412,-1.2713190655225375,-1.5124539171238809,4.8846803042731155,-8.192518425723042,6.7163040292283736,7.432403704787157,-1.8653025628860325,-0.9196086812011663,6.144943750493338,-3.6152092055307268,-0.17664670407939476,12.564039628936818,0.8120811145732,0.5284704891102825,0.7137217001239918,0.53
0.6886560435554547,0.47351502547848623,0.6623426170119858,0.62756128876572,-1.4014657095636938,-0.7659443818246592,2.2288701144556087,-4.368051649143447,7.505566443633204,3.6990657350714717,-1.998036540763572,-1.311325670035833,8.800991046921839,-7.004099703318209,-0.5980959259912138,11.610904529797795,0.5995759355970489,0.4555464441629749,0.5518872013335419,0.5400000000000001
0.41478887957155947,0.7734593241327383,0.6172147203340518,0.6499180560702084,-1.8713358697386173,-0.9140506056024235,6.292154089910891,-8.167137120721462,7.971898033362157,6.685033176383797,-1.7059015073236774,-1.4600389252222508,-0.5910371373952283,-7.640416462961337,-0.49400893521099554,6.456362139847325,0.7601777863492332,1.0380484071555893,0.6071517649931831,0.56
0.5159049510453788,0.37183236377725565,0.626473126123291,0.4933459494048805,-0.7640008037265708,-2.261329972749648,9.185752053907548,-6.92790389320271,7.507906628988001,7.8718425178807845,-1.6309324971455994,-0.6486030443354368,-0.26681771281607836,-6.115820694136007,-0.964058153627675,11.040778939390552,1.0927929155741039,0.8752335943999243,0.4306860644437256,0.59
0.660115697209686,0.6940926380115191,0.5914781255276156,0.202433782450612,-1.4940116052075276,-1.8507386014018503,3.633462838070021,-2.604179363384017,6.460049609501646,4.5140455961641255,-1.1945832757508446,-1.5275085049017463,5.394703677269029,-6.299044591911556,0.0995189809572079,9.95531985391169,0.4358058484472701,1.0129000884364145,0.27529867392690033,0.5399999999999999
0.7165793639359409,0.8865706528621727,0.46955996725249977,0.43847427220899005,-0.43179914275786235,-2.1902366943499088,2.371412310589447,0.17566088334313135,6.016739151759981,4.867623718808603,-1.6831584672859277,-0.8136996595406917,1.3755218264725873,-3.4394751938174757,-0.320163497669138,13.023146845412452,1.1418589742609209,1.0846749218349485,0.3242356162659857,0.5900000000000001
0.5769356730185311,0.24037535413261774,0.6725803693834502,0.5251001204907395,-1.889723580314531,-1.6173645018442284,3.402963864627977,-5.622644259454134,7.156984444911287,4.148000820143526,-1.495720394129331,-0.9318106610170948,-2.9456040287370686,-6.173852169781704,-0.22282943774153585,8.837660351627754,0.9912880406066653,1.161553476002809,0.9549629105023921,0.5700000000000001
0.506875423039944,0.5907862382815426,0.6350367513897761,0.4863037979299138,-2.2239274405145535,-2.337106168882198,8.852420380024382,-5.599811543364789,7.471120873156153,5.517097118944815,-1.6245049424306486,-0.5085213814746956,-3.3108198102704476,-4.478309711707632,-0.8326616122860817,8.22594852181534,1.031716340743951,0.6037209060201714,0.08943248608738669,0.5700000000000001
0.6000427061338638,0.4895640577775729,0.765010516737207,0.7569346122422483,-2.1880737600714584,-1.6783880721420197,7.111299444986057,-5.034153935635269,7.363310785196975,5.335530766042058,-1.2483960725238454,-0.9066137287074334,2.9529582355687416,-4.6160611899193045,0.35471736407344207,6.490602163106106,0.9572183058413373,0.3932933485167601,0.14137650982613506,0.5899999999999999
0.7041805487762268,0.8684709143517948,0.36789112342314656,0.7598139335667458,-1.4930202854539436,-0.7419258789745077,2.0578075337850876,-7.738775453778249,6.6379392249418006,4.58971755306931,-1.6974118223206551,-1.3641339713950824,3.00564247735326,-4.797067390583639,-0.6241951126890878,8.154413952915013,0.9029886655908065,0.8331004166219059,0.699719001543543,0.48
0.5048493088263306,0.4470248022069405,0.5198774426598884,0.34391438953837994,-2.2004617225421086,-2.232574934263933,3.689656832510392,-1.6765640859210134,6.59269956391458,3.209240390736211,-1.2315294065408056,-2.1639020605803383,4.714250796467587,-8.762683755622131,0.07549034424158335,8.049180628119895,0.8698049678173906,0.1562573298269517,0.47076849874458104,0.5700000000000001
0.5451312050044456,0.782727839229252,0.4840456220109508,0.36962258351472854,-1.045179744425287,-2.1688327082961143,6.331994918101377,-1.4910262955375209,7.008058218525607,3.5002491109827893,-1.8541279330461904,-0.7535129385974872,-1.497225540176414,-8.265574509989504,0.6140495845011817,10.016900797503013,0.8529542873649926,0.994319095330837,0.4614729097482302,0.54
0.4053393184517273,0.8696700771928483,0.33881797901053434,0.6057697847920565,-1.4404451323327105,-1.143876656924232,4.589284353414186,-3.4785786012164115,6.657466997191646,2.923785525604978,-1.977975179030816,-1.4901798217049351,-0.3385481272641656,-6.190812444871682,0.15843327704667917,6.968284191702557,0.7089885232596204,0.8258414560099547,0.9730396748028489,0.5700000000000001
0.6685985491491317,0.6795934857480596,0.3777303449423676,0.2238047243974164,-0.7822197292361086,-0.9352005227813187,4.8353750581345585,-8.213010620349083,7.001477878249665,4.4771926998986755,-1.744742165393266,-1.4318241625782355,0.6288687633051848,-8.041959330389659,-0.41653352666282434,12.431568821358395,0.9809277372906537,0.6700471615388512,0.5509260334139896,0.5900000000000001
0.5556826794218221,0.697630736647972,0.2295547170947741,0.793135276279915,-2.2512283182709076,-2.577622129357384,2.2981871601839776,-9.171703339289364,6.880925054037699,3.500016537040748,-0.8538437411912757,-1.4647965957500135,1.346890902425693,-1.895288560798345,-0.6778261322164546,6.95209790189065,0.7736225542761459,0.482430663557726,0.7178708567811087,0.5800000000000001
0.7863606519256189,0.4837457739256059,0.7214148436921968,0.39413956904119885,-2.052787266259206,-1.6012653151656007,9.519715371059522,-1.668595719935605,7.62731055783729,2.474073158545132,-1.6219964866601626,-0.883803545234101,-2.2503854316270226,-6.778804367456456,-0.4568913979492457,11.272491460546636,0.9777449740604287,0.9134138573369466,0.4514907690776354,0.5900000000000001
0.6861302709081076,0.7473450381364629,0.5551492117725231,0.6347126896567987,-1.8316758987743418,-1.3725553019157506,3.068441110036139,-3.2282727739547905,7.45246776718536,4.372874694960347,-1.3885705607710102,-0.9808325198911252,2.9316902279908374,-4.554786069464106,0.19308264930168673,12.527370470367567,0.9251025464164488,0.842172486351783,0.8988645077726056,0.5299999999999999
0.6641498800449922,0.8041199597695916,0.5448495982056042,0.5090859629389801,-1.9786090970245707,-1.1579075360021966,3.6315481179367612,-9.950958041107096,7.489669124826155,6.209711196748049,-1.0178435919333333,-1.7407661855636976,0.9556190617918465,-1.504033518204094,-1.054846311890112,11.205088845212927,0.8363618019802667,0.7010715408065815,0.5693133128170359,0.5800000000000001
0.7621123588845724,0.42996376316718304,0.5915888054217819,0.7070269151052666,-1.144611376522099,-1.3106759687815543,4.804563457806794,-3.4403461847526184,6.847979462802685,2.910719183322729,-1.9995164391128277,-0.9545926487682004,-2.5894727455386124,-4.959067267944007,-0.810966847655178,8.435678483331966,1.1104116375761324,0.9812476422051878,0.6219809916845951,0.54
0.5136127658911257,0.7714698031760687,0.49601184905938356,0.2596587727931477,-0.5746600084704072,-1.2644497963067536,3.5323767977527485,-7.98195381580433,7.418575886239323,6.088507914573307,-1.95898441230896,-1.5185415744051292,5.086087503699448,-8.293013844791854,0.27652057776939254,11.802887663997462,0.4331714256677107,1.1908147199788488,0.05053038734948495,0.58
0.7679521577289976,0.8742145025035513,0.4977887948033851,0.7373312929320472,-2.4491251343952056,-1.0139411798385887,2.7524686163839855,-6.722608804688893,7.464478978585331,2.8396439467614503,-1.9331485355269984,-1.043953815692503,1.9196721645199222,-3.562019108045635,0.2684477512841269,10.689057018223467,0.8808368302424116,1.017783892509608,0.6393539400469747,0.5900000000000001
0.7715296580696057,0.5337708880348314,0.596731043743275,0.2755156196353089,-1.1885299527911688,-1.8613921900753487,5.312476476624061,-6.5671540831669155,6.637941257573213,5.224580562435793,-1.8245350447962851,-0.6863498619984936,3.712038352173604,-7.76288090106554,0.20179314919780222,11.043658757803309,1.0411899472838282,0.32831724248546323,0.5099068214327673,0.5800000000000001
0.5188964557604412,0.854594004000256,0.39868746306800557,0.5416093139670983,-1.2900891141669377,-1.0748230432537813,3.160676091380905,-3.4399139790967306,6.200944463810338,4.384120044266566,-1.533463415147689,-2.144696555771827,3.509154059818849,-8.6325675063387,-0.18575419955125674,10.263137158988272,0.3525862839414591,1.0245172039833141,0.1791722497977909,0.5499999999999999
0.7182679928884291,0.7832256269053708,0.36994191438565377,0.4766329039882291,-1.91390748374173,-0.9126519399169096,3.45983262612023,-4.9394906440521185,7.823363505628985,2.108017507212211,-1.1239415305532532,-1.6998125869081102,3.0597194701607955,-6.91423494059899,-0.11872089343347866,12.92570115104321,0.5169103100030941,0.8907051825158487,0.7237492313173763,0.5800000000000001
0.7411313603087903,0.7187901475030387,0.7839856586966013,0.4214276285521013,-0.9493017409510083,-1.6193130726500304,2.6570882301599124,-6.073207634231165,7.5821909977400335,6.264577893753074,-1.901921135144047,-0.9944750811553781,0.4374716795147413,-4.701702632724006,-0.5404613771088196,6.923136285391576,0.7306885362736611,1.0712516580285776,1.001682098074423,0.5400000000000001
0.5983453843159655,0.7964843488330385,0.2964913404350347,0.614377884241693,-1.2852001238079367,-1.2781558620888602,4.285781442056132,-7.968926791570738,7.445266510003378,4.446123524182021,-1.4318837065976175,-1.1815656132693642,1.882671801110501,-8.58488842256458,0.6781563653467418,13.17958316663686,1.1576719528637858,0.8312881349563384,0.9012429548314592,0.59
0.2335082896913412,0.6448031554215884,0.23333047581682714,0.596655544635823,-0.6122249046971371,-1.548633676036638,8.61151294526547,-5.739214343244445,7.540390828308726,2.4387172814039064,-1.7864102448875243,-1.7088928361078637,-2.4519933508111094,-8.282311245313826,-0.5300459932019823,6.0273429363237465,0.5611758004712246,0.6616828619688329,0.4648054710580348,0.58
0.6067019056087335,0.3799203345544141,0.6737238145518303,0.22737853053159215,-1.093500543877205,-1.5909380527344075,5.732362017097384,-8.321047134374512,7.328414415896651,3.695270827262197,-1.734019118092186,-0.9538645281517558,5.265512441282529,-3.149151049376276,-0.004524045454310344,12.034204023147913,1.1223921161705117,0.617873681414046,0.4794467893507095,0.45999999999999996
0.35444472909727215,0.8827890169981396,0.2737558071359336,0.2711776159578569,-2.2098424006580775,-1.9561907944935761,2.4964522142055197,-0.8037074853479356,6.721980300613885,4.460296907483346,-1.497524494744736,-0.7637074676577968,2.4526682501669725,-8.412968176482831,-0.24974705056366633,9.94577113327322,0.9807079186088884,1.083758781684031,0.18756740026365265,0.5300000000000001
0.5860986826912584,0.719423746582895,0.47284317789716,0.7276369128383711,-1.7435417452641269,-2.912234424949693,7.066389623614223,-8.71642879974313,6.360660186068305,5.54018130246346,-1.3114773502604349,-0.510861128036719,-1.9318626583886647,-3.8905642440919577,-0.9682872450021474,6.119460539482301,0.8844388178863282,0.8153994483051094,0.13223312277053315,0.5700000000000001
0.7495418819542307,0.6962756955648131,0.7707915580285103,0.3861539927638894,-0.7322771599813396,-1.7579721668100952,7.320908591721817,-1.3803119489145854,7.060067705070505,6.904556669914572,-1.6418843332065693,-1.6753605249257864,-3.1683328065880163,-7.295905528068028,-0.15210918237133167,10.721148608396557,0.5832252181327358,1.0855555475688639,0.3595243067719503,0.5700000000000001
0.31009811642543494,0.8252138831803951,0.5104730000767627,0.46818730628129646,-0.7199489453890922,-1.0751074048342097,4.6038890320156876,-6.290804670393344,7.950860180161269,2.5197008956828606,-1.4337559938810538,-2.021486519192427,-0.42493234916289135,-5.664611099590276,0.11311020795953561,7.463794237075047,1.183201036427612,0.9776684623783041,1.0847985681126187,0.5800000000000001
0.3772203321352546,0.5170870217787592,0.7169242174999564,0.6722882504350589,-1.9206045379296335,-1.9550231581218993,3.648652458204623,-10.621516813327176,7.5876971541034655,5.243037971095285,-1.2465424369004676,-1.6301204086050403,3.0522977595982734,-3.107529997117778,0.11150830004707984,7.927432214729807,0.96590450232203,0.19900033814914678,1.0575854744535227,0.5800000000000001
0.747570156370567,0.4289738635060245,0.7642132653931183,0.23966773529042928,-0.6194044258414403,-2.423082603071271,3.103941412595148,-8.870183393038133,7.337686140926618,7.187731451599704,-1.9876010043116936,-0.9909938297265702,8.50161617362296,-3.76202673387512,0.07198091203893647,10.93154847978956,0.45731422652121995,0.544846753888013,0.8557255390596852,0.54
0.7537106702367865,0.7426466852566149,0.6301869619314744,0.5511129305020257,-1.5006522835959504,-1.0927811634144993,5.681981537456203,-10.850382850761996,7.59477949578461,2.2368746913554727,-1.5618084392933775,-1.3636095059020152,-1.37725948130511,-1.526921006994979,0.3779969400419355,8.693225409666061,0.8922854454946053,0.8618595585596398,0.8129300708368414,0.5800000000000001
0.6758292217011646,0.5083710666229765,0.6394462586805013,0.7716293732648366,-2.4754228573579655,-0.37364476518061823,3.7697134095888893,-9.993731922938018,6.48583976247061,3.4002969803109817,-1.995494089171665,-1.5358135930329673,5.940220767235756,-4.902400207401342,-0.9629529133743,12.710795856362138,0.6396425634961418,0.8869883311054781,0.7434516213928599,0.55
0.5629946640102375,0.5050636642555869,0.4747369237409951,0.28832789028527,-2.030495059145707,-0.5119383474840604,4.602911858425423,-10.5605148906473,6.512698807949581,6.933642864302774,-1.8387261954059808,-1.747446325828122,5.262208048740784,-7.672348146018615,-0.9068517259661354,11.276562002062946,0.5361718617925016,0.7490270306319127,0.8346622680604262,0.56
0.7246652720194373,0.7442975416678376,0.5637477541714063,0.6212929623044875,-0.8569355409260433,-1.4469606266558914,5.1446559744941425,-9.178672519142323,7.4553389963941665,4.750866020308819,-1.643973567594131,-1.534315517729363,-1.25736618159907,-2.7385083848760035,0.32774040814184524,11.734606772254882,0.5802872985209153,1.1744511358749705,0.9328912810253491,0.5700000000000002
0.6627659220222187,0.20528655911638616,0.6481540135966776,0.4566691724994738,-0.5666313443051322,-1.0831483036408813,3.6091697517420456,-8.732316412908103,6.5797687988691065,6.665559253164576,-1.4854767064089522,-1.2608885564476249,9.401041237969459,-7.193633282539718,-0.22824970197508154,9.803019823364668,1.181557068126251,0.6314612571351386,0.6799394935919196,0.5900000000000001
0.6538259417206789,0.8259045729464347,0.2347975000860133,0.33247829098136816,-1.2663685727535854,-0.7430481234445865,3.2734415898296514,-4.511832186989514,6.173564506504723,3.2795378676573064,-1.3819531046558486,-1.6312574327566893,2.4099662977696497,-8.867592556548926,0.590935071935365,8.417875848096129,1.1045560321963415,0.7346997231017414,0.6007305011807154,0.58
0.7903849348083803,0.8952357643908857,0.36377895214289313,0.44532488598936676,-1.9903010084206265,-2.5303792230147835,3.833629327783427,-6.856582411385402,7.134865700284151,2.9101652317469973,-1.1837367668348808,-1.7531675638121627,0.6866992844512363,-3.2868388773241315,-0.1813319506193649,13.541708674407865,0.2862285647848626,1.0990281485198339,0.8247697263003998,0.5800000000000001
0.44178732722657293,0.7272413178009101,0.5784489058239454,0.40617025798678896,-2.372488905049962,-1.8801138962973585,5.752761280323348,-4.188843606157383,7.058693984664155,2.7468879866119345,-1.6506235587194162,-0.8864692129205638,2.055093274095471,-6.253855066133706,-0.454401909969114,8.552079991298465,0.8005211030904735,1.1356260307634958,0.7959512173869686,0.4700000000000001
0.7469717752104744,0.7007127920996945,0.7681924058045696,0.7018967772550366,-1.3563792812722513,-1.2669464010466742,5.336754518569146,-7.935999651163405,6.870046048240567,5.585905925929125,-1.9088988631958093,-1.3843523809874,0.26769429751352036,-8.60529820923131,-0.8477652636475554,13.103138732028764,0.477211684194511,0.6353998898677478,0.3566347435142954,0.56
0.5000709177259794,0.5619969148637898,0.6625291006058404,0.7302793699658887,-2.1190275104331904,-1.7279663263325298,6.3101295893765865,-9.300374984471931,7.232933538201158,7.396114561878722,-1.4672753130817067,-0.8478490449424823,1.152888422586451,-4.521716223131549,-0.28182690659350496,6.720253768186731,1.0565602876506988,0.8363817826007898,0.5266318500173816,0.5800000000000001
0.6871119493555709,0.505014188959546,0.653643897547445,0.44677198856014044,-1.7516293393669902,-2.526232083360061,5.556356455516529,-5.30764750738237,6.61657562266894,6.768581995229637,-1.1789658109885086,-0.5255262896969353,3.9027227218021947,-7.111026196911659,0.2003360667933127,13.440877891617223,1.1236257564363774,0.6392210276169044,1.050280990564771,0.5700000000000001
0.6478378264685125,0.7601323252789073,0.33560694775042454,0.5689455122795735,-1.5108060562945587,-1.724492382861017,4.528027151246367,-7.338408366186013,7.266337200219403,2.966224898137959,-1.9372398024918975,-0.8449892356360846,2.9579826749956286,-3.1287833947243797,0.37356897305416836,13.924606476244794,0.7608279884659626,1.0752467792635279,0.9475328336243554,0.4900000000000001
0.7138204648148045,0.2952929905268077,0.49366510183116397,0.41260788146442534,-1.40005366770326,-1.057071924706091,3.1069887346407334,0.17870952065641943,6.06720422178938,4.204566747563003,-1.1326445229019637,-1.5714056434033254,9.639009934378091,-8.422054738322277,0.572650145024048,9.242680501328104,0.6001133383042256,0.8617685440238703,0.5049647751786571,0.52
0.7578763671380353,0.38934645257317135,0.4810771894228564,0.39867396058091975,-0.9303048184706877,-0.9300100007738508,10.993536983970348,-6.618150311466818,6.754204175340889,7.283787051887137,-1.7167773740458088,-1.2785560935034994,-2.823700569451654,-6.307545614049092,-0.03367250439676109,9.815536648951666,1.1480762046414914,0.6650245056641387,0.7545791605599064,0.5800000000000001
0.5609036257770323,0.8511577819183317,0.595066048397567,0.6198129732388777,-1.739011229821799,-1.6402094868509094,3.564108371869721,-10.726743174263795,6.568044408797551,6.368767662319166,-1.7603080131389839,-1.6600966417556997,-0.09156201382048734,-3.04725280153464,0.780909322754217,7.62321425442036,0.4328115357950157,1.0026500252230302,1.0464502575626042,0.5800000000000002
0.7196122064592424,0.6138818676431038,0.46133665209432456,0.2673228714932036,-2.3515984739605997,-0.5912737042769383,2.093363686700216,-7.781493067521722,6.857735443561098,7.9370323320908875,-1.7378210719833378,-1.4806081927818233,6.32364996722774,-4.141921109493162,0.6125225333034958,9.19652898653854,0.5243520208190642,0.6692243312071391,0.8417185367718101,0.5700000000000001
0.752319001325946,0.5979968711148521,0.7788332472523241,0.7127461472312246,-2.0510681380877753,-1.4394064653200958,10.165375175727766,-3.397915085780149,6.251880920885335,2.6807024523365337,-1.651746817028589,-0.9642085598112788,-3.5829137640017086,-7.714444805076392,-0.14104439917667758,13.842363949574708,0.9862930460559854,0.7502032888303933,0.523296986163107,0.5
0.6624720010059694,0.7075387684655627,0.3243396863187727,0.5602125860814133,-0.9325077637322936,-1.692807778058422,6.535269483536482,-4.524307837689535,7.075439502339174,4.926787940997276,-1.9105320896876083,-0.9458487304976194,-0.9473159321242282,-7.307741867218266,-0.9453916476009605,13.37204267912332,1.15358150210968,0.8195806308272859,0.6558455872400987,0.56
0.7747352160751739,0.6664722814684145,0.6162798815357983,0.769734475020743,-1.7918786705646017,-0.6720604136344264,6.2901018704004645,-5.42666500498496,7.235321679537698,4.451001190074519,-1.5913187020106423,-1.3091642236177963,1.4827526856358098,-4.600722712379074,-0.07067921477669992,12.770608375838751,0.6627689932898472,0.9948005876442904,0.5732786049303579,0.52
0.7765965238419351,0.6043289802889011,0.5872667659441213,0.40559164433123274,-2.212355716660097,-0.5694808373018312,4.176907062820031,-4.576033437185327,6.9212005951888855,7.169592959019834,-1.8271785364790316,-1.3893690315242124,3.8521984003961127,-5.795115160845193,0.14343638340056108,9.116284968499127,0.6657221686508582,0.7862787494302123,0.9672081207935166,0.5800000000000001
0.6558203137121067,0.39747078132164987,0.45257903029826374,0.23402534426969748,-1.6837066011591038,-0.8046428689554106,3.9096619730487205,-2.265956885978469,6.372771832869041,2.3933694717123184,-1.1945455640784042,-1.6651784028542918,7.5008890146226435,-8.775005946805951,0.12813174599374832,13.645343471020219,0.5811102167982454,0.6214655076098424,1.116976531768055,0.57
0.662237500708768,0.6537180532661276,0.2089096996569858,0.634913100999473,-1.0553852633922958,-1.0035617123731702,5.994334446180872,-6.351015605221513,7.211269867187048,3.4882813450681276,-1.9267512553620993,-1.2582695307248273,0.6416906107840787,-7.8992714225411245,0.19650373885412098,10.918645651391548,0.9051163224456881,0.6463844764480737,0.9495560982402868,0.5900000000000001
0.6800008146167584,0.7135034058431309,0.4470370882871808,0.5951293834798614,-2.213704823365539,-0.9638658267905257,6.4376012395810145,-3.521264783343043,6.855646761266496,6.31851262365787,-1.2366458636864466,-1.1801002498503714,-3.4728839760441135,-8.350670046145147,-0.5816268108499891,8.502292989084605,1.120408700332772,1.062968862556338,0.7536148290767575,0.5700000000000001
0.7468923763796835,0.5576895530814157,0.2736040593550708,0.7386896780729008,-2.319495469801533,-1.8360687726623752,6.043459133115497,-9.182520643550392,7.417344067364649,7.710155137371568,-0.8063148576653353,-1.8162068354499574,-3.5742314025443735,-7.817109966443943,-0.5265615120390257,11.887473056320399,0.7787219575538276,0.7851577762159335,0.9184277049722094,0.5800000000000001
0.361223770387178,0.8330434662806586,0.5802406585626952,0.6545333027599729,-2.3394732844114947,-2.245372480625316,2.5238811822492617,-7.110151772337617,7.163835601962336,3.8928257673140103,-0.6983814302945419,-1.2713726536907037,0.5109339058386622,-5.154249736838717,0.3742371620087454,13.557712437848256,1.0826781628522661,0.8039589866825622,0.3600616351772067,0.56
0.470865572147778,0.8565131433857989,0.6132842920340694,0.7077271878010631,-1.277426483631599,-1.507981803750082,5.698211376521492,-10.36202155707759,7.3346097156868595,7.198567828762691,-1.167985551540163,-1.2588159405073656,-0.534148993299459,-6.107589015310709,0.33426861617531406,10.533957261542575,1.02625673665927,1.0805121022985018,0.11537266580065009,0.5700000000000001
0.6033217856944362,0.4355505303830618,0.5770303903516142,0.4558844731278143,-1.7341768579446377,-1.2823076068864663,4.098442103905495,-4.38519006551455,6.657827898229612,2.908072359153389,-1.8132269213200436,-1.2136359938835928,7.7393677565291235,-6.211863907827705,-0.07122173313120772,8.622360277737213,0.5875704719705268,0.6335737458651158,0.3496870093617155,0.58
0.7328762706690272,0.7704776563883846,0.4664322052679809,0.5044215363369303,-2.473355057568998,-1.6030402416670517,4.00511328698607,-5.8313027596590885,6.250651325698447,5.3307583135454255,-1.7170956649544231,-1.258485813146701,1.8779235075372864,-8.127843846289199,0.3176010305216044,12.54745885889809,0.4115313283125848,0.8588916397925828,1.1561949215318972,0.5700000000000001
0.5068076390312447,0.8155013646455418,0.5688483509845764,0.22452309255583502,-1.3856919371179885,-2.047856689483058,4.759050936887396,-6.933041128870279,7.142447418783132,6.874633086763969,-1.5809647371166453,-1.353559453616718,-1.2255136514301719,-7.219430809964571,-0.9503032175799282,8.419434181827677,0.5300049806642942,0.9359168650456253,0.7472575300590746,0.5800000000000001
0.6875473802199854,0.378793219753924,0.5844930162646287,0.27395979934197334,-1.692893667836043,-2.7572607805975693,3.0597623599906223,-3.432328842413294,6.92409567901627,4.378037848427935,-0.9120596178042841,-0.7014841332417832,9.226904535018837,-8.06017758884598,0.4803692844038382,6.004071763726962,1.0125755762104145,0.6847836756016167,0.5230811872681476,0.5799999999999998
0.7988210348970464,0.7098065457720121,0.4057069571216376,0.6034478091621552,-1.8996042247063833,-1.621993789893459,4.751276140044971,-3.410916232980485,6.673116806943615,5.132254506548474,-1.719873534642097,-1.2136668046773413,2.179468200269742,-6.268540389503317,-0.7372239832062477,9.640770493343535,0.534250835192607,0.7048494894437207,0.6398998881169384,0.5
0.6702224856720258,0.5234537459314391,0.4816720372024955,0.29317068244846756,-0.914374722673891,-1.5789005100471818,3.986983400873892,-7.172928809542205,6.956577887653627,7.8017998173206795,-1.2917188483322317,-1.6251532941424958,6.453197869024313,-5.352378037139753,0.268113408289813,11.5877849574694,0.6778260277520518,1.103541396883609,0.7356987852609445,0.5700000000000001
0.4374007583495952,0.8583736919080764,0.29797259525329217,0.4859453832413002,-2.1490179251871107,-1.190703018159172,4.85089452192365,-10.285164130253467,7.720811835848717,4.067414783946754,-1.8245521016883333,-1.2300292921720892,-1.2975395832569818,-2.4107121479236233,-0.549502315619015,12.744374910970526,0.868843802118192,1.1014625194613703,0.22651051078264284,0.53
0.746093799799399,0.5647120452620176,0.7807819005820896,0.7707414731581846,-2.1887674750268595,-1.3057162347965068,8.296742049986275,-7.933302027804605,7.969086667722288,4.279270403750609,-0.9559003485405883,-1.1396570254183942,-0.7781207953965313,-7.063868522663451,0.1213973427250366,7.342573950747174,0.9323452521601451,0.9538038079205646,0.09763044689163738,0.5800000000000001
0.6810033374767741,0.8047176688199986,0.5488565834947081,0.30510882423070873,-1.2544888174220639,-2.2080306273415027,4.941357212884766,-4.256291327644763,6.444665560454036,4.026479657085209,-1.6562415990929162,-0.5430830288220851,1.1204144023892226,-3.8942801774255535,-0.22411978272055488,13.642861683289551,0.910264341663833,1.0567538796845581,0.7201245644369589,0.52
0.7925257205123231,0.8442358339131413,0.5574082717128657,0.6569556975351043,-1.3517334762316202,-1.1703060870193471,2.295618471847511,-8.102158076453401,6.0169158327902315,5.14637805546845,-1.0352266388296143,-1.2378011085949583,3.306154122860864,-2.3984950739797846,-0.15463153074104594,12.049635456024436,0.7863642373000601,1.1018387235226303,0.5221352905301435,0.5800000000000002
0.5625595852563252,0.4471563646155021,0.7360315732676024,0.376021026417396,-2.3334986568008325,-2.3206030890332725,4.181049991193177,-4.044422608270311,6.891068455527204,4.445107895561824,-1.6972642125376078,-0.5073597809751812,7.175725699076322,-3.7169421024134923,-0.0498130894589323,11.239560628313178,0.7603227478633576,0.566560526852413,0.6367986050397839,0.5800000000000001
0.6909368323248101,0.5160653561744071,0.25590977578597196,0.28584678365051946,-2.2361409534149175,-0.5446410777428851,2.67455948476542,-1.4757626468260616,6.24486895210225,6.676626481955798,-1.395572454516176,-1.499716173582942,8.07701889646632,-8.01489184299347,-0.2907489798543913,10.097649547231535,0.8844452299863476,0.75485157041815,0.5729387267171925,0.55
0.6945363149208841,0.6481570644195731,0.27793351204466593,0.3395976974120765,-2.2920254617795788,-0.8470412750003111,5.0273120277882875,-8.534488359263364,7.687191873705011,3.3867052669685362,-1.4462441699705029,-1.6521471697818217,3.5284226473329117,-7.904990649178731,-0.939083655839956,10.681893704353358,0.4826170329011104,0.7740346056349431,0.7591247553673756,0.5599999999999998
0.6288011493992037,0.21818598308918502,0.6224920954297015,0.3804642478955897,-0.16749269438824663,-0.7847631215160349,5.437336062563317,-5.658877788586485,6.221625940689656,4.3895722726690725,-1.9966452695575074,-1.2363097072841176,2.9973710511400387,-1.8070835614053053,-0.40470929287816426,13.880396612850056,1.1417519217424066,0.8402575701514549,0.8963203123989187,0.5700000000000002
0.6678743931973423,0.804181103653392,0.6872621450200661,0.3065454779154554,-1.0418479386256683,-1.1184359058469882,4.185620328820783,-10.267315092975586,6.840425098933209,3.9054682113544756,-1.440035439643971,-1.196428673175894,1.6070629307369624,-8.081757394532861,-0.2334616197711744,13.93611561198016,1.0502626373128,1.1264969682937531,0.9089307841268209,0.57
0.7201923150268655,0.6647594474447106,0.7834211144819866,0.7278689271389238,-2.355299929508207,-2.24801273684413,7.890226333625103,-2.930180844190925,6.605242598388189,6.319904154970378,-1.5944646400323743,-0.7933418797819527,-1.586120508789425,-7.79280156141633,-0.7557373298377288,12.74164150110755,0.7434899676276648,0.7668762600062502,1.1242233832515536,0.59
0.5802686241960457,0.9428571618636551,0.5176829440351451,0.40505912482810336,-1.122721145846972,-1.138932307492068,2.329934471015242,-2.5962854856678894,7.568375286914388,3.061635118868432,-1.4921792148794328,-1.1659277078651809,3.413581808843048,-7.141888724059786,0.7639745842193428,7.291004561616333,1.019457331873026,1.1552752963539508,1.0406076560819875,0.55
0.5058306581263716,0.8366731853744193,0.7029762630768257,0.6718788790378863,-1.1876770485656385,-2.525265345929275,3.080095762236312,-6.926288909780176,7.050507039553118,2.5368161826961275,-1.7290594194171547,-1.0804549391190854,0.19012212988927113,-3.7136339924845903,0.33674962688256393,8.133553756311882,0.45386555325554534,0.9235757435368366,0.6383975384094959,0.5800000000000001
0.6900784927139602,0.35448446238057574,0.6330806904129328,0.2820040237635221,-1.433827179065957,-1.3578396940327815,5.352981693169384,-8.192540225402183,6.574287194143221,6.08128128735607,-1.3129962032924132,-1.042686462601052,5.6446668400641435,-4.1590575991875465,-1.080723611106068,11.249480249512322,0.9655510884521422,1.0281980487152367,1.1318914461390999,0.53
0.6521536946045265,0.4281251325702813,0.534306911289066,0.541284382178854,-0.1782808750296293,-1.2587584056519705,8.612744777776124,-8.763041964885552,7.826285069552312,4.808220004354964,-1.7088382681977305,-1.4039072876123668,-0.4377218207290585,-7.338159287006156,-1.034395770046007,8.168027643885349,1.023610648056305,1.0686389013088422,0.9014493444319136,0.5700000000000002
0.7532751720746665,0.8195555750060611,0.6225307308777946,0.3634713499668095,-2.1583526491236493,-1.367328107424165,2.7016867084230896,-4.208081233854359,7.348281016778205,4.1160787093033,-1.9616558722167625,-1.7128213378162043,1.7478974003663863,-7.6566707028741945,0.4890791118235217,13.001624648081563,0.3420268530005149,1.0633408439987198,0.4997423699166398,0.5499999999999999
0.6767863854106008,0.8414068210933662,0.4761756474661379,0.2511802474360954,-1.10650566518025,-1.562238437294265,2.075191757151817,-2.5248964717425166,7.944989815298548,5.86560227356868,-1.5266343046575854,-1.0777140901515803,0.39584059947799943,-1.3627036455534611,-0.3999444878510407,9.305073415320017,1.1364167445338451,1.0525413202431162,0.6066182072100146,0.56
0.6622123443696106,0.7264568568195737,0.3555801249759995,0.44092127554250293,-1.6873855017494772,-2.1540621309844763,2.2868436769932394,-0.034218725325843025,6.165815960105239,3.0069975573124816,-1.7351192376359954,-1.2987377311686399,1.5994516528695741,-6.197353627382034,0.6447602236411972,8.226087889649364,0.649433433946793,0.5018151457841351,1.0168137975627463,0.55
0.7997832812419021,0.30367434707232216,0.6307637147461382,0.6511302018902642,-0.6856443946124098,-2.0725804023829895,4.198674425450447,-10.121036959513244,7.071255730513479,7.553097934819856,-1.437558321211053,-0.684869786122061,7.597481459458384,-4.791161564177398,-0.8632292942196269,10.81264467278602,0.8842202618312178,0.745030239755353,0.4546305214329526,0.5499999999999999
0.5014250404132732,0.6763794998703556,0.22361957418918668,0.3534635658220634,-1.6637977187177604,-2.2570300686481874,5.052862186720679,-3.3536845863922564,7.041321489080814,3.347368130984247,-1.5204145356911927,-1.4916055234426482,-1.0139445550847537,-5.53018166680675,0.26129542663458166,13.69051535077448,0.6243449571910495,0.4978124979106808,0.9531901834077168,0.5800000000000001
0.5829677669662194,0.7501004325073121,0.6126844373544862,0.6041588501371037,-1.4520498672412518,-1.8269484612801552,4.885241108641504,0.054890593859415526,6.800713591535659,6.097775020772145,-1.232007264688979,-2.066770373885564,-0.9045942663746471,-4.7772158760299535,-0.28972734930573835,7.793632730311163,0.6090375872157459,0.7097020051439505,0.17454568113105942,0.5900000000000001
0.5839097336301301,0.6823432983216283,0.2900735845812649,0.6756470960728116,-1.0596593728615855,-1.3933229754393475,4.394505519871658,-8.64595626162319,6.56654140162318,3.958392948978098,-1.9923169344360494,-1.2703957669481767,0.8113729047387815,-5.713839941594609,-0.6515944678828556,8.68198803677302,1.0164452974575375,0.5052437745333351,0.7696926865374243,0.5900000000000001
0.71787381614301,0.6109756593618547,0.6094213783838088,0.30445393644071383,-1.7231270036865012,-0.4124696922435285,3.657832693728755,-10.200359308881184,6.818449527152626,7.959395167768899,-1.7301305751374152,-1.4566569403759466,5.253763539394543,-6.302535130845498,0.1328873307267633,9.796861309426681,0.7236229527710932,0.6754755784579527,0.6418947115119007,0.51
0.6243283773381335,0.5665269528239075,0.4055919243648991,0.40654404440473224,-1.4804864740566306,-0.8224804499564259,2.851420004762717,-1.5035316991431116,6.931298729233254,7.156008001343993,-1.4806517913911572,-1.4877266573496926,7.937861147605254,-8.715796274211222,0.3500508165393801,11.784660966359883,0.574463823884084,0.9877467483854879,0.2766259606426002,0.49
0.6740840295345258,0.6780429434966475,0.32691343060222544,0.7105027062805064,-0.9825901888622075,-1.1282747052472093,3.9673489784023435,-1.7817682179086094,6.933536392825816,3.2001104085542678,-1.4321390514765824,-1.4410953827305502,5.4631427306833835,-5.355614425136591,-0.8149711162156676,11.610158432969769,0.7401316751078864,1.0741957311284773,0.4769395171771484,0.5499999999999998
0.4355832715182993,0.699361543059044,0.5534868304448639,0.7378365499023866,-1.8962329714551247,-2.8849071609917596,7.035671645440096,-5.711827151979749,6.431973759296642,2.7546769343096056,-0.8881371431508417,-1.1287909589916227,-3.703853098104852,-2.1265353677323446,0.041569682638659226,6.540833629875967,0.7595271827249467,1.1355369766268857,0.22362289182618705,0.5800000000000001
0.7848969536139947,0.7318108008265021,0.7000488083190799,0.4319606406326774,-1.6317482458956465,-1.205171081991505,6.182638038555385,-2.3297721975009154,6.203348040243537,5.846964714869473,-1.0901768370136562,-1.6429060503419044,-0.8207604368299745,-4.617597583889233,0.3339380465684074,11.803654135979299,0.7061612421717809,0.8683913243109578,0.27825029085596303,0.5800000000000001
0.6884348053753039,0.7000170449728274,0.48707411506722664,0.40083336911748596,-2.383393682777931,-0.9592991704698474,2.8917388143000786,-11.747183610862322,6.358568414475439,2.8482685011342235,-1.4296831182208698,-1.2307323702182673,5.150176226771837,-1.544649117246455,-0.4152135494536934,6.002046393927356,0.9030889060528495,0.7559958994785779,0.24554339169513134,0.54
0.7076706333277344,0.817938857178087,0.7757835807758229,0.6233208786572286,-1.0082134737791704,-1.2404804166934844,4.727365154140111,-6.2822973020743795,7.586741439941102,7.494283891034969,-1.4019371132133156,-1.3032578131849164,-0.5590861374282063,-1.842506359442299,-0.9346878172821826,10.787058579108765,0.686713348101343,1.0849158356545412,0.9258624429257085,0.5900000000000001
0.6087996087015811,0.4640782733209863,0.6389805112497282,0.6399134301473111,-2.3060229081114327,-0.3165760801080768,2.436077211019711,-8.06244257909483,6.614450770934935,3.8356198515006255,-1.4536346516376408,-1.5700840005405468,9.390836573233457,-5.650017205145789,-0.03157962333766429,10.437730205918424,0.42919208249366997,0.8964518331304414,0.2679533048627514,0.5599999999999999
0.7839499666928325,0.61571215834856,0.5167670318238592,0.450907343014746,-1.7866091495842407,-1.378832689153469,8.16145241017503,-10.384423451506468,7.803932346462141,7.604669294832036,-1.985637736177388,-0.9266723888448203,-2.5315378160463933,-2.989939891963604,-0.8813315682364617,9.1540715437904,0.7135809152784173,0.7688426326493476,0.38374880462508215,0.5700000000000001
0.5243644040243782,0.8061182761237095,0.2617825915382076,0.6902583741201666,-1.106397817410249,-1.4904416658846584,2.026460170577751,-9.401265831472296,7.0279878461936045,7.251498756039223,-1.882401253161558,-1.058730951326877,4.980655764078,-8.272565670174176,-1.0584124400999428,11.329010879067535,0.6703706719778652,1.0196034244043344,0.6659009277814889,0.55
0.7253635891922897,0.7605325866196424,0.5234213585878138,0.43280207892629197,-0.7461411725003231,-2.0720316654283133,7.187160135655711,-7.367075065170695,7.769899093007085,4.9116311670065915,-1.842545945302278,-0.7185436247387189,-1.301331458741781,-6.992021261586703,-0.4672878701769697,13.079222448154129,0.8249841693638488,1.049635921786459,0.22592653959122402,0.51
0.7554303774418725,0.6073554619901246,0.23107401987253312,0.44984306306479516,-2.0062684410739053,-1.5691500022482217,5.147918056472922,-5.901235224830706,6.827437017577895,7.547271533525422,-1.3575708374884627,-0.9477047555856404,3.675930167891533,-7.961756698282825,0.11311923175786148,10.548661504886388,0.8715101144067323,0.9464476012904953,0.2510199418616301,0.48
0.5812561447098755,0.7477501928875874,0.6963821617370485,0.43232244371549855,-1.5259024480104053,-0.8298183357074072,3.910206184755799,-0.5298865492431242,7.0971942299110875,7.539882599843347,-1.5029225255760716,-1.501649470812631,4.399768960579825,-7.0808496563905745,-1.0395570323554866,10.767268958122319,0.7434020757984898,0.7496867310069979,0.2052383596253283,0.5800000000000001
0.7632065784652557,0.692110185078871,0.5213378382187068,0.49428077240409013,-2.19188099008339,-1.0239401810142241,5.5943305223817905,-9.55573827989429,6.622023445428955,3.6981548170884078,-1.6776858661200094,-1.11467467922547,-3.0582061471799307,-6.322056211873916,-0.663447916833987,12.672654699909058,0.9062701180498167,1.157052001080767,1.0777081917257807,0.5900000000000001
0.657942632021817,0.75931964414682,0.5503467226688581,0.6409776094724,-2.4919424219500765,-2.3706165792736553,3.0025140185121013,-1.2945900426255017,6.7228357724067545,2.615892406924197,-1.3327785836831245,-0.5441410486404007,4.280597155946361,-7.716337484867348,-0.5287983227822562,11.21600922714633,0.9293357091146703,0.7257103936771694,1.0989432665040895,0.5599999999999999
0.7066263539809383,0.8091911948926254,0.550267367326722,0.5952575550815329,-1.904534493405865,-0.8724581351150553,3.025219572230229,-0.5489884507479994,7.717347029753011,4.480322080508319,-1.45993529789593,-1.3868150225767786,5.116624946798746,-6.5538657600445,-0.6059912307164059,7.945985799281217,0.4920984259257375,0.9464125018357485,0.1291470478415568,0.5399999999999999
0.6590949492633439,0.7167121853479854,0.7410685006589932,0.49603936737990995,-2.3461032582075605,-1.9789217938871215,6.755155940965046,-1.471164926464728,6.547133194695913,4.172692737992914,-0.9533447977476643,-1.0920711994288423,-3.264248705908608,-4.265064787799411,0.5071647316305831,9.737685092573752,1.0728270825528792,0.7396609032257999,0.3260267519481886,0.5900000000000001
0.7694360963874668,0.8814517469910358,0.6174046207281598,0.7408098203818965,-2.1003465481052683,-1.576315683736955,3.4940394621854187,-8.00119174009187,6.157761372529448,4.467670684713237,-1.367738568394532,-1.0136272442276644,2.099763991157256,-4.9352715168652015,0.6715776293214955,6.024696924831613,0.7713046518373682,0.8828744921653532,0.5492929017378354,0.54
0.6673078053380671,0.8646159048426753,0.28320559735594764,0.26947744833804876,-1.2261094288170362,-1.5631698886620666,5.251038828473437,-2.014363017332977,7.525489099056172,6.635891305594315,-1.9423395574686764,-1.195145207205163,-1.3943755101179918,-8.356981912565846,0.06379619576086915,13.777169562156395,0.7170544323077004,1.171449257629404,0.33780158363262186,0.55
0.6805723133622812,0.753642033265296,0.3462440507215626,0.4691709824316398,-1.5821126571739268,-2.5293959221886624,7.7050631186454215,-4.877311575340725,6.941482687357884,5.4863674984347925,-1.04598017054972,-0.8641382632028465,-2.209956326257817,-8.146442247319039,-0.6138503475204398,7.008078458269571,0.8257949352184898,0.8873199030350838,0.11663559050278599,0.5700000000000001
0.6096241581706618,0.4509847742256047,0.6424973705444911,0.7666518313010495,-2.0271194234527723,-1.7331621457663857,3.9255491570133185,-10.108358547532958,6.704655687843158,6.958843696348499,-1.7619040368222756,-0.8495293942540296,5.49810320231562,-2.4044770250360092,0.1531623913110648,10.015868059430266,0.8871478034471462,0.28491866495816176,0.9040207374059885,0.5900000000000001
0.7747107739520531,0.7338753769879809,0.31015991705072404,0.5679983093174519,-1.4403193176062192,-1.4314790151756123,3.4638455905495817,-9.648537395691678,7.798296884384692,4.81058543164196,-1.5936989729071205,-1.2379478758174303,5.030311191932166,-3.3652767388519655,0.27604852059956,6.05836241023012,0.5338519074345935,1.1282112521856127,0.24011375575004948,0.58
0.4986836370330486,0.5793499921506076,0.4375891498689058,0.7371873524006874,-1.5384197757757592,-1.7898954011816832,6.365876939240712,-5.3811669637272725,7.959251219905004,6.969599036736163,-1.9037490269733985,-2.1104536978628863,-2.202810523144054,-5.198138640913105,0.20633605962997842,12.342502524952637,1.0160916304651448,0.3872734022727484,0.06928980939058249,0.5800000000000001
0.6531710631984133,0.6595279719873043,0.551276353340818,0.5579527264345193,-2.4997808903790357,-0.9126499720033381,7.326393956060967,-4.7011468727694945,7.1601447626005905,5.903939940550645,-1.3606388059403192,-1.156305798719325,-0.521686629718016,-6.712063620583521,0.5300718298262871,10.697007460871252,0.9933889532955535,1.0976547594610722,0.4972845432662606,0.54
0.7430132682760978,0.8792083980442655,0.359262537135585,0.627419872212285,-0.94582015452793,-1.6262433722458314,2.1139266032930406,-7.055810327674982,6.643464280606443,2.082562199215409,-1.7869642341302467,-0.9413784490200278,4.110757886837266,-4.343547384703003,-0.25732827806914205,8.215430384010514,0.8085812083227103,0.9004569817914111,0.6720968092762898,0.5199999999999999
0.7692459205476516,0.5150147735693061,0.2009636497930486,0.3100070259117922,-0.3784115118617386,-1.4180483030667594,2.2599454979757754,-7.6747983009169785,6.655285219714085,4.600989978867587,-1.8532275032514014,-0.8837807253335308,8.510265139618955,-4.969340341262503,-0.9493152202921382,13.396122584510135,1.1346649554960644,1.098965291200594,0.33680007445974003,0.52
0.7176252860306653,0.8544995384846742,0.49792774523358024,0.2954741417916253,-1.5331944364435373,-1.6275906704022967,2.2784889099950396,-9.729829013713406,7.580999828970947,2.128154001029636,-1.6597537404007312,-1.0587278622021121,3.0210887424951927,-3.477885839575803,0.5682528967743687,11.57042071866062,1.065595796334425,0.8176835738328992,0.9041976816919045,0.5700000000000001
0.5020593430818976,0.8729674324119086,0.45373182281689867,0.6729735856991743,-1.5124245003499766,-2.620047045492566,2.5370113142697495,-3.6866528224906885,6.745868133614269,5.8404971104231205,-1.4291011720318134,-0.9669630002287327,1.7495846313711922,-3.591786677066144,0.49471491520656685,11.744446354338976,0.6683010435551605,0.8221828125895077,0.7109201197306102,0.5700000000000001
0.6350090411277329,0.7032952753494081,0.4187503260153984,0.600872662394707,-2.229092253200706,-2.235500991739225,6.125965691664323,-5.109814400371917,6.277590608927205,6.98081751150906,-0.7549480662855451,-1.877406109299502,-3.097937216332303,-7.870846534745281,-0.7698864671916226,9.948590581612569,1.1352715134854696,0.7417410465085077,0.31387204897920923,0.5800000000000002
0.7764804927731871,0.7290635459302104,0.5115607598463459,0.28749025350328977,-0.6234685575619958,-2.386817239020815,6.4732229620222075,-6.8020851697800975,6.68863198668957,6.86399716742081,-1.7159485347330055,-0.5203082224624168,0.5944232215774505,-6.098144300850462,0.47121731171509934,8.62809048825992,0.6997164589933113,0.93503849196508,0.880325817713802,0.58
0.5616667220923953,0.7236470850474551,0.3240015133082279,0.4684184806425555,-0.8489382728352455,-2.1385663538850084,5.617545954122717,-7.0032676501764435,6.249563052264309,5.04650204335816,-1.512601182558914,-1.603824107666431,0.2364391764800029,-5.832333582013238,0.3458357696842306,12.976665415289169,0.553723121607222,0.7392354948771861,0.1761298659553225,0.5800000000000001
0.4705187727693513,0.6368794998145084,0.7419708320611164,0.21443961094905417,-2.4720417115237003,-0.883536791971271,3.5645301956406996,-3.789140818810464,6.714070363966378,4.4580819139609416,-1.6298001989548023,-1.2761366275123247,5.285343882173356,-2.828675000011987,0.22614613614901774,12.445794207190508,1.145840274413827,0.7899538204542103,0.3618169994326016,0.4699999999999999
0.6107746191687032,0.8866196978646722,0.5466056247721348,0.2669461727543475,-1.486036301862042,-1.5873755861737249,4.464079416587527,-11.637187658576629,7.426220822907738,4.826461516543182,-1.2150210444305656,-1.1962595878943898,0.8779772040700593,-6.681032820363888,0.1868511899496983,11.939708378616356,0.7229161904318904,0.9141193448836377,0.6200529864834065,0.5900000000000001
0.6272625292520402,0.2581239608904936,0.3264435361895775,0.7095726272970508,-1.6430753857173765,-1.6536986734890629,4.188201985099422,-9.559515056051747,7.081161549929192,4.43597130615914,-1.9024820627333696,-0.9301871540685541,7.826612845193624,-4.670065827597946,0.14712734597332527,6.569045177388582,0.6431206969325658,0.6644344479340635,0.8621637701930158,0.5900000000000001
0.39376680709570966,0.7977284261288774,0.6192335287238012,0.6072005624828322,-1.369148247001025,-2.6878572186332654,3.468229574066659,-5.110682541721247,7.832227006980147,2.7833866030035552,-1.1385488503789565,-1.1976014876588985,2.818289347403434,-5.593131346373946,0.5112912554317542,12.084082369227142,0.9154953191115109,0.6800373686411106,0.7039664863472246,0.5900000000000001
0.6854029953758958,0.313911837617088,0.5413167982830489,0.45052035979673893,-1.9471477820337173,-0.6360985204860159,5.726125865707223,-10.375573798237605,6.73614403707724,2.6366071701663842,-1.8576434906313062,-1.2431197015761613,4.891143984527799,-2.2163801656853472,-0.8629247221040748,13.259823804613731,0.9646172915637746,1.1662073156830217,0.7390117489538076,0.5899999999999999
0.521349668752614,0.39198486723139714,0.6286459375256456,0.31414229718324815,-1.2526786133414967,-2.9725834422031614,9.394969071585924,-10.46984929927273,6.668916354526951,7.543400507771079,-1.9276830411405996,-1.706230746759959,-2.3655340464863137,-3.6670742657304105,0.10484336229966237,7.140430824148365,1.0040850885070254,0.15422923076983236,0.5557089701913728,0.55
0.4908997934464894,0.3124004285074585,0.5904544950692656,0.6856754488645121,-1.5026267689181783,-2.368987208828019,5.082192691037365,-6.588902849939184,6.846411654975566,3.518852671010772,-1.4469275816567935,-0.6105716013021862,6.629234389802548,-7.9785287679145265,0.15192025071215454,8.712186098906983,1.0722226586675743,0.4099351147421244,0.5944022447742984,0.5799999999999998
0.7740416345880718,0.7707107092243053,0.5807287733050056,0.47682130340955103,-2.391062557147802,-1.5340711522544803,3.5121182265220288,-10.177713310049718,7.583747547750004,4.704214869332263,-1.681687739014844,-0.8699528709879175,-0.010358834311199216,-7.27271940009274,-0.12818046519313508,10.864309016149228,1.08731308934579,0.9399968446351066,0.2517164826961483,0.52
0.7353251118561085,0.6673466986084128,0.41376069603402854,0.3790980847216095,-2.0485686137594454,-0.7669620951497129,2.1363403102088894,-1.1867694311952135,6.767425699147082,5.7640788859012115,-1.4278847640480663,-1.292541752964977,8.478352083091366,-6.185447350586955,-0.004703566083489874,11.061472476407285,1.068278724390737,1.1149624826730948,0.7538154565777742,0.5700000000000001
0.6428741952446934,0.5449550820335518,0.7007676187886825,0.30172263639379404,-0.27258446974819395,-1.9701986509416716,2.3883807347535817,-0.4448137937599303,6.813754706238555,3.880401059020284,-1.7796205090969606,-1.626784046693246,1.5844816863261135,-3.1710862499602945,0.3931714912434693,10.356811245605712,0.7440627615852474,0.5537894964734185,0.5751951293430755,0.5900000000000001
0.5628332339855119,0.29845693787968425,0.3491152654326878,0.2623419490713825,-0.1282814545740039,-2.2643193559071255,10.353538694105204,-3.1584194319404113,6.666850242671278,3.7293708070132965,-1.9880104312586215,-1.2612191808229092,-2.4258596211028918,-6.297915816607405,-0.44076674833044505,11.968551601765988,0.6395572679525459,0.5415079225457576,0.8377232427558253,0.5900000000000001
0.711332554403723,0.8571505508235314,0.546901156913658,0.4898217188590927,-1.0205428236946403,-1.3708840050779834,5.471565440733379,-6.091861164106391,6.953278625530981,7.1553976886994555,-1.7735534874619256,-1.1544518433274944,-1.3378634879418172,-4.8958971421687005,-0.38885565778925385,8.50993569933575,1.1923638658517886,0.9865627201124466,0.07969103088765916,0.54
0.5144389067601182,0.682719156010589,0.44154711543343544,0.665220793090384,-0.6338514900783052,-1.6135583841801844,5.731928737821682,-11.545099149160205,6.574699889408911,3.201062948555143,-1.9449638298881635,-1.2796195741231493,-1.8783699623910008,-4.264217210351628,-0.3370720292669439,11.503690392189274,1.0448001231815534,0.5988205736100168,1.034875789727421,0.5700000000000001
0.6987939559972445,0.68517437716115,0.44300791713990223,0.49998514561171886,-0.5546396932312087,-1.593589349840879,2.854995267622842,-11.288717410639695,7.701452606807681,7.3840110834448485,-1.878474804608802,-0.9423890401422155,6.147470610984698,-3.6737455409302844,-0.028585744871956836,12.75148373097324,0.74614939762578,1.114368169254119,0.5340128287680489,0.49000000000000005
0.6075643468166746,0.5232976670308174,0.2898214513014498,0.41042386489954086,-1.8433562816086249,-1.0467910685953465,3.224808000755275,-1.6924435895059378,7.5943976616403965,5.356490645435788,-1.135338992113564,-1.2816018169080783,7.7792065144735245,-6.770326263370797,-0.16398858549105078,7.493570257408828,1.1599478835800006,0.5189252284467707,0.30803260497166113,0.4699999999999998
0.49294520225129607,0.8533015593909203,0.46873007937610744,0.3431942881800708,-2.03880069081504,-1.612329425731342,2.226715383134946,0.011570476671661334,7.113365068963172,6.282138268273968,-1.65474866423085,-0.9595587043797719,0.06720634811880621,-4.43195341363592,0.27063950486806004,6.529172184738036,1.1239336028074987,1.0633811727879783,0.7952665413947455,0.5700000000000001
0.763170405583084,0.7159783615098902,0.7586297498006179,0.7010987498738389,-1.9903741416025087,-1.7193108208883652,8.229136246337156,-10.916327095063451,6.4536067648944675,5.650801587973349,-1.2821804452883914,-0.7632549524327104,-3.2690724699236786,-3.6800672850451512,0.49101823949120804,6.579904185569363,1.1131701708628137,1.1016623189719765,0.6435864264217996,0.51
0.659702766586851,0.7191744213343486,0.35175428623869953,0.45963867996904473,-1.8104786438635936,-2.367902060896413,4.003889148128227,-4.5244490028742534,6.955439447207034,3.126031245629048,-1.4398001171349062,-1.4775779415101171,1.4720886547503726,-6.549861663367102,-0.11499609683816947,9.09430880106071,0.4331316676865773,0.551076957473135,0.2365892358090091,0.5900000000000001
0.7535959534373342,0.7211760988714787,0.7465306419783723,0.39872884526811797,-1.4782881690094918,-0.8806156502202881,4.311118414943336,-11.05228875247958,7.681734988627488,7.080120589661744,-1.757424964544576,-1.2798596802371107,3.5530238987462157,-6.1718553117937915,-0.46499772682901713,7.6755509013019045,0.9547178689494789,0.6634743840753807,1.0306332198429282,0.5199999999999999
0.6427519209283556,0.5412252248814784,0.670551080454918,0.7689523719863965,-2.0777477713317976,-2.3540322635833975,8.41052734566437,-3.7775704146989733,6.554871738149602,4.209230996139088,-1.8753799194071177,-0.9345252676792949,-3.2415660881272066,-6.496196243635288,0.4282680609213686,13.56934345242434,1.1976532713723116,0.3341197386600983,0.7187328599997971,0.5900000000000001
0.7693426332099402,0.6942290502166241,0.4550040549797987,0.4163603295013599,-1.0821231033646417,-1.7797951354656312,5.797650365690027,-6.0247196384768085,7.586385893017102,4.930838675210314,-1.4562301777752045,-0.8614931402299104,2.3580973570816433,-4.501824169594851,-0.6391296463521856,11.825241731052769,0.9606773962143782,0.9140202710529929,0.7632707930617117,0.5499999999999999
0.5876734128086871,0.6349212741333289,0.3614145966089651,0.4149900280480993,-1.935869124429446,-1.0587225979079238,9.51891969116562,-3.2971816741275495,6.980851737019586,2.9491118762141295,-1.8090909103684005,-1.337364457840357,-2.9163699105631853,-6.339334957503408,-0.7201182717766694,12.0884894092631,0.7926118226688084,0.7696885293722404,0.28554990711130473,0.5
0.32343077351029625,0.6154923155616756,0.7753834870747738,0.3977063582341772,-1.5533366446771206,-0.9925351758366354,6.856073398703935,-0.31840735662016595,6.809019549257289,2.3447462432775388,-1.4667201355041029,-1.7119614586995036,-1.2522949463282023,-7.679515989674001,0.263377735023802,9.742231676423584,1.1631890879308941,0.425714312063214,0.9252395819322727,0.5700000000000001
0.7911978771945204,0.7543195851286777,0.3099053120324682,0.6411285614720318,-1.2225042186102346,-1.1920007246090552,5.035970100992849,-9.086010990689573,7.817732543465078,5.30433288553969,-1.1833844101427808,-1.3484935594560863,-0.6819353513208994,-2.4600866602507248,-0.3656297925646754,12.62992216721682,1.1576499117212864,1.0066617487289609,0.17739044885433644,0.56
0.26132344401227453,0.6862435561682082,0.29010522779478226,0.5718879156413531,-1.2632927993067697,-2.4554973407215233,2.509620228672165,0.20550197006633486,6.980891008094066,3.430525314054928,-1.5625628027235579,-0.8317083006856714,0.1746498442995983,-1.2202894100966277,0.7834063909360327,11.03035816799845,1.1558292394832381,0.5288335822055144,1.06626823913181,0.5900000000000001
0.6813475514296254,0.8273415030359503,0.4152340841005597,0.769867158745992,-1.8702190179359697,-1.0629348920315458,4.303092354871256,-7.221149634664684,6.030257721550189,3.551190773665385,-1.38722461171699,-1.541435324664278,-0.6814584334511689,-3.329249923757254,-1.0948998473184983,12.738003757455502,0.9041776199389994,0.7915435025853945,0.8387234049355099,0.54
0.6436720866846554,0.587001080601034,0.5695383062413769,0.5249560793373591,-0.19974278393512535,-2.9953990254468597,4.427651526839388,-0.7819732515710193,6.334773428125889,5.541423916338654,-1.6761188292163924,-0.7031724251664333,3.5484809941332784,-3.7825493316146717,-0.3244826569773368,11.343026009369703,0.7016496398069663,0.9937959945867348,0.8218252014754471,0.5900000000000001
0.6226565025724747,0.6849273076317894,0.3573063841867352,0.42520252281053844,-1.6484360113588357,-1.6335790639682959,7.731646296259656,-2.9011126105202396,6.351011483693972,3.559225558221893,-1.8992844410897125,-0.950759607107675,-2.3369789746694787,-3.8082067568594242,-0.4374080486569215,6.091115480507797,0.9388454609094555,0.9615620238996586,1.1346550517756502,0.58
0.5116072561483418,0.8649366031608344,0.7951909071712338,0.7287039661128369,-0.7404910695081061,-2.4724254834990447,4.116292075002758,-5.421911063494113,6.790120814632779,2.417211296591034,-1.593868592719266,-0.5249166319819442,0.04076907254635043,-8.461772230628236,-0.19744890075799906,9.606573382491586,1.1389095042744704,0.936899237046549,0.8974950661485989,0.54
0.6362891959934097,0.8087651220571881,0.2951278689168132,0.2899406295284832,-2.380215089236379,-2.2583930342153957,5.428999821279569,-7.520495823722353,7.974767094224217,2.9368419266007244,-1.1495680198689846,-0.7392057557792612,-1.1820344494305812,-2.28359989176618,-0.675906078607517,9.350080278797687,0.8917839833786465,0.901372301903043,0.2521615826036906,0.5900000000000001
0.6989548277032946,0.7409162679450141,0.3798136541350115,0.47468499755511273,-1.6091551505984938,-0.9614433718632359,3.1792499971004964,-7.470990928771491,7.582014863093144,5.0537711299295776,-1.9156461038939987,-1.479987156737888,1.2326652263232516,-3.9784465417033212,0.0290741512477396,12.525771803696028,0.7504916715800294,0.8252650801688151,0.837638438285278,0.5800000000000002
0.7608487941288546,0.722281650547244,0.7725201309224697,0.6831777077719213,-2.3186177185755907,-1.7915743699514057,6.901893548486981,-4.644314708913605,6.120972916461132,5.7399257410757905,-1.1304879063590791,-0.9867044580774336,-2.483895073800629,-6.977222910933611,0.4280005784875816,13.59372002462726,0.7688742721454832,1.021037498526529,0.16564078560783577,0.57
0.4181993956969804,0.5902689916740429,0.38413285975873196,0.20555918984822713,-2.453742580265987,-1.390746541572366,5.005699542883199,-4.583261371888472,6.293225741301854,4.140348906517848,-1.095346139319686,-2.185371961593901,-0.36285690336475557,-4.788486078225427,-0.23487512751163286,9.65554972268691,0.9344308891293647,0.3859254730865833,1.1852064947695249,0.5800000000000001
0.7918782061378788,0.7887446789948197,0.6624312143401034,0.47693043208156793,-2.0452740990232057,-1.116536326146655,3.375777803685393,-9.493881608449959,6.258472414380612,7.335418632582048,-1.450762756629531,-1.0629110157519157,1.074350455744369,-4.958293481734028,0.6728443115385545,7.998888313284789,0.9398955617217477,0.9991394113568935,0.8455828792172853,0.44000000000000017
0.6028204873502873,0.6182992047831185,0.48098348335594726,0.6785260197444337,-0.938075350340847,-1.113721560242337,6.519579718668328,-11.041427965067161,6.9091842037679445,3.6480926960549693,-1.814251802017418,-1.661703239476904,-2.792404822099195,-7.114172224336814,-0.2334424068727996,11.69707456669046,0.9989376304995369,0.6400628569899318,0.8367746433018421,0.5900000000000001
0.781149275396144,0.29345193975810546,0.785606863772635,0.4225554181267994,-0.3819031664593582,-1.0283684861051212,3.5745519605364904,-5.834808859028273,6.685934079158225,2.143968868571103,-1.4222097462747705,-1.3898545043755874,9.087476407903894,-8.23848038931397,-0.06560702781335467,10.583616612794046,1.0038487552341055,0.48636523943173615,0.5183566377819578,0.54
0.7067993098483064,0.5518108411842615,0.2950246435379565,0.6387034761269741,-1.4330285406165835,-0.9838585278016817,10.350154676572338,-3.199971151459712,7.430390698620667,4.552271000679422,-1.7206655441928598,-1.286898848495229,-2.5017060823258115,-4.591389661259227,-0.9618496295209807,9.802441734187653,0.538383740511353,1.010162534347628,0.20635770865533662,0.5599999999999999
0.5907326074230872,0.8421952667318541,0.6882447863584027,0.47658641469315527,-1.2032089137726258,-1.3419264357697327,5.433569154125314,-9.183353081621279,6.380016131384709,5.283461706784946,-1.6359521018228838,-1.122539755705743,0.43586366858681114,-8.688002416082936,0.31911160254859355,7.7393179436656485,0.8245656471122547,0.8842988083318556,0.8634020929628269,0.57
0.6758240690105024,0.6633579012082464,0.4685402245532657,0.3492673958010283,-1.3389065812762901,-1.730938353547187,4.645367927630302,-3.09022522100545,6.074946800070373,4.872404953147566,-1.4130358065694801,-1.0106368666805647,-1.8774685239206166,-7.519703353297302,-0.9682887144039379,10.252587219691716,1.028787974013961,1.0634488003249596,1.073056529618955,0.5700000000000001
0.6753598939419131,0.812844647294039,0.6958602629829578,0.26269568491779405,-1.5637145621838109,-1.454307215250147,7.740099143242977,-5.14419777579941,7.3275493857646055,4.0604431334663005,-1.508298702279779,-1.1476366449397166,-2.0334465322414452,-8.990173969270426,-1.0116757525606426,6.16145995690868,0.546982364938426,1.0083415327489884,0.21796143840073234,0.52
0.5828104867109745,0.7921809272914557,0.5650817723081745,0.5407191643583411,-1.7203012473065151,-1.7805724986479454,4.632486090391502,-0.4416819608537508,7.334469570657771,5.847459809563283,-0.9908098277472706,-2.0864614179222185,-1.3162912810038225,-2.2811162317908282,0.2075187714115802,7.902361265918595,1.1041301477086312,1.1310120892856863,0.4036564794446276,0.5900000000000001
0.4471597150826447,0.7225465388393821,0.5483313659781243,0.3436571360321987,-1.7461266614288153,-0.9089241032414299,5.116143278916605,-5.254579951242819,6.7234772586263905,5.90997132784619,-1.5970595309363014,-1.478738069706284,-1.8309424518815232,-6.009352540260609,0.4723093773013891,10.037383595012038,0.9017136251458278,1.0215807820259286,0.4818272891023066,0.5700000000000002
0.643198154274195,0.30492600972005224,0.7613433201455755,0.639611950649694,-2.2545506875175025,-0.8946497322563611,5.867550318086623,-10.856997810485709,6.467367173544779,5.184870959916297,-1.790515599842992,-1.2582856159614075,5.81608053833687,-6.835362960259164,-0.8083337080141721,9.79356760441543,0.6750723663789646,0.5739853786746912,0.7090819809282478,0.4499999999999999
0.70769059397831,0.6978866811062552,0.4268175576521112,0.31986763486778813,-0.3525850251409376,-1.8350213270758333,3.275256994837532,-1.2372616204372748,7.83433272838753,4.069205573732015,-1.8278314764209316,-1.167919763976242,3.713719527881902,-4.758775128018887,0.16959181715323765,9.04384766535448,0.6944936505754721,0.6405634773155031,0.6508962459048093,0.5899999999999999
0.5937067696974011,0.7752196456958019,0.4494050006243662,0.24312023667770638,-2.0381066640200003,-1.9253594693131721,5.41612601721554,-0.98089485074024,6.773739878785526,3.5703503399009784,-1.697758203421334,-0.7036377583672457,-2.479039928651485,-7.939569827826133,0.2360354798389039,11.659884980774422,0.9559109530767893,0.9651703646469154,0.16111736548107283,0.5900000000000001
0.7526601483312844,0.4887930975118814,0.686618943429285,0.32170555787551325,-1.4122436082150291,-1.0881436411420915,2.6137434888467266,-5.493311458423127,6.454297881215964,5.741933873127366,-1.5269734619729594,-1.063459775777336,8.954173081695389,-5.730039208295032,-0.035821292179000874,12.38964065839923,0.8826291122875125,0.778270682834399,0.3566137747641518,0.4799999999999999
0.5703533059560321,0.7013032018766967,0.6432236171595713,0.4239515325136921,-1.9593693538716754,-1.2501629834406167,3.1916658733691667,-6.427937389109152,7.220738877576561,6.875847288728869,-1.6643748268256238,-1.2238488433959036,3.3827493087349207,-8.198209535368553,-0.33734367568309787,9.72940467393283,0.7676970103218175,0.546967278928828,0.9261310935749063,0.54
0.6920587750617553,0.6517556384858683,0.5988264572221217,0.2658856043341115,-1.891361338061055,-2.1598700699139046,6.991385811691057,-10.009881722038076,7.563660866414864,3.929992831933665,-1.4862936676433347,-0.7626858773405207,-3.5528780729655507,-6.599809772235743,-0.3712549597249117,10.132108958331692,1.1111808928789777,0.9135601268185172,0.4974879978269908,0.5900000000000001
0.7498310055621397,0.7072428022620674,0.27744547737678904,0.3592296677452512,-2.1323860845717126,-1.6474750448450974,2.9016194879401382,-3.0049340497979378,7.500375120251002,5.445636612088869,-0.927581703810117,-0.9576632349128096,6.63281545426595,-8.325423963603374,0.7221330996650135,10.9263577708742,0.8316344601430772,0.8466586574649264,1.094968935051861,0.53
0.5723246540737922,0.4753527396322845,0.24387360485120946,0.6640546293096998,-1.6936062235077203,-2.758460400762,3.7396287234878938,-2.774623544495438,7.51530294252129,3.186535544675911,-1.99394549615875,-0.8692365289487671,5.466661223790151,-6.4538284117949924,-0.30173964229474165,11.55043439439399,0.8893141603418164,0.17929496271345227,0.08940508580434078,0.5800000000000001
0.3909578515687859,0.6542447750546284,0.3575155640240852,0.2159164259719273,-0.5444620800061453,-1.2371255901639229,3.562801540347285,-0.5020303554930785,6.696624784273866,2.430894508905757,-1.5349400993244537,-1.7102533987522008,4.215071869849807,-8.565294158507402,0.43474205891597517,7.201830938503312,0.9470990996304848,0.541476528287891,0.7355312271968669,0.59
0.6935414404409777,0.6241535490146475,0.3376977113096317,0.6684562579421042,-1.8214363319460731,-1.2953434791081655,6.441713574805241,-10.71067070762986,6.676468331852094,6.353534676248198,-1.4578806660829373,-1.5696066618435385,-2.966135374350173,-7.43530447655747,0.44448642935948757,6.742990929952895,0.6988185601608462,0.8752402596855091,0.9929155530838387,0.5900000000000001
0.7719306318008694,0.674279724415496,0.23274480443737042,0.24071711018182207,-1.86654724241331,-0.4491631103994454,5.190929734345228,-11.397122788618752,7.156644486631798,4.008840850048683,-1.36851879527597,-1.3576271275744678,2.7146737868176958,-3.3512452165794855,0.24991469666092753,8.642515104070842,0.9806415893953022,0.9017093486250372,0.7656302751162403,0.54
0.7416114512618011,0.8741570683835793,0.4812830151756674,0.6062337531908277,-1.6375679982616813,-0.8449944184073688,3.793226149777072,-0.5100780442398536,6.365104669352944,3.9623897942409503,-1.6277302325612617,-1.1446393408274869,2.9451734012270747,-7.852274699844338,0.23515875114551432,7.932539295738705,1.0613451221691208,1.0033459034677898,0.4818467120996535,0.5399999999999999
0.572131277307393,0.908978086538426,0.44972494888535597,0.3787355747535577,-2.1782222856877897,-0.7421142544731443,3.9874946133874647,-2.5889561598734585,6.201937355945539,6.910036085193317,-0.9648522991947668,-1.5941128831573415,1.1889253310309444,-6.099084485677146,0.29811654145033706,10.682597693689258,1.0009298770577477,0.9855821961094473,0.6555046594610766,0.57
0.796524359223095,0.583653091517178,0.4523303066719466,0.4093799628829142,-1.814251886350805,-1.0591943778447406,5.7576561397249595,-4.565088463180654,7.267627653239323,5.735671772179398,-1.2830630004694963,-1.1362800990555648,2.9364110212291203,-4.312325271689874,-0.8149414528758695,12.80025533748389,0.9889532690771596,1.0385233523294533,0.3377885098639095,0.5
0.7037826082242483,0.7644485516570334,0.21945929373178885,0.7550206292659468,-1.8058459299648502,-2.2880545103824153,5.956214321980118,-1.449040648935617,7.662981809327534,6.136081290279075,-1.1619036901105075,-0.5763637041143153,0.8083744009954428,-8.43795113673273,0.13210157469867512,9.202818968553458,0.9540648340246216,1.1187939910259417,1.1592151391508487,0.51
0.7864528539606065,0.7937481437385362,0.5996159692018803,0.49304981992607205,-1.5661382892001903,-1.589310596321425,3.218262802704719,-6.6841984423759255,7.281297341790048,3.572413618352616,-1.4169106665931648,-0.9969990909710617,1.859762682443026,-2.805945389947018,-0.5602711458089422,11.801569633598678,0.6637280982017331,0.9836724067711409,0.5488600285122152,0.5900000000000001
0.7285339974655065,0.5038934145138216,0.3024466422995332,0.32765945838136484,-1.5134248245753574,-0.8907732602344295,2.757115860190048,-5.152747251794356,6.276073168286122,6.936018110048659,-1.765452041488524,-1.2450674429897088,8.820391936807743,-3.972729114087162,-0.09119753360314731,11.696441647193321,1.0139036235859422,0.6486187251691328,0.39090866680172337,0.59
0.7026747726562155,0.6317153298696252,0.4126626690813826,0.47493354579900005,-1.051918413039107,-1.5166790792448062,4.551857517148127,-3.076602285462609,6.8827461818896385,2.4030117671738136,-1.9764163141010562,-0.9319897718469599,-1.1106988143410232,-2.7045780725943063,-0.28425699566952334,7.881372970333738,1.0702564045673497,0.8697329021623679,0.44548995404499264,0.56
0.45367654850594596,0.746672365873878,0.408362330512586,0.4616005672105463,-0.7126182339647288,-2.0041569498616263,2.7268635451964256,-4.86894828478771,6.593726606767622,4.510083851176456,-1.6320049555557945,-2.0134494397694445,1.566354437395589,-7.9946729217265045,-0.4948249789630744,10.673235193677876,0.6549710278194958,0.5314425606525583,1.0852395017928385,0.54
0.6019682868528937,0.7638912611961102,0.5676183902754226,0.7412648544835829,-2.3795382464300894,-1.3708753233851603,3.0868759014806715,-7.675783502999289,7.100031633139592,2.5188210022047555,-1.9512159756532306,-1.211532115350085,5.171514163098286,-2.078213281209544,0.5987082308219186,12.303065108602096,0.4545434558398774,1.147227862240429,0.8729825365675727,0.58
0.6314083562531712,0.26534830669048537,0.7937722637919737,0.21371482264581054,-1.7418990691396596,-1.2800268664771213,6.130403044685818,-9.966772970413007,7.110606933485026,6.1793426676328265,-1.9793272483913549,-0.996357930997863,5.126768710493632,-5.038250430328157,-0.7624973972807397,11.61549719442517,1.093468010459567,0.9172355981842383,0.6331634997196229,0.3899999999999999
0.7413538069923555,0.2898800713653453,0.44062577104459894,0.549375472412576,-1.0542837960766902,-1.3403565010692735,4.042007651955744,-8.31470184696266,7.5681780718026745,5.880420486468245,-1.8884979403891884,-0.9531174529577132,-2.4426797935443623,-4.628786070293975,-0.31219302432566665,11.057638802250935,0.9961336140732544,1.192540484738123,1.122710647074123,0.5300000000000001
0.7111181347253187,0.7809501385260701,0.36763861658665264,0.5397933915031182,-2.0078105755928206,-1.4830398159403075,3.5783469318690075,-10.570005065228182,7.469216530636881,5.201158452689671,-1.0582681386318094,-1.2268697954210879,0.30029960549423107,-3.695591586327927,0.5293955444934153,12.336420822486904,0.71578276487441,1.1995271536064591,1.0247697178782018,0.5900000000000001
0.577215842253912,0.6901485043884507,0.2272735142268615,0.6274588756213991,-0.5399925479730678,-1.0656757353969084,5.142524347565876,-10.345723757520997,6.587863766487715,4.848149507927397,-1.829304398835309,-1.461401202234075,-1.6752986237431422,-1.3259432313380728,-0.5145153814231437,13.015380109486868,0.8914405948940696,1.0825105696088737,0.26311164491423594,0.5800000000000002
0.7725389896267865,0.8004454166929453,0.7531794050298888,0.5584729611994446,-2.1716516814775115,-1.3791622088130848,6.654948669385192,-9.975527636921312,7.601656642469041,3.5178947722547598,-1.2400837915911782,-0.9548003074185947,-2.2149392095842364,-8.584496476719352,-0.8948020762524088,10.08837570304177,0.9710053597016653,1.0832530922471013,0.8436588085537776,0.5500000000000002
0.7378177453917091,0.6566369876608938,0.4442346505567488,0.28079966571862813,-1.5436021449885502,-2.060363314758968,6.499166848386824,-6.321893150316447,6.307323642994445,7.4971863507870165,-1.8584486541878,-0.9105692777146056,-2.4697718490527656,-6.348906829810923,-0.06436931237330687,6.3903964166481,1.0082403541158294,0.5966849880461209,0.6441481117828576,0.5200000000000001
0.48711903654217736,0.3118333859838972,0.3329680726772497,0.7144227996293836,-1.0649428111601893,-0.4386150492629892,4.419808102030395,-2.1207184603295994,6.298215206185868,3.8187450652342267,-1.6311900135365225,-1.9315175436924479,7.559364349468975,-5.873913116994574,-0.5818209499879996,12.90851998633467,0.44374399273627707,1.0699549026513175,0.37841225341306384,0.5499999999999999
0.6463361560251482,0.4378828503038205,0.45995804085177816,0.5847986757165358,-0.303638392523445,-1.3187451732815638,7.33851482533643,-6.181060959792204,6.751751265500488,5.391645691639792,-1.6608184602450156,-1.1621711926419733,2.0175671203482057,-2.6143984808452148,0.14452490092952713,12.13685691286385,0.9215527803670076,1.052268665699834,0.2936022020844506,0.52
0.4499728780714999,0.8107465725013027,0.6777914624433935,0.451129101213084,-1.9311789340741399,-2.9838204527404364,6.264252163037901,-10.424771244313842,6.94573818012822,7.387532115252395,-0.8583739261218488,-1.6517824044968916,-2.1834155961352963,-5.572479477701278,-0.6488208618272856,13.346380098647732,1.1880869030431702,0.7963533322214987,0.35296356578917587,0.5700000000000001
0.36994711037633426,0.9218467090623952,0.30803597500896274,0.654051207356076,-1.1745058105383657,-1.8404944163991348,2.7215409840561486,-1.4739137813682386,7.062345381937153,4.925172430827432,-1.290538373373662,-1.5516926726125326,2.4019868329631024,-8.627650489952625,-0.6465578149268769,7.589299382531081,0.6207477690145171,0.9930034851616693,0.7459166498693088,0.59
0.4432726706787127,0.8118463896548825,0.40391857348740656,0.6518925719794363,-1.3582982824575003,-1.6560941305126338,5.415074102648159,-5.185982847094159,7.442871976196837,3.696419295304158,-1.8646137194677843,-1.1119050899183192,-2.3533552867902108,-4.711428662967779,0.21054906195383782,10.609164019360191,0.8044263245051934,1.0524442185551472,0.6036052314283127,0.5900000000000001
0.7130698402454793,0.6660431936026074,0.6393423900086171,0.3311674857357696,-0.5694386257633236,-1.7039706274194684,2.8344204340658132,-11.500950116534725,7.505854670294517,6.22501566342318,-1.6673608120350307,-0.8981470588627222,6.703398648820653,-3.850021734229461,-0.22101666511708606,11.818077156869972,0.7732072017354655,1.0368894811343667,0.21157987570068437,0.5300000000000001
0.5728043574432803,0.5587509272926253,0.4787576339926435,0.26427467234415003,-1.2434541473118288,-2.068328206475199,5.22124676822949,-4.676235046128711,6.03705100303199,6.880347314885663,-1.8331971232162427,-0.7554082750247584,3.7646511725916256,-5.30306935760871,-0.7459416911502734,13.335239549744426,0.9549600594070384,0.450847807322147,0.40851069345074675,0.5599999999999999
0.7677516572612751,0.32940781545215503,0.7782442862248011,0.4747849023140914,-1.5044171217645173,-0.2705594776876817,2.955809678509622,-1.3614665243602802,6.325429041976125,3.3444871051447542,-1.5790789854921554,-1.4447661516525427,9.994258173561414,-6.238462566038127,0.0908764402220788,7.773103669614522,0.4768912744191512,0.7640851179506282,0.13379332557524556,0.5499999999999999
0.5186904177402594,0.7297540560164721,0.5750241979048781,0.6302726936012412,-1.144205335929823,-1.907181893131357,3.7308229262415744,-10.919155087225795,7.479098389937801,6.007427468555695,-1.9788444828545826,-1.0887622977713824,-1.281816463891791,-1.3353784314433939,-0.9865370161505895,7.325097210962771,0.7302882124194223,1.1578420863880603,0.8919129531972849,0.5700000000000002
0.7829987419125639,0.6528545146698234,0.5576212145982076,0.4045610225885884,-0.3011413814183792,-1.3418717587211926,4.664416697479208,-3.750130026335535,7.115026897276675,5.68228786669949,-1.9577628015075548,-1.275537397619826,1.3247788905260016,-2.5974126897297842,-0.47784986532421136,7.139466325026699,0.8312099336846704,0.8656138755939518,1.1651996348930345,0.5900000000000001
0.6334127231449435,0.7044127198379765,0.47117396367522324,0.5925758740713505,-1.3249032444274196,-1.5185280879933254,4.541251994750332,-5.6401949474243445,6.791897898450921,7.694605722928468,-1.6491889948296163,-1.2753240231656837,1.424181653004634,-7.285973754551645,-0.6626283989189634,11.202878699155693,0.7240773771428871,0.5338353221061497,0.38256763113222314,0.5700000000000001
0.7427737830086643,0.7911340699736624,0.4571892533025065,0.4283875232080202,-1.8095814770889538,-2.189800637888557,2.706710948221362,-4.622640549015398,6.078136256096912,2.6962632637966557,-1.8252044825106217,-0.7546058466368153,4.661579383556704,-8.71467655058855,0.48134035486345994,10.19301446480978,0.6340510062559466,0.9093258461067029,0.23412396392280127,0.52
0.7333570880156921,0.7130085229157764,0.7262624944432993,0.2342801910721449,-0.5364103834990577,-2.3682010234935857,9.207209715289059,-0.6282774023200339,7.438304969997366,2.346310329551407,-1.648354963546578,-1.566112747546193,-3.5512974391531205,-5.925968351993448,0.4479251477937491,8.311886037427081,0.5003784056028066,0.8236186092041629,0.5500005502318943,0.5900000000000001
0.6806250423111184,0.7827797474149636,0.37692858181892214,0.6556576014741838,-1.7440720014595872,-1.6845293369485141,2.3366999441166816,-5.501395640258567,6.842631624455878,3.316897255778075,-1.9673644173492515,-0.9744824693876646,3.438526317443356,-4.941270286510087,-0.23368183957081523,12.593445270354836,0.9277062901199853,0.657727662330707,0.983621901723049,0.53
0.6077248292970971,0.4007715898336059,0.7689464292894052,0.7815895629313849,-2.41323242811441,-2.2676687162530373,3.108402129576591,-0.08208338157160866,7.0272065817157525,5.6960063775510426,-0.8592827690078007,-0.6576457045296655,8.720527980483322,-4.175511113020548,-0.2891955834091556,10.246077151179408,1.1016205466699034,0.6239173923883629,1.1986428053927907,0.59
0.7627979786071586,0.9246640140296389,0.431423603406974,0.7256743958986908,-1.0662263173868645,-2.094032732724138,2.003727468336815,-4.997119328280524,6.344622083743477,7.559561086850325,-1.771213400817016,-0.851241201362384,2.1792892054981428,-4.621731544839821,-0.6586671891017688,11.18002450418956,0.916605898245991,1.1155540538056294,1.0764093370933894,0.5600000000000002
0.3514461708360863,0.757260528620115,0.39585372671906466,0.48487271977244895,-1.9346339353947783,-1.5178695606708068,2.5600412446602494,-3.117604053626517,7.159267730095536,2.4397646620736855,-1.1595827219507746,-1.9507132759926,1.0104954814371916,-5.211443459655997,-0.1974749463598991,11.94850094632023,0.6678608125156021,0.5721990036845084,0.8228233544053873,0.5900000000000001
0.7023041312618992,0.47330244965432766,0.3285019017797246,0.20347200333939053,-0.950415687537517,-1.5513451972491303,3.912946722347428,-3.621373343862954,7.444745605720739,6.2086739463894265,-1.6921353663382503,-1.0228129241286352,7.350227050763289,-6.126918965143243,-0.03253630547652686,9.264831262544803,0.6273620692719725,0.7640303119859423,0.18219275411920638,0.57
0.566822234511224,0.8214579184733366,0.3241358665348012,0.5599817193003699,-1.1831590138470425,-1.3457280426118094,4.122254229824252,-5.32926977395097,7.487192059869435,2.440836551203498,-1.4229707810571244,-1.2952480900341377,1.1734033570939917,-6.942269671901547,-0.16718274472850292,10.601448120422246,0.8428970280320722,0.8664413302887258,0.19919543776618953,0.5900000000000001
0.647369092714685,0.7791745340528826,0.4925335223560796,0.5874586175179675,-2.3900254808552206,-1.5481354423528653,3.0072843246401684,-10.39549320785957,7.575492631229263,6.028485154420492,-1.2636632807268935,-0.8693625455823795,1.5889310402294854,-4.651089277412277,-0.37828215850584446,10.797774556043622,1.0309142780298648,0.9982006785975637,0.5487293599325913,0.5300000000000001
0.6418790115554512,0.4048873765038631,0.710415867382619,0.4466218957115063,-0.3325947858920966,-0.9053557009182748,3.2596074280527643,-3.8494939560317816,6.16474194535478,2.2975958824427622,-1.7974813796705786,-1.3917740739027828,8.259081722907638,-8.58214140861761,-0.5172202345353936,10.776177365018901,1.0121913764382078,0.7477096375467991,0.4614228827509652,0.53
0.7255424589752446,0.8989864873316532,0.7262431552232007,0.7202298382332823,-1.616312923449273,-1.5263295555669412,2.746596438826445,-11.061968713910199,6.58058967593391,5.947247837815569,-1.54078011998162,-1.311714930283515,0.803516744711748,-2.2612480105274666,0.4806669682804311,11.429141985436875,0.6194648467043814,1.0113430416948077,0.40500226223618097,0.54
0.7877943332380595,0.7821228839142037,0.7651388095489063,0.6436449169576705,-1.0871041815008218,-1.827479604980543,5.723063928776406,-10.751714005853936,6.424562030965645,7.626132516766297,-1.0669708172946089,-2.0505736674959856,0.16348993316811233,-8.621857096664732,-0.9971979854062032,9.311296508603816,0.9318127580389455,0.9819799023626375,0.9763150539345505,0.5900000000000001
0.565341795967921,0.7827999921480906,0.2720398023599518,0.22442610615219952,-2.084628802739768,-2.1640929533331814,3.1720566918164588,-6.60368397008491,7.136374981354077,5.204942405953177,-1.2798287691894346,-0.6520896760803753,5.236368684532068,-2.653461721027861,0.17267030418823565,6.679185624038536,0.9083486149128238,0.7054426439950774,0.4983579703612239,0.58
0.6542494991042285,0.8067927994650039,0.34706745936570454,0.785995931132571,-1.783354484083799,-0.5235170231289171,2.9377191006120396,-10.307697329699971,6.710777877506351,2.2054939863142584,-1.8429960746890228,-1.323266930470421,4.486912571556843,-5.989157402412857,-0.128024658850169,11.191537210758467,0.9379052051728665,0.8909016860716268,0.9162469239689991,0.5900000000000001
0.4824972543276214,0.6538235850678334,0.48406075784197394,0.41182022533481466,-1.0668148735986525,-1.464126283586374,6.982577769905466,-10.07586130744513,6.493690342980066,4.782697849944971,-1.3364887575499278,-1.8295663396679471,-2.9791849622669107,-3.921134484578676,-0.3101475694825714,8.327378025392878,1.1927012153688472,0.7744161610229884,0.49282762323079593,0.5700000000000001
0.7129242822668306,0.6572437682165548,0.5266574550818617,0.7500259777569234,-2.433311433217827,-2.35819764314627,4.184430630065298,-1.911050673687501,6.776731931096326,5.161004408562161,-1.4067167884206677,-0.5608012206712341,-1.43480507854283,-4.400463868935039,0.06931615522147835,8.220686285109759,1.0237532129785691,1.0542668315065609,0.930890868910607,0.56
0.4412796081943386,0.4868101591081103,0.6719000661752738,0.4101791625952284,-0.9690063835550387,-1.0553187872889835,2.219098256794637,-5.980912049767427,6.075245090004148,2.611101887072149,-1.7944154447260448,-1.2864452257763852,9.745775438293187,-5.433483586844578,0.12619388781104782,6.891672208591379,0.8806676308867178,0.6296809841154992,0.5682492307085972,0.4999999999999998
0.6705101816589292,0.7146852842791519,0.6160264841691392,0.37948301204520957,-1.2176449441974655,-1.9361377096048102,5.083014699081966,-3.7227079504192284,7.178226318675209,5.832334117624868,-1.697375492881033,-0.6949136081032785,-2.6311823428257233,-6.854011483505664,-0.1528575093296338,7.935912656131826,1.123109148673969,1.1729800407866555,0.4125859862502079,0.5400000000000001
0.7736677517444396,0.5796854196153103,0.6454530692551399,0.5595462220123448,-1.4722351125790312,-1.7847148714729375,7.631087310132488,-7.883710226814322,6.2127665894057715,7.786309231364754,-1.31627657120327,-0.8889958865938314,-0.25299413692514544,-6.300903360047318,-0.3663271985183876,7.451030320521632,0.8183700019273232,0.9842840705216049,0.06660928920262207,0.57
0.694062897161723,0.8032292795199505,0.631787284972206,0.5421523153945191,-1.6919067119495748,-2.117905881043037,2.876533988397143,-5.805642386093807,6.843761534608204,4.969661086137371,-0.9477970860376773,-1.4881541407325642,1.4825339001944435,-5.577866095203671,-0.31231098139516433,11.273359134094193,0.8546457188093745,0.6317223483139449,0.9932799431434596,0.5800000000000001
0.6894153801452094,0.6971351907571688,0.5212379147072561,0.44818559788427514,-2.4313982894460096,-2.013677712430073,9.602257525324049,-8.387876005678143,7.444569351310263,2.4766058056113054,-1.1529005480916579,-0.7454879650519698,-3.4001911888987033,-7.080724716873358,-0.17318570499572508,12.706196171295316,1.0358826511919033,1.1284096807109192,1.053631877594967,0.59
0.663783563611964,0.6438783722664765,0.6121698822070467,0.7213621805015256,-1.9373934300839615,-1.5978538039493502,4.292706208014568,-0.21890400885568417,7.441982174723792,5.7512082877726804,-1.0696794588077891,-0.976183789998599,4.142728640866957,-8.473507981014974,-0.10002379198426908,7.931810886851566,1.1064834691314138,0.8409471184071353,0.8653246172166505,0.5399999999999999
0.602528679355292,0.7747098832212391,0.3447771818755715,0.595311847519449,-1.514601856335767,-1.9766549656508947,5.314485109620165,-3.402871512304059,6.282136377769598,2.7194319258657984,-1.9162471927466835,-1.41516973447768,-0.2879244121417327,-5.406749080468176,-0.4506340612906134,9.723566575080019,0.4895346935766726,0.6951020182581776,0.5977105889248007,0.5900000000000001
0.7940634383520314,0.8913726893469307,0.5406769911229907,0.37597999404452603,-0.6190858305251631,-1.5470353756876096,2.353448172141023,-11.747569603343187,6.241602238669443,4.687188477454822,-1.6423091443067832,-1.182882075621493,3.9207668913446976,-5.067565128500499,-0.9514770087539259,11.038137621905959,0.6598898075847046,1.073910810619095,0.053229400083985634,0.5800000000000001
0.7315423317201184,0.7966424533681494,0.4541146113391509,0.5008305662773179,-2.18440920177299,-2.3411706319670285,6.4545925296121505,-7.721319091677785,7.435988316501168,7.285168967587376,-1.188110644741598,-0.7372358602693476,-2.5038869898569973,-5.656311159110965,0.7747336459803831,13.083380484765893,1.0256173506446085,0.9529367140324199,0.638615844006119,0.5400000000000001
0.557982241548423,0.7354860582833592,0.5920267782513289,0.5368844347472788,-0.5749658950094596,-2.2588849337089183,5.085309390559507,-1.8342125487353698,7.062026864145814,3.2906718348405914,-1.7289508656367996,-0.7550797882923284,-2.251991208082463,-5.8332331912931235,-0.24540171075554834,11.292277703193252,1.130071282575283,1.116821068070009,0.8465272072648599,0.5800000000000001
0.5878894353060499,0.5255683184292496,0.3207219228376584,0.3897717026383211,-2.4006604787519494,-1.3737221327294606,5.55876212517286,-10.560559937565724,7.38279302335447,2.8111046981516434,-1.6417257374467487,-1.29908154773428,4.7111073450767345,-8.944626869416586,-0.7847066072882435,13.944174775645944,0.46501928905477263,1.005984915461682,0.6682619966573449,0.59
0.7866321750545486,0.8425989070198471,0.735119001069222,0.7413991972025944,-2.0401290042463995,-1.4755083596042378,2.809146232968332,-7.0868849081952785,7.649395790777264,3.327371877805346,-1.1310808013656417,-1.071954009676065,3.3260776798918785,-2.826878628256271,-0.633094805498883,11.643847534681337,0.8341085947038853,1.0541009236459862,0.46905964074582956,0.5
0.6388367176120525,0.3466187035290716,0.6725532368037335,0.5338742207810375,-0.9472127054130572,-1.179053853538015,10.755942551370069,-7.549588820694395,7.289689087400228,4.5764604533269155,-1.9394627828031148,-1.0514286576992395,-1.8327567319783813,-7.867117085487056,0.55421815471581,10.039504090603776,0.9382767610972513,0.9725265371506232,0.45006672473756726,0.4799999999999999
0.6391707777449518,0.7858284689192708,0.5659183392243261,0.3905256205712262,-2.0914946019248224,-2.4339034848018613,4.872646281627286,-8.529507579709126,7.826375431970367,2.6870087113670613,-1.2881078006290971,-0.5672873379967696,0.9737357419410937,-2.9130250194555343,0.22339089127140982,7.527466189995526,0.9153463468766792,0.8522453520800781,0.4428091199769921,0.5700000000000001
0.6063686206067929,0.538212942471815,0.7949586521158643,0.36438809183441034,-2.0960219372280204,-2.240001267127852,4.946741287748926,-3.0836168516173883,6.107496887709987,2.7097171032841874,-1.9322782458392298,-0.6273006259125875,3.7013360209746256,-6.683908676150113,0.14898524607932473,12.5294959417948,1.0559339730434172,0.30743414659424206,0.37933693768918914,0.5700000000000001
0.7050503387235771,0.7955298641085289,0.7185904674061634,0.3527835839923544,-1.5125827582674638,-2.358104966437232,4.947819000194932,-0.7074607676336981,6.634831648988601,5.600858319825058,-1.7405056890476391,-0.7559979684087734,1.6018908404977519,-5.759405424882939,0.7624067422278269,12.632505675358688,0.6467910875352276,1.1120584080258633,0.46800692040141123,0.5600000000000002
0.7810992921990199,0.635305537481229,0.2793781710807754,0.5001837811603385,-2.1512459228574192,-0.9113647036102611,3.6286414080587646,-2.439405841731486,6.764596127719909,4.894399904447726,-1.3244151856241446,-1.171570207028777,6.175885473034964,-5.506644175361624,0.35348708261984013,13.405551947400259,0.6097664009004704,0.9843111010984257,0.6713815479428584,0.51
0.5828810820710985,0.4601512780814235,0.4754151017381836,0.21014526475269696,-2.1814460484923583,-1.6992918792132654,4.485754449031248,-4.567811580181861,6.676971432330863,6.673466350841243,-1.6454770092803641,-0.9030819410205355,6.744013163259806,-8.782654448786019,-0.8791676855356407,11.419550609720076,0.9411446324429442,0.43353247622078306,0.6769119254928829,0.5299999999999999
0.34117402091854815,0.8487932859554057,0.22906887075720772,0.7985769719542938,-1.7118036470023203,-1.1227323565857268,5.1726300372201806,-2.713778653907886,6.159750238814875,2.300777409007801,-1.2698644822563971,-1.4768928089329427,-1.0246846951812105,-4.548840818945488,-1.0230947499933394,7.167358694763904,0.8012455834824859,1.1319955869910896,0.3511526578866095,0.5500000000000002
0.7836902533435584,0.7977062334927614,0.4483930757003509,0.445023672684319,-1.2770064227775024,-0.8375019923817162,5.993835480092294,-1.9994594410561377,7.443437790199503,2.9169590214983003,-1.2391703416883753,-1.4024150771535497,1.3397774313798387,-8.905791694888558,0.5731660429478717,7.751091281590782,1.1776220087143092,1.1221854350936407,1.059066299248765,0.5699999999999998
0.7871198492586697,0.7143284433545798,0.7953315935606919,0.7910043780027778,-2.3009641973221195,-1.7715905927854037,8.11044601471276,-9.614300423676042,7.989183279487893,5.375794279354175,-1.680994062764278,-1.1829951008221904,-3.1638746987681245,-2.407699333423876,-0.2473832469428809,8.934762607658612,0.6660591187698799,0.7622256093654872,0.6675530578628477,0.54
0.7856976509230963,0.8355137226080879,0.3002723087708072,0.5894775914482532,-0.5949636208720152,-2.287397605916019,3.6724949621387375,-5.6769910408341575,7.272599883567424,4.059563814260575,-1.4019908147919815,-2.0017835820391316,1.8931361391982282,-8.563457719249556,-0.03370289257731396,6.046941911937804,0.7211760534634413,0.9552170538966913,0.708219819358531,0.5800000000000001
0.5392816209285483,0.6910488356721515,0.41883422270928794,0.4542594611418908,-1.217433021150915,-1.0641865940948758,3.807473564359566,-8.456464437311913,6.024535971585414,7.133610739297336,-1.6180729763674873,-1.4191319483582183,-0.3592527061299339,-7.793507764756323,-0.5409015219815905,11.07973690553472,0.8460592405369557,1.1681008237453478,0.2937953913381357,0.5700000000000002
0.6209120823969175,0.7807943740480855,0.2796467682335366,0.5324209943228453,-0.9370987883050944,-1.3078566042171977,3.2796749925506794,-4.118408902301579,7.380185938814541,6.552616552700074,-1.702338367912293,-1.2963731422958382,4.587047875041014,-5.527075710435917,-0.4865771744787012,11.814480404204168,0.7210650224536728,1.0490448956112621,0.4713589776512138,0.54
0.7887665743098737,0.4544962214193301,0.21605081135080073,0.7020623177504444,-0.6655305914617046,-1.713939963866719,6.363678902687591,-5.678339343424607,7.22112727661314,4.825401001033281,-1.9137092285377062,-0.7611721628845994,3.264213155904548,-7.956463179723089,0.5772216627169318,9.26724962769088,0.7608415661176652,0.668783739091587,0.5082146020662299,0.56
0.6859623486143623,0.5947496673569116,0.7793619001378824,0.38748810940847545,-0.6564379277312753,-2.3249219381309127,4.336892664588137,-2.5422700717565645,7.769803677526261,5.467254182694188,-1.34806504577366,-1.2784984305238276,5.551170633203562,-8.73016824635097,0.4555457392700284,9.95208281689074,0.7208607538736183,1.0295780934065366,0.8660644978428564,0.5800000000000001
0.20080266692118598,0.7091608176108732,0.6734353101321622,0.7586083213360351,-2.0083015741985024,-1.330261840872339,3.489982458371384,-6.093246577161972,7.615909078038124,5.071039239143879,-1.2978880406228375,-1.8776617302053569,1.2439496656011724,-2.8939410138014403,0.513850637091434,11.463936316392685,0.9493758436052323,0.43721656476080184,0.9037533781207676,0.5900000000000001
0.7224144291962649,0.727661389052408,0.5247021601705355,0.473890757218531,-1.1988455114403265,-1.9610042489921855,5.4376209698800615,-2.7828750138194325,6.326565074225142,2.7992460028989843,-1.699481606477628,-0.7571742456964077,0.2923470868310245,-7.146533580554458,0.4162270150398478,11.948798634878425,0.9981107771769308,0.7182243028026184,0.8058556080167409,0.52
0.7036865774144534,0.6439711291458168,0.5762592236718529,0.2694324581347993,-1.6355459164646362,-0.40301092362295854,3.7550994367662995,-3.530807009552248,7.153307426185133,7.4233137817134995,-1.2734351347560802,-1.8093476530275356,4.872077210719076,-5.939016052396531,0.04581328603983237,10.862641174557794,0.5167860391640863,1.070539469665572,0.3896426186705963,0.5800000000000001
0.7661676210313197,0.5302021006765314,0.7950517667198012,0.6897619845012373,-1.7628606713976556,0.0685372169377862,2.090348130774951,-5.608397656991212,7.059791674131313,6.56899295220528,-1.5871674067346628,-1.571276879387265,8.832890170563823,-3.879495768335529,0.5226286420086754,7.546053621794725,0.6239964874466056,0.9615984981880583,0.47896149945089717,0.53
0.7537954717083086,0.38919955033741893,0.3893676314046398,0.3753710255923901,-1.7967808616487222,-1.1180668305235126,2.6987382889503686,-5.884053903589413,6.6329390564650605,3.2396849949011366,-1.3998019656825815,-1.0443176111905976,8.748689877298691,-8.165672859007493,0.0622491616111952,7.493293732398158,0.8683983151785277,0.5663112396350753,0.6453861337598045,0.54
0.5538255814788277,0.826281140828726,0.47910231324202396,0.6336618488875017,-1.9411634151797457,-2.10476492704869,3.088334795726021,-11.691681801246995,7.337225879920308,7.408753979166482,-1.184478773698983,-0.8902453727129345,0.6840997586896223,-5.0943750839228805,0.37725998059198873,8.777633914740077,1.04914973072321,0.9825899521231559,0.649168501019719,0.5500000000000002
0.5554586550174168,0.47226060048505136,0.6064005304533902,0.46527355778485274,-1.7649317086658267,-0.3758759454349515,3.4977342323663927,-11.76293832509971,6.1627974620176955,2.8317955344360985,-1.3010650043006553,-1.595499744762807,8.202121956092148,-3.915904754735438,-1.141183294550238,10.124127241746141,0.7538537552876727,1.019141867091356,0.7060570784084402,0.5800000000000001
0.5626434207152493,0.6074751064990922,0.5431863776290411,0.4125248180038285,-0.2037288879606014,-2.3719045932407488,3.035080345117916,-0.8141563688674038,6.9805210250519165,4.2133226098724,-1.5809381659180803,-1.881216442033989,6.376923475269143,-7.075747589049288,0.7808439573182995,11.215914994680315,0.7026434420128255,0.8640151547967279,0.6592837605709941,0.5700000000000002
0.6760673764016044,0.4069625763397025,0.5674998614544271,0.3638315150075035,-0.47138359113150174,-2.2073468726769296,6.995515349340905,-4.833461434246727,6.5419722594222485,5.684341175609777,-1.8411256148904984,-1.047152003459098,2.7412194466546818,-6.95857045722747,0.14551497457430615,13.115442460586863,0.7778136372817708,0.3168721557043628,0.17146826484180017,0.5899999999999999
0.65462887849817,0.6323776662031321,0.4872842630672112,0.45514147720222436,-1.0819689710230407,-1.559550915393712,5.847529058459457,-2.390965589784952,7.0354366332878175,4.707154544306792,-1.9779758079906111,-0.9421667514796332,0.8914120021520642,-7.355520048984371,0.01494869179096936,12.868473045522492,0.8861014111192531,0.6970174024716269,0.18489984009663674,0.54
0.689306920532802,0.6864811070120072,0.5089560439371725,0.6441549047519699,-1.3449477500311855,-1.776598409816927,4.388686443273538,-0.006165380697062572,6.521899476636814,3.104167321264078,-1.6341642985034819,-0.9530347306818231,3.9419947582089065,-6.20592966221799,0.259681038040452,7.94246809711031,0.5564470981844795,0.7722342634533544,0.2710954591292453,0.48999999999999994
0.599079207683509,0.5482060421298023,0.21205046885277795,0.32145661536743925,-1.7790575362305996,-2.07590194997893,3.5357755601425467,-7.358489391709029,7.897475683367514,2.7015679851891217,-1.8519618786877332,-0.6327120148898174,-2.0638885675842573,-3.483598785863156,-0.053990148873899635,6.753982458289722,1.1994510219408536,1.1245929760354587,0.4490953012851212,0.51
0.6763696602248852,0.7329548368347053,0.6760270910904903,0.7672859147357434,-1.824205761773663,-1.560875392371393,3.8175531913943503,-4.211496746353696,7.02912329047094,5.320029156837099,-1.6403470871790171,-0.9018538481910858,2.3256429710587883,-3.112820060305565,0.7346101308765836,12.107304783574028,1.0071375896842634,0.9728607930121193,1.076287615499317,0.5099999999999999
0.5625430493841903,0.7482958270558526,0.31755274152068,0.6783846182053301,-2.3450210907980416,-2.2298165733374367,4.479719790730058,-1.293614560297997,7.362167645419756,5.421289865834777,-1.28069911409628,-0.5764772949123802,2.0668918602696493,-5.334378424232199,0.5320962041981702,10.780845579393988,0.9346098034795134,0.8918620643283595,0.39790152859030153,0.52
0.5445560942083855,0.6353980354892851,0.6761390194509201,0.20270545785466754,-1.9857277783552947,-1.9720826093711863,2.116379406057856,-2.945183978744974,7.57225307342104,5.559789317192778,-0.9439786854284156,-1.6914278494365749,5.624470997392763,-4.491684970336338,-0.8085060726560295,6.574756394541344,0.8676044091814561,0.3316255924645735,0.9750508332551352,0.5900000000000001
0.7538233867599108,0.6676148465935423,0.3928996867046045,0.6323071238231581,-1.725752184542913,-0.392865391918611,2.6943543481838326,-9.236729309563565,7.970290888063397,3.3616529509706607,-1.1456283877608082,-1.4323354963994026,5.861909710874695,-3.979458714545195,-0.9025011430937295,12.861951553205515,0.9296541339422686,0.7404832155265323,1.1734703910557338,0.54
0.403526984248954,0.49610352834257726,0.6194189274251641,0.2613624259423954,-0.12795279602378384,-1.5231682546146064,8.207896807722259,-9.795883711416003,7.925800339113392,3.3417397303356706,-1.6193114454807553,-1.98603979336271,-0.8737474035599839,-2.345352579132321,-0.06042508124922019,9.100024317638196,0.6727452368515209,0.9751062740872375,0.790747636174524,0.5900000000000001
0.7172523066955,0.8361147320429371,0.23369383310203135,0.48826235162048703,-1.4169721091233942,-1.929373249797475,2.711208039125226,-5.21269787161734,7.863504403444127,6.7556317870193485,-1.9484446435671847,-0.7963165825615579,2.6077180455190865,-6.831236732864055,-0.3938488869486805,8.779651971838767,0.6126396492483517,0.7850290650284977,0.5011919172699468,0.5700000000000001
0.631416627779431,0.7678337736073735,0.7664603940104129,0.33495175726692067,-1.9955680126620399,-1.7325397660989927,2.839073631448147,-0.22213234434876716,6.821926298221765,3.6244380064145276,-1.7487871011669265,-0.8122029494027383,-0.3018944693356672,-7.106384427128271,0.18471373707601668,7.295660566963856,0.8794023333128949,1.166196040791474,0.8038336075994975,0.5700000000000001
0.6469169143882865,0.8889598004990918,0.5242053847076276,0.7843970123403844,-1.3888199465354334,-1.6848495996718793,3.850950592694621,-3.327525044848048,7.066377526829656,4.110351950606566,-1.1021831201951466,-1.8289920426860324,1.6303033293015647,-5.590429445826698,-0.09699908555383152,8.142408032439809,0.7976426345590536,1.1311091206425963,0.27573761996702834,0.53
0.781154971263728,0.5581076708580681,0.6302419019230997,0.346739455202278,-1.3397138752966558,-1.2736437917443344,3.3549163237060076,-0.9386670957476189,6.407982579229434,7.839672586801425,-1.8714901517630025,-1.1718866985953524,6.461830226099196,-4.736599333841497,0.620443876723454,10.147850945175005,0.6306140411995322,0.4530980683191522,0.7591899146849701,0.5799999999999998
0.7016638330975472,0.8910331398583622,0.6868565149089783,0.550647838733223,-1.562424664681259,-1.6509898881134508,3.3424623428256584,-4.587591259468354,6.531005541432991,3.7720647230547075,-1.3327927915943745,-1.9820767142776203,2.528149582556998,-3.960407326968032,0.6889219873762259,13.663395244385862,0.36111249142056,1.1259670375002024,1.0762575493121815,0.5700000000000001
0.6256409922207357,0.8376364522219468,0.7700445622391114,0.34420887670766753,-1.7427727799064139,-1.6768305090163858,3.0338994847829843,-9.069877184217097,6.158821422420278,2.3323318716026176,-1.4902866709409341,-1.028981510400505,2.4324471458298733,-8.515354254150232,-0.9239252544360743,7.757506010552325,0.7470328756245674,0.8288902186406653,0.22950001392175284,0.5500000000000002
0.7742602993717603,0.8268150650048678,0.2655102738228139,0.564712031238184,-1.329547767997262,-1.4502624009146565,2.4083992812363353,-5.518752933120152,7.925432943180979,2.619655029604491,-1.4136244419379171,-1.1266326299324498,0.9924978260958319,-3.1614008399695637,-0.7809530172701206,8.548208282207678,0.7988515755503514,1.0424566290084565,0.6802127531528426,0.5800000000000001
0.43914095083288174,0.8482951129515061,0.6147726606960826,0.3043045519657813,-2.130412469852773,-1.409813616580539,3.793762216955412,-8.187485865589174,6.675700629612934,2.2680367476841803,-1.0218889712691428,-1.9067288304167942,-0.9032319273808367,-2.4064511880485453,0.784281193608207,13.195425399643826,0.5417859576513469,0.9808024353619842,1.0965646883885514,0.5700000000000001
0.6408052977903742,0.9421187097678827,0.5472825279559907,0.7499067425298926,-0.8763250476383897,-1.3857785752535656,2.185780475072601,-1.7552781687055319,6.827883182554574,3.831100409793609,-1.432033074357237,-2.186302611962541,2.3288739261790092,-6.688098270299234,-0.6932965406735889,13.388215833956158,0.8989566839877415,0.9023131743875277,0.3980819917913676,0.5800000000000001
0.5398524226329392,0.8682901377958057,0.2817098821288221,0.40857727324148885,-2.0837382344677637,-1.1723885546561772,3.908557026981107,-3.790451817214479,7.822625373422045,4.9659561243768895,-1.454399761767937,-1.1646849939963613,2.8447195887218264,-5.726478145066054,0.7650143512177874,12.193243123985354,0.8407702624207862,1.1114832968523334,0.868573635187814,0.53
0.6854482819168378,0.6465240734120672,0.2614519508620653,0.3864745025382468,-1.6880030414826384,-2.272821479711541,4.492237483615076,-8.516888085886094,6.35087786160728,6.467623011838332,-1.5390373514479907,-1.774888356488126,-0.5835179608926182,-5.400430709239297,-0.19476876105610452,13.30595033051264,0.45333795584875647,0.4830566229476383,0.8917640770305189,0.5900000000000001
0.5772070502950524,0.3861225548415158,0.5171798003991738,0.404309526941201,-0.9493197201940242,-0.15063830442852358,4.746396690514357,-1.9800619561799597,6.894819868422744,5.114584618899768,-1.834498740380974,-1.6759565703064379,5.941117242750497,-8.745681112888803,-0.24223165609138544,12.637880262391429,0.7104244310882651,0.9317958713815121,0.24457933385096534,0.5599999999999999
0.6640601511963842,0.7675111125812534,0.5608736813953578,0.6977451607464628,-1.8983272628386023,-2.6651365236354656,5.1670971796680005,-11.65203878588788,7.703563795106698,6.699494675034728,-0.9947079750568657,-1.3422791294949308,-1.7602198811965466,-8.321676368146901,-0.7793239331921616,7.229640109082094,0.8689661798659991,0.6950289523292775,0.4733586173664401,0.5800000000000001
0.7525764753300684,0.7126422236925978,0.6336049224787238,0.3987492341855504,-1.6633802365416113,-2.7209044197132672,4.347608513561705,-10.795275100623325,6.461096028763162,7.646965106998854,-1.7560052166545737,-0.8755784372116546,1.2425015084957118,-7.255188386647883,0.16765922280401807,7.725410725959532,0.490750037162299,0.6607742435723828,0.5313482275266772,0.5900000000000001
0.7521996495403558,0.7738960988561678,0.4720267913835415,0.38582932407973736,-2.4640808475587495,-0.5010968800103424,4.300297340257953,-0.8775987969566215,7.584280269935355,7.392678207928897,-1.5870742517731316,-1.3837310160140626,1.627726070416109,-5.139259785167003,0.7942239043982198,12.325646947890405,0.9043684335618591,1.1012451894814905,1.0231759100288582,0.49000000000000005
0.5605650348643774,0.7084554130801654,0.4012645222968768,0.7751129795631213,-1.5397776266762657,-2.070379702036827,3.8061874832138742,-2.5082119858786047,6.815140789109084,2.4526843113689045,-1.4063067798040323,-1.2798986091897755,1.3994345702249507,-5.577207406150759,-0.2652683079215934,9.134236874080196,0.6836354180960134,0.4904366827260148,0.5362202487380119,0.54
0.6083606922267673,0.38355400097510955,0.7917551379098059,0.3540431627841698,-1.335573878548641,-1.1234056569788888,4.214120103558522,-1.8116928822771396,7.459633565285252,7.048794357344374,-1.823898028629792,-1.233968684613367,6.40103165945019,-8.662578561974115,-0.11868767206333908,11.839907692342548,0.719145528678795,0.7762517334397955,0.36505580150076045,0.5800000000000001
0.6060049609054454,0.7839363712597062,0.44044404116834057,0.5717240191643499,-2.3269007682027,-0.708603065716487,2.660034950312095,-5.303506231121563,6.971508145229898,4.557514505207997,-1.7204093155731006,-1.5163376256274976,0.19397386121403803,-3.0778408820126972,0.24331845483398346,13.431296785680352,0.7546021725397194,1.0142631725029811,1.006855901543838,0.5700000000000001
0.6785014128126745,0.47806060070621387,0.7345173575846552,0.21938486159449572,-2.2110460385513617,-0.7187812303816586,3.7179580881569714,-10.17662327346539,7.589908815616045,5.847144139485042,-0.816932444505231,-1.4163710107055052,7.59248319916563,-4.980737256441127,-1.0971239677333156,9.264303719505895,0.7861590661881763,1.0190712667217812,0.5061250849238847,0.54
0.5881350556241406,0.8355136118413685,0.6636888357965431,0.6157557112208147,-1.7593579665739056,-1.7437193673706781,4.635694247487251,-2.402399507055185,6.816806739381016,3.153815272623332,-0.9758188919491605,-1.5702129965743408,-0.5478506870733293,-4.605985014376159,-0.5285626000479647,12.354457107208658,0.6922302253553958,1.0759040959813353,0.5416189605305983,0.56
0.6912634011538263,0.6171157690016611,0.4862802894663506,0.23444458685005712,-1.7834154249371923,-0.8667484856774023,3.1430121527538164,-7.268731442893736,7.464673700380073,6.224098463272987,-1.2748632490149567,-1.197764947353772,6.932417273423175,-4.833907752466152,0.4102576938987429,10.219857960115975,1.1529519367645507,0.9282755365439311,0.8601039920439428,0.4900000000000001
0.5093949558057789,0.731157333640762,0.6398466303559485,0.3430055253947022,-1.9317624593545748,-1.373176251341759,5.154745044371914,-8.976557716493707,7.604145487368362,4.424082387790051,-0.9998291215837619,-1.7853702435937686,-1.3563555214526755,-4.424989357725824,-0.09724188930639159,12.9530371692643,0.8253894424865365,0.7821412225179962,0.41961250780156,0.5700000000000002
0.7597432343564535,0.9071844252330978,0.5414260223810401,0.2781516849926308,-1.3683069587662944,-1.4158549526741222,2.548700451130377,-8.97996670754645,7.523697001596937,4.355440680880037,-1.191326252281403,-1.2764990349922583,4.290398785753045,-8.791921913012843,-0.19465687800582748,12.062801874160478,0.8632660907267137,1.1276230925551773,0.723656546200198,0.5599999999999999
0.486995987798841,0.43341316580631384,0.7502828126868174,0.6931216742960649,-1.0039841960244535,-2.016888625270762,2.2210806651291097,-8.38134196839036,6.607426790263656,7.0878523963871105,-1.4671025658655197,-1.512538645081428,-1.326335684492259,-4.034909001138693,-0.9860162751501169,11.002199889581405,0.6938247948368002,1.0865694949752838,0.8558726150116647,0.5700000000000002
0.7290635977884812,0.6856265525007078,0.2442555976044424,0.4603414892178106,-2.159432275800648,-1.7412132626350958,8.118767168956433,-5.327982315047798,6.6007576167541515,2.3321344026411386,-1.5673184524340529,-0.7664451492529631,-3.411434177225027,-3.873845356842117,-0.3450169637668917,13.218882985816165,1.0132574736730187,1.1997228409611294,0.6312549497794547,0.5400000000000003
0.4019837471227595,0.8497107322323091,0.4303961636947262,0.4648870999455426,-0.6998331680306094,-1.2098980176622645,2.9214960730915918,-4.297177908223414,7.9321079974402355,4.990398530596735,-1.5775973243541466,-1.4694846693757975,2.2071049021064146,-6.775164899745598,0.017409408442294758,6.378775826278064,0.7923398340422727,1.1039026960111824,0.0688573325472156,0.5900000000000001
0.4990875224476899,0.7314152648570158,0.4850335554799736,0.7198784389539077,-0.5787720895990729,-1.4361451012558986,5.988206126995026,-8.01525237531878,7.114146939022367,4.397632884322294,-1.6652428558921464,-1.2695123257560925,0.6669307495320658,-5.823935369392525,-0.3735734444498231,12.437374441580628,1.0013817448372808,0.6851224346805684,1.122023782733323,0.55
0.7785315644983831,0.8052616746059302,0.33205169075936825,0.6266302711399867,-1.4269803358909074,-2.064559648074258,3.500720336504147,-1.8400528643333205,6.090085260595577,5.967146854265754,-1.2566843701876658,-0.8508003488132597,0.5754084135439479,-5.795025095444235,-0.05760498292559335,12.974446575724588,0.8702113174991725,0.8402608003439342,0.5083859639133887,0.5800000000000001
0.5772806538749446,0.5078832116374182,0.6567624881130231,0.38455218301893135,-0.24887981025802186,-0.07288784158012869,2.5999647645060238,-4.003553169309009,6.604634498042502,4.169042543645142,-1.8466581104899058,-1.5564071740863084,7.504618154489394,-3.1156418770238066,-0.4681738949837808,8.728052711278695,1.1383391608123452,0.9906444177389202,0.45650519701768805,0.56
0.23897780531441332,0.5857583257347229,0.33874258804044355,0.5207306273337423,-2.1441184367761763,-2.4634468054258876,4.249995674109565,-1.298312758189096,6.315678121958992,2.5588835375028993,-1.3740423972516216,-0.7795636053962277,2.3723822616917962,-7.339955100489618,0.20914058636080102,10.295780916074,0.8922788913928172,0.3279422308494305,1.1174950068470442,0.5800000000000001
0.7270958882044707,0.5231426047402611,0.4949324641809366,0.6224525582445604,-0.23616460735376565,-0.9232793572068586,3.1863677586542316,-1.9589860146324203,6.2343089071376045,2.2838758438151023,-1.9005617143738076,-1.1898983613624432,6.671466922676437,-4.887320418705374,0.030827164905810694,8.011656238723399,0.8605604752030868,0.9076038627620091,0.18575845808095454,0.5499999999999999
0.7494125246751973,0.5604878304813072,0.7027371979091803,0.7598079097695736,-1.4618459675604258,0.012161894402938106,3.164826016872457,-2.775622652576261,7.1451765847662365,2.745735231861729,-1.6914425669655404,-1.5040233374382803,6.416036810987455,-6.440131050710473,-1.0040265940204138,9.697661814561545,1.0848288888355595,1.0852907300696117,0.8307016119186315,0.4900000000000001
0.7141992134327739,0.8119221030409178,0.6337076382194595,0.6828716006235657,-0.9532855684534847,-0.6981543097319783,3.071721639664556,-7.486137368919484,6.494883487097973,5.5669139528600775,-1.7781277322749658,-1.3970462086973559,2.9525839711336257,-1.2297343516366452,0.14850352603288097,7.689006643153564,0.8935553783669903,0.9425552070655153,0.8709065962310593,0.59
0.7708084602155493,0.5099455071994466,0.48001046816323817,0.20446044573102284,-2.0112608054193326,-0.44027326894142105,4.255108001785718,-3.5305704499291517,6.7919106060335706,6.11484188825502,-1.7646920121768974,-1.5835180202930046,6.231823334372299,-8.228342218663864,-0.9419423159931682,11.21388319207926,0.5252245222268657,0.7747648489770561,0.25892049501390996,0.5499999999999999
0.6554624224835778,0.5899737363619045,0.4646842040467182,0.24663341024964341,-1.1544345600912926,-2.193898330993827,5.520687099817489,-3.39449530054121,7.294603855450195,5.099118936210882,-1.9841738963126416,-1.3254657327763923,-0.7507609743804347,-7.242816062532249,0.17635594984197028,13.739201010506296,0.7806448955756494,0.3348009559812294,0.10254151017237251,0.5800000000000001
0.7400162623031369,0.882165188198826,0.4040644435210493,0.505902313759164,-1.448948440049112,-1.4173979939491481,4.144288790925482,-6.344240704391348,7.077919522356846,5.2032412792691245,-1.7494903730725535,-1.4051204295238386,-0.5820070366991081,-5.995668486926496,0.1265005994450521,7.986344179058848,0.6000242706123622,1.016526272370371,1.0450513433945048,0.5800000000000001
0.7889904369432077,0.8145408178157575,0.6739291369658045,0.2983830680543208,-0.5788175958660624,-1.266814507263567,2.113162091051417,-2.629859083861355,7.600696522511366,6.619650766462908,-1.8059474290115471,-1.1915779456918392,5.215372260034453,-7.384543995006945,-0.6310117381831932,8.808116899206734,0.6239946105999526,0.7788337492400768,0.6954882560346501,0.5399999999999999
0.7858961778261568,0.7549302150880097,0.30285208810057274,0.49151826957380634,-1.3259724317505834,-1.891292344307117,5.033849036838052,-7.620851638963542,6.207743497919979,7.3101673902805295,-1.2136946104758315,-1.248019442953919,1.1427260272805784,-8.184290230392822,-0.014877152131088867,11.283972523151117,0.8301457741538474,0.7640727565399396,0.44553063997995224,0.56
0.7734731570356705,0.8208809006141017,0.4779428350319457,0.4050875862948098,-2.036741999348039,-2.080604558619704,2.123980872511872,-3.3492931830879904,7.776842507688021,2.6273799392267225,-1.2046772072366903,-0.8793095229327548,1.521823885176674,-2.1026816439769878,-0.33294225508097774,8.367026489493796,1.0907210640749274,0.6959209148942964,0.43914966005401296,0.59
0.7345105702425622,0.6516697718903048,0.70802561161137,0.31372684279221863,-2.0576909662576073,-1.490261791910493,5.032597347885085,-10.271625649842404,7.237604261244066,5.950645347598019,-1.6863729953678301,-1.0953483424917652,2.768912524828743,-5.304080614616358,-0.3296944769049936,8.066812875768154,0.4276755568549234,1.0613871716725134,0.14258624760459174,0.5199999999999999
0.5254716393063976,0.5513590038823057,0.4968968028526669,0.28153302004695946,-0.16169942803491544,-0.3207820014014136,3.5690784914363674,-5.469240563811168,7.36403502369872,2.7474949526048786,-1.933020623903861,-1.7316363456164428,5.496958287257478,-6.406133399831294,0.11124875677847197,13.538735874580444,0.7061033391213984,1.1276051575734156,1.0799960970404663,0.54
0.3903032215144554,0.6090423365763726,0.7492579075795514,0.500976114684225,-0.28323925228070823,-1.9889473706247613,3.335348077573101,-9.443255861742646,7.149956245152574,7.243745224661222,-1.8442780158048602,-1.9242316811050515,0.8535926134743889,-3.9745617281216155,0.44377897346319684,6.9648613516466416,1.015337647771915,0.36281837354502555,0.4957568875326999,0.5900000000000001
0.6545463407880044,0.9662856009313183,0.28773806162220134,0.47813774914055895,-0.701752317880588,-1.4893945382142115,3.05176455752012,-10.376744468140647,7.507907681335064,4.397612254159051,-1.6211414978160466,-0.9610903529115462,1.5589910161086231,-4.956781408821038,0.26073126134582725,13.16153539123691,1.174131629857418,1.0401631385298926,1.021468140988508,0.59
0.7351289155169349,0.714300346022984,0.5764080634829131,0.3703593139575303,-1.2987336266150014,-2.0918433201419453,3.5918286222741442,-9.267776494985364,6.446808893990545,6.360825147022723,-1.553734462999355,-1.0135163219170855,1.7042058540866578,-5.60738171131715,-0.12844837061166922,11.593575372227505,0.8063480698260859,0.5033595294610758,0.879071422072484,0.58
0.6666182524480523,0.712768006277074,0.6026836134377046,0.7196309800503837,-1.888116953698754,-2.4901827674978625,4.878066818101051,-6.29326540366916,6.802409998735567,3.0099741406446743,-1.094204107363582,-0.5050004138288782,0.29106144100616627,-5.591084047910275,0.25303496896612065,10.789180570772947,1.1832734528754825,0.6649029044900606,1.030804887352824,0.5700000000000001
0.5180270465676766,0.7616873643869219,0.43784916889758313,0.37791810209200977,-1.5116685435345492,-0.9428649617013763,3.05692961694697,-4.373524093891424,7.336776441513846,4.385182813853292,-1.958676214806616,-1.416310648474593,-0.48015591117628287,-5.397995088252824,0.05267319537712545,8.69615484141034,1.0625774082258128,1.0079864308972617,1.0938396870352283,0.5600000000000002
0.7038815400837268,0.8218989773016634,0.22775565776619422,0.5108906860119935,-0.7694380865949422,-2.0669535231569798,2.569001911171945,-4.1516866863706845,7.828706171412772,4.0138373599364705,-1.5168864272192841,-0.8731325686754074,3.3213449641278254,-8.405255104332188,0.15280480674071162,12.137986647450148,0.8918138647619596,1.0545799738274884,0.4670599124819438,0.5900000000000001
0.6641619012011327,0.6117617134278692,0.3476388313731304,0.7631036404971895,-1.7428518169824914,-2.1908359562297557,7.463767230342741,-4.720652376290534,6.716629504371201,5.275162859736183,-1.8364089175970462,-0.6363659450272052,0.04707432148003288,-6.765639950263961,-0.47181081301051697,7.673126075418237,0.582150020740793,0.9195240723232858,0.34069484177324244,0.5099999999999999
0.5396783889285117,0.8394837369707349,0.4897576311014818,0.3837273656872845,-0.6587109060031814,-1.4202192780690472,2.3383862399294006,-9.327638079468588,6.347937371468796,2.5165443132302867,-1.442691777008939,-1.8299474352043696,2.5025007060485307,-1.0431019090249665,-0.3627998634341844,7.57731162410384,0.6644427165506346,0.9598505090981306,0.9246238647343727,0.5900000000000001
0.3975838242206021,0.7242896803039095,0.5304910450624671,0.4585566822666751,-2.1177377859349313,-0.6121015731179199,2.1832135221375646,-8.572461594377831,7.5127562436935635,5.557323168673244,-1.3256098709792228,-1.428121304551554,0.9075894806652203,-3.2363102180361247,-0.04357778285783076,6.691450922114425,1.1902152430744506,1.006763526179661,0.7245096287712173,0.5800000000000001
0.3572375870929387,0.6160308031910013,0.4481115855264427,0.637126890611032,-1.1588717801535375,-2.409282363897212,5.126560900332782,-3.167332427327404,6.906020639789908,5.73442985264567,-1.62783687482823,-1.1271314106192563,1.4733430327151587,-6.3548495334350905,-0.441843431676373,12.943960281909451,0.7440932921789246,0.328475006604422,0.646836529968051,0.5900000000000001
0.7566251337471581,0.843607063628161,0.2538347500527808,0.20009472517931837,-1.781095765955227,-2.325192118564594,2.1900856434135916,-4.099887253502269,7.204843513177677,3.1917377254275747,-1.2180853965188396,-0.6679164772237225,4.52428350774165,-4.825260990175097,0.37341118627153863,9.021202263557539,0.7376070600290798,1.137706508748132,0.4108291028268451,0.5800000000000001
0.7231949596884553,0.8416016814719309,0.525966552001824,0.5028747841702178,-1.4962781438511483,-1.1132547133686679,6.000805807357784,-10.711803918579662,6.739696635139689,3.912036008715872,-1.5223092825461269,-1.4638616604843964,-1.6918913326315614,-7.4667267843143375,-1.0902859606135427,8.663032068788649,0.8344584088777742,0.969715351524559,0.0748540153872631,0.5900000000000001
0.38945083207373826,0.48249498780309863,0.6323511935008577,0.609009330807149,-2.0996328914782336,-1.956169138475615,4.897348925633352,-6.448047548174021,6.310307578701239,7.610998788168593,-1.5555996264291774,-0.8600234018987889,5.233138006218381,-5.546992948689852,0.6776063892297473,7.281814715450649,0.8635017104182815,0.49147415561843977,0.6679697654767104,0.5899999999999999
0.48662879278359433,0.5329732625122495,0.6588492444161334,0.4170770727869904,-0.8974665360724695,-1.326913678663665,4.0690854493513156,-4.8753686144063515,7.253317135186292,4.857910630529184,-1.7598519102554224,-2.182351182040217,-0.5890610436552,-2.2092543471935135,0.3444547093606038,11.821240344554532,1.1647638121391628,0.37872678834134554,0.7175584717955835,0.5800000000000001
0.49954167269656014,0.8192972273672616,0.2082092902330131,0.4807273793648562,-2.4839410622715654,-1.1913324629837188,4.087258124783897,-0.9263775620651651,7.303110547006109,4.68226350433858,-0.912566252756214,-1.20707089950512,1.2327478613702079,-5.354382962536406,-1.0327381008045573,12.521613359735595,0.9917661462681766,1.0445039225751944,0.14056657504962117,0.5900000000000001
0.667556807943589,0.6775008181315118,0.5237398188378983,0.5703444703802648,-0.6914801166239944,-1.4531920326203154,5.097466993085154,-1.0217063038652283,7.907794027178185,6.6307290664261735,-1.5396132363248354,-1.3836906682226098,0.7737699461838431,-6.886589853504627,0.7537723876155296,7.073348576635399,1.0697655393758916,0.5184975712235658,0.5202435267586049,0.5499999999999999
0.5002460769448172,0.6020348549812639,0.37461745008513436,0.2776769733312613,-2.2998967628392357,-1.9009709443341587,5.03216705835115,-7.008351744055737,7.498447062003366,7.499372555847673,-1.455814676888562,-0.8047619057494853,3.979142908269152,-7.4064180538142415,-0.8921166034123771,10.62809079766841,0.7469491009119646,0.8076949474967394,1.1266662588376735,0.5199999999999999
0.7576743917955199,0.6973153281624704,0.6291253726935029,0.36484600071774365,-1.2779183667343794,-2.9870236063839775,5.8576267306411225,-11.352804431914212,7.790467502770582,4.209149646685872,-1.1631484209763427,-1.285236305905765,-1.397315030239292,-3.7328917639892545,-1.197054738725141,10.011975772960916,1.1669255267293224,0.6274712454855769,0.7717099427530877,0.5900000000000001
0.590800080647171,0.7006841767547602,0.4452366537618317,0.2340195285834789,-1.5363714058357754,-2.298788324469791,6.817301871008744,-3.909239236597383,7.152757325290263,2.566818508222886,-1.7638465215467989,-0.5801738479229405,-2.1069374406346166,-6.515869491800027,0.6766229638781627,13.706741222095578,0.7829604526777229,1.1771104641116148,0.5092558526213999,0.55
0.3577013732407339,0.23941651070790193,0.7491641182207959,0.5174272516619902,-2.0681352016761636,-1.5017278193060244,5.5156753169173145,-2.455603280954474,6.487974585735766,7.8418298922133545,-1.5590360427072203,-1.0050296764502074,6.650664247895743,-6.169823855470195,-0.34755987547256295,12.810126670270824,1.0292978100937327,0.9149327066998978,0.6870724298498825,0.5499999999999998
0.5549325258032897,0.9096898024040112,0.7308983045373254,0.39046972883307507,-2.3564940038670796,-1.6685034064770696,2.6272702234554326,-8.518808235986175,7.124866185845029,6.395948515420653,-1.7932164961052588,-1.4004845504651877,1.7695333334436976,-1.2149048200025323,-0.9761394926007937,13.516947695416727,0.4585737410611374,1.12043982328363,1.0525341354906834,0.5700000000000002
0.5026800866075556,0.5639365493167557,0.5613013544675169,0.4793003491326109,-1.6939737177755236,-2.6081744437700145,5.516949900700683,-7.379900670491284,6.304163513285718,2.5886656674742703,-1.5661473870099134,-0.7419531532397213,-1.3182116549128224,-3.640264947290567,0.1432679568852836,7.2216579611844285,0.9776358320300935,0.3899231512043304,0.40614754261073477,0.5900000000000001
0.4200601917072744,0.35664030153421256,0.5970620195505099,0.549074144652995,-2.3823132754785643,-1.1017775249620634,5.622181322232622,-8.148905727754972,6.138399013602526,5.854056853607245,-1.7986746978206443,-1.1862984010800453,5.53853565620166,-3.208106278026644,-1.122743826906229,13.472663554903635,0.8686145747468138,0.5198562463335179,0.2387897945186033,0.5399999999999999
0.6099294626032634,0.740085155702792,0.7007938004249634,0.6206258792011105,-1.5269571835123166,-2.035086992066909,2.3336248957988044,-0.9768113292240055,7.6539549285950175,3.5701503655022897,-1.779091277101291,-1.0454798409354527,-0.21349609371593026,-7.161727436012776,0.02652793547268778,10.222768832285388,0.8342137984320986,0.7798256808614241,0.6515884497407471,0.5700000000000001
0.6031490477469446,0.6583717876381084,0.7566178211959403,0.2552410166222656,-1.916530824009211,-1.991082200705509,3.7411581335475437,-9.52336642519908,6.571867926496369,6.158003895017897,-1.3636185617565442,-1.1086531434636013,2.6903063395428943,-6.720746180096666,0.07690234340773344,13.015950352581267,0.7395486600589185,0.4914041910984314,0.09510053400655165,0.5900000000000001
0.4889048579070714,0.7449095303073632,0.5115810151840277,0.48763255757726276,-1.9898595415771978,-2.598473956838593,6.240242082882433,-4.033357911006521,6.674959957558549,5.622283220216596,-1.8185854400409012,-0.5040094645218546,-1.2721278385939485,-3.285570115227875,0.7819763525146441,11.516822808254517,1.006937194022169,1.031889900715291,1.14194639194891,0.5900000000000001
0.6570087679635109,0.7130287852378564,0.20701711101753048,0.5316464575114764,-1.4593827482863146,-1.3234676703580794,5.908832192387772,-8.38131493827532,6.630410793395227,4.425878838846294,-1.292106778087704,-1.2951129039175917,-1.3528439828759893,-3.8662791861912815,0.0517762702378696,10.531187279565998,0.9247877152162245,0.9052808573263177,1.1860721078965588,0.59
0.7630883441039853,0.7650698119057742,0.4491922915380498,0.5982237449674717,-2.2763061231011568,-1.9756039247511539,4.906454195272906,-2.238909882859458,6.606218824911439,4.54680998458518,-1.2449242647813663,-0.7310683521352586,0.0004204520575364912,-1.5509533467385204,0.29416175223601626,10.92127977979721,0.8791508459845172,1.131670284077033,0.5520156303082745,0.56
0.6333446748131011,0.7926526215868848,0.6528012014222093,0.35770412124196094,-0.2717456872078864,-1.7541442303210633,2.058362726244287,-0.4026863672300811,7.852804843573022,6.736893233526852,-1.7450546802329663,-0.8490507468695724,4.911565486181521,-4.768075100585531,0.11939092589769709,8.43167013862625,1.1711431452111707,0.7776658209970682,0.4376349638144961,0.5800000000000001
0.6635250231508449,0.7202220953164667,0.7362100470047098,0.2690421350604014,-0.9211102416966166,-2.8838901512801662,3.647960479904962,-5.232018901421274,7.579184965108429,5.1252112151368845,-1.462147688253317,-1.203975271072568,-0.7556544923895436,-5.920002309111929,-0.5031511573271481,8.87702689096866,0.696686363999979,0.7187733013376912,0.4957844536339883,0.5700000000000001
0.6942514476617215,0.6228901395936973,0.3449762753195323,0.29937985495562697,-1.1530144156588051,-1.4216227639116512,3.1362631500302247,-5.5665614149526865,6.061694810708751,4.997923830589652,-1.4647459264913387,-1.1169267867907597,5.6528329382746,-7.74916190741597,-0.5384624894619834,10.934000015801468,0.8130374375433372,0.6141137691995213,1.0362610557451082,0.57
0.7940178216661572,0.6853560479906042,0.4166274180315974,0.7222973882821455,-1.901339622188439,-1.0660708640386467,4.540152841512057,-3.009002410029785,6.241115918312715,4.424139140958458,-1.5825374448379683,-1.1077262660785137,0.6628622420881294,-2.886031365846751,-0.17371774640887858,7.351315628818805,0.7863671549219333,1.0375274445151546,0.3799658616834592,0.5399999999999999
0.7394581398892287,0.8274859794064036,0.7425126328901853,0.5942206227165097,-1.948424576533855,-1.2841225556324696,4.759665116571981,-4.600298516188702,6.066525344780509,2.8342511296811375,-0.871018185085048,-1.2666020301101637,-0.8647901937638711,-2.3390167051551307,-0.22662073247670342,9.572193706716481,1.0515935588774243,1.0969133851112536,0.7808212615207422,0.55
0.6644396443747959,0.6642385600665166,0.3205299287133315,0.6303406024062885,-1.2261583329134127,-0.7510871802034336,2.6515838782045407,-3.4462390944443415,7.879403004596514,2.3781190675748927,-1.8597822435084732,-1.599057664679869,1.1737578191006008,-2.532783496996728,-0.6019767993839195,12.784783730191226,0.979999002890535,0.6256237032249732,1.1194847746185834,0.5800000000000001
0.5501679926015037,0.8796875436981794,0.6571141705517558,0.7501375000079304,-1.6473045206172223,-1.8983206636168373,2.071398626665759,-5.02924035390713,6.111049738863707,3.0923524384059022,-1.6832366960205054,-0.8559401370427735,3.2291786121852715,-1.9711240077242986,0.23862922574311096,11.9003819468911,0.9460542737462635,1.104275449161268,0.9509029123965178,0.54
0.5650208898802418,0.720144101375909,0.5786905887044663,0.5456723807300611,-2.176030322377676,-1.3214588682690969,3.0393470376653915,-5.485642405691623,7.502863064357643,6.869233518405974,-0.7230321234116506,-1.5673339201427126,5.801097589112094,-7.415007073413145,0.4014040154978064,12.008178195889535,0.8658706997255456,0.7919127703088368,0.8464590563619344,0.59
0.7475907062571316,0.5552233005071258,0.6250016805486711,0.42024506782756094,-1.4367576840513967,-2.5377320842072226,3.020142848903417,-0.5674717795841842,6.09915397417818,6.006746384842335,-1.1961890118954115,-1.4532947634497906,-0.5599373380528821,-1.9326025833354,-0.281005156719193,12.171758517951965,1.1468472022652831,0.5435932866986098,0.4092135200054825,0.5700000000000001
0.67213983697441,0.707764252153072,0.6383573235387611,0.562750428486748,-1.6895824667878405,-1.1450539360490093,2.1656722333812857,-1.7876437471974154,7.135858664086056,7.645476817016093,-1.3773876944568115,-1.246127233928101,7.558436202872014,-7.9041842449792075,-0.791295421972649,13.814082301134048,0.7110739875790327,1.147483256251701,0.38200232875535606,0.43999999999999995
0.7671619601839965,0.53229056438887,0.6622403735585449,0.7543894945399225,-1.7371722649870334,-0.9641254507569409,3.4058221994766096,-6.896958347974223,6.796879531762814,3.0403897384398784,-1.717845080842383,-1.166969962297694,6.18917079943205,-3.802404515251311,-0.3157758760774552,10.820621226190044,0.8458075478714543,0.5500534506882795,0.4523542884692715,0.5299999999999999
0.658992314332562,0.5687971218587895,0.6795686019362268,0.37021895673208277,-1.9797440719218564,-1.5429751057025134,8.282706177369608,-5.155740746822742,7.920169372183493,3.502245154032482,-1.6988100846826668,-0.8806257966950579,-1.8661039310493999,-5.507590928899251,-0.22680065601147315,13.5786710568577,0.9483588940509087,0.9235212518213524,0.2248258295712896,0.5499999999999999
0.5764948603724813,0.8285557342644989,0.33265918308745873,0.527121909870551,-1.166294567731578,-1.680071485701208,4.6668259338829055,-7.56966784906918,7.060446745426716,7.580202648152815,-1.3756069111607818,-1.5006827683580561,-0.5432043115217282,-8.986636589140783,-0.5431971478368929,9.471527383043803,0.7870088917175837,0.8707811988159734,0.6644278056809781,0.5800000000000001
0.5677048274497143,0.6213245414397413,0.4187376220218606,0.7699585835808664,-2.305462681610601,-1.8637015744292103,2.986668296856542,-0.147913593122862,7.519840525955799,3.5941594134063415,-1.1688460527523232,-0.7928092594624816,-0.35905771989350455,-8.792313624178933,0.19366331856825902,8.752324216938199,0.8177750791545477,1.0435343229250178,1.1310543203519734,0.5700000000000002
0.7563242241809008,0.8514643777270205,0.28222098816162094,0.3253040687860835,-1.2857576461209552,-1.996812676068556,2.840195734617368,-0.6601131912840352,6.350186996491497,3.4758352254696705,-1.7267710382597332,-0.5856819307749221,1.911926762006094,-7.337803210125612,0.5685292999375219,10.747884798047753,1.1003914358064002,0.6820704545395704,0.6601372315705585,0.5600000000000002
0.7391303866481382,0.39578237617793866,0.4784680219506616,0.47166280215169315,-0.5401963123313299,-1.7187585540343995,3.059117435116444,-0.9974043267209918,6.670997146502709,4.1344492974248555,-1.7066903305395216,-0.9379092006186373,8.684266390132233,-7.501252299137917,0.18537403502105765,9.500797744205252,0.6775252029306791,0.6593274451159901,0.38662356454483726,0.56
0.6419720272545931,0.27145828897776203,0.7437449543646601,0.23273921409174586,-2.3071996209321393,-1.0492836757207742,5.72121827107134,-8.206671109298993,6.761250214647966,6.8928358666033755,-1.9847862660468527,-1.0956641688183562,4.216213433771818,-1.946226563064784,-0.16854654617788012,10.27488764873475,1.178037114323336,0.6311298475274628,0.7354311752970094,0.5599999999999999
0.7444238685610303,0.9057017373605981,0.653296635182181,0.24308214978303727,-2.2032650434149668,-1.4154662157601083,2.9504421274587256,-8.252804568768102,6.880180119260314,7.619483826817888,-1.0589498644220932,-1.1183593042723248,3.505079143782766,-4.867461397514362,-1.047706226006014,10.07200587205183,0.6704161671138913,1.0040582502467863,1.1085397656972145,0.56
0.6855943461272984,0.709862387850367,0.5523761242075914,0.5820975717015694,-0.9438174603047338,-1.0763470428724409,3.999405101009146,-2.9466860858595916,7.328185897702601,2.8580693816501523,-1.8678742421829637,-1.402677032685497,4.31922731928584,-8.184962057774802,0.001976390474482781,13.605890469333627,0.4600447765807845,0.9139819650700358,0.6580633094146382,0.43999999999999995
0.7950361792678807,0.33951998270927747,0.7647279200726442,0.644356752732964,-0.4584566537418862,-1.7387358266765198,3.6396483133676294,-4.664423309223449,7.246485267641285,2.6975637848337066,-1.3948409783243578,-2.048995950723477,8.113052185987279,-7.873742335593572,-0.012847600048952579,8.84847822216767,0.5170650412106528,0.7702999308722548,0.8564817485482743,0.5799999999999998
0.7843277144456228,0.5460374120079196,0.5168204893780056,0.20485025443366128,-1.1180531496162982,-1.5764771948465457,2.5972414186765023,-7.2776447741757675,7.847214117614639,7.861595385635917,-1.6594172240616907,-1.0125737394029024,8.720126743201071,-5.042925087632442,0.5774434175865877,11.157747377200872,0.6828925229539344,0.6140177527081252,0.5156601358451768,0.59
0.6801282795506598,0.7156714692760034,0.4037480528777752,0.2873369871705072,-2.4468727531017684,-2.6287820639424426,6.195458322851812,-7.567611598703495,7.601445621872695,3.735752909403609,-0.7836377316702974,-2.159799942301756,-1.8547399325985356,-6.745308742548886,-1.0082140537069906,12.034073538659726,0.41223260958724317,0.7678728905835404,0.528618005036654,0.5900000000000001
0.46211352442949016,0.4515810794276199,0.6023673579023532,0.27034309832950093,-2.2144732389377184,-0.7742522173018482,5.304181981163722,-5.484949075226028,6.268484576152423,6.445415998681948,-1.3415215281422657,-1.3694708599155667,5.505512184908579,-3.1386128494426178,-0.1975724707503249,11.778871219867,0.878810338321901,1.0680035537601855,0.6429359768097908,0.5599999999999999
0.5989559979116651,0.5908219764025859,0.3250792438691595,0.626213155301153,-1.5796436367391058,-2.146313011854771,7.908986098948017,-10.391927579383779,7.492863037871023,3.122942576949783,-1.683834836524346,-0.9072825898755595,-0.8821802281885989,-8.122399779110328,-0.6728372110873719,6.149214612302166,0.7830738516088603,0.5179298137001109,0.9717917706292396,0.5800000000000001
0.6106853474428118,0.4880440074018349,0.6494271881872302,0.7751909355609351,-2.2824773158652696,-1.760661731739326,3.9577883090205503,-9.71493248135427,7.050376433229841,4.30421852186038,-1.4844274612050987,-0.7499151765876682,5.942064251585991,-3.7666213595663107,0.13778248958585054,10.107894502139894,1.0189410640550747,0.6962686991659963,0.30449090517046806,0.5700000000000002
0.6835153615296345,0.8504820663292607,0.6716725798728926,0.7496628022051023,-1.0491747075038695,-2.494352139234016,3.1288354199385244,-9.859069857010175,7.026688999285143,5.0030009505499935,-1.5474018962995224,-1.063693273051973,1.472669093472883,-4.574055058667065,0.7369942135968547,12.571261115012774,0.5880420360140891,0.9424681727712635,0.2835088892008084,0.5800000000000001
0.6422901425217049,0.7027834789540119,0.25704329008246496,0.6696671623859726,-1.0941836193821313,-0.829946946303368,3.5991835938518837,-3.986122726812091,6.531510354255498,4.085851101136242,-1.8231665188812098,-1.3774441305978185,5.632690596759572,-8.400753113748546,0.5452018613740643,9.16682867688136,0.7278709087010623,0.9915103895384103,0.6884591022734178,0.58
0.6213000333618205,0.8372554437902237,0.4437380325495387,0.4765897821200701,-1.9383665082755113,-1.185063579531726,3.4753680421804747,-4.39291073556131,7.556986168648265,4.473749485278172,-1.4247854190811715,-1.2338507714196572,3.1216236557965504,-6.390940175313251,0.3279756443526329,12.141023657075657,1.0255470565318008,0.7968591064922634,0.9471492021250478,0.5700000000000001
0.7049192577550636,0.7140406260495268,0.3728048128195618,0.7087019427963073,-2.036272014594284,-1.426889427930018,3.9162161027127045,-9.923959573744966,6.290581985744474,2.893115193725899,-1.3777842475595488,-1.0741684747248754,-0.40814335527279066,-2.062741285411946,-1.0957257184347267,10.414109384887384,0.9231408485150883,1.1423248280560525,0.3850186682787855,0.5399999999999999
0.536007836669849,0.6969971052357029,0.37430176234630586,0.20657479953170352,-0.9344844504050024,-1.679666603504866,6.174553383928663,-0.7458460951367472,6.119650794585109,2.5285253616800363,-1.5788069697217233,-0.9542119470190898,-2.707042610146327,-6.646500095636233,-0.12787210121913795,12.353464160764943,0.8821840770183461,1.0876603889486638,0.9987115602524367,0.5700000000000001
0.6304810864825189,0.4229423274875337,0.43505457366499356,0.7518677626392181,-1.3637859887354224,-0.8488078083096228,4.987519959471514,-5.254633848762629,6.1277116841748445,3.6526156065969637,-1.3810567626074624,-1.4087081721081758,5.794977438783741,-3.733541180836247,-0.5716023659077996,10.838300418975457,0.6005497928997998,1.1460358431697224,0.7222411367310169,0.5599999999999999
0.6924496336894879,0.8252754023788887,0.5601603119139484,0.4074446975265466,-0.6544159150755268,-2.0964179469681588,6.153190704313128,-10.66435909442816,6.115331709939622,6.743171001277663,-1.940294056388098,-0.6436190265809894,-0.9715484122034167,-8.233561004085669,0.03428297621322085,10.995977836560527,0.9240040048233349,0.9558049740664265,0.3871605300884082,0.58
0.25113383215838864,0.49337506881138776,0.49222986503953753,0.5941187188382986,-2.2174473266812527,-1.2714686866416836,5.75690794188994,-3.3877522333272823,6.81458499520967,7.4486626884654825,-1.6297448046259546,-2.0420826084492067,-0.8281208352834799,-2.8820728946574343,-0.21486346063999467,8.86200176057,0.9865456809698498,0.32037702341564045,0.7767637847144497,0.5900000000000001
0.6284047875586045,0.46278975890389434,0.25232545161623976,0.42675412101521576,-2.110994793789637,-0.38758866415737264,3.540443429202174,-1.7636006192345404,6.09691986729589,6.920391177949518,-1.7208938768960007,-1.628529858227348,6.731175520794413,-8.370044885526566,-0.5258580288529328,13.812882479900802,0.6691652786846363,0.6104298752796771,0.24398700327160633,0.5900000000000001
0.7592169715428586,0.31913913075542594,0.7392563898464719,0.765860393976789,-0.17780547068089736,-2.3781756577456172,6.789404555607766,-10.697374353593927,7.163438537676887,4.621829799310428,-1.9419396512923883,-0.9663954789739984,3.1335626856645624,-1.4261536530027974,-0.43458141051256194,13.47280437248424,0.5961274633429854,0.9321067507032755,0.47113037156454673,0.59
0.7001527488932766,0.6896931957081125,0.3576901100788455,0.48985876530235306,-1.824058877100042,-1.8359595349526978,3.093813636257768,-7.016703179794628,7.72548129716632,4.871526638420756,-1.926781001808359,-0.7839392465836337,-0.031358523044408365,-2.9024283016175265,0.034541129445743946,9.550147445532701,0.7814078752937507,0.6754437410745557,0.16698369835565852,0.5900000000000001
0.45073748760735993,0.42405351004233016,0.6872771482029723,0.5690778419045969,-2.2454734838419528,-2.008935072159513,4.5067827834487755,0.2399107245214669,6.208042022977676,6.584901930614349,-1.6295671194106067,-0.7201827554761048,7.083991551581464,-2.4705744051378256,0.5370099912624706,12.31808289606651,1.1742496840472574,0.44212260385668656,0.28171120740380234,0.5199999999999998
0.6375266181765682,0.7083711072103664,0.7290472730182119,0.506117311645711,-0.3440104927426546,-1.72299018507262,4.164698062493712,-7.47358562967965,7.480446643506481,5.957463191689637,-1.7190332680034524,-1.422774713952934,0.011921117780179236,-2.370232142094282,-1.0240251332470152,10.789310863396578,1.0879444993973733,0.6231209697012157,0.8176960175002913,0.5700000000000001
0.6375228393048511,0.58700501576927,0.5854314229033842,0.6466923213771093,-1.877715166615741,-1.8110204863936592,8.613672970326078,-10.327509734562533,7.519867128517,3.0224552503663196,-1.5631011190599484,-0.8028838190135447,-1.7615680965664766,-2.971832524561087,0.19978643692450782,11.740731844269488,0.8401075638079909,0.7180367686100467,0.3789168486123081,0.5399999999999999
0.4984908753033629,0.6205849172509237,0.4440109331227938,0.5627947615157665,-2.2766529679745244,-2.02525748900153,9.060575830252638,-3.1410113769840136,7.888275719331315,4.4096632345811955,-0.6655785740801459,-1.4375225985404185,-2.408447794299351,-8.460905944458146,-0.25653651805683814,13.751029215974224,1.1932532228787958,0.9021407885143922,0.11396421772283699,0.5499999999999999
0.6241524959643853,0.8082746618226333,0.4095725489510282,0.48867540367703877,-1.5731829770907972,-2.3877718024253967,3.5774457857077517,-8.04444882059687,7.9052522183920635,3.379169921593543,-1.1103091798415607,-1.0441398451047204,0.5719506797006121,-2.241760797298294,0.6311844316583954,13.954618406480783,1.0744317723674035,0.8286774626947147,0.5822106986004585,0.5500000000000002
0.7988294091223103,0.4758142933213384,0.6351512703599457,0.23979364378093904,-2.455802469260322,-1.7849735401120486,2.9415603846829055,-0.5676439393162611,6.9586301472682965,5.1003440896874155,-1.6716776150047983,-0.7930657158542678,-1.7502585529010033,-3.9920837986778523,0.3165746503828788,8.025929836309558,0.6408338004294725,1.1794936513059784,0.8467476364928761,0.5900000000000001
0.6014117101398551,0.5287325062383709,0.7899884915358869,0.463093949954675,-2.1607728450903183,-0.644664749042249,3.4873907229881884,-4.7815039107407085,7.312550977698418,3.525484163498067,-1.2354239600185262,-1.426316495261735,7.581436197424614,-6.375699331912388,0.384451642638405,8.694687474669566,0.948942600123918,0.9084223617756129,0.3239228286833485,0.5800000000000001
0.657453584928957,0.7014290814764419,0.7576064648471996,0.3073775637951608,-0.87735463180417,-0.9361448093755542,2.8229076306518315,-8.855272678394819,6.8052349862428665,2.1887707702861987,-1.477271264648884,-1.6515620151695363,0.16453074035801363,-1.1254574640982424,-0.007581062099310865,11.973299183633188,0.8796457784751219,1.197708235944428,0.514023017034874,0.5800000000000001
0.5234900321377077,0.4935968389168913,0.26780607185213,0.4423215558005268,-1.5836232612567716,-1.846221185241982,4.8584851930256105,-0.9671119231461476,7.7052548226937025,3.5250715854887362,-1.6388493692901749,-0.8452004339713912,5.756422991049149,-8.762693578288843,-0.7424008569312074,13.776531599249267,0.7440102367537343,0.5264572639181317,0.22563490836826208,0.5499999999999999
0.5473235009295825,0.37616596954542314,0.7509320014822761,0.41519378588405675,-0.9018148006488248,-1.0283400911077498,3.9869016345433232,-1.2274887096134668,7.022458613756052,5.777653908701733,-1.9505802643075048,-1.3778927421047937,8.077640737304598,-5.057060043756709,0.30569209966692207,10.880142529790524,0.5296545521563122,0.8989334240316699,0.6786240455731634,0.5199999999999999
0.6013093753192447,0.30047556877556225,0.44608852418062356,0.7961828237560831,-1.1713133799949562,-1.3687943003371503,5.802709090605666,-10.059513829022992,6.922997264907067,6.150367960564287,-1.7613018410645913,-0.9544984169213934,5.349941585764917,-2.344212161395001,0.4868268007336969,11.878133969713975,1.0621458513030224,0.5827173756523768,0.8743117315509572,0.5599999999999999
0.6138172963558313,0.7006801436709577,0.4220857889470463,0.5012826377070507,-2.0224225413774093,-1.4478668923099884,3.08019773790657,-4.417302869327649,6.16254265556191,7.470872631402399,-1.7082371870712223,-1.1050411334093664,4.404946898250731,-5.297695834262528,-0.4657757396519071,6.358327064329783,0.5751979206869846,0.9450073918752826,1.0884364733626457,0.5900000000000001
0.36538173204862023,0.6529510445106378,0.7787103818236283,0.32015757279709045,-2.3854334842500586,-1.6276096710053207,2.1508748973158034,-4.438778507472394,6.895475001985429,2.3534090323662613,-1.7346521082313728,-0.8963663383976797,3.645797260638669,-5.1610160195603365,0.5470200557785064,7.250284166053628,1.1524630640104445,0.5735618988275862,1.0391444641656498,0.5700000000000001
0.7900583850541878,0.6604291475252385,0.2451403066192389,0.46879267563324795,-1.2878570682963093,-1.8206489227045592,2.376752766141138,-5.568725582867773,7.742270506308204,4.876016303241178,-1.6106991042673136,-0.7873937172573866,6.23153236513864,-4.97149722408387,0.050766953984722585,13.687750856275056,0.6960580434655665,0.5126634876962588,0.06151852199859098,0.54
0.6529581503183388,0.5120996510060593,0.7971991981095475,0.5730000238035671,-1.76639129858416,-2.259834650466827,3.610035290677009,-3.799692285588161,6.412606157664501,3.8870941190781894,-1.1250361155493582,-0.7983836546070451,7.119084878293101,-3.2314689311760287,-0.0048778908685920275,10.26268565432763,0.90150210329643,0.5411273126020351,0.6984946411278918,0.59
0.7918514351323711,0.35439621600584764,0.7565828526307464,0.442773623414726,-1.1033137313066352,-0.48126892563934054,3.115785306318545,-8.102442101948329,6.744670026887297,5.264737764975683,-1.9994863581484044,-1.3288064373633044,9.113181477883732,-7.160167828315863,0.2854873869679573,7.414229065983123,0.6318280899848561,0.976682816327004,0.2895198807938151,0.33000000000000007
0.5108684067526452,0.7962653547250108,0.7837153522112462,0.7152328276361078,-1.6745735547331149,-1.9647488647368045,7.832199620108884,-8.346450301569861,7.4321148256244225,5.853429323464676,-1.0523808433865338,-1.3316431266108997,-2.9317473966976872,-5.920738221353458,-0.23181166691692967,13.029900676324027,1.0878707494918014,0.9744141009668834,0.2080178918258444,0.55
0.7933502969252851,0.7668659366539639,0.7093048745176656,0.707785995221826,-1.3270896865717994,-2.319794881819363,5.285098922692314,-6.129554746031721,7.650422188745499,2.746993270056748,-1.418193692297947,-0.9049700438136974,0.8502319386137582,-3.7234853199199502,-0.7091635279602819,10.197762634371228,0.7019434290883584,0.8463548089249138,0.6657997514173818,0.5700000000000001
0.6410526428658212,0.5347500294937144,0.3716122509845572,0.6279137308543628,-0.2423358360085781,-1.7660653178137289,4.100583366207439,-6.682685755589578,6.175237213908208,2.92251694561923,-1.5081532717534143,-1.621707892750829,5.49946170591168,-3.8159200395239035,-0.46743558415659736,9.456943431458777,0.6184352416362138,1.0291967030687381,0.8876957784954241,0.5900000000000001
0.7447897913600039,0.8374793372211101,0.7686842797038324,0.35381548357323234,-1.3197841458807729,-1.4788300572563051,2.910018127134143,-9.0741868193722,6.032205644499838,7.353931333773506,-1.7152274474413756,-1.0802810102351008,0.48551688796835285,-2.221317588392174,-0.23546801809703555,6.959838941620339,0.8575741107130832,0.9111058732083483,0.5650892942045117,0.55
0.6620364039067703,0.7461561834251821,0.556860434641719,0.775379826083144,-1.9250680598165153,-2.0760442332695974,7.846231018911967,-10.11993476696644,6.840211364906448,3.9191801579089773,-1.652914307079334,-0.8385074093965448,-3.1640590211996678,-1.6480824462864552,-0.006727021469753694,13.563137566481036,0.9475589896800174,0.800157464107267,1.1607341911759868,0.59
0.5220106149940095,0.8268754153722562,0.4583709159065485,0.2017425136842766,-2.07305023789534,-1.3939284987460514,2.545324838816028,-1.3004242411472173,6.304497239247859,4.469889079932856,-1.7900619729966443,-1.2286508939419998,3.869593451604665,-7.646070107762026,-0.6917137988005739,9.999103962331443,0.6875177031744347,0.9772495919925441,0.9323376972036747,0.5800000000000001
0.6460263379903304,0.5150785628241679,0.4401795634560454,0.6287497344240645,-1.4115337537822046,-1.4776672529713715,3.8353281680846196,-0.07997027837551363,7.31892515770121,3.581355473422912,-1.8492213605714685,-0.9811328764177853,-0.8948995093525878,-5.965211340615939,0.5169943082582216,9.726912502304188,0.890931340262128,1.176589539087277,1.0006023079238464,0.5299999999999999
0.7377249046798412,0.2747055846346724,0.33763490195246504,0.2958427640776328,-0.3994000807804814,-2.5084558119639544,3.3107300511102253,-5.841501928759903,7.379976782192285,6.020341049868689,-1.5524998940939376,-0.6787697863029198,9.559751534576247,-3.9470596543796925,-0.33358598471209755,10.043048325526009,0.7797287939800994,0.700688543393546,0.837147939826901,0.5799999999999998
0.654467605321423,0.4899816854603216,0.2789586901258977,0.6414028200190287,-2.4657727669115044,-0.7349895457633754,4.158090498098774,-7.89720480222071,7.562287313681035,5.8733134064235255,-1.0285599299061092,-1.4481879487418658,6.582165665117832,-7.688187086688528,-0.3433136283514789,10.329544645607964,0.685508963111424,0.6514907165860301,0.586102449083319,0.5499999999999999
0.47840372130415987,0.7831255706855846,0.6604030169189461,0.33825682551478053,-1.9906708624171068,-2.2738672735787064,3.2121503874805426,-2.5060924656666375,7.33227376855585,6.792809830024266,-1.7319881809646533,-0.6134605235900604,2.767414482876206,-7.180582527955336,-0.42431714925199193,9.245395325680647,1.0178560504079155,0.896935234043741,0.5082277298016786,0.5
0.41879634112871544,0.8806913225009081,0.33368964444690585,0.6102265371631012,-2.2564670426088926,-2.3083198710886075,3.5943595981182144,-1.7335036966221873,7.306626028755144,6.0609901844154885,-1.2954446613362214,-0.7829751437419188,0.1311597133516662,-4.870996632363041,0.6393057433746081,12.362833770304952,0.9756599718998875,0.8546907261409862,0.2854943220245752,0.5900000000000001
0.6702270987886544,0.8779150450937335,0.2693419552465077,0.3581720703743818,-2.06245870949763,-1.7029062366842098,2.7361553726577124,-0.9349145690109063,7.434688910158486,7.313427526135694,-1.8377200632665451,-1.0324747879800162,3.321823506904004,-5.423434807843751,0.10851875006636674,10.342052557098125,0.5121119649254373,0.886845416836191,0.3415127878125215,0.55
0.6647461821718516,0.8636700931183148,0.49983414817010124,0.6685843007283205,-1.253544904479525,-0.9058393573446535,2.5007463216153347,-10.406550453547661,7.384543787939775,2.9124353248354415,-1.5410398913572048,-1.4554540757651953,0.8037254840364787,-3.837021887884654,-0.6893548491952743,13.054603159879923,0.9657819916843599,1.02370647131036,0.7441095301728569,0.56
0.5405563013302495,0.7759769954663145,0.6979109880553097,0.5638369826990615,-1.052126606408308,-1.2335500074111396,3.2739241920485895,-11.068682249965674,6.756001247951778,3.4572773425264485,-1.923794461982073,-1.4123214649087035,0.1194627589948451,-4.603184483447121,0.45489530549999324,8.24011950870096,0.6992022968623377,1.085159003901454,0.47832409013248867,0.5800000000000002
0.6721021789692371,0.4082000709386214,0.5401257349050984,0.23487795344060103,-1.5960737242486347,-0.23487923916318154,4.5700303515530365,-6.838587029654176,6.247520604677604,6.432717384613857,-1.8437599135513723,-1.3817687257383844,6.465290539060021,-8.901163231652651,-0.7223377801742388,13.357772222946762,0.9690204357056418,0.5386333015599426,0.5918356751550893,0.48000000000000004
0.7482570129941344,0.6704005968888477,0.6976753327659951,0.6572387755210597,-0.2544928895969434,-0.506188874520684,2.359160813140715,-11.682873507640416,7.235985777166079,4.689832157874585,-1.8653201532348123,-1.6077801562334706,4.978365770063018,-5.475327473928541,-0.06306885651602478,6.2915252051399335,0.9942409725490255,0.8997232162766327,0.2994556123466031,0.5600000000000002
0.5414251693145191,0.4335845097966397,0.5377112489705519,0.4744021713045664,-1.8981776927180034,-1.2056525618112994,3.795183291279538,-5.466218617481656,6.41904130514045,7.081078387326981,-1.868444895264788,-1.4065530122613914,7.558350197642712,-7.142368730451192,-1.0375848085462667,9.608705173587238,0.5541653674537161,0.4954012077171218,0.7684393284007545,0.5700000000000001
0.7178029740028147,0.4969723432863299,0.7589247644957575,0.7972799257177726,-1.4027319483695175,-2.1180639226684734,3.482144793567365,-10.202098482525981,7.441250974320184,6.031046709160462,-1.2879249179432761,-1.8724997895815156,-1.298416640092812,-5.848304162977675,-0.34097430458504546,9.41991628304007,0.5369452949674882,0.7583967899700926,0.3828660859156365,0.5800000000000001
0.7975695284598969,0.6137715496473976,0.5964551485520843,0.3436352469611464,-2.163032449454154,-1.5304606023857208,3.96181852574905,-3.761879542379482,7.727329793447606,3.1429476957809475,-1.6590796659372526,-1.159708079751078,-1.3203586510273824,-3.3089884720501894,-0.07405708935349431,12.85443321643152,0.8097614901000397,0.9464963889578957,0.6054779955026328,0.5500000000000002
0.6002574821823616,0.7534049773874575,0.5425595900811597,0.4156821965837775,-2.171216558070648,-1.0094248759010274,2.1941779625956412,-8.359427473997869,6.505255970162223,5.443620578175745,-1.4167935378900276,-1.25771907037187,5.989013091206247,-7.350615119202002,-0.7200695948764346,6.378657821225058,0.815349630589469,0.7840545574765715,0.8978892196963457,0.55
0.7134510077580895,0.6212931230976794,0.39787668521050307,0.3686266336873559,-2.4054219996095836,-1.8061911665976353,3.3707844685942296,-0.26184916329530084,7.077568843478577,7.530272304521339,-1.2149540515739303,-0.734435056586893,5.2501607966247885,-2.952607520650412,-0.4352458645824577,9.640123388261415,0.8409466542476902,1.0143383694522106,0.9976446881479831,0.5800000000000001
0.5683102998112672,0.5385930811642315,0.6389217707204458,0.7492163562625191,-2.3850995592018673,-1.6984774888959902,7.155955549312168,-7.411139442005743,7.341991072227279,3.8055646310860545,-1.9796618811656346,-1.0110550375384109,1.1754179931003486,-6.191485021968081,0.20846463543006147,6.115825045335736,0.7348008829186248,0.6641370933218442,0.6867114646043638,0.5800000000000001
0.6103504883325082,0.49962157962174863,0.6848366657602536,0.5591434979761761,-1.3276137332604847,-1.3819677500212446,4.510466860624345,-11.092756021615454,6.712435217013182,5.984393346839069,-1.9945790642613592,-1.4060913466503875,5.892000007584924,-5.873537992032255,-0.8072621106134351,12.087046606102858,0.3048333475897563,0.7973599616335877,0.6798653359495173,0.55
0.7627499491927646,0.6990299296874997,0.4319984662680257,0.6357118209907265,-1.2772528092873592,-1.753379919409555,8.405660983920832,-7.755020254350287,6.724943277086904,4.334066353672296,-1.4881603304062065,-0.9568601668671209,-3.6867809601263652,-2.4368643945565505,0.21149882075430787,7.690573181446284,1.1293487484337186,0.8931026889709837,0.8191295403724594,0.5600000000000002
0.515908231856592,0.8565077162888303,0.35018311109447947,0.7798180589217107,-1.0377194664045362,-1.727371897937181,3.773038034886635,-2.654038306651582,6.592354853637381,6.948208774109771,-1.838878747540429,-0.8711001791695351,2.27240930110133,-6.286472649931921,0.7316526396020097,7.688374675797107,0.9003354910997722,0.8264461791684357,0.8217043541162543,0.53
0.5423281741098772,0.7774506335933592,0.44201943767818125,0.3102618911189449,-2.470443159295898,-1.8073148768822955,5.882523644474318,-8.127126047974597,7.810969257013002,2.896760342732938,-0.9757193469914278,-1.095363759582593,-2.6262912476237386,-1.515320172748002,-0.0009694740127547119,11.598352150835769,0.8089504638797644,0.9226670355909538,0.6489658737118877,0.56
0.5758382128742836,0.7817784974912972,0.5597059151958766,0.2742739795454302,-1.9946259700451539,-1.7212475677835308,3.2388192649303686,-5.530881606387832,7.5876796037313134,5.169371841190362,-1.6717010386469542,-1.3628211512578123,-0.32044185667359515,-4.3597954902068565,-0.640279069429322,8.511192467989439,0.5774930589032697,0.8777289649346957,0.918412805892538,0.5800000000000002
0.674327961627837,0.44602879731332695,0.332179856135307,0.602311917809321,-1.5959135116875534,-2.0635252269148623,9.06352380072564,-3.963232768725361,7.031440511651122,6.1123923409585865,-1.1650189452930715,-0.8314529197594275,0.013022849731758601,-4.6037227240501934,-1.012649752209636,6.987510330203372,0.936977771650694,1.1431640488603412,0.6290140338521548,0.58
0.5549798679528684,0.8042468301917342,0.3332605336855529,0.2377919483706565,-1.8516222334065289,-1.5992449791123393,5.100097939367579,-2.7407386507399876,6.564833691153077,6.582259465369008,-1.1324116763197254,-1.5348365927888674,-1.5100371981118637,-4.49714380177792,0.4868888404582806,12.115895781121875,0.8120004597929993,0.8483735796593405,0.8901845510469253,0.54
0.47846387785644034,0.44219751538644547,0.45845620188458613,0.7031643376319753,-2.1869188591814845,-1.4375819380982953,6.613656420348192,-10.298203213111933,7.354698187309076,2.8984381334145675,-1.1825551420752811,-1.2111448771133462,3.5996519682487254,-8.195726561010089,-1.1663129277464668,12.22473937993872,0.6235598242728434,1.0800705126027308,1.1484261082062062,0.5599999999999998
0.5505719120208029,0.8163749764934396,0.6308219140384488,0.21967120548465024,-2.0169648710736716,-0.8449752145863052,4.333193772906338,-11.878243899047948,7.45318995629164,6.061205429189322,-1.5989293584096032,-1.2602465379609673,0.6088310430414225,-1.7073701920027597,-0.5336891172306628,8.482016051391412,1.03889392398162,0.7155830689995856,0.6370419897509317,0.5599999999999999
0.700332681350995,0.760565569421293,0.6299201173587547,0.5786868914147387,-1.6541617324798512,-1.6862016320039006,3.0956710681887682,-10.242803392570853,6.30874284653596,4.807277163754378,-1.4404840330075122,-0.9638661146436812,3.296143170011444,-3.8473009245086383,-0.3802657602994288,12.682381693945077,0.6382974236507444,0.7105506166248412,0.5135402842931376,0.54
0.7301554656434647,0.6511021532075347,0.7303799978730654,0.5651491223604722,-2.1118491684047864,-2.8605646659679254,3.059488700638848,-6.643315813838881,7.948057327733991,5.712588688499308,-1.7495795182088054,-0.5383351313677044,2.594168014747707,-4.773230346324655,-0.12926663252388912,8.607588145827089,0.7584072039211971,0.4409553408013172,0.5984446544999058,0.5800000000000001
0.696926468667364,0.8181575561281933,0.33508673385012855,0.7706319343173623,-1.692340440783293,-1.9515081523178064,3.0632486126878966,-6.74271403850466,7.765240713342717,4.6697167410865035,-1.1184767916725953,-0.9599292898143882,4.397328347070753,-5.178960884210368,-0.9457811119068428,10.793406244379279,0.830112833351767,0.9898859306060487,0.3042524017662217,0.5599999999999999
0.48497087961495144,0.5372379083678214,0.7474789326877928,0.6201192042740412,-2.3557132497455564,-0.6228500987763539,4.2972765070525085,-9.299509065551206,7.929321963299733,4.07778365938112,-0.664226219540355,-1.73093169716226,5.21843241119192,-4.404381866688718,0.23189378077204204,12.186146789670639,0.9830372877876414,0.801371904036863,0.09228182963389009,0.5700000000000001
0.5592714595201023,0.488396286940021,0.6676379775477536,0.23034803117057762,-0.42065733728148424,-1.0021084367140596,2.816712979876479,-1.2344811092198826,6.368644350166888,2.8261902225014444,-1.5574955809357585,-1.4352203639150918,8.69081656138488,-8.527334077540612,0.07177079685154115,10.002266050003735,0.9452011032864944,0.6917973510644017,0.4929556613293583,0.58
0.7354788169792373,0.7533439909596277,0.5187928208281294,0.35273825204320874,-1.6989875477822272,-1.6292081732113264,6.123488559053109,-5.529221924617574,6.867797467945,6.963206142357651,-1.6332903404080947,-0.8405054952551227,-0.6073083845124922,-3.778209050595045,-0.9702595120813615,10.074428783289958,0.6675084576072412,1.0569043686719486,0.3824524782179687,0.5500000000000002
0.6856947958867217,0.3929297682171561,0.43054510403247626,0.35622181080679033,-1.0125032197613386,-0.9357789506629897,4.055396732070967,-5.418850373346684,6.523773588597957,4.405667571568018,-1.737781061485828,-1.2164440866841133,6.444182534255045,-4.08761024161654,0.3093112270385039,8.474711796713299,1.0670875292622095,0.8808579058993165,0.8699469568829403,0.5800000000000001
0.7681649554631632,0.7274130264384217,0.698524665016452,0.4889481038881661,-2.38941188363798,-0.7657197197734728,2.9998240770788147,0.2486457048175792,6.511254316566162,3.2509269213951066,-0.9471020182701464,-1.5862282642922076,4.282327644424425,-6.369236581869064,0.0306280306181132,8.507471724149674,0.74688023225736,0.6997570580338,0.549140864384877,0.5599999999999999
0.5294968748195741,0.37635902725055154,0.5115986444391594,0.49253366553182,-0.7815910471941067,-1.688046767389603,4.629345452673761,-5.928848106676515,7.252395042732979,5.116421889256702,-1.7564822038771046,-0.867426580390243,7.277812348072547,-8.37131644606079,-0.33347024488567567,6.331505109981963,1.1506969317763427,0.5006047219924181,0.6176590559119562,0.5199999999999998
0.5343086508240424,0.6106530578637036,0.3043997116381112,0.706845269295229,-2.2220622335191487,-2.4548728330626153,8.225528040362837,-6.3524539555780875,6.974763864083684,5.7413075626028505,-1.6515457439539287,-1.3910430300710819,-3.2672214323095234,-4.637646444350688,0.5302502882605413,9.742876540901774,0.49700058101974665,0.5546309016045192,0.6351472407737795,0.5800000000000001
0.6923974322273921,0.8685197049582423,0.3967625479976853,0.25403188102901764,-1.3010285855914845,-1.2063906377893812,2.0682479452923803,-9.941832610386212,7.553621205886274,5.597604391858727,-1.279775877957278,-1.7433616821462936,0.779511969169594,-1.0982095105871466,-0.7582413732948672,7.98108920616833,0.8725100295365995,1.0804212472649486,0.49930623967663873,0.5800000000000002
0.3851418120731291,0.812839365456276,0.5253044383899811,0.4882222639738027,-2.0923892575063836,-0.747284243289289,3.9432977612146987,-1.4144376198143787,6.610266557199803,2.658827075132381,-1.304803238534918,-1.3725139868144822,2.4596700381553855,-5.781870517853965,-0.108154702217234,10.159505709570892,1.17475150286486,1.0272080035886144,0.6588426014504128,0.49000000000000005
0.6355686089487314,0.6583447628604914,0.6140164310602164,0.5881179584879855,-1.231221197862633,-1.2278003217183837,3.2518351145276783,-2.597935498616028,6.49727011675792,2.63190728782101,-1.4021710073282128,-1.3160545124468124,6.676314355975296,-5.056568087028348,-0.8220421101160409,7.4772429254779365,0.6813830487735795,1.0332262717176213,0.09243822271307489,0.5299999999999999
0.6166392626633999,0.8167187165544137,0.6825900843979187,0.5878174315810305,-0.6150361387083845,-2.4744995934021903,2.3371291798626395,-3.2695536142382884,6.4235897214674935,4.279705994108234,-1.955718772407685,-0.6462102148054507,3.711898143956758,-5.954817597582837,-0.20666210129986454,8.013372841932211,0.8950237561789349,0.7275338740510657,0.4055004156257486,0.5
0.7903701226318054,0.43843921731293667,0.34873542614298675,0.7381326894978786,-2.131980510103907,-0.293784989968569,2.9467351664167074,-7.560934138227459,7.51693042494475,4.448099599102366,-1.0563409496187501,-1.912132103346368,8.880905724614317,-6.9327037959581475,-0.24776939167058926,11.934601623739708,0.2949829709352466,0.8947154123860759,0.5770370339661255,0.57
0.7061333963543116,0.33492637013771737,0.4814318161123774,0.4725304676874518,-2.3040070361002836,-0.46383854108747946,3.890505787936231,-5.802775477980437,6.77207298164498,7.413781900660859,-1.9545523103686868,-1.5458784498326723,7.209955197562428,-8.450538770143666,-0.3525927675426057,12.397379329449478,0.2843891116056231,0.6086722338855419,0.4352747983181177,0.5800000000000001
0.5566380574925638,0.5379721577261054,0.282459740034401,0.5277512014017972,-2.265303195162356,-1.664716366355391,4.305556054173131,-1.5037636420782858,6.030794774509168,2.9659180415456365,-1.2243542074875327,-1.0921186339445905,-2.2387841130700155,-6.095143835848073,-0.1117141552751022,11.678576734176607,0.9939134031460272,1.0305403764661312,1.0075452736450274,0.5700000000000002
0.7885643032031293,0.9233430731384388,0.6628366004528158,0.616944202136574,-1.276194216439325,-1.6405486707998367,2.0161623692636406,-11.623041841547495,7.518895512276242,6.1257383491157205,-1.3807968828945196,-1.1725507299540698,2.492727654264098,-2.0465885706191997,-0.3706150614043661,9.456993985009465,1.099077482506621,0.8600160905776308,0.1827461439834628,0.5800000000000002
0.5454848786520318,0.44661948947167224,0.5712585084663289,0.41496562203124404,-2.400881610927605,-0.6610768653022674,3.0386137427579163,-4.21241533889906,7.004226461038417,3.6886694466762027,-1.1194240992144067,-1.5415879696017698,8.925943342238623,-8.322479694090847,-0.5641795944452108,13.822588271458713,0.5117295422425455,0.8447130430450522,0.23018746392219658,0.5299999999999998
0.646321875035208,0.6755462506311188,0.28026272157348636,0.24354570304448214,-0.793732601880322,-1.2664177758254445,2.8302378119279528,-5.733078211763204,6.407482545310836,4.140071457447844,-1.9204474927253057,-1.0365995609482446,3.4241940053621187,-7.707843830136873,-0.7272154701963787,11.954156109192065,1.0374040040132917,0.5396832640539859,0.4121206850965773,0.56
0.675019744174559,0.6469394905189327,0.5352429752042527,0.5311702143955421,-1.9820729303636722,-0.9545042743516199,4.889892291871323,-8.775337561521226,7.367882619270283,6.547048514107656,-1.4616868809100423,-1.9206202033462656,1.9023139177522834,-6.348659691779674,0.05318639849058382,13.128128781310721,0.6270742543536539,0.46550845679874986,1.0916616648922792,0.56
0.7493222632868112,0.5328472404477856,0.376043452049333,0.3859432661556672,-1.4467857251880296,-1.1875406343293178,3.218495536445761,-4.651497741962356,7.116051603746445,7.702265235581735,-1.3680267776908916,-1.583519309728092,8.10227184767781,-4.3748962281017905,-0.15534202555240784,12.11211915388683,0.39928578981496515,1.057609168233847,0.849188239544616,0.58
0.7705251739342069,0.39228764610699407,0.6922266333447153,0.2642801388327908,-1.7886057437300114,-2.2538455112604248,7.448468407201672,-3.865023480706137,6.105375074096741,3.230028793698493,-1.7974479844204079,-0.5628129227085873,3.8796619005185633,-8.34328641388147,0.24349920151782029,13.572958518084304,0.777953470642762,0.2835181815051415,0.47372183802742096,0.5699999999999998
0.7988208518767653,0.5638045150843437,0.3026339157525091,0.5728037465925889,-1.6910829289936473,-0.46026431891615227,4.184848299513595,-2.7924698601426314,6.816068069370551,5.304455298857441,-1.393839807401866,-1.3298506132026735,5.951899119677627,-4.975464282521286,0.26373134908074214,6.010999987907835,0.8777147946935892,0.7048721159460622,0.1322869021709408,0.5599999999999999
0.6870809185126286,0.8430739432852263,0.7803535359559418,0.45130465315211815,-2.3008343660273742,-1.5686263789110702,5.608846771923805,-8.172120217292331,7.26902172571497,7.9422599614904135,-1.4435729022244126,-1.168287169117489,0.3665184546905016,-8.11603457987793,-1.098607290445853,8.292542089474372,0.44548811851764186,1.0713737246190498,1.1259201272183827,0.5700000000000001
0.7958122140997128,0.4464665962858983,0.4352781234989119,0.658552310751331,-1.0113633959507264,-1.1632893012040126,7.019825297281204,-7.630594024750133,7.059092972629949,6.396643792636521,-1.9425817581578122,-1.0664111542949408,2.4545058486754283,-2.932041552135402,0.5958727210271593,6.9259648736849,1.108023659183637,0.837091263742759,0.1503763962213494,0.45999999999999996
0.597414659907064,0.8520207123131357,0.2899864425070389,0.46618976563137127,-0.6859097001154197,-1.2536883016003917,4.36581013648645,-1.6997631566084492,7.6325981335535396,7.196211940561971,-1.8351318533929213,-1.1476653731329778,-0.8575522537824605,-5.953204837457255,-0.37752555871077215,10.828817800070906,1.0798447911772804,1.1744716373998474,0.5984770776498892,0.56
0.4615818889487546,0.9304888029810006,0.5418882464802189,0.5045910028230154,-1.4230916177407493,-2.0964820705203695,3.5082586849494835,-0.7104278273532953,7.646504103017275,6.2938649923761085,-1.261900482673243,-1.8209784565897036,1.0375651040009433,-7.2333593183720675,0.6520764415469857,12.800883865813784,0.43016446537582786,1.074033846480958,0.898269848506438,0.59
0.7125338308692013,0.8315705236242811,0.7167107815429077,0.20164951629069203,-2.203474025415329,-2.2701467156859634,3.5946910222955433,-10.778613741855697,6.702335621498032,3.118544905642759,-0.9796879972469412,-0.7355642349471313,1.1709325707385683,-8.475426803242899,-0.1454172021531558,8.365041497880142,0.7711864198069999,0.7894081032926832,0.23973657683501282,0.55
0.5220815489053799,0.5146040771446616,0.6943726230196369,0.5666593442275804,-1.4736108462798345,-1.7947359320713037,2.5160630300270563,-8.794831128517439,7.935288087397877,7.888147390116998,-1.7487760442503422,-0.8772546681317845,8.498479121816672,-6.0963928352884365,0.031748073315439385,8.484442487811377,0.9309850716837476,0.5218123345887895,0.7012627090190907,0.4299999999999998
0.7944322408692217,0.37273252030911314,0.7218881347325347,0.5981788176627286,-0.8734625955036863,-0.1413746476202964,4.182162165246377,-10.658559851541348,6.952769646711098,5.312674755192918,-1.3868373126197457,-1.8199351361717409,7.149789517977023,-2.064021302942278,0.011836814919013783,9.106941657297632,0.8963263808491619,1.1259631892242523,0.9483295658124142,0.5800000000000001
0.5289858937464601,0.5322258681411443,0.5729242167228903,0.31680881954666235,-2.3467808440758295,-0.9234523271049601,5.126841463018405,-6.74330577521318,6.852005593534276,4.888065789012498,-1.5785372850305879,-1.2479838200086582,4.6089687504490495,-6.4351053239890765,-0.8327794567417173,7.630185609296052,1.1305719893935278,0.551608288606346,1.0388490072588654,0.49999999999999994
0.7794016310138332,0.6680160344757992,0.6694392636190172,0.5280926000771751,-2.016150143184321,-2.295571475170888,4.388547305300721,-1.7986835880533136,6.967231171217381,2.833028251387849,-1.8358134584199823,-0.8388890375428493,-1.0017516964573427,-4.194655315320494,-0.0509649832664848,8.433502332172928,0.4578942515146398,1.1727170410428935,0.7290296442064479,0.5900000000000001
0.4910730354459095,0.5741358718473926,0.2896664418208546,0.25396020092133403,-1.7221757418049093,-0.9560021864321979,3.364703274480588,-6.044459937652103,6.725888965345859,4.777935874983491,-1.6252496518889856,-1.217220970474795,6.887249497984687,-7.664507382462292,-0.06540751283030155,8.005801706031326,0.9300308535995875,0.8827701760889684,0.5453333515153533,0.5599999999999999
0.7508331312592532,0.2563753260097768,0.7323117358116294,0.22834086614681315,-0.6381588339185225,-1.6442420267516282,4.72993854255334,-8.570581977331083,6.731791409678596,6.991613554161859,-1.7131414290623024,-0.8691787894167715,7.4180850045642535,-3.4199960507454836,-0.5615139667147702,7.913007314593239,0.9760977093428311,0.9937535150910383,0.4861668694210704,0.3799999999999999
0.753824631585439,0.8416100308446173,0.7568204067227745,0.6854531655081375,-0.32154301714144,-1.411125526921628,2.671250679035735,-8.281939084662907,7.422642570224757,2.600269398638628,-1.790234319731991,-1.3113470540272492,2.348301321366842,-3.113224399269679,-0.8031356677680749,6.174825296114758,0.7828023476671051,1.022373608551928,0.6200128442791925,0.51
0.7523855552408394,0.4125933147652736,0.5911472572489651,0.284885675080534,-0.2475619758951943,-2.371965325272465,2.7327580234974223,-6.201210432906018,6.195957807867088,5.825206787881014,-1.63012230362978,-1.2422023828678441,8.232292488585838,-1.1143552554355909,-0.09079348747498062,9.654505748230145,0.5452338346641148,1.0377908450148743,0.9876584101235097,0.5800000000000001
0.29249628538888806,0.6304326554517914,0.4939950025391598,0.6527929753201575,-1.8924579181832464,-1.1142634316682556,3.5118311429406583,-10.94972218337361,6.860519210375145,4.815892846884118,-1.7039827228969826,-1.9913585385601584,1.3911872597314143,-3.4731250395011224,-0.08745255351304382,10.201177972766324,0.6071162136297732,0.40561966594295606,1.1154144410480968,0.5800000000000001
0.711191562087186,0.3873784060397538,0.36037802288108856,0.5428332940182768,-0.529595279848781,-0.5967590695240108,10.813463113718118,-2.7336429931197324,6.724069796174658,2.353303015276994,-1.8182051218420008,-1.3729995567601962,-2.652993631385649,-4.532329713665023,0.6461064167740137,13.456761802168195,1.1099736773347066,1.159505246141617,0.6801869727293208,0.56
0.7612018305745955,0.667956689146803,0.7704023612114874,0.32743131697240113,-1.8978297371421209,-1.8736224763471085,2.408305906628689,-8.582452763792158,7.575242142679428,3.9994177043168495,-1.8250663992143072,-0.8513054123402696,-0.058797063824470364,-5.9327460474148905,0.7649033135261112,8.911563927731164,0.7602311097279416,1.01787220863028,0.13682703544207758,0.56
0.6983300507156934,0.7365788654052715,0.2458528225003334,0.550829124063701,-1.9963270876897967,-2.0031508429922513,8.131367638404068,-7.498849816194864,6.977206225512481,6.1623924615655215,-1.331482708342882,-0.7552106711989379,-2.7529212551757407,-7.885380422875471,0.5400914589094853,6.658275127898218,1.0879414159492786,0.9795836775012804,0.7547330751607495,0.5099999999999999
0.7245984359817833,0.4814200039144799,0.33058219990969334,0.28012873049183407,-0.5572855315568364,-1.809558292160568,2.6361252312592205,-5.157788212210432,7.466234357291823,4.161450328910627,-1.7370855821263227,-0.8389121332906497,8.89823403125511,-6.627103018597408,0.6250949822354086,9.115286095749164,1.004449358678205,0.5012539145331115,0.3161134317586942,0.44999999999999996
0.684835846026144,0.702537888528916,0.7477292061591081,0.779936891633082,-2.165702748607975,-2.247084272108123,2.994310100064003,-6.07342465370157,7.699972395726231,6.2396039664251495,-1.4434501651477136,-0.5435656922191996,2.967486351756071,-4.876957833412998,0.3638434349473472,13.829714320325126,0.6793290433282304,0.6535724566905459,0.97330098412471,0.5800000000000001
0.732412350268919,0.7413741364745046,0.36780987535881293,0.5324954635475626,-2.0196267238805454,-0.675043814623673,3.9491959974369286,-4.0962341152305175,6.249857470585936,7.940134137589662,-1.8980010515036487,-1.3886907745427364,3.544707903985702,-7.832470017227996,-0.042492196320871714,12.269036386879096,0.6373307026412292,0.8548506924231792,0.47927126634882294,0.39000000000000007
0.6515610283475338,0.6325214273334401,0.6326043095805556,0.6678274324830107,-1.9380219507562022,-1.9469996830334533,2.266586746592223,-4.466758984864588,6.44057064068069,5.5338811334623,-1.183569689539565,-2.0995077855917854,-0.6697484967193621,-3.387796800018471,0.4012519907337181,10.9280563112566,0.41407956893820463,0.9431782330982372,1.197699890448956,0.5800000000000001
0.7260123628701892,0.7072965164734641,0.20221093582501096,0.5338262843204375,-0.30296017244493884,-1.9379058002428056,3.3090845592298987,-1.057471645848318,7.075576744162223,2.9036138469090185,-1.4957540394548257,-1.684063761136683,4.489302932562145,-7.374526535607215,-0.31672381235206626,8.261650093645896,0.6234236884251451,0.9039588579140925,0.4746419501240353,0.52
0.6704135242149059,0.6867531588916687,0.7945203852541429,0.25782409873065415,-0.8158722594661465,-0.8908760023816521,6.150002186366029,-9.923487861301524,7.657768517248905,6.004957396339395,-1.6112562199501117,-1.4815120241134283,1.25807358174723,-6.852019308327597,-0.9250724149731765,11.179697859643499,0.7520770068079299,1.1273046894433143,0.5894262299600619,0.59
0.775307284120081,0.3904125430987814,0.25480923488175444,0.47821856267405105,-1.3875928185851045,-2.4484258010310755,5.616577028667666,-7.856495384406984,6.132772838901115,2.4644133607206826,-1.441820889584357,-0.5561318735133605,5.047017698054121,-7.052348249290397,-0.9571079713781026,12.902303837612024,0.8234204378074286,0.8250484646780307,0.34925833885659774,0.51
0.7595016764290203,0.7438734516098936,0.47332245743264845,0.5122143376888868,-1.3417362041311922,-1.5920583658026901,3.7980432518798315,-7.300110460954197,7.377080158842823,5.993399425250776,-1.6257349513338317,-1.2188387742753348,-0.7342906817627433,-7.158275297284249,-1.0389174175383091,7.319911935964031,0.624935862663228,1.0679693676461144,0.8600522947228375,0.5900000000000001
0.6153498987444359,0.6823531804180976,0.5183699960481489,0.22703611905068793,-1.923053886642278,-1.0779420199510645,2.961864194186104,-2.9950932929020957,7.455855466770281,2.032526006140082,-0.9756511734880098,-1.4724042778187916,6.303802015724747,-6.798822292299853,0.28755380541460124,8.701155208931162,0.7675760063184393,1.1487694048168249,0.9101341314828397,0.52
0.3775464763725412,0.516099436689465,0.5340611709516292,0.7783623914242124,-1.9408679304795804,-1.3547237049220238,3.689959052370448,-11.144412826581426,6.905273303562854,6.611917273960209,-1.63230898735881,-1.8908212325567055,4.378099545994425,-3.3256780670056063,-0.22706504302549724,9.060974578358252,0.8394933719466292,0.19569986108345155,0.5938058845439796,0.5900000000000001
0.5094251422190408,0.586577230546198,0.47213144484591196,0.5010669014098628,-1.3731718128278623,-0.20872129338579648,4.612941468950691,-10.885120128378999,6.014123466256012,3.7654393290356603,-1.444729596707405,-1.490343783027638,5.0811596267015835,-4.331878489799152,-0.9576328488154628,7.921912180997685,1.1503669854802099,1.1742239549774283,0.5685999423741466,0.53
0.5563983885577736,0.7926560914574944,0.32447751834718275,0.5115062938048204,-2.4918198450614155,-2.8886367505318242,3.5864925730018946,-2.6130272539210235,6.413010783278839,2.3240683157698543,-0.8863029059613576,-0.6213106730070692,1.1014065408140323,-7.104166123980077,0.1978369421290759,13.387724790393092,0.9480232805007369,0.6871206040883396,0.08657801906007773,0.5900000000000001
0.7846142181460781,0.30097052736789315,0.7526524821392836,0.2912391949885826,-1.6850857563233865,-1.8115070398770883,4.684478256762725,-9.147791069086244,7.464300719889902,4.9327856452537855,-1.3456991095184132,-0.7607797175561972,6.764997862909553,-6.5372531330131665,-0.32372881500633843,6.790558263922326,1.0783495518056945,0.6529850154390239,0.57957090943606,0.49000000000000005
0.5298295738181085,0.7372555002384045,0.30375710172208603,0.5192643192872088,-0.9996490395556393,-2.9046079514971384,6.775321960733549,-5.987826798239519,7.186361704736039,3.763150579443002,-1.33716175747497,-1.2236909801359324,-3.799180700578065,-3.3070754185747484,-0.1759182766228716,8.798125341094531,0.7184603924615317,1.052995209471947,0.4723268827280771,0.5900000000000001
0.6559355481930278,0.8765161850830221,0.44216951916012043,0.3345400404666513,-1.0919095603438584,-1.3005295589353973,3.512872049343492,-2.617995824409793,6.95846439982791,7.030706661201204,-1.58344865013665,-1.6758088278949987,1.7555055799137722,-5.268694078778162,-0.7574072275695416,12.58931746252324,0.5347352226168288,1.0127354188839508,0.16230475620121174,0.5100000000000001
0.6615828009728124,0.7493178141004792,0.6066846103393279,0.7931555632287376,-2.248677501158069,-1.1358992573884725,8.081057364895749,-6.887138070479225,6.182082604725551,4.646232812192299,-0.9956041312944406,-1.4060793568500425,-2.5918851250486137,-4.283690611478715,-0.8155359977900791,8.936196415387421,0.9495489473099791,1.108894226702641,0.4820019238132058,0.5700000000000001
0.5702847144901313,0.4029466115084943,0.37001238395386216,0.6988611062407271,-2.3999418773826102,-1.6633498950871346,4.994050014539084,-6.674198260957796,7.0460208089513126,7.1462984731951416,-1.1422159664704914,-0.9135608247993229,5.729948977091981,-6.798671396396002,-0.801385048371595,6.896943655386811,0.8570223179531271,0.8191871908583436,1.0220584843585188,0.49
0.7527717204214311,0.6382951387395349,0.5007321909058405,0.45796159860549784,-1.283446042930459,-1.3506181176946463,2.5112188267862923,-0.6179595118536918,6.578271646541963,4.986392483000483,-1.7444827320761769,-1.293193421233118,0.4836939880021418,-6.522306937147443,-0.4117529970355189,10.45858886718739,0.5097999997071034,0.8244693710765257,0.6993862454090212,0.5900000000000001
0.6705915097470164,0.5889476692552508,0.4489832310663455,0.23559125806212317,-1.7401708573000603,-1.0504105181481762,5.60501285157036,-11.137889035296665,6.101194081689858,4.0417414273146814,-1.3807245070450818,-1.1997039269129677,1.9195815924373836,-2.27554999509944,0.6642930026186518,11.155833035256835,0.855888902280268,1.1273695603972103,0.6058295674145666,0.56
0.5734870527471125,0.7005856828732937,0.7773553261420827,0.5687230441733231,-2.027827891532403,-0.5806913427327958,2.344060372618957,-0.9144704567685357,7.324702903800158,2.82885741506153,-1.5162671642021999,-1.4788754717163752,7.134088954367276,-8.235548324686452,0.40952637010581416,8.801347315634914,0.6327536886504745,0.675652615904383,0.4531694108290835,0.58
0.5902798038244409,0.7480502265525284,0.23525271919926216,0.6446574781071935,-1.4678412840976276,-2.3347598365027262,4.395165466247756,-5.059685985372462,7.020449055989538,3.4166529492436366,-1.3004854360389193,-0.9059481394603252,0.3718383671766281,-7.694564041087547,0.5088232822689409,12.728134336723262,1.040505709685295,0.6302921004088622,0.10890192294018392,0.5700000000000001
0.6301912264651981,0.6691321813370585,0.5957248604571952,0.754023716981499,-0.6177936013329394,-1.355753099711323,4.20797706195593,-8.02318055147507,6.817362737241996,6.078284190554686,-1.942208624615685,-1.0155425043497277,3.3114892046250732,-2.8560020444416923,-0.15479438188576589,9.894342469216364,0.8012722609793894,0.6688359958762105,0.5275389280207806,0.5800000000000001
0.4335918568420205,0.7269455241631155,0.26286835074596226,0.23445324063564954,-1.8907501709939192,-1.9419879025343376,5.168277448667535,-0.9111341635688044,6.572858007855273,3.7273221750703924,-0.9546967813121058,-1.9447087163745729,-1.134175694371316,-8.885970865950117,-0.5732413238320043,11.354076409258099,0.7411362501094831,0.8076427401305963,0.8715180402414973,0.5700000000000002
0.3930016492986521,0.765874734004009,0.6328066346255015,0.27731457814739896,-1.7262039075732378,-1.253573308761844,7.241369738511986,-8.210904067937339,6.566247223710836,3.176694638587552,-0.9568250362956328,-1.7536202641959422,-2.5219496589522414,-1.8441629952026983,0.14823881528868943,8.41576389624397,1.1435738107268527,0.9967773397961824,1.0989981081776332,0.5900000000000001
0.6671164082224026,0.7505811883516248,0.2906266705672745,0.2514390309342915,-1.948294290652502,-0.860617780153402,4.3324011350569105,-6.974797655766839,6.386983102027509,2.270990667098233,-1.1235610141254488,-1.5704352790460643,2.297383555856187,-8.668177050729788,-0.26097693047606146,12.008314676706805,0.7243684841620445,0.8391794064757148,0.9349956598283291,0.5399999999999999
0.4957332760323036,0.8066147406753275,0.6120905709798399,0.7140589721463302,-2.003467298754002,-1.364722266582651,3.3885116301968448,-8.850724677160073,6.409020284879631,4.16285709324281,-1.6497922034937207,-1.104889359791371,-0.9779833322269453,-3.6793911633014442,-0.3748918977700379,6.17071749214894,0.8395575409532565,1.1655593868274563,0.2825292350915086,0.5800000000000001
0.7571512809742931,0.46580182524753994,0.6861826414121791,0.44855746403028707,-1.4258798634370262,-0.49892989854570136,3.710552113037821,-8.644534626986575,6.7610098855236735,6.5803811421265666,-1.748650363414242,-1.893348338969174,6.987378954647939,-3.7379374894489836,-0.099983235700765,8.877023630984507,0.3276096765095933,0.7351692670631415,0.2825623238813048,0.54
0.6300785904006656,0.43662345673724323,0.72036827461631,0.4237963830713477,-0.9119036930357561,-2.038458315600695,2.664007307502138,-11.790261158337346,7.8969720417683105,7.3141779631711055,-1.8534485829753051,-0.8029208110996022,9.188995324997798,-5.362431294952065,0.09425335090727832,6.566923697785803,0.5588051838952537,0.7052610349163237,0.892571874301175,0.5499999999999999
0.7808900781985663,0.7709248715935056,0.6694985161013431,0.5591106104554304,-1.349228124918966,-1.3208010148286393,4.364721222255705,-7.1601071153753555,7.139793093032822,7.859157500006861,-1.351787115063679,-1.920385130375982,1.9517503563409089,-3.640477501735496,0.3678340754173879,9.153089009469722,0.46180087179192963,0.8545459287872648,0.9340057769182082,0.56
0.5294490516690259,0.6649033537122406,0.542021011884707,0.5548109772773572,-1.2865811466140133,-1.632010165118107,3.5197809906136905,-8.590769226705476,6.500929526804097,4.95448290442694,-1.8662234608750665,-0.8852619100758575,4.254678670882979,-7.936368221311571,-0.5844582522306724,9.035218424385484,0.9369407015114037,0.9311804775369509,1.0984606135507502,0.5399999999999999
0.661304869501401,0.6870053121416155,0.47223775423635517,0.2524223886315184,-2.058732052672028,-1.6161578381915622,2.7654353058866277,-5.022201576546506,6.190326868730834,3.085933109813164,-0.6810459528954773,-1.7158924931833313,6.834909362804833,-3.4889389857769215,-0.4323943060638926,7.746645839670852,0.813707446340546,0.9939819917437964,1.0738566928623723,0.5900000000000001
0.5874198443803647,0.5926693964447638,0.7131460263222026,0.4069580909191093,-0.9539918635928839,-1.8164659433841004,2.652022037618482,-10.099518773091399,7.465493116511029,2.1415063506488874,-1.439910824325088,-1.7994047390777774,3.253068474620692,-1.5002407390565429,0.06857975539227429,8.460535096505932,1.1377875101044415,0.33769532036737193,0.8297216156443066,0.5900000000000001
0.6600225066509696,0.8224982647706621,0.6535419526225328,0.6978527706589115,-2.179110744744472,-2.585370570926226,3.569892467987576,-3.193817900226204,6.467471198974101,6.231062141619887,-0.9092276361714731,-1.112583367803515,3.1228217380778536,-4.6670201678863705,-0.7139835885805379,13.49731491151867,0.5711038864510495,0.8687439581494849,0.08253532512738203,0.56
0.4106087526957065,0.5943302492626431,0.5303177890961445,0.36735194564265095,-1.0645267527529292,-2.285441509496563,5.894290794013088,-9.123476677356187,6.078378544769355,6.779957565898907,-1.6559971212579703,-1.4786417583635878,-2.773833762721934,-6.822677527467313,0.10974756260890062,7.279060846357025,0.8884918461660701,0.5378706268021856,0.931362175574737,0.5800000000000001
0.7065572672640623,0.7147799746010184,0.36532682766663876,0.5872944823838416,-1.3046130507638458,-1.615485133592515,5.995077739349882,-9.455819896287867,7.78693842951444,7.074133164640204,-1.5575875295785666,-1.0803307772503112,0.8258180644520774,-6.514252842544706,-0.653960052829311,6.836624926479448,0.7953734065037427,0.8506268832343031,0.9326900535160063,0.5599999999999999
0.6943807402173835,0.6198590328804013,0.4496494166255597,0.7182733595120113,-1.8433445923383391,-2.2465131845886415,3.020679787524166,-0.38431056183214884,7.074813810337132,6.04362170419313,-1.2723357070163095,-1.0283648677714063,-0.3353904047848977,-7.2982532413729695,-0.3464101077431616,8.770375049200593,0.8492003364342693,0.6620907755869844,0.21991527351344353,0.5700000000000001
0.5429481197877405,0.6165487654542906,0.43213303552444393,0.34051321494392595,-1.0273604136213872,-1.8868382625085889,4.131584660567959,-0.6816475318236144,7.360869754077943,7.36364039559869,-1.685852884096727,-0.9029812842124584,5.268561023110812,-7.375486738921405,-0.16196399487920074,13.590256286715446,0.8792953513950801,1.1139720741984396,0.6575963959166655,0.56
0.5580168427908462,0.4232861093273082,0.40953558124485984,0.23627089394446418,-1.583268913808909,-1.0778711442711595,4.310522232224236,-10.351757336236291,6.2286472168321225,5.316823923060399,-1.4055579212349847,-1.224931102163559,6.661882854968983,-8.192247101527627,-0.7343147458684748,6.145238917288002,0.9146219727926036,0.55189762097379,0.2728908778914033,0.5499999999999999
0.6854912719092691,0.9815636204502801,0.5723259202821398,0.3491543894901805,-2.3315290039035235,-1.7042183548758458,2.880784708733666,-4.949289373039878,7.15042379080118,3.381285574576031,-1.1892566695104176,-1.0164448647846296,0.31223070613348214,-2.6710793914203412,0.15972957580416772,11.893252976075521,1.0399835482384627,1.084396122706311,0.35741705976995913,0.5700000000000001
0.5428751116790296,0.6610539110558421,0.5415729829478149,0.43029475006464324,-1.4366297228580784,-1.7385779256766787,2.2531074957569683,-2.9209632870695166,7.7330421394934845,5.339500986634248,-1.9684263488341334,-1.0110102341819436,5.894703853993605,-7.735602891740424,0.32583532545832167,9.557005927755727,0.8063794939959623,0.44878021984949845,0.411047929807863,0.5800000000000001
0.6223185387006083,0.8709339403102992,0.4711328755672011,0.7605811220594305,-1.447553451555856,-2.289101684912763,3.532843503325994,-5.979311009169259,6.635700659240833,2.4151337493508294,-1.243004351428868,-1.208968923542075,-0.18714703410177502,-1.697061230649057,-0.8836149807341551,11.50938420627664,0.735052292826857,0.9362247937806067,1.039933530047677,0.5900000000000001
0.7629958346618857,0.6870699100280256,0.4581349206285642,0.5240472156860284,-0.980109103387687,-1.1763314521998207,4.4432364696545115,-4.428194987128142,7.400817832632583,4.858365145377592,-1.7211886825004463,-1.0331934720214602,0.83460651662062,-5.550480523020228,-0.8059599354853636,12.115861641666108,1.1842400434577478,0.9663483731924486,1.0519878250979868,0.5299999999999999
0.7881551345426421,0.7299966963166995,0.5200050645833665,0.7560483501292808,-1.7202350751919178,-2.0977725151640443,7.42186174694357,-5.678583785479108,6.567909913737182,6.910757114005719,-0.933203780668884,-1.628315775502966,-2.699097568254698,-8.463951410419243,-0.00043398408872036276,13.359638520259168,1.0218511951195137,0.9144998422981684,0.40510859708903224,0.5400000000000001
0.7992497842593553,0.6317407694701977,0.627954192815751,0.4992776177512907,-2.392311007710587,-2.1323155292571125,4.458040647569045,-5.159185974378179,6.218070481713847,3.164941509813532,-0.971096989599681,-0.6626044764625779,3.718052321260549,-4.904897229997801,-1.0896539821045144,8.493523662534422,1.095684784228343,0.6249514322612486,0.4969212940710408,0.51
0.5018945068653125,0.8875932380702568,0.48331920920239047,0.35882408360687507,-0.3823843193419789,-1.55875876168819,2.9937155743108255,-1.8274765443663492,7.359179141865983,4.3824320119020985,-1.8113341245535404,-0.9693402156316628,2.0718942729121097,-4.096819044105484,0.41220485537815427,12.944213994263956,1.1602347691614496,0.8167711501903048,0.7493859318224969,0.5899999999999999
0.7834763655219065,0.7114805626481172,0.5837991085440768,0.667558997813213,-0.6806744348387588,-2.085137476916311,4.8560741448028235,-8.361297445419533,7.212844392147263,3.3292505048089502,-1.5976917115929596,-1.001269383758834,-2.1319771205646614,-8.333353118151514,0.47271967995927683,9.963392261767444,0.9128771360902977,1.109159024441298,0.16291326769545933,0.5700000000000001
0.5479665063458595,0.5010286176600067,0.24718223993167018,0.43985028214030375,-1.0734677088956617,-1.3696958862738957,2.786921545164587,-1.1482076804046595,6.3085329516201325,2.391746152276199,-1.795048088464189,-0.996080670555254,7.425455258503409,-7.364701645630692,-0.2808750651460843,12.805199535766326,1.1141918569781435,0.48756996757319293,0.7916800429059349,0.54
0.7034426569603708,0.5506328449910655,0.6470302188603121,0.6113571886758562,-2.1205985024057394,-1.3045635260849884,4.532211744453469,-10.614308517853546,7.924395369254145,2.321198893072468,-1.3953542716885505,-1.123849551010378,4.930644299009648,-6.027103005946503,0.28376029688184623,12.317378109300583,0.8306472193647984,0.8174343003085633,1.0911480279564558,0.47000000000000003
0.5347848271899434,0.6365440008210766,0.6278491551200288,0.6014318011797339,-1.5648557588663603,-2.1325805395837905,6.584860699182001,-3.230431400631952,7.024593154185473,5.80588835688082,-1.866989165585105,-0.7214288017392807,0.5972998159658496,-8.322258263023024,-0.08659723622261606,11.691940517680457,0.8034420047550962,0.9550818791581739,0.8952403111521139,0.5900000000000001
0.7615785464407032,0.7612997014422763,0.5437135546363453,0.656131217857947,-1.4606942437681878,-2.005170070074672,5.302126617603506,-1.3422817985073685,6.904471054116203,2.023238545824502,-1.3072033494693822,-1.2613550893351537,-1.5754761164222715,-5.562438666528157,-0.16406160814335147,6.7150177931522,0.8486291053869025,0.8083281290668238,0.5119650776378988,0.5600000000000002
0.717478975044434,0.7621634606364263,0.4134467308954327,0.590708113600614,-1.4882494560707193,-1.537710238489464,7.1524509069206506,-6.530485852214684,6.623619140874052,5.021156636437572,-1.4211013122055878,-1.148345062046349,-0.45949954251430847,-8.60023146607754,-0.8699668409827173,10.633890825994204,0.7793317211526177,1.088346699594576,0.49711743276676557,0.5699999999999998
0.548360712320311,0.7780088516823971,0.3129824099309511,0.216338892307523,-2.2665304832752287,-1.6863978028217645,2.7179570461165325,-2.616181362853716,7.698212703685219,6.172869737115189,-0.6709569981981736,-1.2533947013987927,5.433976319399619,-8.200273901499747,-0.7145189298449977,9.090647275199082,1.0327691736715663,1.1993960592496067,0.46380359749938116,0.55
0.6263339857101758,0.6115259838443974,0.25329823055859463,0.5646743717291578,-2.398473301208564,-1.1940269141194255,9.525548445626567,-5.112279234656514,6.88571327528151,6.924502364075737,-1.329884675865831,-1.2597692312811872,-2.5839745490247363,-6.7736878326911985,-0.045372294593557794,6.842059298093297,0.48765947098858636,1.0723776614120988,0.3081663099331805,0.55
0.3788156290744373,0.6533359360735981,0.7254554187276858,0.4917180716609941,-2.1880031985603687,-2.2894079020035676,4.279634539814725,-6.384768702996817,6.922603833612602,3.410408338632986,-1.7072966172386714,-0.8111632202204386,1.5321745565306268,-3.2607050193439178,0.03582340962856567,7.4638245014507225,0.9291924378071397,0.4137701802145373,0.434548906020678,0.5900000000000001
0.3651647037404695,0.705700588004225,0.5842638886761257,0.311380437823835,-1.8306546072428693,-1.2660289352181922,7.382324044742009,-7.363648082556477,6.979412158436436,2.5083184400825775,-1.335315609591414,-1.4505664264691451,-2.385442050664228,-4.9174991167394975,-0.6825465884866462,12.925877711997506,0.9227707802567358,0.6712230105981714,0.20411001073735308,0.5700000000000001
0.7713359290200775,0.8568817739528346,0.6475791157679305,0.2876052732058084,-1.2052078381402576,-1.5671052867356365,2.5076526511152073,-7.63885848178242,7.940737364699338,5.123123394656156,-1.5273362982086436,-0.9904701272915781,4.973185208255054,-7.341032852074482,0.7570493741940246,12.52146875953832,1.0170223498230235,1.0123573123295655,0.8366923446650852,0.52
0.6119467704931026,0.6292517849628289,0.6301913166359003,0.6561193872606421,-1.8306232909557552,-1.940937509870618,2.6304053420688414,-4.338844642496039,6.527374732666829,7.775366116477829,-1.763305156302894,-0.9887365693948001,6.881328014828701,-4.64135500164362,-0.4352775388810544,11.366585834925521,0.5528589800395861,0.8891169094979035,0.6664313527323829,0.5899999999999999
0.5401234721091185,0.7462377785842074,0.7306859845204687,0.3012682559672634,-0.32031284795580106,-1.8387843105271284,6.445368618747566,-0.44855741006162253,7.482195465403382,3.8188813323179422,-1.6513576448198708,-1.6822308501241847,-0.12839645068591654,-8.311082048443886,-0.7663872442992388,8.887018116948786,0.6313265755204492,0.9010166273059508,0.3428996921899365,0.5900000000000001
0.6898577144448729,0.8944809900148909,0.5349583912823785,0.5890108552705171,-1.9452865842173335,-1.7842895459744113,3.101800524863384,-2.7906655064225494,7.913058207385656,2.4664045717186944,-0.9513508167822445,-1.7516461525016318,0.7604956734089919,-7.758425811643864,-0.22740809211001425,9.614910267781266,0.6461208955862678,0.9187191654239487,0.918435804120374,0.54
0.7352414332530967,0.6102761082815892,0.21846857365374084,0.26097663257279335,-1.3756271771385433,-0.868153490567289,3.64745219105504,-0.3556774827713284,6.262275472167798,3.956980469955993,-1.881313680395512,-1.2212663539249613,-1.5974540975734244,-6.592019983621068,0.41303974554696965,8.636641548476291,1.0209550344879055,0.956107082555194,0.9308053452150431,0.5700000000000001
0.7205761364543529,0.605737630940361,0.3668987092355495,0.27633316774674926,-1.5487597364008199,-2.123234147010209,4.161102095147442,-1.9642298276115882,7.106060921740783,3.494140083723427,-1.2631806299489932,-1.6054408865179228,3.717527995283567,-5.731563088561334,0.19084630066178782,8.988446530827375,0.6361815125497723,0.39202913398051786,0.7356980027207125,0.5900000000000001
0.46437309338903054,0.452565374311194,0.6551349970735794,0.36741040310860384,-1.288104868006517,-2.8468358274413474,4.548392883663358,-3.753783440715455,7.011545628239599,5.718644858094747,-1.5031163891958108,-0.7333462474601642,3.8156121168268045,-7.102604223335647,0.6901928512204595,13.721307122979605,1.168709117989642,0.18567455519826753,0.34953313503372996,0.5700000000000001
0.6779013689350948,0.6783202184527043,0.7368338160533358,0.5120450915070092,-1.2994780270971922,-1.4659535330671076,8.10204297354434,-7.892956897240606,7.510309800696348,7.887333465687539,-1.9548513910692584,-1.1781891172942762,-2.235152003492307,-5.400883124198403,-0.13402052231574002,13.842518471551331,0.6885290771074496,0.924785682355397,0.4149179172266043,0.5700000000000001
0.5886658344719776,0.7371832548554872,0.3485862994198144,0.2968720669247898,-2.247325123364084,-2.303054098035345,4.203429168829517,-3.829611043864743,6.320951884711404,4.090703950512565,-1.4564695832878773,-0.5727405523777913,0.9544413394293447,-8.675394400592797,0.344643904040036,9.76173276221075,0.8021453494458656,0.6630727700306454,0.5644991274317772,0.5900000000000001
0.7240733988706243,0.4400195153726911,0.3952180285473196,0.415615069804407,-2.15844195754441,-0.7561064972866414,2.978960255446008,-1.8496882480963048,6.868366634788059,6.073420581005082,-1.5464918281360096,-1.444828581210656,8.242122276642057,-8.553022121616678,-0.899342592185463,8.995755427363328,0.5932343511380642,0.6113666448961409,0.4223782327695148,0.58
0.5749403881527159,0.6040210032914186,0.6379060346595579,0.6476074568695517,-1.6173997582123756,-1.7914679169485344,2.189593112925451,-5.5642931269521645,7.223966582076445,6.02070408226733,-1.7943165618173678,-1.631855036450652,5.520549976770746,-3.9784824684433406,-0.9740105021931413,9.585153411707832,0.6452869782754357,0.25883577904703636,0.4709112387250409,0.58
0.6150338597382523,0.4692367139624032,0.37047349691559905,0.4309932729011178,-2.1872108128067462,-1.1736450964859355,5.501109161724242,-9.73497798477198,7.376580723170331,2.708392723993792,-1.4423578650574662,-1.2055210702294525,4.737397045252167,-7.51810107131572,-0.7564360856656748,12.387752558005845,0.5310535730443324,0.972858469352256,1.0451675816910229,0.5199999999999999
0.7430741404372472,0.5604084156523056,0.5437958125495418,0.6407537119769771,-2.4401081405458758,-1.9126534436679599,6.949864422010528,-8.086005791310242,7.524092371125569,7.170274365974668,-1.7755307126852722,-0.6953498808791352,-0.8693281814173801,-5.533834029470897,-0.4129290236660357,7.275175387443264,0.676237082673583,0.8993792528294224,0.7321166245863578,0.5900000000000001
0.4983950030665072,0.7640803268277573,0.42505827954396186,0.3871259848051111,-1.242188300372352,-1.1600973088198732,5.407392896193564,-9.534604092386944,6.5035172939459285,3.6659376999027495,-1.6618215266350154,-1.1344456113153538,0.058988390888079056,-7.843672729921755,-0.3260199856591417,6.144850947984579,1.088764621094977,0.8903421195577311,0.8855905786822769,0.54
0.6822096192487921,0.48581363186587523,0.6561349589614985,0.245727361736425,-0.37897616127392614,-1.8667774518887064,6.744148886330185,-1.4041050719154942,6.62470367411188,7.505582984204865,-1.5657607095614865,-0.9131846473345102,2.4853028463976856,-8.323247640110186,0.1877052068959374,13.793673509689958,0.9990202143050901,1.0642194830870697,0.9556123709481138,0.5199999999999999
0.6058745527014988,0.5563599681524567,0.6187859871264964,0.34362218977913417,-0.7275275648349865,-2.98740155776232,5.3159643593239725,-1.6432390930571485,6.655556040181451,5.816601664597189,-1.9409196766254526,-0.5549554477250173,2.225214397210851,-5.224698209394509,0.7713028463703766,11.211499177329266,0.9450748431976819,0.27053372281646487,0.47140006651096145,0.5700000000000001
0.7030844898392509,0.3183980173065552,0.6958491305434491,0.25435660050409226,-0.5282854332823936,-1.3475587183569313,2.5480265355197647,-11.257019830190796,7.2511845510925,3.0440508521691387,-1.858255048937433,-1.058136428081206,9.530662068210155,-6.394552169744534,-0.8420042106744504,9.593106612807711,0.9487163257592637,0.6146098573521038,1.0754174595241621,0.5499999999999999
0.4234248673244897,0.8433811383372627,0.4166156292867991,0.5873025231771971,-1.5221978359021138,-1.4140046753092512,2.8792526853719136,-1.8713207949611452,6.740101711590812,5.087792812932039,-1.8043786419681054,-1.1640404290191508,0.2020246646230177,-5.59107219175921,0.1826667592605025,10.013189255211289,0.9826464669574412,1.0121695646936038,0.8745738483360568,0.5400000000000001
0.669814481860638,0.5354834027765171,0.6601030949422038,0.5851888983223327,-1.9904855346316526,-1.1467553121476937,4.872711338297285,-2.5503566654933385,7.80927802725244,2.936815618875922,-1.0916568689603197,-1.1386758143673248,3.7983995256366323,-8.044641831221348,0.10387962289771646,7.970448438544135,1.0336511467861877,0.5017183299076775,0.6151068676933531,0.5800000000000001
0.773832873908223,0.6186777245910042,0.522897083926117,0.5497194731537556,-2.142927226188293,-1.8231606192288001,3.9557382631412534,-11.64141157188956,6.015996266075877,3.5781210328705226,-1.375932800101748,-1.0771182234916283,5.462825103723973,-7.802894922804449,-0.35427660864322497,12.074202554910462,0.39411184691846884,0.9389119200432546,0.20575863328049737,0.5799999999999998
0.6857607402246594,0.6306456493153982,0.7255050371320456,0.5782884096991379,-1.9400979764045574,-2.0786035801574334,3.1590673056235232,-8.583023192973423,6.025013606040891,5.0242740111070185,-1.1282633366156458,-0.7576102703383161,5.882666204401193,-2.6466055789249427,-0.19060915512210164,10.165681002245673,1.0809806041084042,0.5894483426799535,0.9326797931350985,0.5599999999999998
0.7774735441794468,0.8699303891545949,0.5374745236034397,0.7180218632869245,-0.405277373181008,-2.025917153621571,2.159874395246807,-4.046914952959418,7.4466273173023065,3.3424071996189086,-1.6819832501831309,-1.1323082162638674,3.113162529660771,-5.122271535266216,0.45570299085502874,11.478023675552226,0.85356925236949,0.8568417643831824,0.5656034776404297,0.5900000000000001
0.6939500663412252,0.6675445516460773,0.6596602863891576,0.4072415095509013,-2.0755019722074186,-1.3510512273992525,7.8688962949385735,-9.179924320429704,7.378156666211325,2.426232809602709,-1.916934053890946,-1.0764813643685,-1.3276827459017513,-3.9922184051698437,0.6162426538697057,13.000497520664567,0.6269688240432861,0.6605230178837149,0.05557517028593097,0.5900000000000001
0.7431687678583665,0.6852066872104644,0.684502772212,0.42642532623486284,-2.398595421342969,-1.5389095609801575,4.555454537029193,-9.930338094743648,6.745435349270379,4.684457961600827,-1.365651738819002,-1.1116621470603183,1.2350453058402797,-6.17100915226301,0.22734817861952505,12.280434029471898,0.682017015368396,0.4912655835268125,0.9219829064043105,0.5900000000000001
0.7887660037587068,0.8864396261333809,0.35997063136447316,0.5827046450049078,-0.832311843867814,-0.9188344989304396,2.849513277306452,-9.13201030281702,7.355096222795616,6.614850027742091,-1.6610095316146651,-1.5070009656831038,3.6765302153980874,-3.199313996715701,-0.7812166446965003,12.116632779701014,0.7488107434326305,1.1846067680241945,0.5046468193914864,0.5700000000000001
0.7030822130768005,0.7409003725200306,0.22195553093194093,0.27435057192461676,-1.5741755565467592,-1.1317957243677634,5.987644775674416,-5.71950980804467,6.830900763212,5.918936689838036,-1.4220008938349138,-1.7920255311857949,-0.11500231696947805,-4.625547636953399,-0.9685242229715846,10.928076206080107,0.6217598427091746,0.7604077792853146,0.26483639835435135,0.5900000000000001
0.4473572525584449,0.4388651504537506,0.4687343674087756,0.4365033821126005,-0.5176573682889685,-1.642875457297958,5.490992329711715,-8.248960970062331,7.627380417489025,7.558897952625939,-1.7308062607594468,-1.1191735398048186,4.826925561459494,-8.197049659600843,-0.11544013728917457,6.077422671582679,0.6693513088705374,1.0667645322045753,0.7462352223849766,0.5800000000000001
0.7855841255796642,0.560450799874953,0.5609575618041627,0.444812845000279,-1.7999816258654588,0.04305848153960534,2.856876435233011,-11.240542076729788,7.68370481715342,6.092961306355144,-1.4423889289028828,-1.376041955119879,7.208619010712917,-5.7510418897952995,0.06612832701097937,11.417070941446475,1.0998374600097658,1.1598910560116695,0.8940644696910824,0.53
0.6499913411383721,0.8328014386325214,0.7536937115871765,0.4395453400323246,-0.9200602673670395,-1.9449329952846393,2.9102875398263297,-11.46557336918705,6.428519469399174,2.955940299879485,-1.6861613790924084,-1.0061615439591782,0.6331921196723209,-4.101387328901153,0.5000767089655369,11.573887644102797,0.9375395880721283,0.8543410918458297,0.6247857878136709,0.5800000000000002
0.36456686637742325,0.6024567398540521,0.6762746005100884,0.29509833451264206,-1.5608811626638341,-2.241421626033938,2.568743092315046,-1.7425673350563438,6.117216648721199,2.227991388500806,-1.9627848150365506,-0.6064551495079267,8.175344438405844,-6.880808632429908,-0.2602747374767085,7.268730045544263,0.9671249536601059,0.7990951634613596,0.6147614457410493,0.53
0.7290973273808785,0.7097716938722823,0.3849411721248872,0.41810774177215565,-1.756146640405329,-1.4645578992586288,6.568582327933772,-7.6181055867037815,7.848731139492343,6.501858468187743,-1.4564520472846965,-1.321053695111467,-1.8772605381780374,-3.386671236155463,0.16556537192633639,9.881324436935586,0.9486843527151149,0.6592962921241062,0.08591419050510238,0.5900000000000001
0.5448755477659382,0.8546445538863814,0.6088466052857279,0.4341795063151723,-1.7510529470745002,-1.6263224429264285,2.4101293543844253,-9.338045803211035,7.249407432931857,6.41902078938269,-1.3560127427702011,-1.0458828451640183,5.115182694834411,-3.8424468651671835,-1.1320823776930564,7.3841095022181165,0.9014970901980027,1.1361932547717843,0.7316704844350548,0.5700000000000001
0.7716644118852702,0.5077724298706967,0.6183276557686316,0.5604264946403796,-1.783736188948987,-2.0518781611158636,7.072604873083531,-0.045181481846927385,6.503133548763468,3.5036690753477338,-1.088380943539703,-0.6414229207539806,1.4609698002655938,-7.933842842990327,-0.9703853565661118,9.852851956843384,1.190241978088045,0.7473512453880525,0.9975615906876898,0.5499999999999999
0.7436166037727397,0.49072355055097094,0.6730107029574715,0.4370768112756347,-1.1763819865395582,-1.9608567722587753,6.5145424065541455,-5.430120823194096,6.470096962596273,6.498520225930765,-1.6238745465252744,-0.8431989052000635,2.54562232935479,-5.529559896576549,-0.7431771142481061,12.637237551617098,0.9430924626129524,0.5067814860451232,0.30617295976866876,0.59
0.676679318692247,0.2644440215099033,0.6260075744333373,0.5390651005831213,-2.1698786771348715,-1.6001879636280794,4.0449895977557295,-5.838472580223992,6.023501969872921,7.079612919823388,-1.070681992794104,-0.9267994691592605,9.669793937324394,-5.894232778534296,0.4951390987203131,9.905569964365307,1.1464096211349264,0.30525143991155357,0.1027842110734061,0.5299999999999999
0.7926527012269743,0.6983287902652089,0.37477597547619107,0.6650181427224211,-1.746962141598117,-2.342904496840641,3.6578712518305396,-1.9360988513169197,6.618029610700533,5.761213903535082,-1.9421712518318768,-1.6601305468930223,1.9168412145033678,-5.546971666831141,-0.013527867339116699,11.849193651239014,0.35352957899537524,0.5789864506850214,0.4088003738693952,0.5900000000000001
0.7554815409010638,0.635475203494238,0.22680633709731618,0.6627728876925932,-1.0530830642919016,-1.5725819916381352,4.67911492710318,-5.047890065551364,7.220680384299407,4.154654423618451,-1.7094694475406589,-0.925029275048624,3.8050569326853054,-6.606052985760432,-0.49436504019077476,13.03443341133249,0.5493494246979138,0.943019861872961,0.6375532515481297,0.5900000000000001
0.7473450158605205,0.7516300191071142,0.6057806515871745,0.22327888347832953,-0.6390052377930087,-1.6882610457520475,4.341278809963507,-6.189272401903891,6.880590568894014,4.7713485668861715,-1.594361716562578,-2.0014150796095027,-0.1879170950057949,-4.9638590822064526,0.14865394479414845,7.875933489264055,0.6315715081061642,0.6574392522000432,0.6512701541578252,0.55
0.4860392367560354,0.8186723757938077,0.5640983435720636,0.761538389305533,-1.9362102618272938,-1.7125359762792385,5.666820548565762,-3.8746552972309285,7.447240255532349,3.0915142641397404,-0.9188747492324918,-1.694099877677671,0.06701088106907456,-5.240425644240329,0.21106258148405066,6.45572061638032,0.6668153604763698,1.0481183571347137,0.36192399765045064,0.56
0.5901905365881372,0.49040943007804244,0.4628997434394212,0.4543911982039646,-0.6760465378908191,-1.0948980178766319,3.799327321080551,-10.843270409740047,7.090635007471394,4.974840149033879,-1.9051251215097098,-1.1501629803693216,6.389818240811678,-4.79361004231297,-0.7903583380870928,10.872356239673007,0.9957517957694528,1.052919119757,0.40411055425780623,0.5299999999999999
0.723484307787371,0.9721791655911852,0.7888268742587929,0.3249231819132431,-1.8185532282990176,-1.3161059747328103,2.731310651976855,-11.791235835499812,6.80159873999455,7.300293660509591,-1.84807813409645,-1.2626783195752753,1.6472956190927206,-4.515614950006944,-0.9938415633399744,10.302370828283502,0.6801447746586905,1.0345061170822754,0.6198661865398962,0.5800000000000002
