noiseA,noiseB,noiseC,noiseD,u1,u2,u3,u4,u5,u6,v1,v2,v3,v4,v5,v6,velA,velB,velC
0.7927367954582780,0.972055649798277,0.5127836518976320,0.27859230726768500,-1.4344807394975700,-1.214821153186200,6.146107054533310,-9.803574664679830,6.3873704531673200,3.1967373334190700,-1.6442986003378200,-1.1370584646651600,0.35292701311976200,-1.3273238053126300,0.21588754444746500,10.800779148661900,0.48850624023673900,1.0990131952140800,0.3357740995971250
0.6009585872519610,0.895390265175072,0.6250920222128780,0.6711050271729870,-0.8565927773651840,-0.363168622681222,4.130769001365630,-8.151129826877840,7.311519019361100,4.703300620089740,-1.590510081668340,-1.4031644080459300,4.135530716358430,-2.1172254818093300,-0.16920470676075800,8.03007396822995,1.0731765354809300,1.117329900024340,0.4586355765860520
0.7274364880562520,0.7794181498151200,0.2997861312422770,0.6827632539967350,-2.117554839906910,-1.7621163377630800,3.129371864202850,-2.4966581099061400,6.184567849879240,5.537704956639260,-1.8135856130281200,-0.703439657901104,6.452034167283910,-4.705242715205920,-0.0016025170904340200,13.607828113082700,1.1756873459289500,0.34417125859830700,0.3427520714374230
0.7128478431823510,1.0091651043960100,0.24300177964257900,0.23162020244258500,-0.7332233179031790,-0.8903967734937070,4.319189986932650,-2.9262693858669200,7.213151852048950,2.8257476311237900,-1.907786639994370,-1.2708010881638700,-0.8370872719828640,-3.084197081015840,-0.27282108799303800,11.436116661237300,0.7883663569088410,1.108954745841040,0.7260724709215870
0.7527466089731480,0.920606664871451,0.6355826624066230,0.2207008795634510,-1.6150643377864800,-0.9414120370623250,6.043984623384500,-7.141214136775470,6.342240189414310,4.68198144485061,-1.3518079401813300,-1.1326050762531400,0.7212737335003840,-2.316771990709240,-0.8974056984077540,11.734897499675000,0.985352719082908,1.1047164689574000,0.15979531370730300
0.7357535612960570,1.0854902446027000,0.36058700337858700,0.555834705042195,-2.0974184807087900,-1.950884236964370,3.645172973499730,-6.469573094171880,7.25205124752748,3.4367599630202200,-1.1968726040138200,-0.6772472096838690,0.7101081185186170,-4.598955889780430,0.05955791763118940,6.3782832335613200,0.9344551099099560,1.0343482186984300,0.4721111182980170
0.47883295427065800,0.9702447688170170,0.6600862623863650,0.3764138402720550,-2.4627356949292900,-0.518012203978614,4.547375469445690,-9.935498893590240,7.316691727566080,6.71138373335706,-1.8971101911590300,-1.4273541737330500,1.7878410066702200,-1.0802762583009700,0.04442191300852410,6.639376174886510,0.7804798010445460,0.7199861995192690,0.30551733341256900
0.589349961525708,1.0293173962295700,0.48602237379282200,0.6891937638806940,-1.3648215003035700,-1.3887114446473000,4.280048898276640,-5.1963364688222800,7.7925712443697600,5.223459403740310,-1.4677827568474000,-1.0242671207492900,1.3811718720315900,-3.4893693588638200,-0.3414484889427780,9.62696239523354,0.926855502046526,0.8426858433740530,0.7887439533261700
0.5919681396137490,0.9927062631202910,0.5747600712301880,0.5125422015253690,-2.1603143104718300,-1.6550217811770900,3.0557323632605800,-4.74545288273776,7.070502691169150,5.021716055192190,-1.8822541037745900,-0.8779175026285920,0.8349716202261860,-3.5089237469087200,-0.29569137613624500,8.214108847000150,0.93755746953924,0.6088254109664970,0.3912995062357110
0.7664004752129100,0.951586755178791,0.4696073170869180,0.39923295048775800,-1.5927763827901900,-1.2083945126342800,7.405813328686460,-8.025469198274250,6.986793886692330,7.592961431407750,-1.6587655380148000,-1.0152602239738400,-1.9520912427820000,-1.9544291165047200,-0.39308772720924000,7.716488859928590,0.9438059260282410,1.0367947456014000,0.7043752404691820
0.6618853490592620,0.9532459804623990,0.39405563802442200,0.5241142289887820,-2.02762593919868,-1.3774272009154200,8.191323753370250,-10.17560353770880,6.877032798482630,3.254480271767600,-1.7405455479489600,-1.0639746569467400,-3.213774915714430,-1.2076237851583600,-0.8158559734845530,11.688004556445500,0.697268098019331,1.0219939769628500,0.1009970914876370
0.7063502953220950,1.0895168047438600,0.6124116458202540,0.3960289112502870,-1.8480139865364000,-0.957334935839843,4.303391719887960,-6.898073504872000,7.315813873567300,5.99959484388611,-1.887712510171500,-1.1651319543348000,0.06760254447784080,-2.2265988697777400,-0.6426898407954510,13.207871423555800,0.8797416635192410,0.9321591655736210,0.5671425387379870
0.733981236998891,0.8850340553865700,0.6785733261812810,0.25643464595224600,-1.703654577503070,-1.3629398514434700,8.557482409302710,-4.941092374588290,6.148925156445230,4.6402060361673000,-1.2902184597562600,-1.090702701296890,-3.271060817919120,-3.010943476556320,0.1628988011314360,10.31112808415480,0.7184978550481820,1.1830626916022400,0.062283739334961200
0.7831446040811290,0.9164158171780920,0.29324385993222200,0.5350325465078890,-2.266421755804090,-2.1295176463103100,5.780101480815370,-6.554706170569570,6.17970984005729,3.82658638535763,-1.4093556343747900,-0.931170785434347,0.8594740506666630,-3.1442115765352800,-0.09737658089934740,7.702313057024880,0.3171506089407710,1.1258195082138400,0.4528230383943590
0.6322317112529520,0.772600517281636,0.447101330001839,0.5877913972515010,-2.0980688037802200,-2.048483610269730,8.550139116070010,-9.10426159652634,6.045104238174400,2.588719621296020,-1.3785582786307500,-0.6104435749462540,-1.7534237887709100,-2.3281185942974600,0.06718239546477150,9.849628981265840,0.9614555272868780,0.676230911605455,0.3836734961857010
0.7876299287030590,0.8543234617155530,0.3330804459914630,0.3162427786677530,-2.3364444151498500,-1.8669122131135500,8.72650959002314,-10.121823292442800,6.248854709379410,7.218190572757750,-1.4694354117068200,-0.8581380208582710,-3.391707186973000,-1.0831980612735700,0.38623462268558200,6.945217874201690,0.41863454334754200,0.9861272294471920,0.47191836974139900
0.6885057119939970,0.9104361715751980,0.43424429240550900,0.28013185184579200,-2.409366342346570,-1.3867381879789500,6.237443899628420,-3.6667748236254500,6.879923292995210,2.287638734107470,-1.7987993006277700,-0.9889864517691810,0.6510875454834420,-3.857135012034390,-0.3872717904256970,9.67460315479203,0.6378556511851510,0.7859549668266680,0.6316019503236360
0.6937492136713930,1.0401337262343700,0.36957914032042500,0.49010886725171700,-1.3469501216087600,-0.5228275475687900,3.707997724658980,-8.033659143385690,7.239194984301280,6.6628755380329100,-1.477801217547490,-1.3733355639205400,2.417956871069330,-2.1360556039837100,0.2196627890144830,9.144053712857280,0.8310553083820790,0.8673536471315540,0.45486379969890700
0.7700920100499100,0.9519010357025060,0.39574816609100900,0.37855618823940600,-0.7719242748054000,-1.4288927829747400,5.404481019919510,-9.390710590177610,7.096714842696050,5.903838775559510,-1.2632399322122500,-1.1497789371364500,-0.1953490379125310,-1.5244707811949500,-0.22779298650825300,13.03795831091350,0.8256622837531970,0.8527536357937560,0.5436045264558400
0.7004117039507110,1.0771761716976100,0.6889457713909260,0.238759564992924,-0.5783726876534560,-1.6582449405907700,3.310945413391440,-3.911938275256800,6.4556142697538200,5.080928156992330,-1.5691455991682400,-0.9508164566904600,1.8628884036345500,-3.22127074465424,0.18047843092761400,13.366887557957600,0.8930523698275870,0.8755391112750270,0.12068428256783700
0.4437343494104480,1.085337332286630,0.5296616224833620,0.5991965308495300,-2.453942900701690,-2.451190460630760,4.457217224198120,-8.849396166676790,6.782942150289150,5.467848617641220,-1.1783016994512500,-0.5033311879673260,-0.18224785199864100,-2.4104495528283400,0.37985192092005700,11.213079680621700,1.001382748161570,0.9997423333696120,0.18002595515065400
0.6956679496092780,0.9801521288125820,0.5299839832123330,0.3437131128466810,-1.6211729019582100,-1.4364546120925800,6.7762276747881700,-6.10025704724419,6.745673414785930,2.56617286224948,-1.6315516286909900,-1.0229884497698700,-1.58123608090273,-3.1402675054237800,-0.5744184088172130,13.195451681111000,0.6967572769753590,0.9034066036809760,0.37276342751239900
0.7931739917475770,1.0793021325196300,0.3037621348784360,0.3832259117548560,-1.4403676655539800,-1.9437787306306700,4.7564118155342600,-3.403899640352470,7.910423790485920,2.6905231143145200,-1.347720846742730,-1.2533998258004400,-0.03120677464926090,-3.581368698157120,0.07498791809385430,11.282703550797500,0.25900919543452100,1.1377520364972300,0.48407365620134500
0.6039362816563080,1.0044386173225000,0.4262867443059960,0.6729051794698880,-1.398075263081660,-1.266792216499470,3.4116087606446500,-9.676323788052380,7.01523448607598,5.9832473115835200,-1.4770680727352700,-1.0558249444300200,2.2768633563701900,-1.5095504979303500,-0.2950901367491200,6.4545299666572600,1.1978962123721400,0.664216326245445,0.876037741920198
0.7184635952128410,0.6852977762455870,0.512932800888037,0.4770165183162960,-0.48501970419642100,-0.36484095274610600,2.218642933990240,-7.182002859336420,6.828739128534820,4.879165314871080,-1.7733736842358600,-1.7116390122523900,9.201638715569380,-3.125976554871590,-0.32653798404243600,8.097313525946510,0.22228317874790400,1.141484897714790,0.5470893350642350
0.748682312000506,1.0040559121176500,0.566636017388997,0.6122768654136990,-1.2582843224020200,-1.4299655393665800,5.241688877414640,-4.747211776378880,7.176230002508010,4.647952247216530,-1.842346866397660,-0.9030323927883400,0.8093915274165760,-3.192934916848010,-0.41997995823066300,13.285467916793000,1.0158924915676900,0.9619539921196040,0.07864402988275090
0.6388025495216110,0.9357931594388880,0.5419905609128830,0.33822331909441300,-1.0401149752269900,-0.9442257605554920,6.683900817156010,-6.538578094676670,7.617724522917190,3.906623975791240,-1.740805565397340,-1.218256720767590,0.2386579810418120,-2.7905824015020100,-0.6131678704835510,11.511483272287700,0.9539870251816420,0.9465708043602850,0.13297506586984300
0.7213625032606880,0.929061328188814,0.3066416060574340,0.36771914124571500,-1.9925707449715600,-1.244341114138940,7.280478346798710,-4.223314450205190,6.912700467022450,4.9793589436026,-1.736101208950470,-1.1569662320104900,-0.23085445761874500,-4.38804448870692,-0.7758673545815750,13.08377444773080,0.5498987164429820,0.8630191139605880,0.29591347267693300
0.7588266200743240,0.9876894789441620,0.6255809268226040,0.6212887284108210,-1.6748768108612800,-2.0295486294462400,4.057556128760560,-8.981191990731030,6.7163430029260300,4.300673048016300,-1.6641657971042300,-0.640419509382131,1.5369688158660600,-1.3638591299268100,-0.8345141201711920,7.9859038135845700,0.689485390752991,0.8192069020222120,0.5528622465206870
0.6471216668182790,0.9260885128864980,0.5879890751344080,0.507927291014983,-1.658658685056610,-2.10477648618376,6.514377089321120,-8.350040683430900,7.12210851088604,5.697973539486510,-1.4830002989203100,-0.6214903224042670,-2.1027174405872400,-1.5694491382689500,-0.5283387591013580,9.593564183195910,1.119751794716260,0.6069391253721160,0.17045652859133300
0.7239587811416790,1.0432520813238400,0.6584095126810610,0.38236795021848800,-2.4188700372345700,-1.0547999957181800,2.9757499666354800,-6.974117441633580,7.053006244146610,6.823949042158550,-1.0860484706748800,-1.1853424136227300,2.7399908988906400,-1.8876161321042800,-0.09073962401847870,7.5833714549446000,0.7128758824868330,0.8976488240020760,0.6430741029413000
0.7939018077995140,0.7572809724038910,0.545294154039657,0.5709273331727480,-2.1263275163107300,-2.2793722420166200,10.770473783817900,-9.135545593428790,7.374131448266240,6.906091455187520,-1.5292616589834200,-0.5530386055290530,-3.6310656631603800,-1.679566702199280,0.159581965743426,13.901255989401200,0.5156201242319040,0.9680121191914210,0.18072314800398300
0.5978741830902630,1.0013705679554100,0.6389041711488770,0.5754694576912800,-1.8276307904969200,-1.5972228147404400,6.607052584621930,-7.837561644634860,6.352580018245900,4.1681535887078100,-1.3631473109086100,-0.8706932162504460,-1.922180902944360,-1.480942435984180,0.274812407559808,7.037189076313670,0.985579097099724,0.9945197715031010,0.5555163158383740
0.7030434008810480,0.8857681767231960,0.6159566175244140,0.28765959384921400,-1.457269347193590,-1.6010699566502400,3.5453750066102300,-7.872188594558120,6.387752324570830,6.710442933855000,-1.7216841885945600,-0.9409241896564790,2.381911427290800,-2.3054146937403300,0.3787016391737660,7.9767520792245800,0.7908966078578530,0.5403236123781220,0.5107746662813650
0.7138671766468640,0.8903392242589550,0.5668965989282340,0.47579272852120600,-2.498413152295160,-2.1187614084567900,4.847653717683720,-5.371967217639280,6.203470777932500,3.0638370875901900,-1.5787939861616500,-0.5410423421619420,1.2467282239739200,-3.4505340233214800,0.06690349096958290,8.281360977180550,0.7215151855330770,0.6338273088041060,0.4900279592762330
0.7761989762072170,0.9603658167495870,0.3706350007534470,0.36327147574934500,-1.5655778506361600,-1.9329887053741200,5.182633157361680,-10.323687718184500,6.771726056252990,3.329120081525470,-1.9084826274288700,-0.9409313254075660,0.10926392747421800,-1.293956628375840,0.3009521274312800,11.278568326354000,0.3342304525645300,1.0071916559491700,0.7823725830163950
0.78949335431383,0.9538877640623740,0.5985190146695640,0.27406287482491100,-2.2486209161882000,-0.6362697012075530,4.049821003352840,-7.054639564235370,6.37871026887818,5.279105705492270,-1.570852188682310,-1.2368361758543500,2.7111444349961700,-1.9772234704469900,-0.16923099678985700,11.794916659437800,0.7694903587024820,0.9398779008837740,0.9212799766136990
0.740650145711994,1.0591537883753500,0.41030492941235100,0.636719614137452,-1.1837726310097300,-0.8836447227617760,3.799371105532660,-5.75788030229773,7.620117290748500,5.992495160259480,-1.2779307067074700,-1.2762003104428200,1.3270720240658100,-3.048858539093390,0.13061427065061400,11.933713132431400,1.1419706575916800,0.9509346756396150,0.9707503957514230
0.7154929896648360,0.9132885169963430,0.24124276026168600,0.3782156256296360,-1.3104304620353000,-0.6451494632220920,4.135947868759570,-5.219481903659390,6.9095071235972800,7.264204891795600,-1.7305385507230400,-1.2835677618956200,0.7071754892811090,-3.418890953519430,-0.022235364545540900,8.451235296602340,0.9667125936717570,0.6639003184909020,0.07685332810033110
0.7295354295587020,0.8049771880520420,0.5211814923253360,0.28229379199042000,-2.113875831348750,-1.1621230651240500,3.4401594679530200,-7.3997801422614200,7.4863204795892600,3.6205232116934100,-1.8180888844220300,-1.1223235849074900,5.630542984369460,-2.834393466253640,-0.583667186524086,10.543728762117100,0.6568018016769360,0.358040983064584,0.9028878674742340
0.7055692433543660,0.8155526939811340,0.6464896110507200,0.2655817382465100,-1.3961740951692200,-1.3945334681785000,8.280287203142430,-7.655266542729100,6.5038806281838600,7.8364673129088100,-1.6702598458317400,-0.9367256799088680,-2.1980037366846300,-1.5373800152187200,-0.19357283202230500,11.595227235168300,0.9586027957604890,0.5978777687586140,0.1664082250518190
0.7297653540502380,0.8706324716349220,0.5173382492821690,0.3788895917881950,-1.920087150893120,-0.9510045182302980,3.9211763622431600,-10.4687864153823,6.939252746854900,3.554994215581990,-1.9508401456880500,-1.530453085192080,4.64106709645206,-1.1071991686428600,0.24722328580193900,7.999672995762590,0.24223446289172200,0.9193427993695030,0.72642846017277
0.7586850998537290,0.7862608978660640,0.35655369803703600,0.5068366820705360,-2.1412580993878400,-1.8745128926273000,6.585229584591260,-8.10583565245975,6.451719730360640,3.7238365181703200,-1.2255311170838900,-0.7202760605117100,0.7517446880860800,-2.347045459284840,-0.7006759695593250,9.11321528581287,0.7994163610574750,0.5124930100156660,0.5752702111450940
0.7699571546667940,1.0072245535895600,0.4932639366646250,0.5788139878285210,-2.150222908136270,-2.0611450703927200,5.331390628128890,-10.885068611563700,7.192695766992990,3.628038422524900,-1.7643084362457900,-0.9352829842830220,-0.24297399490034200,-2.184301532682260,0.38975826066581900,9.556706666129,0.2931844618502550,0.9951670038878920,0.6032227904279370
0.7204730477586260,1.0465915005222800,0.5276159455798420,0.3618558649096890,-1.704086412603430,-1.40046845353808,4.362358771164120,-7.339085097262230,6.900417191045340,3.8644888538309900,-1.8231324069658600,-0.9498713404948480,-0.4131307993063960,-1.9636055866615500,-0.10000097547204100,6.730668958086980,1.0201894974521000,0.9798860373576990,0.37111228618477300
0.6950190625264530,1.008240697570580,0.36426168653927500,0.29165613486825800,-1.95644784643875,-0.8547551419301290,3.9933746320037100,-10.302836084654100,7.442205139369390,4.610432407175290,-1.4284829789063300,-1.1696881406976500,-0.2948946073467640,-1.1303606494731000,-0.40934624457656500,6.044410242969150,1.1172775350675000,0.8518662668476020,0.6886177354690210
0.6851518469374490,0.9281417216576920,0.3710063848673610,0.44004084113092900,-1.5971006298787900,-1.4665208031939300,4.691754236539420,-6.05514019855761,6.638066456655580,3.4284027692976500,-1.9799962108175200,-0.9376341440686440,0.09559675547729970,-2.896952886030090,-0.07940451315212790,12.737680810928600,0.7620661280991640,0.7171464009876440,0.36849839982495000
0.7039647935053320,0.8437289797963580,0.26352364538971800,0.6192400448546960,-2.443134416363870,-1.698100264216610,7.9338480909037400,-8.558907123769390,7.016775721626140,3.9997254991409800,-1.713373366382760,-1.0725068477630000,-2.2100686602243700,-2.0437080854452800,-0.8363354023670830,10.297023809416800,0.4674695032012410,0.6674643559273520,0.3337518418037240
0.7908490373242090,1.0859457056113300,0.4696837283140120,0.6181215375799480,-2.2291512615048800,-1.8146451864202500,3.6108585524184900,-10.60388380923800,7.610013150104800,4.015290294103350,-1.425175829119370,-0.8592125042761600,1.3854854497203700,-1.6150291246986800,-0.3874166695604590,10.433508429857600,0.48070254183220800,0.891140793530692,0.8056915925914420
0.6853731568404220,0.9649840505089770,0.5264700902919050,0.6410434970659560,-2.024585189026430,-1.9540251807480300,4.841734466860060,-7.1553446347361,6.835793965214450,2.2540958875800000,-1.903037627091390,-0.7349126432032970,1.4295764350097400,-3.4043808724766400,-0.06648286005378320,12.4780529151155,0.5879016439518400,0.9490987189921400,0.2456188694541590
0.7373398747758,1.029469814727960,0.48902727412050600,0.5288923735703100,-1.291339886442840,-0.41033895397855600,2.6912340292009700,-7.740291406138220,6.745139439643740,6.014906379910700,-1.757225932686550,-1.376194951664030,4.074577397806010,-2.2394631098652500,0.0282282681644125,8.10730503882307,0.7694724636974180,1.0730822615475500,0.8257390502052140
0.7444616242091260,0.9337682236521620,0.5074935116085540,0.35177056969390400,-1.5455671833623300,-1.9186842546543500,2.4132872227707900,-10.199570197891000,6.562218167466730,2.0033502908232900,-1.490622101758570,-0.7670967865744200,3.081258163686800,-1.1814517744269600,0.38356983127252400,12.414782411917200,0.6164026472687170,0.48323821704040400,0.3165497332844630
0.7478207595153690,0.6734345024681230,0.6231624777247820,0.4890678536567590,-2.418831199930020,-0.18850200321545500,3.3952966285080500,-7.710845914016890,6.584160972482720,3.771215434452570,-1.8450054223964500,-1.5674646659829400,7.527212497100510,-1.2429482067310100,-0.29868311950591100,8.976811405280260,0.24718602754317300,1.1200516923576900,0.6166523699407490
0.6733951945295000,0.8110319284817200,0.37090595398521400,0.6044671832137360,-2.024324974037630,-2.2926067612023700,9.273005367834310,-7.262839072344790,7.502740997560420,3.9145897315754800,-1.9440557393478700,-0.552109284357556,-2.9107686780850700,-3.5538689341198700,0.17389011407026000,8.884680561612320,0.5326724028353690,1.107315638036940,0.2544295895139890
0.714265937510794,0.9683790728539040,0.28205154732299,0.6061888259898440,-2.238141276897440,-1.6647996137847700,5.24445442528733,-7.572004180831020,6.986661098799410,3.1083416081702200,-1.089900364188530,-0.8349415278801660,-0.5784601972951270,-2.7129607096729100,0.22634009362419100,9.95452027210929,0.8467135336954420,0.7421209634445810,0.448177077699398
0.7521457100865100,0.9656025977332580,0.350276354313215,0.48252454797908300,-0.5777735405262010,-1.1022970452390500,3.952621266355560,-8.579026557696,6.470937620459490,4.818713121156650,-1.6026037601737500,-1.4774404060558100,3.034349132368550,-1.8860216041266400,-0.18876540303854000,11.549390124785500,0.39371375693128500,1.1634413658842700,0.7777257821372100
0.5843947420944960,1.0301977999611800,0.4202758068733450,0.49785772718662600,-2.381540898188450,-0.9118651654935470,5.2384645512121200,-3.9257551053174000,6.468070599142910,5.801791757036080,-1.2132687957168900,-1.189759843195090,-1.2244810249048600,-3.7262672364756500,-0.01154499324322910,12.690615813598600,1.1329160106973500,1.1686642753309400,0.2859759523189850
0.5971627959159320,0.9136334713374040,0.40131039765865900,0.603101931356999,-1.6314960963525400,-1.393316865834520,8.157167760274630,-2.828536740835180,6.956847106231170,5.908752410576230,-1.2928077950121900,-1.0286602655190100,-2.1457664154442000,-3.6157877503577900,-0.6576941635990510,7.996373325370880,1.09877157757875,0.958303650584365,0.10830890073383100
0.5892713243518220,0.9617194396256740,0.36342003974425000,0.3882307646007810,-1.907110629194170,-1.827968784322100,6.841050554564230,-7.744494519362440,6.406935639023640,5.88891002456847,-1.3571708862789000,-0.9443832583357530,-1.2131547103535600,-2.6419777362368600,-0.6505665608880660,7.252689851315250,0.5240348544587600,1.06773557062155,0.49737320857915400
0.6842716927836320,1.0037870931930800,0.25848387292017400,0.2638108692373420,-1.7029128566324600,-0.6780532093280030,4.144699291886880,-10.557314570785000,6.51741496312253,6.150184466140930,-1.596759998945600,-1.3934817180984300,2.1821937135052900,-1.4256433751434300,-0.23980483462904700,12.265423392489200,0.5851925922812730,0.8518063584980030,0.5156185739032120
0.6728873008964420,0.8171654546150060,0.33987932623332300,0.4154185849188580,-1.9288202527471300,-2.1776898946047700,8.688708648729880,-6.77244349731153,6.884592021444800,2.5214293276312500,-1.6010738635260100,-0.5246724623345260,-2.8931227233657300,-3.2417630191876200,0.39227995292922800,9.56360300707542,1.0644322866996500,0.7423650585719260,0.78105922163099
0.738563276077108,1.075730796445980,0.44626130014856100,0.5206943407709860,-1.50134573003889,-0.8434022991620470,2.86722890474801,-6.100083232115370,7.316462368920760,4.695582920376230,-1.298529928354320,-1.2765648971323800,1.522067640092150,-3.523359900485430,0.32651968834357800,11.254549665527400,0.9151451594302350,0.8566259418631570,0.7803555090686240
0.6785914448218290,1.0618007714358100,0.40578501433160200,0.25953317792607500,-1.5565712256611900,-2.0165054032476900,3.1969072368886900,-8.34973265228046,6.265002026588700,4.680294014366320,-1.9088678557690200,-0.6357301117186150,2.2345631142489600,-2.096971802957260,0.23660114172781500,13.32998503698220,0.7185431438987760,0.8718752513729140,0.33245120287407300
0.6112338279483340,0.9083165617914990,0.31248235383601,0.4529746627983610,-2.2712732555335900,-1.4754753638535000,8.391704046923630,-6.7413566978695,6.812055852516660,7.004510746264320,-1.863012798489030,-0.9885784999877960,-1.942056044208970,-3.1194564925134000,-0.9061524243268210,13.179145653468700,0.6249228753193090,0.8602776414670560,0.3316637736322250
0.7602684554173960,1.0585674807762600,0.5475496896434660,0.4112676384117990,-1.1842413559033700,-1.40618213613697,2.882786874556890,-9.624625215389260,7.018908185219580,4.950210711029670,-1.3108980627276600,-1.0902772173871500,2.213137128799280,-1.9773737460964300,-0.5372082123387100,11.466608848112600,0.7930846575173130,0.8910599426500840,0.30396821117425400
0.7462624017067600,1.048873584433260,0.4505615296975200,0.21343989835753300,-1.1493677228342400,-1.7240559183097400,4.777334797756500,-3.292794649347010,7.024962395153010,4.947014174599900,-1.6846277839381200,-0.8015829387927090,-0.47447147788443000,-3.028258242593710,-0.008905828267039170,12.47817528997390,0.7857440755787250,1.0802791130937400,0.7133066470496240
0.684349579411212,0.9327630216721100,0.613381122674399,0.5799345865019090,-1.7673873367426000,-2.1096068416150800,5.2791822828563600,-5.601003695172350,7.684363603881370,5.953405269589880,-1.8210341300276600,-0.6596030010062680,0.23391532185162100,-2.138050724961310,0.37313275136660200,10.037479198628900,0.604755719575506,0.6848035118913040,0.3670507598254740
0.768371253765016,0.8375558576204890,0.5574632356891040,0.2991354376406820,-2.042408372188320,-0.8792284098093360,5.3115641744297200,-7.274433571786220,7.350209186253710,5.037918384265320,-1.239387749898940,-1.453723640971910,2.639297742137750,-2.391691916132620,0.3452780851737740,12.24681619122270,0.3775974153638420,0.9621186509461010,0.07549595433625740
0.6465243324729940,1.0099866780761900,0.4057542512271640,0.6074710948602500,-1.921313073468180,-2.033631539702600,2.181584769244140,-6.173503319167540,6.893227220078840,7.651197118165630,-1.5425728578352300,-0.6166446203925970,4.228721575462650,-2.454740573167710,-0.7163529067577320,11.4869468117298,0.8557155307326440,0.7698900063259850,0.700068512518904
0.6695141124627540,1.0514017574406700,0.45352492182817500,0.33403217842566800,-0.9613937206874600,-1.5056255404468700,3.9460165280046600,-8.084274141490810,6.317620666548970,2.0593023461157300,-1.5881564981903200,-1.0988524544997200,2.8407409138150800,-1.9188759487261000,0.31251051413966700,10.9842431213393,0.601911937311085,1.1464695382928900,0.36240026215349800
0.6896384862431860,0.9238798395421770,0.5266253447137290,0.4664388417580700,-2.0372638304856000,-0.1000257617275170,2.7364528154582500,-10.68571684786040,6.5835343555510600,3.617606558748700,-1.4302990845127100,-1.368903684939150,5.3406514178767500,-1.271730710239100,-0.34440775572747200,13.48093217101680,0.7177898964912050,1.1813755288025600,0.7674523590299990
0.707199151090505,0.9930462861798280,0.5745081609772560,0.3975241230500880,-1.5303346487103700,-2.0574240269777500,6.867066771982250,-7.418498767001270,7.103550665190310,4.790926981245340,-1.641386700888800,-0.645972193160274,-1.107813626680440,-1.9603827574743800,-0.0020742716085110600,8.05964976960088,0.7850461597665910,0.8124962107528310,0.38188253389891300
0.6313675950869960,0.9340171324403860,0.44582323412096100,0.4841233969969570,-1.8511266735316600,-1.760360159189790,5.823620669879730,-4.76561526287103,6.31041177116194,6.328006480958250,-1.6758569743041800,-0.826289361275955,0.4421041893393070,-4.155532330122930,-0.03916450024709650,6.311956936460610,0.8152475566066640,0.6013111399792400,0.814229548309364
0.7664501886431190,0.8824453032401320,0.5446573489567100,0.36195492279645900,-2.200753978226050,-2.0250886620488500,6.473973415413330,-5.4949545501103500,7.446125796395740,7.051436257798750,-1.7544344028739600,-0.7867922887862990,0.5968922888733260,-3.3000880761100700,0.004325385043725480,8.043115777157920,0.3460063175315440,0.9684085687870380,0.7539294066900550
0.5914653330211590,1.011304975509850,0.4702406671438010,0.6030849559749900,-1.7763197321114300,-0.9021476533355480,4.551127230573790,-4.257978490800850,7.304868977716980,4.602339541204790,-1.6720778523879000,-1.2032800919304500,0.549636112151255,-3.6000704609402200,-0.013379323957199800,8.462234238052350,1.0135778876760600,0.8456935643685150,0.7343062949645460
0.703445323016847,0.9269286980415280,0.6151797899144690,0.3286205416538480,-2.38894158416658,-2.3669203904594200,9.053232427379160,-6.707490605623920,6.757567122391700,3.698004000257020,-1.8947271175531400,-0.5046220927452760,-3.502436441036350,-2.1347361332402500,-0.2757609620646670,13.274129093334800,0.7979053324251420,0.9704791242071450,0.513805962392222
0.778426547793843,0.8723905361303310,0.6514351690982210,0.41373464796185000,-1.1852854569542300,-0.7157236703960050,4.327999362846790,-10.363046378700400,6.126810368475030,3.3314745770574800,-1.5658597339456500,-1.4134379430922000,5.017139474366440,-1.3519923737746700,-0.1606757007784090,13.913141512124000,0.428735106122918,1.0780266704121600,0.3528079835806890
0.5496917491487670,0.989033239236065,0.2667360061484790,0.45755285066009700,-1.7738548271821800,-1.3675148633046100,7.449255582400510,-8.41438176236769,6.826456868499170,4.822894075436960,-1.6139647935972500,-1.004019711404810,-2.574039035415940,-2.030401342382510,-0.18700946722131000,12.113618385992300,0.9670928820217230,0.8927592540041980,0.65125068328009
0.744975136290284,0.9121268277715740,0.6007558472478090,0.4160200361002390,-1.667650795344440,-1.0894975495060000,3.4475025785743200,-3.626580791790640,6.9363814739005,5.851839089575110,-1.6805589187058900,-1.9025385319567600,5.78299461010414,-4.9655566646716300,-0.6172894210668020,11.915745404641600,0.14588314327163100,1.1371734990096100,0.10001617760542000
0.704791677475854,0.9220787289430870,0.5079556141638470,0.3563898802678530,-0.3371792765486810,-2.15860564081848,4.782917574134940,-5.18624801361987,6.7801042319989400,4.0193339635894900,-1.7292272393686000,-0.5340074329932540,2.1403922340872800,-3.3982324439104400,0.2611628876847740,10.66019254804940,1.1197557596327400,1.1399783146649600,0.20047820991926400
0.7185142430763380,0.9807713886595240,0.4936434258228740,0.5823114621337350,-1.6858178117719700,-1.6971840501048100,6.535841334743810,-0.6495578055578210,7.074555869687810,6.9359927531759500,-1.805520560304880,-0.7651801021262700,-2.7515047524175000,-3.4257947064824700,-0.3112585945347400,9.987497506705240,1.1944130553411600,1.1947894326347900,0.37238926415261100
0.7184747179692200,0.9951146054645330,0.5673314748451130,0.4671939989083840,-0.9900512029065510,-1.4036242208216400,6.7549373978673500,-10.500600593571500,6.366247447678950,5.107817257514240,-1.7967657066301000,-0.9618724126412050,-1.6168298300966100,-1.023980221568000,0.05862077002845110,10.751504507641000,0.8414697820984560,1.1960879862326000,0.18136454854609800
0.6496598095859960,1.0762306184012600,0.47450712709376200,0.5950707966307570,-1.8044608347801800,-1.4880827657379100,3.2030709055240000,-8.310532785804130,7.267044582800950,7.956787301376030,-1.7034173148780500,-1.0444741783924600,1.4719100463881700,-1.551577879536110,0.07402814137603940,12.685322395794100,0.6155627823902670,0.8883039553857470,0.37595670481283600
0.7351276458994080,0.9864642935116780,0.34870326525636400,0.5379266312673470,-1.7677129958653900,-1.995869530853150,4.0940177270449400,-8.953623783442040,7.286408886162760,2.614374874749250,-1.6223604939142700,-1.0901786843814000,3.263496674673850,-1.8678484750061000,0.11212524220163700,13.942875761087000,0.2586770490933320,1.0534229539779400,0.18580067690381900
0.7983270150777660,0.8806069080891790,0.4745990331761400,0.26376260328418100,-1.9022851349667800,-1.4539005435792400,6.933125943005340,-9.871272624765140,7.08410414361871,2.274076667598530,-1.9905042908475000,-1.0099514526549000,0.2451964635390410,-1.659795459168110,-0.656844027500735,9.124913207878290,0.34006670032601700,1.1478223608247500,0.5688449635543270
0.7649212666099230,0.9288859663385540,0.30176894564902400,0.26423486639500600,-2.3134203424562800,-1.6028176512630600,7.202275503857660,-7.199028041070930,6.584672359073830,6.2363825524583800,-1.6605085540603500,-0.9493274436328950,-2.6572726687276700,-2.9874587713717600,-0.1905492775986170,6.0342106903400100,0.5317047365146650,1.1740892419297600,0.7754971873551490
0.5866782907312350,0.9191603863965340,0.4939941453447060,0.5308864874240860,-1.507146513089720,-0.9722621449530690,2.4156469478059800,-8.25536842209464,7.1584878839323700,7.710874658816980,-1.8556160433154400,-1.1640478531699700,2.8402780771096800,-2.059669290536920,0.18003867210324000,11.126241306312700,1.1467434146784800,0.6496311659580680,0.6576268199236690
0.7844833068696790,1.0933378271884800,0.4480930084322560,0.444636123120964,-1.8562000664544600,-1.30704672106738,4.205851737137980,-5.770014880683560,7.8685505183792,3.2221448252654700,-1.351132412746410,-0.9613456416602380,0.19641847619061900,-3.2860113225751900,-0.5386138908584160,13.484729952436500,1.0752598721531000,1.0523964726385000,0.6077708294456220
0.44092983253229800,1.0743272869783400,0.49609264722426500,0.5098891589048940,-1.82867571880957,-1.4362699831384600,3.6631107716275100,-6.385309839302610,6.811964060275120,2.6582238029332400,-1.5682161581224900,-1.0366970459827500,0.004523344440729990,-2.374541311835610,0.2707937277571630,10.016049257013800,0.9294967310497570,0.961183966617167,0.6375591435927880
0.7579761402877620,0.8263950458585260,0.5482267517345480,0.39884423083068100,-2.2539286777567300,-2.0664735039004800,9.416398396025380,-4.210983437190090,6.722733979998330,2.6197346359966600,-1.7969860898151000,-0.5470127575366950,-2.947010386396540,-4.0143755329658700,-0.399479573265368,6.68230457185198,0.8671199883956790,0.7997231755323000,0.6770315701416930
0.7742998841244230,0.8914164116499000,0.32993205352443300,0.6936234383385380,-2.4183032901289500,-1.945390575049640,5.227061681338930,-8.367688449300560,7.121574364669410,7.388819449346100,-1.8782411308252400,-0.6351606673038730,-0.5609158692817000,-1.0601577404996000,-0.2959170945932860,11.242753786539300,0.768685680318532,0.5813189880433480,0.9495338378382780
0.7287924490971960,0.8528351108969820,0.679919738337684,0.31108908495468800,-2.2535672241446900,-0.9365316285659560,3.5307921405463900,-7.301406917344230,7.239343295330930,5.265946298089810,-1.1468509084309600,-1.2512546248928200,4.111451510313740,-2.6315128993041700,0.11873644548217600,9.516203572787630,0.758506679017313,0.5647708332320150,0.6833794367773250
0.6976819115257890,1.042847474892580,0.2367052517677510,0.4261339473411430,-1.9076599921765600,-1.2426468980705300,3.3025396055320000,-5.463743985626640,6.44906291289625,5.976899130159640,-1.3172569420767800,-1.0428736288633100,1.9756711679073900,-3.5222616739056800,-0.7927572477898070,8.990436674468900,1.021730987591940,0.8464203099638600,0.35689744480817900
0.7620947757819590,0.9749655251928710,0.3620971158170270,0.46312466062019900,-1.9426854109365600,-2.1534334322129200,6.787869876602400,-9.984340513819850,7.686696579773800,3.1512168251393800,-1.7018513821786900,-0.6515216137347910,-1.5342674437827000,-2.460618252559430,-0.20044952724225800,7.647291924729210,0.5472030475726310,1.0878253704464100,0.42745179274290900
0.7139431401120650,0.9248614200975810,0.5108442111953020,0.3608313884357250,-1.8622649963019700,-1.0555844475429700,5.625155843334480,-7.746419775638580,7.453784608301480,4.2761416632127100,-1.4098010593045700,-1.1680925605961400,0.6015216346245760,-2.326874651137690,0.020441640335458000,8.886215529623660,0.7969550047596420,0.49607576842336000,0.35372754449610100
0.6603769302243080,1.0714923984452600,0.38653071562400200,0.6556541053946200,-0.9545668875711140,-1.9737071420208700,3.448072690621140,-6.766651372260150,7.546818971246970,3.9200609284546800,-1.8357543376822700,-0.6548215394222720,1.831135733393410,-2.763284861053260,0.23374006220948600,9.5823510921842,0.7868687813596540,1.1402096833542100,0.16369822930431800
0.6607476568035160,0.9267837451366330,0.3904586998383330,0.5287818533868380,-1.1519661063867800,-2.2038375056186300,2.2519524891444900,-7.57095899214095,7.391890007426130,2.229437947082470,-1.734304779800150,-0.6378499040399030,4.871059815314840,-2.4162921593998800,-0.5024953384443550,6.376511204885020,0.6917630274851520,0.546504990758509,0.38954140260213400
0.7516508287219610,0.8755901486806680,0.6251327721873000,0.503330063737097,-2.0418641538194600,-2.9824348773788200,6.977869227877650,-3.0569979761977700,7.043454970155060,3.6022329895437900,-1.1445747147986200,-0.6236466697908330,-0.143998104447839,-3.2287431013104200,-0.03228016357233190,9.127393874011080,0.2561913517466210,0.955788964659296,0.7338908486188490
0.6885879196171650,0.8496281741142740,0.2892813176885720,0.6527298247676810,-1.5175807352823700,-2.221743100365540,5.704018749879280,-4.453183055145160,7.521429528822740,5.460192719962440,-1.678070539141800,-0.508396868915006,0.6117621000767510,-4.081893142603390,-0.34773090273218900,8.177679226358020,1.0026549333005700,0.5486156114296630,0.6872601160426900
0.6300888369154020,0.7685639177518040,0.5568838732544130,0.4662777737005440,-2.1759174323637500,-2.4747140369282800,6.910843854151710,-4.870797326567520,6.931609830207490,5.172839597342380,-1.1620617854749800,-0.5216865870567680,0.5147888690633750,-3.2689108273763900,0.27070278556526,7.162419420575530,0.716031753259343,0.7407299935833790,0.8267406552807430
0.7503831973028870,0.9752782155571480,0.24225560631288700,0.4474613430967920,-1.3753190295620700,-2.2332984860537900,5.043515483690190,-3.562213966834710,7.097319640165310,5.712776259768670,-1.318286463941940,-0.560364703817525,1.2322905685157000,-4.9096967115702100,0.2620249059078240,11.707871034420900,0.8908139237480200,0.727688432019814,0.4601837532364660
0.7204562788423290,0.971986018952136,0.5710724636478100,0.6358017271097410,-0.7743888900916130,-1.9977274316591100,6.863848270718440,-6.075740811978590,7.736905832577770,5.271020161131510,-1.439690543804020,-0.6530558772034790,-1.3593233699367300,-2.0679836226005900,-0.8169423154039800,13.191908060020900,1.139458423190500,1.0926098624401100,0.07618503481046640
0.7581798090969710,0.8543935688784920,0.38720047093825200,0.4920564583315630,-2.1765504274793200,-2.114430339429380,6.366203617626050,-6.235014920127620,7.409432025192690,3.3558508220977600,-1.32941722665348,-0.585642850162432,0.6784572350488770,-2.9230099101232200,-0.3655977651194000,9.350637946626220,0.7455353406452410,0.7182153076159410,0.4615685493197940
0.726868399219151,1.0001429975565700,0.6381675799226280,0.29414062234496600,-1.2419486580796000,-0.5970078179088860,3.5301082388530200,-10.45776080107410,6.020541252399180,2.105451655445840,-1.7995051611268000,-1.302067899807020,2.0204346658371600,-1.569839795189570,-0.5267702012711200,13.16991685666790,1.012725523552030,0.6623978067180340,0.29889452828771600
0.7302789401411790,0.7928837445137650,0.636537607035274,0.5991612669030140,-1.944798690395020,-1.8467744451986500,7.7143190650185600,-8.376550155783300,6.845222358375720,4.44835562956333,-1.687206316362870,-0.8297992901071800,-0.8365710617323260,-2.5198493817860500,-0.617035987496555,12.774469273307900,0.5088486365801660,0.9945071569976470,0.4564866035588630
0.6650549125883570,1.028015645736950,0.33294484885472600,0.5405313425800840,-2.47089601519292,-1.0096629131781300,3.0591367876941500,-5.618214329281360,6.049169507156520,3.628463032960930,-1.1893908663061100,-1.2948254070289500,4.4782099980806300,-3.4670013553652800,-0.3259493100280160,11.605969835449400,0.51284212389746,0.8947267287243300,0.6288743092958770
0.7730737523520610,0.8809296899618100,0.45913372084794900,0.5376267428625440,-1.5135854130722100,-1.842062996100050,7.8085541525633800,-5.186496935347630,7.225019253395390,2.912046083622240,-1.4970488739207000,-0.7559939899198560,-1.1895650206780400,-4.016986483396340,0.37469823399051000,9.89710378207277,0.9878974341725550,0.6303622435528270,0.2588485132023020
0.6345941965549260,1.0606564351663900,0.33988860595083900,0.3836136890126110,-2.447222651989300,-1.4219669959583100,5.618916355217220,-5.5198504503443200,7.005866611910200,3.6912565866859400,-0.9405476795330700,-0.9901572201989030,-0.7219469601785010,-3.6855572182468300,-0.5307988624938370,7.323069060330500,1.0102378362502200,0.8874664937949920,0.13588784728363600
0.7755600291926470,0.8008392367604940,0.38187497039442600,0.49341935474681800,-1.8105934556940600,-1.6955629144219000,5.793089699091040,-9.272543748171550,6.289359452050290,6.112694308209810,-1.9519907137258800,-1.0848101847768400,2.0384676767845700,-1.8534201413088900,-0.8180770338863960,13.485878331645700,0.311442189174563,0.8180406716299050,0.9521772825359070
0.6266555963349480,1.0362686819117000,0.415360352521589,0.2686469434704470,-1.3513623646973900,-1.6604184120123800,2.990554167566240,-6.09049147144142,6.631699450444670,6.247207174202900,-1.9101686271490000,-0.9721102874803040,3.1307038410409300,-3.4826115223580000,0.2848086928886400,9.075068968529420,0.5354867462078740,0.813551096604963,0.6601174191317780
0.6707881507208120,1.026062164116190,0.537403507900831,0.5346365153232480,-2.283575482365950,-1.9304081324520100,6.141447873387230,-4.222876127380180,6.922798010572340,3.2679380115462300,-1.6010646434806500,-0.7022396218540490,-0.6316158736405030,-2.8187108890190200,0.05291037690866590,6.131557280313370,0.6603030512129750,0.8812923382088580,0.8758493580851610
0.6264371880436040,0.8268609299535700,0.5449258995122990,0.21799501512424200,-0.7819582347162100,-0.9803001212408090,8.658333657649820,-7.014088222118610,6.00763344231471,2.1942907322722,-1.8927979623662800,-1.2007942271235300,-2.197680478596310,-2.020880637769220,-0.3705319869347720,11.606263904522200,0.7738449584701150,1.0957415662765900,0.8866946186856650
0.7978963354104990,0.9838193831360830,0.3781452814795490,0.39523298214027600,-2.3100755771591200,-2.2331060294678700,6.782792321750880,-7.895629929059240,6.4912453963976300,4.430220742898920,-0.8919318388114560,-0.6730933269170100,-0.7655418161847650,-2.718617378419190,-0.17526125676405400,8.795947670252510,0.4218839766708280,1.083287728676390,0.40187089054146400
0.7765819894425910,1.0999730455250200,0.578633230240504,0.3429038687870980,-2.474296623330240,-2.1294632827927800,2.8270545743320500,-7.92010669395258,7.887507167706490,6.5752184640107400,-1.968134167651470,-0.5823450776325110,2.7466320377832400,-1.2987936088787300,-0.694690554599797,9.984081051066320,0.5965962217652850,0.7153371857469010,0.7057576786538070
0.7610691109288500,0.9738445874262160,0.6408462515701290,0.5200273008238940,-1.3086979982630200,-0.8968090490019900,5.433526026906240,-5.5470474589601300,7.002542859114920,7.95761112655889,-1.8110558294613100,-1.1424557857880200,-0.6885197317717730,-1.4648015125920000,-0.39022810472731000,9.065565583785180,1.1648304850429100,0.8096514131757220,0.1472491187211760
0.7503251750715020,0.9284957299123080,0.4355071302968510,0.3393482847193910,-2.122033836192210,-1.7697325895659600,7.066310656174810,-6.998104956012990,6.408909569516140,5.0249227457657700,-1.4079108395781600,-0.8435054928509480,-1.0290480476042800,-3.1902992107741500,-0.15129475473331000,13.686065509162300,0.700799211651809,0.7662111780465350,0.9110193646509790
0.7245287013072740,1.0861514545258700,0.5000270190236700,0.4889543806585870,-2.191896917607930,-1.5810040317326400,4.842962451197230,-9.988108271598020,7.70961009871627,6.766882653776360,-1.7872531239849000,-0.873588014042197,0.3424819199580090,-1.1503758482816400,-0.7602823746196490,9.471422169241960,0.8641559041950780,0.7299127764069380,0.9559453826504870
0.7602148404111700,0.6994470165216620,0.4076417858487860,0.2535570942653410,-2.0937674955221300,-0.8273645168548260,3.6980193719274200,-3.116825464918810,6.987424722271000,2.4336853991342300,-1.6361083594260700,-1.3080714649416000,6.577312069529030,-3.9183644196809900,0.06039244359158140,12.603404405855500,0.430210614432836,0.7549314372608110,0.6983967399199900
0.574426482617679,0.7205040978747220,0.6408147285025800,0.43341450013512500,-1.3242904355698700,0.0058833085346256000,3.452685407520260,-6.959226061954780,6.545544270345580,5.409758234164370,-1.9904180812709000,-1.5911709333573500,6.353305080656600,-2.429379415579500,0.08472643485950170,7.737312652978600,0.517299357970458,1.162360744321240,0.10539570844316200
0.72339741240807,0.9265074151973220,0.6178501823624810,0.270743259175248,-2.0995696986893600,-1.459518556790900,5.843157697336210,-9.479637817562560,6.569509526141960,3.7712826658940400,-1.8649989606359500,-0.8862702282415450,-1.7323244274843200,-2.607647303314160,-0.020855779743355800,12.47278216214970,0.9917060728281710,0.6307852286385980,0.9788987690030000
0.7550089681910220,1.0747512260782400,0.5651592329846300,0.2779440772338110,-1.6831602183062500,-1.2006713019533500,4.118919021096560,-1.9754601053759900,7.62442721093403,4.4121856936251100,-1.6972272808859000,-1.1923165472871600,2.873544389116160,-4.372607871128670,0.2682391297632010,6.3724573472474800,0.4801944051922720,1.0531375681385700,0.8643873586228460
0.7121300905520610,0.974150772853445,0.695156720536923,0.5641753258293450,-2.0806767644129100,-1.3019269261583100,6.516103561558400,-4.1113546954658600,7.680027383046880,5.05964181699268,-1.7114405794985000,-0.9711086701117580,-2.137648056232050,-3.800289523562630,-0.17866421265944400,12.175635043988600,1.040883179385550,0.832948589928881,0.22061107825938900
0.7377998813872760,0.9473027482494280,0.6760853630462570,0.43949592462530900,-1.865634445182480,-0.9659177580816020,7.561440487479040,-7.318109257790890,6.468215733021580,7.381694386005580,-1.5883414686407700,-1.2059012664409800,-1.1396193228655600,-2.377074690253050,-0.7103915995216280,7.955213635843000,0.7548065277016370,0.9899259678091380,0.8972911615470000
0.7736066467323670,0.8415837476199970,0.5273939913205590,0.24562788953503500,-2.3214701129277600,-2.2295174913482800,8.796456270423210,-5.475514406889010,7.740755450471380,2.580876371087370,-1.4275222620746600,-0.6827758872266140,-2.423238746015220,-2.444815535806940,-0.46025008548616300,12.650260466923700,0.39148741116711100,1.1818955929569500,0.2477176948915800
0.6712131157344290,0.9946219279914450,0.5603429651968290,0.47292911926672100,-1.2469390912372000,-0.8925834691214860,4.731615552744010,-5.946957898678750,6.262645679787410,4.302120946280670,-1.7382345128726800,-1.2657950870713200,1.117440332428960,-3.2560881710529,0.07722471595659150,12.213920806285100,0.6392532422636000,1.1285855438530800,0.6527434647940490
0.6140626403274060,0.7435542035757060,0.47102918061839800,0.532707789422227,-1.871335688017410,-0.362646789318668,5.556846690238980,-3.2866232539179100,6.159108555403290,2.3368388421374700,-1.7367631906722200,-1.4036283324074000,3.8294728735516300,-4.281961662008520,-0.024542716796923000,12.413774468528700,1.0966989755043100,0.550966027515631,0.292582995059419
0.5763919523846630,0.9327221973081490,0.29424506447575800,0.39956040918054500,-2.4606788890277200,-1.9134138994130100,7.109670845934790,-8.7592691269761,7.886436642255330,5.131278194027490,-1.8976955958451100,-0.7286820383686190,-2.2932029065190400,-2.1317107817804100,-0.575396757460268,9.561058917133790,0.9313520154430140,0.7996533711780170,0.7393813349784860
0.5598297287255500,1.0136453624559600,0.4643311202596700,0.3318067478620000,-2.1017055106533300,-1.827141188742990,4.545033226665460,-7.819587200364220,7.465106632397090,7.801334403926330,-1.9552333680173900,-0.9056368176225000,1.2211141134316100,-2.4641445115628700,-0.6455686887183620,13.627286956328900,0.548634241075945,0.9262654851527660,0.8128055004572750
0.7612471356582450,0.9133441970645870,0.23677303760758000,0.2719781756056790,-1.69433129615412,-0.5860641867722370,2.0929514236011100,-8.943916348378980,7.336450659274810,4.819058297959710,-1.64244874507776,-1.2500899539118100,3.8392022006451800,-2.0042843741211900,-0.5317227974891320,6.600482940705290,0.740352928830539,0.6089045100118780,0.3283852225490640
0.616330427906983,0.9350850258530550,0.57014202588963,0.5688001182834130,-1.8150325354688900,-0.4592514142333650,2.9131944216854500,-10.619684953272800,6.917907836973480,2.270860031528510,-1.817502635071600,-1.4332662620162600,4.166235412378890,-1.6664460778323700,-0.07082755641519740,13.691832944292200,0.6806950087624340,0.6494654426274190,0.7397609345333850
0.758399926480367,0.8274869094640980,0.6485501355345150,0.6181791893145100,-2.01953321359968,-1.3614714313430900,4.097707405767750,-8.484652142165160,7.258502613303100,7.675466711703740,-1.799769424564570,-0.9208401073273770,2.11443626186061,-1.7776345630071900,-0.29578949413399500,9.948624337372750,0.8137823894108620,0.3988143192082890,0.7467264712735900
0.6884856890415600,0.9135868309164260,0.3483140997083930,0.5733254464062790,-2.198302622999000,-1.4499617758417800,9.111025513794590,-5.804170069789680,6.493128225835290,5.2987176934136800,-1.1832026280241400,-0.9215831274579860,-3.2529457607455300,-3.885790556807780,0.25105589585043200,7.5952127695667000,0.9050254851804540,1.001966343050800,0.8840504094559200
0.6506243416777940,0.7649275784772900,0.5282724853139400,0.6063189387320590,-1.061171090667540,-2.4753158712734200,3.625938232064510,-8.59141091181464,7.908246109083870,7.430597866780720,-1.9221361062990800,-0.5809376267184650,5.9786215438638,-2.491630586680660,0.2699414139942750,10.81537260739890,0.43850449877518400,1.073300807778600,0.6834638297643220
0.6285379364310760,0.9052592150243640,0.4154805885438040,0.4582968972128060,-1.5320139902613600,-1.2976355343858200,5.796127806900000,-9.123213631374870,6.965676809125190,2.8260970987713700,-1.3803596681398600,-1.057670600580260,0.5624219421581800,-1.8264826201133900,0.2801987122818820,7.320391321069460,0.9366425156768750,0.7783477659640880,0.4996530250018290
0.793537853600002,1.0306782383563200,0.6491041209604860,0.4261104277842400,-1.995348642906150,-0.8187260289172550,2.534459637041210,-7.68866219489034,6.622699008481860,2.1192899452516000,-1.3854507702147700,-1.3972717419516700,3.89447882796005,-2.1792282732487300,0.24568719725141000,9.99961722952936,0.40798022887043200,0.9950450932557790,0.30212475611673200
0.6867727681103820,0.9773949231867160,0.5091425955364910,0.3873663783017830,-1.734897496939890,-1.7300594938594800,5.666610029607580,-3.99861599757688,7.624293479324400,3.4202649084448700,-1.6408374744688200,-1.0022193837737200,0.4393282381255830,-3.5675434806455500,0.3482895054338660,8.019879461819180,0.3776735063356860,1.0448431725070400,0.11817942524564900
0.7582351519067940,1.0073217264236600,0.6566764452261100,0.34457459360120400,-1.9986769582653900,-1.871614302617070,3.4100360638306300,-6.319009686978320,6.645271477198550,7.69733467896078,-1.8442272318199600,-0.7000293388227740,2.7505210537758000,-3.3699989157513400,-0.18592769002437000,13.668362740932800,0.7605290423462150,0.612854027827951,0.6994373293907170
0.7031747684692080,0.983404458585293,0.5767034741933430,0.37391514221365700,-1.8710578997517700,-1.3505838641194600,5.837565522378440,-7.3102832463121100,7.005176174680800,5.190539491588430,-1.9307770927602800,-1.0061577548576500,-1.8426052670880400,-3.5475011804987700,-0.22592742012495100,13.954540656826600,0.6687407977069420,1.0691831859646400,0.3434495732083590
0.7610416203361510,1.0071046017315200,0.6883256429295130,0.6565100493553190,-1.882255516081090,-1.5478193923215500,6.362004503101720,-5.626128300384220,6.515654032984530,3.9480588594662800,-1.8320522114279600,-0.871855446145797,-2.1328141710910400,-2.156248481790420,-0.6862475168455270,6.897382631982770,0.6814833061613420,1.1333633186697300,0.23531654616395900
0.6429514335420930,0.9990192272692550,0.4527387080179440,0.5734465683660260,-1.7949972437089800,-1.1797249775815600,2.267411039373510,-9.630923767409340,6.188731520656040,3.6130373263347400,-1.8010385615150800,-1.0744358338511800,2.0875978821004700,-1.0589227150309300,0.3783632229403910,9.624810173338880,0.9036912616763310,0.5922273061371840,0.5201215704115180
0.7469906471754620,0.9152121664278170,0.594112646487652,0.3325346741731620,-1.984859405933180,-1.18949762056776,4.953970056260890,-4.916621672379970,6.710476247097960,2.730112392499180,-1.0683111612645500,-1.042956257276510,0.9964455048999260,-3.334367833759860,-0.33387909014645100,13.021805440511900,1.1377195295534000,0.5890236863832480,0.7897964135020000
0.4995698063046700,0.9454873873160270,0.5958062769443580,0.2978244780077090,-2.064950219325560,-2.0587086540225600,7.050060569890250,-8.654326820307770,6.385701315725380,6.985817808717250,-1.590764288690210,-0.6524462795654020,-1.767133439624130,-2.3662194785822700,0.3840414976186650,10.64369759470050,1.0883005349145400,0.7672323264192850,0.6659950365741800
0.6367355769625330,0.9378375874020650,0.5326552120155960,0.39642693622381300,-1.4290572425469000,-2.0728264262218000,3.7150257308525000,-3.919262238615040,6.468367924778580,5.959706772352750,-1.9599148324543800,-0.6219037524062470,2.4541503218477000,-3.9269378747261900,0.3597901169559330,12.817239797208100,1.1676698234652700,0.5417166388386710,0.3960255251629990
0.6024547875437580,0.9302409751250480,0.5967227682418500,0.47156002830860100,-2.274451636785760,-1.8050047683167700,4.437276180163390,-7.666583635412130,7.17170227354138,6.639681461294120,-1.8314434926308100,-0.7470238666900870,0.681978201827585,-2.028711705670240,-0.4092233171212140,8.601149847525770,0.9918444477075840,0.5804469556277060,0.7983697728402790
0.6378867751431200,1.0882245633938000,0.4921776565246480,0.6425941290339490,-1.9747624029050400,-2.1767840090254400,3.3734975373669800,-8.033123128869450,6.968002946130720,2.6059183056458300,-1.4538151239997500,-0.5986309570005600,0.48709412006121900,-2.840676681881650,-0.062359731892470000,8.970942874959520,0.8222676780022780,1.0216593484847800,0.6573080671167710
0.7861970029656340,0.7219861800515060,0.6140711687551790,0.49062864662044900,-1.9647276746802000,-0.36002380687992500,5.1798127671942300,-10.725571001319900,7.181197892461040,3.1705795945850200,-1.3176386822437400,-1.3881149868923100,3.985223479308240,-1.0093241560649700,-0.13806441935801000,13.853771943030800,0.5121385019306630,0.7660004581028710,0.15175623781430500
0.791773081995736,0.7926400808343630,0.434856734409355,0.505908753735196,-1.7012038400300800,-1.4153473548578600,6.582897843491690,-6.918998686281060,7.283243713800910,2.639127984123480,-1.7169045166845000,-1.0287683403822700,1.2844749866656200,-2.2522072573530900,0.2789124350600720,10.107013343790900,0.4941970577314860,1.1941368428929500,0.44107539921742100
0.6482238373077410,0.8993206846738400,0.6633528180049980,0.6002928206076130,-2.371049923739650,-0.8390938720332050,6.92039702452379,-9.691251370004240,7.304479220047600,6.595143732237010,-1.7552732801011600,-1.377698634448960,-0.6870592144890110,-1.3712206474170200,0.1525954778800590,12.874182777932200,0.3964908366578620,1.0173184960871000,0.9901530819499290
0.658974930931321,0.9810440770518720,0.6117655923708020,0.4130544622208150,-2.2845880308631000,-1.9307399370300000,6.32643908262558,-8.692109986552630,6.144204300844650,3.7789398207953400,-1.162637108768000,-0.7120620378920280,-1.1693735231307800,-1.3641529647685500,-0.19550612211868500,7.910066056403070,1.007121342566320,0.8898521195371080,0.7177908138514810
0.6487941091542400,0.9556700033485290,0.49926081590008200,0.5241080731152250,-2.084744737811850,-2.2483423449129900,7.35648452105143,-9.46949435916391,7.863112681195950,5.841796497774620,-1.6862903744293300,-0.5615287202493870,-2.1654199257126200,-1.7930137247036000,-0.4655717536105760,13.329475236991600,0.6361161363321060,1.166694570198790,0.10682855328482900
0.7211075879606550,1.0514590060059300,0.3565736461273430,0.6282023559831940,-1.649877455853540,-0.9421920624560010,2.843126404265930,-6.810455590345670,6.189119644823620,5.636348795784800,-1.6279549332208500,-1.3580068452460400,2.257084504842110,-2.8845036956724200,0.25329986903702900,12.207407964787400,0.4363284407240360,1.1080711136447800,0.6648897694098670
0.7582417948919710,0.8904951443200290,0.5733418885712260,0.5921188035866590,-1.7902413673519600,-1.675918016419530,8.22059398493364,-6.605387646487780,7.126836943690020,5.676998228804980,-1.4072216335484500,-1.0178013116474500,-2.3488444878734800,-2.067324872183710,0.013714322403115100,11.5914404848629,0.4704315189828030,0.8788011480508490,0.6165783683876280
0.7854719853671480,0.9221749029510300,0.5049968385925330,0.34650901666121400,-0.8823640176850490,-1.2341446732765100,2.589053802583440,-6.67261307762438,7.0518933431339900,6.3005206061881100,-1.8872893369458600,-1.4410687976521100,5.595607790329450,-2.6547310269845300,-0.5067590538888220,10.794031760409400,0.28551803186066000,1.1219615373052100,0.8742592980914760
0.7817681741735280,1.016120468702970,0.34419255995793700,0.40353292253332300,-1.7587564745752000,-2.321571627663970,5.570849555501520,-4.498947775499110,6.668635571095890,5.150828962200430,-1.8383256841490200,-0.7699650443315500,0.3899581742421750,-3.5185271574418500,-0.04175741380890710,6.007343230828100,0.31727956887513600,1.0061658542921100,0.8016492430180340
0.7909014140794280,0.9421226130250170,0.5427614526731570,0.335372697656902,-1.8562428665939700,-1.092753634054660,4.224113310465670,-6.109095294484740,6.306000234126020,5.265190829039110,-1.1421230706247300,-1.0908568432997200,2.5274730853372700,-3.0503426967431300,-0.6324014367153660,12.130241521315100,1.164492513540960,0.5441951132877450,0.23174264233348600
0.7663232373551520,0.9721038401430030,0.5293316536350230,0.37055870514201300,-1.2585205387311700,-1.2132107699659600,6.721418813362290,-2.554740866334170,7.078065745487810,6.531721711075630,-1.5306942154409900,-1.0488880804754500,-1.1662684363486300,-3.9530356495129100,0.2982836544583880,7.157963206484090,0.9151164764493160,1.1744166459529900,0.07295101275039950
0.7713086740577180,0.8919909057455180,0.3832672733516110,0.3090154901601340,-0.9783501981679590,-1.7404997735437200,7.435894094859970,-3.964013472707330,7.685146960304930,5.376846628089330,-1.4258239930196500,-0.8051334032502840,-1.3897241128068900,-3.6314030630176000,0.24476535265291800,13.316878207765200,0.9680219506503600,1.1838931753246800,0.8242339909141620
0.6718824090951630,0.8638117930897970,0.6229291405047180,0.6327528915173230,-1.869901386820000,-0.8119767701116840,5.807792649709500,-9.65134884450816,6.9393541909819,2.048741040286680,-1.80268568456318,-1.3051897683805000,0.5978246365548610,-1.9028268271944800,0.0908730976154185,10.20517634565630,0.5847727049903280,0.6375898605949220,0.7172628287578260
0.7291224340434700,0.9685456598955230,0.4333942403592880,0.2655766968787050,-0.5124271593136080,-1.1082680634054000,4.117688377220730,-3.810332510346640,7.0455986739857500,4.5603089085761400,-1.4455456722073500,-1.2812686966786900,2.9877143031090100,-3.8919283556744400,0.06687928928324520,9.010381125174660,0.8182123492133370,1.1179721565339100,0.20047093181917600
0.7702783392885800,0.9669728192798500,0.3403684411540950,0.32098374630497800,-2.180920948121920,-1.735336210657690,6.417615024517540,-8.315434464281870,7.445202605785530,5.728660535343100,-1.5199376213977900,-0.8567682774476010,-2.0652124191761300,-2.192449507645350,-0.5389402025981030,12.32540401280400,0.6623321712627120,0.7563485001570390,0.7814088557213730
0.7931512659709620,1.0448826819375600,0.21082217351209100,0.5886995153473490,-1.0734868135022100,-1.8067709335228900,2.660690555336650,-9.987312953274810,7.1202486818872400,4.2339401126242800,-1.8350364679165600,-0.852417448738807,3.749204546824780,-1.7825582466688700,-0.9817147980780710,11.220373459797000,0.6075936609814170,0.7418523380767060,0.6050865244950360
0.7363805520028260,1.0101018827716900,0.5363458534996540,0.2731271848992380,-1.3375053206017300,-1.284261571348690,5.551444456413120,-8.728881355142640,6.187182665671850,4.60930983278543,-1.9232475372489700,-1.063716643529430,-1.2757337797169700,-2.0109934182531900,-0.5711413441663730,13.043059671682000,0.6394107233401680,1.1387323361307400,0.9418339381442400
0.7544542150038330,0.9508724485004010,0.5117551730922310,0.47393751562390700,-2.119163072332360,-1.2557715802793500,4.485659225585760,-7.116845275583700,7.05319284072475,5.691784315496960,-1.9574594638612600,-1.0002887155136900,1.5803002570078600,-2.767114986053320,-0.4636709043842390,9.373398536032050,0.9033166416046490,0.6594788971267150,0.861026907164313
0.6632070837497900,0.9551139089636040,0.44394602148620200,0.33766985142234200,-1.7015647184662600,-1.2574468827831700,6.9552018775092600,-8.826914537298140,6.239452376565650,7.051534665464620,-1.436532033690280,-1.0692958870982600,-0.9099542129635100,-1.52886015255326,-0.9260440688253070,8.963754528698500,0.8764951935861820,0.9632733944097300,0.18514845646800900
0.5804816977759420,1.0521671399544300,0.2677498805147530,0.5370179671413750,-1.6698992348020100,-2.0426965460480200,3.269645415243060,-3.0239494923833300,6.537001639593090,4.211647301694730,-1.9357264745511100,-0.6595345511865840,-0.5389201518491770,-2.111321854458690,-0.3403232930688780,8.856419800779750,0.946488848035144,1.1297647024872200,0.5475881030608180
0.5839386673588280,0.965149532849333,0.5087058104773870,0.43374157341298600,-1.3209705183949000,-1.7903735991019200,6.712849307241280,-8.022688234565610,6.245863982874210,5.688153036114380,-1.6816078041058400,-1.099575614273050,-1.1771848357290800,-2.013993339244370,-0.13183702048967100,6.141855053321220,0.446749626843041,1.132911242244540,0.7926893862475540
0.6813355503239570,1.05836115688891,0.5198906192130720,0.5824784232667860,-2.465698182310320,-0.7825047596995250,2.5484426992768600,-9.75419045836294,7.07668484450974,7.179364902191710,-1.5705134853640700,-1.4281881049362400,4.188860409175700,-1.5837457912749300,0.1914729193588970,7.476943257948720,0.47097004900367900,0.7789216803017090,0.6562893648567510
0.6355004613649260,1.0938146102782900,0.47340252339567600,0.640676366667698,-1.2916152826119600,-1.3807754142975900,5.456575381421590,-4.923494010364490,7.6439283227230300,4.480071838537380,-1.4106126158764100,-0.9993498661416090,-1.0134918632046500,-2.8228726324831700,0.2341821477961340,8.646364131766120,1.1164168646698700,0.9856310354679170,0.4942624068914290
0.640394934613294,1.0103074177542100,0.4597329537026480,0.448905083721558,-1.8153587965874200,-1.5607068143417300,4.987203820910490,-9.61828125731394,6.540202346382380,6.647317209646030,-1.6967721048291600,-1.016710365888390,0.8474394134500850,-1.248310539435170,-0.7227929152439860,8.293232148842920,0.6041184348438630,0.8222864575116840,0.8530046340775460
0.6821959451468760,0.840937974204188,0.6477419304725300,0.3243811240916630,-1.8615258019794400,-1.9559194495659300,6.877897181607640,-6.40974564077983,6.727752147213390,7.684587489270210,-1.9290418090529400,-1.0611091831243600,0.900115728159148,-3.159912995321070,-0.9675212886621010,11.807945146494900,0.2742929968887270,0.8864955070037780,0.627551296181545
0.4856897606464820,1.0169811517776300,0.43691626826310900,0.5473616475470190,-2.212466409743540,-0.7648192300869220,4.247951916600460,-9.098631598599470,7.290652229798070,6.45915703912443,-1.9924258569948600,-1.3753699775033500,0.7682012531160370,-2.150704414291060,-0.8143044986623130,11.45208504288460,0.712470010126246,0.7149377435812180,0.8100015513457170
0.6668856408746670,1.021328359570440,0.6807234874168800,0.6613898817022720,-0.5734001476119810,-2.1659739880623600,4.807669152476800,-7.251900815834350,6.971019272280900,5.585633963013500,-1.7373372330497200,-0.5921493736231620,1.2640730453113900,-2.6609298840712700,-0.006066667269929990,13.671925027983100,0.9453101711283710,1.0519921068359100,0.8164904998106310
0.6969946881503080,0.9269335792371660,0.5866494275208830,0.3595615717195710,-2.208704552215260,-0.8083260397500120,7.555669768157680,-6.993345606799540,6.441758209708530,5.475319794980970,-1.1090363094044800,-1.19416240763753,-1.6746061041935100,-2.651647503632460,0.3026388731048390,8.642711539197520,1.1048983173499800,0.9509208730185140,0.4879303671707840
0.7308410661412750,0.9527324510627640,0.40563333685134800,0.6324247943153220,-1.0354136054658000,-0.8251253576610790,3.575381404444640,-6.48629061417315,6.602312183313380,4.008691458331870,-1.8513302681842000,-1.3834855209325200,3.289239428335580,-3.417133658310030,-0.032070938965762200,10.298215772311500,0.4180814884240340,1.1811420409940100,0.524484358999555
0.6235681761767560,0.6739763627667940,0.5962528654729170,0.6092724887090230,-1.7879086539781600,-0.07243884473853550,4.34874731260104,-7.0884475053907700,6.703259825123270,5.581887017219080,-1.953522856870520,-1.453893308700620,5.72794590023393,-2.57596026575468,-0.14158477034742300,11.359669058529400,0.7806079028947080,0.8750802226436750,0.3035816635381980
0.6063492179399670,0.8975448389037430,0.5826096775572680,0.2902736418736230,-1.4021144014545700,-1.5447314604413300,6.6738129877073300,-9.540581694680250,6.868048252068970,6.560349920259460,-1.7359922399541300,-0.9909101476537070,-0.03765708523270890,-1.1588953267305400,-0.12460786802149400,6.219356183175080,0.6572243677165380,1.1535489119618100,0.05176061974782160
0.752954010421293,0.7908186205486920,0.6621041516349030,0.4824024366140820,-1.618423276956900,-1.6509979623415500,6.965809202000590,-6.5952704197681300,7.2132840793872300,2.5111578635248200,-1.7521479823171400,-1.285518793813520,1.6213882030864600,-2.776256563701800,-0.4670837729857020,11.381418665461700,0.25069708301812000,1.1284022591945800,0.4380234484578080
0.6303540279854380,0.8137017779434770,0.5381313542335420,0.2728375014112730,-1.6746292765569800,-0.8442857433490370,9.033276774255140,-2.728807796598470,7.4780748109195700,5.057557464376380,-1.9081984218429900,-1.268973377544350,-3.2155192156606000,-3.9762183020944600,-0.19722434131418600,11.068645673762,0.8650375429027840,0.8057932935317490,0.33500253854445500
0.7709900229925820,0.843949925633508,0.49355883930479700,0.41766587503135400,-0.8588755021937530,-0.12677586808680400,2.407058814688080,-8.925973075022980,6.153699410123350,6.761371890874390,-1.8060192319378700,-1.4154673107074000,6.014241336214180,-3.771594984201370,-0.8032028520627960,10.91172471059580,0.5202550788822160,1.1023143577101600,0.56806073257749
0.7989146967285920,0.9399738829820700,0.37804416360516400,0.423716936525495,-0.4754605782219890,-1.2142551723841100,4.549476265014570,-9.243708108154670,7.901478197691170,2.6547869645936700,-1.9971759951519100,-1.0448332744348100,1.1840300818692800,-1.8584258611597800,-0.06936862981080770,7.110252286422360,0.6705379831056350,0.7805038774933750,0.09423849050855700
0.775393943596737,0.9815350867645020,0.5969369679181090,0.3836170199326340,-2.4786757628170100,-2.774549107220700,5.6723740092560600,-7.036773500501470,7.46238498863702,3.566703061015000,-1.4600444100624600,-0.5060311481502070,0.1704056848815490,-2.201318857019730,-0.13696301926647700,12.356514250603900,0.34706979694133300,0.8940447110335180,0.36123344033330000
0.588451837352667,1.023056553493740,0.5314315784189760,0.20694304826073400,-1.6155447751454700,-1.9224139131056200,6.713648850723780,-9.0698722292526,6.365469632771040,2.5858250866854600,-1.5216875095118300,-0.7804943415556390,-1.2968774226591300,-1.3972834284755700,-0.3301427286928290,13.120427073741200,0.6770584140016100,1.123423258299850,0.1514952183357480
0.7904427988799030,1.0198405610315900,0.6057204211421960,0.35073087049737800,-0.877920263011099,-1.8099979012722700,6.974508604955060,-4.46245517953975,7.447169445741910,2.6363068684117600,-1.790822142050600,-0.6713069079223690,-2.0974180280284600,-3.39679577705444,0.18527810477821000,12.417608146984200,1.135398789013830,0.9833708472422570,0.7957745000066340
0.7831759420295640,0.8597106979161590,0.35109180629969000,0.3568178754556990,-2.3950195794227900,-0.9586332051205060,3.6941005877397900,-7.484440117888000,6.899874026725570,7.093715575063860,-1.8924003616103100,-1.2636197007799700,2.7950963822316100,-2.186694461032520,-0.4317001369726980,13.209502801945500,0.4167858477013350,0.5724086340409190,0.789545005216246
0.7975998338891670,0.9989538669420100,0.5702372368975430,0.6535378300614640,-1.4022392825642700,-1.9470426491037900,5.493656748498810,-8.475644049309890,7.395998060002430,7.2433873060143,-1.279534637586120,-0.8278917302172860,-0.5015682366246690,-1.4387821997400500,-0.19424857122429500,8.827361121491800,0.6269829557677660,0.8661467817294390,0.6617541952644090
0.6989904965118520,0.8700694467325110,0.43408157067941600,0.4143749822923080,-2.1259951553485700,-1.2696444370113700,6.665413716406500,-4.947075250677880,7.387082925733330,4.531355930820350,-1.3734482968753900,-1.0317538892232400,-2.1325578089853300,-4.067803195410450,-0.030420482081906100,10.192521168091100,0.9526766497303620,0.60711485350939,0.3962428110060450
0.5679918824171820,0.7939454625400570,0.5782611907267360,0.6205192299324690,-1.4614303192138600,-1.7855238776316000,9.96582593406783,-9.549960493507860,6.960294423876810,5.864979929933650,-1.9689145534830200,-0.9062307030214860,-3.808100449332420,-1.479773457982450,0.272838244313148,13.200159468047600,0.6043108176058270,1.0599289759770200,0.34405097098510800
0.7247974460883320,0.8207277905539580,0.3385784885936260,0.305425032851657,-1.2130263960973000,0.041487500075068900,2.588024359591990,-6.422677710328030,7.603931107686330,5.302491968395490,-1.641686801503740,-1.4228968881446700,7.857684793503840,-3.596007045555100,-0.35356715111447300,7.844466571633120,0.7939601412785620,0.9690197759586520,0.34892745620927000
0.7301964423197280,1.0522262379572300,0.3705655788964630,0.5343297330996300,-2.3467269810043600,-1.524419492956320,4.9432089930659000,-6.024364983130140,6.392982215084520,5.0100353916574800,-1.994468778222120,-1.151240061520270,-0.09717393668219470,-3.3671895524687900,-0.2305079067446970,11.982085530126700,0.41826565693857100,0.9011634088326210,0.553096550032444
0.739215041426502,0.9769793938974580,0.35691073647103000,0.5117889806566800,-1.9706595682454200,-1.2394135750663000,4.774072804934450,-4.973049824811650,7.452666373932390,6.520459953328950,-1.90221121243107,-1.0686626972287100,1.5788799375723600,-3.622083112465660,-0.4972308458114680,7.103454037978940,0.6337327354439740,0.7006427475167860,0.44069791077535300
0.6864399615165080,0.9845314894332010,0.6573777001047940,0.5124490362075810,-2.4719199064483600,-2.0686190574787600,6.150213832297170,-8.606241819610140,7.520352150614720,2.391779955126890,-1.329127865882420,-0.6060401629906210,-0.003372352047313680,-1.4837026224321200,-0.4220793053228010,8.882853098663710,0.763972022357856,0.9202004102573470,0.42294861764417300
0.6425076371371380,1.0308771002063100,0.5917696445835730,0.328063548679934,-2.465221363480870,-1.9429914545534200,4.924399172928690,-6.7517932433177200,6.73329279303864,7.041563797596460,-1.0119501401419100,-0.7132956668528490,1.0728080020803400,-2.611085496569160,-0.8817602760919350,11.571504045612600,0.9787332287843550,0.8740413513542130,0.4563166410048690
0.6366377949194620,1.0074189527967600,0.29087468972259100,0.6993127916300540,-2.044210075820480,-1.1790993832891500,6.706457836135950,-1.497709164897220,6.662373878067910,5.033846628663240,-1.3778462411931000,-1.2240128052961300,-2.2219283746997600,-4.064451608696280,0.2045171653145000,12.261858401779900,0.6129512699543410,1.1610827728971000,0.42882714190614100
0.7280218652108480,1.0001469438708800,0.6058409660708200,0.3815143589682650,-2.297833094617900,-2.122252289039620,4.483550532339840,-6.05232815777389,7.392370055091720,3.1243480338333600,-1.2882713758092000,-0.5653394587166710,0.5977386714782920,-2.5168110928870000,-0.7916135924167340,11.900406573046800,0.9212406260600700,0.8764519028660500,0.20381834874976400
0.7317197930853270,1.009622332469770,0.6574482544273830,0.6573589495853420,-1.645245350224050,-1.0318200636146600,5.161874529584270,-8.319919721694600,7.755340487677180,3.384297882578520,-1.818636725192090,-1.232517503551060,-0.20441251539349900,-1.4837924579354900,-0.2907556355603800,6.462439663763240,0.6245642181040780,0.9003985484813920,0.6054844176667190
0.6446848418660070,1.0240874703684200,0.6387058887939250,0.2814695063446340,-0.674463762693482,-1.4787731411063200,6.03464126802577,-2.9774238070551200,6.243350276958890,7.720682138121690,-1.7968354441077400,-0.9323424520842330,-2.300755183636850,-2.876592949291490,-0.20803410781546900,8.989710985448710,1.1815791061587700,1.1671995435311700,0.1136565300465950
0.7260960351270950,0.9851630398326350,0.35203885058550000,0.6508276823878560,-0.9230587644557570,-1.7812164311365000,5.387049333628440,-7.30981813485238,6.978763994612480,3.7460278299864400,-1.2397324136477500,-0.9777513488925420,-0.5314387442742860,-2.5195480472715700,0.1074607675862970,9.010292037334810,0.8243606062866820,0.9287748865015870,0.23703095363059800
0.598741831673033,1.030801448107490,0.26770697746251300,0.5492722962753470,-2.38291439769354,-1.24776260092261,5.757858346530760,-2.886408169493140,7.792592376596740,4.585806064041230,-1.2899504142888200,-1.1315375872208200,-0.6899413394735590,-3.8954974526336900,0.26496425638703600,7.899472617542350,0.8040892858058670,1.0892632132777900,0.9540765523172440
0.6807725012728870,0.9646383448223470,0.619068665992943,0.2919634611986330,-0.521530779543597,-2.0826947449356000,5.931826375964860,-7.931950793165900,7.0034767632547100,4.403063520103990,-1.94260241215177,-0.7449344218543830,0.1011435543846460,-1.6771997067423600,0.06894490022110770,9.848520956401530,0.7677707635376700,1.1439752867106600,0.8093159054314050
0.6712648891082630,1.0042521912658700,0.4277672988284820,0.2702310505727280,-2.113580532842390,-1.6264769554749200,6.796528662925070,-0.8283910125487070,6.538998197178270,3.055719751312960,-1.5591086094551900,-0.9126091007731650,-3.11456985708139,-3.172996430025140,-0.11143486291675500,7.002320988527190,0.7647166659887160,1.1750203269942300,0.4282882702174730
0.7572063335208660,1.0111245246420200,0.4385998380189800,0.5866722492417660,-2.238248589383920,-0.41682735981370300,2.1155302744677700,-6.827069110421050,6.5289906469360100,4.223581112835900,-1.464913130817730,-1.4589581954067500,4.954169613789180,-2.6628571287246100,0.0080358907003647,9.364726748861300,0.448940672860766,1.028943757058110,0.5597489589179670
0.729640774720827,0.7773695464997920,0.4941737683539410,0.608321749474772,-2.441819225805240,-2.252813269848300,9.272231806897250,-9.57591684742423,6.408706885954380,6.87678330073948,-1.794526356935270,-0.5313065033153440,-2.9213882398893700,-1.9051381309687100,0.35840814674537000,12.863915468488200,0.5603375752789080,0.7859802575621480,0.9083376260977570
0.6091580653894790,0.9500597778274470,0.4955827815845120,0.46070455751901900,-1.7845839853579700,-1.9715897173711000,5.194319784721190,-3.508390579233760,6.555068102936380,2.0756151345831900,-1.7308229583582700,-0.756073793715652,0.5581145975912870,-4.551018869315400,-0.11779366766920800,10.734243364214900,0.7658900613432530,0.7513825725584770,0.8487167461140650
0.7145137092429330,0.9564868117027280,0.5207952440371630,0.6392689982217680,-2.444273496609270,-0.6943577467069880,5.464993801992440,-7.355393217933570,7.257207158698690,6.359859898559660,-1.9433954432080500,-1.2674109234316800,0.2828725101755720,-2.4505643019804300,-0.5641369197111150,11.940547610497400,0.9446931733266480,0.8175737457637880,0.8638283781583190
0.7926678229183540,1.0191442999523000,0.431499785049444,0.46917517303170900,-2.1034585716653800,-1.611319079341160,6.051844476923240,-5.625010654309510,7.581488474967470,5.367824641446870,-0.9562026141356910,-1.107172606412570,-0.5785076000679870,-3.34844132739845,-0.6849363791426490,8.819495140226860,0.5294756580858300,0.9498931786277620,0.06334580311450860
0.755344438378134,0.9773496676264510,0.5849545782916820,0.2560439990186030,-1.3540034213490500,-0.8978892828222950,4.448164722264080,-4.054366306745610,7.469768299138390,3.416131470159590,-1.4781460896087500,-1.2457752147751300,2.853707406791950,-3.0589288499016800,0.009463109007739110,7.210835931328320,0.5940333871760990,1.045843428653950,0.44431077332897800
0.6234315065848270,1.0591469747910900,0.33029134310795400,0.47100056544196000,-1.452090777175250,-1.451115356718280,4.11195648199793,-4.245535984981650,6.251790892773400,4.657825142479160,-1.5922497885168800,-0.9468364860620480,1.25585745769537,-3.8922560191365000,-0.2585527475304630,8.107366563216990,1.0380338139196600,0.845527945516532,0.7805285168976830
0.6038813039649350,1.0621680048863400,0.5646294485742520,0.637765856002743,-1.9162355852432900,-2.1392875785335300,5.68270517327703,-8.32056156082768,7.229413834711890,4.165631259330130,-1.1736555400449000,-0.5934810948956020,-0.8463531072946880,-2.0282183317526000,-0.46437428592908600,11.130320555085000,1.1199782981133700,1.10976576898468,0.32405817897907700
0.7662241179947070,0.8839546722774840,0.5206412347422810,0.4629132482275440,-2.2338353308789700,-1.341576692496550,5.059868989883040,-9.073285059775870,6.214970144004080,6.014048396973180,-1.858906374007330,-1.1687309750256200,2.5453841818897400,-2.773926785752190,-0.09174758324131260,9.050469498732470,0.3884263086540520,0.7916046053638660,0.3185821138420350
0.7249549530005230,0.9797133581635490,0.6607503003845670,0.35414475143792600,-2.039944026998060,-0.8062118463071920,5.85927215950947,-10.299470499038400,6.905193169466530,4.713302677129890,-1.486641229913050,-1.3545146430742900,-0.04837702813264790,-1.019945787608370,-0.007161233493597040,10.484839211233400,0.6499988301992040,0.9707274474730840,0.15966285623407600
0.61999881421344,0.8165737372848980,0.5402750799739170,0.31501925534436500,-2.4518479927726700,-2.0761657306609300,9.356869527114740,-6.6794290793678200,6.315612224113490,3.184290006609840,-1.9796087847696500,-0.8868097299217840,-2.6294547437472200,-2.874229414170560,-0.6324995734426440,10.867765545173600,0.3468583061520570,1.1086996352955800,0.46167243271848900
0.7463826487102940,1.0063443381678400,0.48436223334047500,0.5450907355052650,-2.147554055707020,-1.7734490867704500,4.892059209709410,-8.88990543701183,7.01053600793806,6.98640994626428,-1.9854910159722700,-0.8082744341761460,-0.3234107391533240,-2.8201011653677600,0.2472391459032710,11.865435209637500,0.5623304878367860,0.8979607959744850,0.1986361762870380
0.6696374464485850,0.8904736047952750,0.41033914173551400,0.6029780448577480,-2.37159009850162,-2.3260187009747300,3.2246350304809000,-6.898087048114940,7.909253672557180,3.3526851920200500,-1.5990550127611000,-0.5165988846812050,5.344389453929710,-3.0614486768309400,-0.39715514308926000,8.433726296574290,0.6868686329415580,0.8707362159492760,0.9567374295399390
0.7987040537438720,0.8681992855583280,0.5041510333018100,0.41585378114469700,-2.4478673998463400,-1.9590106690123200,2.588128622704420,-10.663762976104500,6.773568363011140,5.893554959367460,-1.920412699353950,-0.7561391789250110,5.375714170983090,-1.1480227126125400,-0.11052316247011600,12.457396075701600,0.5076703753568160,0.4974517020587300,0.9798984204095830
0.6129544404508110,0.8438131965880230,0.5108304745503580,0.5342871392183690,-2.2636718616308000,-1.3953606148925400,6.172458434087920,-4.910131794436880,6.983272855365990,2.277845995087390,-1.5503920135799200,-1.1778460727893200,2.3428144587270100,-3.5053652899958500,-0.25949302530963300,11.761913854887200,0.4287936838323880,1.1571679181347700,0.8511215802310350
0.7352104261167560,0.8220776259806050,0.5842472145866240,0.29570512337682700,-0.6921427390679630,-1.5477643236977100,8.123126902276570,-9.116836477347030,6.62992126591831,3.9879576135216800,-1.9450122643014500,-0.9224052164245150,-0.9253730162149500,-1.6125802376401100,-0.3394528116583410,6.434736503728640,0.9130908200368410,0.44412842731955100,0.6937945235944450
0.7089152630829390,0.9699771212215970,0.4110421130398300,0.2158509394917570,-2.1802815294129300,-0.8656677863288390,4.765377982153160,-8.582189095743540,6.517634686800570,2.389458307042560,-1.8942102801962800,-1.3198312641607200,2.3965886151827900,-1.99618666514226,0.36591127616649600,7.90622304203286,0.4650001802976380,1.0649373994216400,0.6777352881821260
0.7141407913534320,0.8304411671459320,0.6533648435064360,0.26270206694827700,-1.0183540273299900,-1.8334542674674100,8.983979414418210,-3.724826914344010,6.867946056080010,4.252874527883430,-1.9004401819358300,-0.7714125525313030,-1.8351161868717300,-4.048269166646960,-0.7427642747155210,12.418712712811700,0.6878542529589220,1.0735655667755600,0.1220001885414310
0.7384611097667700,1.055078944731180,0.612450372587809,0.6091652866878120,-1.7580426493389000,-1.768652218551200,6.258273878998500,-6.663743893107120,7.318798923018660,5.515623367475260,-1.1813881246864900,-0.7547581963115260,-0.9107087333373060,-2.8790169844016300,-0.4904972272541850,8.785038300792320,1.1476819236943800,1.0461078640688400,0.9098065331984780
0.605046222828779,1.0749300891355600,0.43007893665059600,0.6559790362678120,-1.0499647940125700,-1.9966404943658400,5.2495406331426500,-4.375241299030120,6.12419361633746,6.609525069400690,-1.4622393407931700,-0.7198557124998700,-0.46299717630250100,-3.358579944819130,0.13627309016698700,11.818610194389300,1.055376586142960,0.9504836351989230,0.5676944466459310
0.6550268853976550,0.9599605207050980,0.5869141000297070,0.40930901778677100,-0.8946830664778090,-0.8844023557326980,5.0344087647364300,-5.612117536892740,7.237995495293300,2.214538720450920,-1.9492609325266500,-1.20739642099819,0.871121858946017,-3.21666585279658,0.14725421488035500,6.1151365467004,1.0278230249873400,0.8382387808962230,0.20918795980612000
0.6656622409503010,0.8251059358931100,0.4777927834651870,0.41293247866372700,-1.7334183481722300,-0.3628504025422080,4.928702788945480,-6.041510080700430,6.158834142995990,6.304409727168160,-1.9142889103191800,-1.4493785945684000,3.3246626521373600,-3.6165015013891700,-0.34814040821872300,9.110061437838080,0.5941017293117610,0.9920896537902540,0.7322592038272090
0.5521206367541500,0.8428595320386790,0.38596797098859300,0.23408041018435100,-2.152856321290540,-1.8899426527192000,9.662439899873710,-3.5000421438287100,6.847299540239840,2.1433700004454000,-1.5516518117899900,-0.7339671201442850,-3.098945487590260,-3.9908639269729300,-0.09175183741069020,10.436313911306200,0.7361919809555460,1.0541305546321600,0.5377034310700870
0.7992647379178280,1.042442722675420,0.6991701146945040,0.3311037794145830,-2.175357359860230,-1.5864890046164100,2.6073408069558200,-9.668024668521590,7.068774133384480,6.8861709325661900,-1.337135856902860,-1.0488372589413800,3.8802084016870300,-1.3298038847274100,0.1645958533494190,6.0440720714716000,0.3665108515614570,1.0052398630124500,0.22523190472249600
0.6986884181088620,1.0057205624735300,0.2956209513333220,0.41199932939052800,-1.6273630641306100,-0.9208020058764260,5.579613421435580,-5.39432027021818,6.920279690430840,6.984533921285150,-1.998819562931660,-1.3629659995088100,0.31548011372705700,-3.7107168163348000,0.16027213380697900,11.452686000919200,0.49464906691838200,1.1641605138174100,0.6934608536600440
0.7887637587440020,0.7320264664680540,0.4468806565126980,0.5515109236835510,-0.25929346830025500,-0.9295757639979700,6.597454925448370,-8.292041963655740,6.341969693530540,2.187769804994970,-1.8279022015579300,-1.2438368003739600,1.5329783689472000,-1.9099582259063800,-0.2822474518194840,6.66590160803976,0.7767945454607130,0.8923850676009280,0.5805191944403680
0.6546056098003790,0.8535392656897650,0.5108295160394180,0.3028302538469690,-1.8706760791982200,-1.9357249143275000,8.654666619739140,-4.070711750606830,6.255918441002240,6.551813673634960,-1.9520298796222600,-0.721882097091721,-2.4942796476601400,-3.941263126305100,0.18789018255020900,13.38405323949080,0.8563707469488010,0.6808951325639770,0.05563858562780650
0.5572873378414930,1.0633885282636900,0.5639100833349830,0.6651063343046380,-2.0519839100974900,-1.792245411926690,2.0145985597009000,-8.449744526527650,6.395464809188480,3.4243341295049200,-1.815005131192400,-0.8127558874740290,4.755408239766620,-1.9571749731203800,-0.6999319066631340,6.356681708197950,0.8462885095306800,1.0301061166389400,0.37281479718776800
0.6635806991796980,0.8518713224728,0.49963205837215600,0.32938521522689600,-2.2156657849930000,-1.6940677289576600,7.029569703591500,-3.3881101079346400,7.181742282655480,5.342937559046840,-1.9749081346989100,-0.7752239056268470,-1.8491057921092400,-2.9854445653056400,0.0737092851103246,8.736578827055050,1.108458449583530,0.6155693645346080,0.6894097252072350
0.7296620819861950,0.9569773165263340,0.4713113821829590,0.5673048167193110,-2.021118882162930,-1.077389468157130,5.393610369147410,-7.568459595696710,6.52933055505022,4.274828266573310,-1.37932617679791,-1.243455166282030,1.294819686302590,-2.9405295964086400,-0.8325932042775290,12.192325056489700,0.513512316046498,1.0667885065080400,0.4575768852195870
0.7954110551221830,0.9015809266559980,0.6438752477217790,0.4221733932596640,-1.9517427069983300,-0.8432690341566120,2.9584564480797400,-9.213960948104750,7.478552869509420,3.5718881082266200,-1.203473240258660,-1.1937763989585400,4.350436606018030,-1.2340796893245200,0.14977387707167600,13.944931229735300,0.7551188799027010,0.6904563876292830,0.7955468580267010
0.7694125590151590,1.0365716253227500,0.6007381799040760,0.32293910024259300,-1.3704907095129800,-1.1859439149383500,3.0689088346611500,-10.046764099794700,6.450634169781620,4.6208013264730700,-1.6846063362868900,-1.4068464894839700,3.0153405070471900,-1.5755451385972500,-0.8443370300892340,11.346943037738700,0.2896225150044070,0.9428456677261690,0.36203453667332300
0.7056714948647060,1.0526616721484600,0.3933955248816420,0.23977200008773600,-1.5113841256477200,-1.2898608999944000,3.1220708412376300,-8.284213400754940,7.320541712578040,2.3695557186717800,-1.4639484583869900,-1.1229097684386700,3.052904374898730,-2.4869428749985700,-0.2262047724531270,13.12899061690070,0.7203474799350190,0.6948647136102280,0.6444297784859770
0.6470600286305970,1.0478862463762200,0.5849961090954400,0.48187063628742300,-2.364379873113910,-0.7354776147581360,4.299851183087590,-6.9655700457744000,6.248983637632300,3.3894216076454500,-1.5456618092979200,-1.2517611571465000,0.799733856936647,-3.280090428360000,0.0959739311401997,9.011677843397990,1.1059934954338700,1.0734869196948,0.17436240745849800
0.7983221589550860,1.007031157051290,0.3222163180180470,0.2224610438300210,-1.4614383013859200,-0.9270013368630250,5.083810229374050,-7.218027597819840,6.706188831563960,4.793557186754240,-1.830755200658250,-1.1674374060374200,1.835084983296160,-2.822918639138580,-0.5359552561287930,11.95812367512240,0.7546511977392410,0.9180863180695630,0.4745011569593290
0.7160532700403600,0.9265674007482570,0.4362705521014770,0.25474657350817900,-0.7058191645406520,-2.1947609026963700,5.449512021728550,-7.873492072974110,6.402431296011430,4.076449009175550,-1.8881345355442000,-0.50528930669466,1.5258428991954200,-2.4010942007516700,-0.4691789988955580,9.052541941396390,1.1275046966182800,0.772057893740511,0.857258707960245
0.744283789783335,1.0037085298159600,0.49688678865316300,0.33797995330686100,-1.766632621046480,-1.0792711973364700,3.950651041236650,-10.288014728376000,6.63387447734243,5.320030156602480,-1.6873018124426000,-1.3300357778926000,3.734779065286000,-1.3991850009821200,-0.5392791999387820,12.204983071217800,0.4075633877888240,1.174180819283070,0.5474075068800370
0.5693823390527440,0.9160470884101940,0.375397860385571,0.22510690568324300,-0.9663994586454130,-0.9884793755887230,6.553705335301800,-8.816869929828500,7.452278145401360,4.2460803862504300,-1.750164205380060,-1.2739128221835100,-1.605477583301350,-1.69115493826088,0.13513254023017700,6.671312734884630,0.6969777931246590,1.1893289200893500,0.9712693880307290
0.762965897691335,0.8538425985555070,0.477624563946196,0.3556173794074290,-2.195105466455890,-1.5025299621993300,4.105448738739290,-7.848092893229830,6.206084593349120,7.224430045248360,-1.4656129297699900,-1.1109954357884400,3.576709739530230,-2.0119869743607300,-0.4302508913636720,6.140538752345880,0.43344484715486300,0.8838405231362410,0.5532852522668630
0.7800447568081670,0.8763546236150880,0.4749359088813220,0.5291835766123350,-2.077584353386230,-1.5576884238760800,5.767169889001720,-9.197507367653010,7.161696515757500,7.625405681250610,-1.3115279267186000,-0.8473632982524740,-0.5139232127864740,-1.764868977630020,-0.6765190626947800,12.405104725260000,0.8517773341059530,0.5898255040400810,0.6849451887898460
0.7266344910762220,1.0181598319912800,0.2666060060418490,0.2578509000315390,-2.156206416131370,-1.5515458069619000,2.564864491150800,-9.452949707618080,6.657547588480050,5.369021199114900,-1.7404520083393200,-1.1471999455565500,3.642153425096160,-2.1592362238820700,-0.3927768139064030,9.109925047703900,0.3869412225376000,0.6778956514681840,0.4004628149403860
0.6730053817669900,0.9579491681323730,0.4840221476996640,0.32289815456758900,-1.8661763646296800,-0.7948066227877820,5.747694356568610,-6.969402507551570,6.488597783211210,6.307254471806560,-1.3760189282053000,-1.223265785365740,0.15447975695217500,-2.2607619999116900,0.00399698469869797,11.210418100295300,1.1302311458144000,1.168001186276600,0.8388969767188010
0.6573901816196060,1.0712522407453100,0.5134079552948900,0.5141227235306060,-2.1466963472389200,-1.6943513078213000,2.960356281078950,-8.416864371896640,7.362271098224350,5.881749297857810,-1.3307504808951900,-0.8992314428554240,1.7309675342059500,-1.5530348720577600,-0.4750685559450650,7.7242186106319500,0.6733380910849450,0.8737935118362490,0.5650345618722290
0.7924522085143900,0.7592179093256610,0.5706321673631820,0.25532846932403900,-1.9072786248671400,-2.153259887144720,4.3397328369674000,-9.206258293091060,6.287172198979230,2.411793949204070,-1.6915281531301400,-0.6944078569647690,4.787411629151960,-1.400712764608570,-0.2643459625500850,11.320120882659800,0.38333977733809300,0.7051252606276310,0.3797076971545360
0.7536177908043970,0.9991182418583580,0.5599908024681710,0.39734307948428900,-1.353958425476400,-1.3442848145178200,5.285360305139630,-1.7208960714621200,6.445369846128130,4.9912984919723500,-1.6749576245356900,-0.9377207685921270,-1.382369870791180,-3.4444519198372100,0.1348155226636660,7.036700840304370,0.9530590563280470,1.0416292320888700,0.7153649665722870
0.7963841251031420,1.0285149051509300,0.21548773584061700,0.3590599515578600,-1.9208263303070700,-1.5613854651244800,4.244404983954680,-5.080907846311720,7.222990250095800,2.717289672408580,-1.4157103221217900,-0.848500257641926,0.010345394951537300,-3.5086843784282200,-0.43090588155039000,7.974821543137100,1.0488603347614600,0.7047666284649290,0.4254140094500230
0.612645667041579,0.9702700948570260,0.5860453633667460,0.6459529060991620,-2.188614045223400,-0.6033467822440620,2.047548116215800,-9.752314914391790,6.055474307386130,2.9218943155493300,-1.6339999100053700,-1.4296117177098900,6.009357340961590,-1.1709736455419800,0.06227257996757450,11.208800342154800,0.49870116171473200,0.8565688356914520,0.8931909438535700
0.7028729550505750,0.9428292396660160,0.5357736337709630,0.3107082313711590,-1.8451990185104000,-2.420134274006390,4.829319025464020,-8.133772985504070,6.632973986563710,7.806854122167310,-1.674291583938920,-0.94676327702835,1.984234747370650,-2.277568065092830,0.055863146093081300,7.820253437834970,0.23107362243365600,1.1133484889584000,0.5626013010720180
0.6769942351126900,0.9895999416330910,0.5420456022987190,0.6675008798408260,-2.2410207745958000,-1.8977464569574400,5.9049816158449400,-2.96032988118904,7.876341810682280,7.892335961396600,-1.8904319984286800,-0.8238216558623270,0.2132444398172870,-3.662726099178550,-0.2506082610842080,9.456270265443860,0.5190318755250770,0.9446708403579450,0.8155865418021260
0.6768007301698650,0.955378373780365,0.26685849314294500,0.6840812051294680,-0.7786815652957560,-2.192624338027570,5.523927331811850,-4.569244872338280,7.989377415168310,5.385019591348610,-1.9034168360277200,-0.5400705405668350,-1.044806970805610,-3.263108560820130,0.23649024415823800,13.68901576989530,0.9800668998830180,0.735383750500361,0.37386386260393400
0.7995336907550850,1.0489585271947300,0.5298698908294650,0.5311842774149850,-2.0530982134673600,-1.4818109204964600,4.874493851834590,-3.6885260118725100,6.704254545985580,4.862441742351630,-1.0892148689296400,-1.1136385768315400,0.5064042163182910,-3.3376429368069900,-0.28143761826677200,12.52706057812860,0.4653788823956680,1.1466999240750300,0.1382524500903790
0.6351539540230520,0.8963009057390150,0.4963343616761340,0.4776405887878510,-2.351149328823030,-1.0775107022005900,2.8176078219897900,-10.462294497284400,6.935295241941870,5.33104573308583,-1.3946014919871500,-1.173142562681030,4.2027980273889700,-1.1219849414518300,0.21244821122157200,6.1416300649752000,0.9397679158478310,0.4216808137609530,0.07732998585146730
0.6051223332256920,1.0910692646885200,0.4314829190614860,0.557551820275126,-1.6798523112447000,-1.2378401236912200,4.811040976601520,-6.722386196277730,7.6296576812479100,7.596347136350050,-1.6946112324468700,-1.1182357527582100,-0.6174291952810090,-2.3953313577974400,-0.49326229410271400,13.861908518782000,0.7701738250175470,1.010143923544260,0.9415834738760500
0.7804142308481690,1.0357367900272500,0.21780181924161100,0.5216244897096440,-1.9701004762179700,-1.4784324624104100,4.8298574638711,-7.7498124460652300,6.208383618068090,3.79870638740486,-1.592686660941180,-1.2605322874946000,1.5825464213969000,-2.6559736697456400,-0.41784602194854500,10.688999760918100,0.3120659929601440,1.0491456641435200,0.5872115556285030
0.7707713521186300,0.9422773342239360,0.45548051192363900,0.21008608546472700,-1.386812172732930,-1.6172544502096300,2.811213054209760,-9.790270746428040,6.987052516549050,2.5246326495848700,-1.8434257615148000,-0.8890473414425330,5.388892390055010,-2.1081340320856300,-0.36870538938083600,12.223482596555100,0.5218171071981970,1.089572536086530,0.7612809820340420
0.7960096717577760,1.0325999358076000,0.6493244263419740,0.2392155482250040,-2.08200747507915,-2.2351573144661500,3.6001725932733800,-5.244892419831070,6.610196782901880,7.975957573562030,-1.695602381136400,-1.4259835307856700,2.390951949506560,-3.8134755351010500,-0.22944515326472400,11.582830803407000,0.17463488418562500,1.0422130862229100,0.40317186279318200
0.7424192316510100,0.9355349943990420,0.481055823199215,0.6449810637841520,-2.3443713423596800,-1.2439095826655400,4.670664789419780,-6.630995979699190,6.154066205429800,6.328721286249520,-0.9140731619052300,-1.0080737775584600,1.2977644350242200,-2.7526071714798000,-0.5824529427491300,9.949485162475210,1.130498726718310,0.670456572037234,0.16154806778670500
0.7681130868195020,0.8574105874778150,0.5399634040699210,0.2592181414932080,-2.2529707894353100,-1.7022885775642400,5.616170080891230,-8.103366149681070,7.479411921944840,6.230352250008630,-1.3710031025972500,-0.7860293097599490,-0.2181353923507160,-2.4944707618449400,0.2757289193424330,13.999240717290400,0.9560059332238000,0.4933943553841150,0.32553342238906300
0.5182184449269730,0.8405678471258680,0.6233688215754870,0.263714969410317,-1.1192483072752700,-1.7560095177159300,5.146501045658630,-6.12876653680989,7.174808265059450,5.851905674618720,-1.6888695566665000,-0.8106539082193830,2.4752362200255400,-2.7273981724939600,0.016614942384840100,10.469211200526500,1.1767270311326000,0.6719077951042190,0.8043078703543500
0.6267054870245470,0.8956956348844380,0.21113683076743300,0.6434854111551170,-2.1175795055865300,-0.4907145689536700,3.32733510704512,-4.605575446316950,7.707804335970980,5.374847306142630,-1.6593208209498600,-1.6305158239542400,5.893013541456520,-4.026071647347550,-0.26008657873114600,8.227658910198540,0.28052556588991500,1.0350268659190100,0.8702491962369900
0.7921851144688590,0.828224865896203,0.40142953463017900,0.47532024802404800,-1.8860120297868400,-1.4554382048836600,5.8823441745143600,-10.322238596231,7.615278121530310,7.698825453487840,-1.3737474482311400,-0.9261272518010800,-0.3104184487735340,-2.421031746282620,-0.42406975477365300,12.927653343050600,0.9373302872290840,0.4763595073011580,0.5609898976053350
0.7586350346245270,0.9914699704478330,0.6211087213291950,0.6806212304201280,-0.49898498688702400,-1.7966565247961900,3.9471369454193200,-8.082222553976580,7.085638521255880,2.453596495193130,-1.8804054118933500,-0.7389826298375670,1.9409812950939500,-2.660143877590660,-0.2674476643386510,9.422322318086730,0.9463456206214580,0.8254468637801850,0.576637637801135
0.5676553821906190,0.9998318251524670,0.22550634913422800,0.4754591102184160,-1.2998794219244600,-2.2418254196351100,6.696640703757410,-1.6713359896897500,6.631477884145320,4.287042423322990,-1.9207566726460900,-0.5558598598562890,-1.5706862605765000,-4.289518290094150,0.35129405390755100,9.325742141172630,1.0523685430147600,1.1526199145890900,0.42759978899615500
0.7523565967336750,0.877391980631435,0.5617724201781000,0.36501500771129600,-2.0816403081874100,-1.8619631797682200,5.742285998436360,-6.672215738435210,7.528786064856430,6.288807058825640,-1.2821105932289000,-0.6770074013439620,0.02987325473122180,-3.0504789493935500,-0.426865842568477,11.934221336195300,0.9536980555555540,0.6885701852957070,0.07838520600229370
0.7442523180128240,1.0522115384388900,0.5197558430407350,0.5332787065381050,-2.3290075517019300,-1.728523903186740,4.176634763950540,-10.114273724226800,6.069114231818500,3.75617993851057,-1.7305416552432000,-0.9058502603847510,0.3830032126813100,-3.377549329487150,0.26989166253646900,11.251225062985600,0.45194590271623000,1.1988751651552500,0.40138989120153600
0.7606012542208740,0.7748518274243830,0.6598204339547510,0.22051778644312700,-1.1723808497152400,-0.6695189523835340,6.572044111810950,-4.648896429120630,6.377241059167470,3.0667056994008000,-1.7944060094760900,-1.2751707442883100,1.7607436238932400,-3.3767386784441500,0.1959460326750460,11.793089824574200,0.8969323835226100,0.7718620351495560,0.46952779872634200
0.5290096542431860,0.8674682989274170,0.42299228392663800,0.5680509321855300,-2.490524231979690,-1.1972363229699600,6.950744768077620,-9.193315174274250,6.2260502704278000,7.8707459901520000,-1.488512119830320,-1.0604146537635000,-2.0040281174195500,-2.923720239500640,-0.36748138686267500,7.766418181727840,1.180051270701750,0.6576163871141690,0.46192705963918600
0.7643962472020360,0.794281641134879,0.41038051030723600,0.23990653853729700,-1.3978359762379700,-1.5859657741906100,7.305984316066140,-8.905458195322870,7.085570963961390,5.69869775221942,-1.8854199748009700,-0.8353011977594820,-0.2687310919846550,-1.8102479357769900,-0.6771835065270420,11.465976128303100,0.9332659351672620,0.5575049526276380,0.7852008067095110
0.7339195042957200,0.8250587191000340,0.6939228172530610,0.4965844199532980,-1.7774030600424400,-1.9292799878905600,9.081383529839650,-8.027890277523970,6.062360070315510,7.533617970055270,-1.6220085115551800,-0.7646980554405120,-1.9473833351876800,-1.4131453570735000,-0.6302150095676160,9.459542465379510,0.6524809460444850,0.8059246189494950,0.35062689359929000
0.7916940439980860,1.0142826473872900,0.6365966260234990,0.5601729283998250,-1.1430605293444700,-1.435516674941860,2.8669093893067400,-6.832709909265150,7.138016805501610,7.799933366291470,-1.8721808385290800,-0.8678233726273870,3.236149313389600,-2.724478823726170,-0.278329344525291,12.738293446121200,1.0003325160437100,0.5959695625563730,0.05658386220851820
0.6309974306916710,1.0449175527207100,0.5915426253553530,0.4528853790676130,-1.98244659718425,-1.5781808241608300,3.580451329082520,-10.251992758141600,6.80118813667052,6.086953005442260,-1.723214760718350,-1.1505162128406700,1.824539278750110,-1.6155021279867700,-0.4176549791010830,12.893599371873700,0.44693155947287300,0.9407670047244600,0.40543579851330100
0.7960064851639210,0.8706603578098010,0.4355823300236570,0.4477444559449230,-2.417146903435230,-0.8488590367350120,4.525641433682430,-7.78593878380466,7.965012791531630,5.604349091115680,-1.0280372579839700,-1.3351851151123500,3.528519743925380,-2.1859819178403900,-0.8093097044494300,10.661926141493700,0.5116433092252800,1.186540436303130,0.5795937402429070
0.6048351970751420,1.0208431272163500,0.32578819753489200,0.4207314350341730,-2.3221548449999600,-1.039998744493960,6.554761014069960,-7.163722671043820,6.818520166995350,5.691672311135740,-1.7923134829423400,-1.1909984283157800,-2.1468440355581600,-2.633285212708720,-0.4615436726781560,7.185227591677020,0.8076583323129710,1.088416957226720,0.9110655116315290
0.6862022662439150,1.0884576680414000,0.4359837438735340,0.6220854671199720,-1.8117968417162400,-1.113299370112400,4.4908648328909600,-10.074557630025900,7.6807084513486700,4.158730719458530,-1.2461236283516500,-1.1122281420386700,-0.3504318121830530,-1.2569373054974700,-0.017167052522945400,12.095135814330400,0.9801865840193940,1.0502062711032800,0.5798605236758050
0.6737155618696640,1.04757182939638,0.5349129076200590,0.3191187772240880,-1.1591213387383500,-1.5014399929093300,5.229100244440230,-7.272976251549890,7.856622576168380,3.0230842360322900,-1.7559195228380600,-1.0356990796787600,0.6400751728343880,-2.2657641334015600,-0.4428021189794640,11.164362951541600,0.6229691278692570,0.9468476263639510,0.5916717812764970
0.7993046034898630,1.0809275868545200,0.5813572034460190,0.5304123290334810,-1.6107174187685400,-1.2290323300347300,4.477921008043780,-6.615530582642210,7.453042804562130,6.17202002651878,-1.9021377163542500,-1.1761308878356400,1.3589219010986100,-2.5607018602215700,-0.5532041582071200,8.511693736321000,0.44965737376381700,0.8090590793960230,0.47641495478485600
0.7641878138645140,1.0646897045946100,0.5877898359909700,0.5581381010805220,-1.4964237744160200,-2.0627791600574000,3.7113542946242000,-7.29479336544583,7.994754430625530,2.569388669429810,-1.8089046264137500,-0.6961226497615450,3.296064846788830,-2.1913759834354800,-0.113202828613168,8.179865867878930,0.5061772443423120,1.0365018999855500,0.10191803467388300
0.6903583184744030,1.0303017709495900,0.3664412958973580,0.5731205307668070,-2.025516428145960,-1.3160435738428200,4.541787614992660,-10.171328855004500,6.6029565217639800,5.876324713476830,-1.525965118180100,-1.0939245596585100,1.8403810536675800,-1.6265491632710900,-0.7255389679172010,9.591294574368690,0.6052904742476980,1.1266702009787400,0.6785326493378410
0.7612005406700000,0.9671391673752930,0.5414980154479570,0.3956124994790810,-1.4307348652228000,-1.6459934345091400,5.762207688825020,-3.9786627768818200,7.70227134294197,4.480714450195570,-1.8147471594228700,-0.8296587959742120,0.6042554678860600,-4.079331918958290,0.03391451030276950,11.090684454529500,0.695415750412893,0.9131334903844950,0.6913095190772640
0.7641100054513250,0.8108899925912750,0.6474270605586800,0.27404912431112900,-1.4999057507844500,-1.8593109834499500,5.295164794565600,-5.734900918066200,7.275354759682210,5.017320887703010,-1.929110113045670,-0.6873687366494780,3.292107594128150,-2.6762074823573400,-0.5634198531023690,13.843136103388000,0.6207686985918490,0.7586259653566130,0.08819059359004440
0.741701203385996,0.9783320097702760,0.6969859655700210,0.23336913466534800,-1.503871484070670,-0.8973500372442380,6.288126820184540,-3.474618921669390,6.091862573324600,7.883524581224700,-1.2030835738439300,-1.2182376997664700,0.1626646133779000,-3.3774179265810900,-0.00834389954068937,7.345752453008130,1.03312905452467,0.8601063829225900,0.5389073648539120
0.7673629694753590,0.9337703220970810,0.46702235143815300,0.5531297612572740,-0.9721877029068080,-1.1098442390038500,2.1354865451995300,-9.99921574813233,7.290527074521620,5.157861566225140,-1.9907957672757300,-1.1760578772229500,4.619495643273410,-1.166891945190160,-0.4643992362123040,10.932462631419800,0.5925413449643060,0.5495289018647860,0.3561509060635260
0.6364622920999250,1.0846365519398400,0.3637937078148450,0.2950552669435230,-1.4876449094067000,-1.8037415784152700,3.5605974491656,-7.294348656641160,6.923956311993610,7.859730443137890,-1.7295810497073400,-0.8143565095257850,2.3029833785012400,-2.1131857870656500,-0.1355281434447030,8.132397500746100,0.6432001274594670,1.086794747042860,0.91623012930684
0.7711996098454570,0.8694129779322860,0.37312673545134000,0.501842469062824,-1.3931809161254700,-1.7597337125620500,7.390306413001920,-7.408520106037810,7.638427779940440,3.266367939490030,-1.652979202832370,-0.7566944350044390,-1.5785502754810500,-2.414694338558400,0.3583698915908650,10.372054621523500,0.6949657927395880,0.8693555981540960,0.8363320824198190
0.7764913546177840,1.0247257057512900,0.30486038779773600,0.3323259966067630,-1.2947858867958900,-2.1972089914054800,2.4942153679988800,-5.5472103112113600,7.514533737333590,6.241363004484580,-1.5888336388761600,-0.6903511065395350,4.44873621064142,-3.1244877962562800,0.10354721779425300,9.386618202400690,0.5648748643745890,0.9303686551393110,0.3827997912660160
0.5929145999016920,0.9417471360070670,0.5533317642468600,0.29931915589417000,-2.034996285948630,-1.6797075790481000,5.155638404484240,-6.64599914745212,7.569566888046580,5.713008946103880,-1.9584637574038400,-0.9686588420487650,0.8062051047629280,-2.8523361850347500,-0.35319106214840900,8.374467207074890,0.571007325970528,0.7471257139158910,0.6900708707695870
0.6709148706896440,0.9892229889617500,0.3997814753030550,0.49110181558275400,-2.1012564533349400,-0.6852342782515400,3.7465050812550800,-8.928044678687650,7.237471114620650,5.635540936804320,-1.6805258075481200,-1.372528505448540,2.395241744117400,-2.122934657259280,-0.4848176814927040,6.053111139762560,0.5418868780423770,0.8620644292616010,0.8744332900282320
0.6822604556760320,0.9631144486877470,0.5673148648860250,0.45401278963034400,-1.392493031290240,-1.5518926612864100,6.557306377951760,-9.858549970724740,6.706628534971420,3.0722404131841800,-1.023562413670050,-1.104884132535340,-0.2192489676519120,-1.4953841942769400,-0.36171110025646500,10.552212070020200,0.7896563568042290,1.1305619359669900,0.463777728912642
0.6232869310328490,1.0131059164046100,0.43888770767897300,0.30508665010432,-2.2732439624351500,-1.6426673540530000,4.237895194735690,-5.137816884846610,6.544951775668270,3.5960485974080700,-1.7535870011333900,-1.1941537323896700,1.07401192741465,-3.5273398764510500,-0.05242528251509250,10.702753498940900,0.3481991774508120,0.9144726495688640,0.2789764420170590
0.7699629557651630,0.9698213531769760,0.4911525001172150,0.5511326088153910,-1.4590694300105000,-2.2073481538147800,4.86146793264806,-5.034532163216780,7.269739135617460,3.327361090711950,-1.2080389290394000,-0.5177986979567410,0.866731748598399,-3.373739572438890,-0.6101820192106280,6.852286663217530,1.0159584189339600,0.7894984744763330,0.21116456248794700
0.6925195205708850,0.7747557197382270,0.5759378468159730,0.4567200824907170,-2.440774908115560,-0.9446193479862760,8.54322770407474,-5.321624511888290,6.644890979657210,7.704602645197060,-1.8058374004648800,-1.1804921805048300,-2.4736001752148200,-3.1430426489371800,0.11596521138118600,7.714963248266810,0.8757921728039310,0.6781947878380010,0.1839667546802780
0.6178549980580070,0.8923493719681860,0.3165397266716420,0.34126784592077100,-1.7685950525380300,-1.0748198547666100,6.398583293189580,-8.45207100783057,6.7448449018143800,6.041759918453530,-1.6691346712841900,-1.1593423972338100,0.17318226117933300,-1.8981470692232900,-0.7906023082075040,7.756028988095840,0.81657511783546,0.8784837092208820,0.3647775947138820
0.7134246003623920,0.988015817238867,0.3030725698453770,0.5470847892393130,-1.9464637274391600,-1.7560914148474000,6.191384697088840,-9.82118063780278,7.792461139558790,7.594100857807890,-1.5372332332984700,-0.7881181881892230,-1.0274283647415800,-1.5778363910457400,-0.17686686020581200,9.591888047621870,0.6712567313547380,1.1358488958008900,0.9969338994971000
0.656323223604129,1.0163269421918300,0.42104959066306100,0.5935395119818050,-1.9649926336922600,-0.9006159126113610,6.008921882368640,-10.624494223878100,6.967518838990190,3.2209793631424200,-1.7464439077464300,-1.3053833876015000,-1.2984729715873800,-1.681259453781900,-0.7390895195819700,12.94599472159340,0.6742465723212650,1.0430287804787700,0.7415186590493060
0.6960539376175930,1.0571411094651900,0.49685046207669600,0.4382916406585180,-2.0198223014093300,-1.2697586472845600,3.4360051260468200,-9.839545677739720,7.152229189214390,3.064384828402320,-1.2365325108962500,-1.414480067678870,2.3911522483305000,-1.521611736610520,-5.1184047381421E-05,12.308386194159900,0.34552619499914900,1.0197956960865200,0.9852801204873750
0.7837088407205350,1.0549334629139800,0.22752759549913900,0.43498123469701700,-0.7707778183224920,-2.2782441521407300,4.8985435341472,-6.598655942822210,7.128972936804570,5.618576712166150,-1.6555891444624400,-0.7659435978793640,-0.7793350866659760,-2.8910287452350800,0.2406139705546230,9.04333113193762,0.6044506638364650,0.996788062346894,0.9637220565017250
0.6624883773188710,1.0100587444602000,0.5341906080929560,0.3576929908866100,-1.7331446124287300,-2.2016918938730500,2.7017154299263700,-6.909121281468860,6.6694356405581800,5.365794475059340,-1.5472616569001700,-0.5142887355753070,4.249103402679990,-2.5853755813226600,-0.10009169043271300,6.0802026804412100,1.017338796996530,0.7631868427475940,0.4628383475631280
0.7183966202389140,0.8125640223900360,0.43529896721843600,0.2596873376494510,-1.9128722097053000,-1.313045615467620,5.630174877469800,-4.222947764252000,7.538160888740500,3.303664971979890,-1.9846961465607700,-1.1699305317158200,2.4833740493133400,-3.4699991370412900,-0.5808770265310870,7.466865745766510,0.4561245780866760,0.5767184895045890,0.18216596594911000
0.5747721538499670,0.9883058804148520,0.5905227193632940,0.4149027760813980,-1.5440590840079100,-1.7691064929471300,6.892644873751580,-10.636840476152100,7.488061279279740,3.8972468015605900,-1.952592065466850,-0.8605276475281150,-2.3060735928009800,-1.4667273490922700,-0.2420844166718860,10.955549414517700,0.8485061564876710,0.939110143145245,0.4773396759739530
0.7447480494133870,0.9389131317221260,0.6790801142936380,0.4627419363484750,-1.8684819771718700,-1.5929478759592300,4.62363544187605,-8.873711172379870,6.474422382559100,6.287085200490580,-1.8998769343814200,-1.3872615890787400,2.6875858917299300,-1.4132400059581200,0.2290835335799410,12.154706216152100,0.19060413099614500,1.1045246423968200,0.4916862566879860
0.6438080147344890,0.8062204785789330,0.39983698266660200,0.5290457198028590,-2.054868392067540,-0.9077468647001980,8.129096548421370,-3.29630101365171,7.077103018712690,4.300269455625350,-1.5448784692365300,-1.3706473733161800,-0.2712999587067690,-4.364307137117850,0.07729411158666760,10.36347739621900,0.4226735881125810,1.16324979756174,0.8301825362414910
0.7160386818194730,1.073939175947980,0.3713827895806920,0.22102732426775400,-2.3134830870987300,-1.0170189582853400,2.0946006465841300,-2.274003205034240,7.118124671158940,4.729667030021830,-1.4870888502672800,-1.1092417819929600,0.7552208516948520,-2.0524744851137500,-0.5869609306641400,13.577896635426500,1.0004979829539900,1.0895282748389200,0.7238298325669080
0.7725649031972860,0.9795909453853480,0.6117143020032790,0.5116838648337580,-2.3964975131386500,-0.6649891214064540,3.763800637269200,-0.20245506398176700,7.190526449900310,4.960207944455950,-1.650220875955710,-1.239479688295680,0.6439885269154870,-2.509156372998580,-0.7184979992191540,10.560140546066700,0.880528689527308,0.7785391283391750,0.7294165897733260
0.7499999911243370,0.9678556042067960,0.6558148045970590,0.6347056451269790,-2.208911126195300,-0.9208284135883300,6.355223141463960,-9.008459741891170,6.77027773591003,5.143517173325540,-1.4942036742503800,-1.228345064660280,-1.550619331253950,-2.4494551292973700,-0.12512152793970400,13.54928997877700,0.7302978790896540,0.8650481569335530,0.7382606737013720
0.7847678066084830,0.8460233918885420,0.6245528474987160,0.35672713503525800,-1.5284047367062600,-0.08989137031396640,3.4182673393290300,-5.94500631414159,7.270353298165770,3.2265686528399300,-1.9796850968951200,-1.4780475468577900,5.343632406422240,-2.231807132692030,-0.3926839413939930,9.37812262659484,0.40724569299080100,1.044373566672210,0.3537137622838260
0.6853715289089790,0.8540575556349830,0.6480484197282630,0.30034690473061600,-1.881037917536490,-1.6992627382192300,9.126527274366960,-5.92955505391037,6.088607508757070,7.383678818661370,-1.255504017983870,-0.8761837884031900,-2.381441742656950,-2.5828674619586600,0.18842628557744800,10.430698611593800,0.8538962881143290,0.776046885819399,0.5936645659660680
0.780801907206892,1.0175204684352400,0.37478001622984300,0.44420411497948300,-1.5715385907859500,-1.466498935847390,5.373093385758610,-4.775994522141340,6.534987503282000,4.9834307939591800,-1.4974072773836900,-0.9252545632415480,-0.4535239398495360,-3.373358085737250,-0.8367068563187990,13.655793878398200,0.7318455949266200,0.8807561781400050,0.4001072463463760
0.7088166986718630,0.9067191694012820,0.45080384644439200,0.32941634289726100,-1.708366172126880,-1.8559288535231900,8.29791202983201,-9.02374589964185,6.029402185127270,6.348360398823020,-1.9943810347385100,-0.8440880582492700,-3.4545806920838400,-2.264756324684000,-0.12136760991431400,10.648519382952700,0.5606376002266850,1.0527532136889200,0.3783386465730190
0.764772674528306,0.7690945837004850,0.4141196103426020,0.5290323047305380,-2.4167818001487900,-2.1781146913625600,6.37698075942842,-4.984825374893940,7.107491974114870,4.363726034658430,-1.5104530681098000,-0.6036949537201110,2.505605794599770,-3.828711986467290,-0.8949198766447940,10.202808668688600,0.46711506630643300,0.7793406837422960,0.5550749411328090
0.7347098132765220,0.9861753828645910,0.6448430915461820,0.4441802108490990,-1.3243510058679200,-1.2637201945777700,5.732078737374590,-9.814341179740270,6.179384331334650,4.411039165262670,-1.605782056040040,-1.051539350694740,1.3761179957930600,-1.0156763218150100,-0.6452808854950850,8.336166299888730,0.6364676469143960,1.1065132316656000,0.8707106837440830
0.7429903355002910,0.5878874615336000,0.4101358184893460,0.3510237507111230,-1.6004632625379100,0.1176989529684810,4.090833069250420,-6.721457339598390,6.646531401852190,3.0084061496234400,-1.5896495386468100,-1.3657999217696200,6.088616745445580,-2.1620739168305900,-0.134324794861119,8.323900761642790,0.7004374870171790,1.11422394442515,0.3811210450883190
0.5755694584477670,1.088048193146120,0.6513033290949550,0.5509866472936700,-2.4931958550896900,-2.3499041686537500,2.843722987452800,-9.91717720328288,7.328953183363790,7.267641734802810,-1.961281260461020,-0.6219948643173120,3.4878101861430100,-1.276175995748860,-0.32152196294008700,10.526467648836200,0.5157105867134290,1.0279486843764400,0.3736292933285460
0.7404430896834040,0.8733047692127230,0.5428642082315090,0.32840691510209000,-1.354707488115010,-1.6327972652929600,5.41166392757985,-7.0728174238945,7.541141607466670,6.594259244110460,-1.7358994146590500,-0.8347906821529690,1.4141970663675500,-2.66363087287247,-0.210717137689267,12.51893751274270,0.9352530280666190,0.5290141733404030,0.3342724609405220
0.7440974443900760,0.8760197145432140,0.38069266545892700,0.3754897836777430,-2.178236028024390,-1.5614902661012300,2.861234078952290,-10.134314055548800,7.105165831307030,4.520265827750070,-1.9003814511336200,-0.88943093929878,3.4784387917984300,-2.0068123016510400,-0.36114626023956600,9.900410509546810,0.7079725265851000,0.5648106521662400,0.18936181851859200
0.6401337223667850,1.0536790273192300,0.5742807800068540,0.33419457096724700,-2.184153216906210,-0.7489141450748010,3.766366090775800,-5.999509397844500,6.848450170539520,5.6142407358654200,-1.876973927337100,-1.2447868926387200,1.043440657735920,-3.0861336255500200,-0.39564883888627400,12.506332164978300,1.042701802935780,0.9915557277314550,0.2310789841215030
0.6801016987695350,0.9992027545999220,0.3824097444337270,0.24724878300837100,-2.438020298253790,-2.0037220574595000,6.618710239697190,-5.522065359700510,6.401678950193980,6.2995279389743200,-1.2265545930809400,-0.7165954478851980,-1.7399431886845400,-3.071504253858580,-0.2416191037987470,6.015004158082260,0.6731507959778710,1.0440468067359600,0.2907260635490270
0.5939632508182730,0.9642002253387490,0.5216982509936070,0.45620209230204100,-2.2013770750682100,-0.8086928972155660,3.399787843643070,-5.308691737546420,7.199848207705800,7.668900135758440,-1.8406100386837900,-1.3564260434948000,4.411564536425830,-3.244616310987500,-0.07352496391025270,12.095398771860400,0.4662829111661340,0.936392935338172,0.6199089041292140
0.5155025389786660,1.0960438971188500,0.6656361203461530,0.6234275803014990,-1.494167533592740,-1.591762730390370,4.14268638586856,-10.99879029541370,6.641972602220240,2.5357268128234700,-1.479805660375510,-0.8980816298533240,0.009979950612912460,-1.7699399696847800,0.12970586005193400,11.53781369358980,1.1850457118759300,1.1811748391089300,0.3374288716032290
0.6346269208658630,0.9630105573891510,0.3532682162963690,0.5091981899812820,-1.710668967166750,-1.273570124082620,6.6990726495331,-5.743241135217480,7.928561088181480,5.504878152838780,-1.5923441421375100,-1.1891785276898700,-1.7025702375757,-2.781016479474980,-0.381022470317437,10.419454212555900,0.5290765845582240,1.0036697907143200,0.08089634728271080
0.7869918371540560,0.8649395427531260,0.3074734447698560,0.26551800474365100,-1.6560066649956500,-0.8994001855587480,5.882086305738170,-8.199005282015820,7.835586620691020,5.264517558080660,-1.4472776465315200,-1.3326813230350400,1.5596898516140300,-2.369976619069460,-0.9616054125778340,6.474946058245700,0.3977221529265620,1.1455295402942900,0.34878562386519300
0.6242680656899740,1.0192926617436100,0.5685120000932750,0.2947177358001870,-1.8640672313683300,-0.6976854055108270,2.5613325979824000,-8.207793443788200,7.48865590427771,3.2658511245865100,-1.512291063270090,-1.4910475328070500,4.190998520131180,-2.0149461689917100,-0.969881163661711,6.333192329642130,0.5674129205619620,0.8971029195168950,0.7920958350882490
0.736070059692669,0.8141865248588170,0.39497264362689400,0.44833779458501700,-2.188740888379310,-1.6460503448282300,7.41617431883405,-9.398518542543640,7.272471962447680,5.2518615882272100,-1.5107276967097600,-1.1942143228833500,-0.30109820044821800,-1.2669526627915700,-0.40491592735827800,8.864236145095410,0.30084140301601300,1.0659154771317200,0.796452476085981
0.7847104045925380,0.9281303882401530,0.6970322252115170,0.24803143477016700,-1.705872210267220,-1.6687650461305000,4.5017945757409100,-8.80733914105186,6.95290599049792,4.1665157319409500,-1.9154910231393000,-1.099458318802620,2.4968422546265800,-1.5389863976848800,-0.17297077925803700,7.877761058852100,0.2948641311849270,0.9288129888280960,0.5515871105208120
0.6917848734110380,0.8587729110048310,0.6855746505488220,0.5427992345913340,-1.7931781017366000,-0.5444241813521610,4.6896358131764,-8.866508370026320,7.682992990882640,6.706416467088380,-1.331380253004950,-1.4707863452620800,3.6597578264855100,-1.6344943847673400,-0.2652182326152010,7.7096824603060200,0.6197755091543880,0.8877307153065080,0.621978726701098
0.6578432614711050,1.04368807132832,0.5570756699093270,0.6972105380791210,-0.7071539815119700,-0.4451610167100230,3.3025930683601200,-5.786733243492180,6.426397046231290,6.58663770643232,-1.6048533942095400,-1.4079350064811100,3.5751928275748100,-3.7083798983971500,-0.8866827777526090,8.997802587007040,1.0434109195731800,1.0314525288841600,0.45342677829399900
0.7794382631133910,0.9707026587378600,0.6638227025534610,0.6690884989237680,-0.9162677954531560,-1.2743696224324300,3.868806149394600,-3.4379270921933000,7.906298734937890,7.322151873066220,-1.835530498920940,-0.961793783044091,1.7613790128417500,-3.4980164336759000,-0.3736309351207780,13.237935359515400,0.9541657987431900,0.8136330002085080,0.5632634855196320
0.7277940834760260,0.9678133304080170,0.545050872635967,0.6226228753425290,-1.0356334448409000,-1.5823886145212900,5.156427620787620,-2.1242322845608000,7.604111025571530,5.720980877394530,-1.8872272106342300,-0.9184511374954210,1.12571356719917,-3.1860235430625200,0.143086900227466,7.545498277944670,0.7283467728257410,1.1263514794356500,0.6770730335581010
0.78926043099319,0.9236760461897570,0.25024907055218400,0.313636793205282,-1.9363544761271700,-0.6835668218656890,3.5144940615286700,-9.774314239106680,6.696626143609430,6.659618583167300,-1.2044545676701100,-1.2983935171314100,1.3345725546909600,-1.483290546263620,0.03755982157127710,11.071381575590300,0.9662813844396400,0.7660386148125060,0.4845720000158
0.7137548652853590,0.9560788892216590,0.548272929198587,0.41430866540649500,-1.741265085911130,-1.567612173745900,6.750292185393750,-9.685278056850900,7.359408000243620,3.895759994276040,-1.7317796952218600,-0.864060997272118,-0.8870315340169750,-1.379363577655390,-0.7849216657481620,12.05199803084350,0.7813215818182600,1.0085706728661300,0.558184984075622
0.750155069836533,0.8930462485699920,0.46065783173672900,0.44718557518189100,-2.214852499081500,-1.8202150700450100,7.598019168219520,-6.022271895156970,7.272077935713960,6.310384050122170,-1.5416761859008500,-0.7277942977916120,-1.2862004596199100,-2.5870540666242400,-0.2762113838898540,13.161783186993700,0.7188574149689360,1.0718342306907700,0.23886590949208900
0.6367572925379250,0.9570881975024380,0.5211937949472840,0.561578048639995,-1.7472586271232300,-1.772999750491770,6.012217072033770,-5.716211456240530,7.151408820656210,4.662122147290630,-1.611680284240260,-0.7370641113724530,-0.33196884654162300,-2.4615537710707700,-0.8593349410488820,8.812503341044710,1.034554377131230,0.7552264533681220,0.4241564960183250
0.5961814012224510,1.0083295469499300,0.6619844508020790,0.6026611781727420,-1.1186470724311500,-1.296673717426690,6.514675029811240,-4.273340690729720,7.743112858672990,4.701457224563820,-1.7051882033682300,-1.0463322608348800,-0.34642887873784200,-3.042342484799210,-0.36683084449668000,9.478815560990390,1.0350440331846000,1.002024600248850,0.40285361465603900
0.5020963135624470,1.0360825169117300,0.5550643216404670,0.5719328577377800,-2.3550441902094100,-1.7220555084386000,3.126222432256650,-6.555579717935950,6.457632976830130,6.221685954603840,-1.959845258132570,-0.8385330415495340,2.447232685621200,-3.0428353740010400,-0.7599495390295690,10.468840769463200,0.8760412095938510,0.7852912049165430,0.49347571645203900
0.49253510611997300,0.8118966067584620,0.5015933295987720,0.6525937652732430,-1.723164848331330,-2.076023295679040,9.485571509704790,-8.989203036441740,6.5833273189557300,5.440687696714180,-1.4531437922035700,-0.6621975364923130,-2.8024024980406900,-1.338916095594200,-0.5903354704375920,9.516246016626970,1.1012323934109500,1.168499141038000,0.131415589652668
0.7422160832079930,0.7816987464569620,0.5645934889395310,0.3013721119742060,-1.9540567694729600,-0.31130454920401500,3.6393368233834400,-9.653530623437700,6.475597294098160,3.687955486096810,-1.2885557617864400,-1.5296775954673100,5.450507910368050,-1.6551766431932100,-0.39973110489197400,9.601624989412770,0.7269770132691660,0.5530448476676550,0.8189166390154950
0.7214967106794260,0.9453443304329540,0.541218295381545,0.2928204052740860,-0.7930543679636250,-1.5077700049910700,5.687613127538030,-4.140802433065630,6.252946856691910,7.662153892152880,-1.8817926358070200,-0.8862102562997110,1.8467984986999100,-3.517944219301860,0.12377331446897700,10.819760800550600,0.8734632232761250,1.1578974497511000,0.28102668521917600
0.7684965849014920,0.8843854283786890,0.56464858335853,0.5072982447421090,-1.3713305330721600,-1.050667878196430,5.852627546300310,-6.696185906774800,6.137384358728840,2.8691326056557700,-1.5727670121499900,-1.2357351939847600,0.0898581402485098,-3.0340272069621800,-0.27187210510693700,13.746047368523400,0.5847043814035050,0.8003043998663740,0.6625072256568440
0.5973775762677000,0.989151519713579,0.2967915018800590,0.6478083640904790,-1.6798582379544200,-1.4979911155241400,5.762931020454650,-6.874519061631460,6.55884080221461,2.039941714581260,-1.719225670915590,-1.0881503696273900,0.8189525030917530,-3.2641454797881700,-0.533843207642755,6.511540252843600,0.4414387762804060,1.1468089852656500,0.5342343784184000
0.5685042776087050,0.8578543866653050,0.6208232832195460,0.29354972726325300,-0.837918793630886,-1.7365668969532900,8.129323140104440,-7.253006043982070,6.748658398697990,7.655297233187260,-1.7894557225774000,-0.8092985402098730,-1.6735465908778500,-2.082685253304280,-0.12124669303023700,8.502659985690730,1.044873848561130,1.0480042401871600,0.8331121265975840
0.5931100589251370,1.0012983191895900,0.6650948696233880,0.4045955833780770,-1.9962378083023300,-1.7555867210379300,5.43591875083183,-5.692274179238650,7.181587559929000,4.040745079870700,-1.9150647026435600,-0.9002547417318770,0.21520340761576000,-2.690361267582190,-0.553881096941663,8.875017655756840,0.5710975547206450,0.8821017847676540,0.6721531954952720
0.6430822291228190,0.9175490555094570,0.5405191571665980,0.36097815532039600,-1.9277637492285100,-2.273412086030230,3.230545619942650,-5.757689056718060,6.932843323223250,7.850022189713580,-1.7011808570651900,-0.6131952484932960,5.335877696648270,-2.9075977661673800,-0.6752739027104530,9.866505619087570,0.578108907173013,0.9428176025710430,0.737830708397079
0.7016463086418420,0.9743009266946550,0.3781774675056590,0.6553961148918690,-1.3605428695470700,-2.123764589477020,7.609690089452070,-9.176893716181370,6.590727829268050,6.543915789037650,-1.6455691586520100,-0.5570927563755740,-2.410179953050120,-1.8653633148853300,-0.9393944460166100,11.613772082195700,0.9356240682077550,0.9840208409797550,0.6469092165602880
0.7577228471740800,1.0508333915519600,0.41878548974759700,0.5256846783719150,-2.273110066645320,-1.3800558916724700,2.2904509005710700,-9.226498178198090,6.787212503911110,5.734274465285730,-1.4262765583794900,-0.986734981982331,1.7479339100573600,-3.2525328079522200,0.2201453369911050,10.377953015192600,0.8031406832044740,0.7738078305989640,0.33286572423241400
0.702337107142823,0.8724986333954890,0.2221343764735790,0.5446672476663170,-2.375873929293430,-1.306991633448890,5.981521509638320,-4.197033185933660,7.751342171758850,5.683035865948230,-1.5764538060689700,-1.2390131845420300,1.193390477735560,-3.943040097184780,-0.215936602260627,13.536045538977700,0.4367042137254070,0.8181569380831950,0.13831804522944300
0.745149990018095,1.0442434356964400,0.29388052377806700,0.24813477864389000,-1.7630592487797400,-1.6652015844101100,4.841634748247970,-4.223777101673940,6.825933116659020,4.698957883087230,-1.611004543517930,-1.0508514820462800,0.6621746428758300,-3.7946428584179100,0.04231668694029440,9.16513279494171,0.44946428349520200,1.176424409606730,0.5300949068605180
0.7334918626699130,0.8354964093027410,0.4237129698534220,0.4335650698056340,-2.3681611214301000,-1.1663303945838800,6.5026827220801300,-8.137420392075880,7.835546492257290,6.304504962500090,-1.811964244369140,-1.216589423448190,-0.46658992628060700,-2.658536577416750,-0.48137295468058600,7.322508785164680,0.5458524192371090,0.6746872794346450,0.989333390801588
0.5994192363296970,0.8261097008899070,0.35679129655672400,0.5833294507975760,-1.355870588841830,-0.1286119066193770,4.04200678484929,-2.9500369989156200,7.49879312714473,6.204782908281190,-1.6666267493466200,-1.4838286600605600,5.075218497836030,-3.9688581776073200,-0.22707389134317100,8.603014345419120,0.8377644220798080,0.9339175437422950,0.46611779442464800
0.521095118834999,0.9936121067542430,0.6425606081341240,0.6005242887629600,-2.1238210683142500,-0.6798026691411270,5.179441211366270,-2.866627964672630,7.1151972751826000,3.716319937725770,-1.5778252237204800,-1.4789965583978500,1.8380809810147000,-4.107253040948060,-0.6837910191980310,7.963370968826210,0.5227223495902380,1.106367973700390,0.3604991912835770
0.7595053387394120,0.9430929621519050,0.5049227885775520,0.4873653459915070,-1.751805986481970,-0.9919747336757920,6.346046971456110,-7.641745554181540,6.210845214720280,5.940707855816000,-1.5181699811096400,-1.094281519669930,-0.5790044487734740,-1.8425221594392900,-0.107599314976149,11.790042627984900,0.6438612266801840,1.0567203703097400,0.8673635673294270
0.7304131481107820,0.8782308674309810,0.5590061437009350,0.6432283505805170,-1.5213594470867300,-0.18109960732749500,2.8033239695357200,-7.723262488312700,6.731980035477000,2.226992976337600,-1.9370480771936900,-1.3343033216453200,5.467977612846680,-1.5570863301876800,0.3635039010528950,7.815149672371840,0.8552994152202080,0.8955228489584810,0.47803808674996700
0.6481500291012140,0.9544956843191110,0.5966436499612000,0.26721539000503900,-2.4905729300847700,-1.5092680779958200,7.2760013112717000,-5.652044151136050,6.894536187999950,4.689235421897450,-1.6598255839833300,-1.1367155156067700,-1.4168941758828100,-2.5504394608987500,0.14901394120798200,13.77491963540590,0.46789540716233100,1.0998433102467900,0.25390829166644500
0.5592064840515590,1.0268068008175000,0.5567074445245270,0.28706266997964900,-1.3558201737666300,-0.8618637152055220,4.859235755426330,-8.585571220062440,7.672866856565340,6.25016389623961,-1.727448001754020,-1.3119182943252400,0.4783305879777950,-2.623019805460110,-0.7163785302254880,12.405380999305400,0.7446597584375220,1.117880460733250,0.1046965665733420
0.7371321732845710,1.076467697368820,0.5701479713570310,0.21050720921988400,-1.8510414764411600,-1.4614009955173,3.651378989479300,-7.318241379603010,6.481344634408360,4.346076465107590,-1.1134991474630500,-1.028336209775080,1.5875433770689,-1.9923036107485100,-0.8026296492822350,13.558614331347800,0.6971351984038970,1.0982223975786100,0.5797877725095030
0.74165346663952,0.7969211892242470,0.6710659731525260,0.29843279258043300,-1.5069545084783600,-0.48661245861818900,4.343440067642060,-6.63741694948174,7.3652022401161800,4.829278221134420,-1.4669684711551100,-1.4617199337075900,4.814976154777280,-2.924277132153960,-0.5392882083041810,11.685354273279800,0.5046430405092650,0.978654590663779,0.9551473035249460
0.6305967021890500,0.9851888693831520,0.6391039354063110,0.33764536974360000,-2.1620531888543900,-0.8607558269878030,2.944993508968320,-3.6905479874469400,6.436041845276600,2.4874803855494200,-1.7806289623416800,-1.6136246059721400,4.474004487627910,-3.534053265354970,0.21632059692014200,6.787099508748090,0.28157365287542400,1.1094179047886100,0.33012558391720100
0.7969101174960980,0.9638695539153710,0.3809735171953350,0.5695931902136320,-2.2738920019044200,-1.2707935001592200,3.2079973677753300,-9.179742515072980,6.812145708847600,3.836050071381700,-1.181823634668500,-0.9531012715168780,1.9158261649427800,-2.029873780924740,-0.2793709668883780,8.74866172713009,0.9552774157353480,0.7517778296752550,0.362975573747119
0.6979885242548420,0.9752192825480270,0.27993079720598,0.3231516001133760,-1.73804260733132,-1.1529320942256200,6.747771343922430,-9.338645803352370,7.798122031711720,7.6192357543297,-1.4414865991790900,-1.2448936173921800,-2.1651025641847500,-1.1344312285309800,0.252514152103577,7.712782676963140,0.611925700574858,1.1643781619398800,0.7337356005535960
0.6731184604577120,1.0264328482917800,0.5579320185837880,0.34048035412265,-1.6075930332878500,-0.6060396026420030,3.707534186922950,-9.904860952921280,6.449695260459610,2.4829292330209000,-1.7190260559964600,-1.3584575106168900,2.251032872798590,-1.0558690195595500,-0.0933222437653525,6.023229070152830,0.9077081818364540,0.8231959210332040,0.5040710218311350
0.7587675876102960,0.8731755595622000,0.6538827107426130,0.39815172874218600,-2.407006130175540,-1.4398781900445400,8.592389332573850,-5.476164068963110,6.2670990757577100,2.1708133495616500,-1.6788808965428300,-1.0014108884263900,-3.345531259136800,-2.7830450405940500,-0.08403331218037800,12.546078704014100,0.47843200583618400,1.1495984863470400,0.6316968291639840
0.7967679198922130,0.9862095101465460,0.20583187182343300,0.6364583604674090,-2.351301775697230,-1.024253918128740,5.338935346839820,-9.661730286139890,6.586893177261930,2.413089576728160,-1.6890338672373300,-1.3089796514749200,1.0392645838887100,-1.786579012097770,0.045606243211781700,11.199413395394600,0.41516076986312800,1.1483140892901500,0.6581131751769410
0.6586978587632450,0.9124154551593360,0.5740992253453990,0.5113153973072410,-2.1867035140401400,-1.6684185472531300,3.927872637792380,-10.530986935240400,6.047166948752210,5.952203022667480,-1.7666674517636100,-0.8159634860259970,0.6121976481722390,-1.3226422362101200,-0.5321694534959270,11.226016525917200,1.1667151642117200,0.5119789335530660,0.5559068342295830
0.6134903476521770,1.0350021032781800,0.536705472668371,0.4944191361814460,-1.8874984328984000,-1.0197244222754700,4.070672605085120,-8.647190076865620,7.1898560738636,7.8693011885416800,-1.768020396483510,-1.4536021470943500,2.8163870466335900,-2.4071829960513300,-0.3934838136914050,8.28090136640992,0.3228677853653720,1.0014786017000800,0.7736385338052090
0.679439008917432,1.091182691826800,0.5145740347585370,0.59202395717129,-1.5695878174951300,-1.5273375599633900,4.212582881949550,-10.016572952116400,7.6073229636960300,2.9451996059759400,-1.006935223468030,-1.0576342518262900,2.1637882557534200,-1.2369180259725700,-0.36286797532577000,6.777403317347210,0.9823054631101330,1.0936817209590000,0.9852964395471810
0.6262468421138760,0.9708939693752220,0.530269647707934,0.6258690994201260,-1.9918057913142300,-2.232558996485360,4.847034324875160,-7.46984791865637,6.749580212357530,7.881120651242150,-1.6611050067751300,-0.5983499725810760,0.9189112494825530,-2.1653938855187400,-0.41126169300855400,12.971404318863500,0.7411011386308060,0.7455731887104870,0.787148063787896
0.7922331664398020,1.0922385350081900,0.6853309859350560,0.2385776049430780,-0.8874161762671570,-2.0033612462504900,4.489311280744190,-4.114480876402420,6.880792959758780,5.401252795700520,-1.7335848483324200,-0.6769341573596260,0.7499730673028570,-1.9751745950657700,0.22328568614091100,8.48062447219587,0.6485959604419270,1.0613704897401700,0.8666407044546050
0.7169738055103970,0.7788330318213580,0.5816146476678180,0.5692167384872040,-1.900242378439720,-1.8847549421765800,8.254156750092230,-6.750390846407680,6.6259974714266200,5.018932241770330,-1.5767100214648300,-0.7020834212485980,-0.47163323222446900,-2.568429957492550,-0.6627932304031770,13.24502963140430,0.8282674317495,0.6850995264139870,0.9260088788602410
0.734955153599118,0.8644415702944270,0.6845778400794940,0.588377800305609,-2.328515502984860,-1.3832156850465200,7.898074755538900,-5.072216129993210,6.8924366035702400,5.273827194638840,-1.1959878571295300,-0.9045112590138430,-2.599870279081260,-2.7320730677185600,-0.2685708450740630,7.133009270144490,1.1102347184839600,0.7330269835572950,0.6224393923458870
0.7419409202041660,0.9862637679391470,0.28083112800435700,0.5841516603690580,-1.3912016269979600,-1.5007932332122300,5.922526206008030,-1.8022457595017200,7.929725158408980,4.6720642638391600,-1.7002515145114000,-1.0668539141144800,-0.3058205233376380,-5.760371221212860,0.10887730268929000,7.511776805318540,0.5722358411462290,0.9243664532492000,0.6204857591227960
0.5581948764425610,0.9169308039229860,0.5746911038553050,0.5834048245665590,-1.6587153787662300,-0.40469626358316600,3.848072806512510,-8.807603320545550,6.69572668856095,7.178360888636440,-1.805906430024960,-1.5083914181337400,3.744758078535160,-1.719118773146000,0.12397150718641500,7.375024105782270,0.6128678812181030,0.720051147967384,0.46892686575376000
0.7246034865583810,0.9305200578326060,0.3818729407681370,0.5834359699534600,-1.5632031641345200,-1.415553012561370,7.815626939575960,-9.424772844881020,7.913419668951660,5.326933697753290,-1.3823243451517700,-0.9063270041298540,-3.5697177762419300,-1.597257708040420,-0.8766424661955360,13.806035500637100,1.084638987680740,1.065400132449100,0.08313252130968930
0.7720804247777260,1.0053315484131700,0.6123000695803600,0.32219529472362200,-1.4622652590059100,-0.9716723133171930,5.782038872551800,-6.244865472709110,6.559466571236190,3.2233192374095900,-1.2430316992505200,-1.1166948175845000,1.0114798589020100,-2.7202932167002300,-0.03126165136197750,9.015596941502630,1.042125693556710,0.9819204252150360,0.983607102413777
0.678297123338508,1.0739304898055100,0.5834086481835570,0.40464523510734700,-1.655640104674210,-2.150325009235020,4.9095913564538700,-5.758641318670160,7.603209123623050,7.316502523033580,-1.9425094078708400,-0.6145101945486090,0.897770845205921,-2.8577890715596500,-0.1416836774792340,6.586276557959080,0.7484791695824,0.856878975157905,0.6269911516013190
0.7737981250715720,0.7552732560592110,0.514472489865504,0.47220338418665300,-2.330620156651220,-0.7793576363386830,4.567549737886890,-6.074634470670690,7.019507082179690,7.296104595415840,-1.9868005055173900,-1.1788328437598500,5.3752808306901300,-3.3921561943869600,-0.3563868339166040,12.432132873995200,0.6928925637830990,0.6405430646677470,0.6010773552824000
0.7530620608981620,0.9931598695584510,0.4937303767605810,0.5029308395042410,-1.7068950454268700,-1.481814135146090,4.685425363322840,-8.921481178457160,7.788889719659900,7.257726764433900,-1.4406141811142400,-1.3347231470298700,1.1465816953089400,-1.482205996381950,-0.2861201981920020,10.831099455878100,0.38811098155783700,1.1048546469240100,0.1405922889139490
0.777679121417633,0.9938467753462280,0.4847068881730390,0.6672105694986980,-1.3039655540496500,-2.1429627700894200,4.0710146024662900,-8.302509240265510,6.75961853785383,6.5822681528344900,-1.9273007504683300,-1.0036920068793300,2.582235717115060,-2.251185361101500,0.014700002342966400,8.314684446899020,0.25668430128554700,1.0990939641433400,0.9278128706569030
0.566092653554026,0.891892938130839,0.6479059421955260,0.21993140463905300,-1.920243795970280,-1.6499303064444400,8.452771307659020,-5.4190868118747000,6.134814743548960,6.925667115591380,-1.848276092237920,-0.882512396356391,-2.4770277619490800,-3.3225339387558400,-0.2996584275150340,8.804601805283020,0.8699143421750180,0.6556522600886200,0.6882621057969890
0.7783836302251690,1.0581330012948300,0.5972127781702310,0.26255618440704,-1.7821355593784200,-1.174280715058220,3.1727749960816900,-2.9393929719108100,7.086710856079270,2.36567603894501,-1.9719608222897600,-1.1573191316262000,2.6942166173033900,-2.702199510878500,0.07108673536275030,7.769855161292140,0.3885153039207460,1.1604909134785200,0.13916727627002600
0.7616245873841520,0.8771690186213020,0.4855489276525740,0.31281246836045400,-1.2874083151917700,-1.5647448026916100,6.39650305986679,-5.73863516655807,7.981357518084570,2.8084666115220800,-1.7476982160048600,-0.8390962353388980,-2.7667760158058500,-1.9829634695236200,0.055883309356856000,8.564101352426340,1.1810705421635900,0.6636753424910650,0.9150948234754490
0.6762664980885750,0.9613808608910410,0.5994123605437430,0.5468151645868490,-1.2260725272514300,-1.6674038567239600,6.940282734206800,-3.6060041649518800,7.6602504992351000,3.5519054444724200,-1.8547984428774500,-0.7977713626365860,-0.6798140539674620,-3.5914712502287000,0.08391386353992330,9.628132601124700,1.102924224681530,1.1354448257006500,0.3618373043522550
0.3923686921467660,0.8812381798044460,0.6227847486304880,0.5008751801776220,-2.2165818094558000,-1.6527441337848000,5.293309872251100,-10.44252932546540,6.931367274177980,4.695002553970540,-1.8902014829059400,-0.8753423432829010,0.6971604322552950,-1.690536854101250,-0.7503215721292260,11.496177920692000,1.1736152969834400,0.720939658962037,0.6780358640798030
0.7641729204077030,1.0240886218443700,0.6878574948880700,0.3239991896842520,-1.7872824336157900,-1.5510780548581100,2.73212395227587,-7.788634097181850,7.121889670765240,5.570757648143270,-1.7076550566633600,-1.3524960920454000,5.099896352655350,-1.824498701803550,0.1711067506166720,9.063196663717930,0.2067359787969520,0.9646298123097790,0.8604525421468580
0.729770718212446,0.9515634918754040,0.5151432452257930,0.5108552912953380,-2.3201516291337400,-1.9601482116951100,7.034505162047540,-10.021337085688100,6.539629126086470,4.6443391426774500,-1.998175360136580,-0.6030052441285340,-1.2014211795094000,-1.587044752042860,-0.5199193256701950,10.473403509741200,0.9237877748176560,1.0226227385628600,0.7346278101267800
0.7346975058038330,0.8378900244895200,0.5761236342375420,0.5038622386727920,-2.3192646467611700,-1.6074994284037200,6.077777938166530,-3.994342256166140,6.802113888824710,6.093647118782510,-1.3097621585853600,-1.525505041397270,2.4450428365947300,-3.9130042296090500,-0.04578572153438040,13.482792432475500,0.2110923989788060,0.9778263438983530,0.28373140983273300
0.7969296051559770,0.8381634959416750,0.34399240189490400,0.6915636434486320,-1.7836713072499000,-1.5035307146848300,7.9144094059457900,-7.489495352318750,6.455426047974900,6.451945064830060,-1.791488916163730,-0.9393026929691090,-1.6750004389478200,-2.731530213903720,-0.07637924241510390,11.467651568589900,0.5853755556032200,0.6782747775179110,0.09798999990125950
0.4807367059333570,1.0697149878475600,0.5611116154309360,0.6192735234196050,-1.581641186173290,-1.8775257046259500,3.853071976713450,-4.407612928454770,6.884466003906530,5.689604377025250,-1.4313852785670100,-0.8691724532486210,0.13480508445272200,-2.7278360142259000,0.15223753328631500,9.467609357840380,0.8418613959121030,0.8573238686948020,0.8685230113557740
0.6031805722670980,1.0445173415679200,0.3296798750602530,0.28724795111103700,-0.5120685901225310,-0.9233566540254190,2.5612868720847100,-4.506554139619960,6.393880990018450,2.614341627979980,-1.9962855591165700,-1.2043224916604300,1.8540102710471200,-3.7523971818683300,0.13427888336203000,7.746470193905810,1.1699269482180100,0.8559990095292460,0.7465580488135470
0.6309410388307490,0.8960304304798750,0.46848858569743700,0.4306520962492620,-1.6578593818307100,-0.9306039840222410,7.018135120630630,-3.8617666525375800,6.476502905245020,3.795817696743090,-1.7411831602882000,-1.2701550698342800,-0.18199036492268300,-3.729614680706490,-0.23971239601410300,8.004168586896000,0.644961072933538,0.9390111202008000,0.4837252360523980
0.6792573501151790,0.8646737818793460,0.6055872855435590,0.4752026631434520,-1.7469743679122500,-2.2074457443620300,6.993903438817900,-8.776482073384940,7.882282019125740,5.986462987432830,-1.7932368445257500,-0.6262313160984820,-0.8434349101131490,-1.097088296556440,-0.3227346226872380,7.948296839657210,0.49615243448985800,1.1792178720314100,0.2827831528618350
0.7817150586440790,0.824447777914586,0.6183597807474230,0.6385135971121610,-0.9628701699748250,-1.0747196971188400,7.8560868460475800,-7.829315784564350,7.067729387545320,4.179098596663970,-1.8377013021859600,-1.0769146294762800,-0.5801063750968100,-2.0517381343681900,-0.5661350388425820,7.66114418999941,0.9745454197884160,0.7746774046406810,0.20335635599218700
0.6614760304376170,1.0126003639691300,0.571796257038549,0.40653262499254000,-1.5038238357338000,-1.8559297198304300,3.5825688292966500,-8.99959548702896,6.4260819914890400,2.0567483096945900,-1.3312084109310400,-0.845180788636066,2.7980766140226800,-1.882825974169930,-0.20485920889889300,13.953413586644700,0.8947165981146180,0.7180204140393990,0.35376605903714900
0.7708053810787390,0.9502278060212480,0.3560252494292600,0.48922509675164200,-2.0374517032540800,-1.6860901261958700,3.6085801919448300,-6.145084979762850,6.244769530001920,2.33952948848614,-1.65849984813457,-0.7938765659920860,3.871801208954390,-3.0192061868835000,0.3987033486687090,6.29504324436426,0.795138393218521,1.1814056756527000,0.33891719225808900
0.796122669986361,1.0662412182499700,0.6478222392924030,0.34194464524868700,-1.7823886061200800,-1.8445852589207700,4.338092913982570,-7.561564371692270,7.098760828110690,4.751752536186580,-1.9443946075029000,-0.9394923331299640,-0.43647156975226100,-1.6896156491128600,-0.3591251217809700,7.800540384100140,0.4074026710577730,0.9175566409259510,0.642810385880835
0.628927551831069,0.798230994064099,0.2686484068763860,0.4134738308240670,-1.6927599891156500,-1.6364365054638000,8.551409102481550,-6.063771229842470,7.935884922749270,2.463445067301700,-1.4690750853981700,-0.9682033092431540,-1.6213616279289500,-3.3763540250922200,-0.501756735981033,13.790811304206400,0.6281862211408530,1.1939617985193200,0.7228902234827460
0.756179111868049,0.7630242244649770,0.586036517358993,0.5666366444708980,-2.2247887666625000,-2.2170694230492500,5.640268538216370,-6.943750286951790,6.695787365581740,6.542752684946150,-1.2319499539297000,-0.5350258244651190,3.0428084673218600,-2.2744914836535300,-0.10502933899533500,8.378370264146680,1.0130765760164300,0.5349285082636430,0.8037880666373720
0.7421293160582870,0.942482494393121,0.42710239800346200,0.3966941819660960,-1.1842454310336600,-0.9874822903100870,5.205964800525100,-6.247838818321780,6.2967029281872700,4.5597856033726400,-1.728595321281430,-1.3778613250521300,0.4556414535235680,-2.5400295897866600,-0.6916767397903810,11.53431294126060,0.4409022135603890,1.1072961076090700,0.9054510160392600
0.7141248411136290,0.9911708227557050,0.44915269203765000,0.5573520147210580,-0.6934626942202920,-1.6366222228427800,7.524867269547430,-8.397923561432470,6.503751932018080,5.022117147496350,-1.3627946692718400,-1.0032133473639100,-2.608579572916240,-1.4314045674691100,-0.0954644417426555,11.836999953092100,0.8419235155039350,1.1492117427791600,0.29128712110654600
0.630832511633741,1.0000557259935400,0.6210705080069710,0.5504129050023570,-2.3463293147268400,-2.001254676962890,6.1163000601188,-5.396313254522420,7.122488072770620,2.323085588803130,-1.4428891702649200,-0.6204003334120340,-1.0157287255769200,-2.7087599858187900,0.005490028403259820,10.226739154015300,0.9502882766622750,0.9028996005434230,0.8790471139651080
0.656929361348077,0.9356527414396810,0.5294660028424520,0.28678190224865900,-1.811381564668430,-1.122818340630720,7.106718438660960,-9.099991144989580,6.448447571242130,2.139497785796350,-1.8558353539434700,-1.206324556010260,-1.4265739984140100,-1.4652507405332900,0.18391762519524500,8.52581547763354,0.6598523662309580,0.9393102479084140,0.5707714151419880
0.6894151144420450,0.8309164631761230,0.3123515529670090,0.572862304461324,-2.458048569047970,-1.9318690163262700,3.2542682919849300,-6.022040971901910,7.981604693933840,6.275144510595270,-1.525368715314200,-0.7281006664136790,4.790176955602480,-3.2973287095012600,-0.24313585494651100,9.103063316223620,0.7487233408660180,0.43494658729037900,0.21942646351219300
0.655276373099741,1.0359603465952700,0.4702011140903890,0.5836400089416960,-1.1938979103451900,-2.0284431853115600,3.113171648541000,-5.8116658217944,6.5672480774258400,5.798835324984040,-1.3523393373025800,-0.6485294740803720,3.196837296564200,-3.079021842046760,0.024852951958586800,7.8062343948735700,1.1916106303841800,0.7786110531134420,0.9332824286635720
0.706009825108329,1.0055367670634600,0.6624040206456370,0.27492587330313100,-1.3960016025256000,-2.3004149118942800,5.142402761333230,-7.821344789629860,7.272109997355840,5.829568099226050,-1.9015430202317100,-0.5256020025996480,1.0412663067229400,-1.4679674017224300,0.29983082139259400,13.369032027032600,0.7396355963655840,1.1170514190009400,0.5682827074043200
0.7059781312754860,0.9734100444365360,0.24951513784337400,0.5177618703989070,-1.245894780194380,-2.3282669614446700,6.255417834976260,-4.466365727832840,7.932034436297140,4.3285097228585800,-1.60384618603643,-0.5788760515471230,0.47452522392461900,-3.5806594423243200,0.17753060500909500,7.181908814710470,0.577179734315451,1.0191380089840700,0.41032962149567700
0.7011163712173290,0.9585582992172540,0.6624708458993680,0.5673777708465760,-1.5576189618792900,-0.8230943147407510,4.160227324599020,-3.4572214642592400,6.654764994889860,2.9303549754940600,-1.9598922977374500,-1.2411993538610200,3.2671496364220900,-3.2864766102307300,0.1708544556859520,13.821516900825100,0.6245726876708660,0.9060320603880430,0.5731538426183700
0.6487865307695750,1.048777498972290,0.5500123574269250,0.5561925831262130,-2.0754617562974600,-1.8971811901564000,5.974527218055660,-7.809798249865990,6.78773696152029,7.345477914604440,-1.3712714327920300,-0.6949126753435260,-1.1085757091096600,-2.0643982773633300,0.10465350672647000,12.595912761860500,1.0556788512299600,1.0482233284453000,0.7766850827565370
0.6370031865768710,1.00098606755699,0.4990639819135140,0.4962378351282280,-2.47946311979655,-0.869114737266338,4.133352800855940,-5.026635366426060,6.086588572267920,7.046493335047800,-1.986218813802380,-1.228720782231620,2.792807434183520,-2.9955238881775800,0.1402269586306620,7.769464592411390,0.7992316476748090,0.7750645334815190,0.666534250145255
0.7404408089513760,0.8582681220499760,0.5330870219760970,0.24934576674535200,-1.7971933671008400,-2.207668003967590,7.091969902199540,-2.1383112131332400,7.158112505800670,6.188136478054770,-1.2286939535480500,-0.7157150729525330,-0.16360297893161800,-4.9279403366271400,0.3487941669360300,8.983326961818600,0.5710510607551920,0.735203843361365,0.7670350415540570
0.6853265226126490,0.894719871840535,0.26519686238763700,0.4405084032660200,-2.1421079178791100,-2.2197335659135100,5.208413241832280,-4.866286705099530,7.852972887062670,6.208651047999700,-1.7984862800518100,-0.5339607091558200,2.424957988088250,-3.7114610674657400,-0.5132832730360550,13.677068190025200,0.7217680567037670,0.842596681710248,0.11749686737522800
0.797986694659017,0.918803056550308,0.5679535515759420,0.6173802689757660,-1.6241973067671600,-0.007191217077139790,2.3533469220395600,-6.2274949487882700,6.052720629353210,4.239781682257180,-1.3722245726578500,-1.4127816821131500,6.6025209537827900,-2.555425576691430,-0.0035651089750174900,11.713288338555500,1.010069990006210,0.9805947198006030,0.07575936622174200
0.5827893835923790,0.7954004172113600,0.42346382565102500,0.24148446428099300,-1.7523153298546000,-1.4519514171681300,7.635342389917170,-5.191745216535960,7.022197003066250,4.856220262038370,-1.794479392819860,-1.0610027131508000,0.08156202259748950,-3.202503698723220,-0.7954552028307410,10.313659775769200,0.650978189041825,0.50634065949469,0.7201237219511700
0.7636797358091100,0.9687584976531020,0.2930220063110810,0.48547947945558900,-1.7382669505151800,-1.875844223435610,6.487953963792450,-8.087871170665050,7.053927785328860,6.391228291281630,-1.5396992017812300,-0.8633053928282900,-1.3634054686916900,-2.8278889355491800,0.004394015928193540,13.338218295984900,0.5089554888893880,0.8665754749402310,0.4940688167770900
0.7728374408801970,0.7717595856399260,0.3163571403319410,0.6510628241877160,-1.023456125339230,-0.7446898502114160,3.806245801795360,-10.57673019792010,6.253993674496230,5.873201071819560,-1.9398172545392400,-2.032488229380830,5.543746465795770,-1.3861647387984100,-0.3301802425516690,13.131515059032000,0.14668690165145600,1.1850677837811300,0.7315434043255910
0.582228765940312,0.8836108414107230,0.4402511496038280,0.563629868108165,-2.088467781060050,-1.3347070509202000,8.867744420120100,-6.220170966625330,6.892282428947950,6.782556085392440,-1.468420839581770,-1.0767181093946900,-3.8746802326186100,-2.70477136630319,0.36854835435657700,9.859808179802220,0.7780527277246660,1.1957273101463000,0.9961551621730490
0.7926958132233070,0.7178322381629010,0.6967520185727270,0.5534564276221770,-2.398197698005720,-1.0911847404440900,8.81693360192639,-7.901120546479350,6.027151478919700,5.924677607566230,-1.8791911433213500,-1.0518292641480600,0.17921253481528700,-2.0112720835644000,-0.8258510724978800,7.905173353619910,0.8637825571647320,0.36801696135953600,0.1636326183849570
0.736358355624657,0.8703866908467750,0.3085631221841540,0.5982790219937600,-1.107130194662140,-0.5579353470475050,7.903667064899020,-6.861899024653620,6.16841318817977,3.6444049290080400,-1.8966021307625900,-1.2930472669088700,-2.3694874413849800,-2.5768841512986800,0.2887298912210520,12.388300408431800,1.114023604791620,0.8947420723907380,0.8524217540874950
0.6972613419514680,1.0430492120329900,0.2894678547849940,0.2726402816147050,-1.5691366756188500,-0.786112818804509,3.153573345310300,-7.92201197450076,6.495855576481810,5.9080375140507400,-1.5878206932470400,-1.3979198699554200,2.4749461402071600,-2.9719832936931400,-0.08542357002385580,13.41826176687570,0.5162093611451990,1.0995341308750000,0.8233055302736490
0.6424430992451340,0.9530750213224560,0.5056884840710470,0.38206238523313700,-1.6550206689876400,-1.482320552881360,2.9911796397048700,-7.483105023735270,7.4393674212720500,3.5989672954957100,-1.349053936990860,-1.0274266560666000,3.7333096075901900,-2.129134535058990,-0.459481282352016,13.004575330628100,0.7836178858006630,0.7336622392912730,0.5923301691710000
0.6646798672492110,0.9312965013768840,0.5740905795817500,0.2946806423398950,-1.9456947458453700,-1.9219011919136900,5.992221971143210,-7.4353068580399300,7.025881840569950,4.602693753075570,-1.4191716466343700,-0.723070671955679,0.02935573332438910,-2.025037372527270,-0.22169753241030300,10.894732324450900,0.774916670757535,0.85928738210359,0.6464428467829270
0.7358674243933040,0.9460825092433620,0.589127494443187,0.53840721053437,-1.6770760930157200,-1.498940774595050,8.776515630253440,-5.172831720931050,7.140955269425960,5.348096875479110,-1.9739290101700900,-0.9394079786232090,-3.915433761257460,-3.1220580571336200,-0.10139855051998600,11.513734311149400,0.7465391250138390,0.883830670298657,0.9863766306256900
0.739851913145518,1.0622369905286700,0.6611898359476290,0.43554136343106900,-0.8932869541086540,-2.4537831482186200,2.2836064051474000,-8.925476453512450,6.047011542083310,4.576918575248310,-1.9900585994301100,-0.5357997936492600,4.616437355545500,-1.1219235949379000,-0.15516724426313800,10.77074008878220,0.564462419365743,1.0807699855137600,0.06341470703406270
0.6261477592184650,0.8960331738942820,0.23008420638883000,0.5758267593299640,-1.8586096424004400,-2.154859066644930,8.01411994991957,-8.70689553900075,6.71811544431592,2.6665114845517200,-1.89560565853713,-0.6604453038874310,-2.709785680830690,-2.1015728645199600,-0.054229787295523800,12.660996225291600,0.6318284999224560,1.0413738098075800,0.5246048960041140
0.6087861052864790,1.025406335406610,0.6436428344679900,0.2787449819879220,-2.3014450248900600,-2.1602168719772200,5.208029535922740,-5.891198728882850,7.026232941831730,7.964106656374500,-1.7237756853021100,-0.7997308328163280,0.08263617131638210,-2.5167641125085400,-0.19841755896418500,10.196661681542000,0.4490970693216440,1.1930675531495700,0.6909521852734680
0.5832691058898900,1.0419279101077200,0.2729473921765770,0.6323135423724650,-1.8893078271529600,-2.031558227383670,5.51644120750421,-4.6862573078108700,7.302450579355810,4.764287137593990,-1.2455080446685600,-0.6801659277490580,-0.8083896639291220,-3.4043109583288000,0.20854673284792500,10.218404514057100,1.195956981112120,1.1133208088082700,0.9863549804137630
0.5010419107391890,0.8907073393326040,0.6013107610035900,0.3208220990936640,-2.2918828626594100,-1.0893415504925300,8.169955591520450,-2.746243052198020,7.633717156106400,6.410823169105600,-1.5272208038076000,-1.1486910574746900,-1.411348917128220,-4.192821687369600,0.28193066753790700,7.66728330192905,1.073940723945040,0.7238070066920230,0.4538497717463190
0.7331576810114890,0.9948870693425430,0.3000047113616780,0.24955254865805000,-2.163995555112920,-1.7915521607716700,4.771980196602380,-8.909827078009010,6.965044605726130,6.413471421802080,-1.2786308289778900,-0.8222273175701100,1.4596739959804900,-2.155221580174620,-0.6579823744259400,9.13300881801815,0.745031316424175,0.6967615613297530,0.9806358835455200
0.7414646166102030,0.9382229332512340,0.3005500458330110,0.5492599951928310,-1.3487717176828800,-2.0943041116387300,7.748834566326480,-6.385090311847130,6.409226475586270,4.549261225893950,-1.942029225546870,-0.6707458468380010,-1.7633740969308500,-2.833402220846730,-0.00013577191509667200,7.190232015931220,0.6264697697760850,1.1878679265854500,0.5339500598933700
0.7944459045636250,0.7931769300587040,0.47385509410339500,0.3045274755061600,-2.2099927647956700,-2.334263467613300,6.534133600182540,-7.1016561364107900,6.9991949873415900,2.094942187643790,-1.4345413590913600,-0.6165208212158740,1.3908225837555900,-2.207121327739040,0.09443536699323550,8.097265484701330,0.33626772724229400,0.8728392645366520,0.6734578604365080
0.6535188909166470,0.7715012081775660,0.30652921678644400,0.6606960696705260,-1.0540353968684900,-0.7061704046039520,4.856341086561910,-5.777294686637670,6.886434509274560,4.0245749781222400,-1.9273396407464200,-1.509292939128820,3.9101436015550100,-3.095217982513880,-0.11259113169142000,7.473636476312510,0.41938686530873000,1.0272334083149300,0.25224471802992100
0.7270947338056230,0.85300317844075,0.6298115476828060,0.5995254703389390,-0.7430394185792830,-1.068181593318100,8.020112682354500,-5.950434637298440,6.8172644824035700,5.799031654900190,-1.87973754493931,-1.191361411128160,-2.0543003383694200,-2.0127330446690500,-0.9649179566512630,13.34207834197930,0.650097270813874,1.0019211966231200,0.12353292314471200
0.6480250599201800,0.9706417123031210,0.23235027274044600,0.2879667929515020,-2.3339352917224200,-0.9006002984070780,3.1927623768342100,-4.859473543580960,7.17249583455186,3.3607740415624400,-1.7856278357092600,-1.257531085002270,1.8367984688827400,-3.7813763208896200,0.05545828801442420,9.146631747161540,0.7670661933341220,0.6337167194730680,0.3800058744760080
0.7572982137773040,0.9658989520726040,0.5958168325704540,0.2985093840112640,-2.495510626321230,-0.510069973589648,3.5832870398674000,-7.85757245334343,7.423339743136150,3.2444479132158000,-1.723975683023740,-1.3096023594527600,2.185616078119100,-4.217287391229600,-0.020266960679808000,7.6212069216114300,0.6656419001568140,0.8793452302058480,0.7019901671605190
0.7747170366902350,0.9070135149905550,0.611003953776929,0.46229827000831000,-2.2599356022975300,-1.391997897864470,7.048924247803600,-6.9696454091678000,6.818099139390480,5.867215639680120,-1.5155779851722000,-1.0796151455700800,-1.3158318088148200,-1.9436690175881600,0.03488446043071610,11.00075634403960,0.6393762169442500,0.6983149746749650,0.8036576051209110
0.715414483755692,1.0822278303599900,0.5809912950589540,0.6083980623989950,-2.1304982709890700,-0.9723217688786000,2.855085222779370,-8.577579130031070,6.526054284917200,4.808901337609460,-1.433011601031990,-1.3960619075218900,3.1490758441336400,-1.0277084003888800,0.15250395117787300,6.859828495394760,0.39644231718480500,1.000794748164730,0.4885751675301210
0.6728962727952500,1.0708963125102200,0.25483003194482700,0.36317070351111600,-1.7391445142604100,-1.8406617287009600,3.4278365776994700,-6.278673924357140,6.808121341273470,4.989003233737420,-1.7725160181150600,-0.7975346881010650,0.8228368662017500,-2.6479700343676600,-0.5273041806595950,11.029775782019100,0.8346913199351190,1.1341661140183900,0.7030007967761640
0.6714644441098760,0.8285593766463000,0.6543291893000550,0.6974804774795130,-1.8331889148533100,-0.25959477687515200,3.868282366824870,-6.965792301519640,6.741429104225190,2.788804880326760,-1.8765694877996800,-1.4719899122915700,5.147454048728210,-2.28686396487514,0.33408842472335000,13.981180337331800,0.7519368255357990,0.6205699936179160,0.44714928187616400
0.7506538816003580,0.9803199308046910,0.5572012642098750,0.46307485281805100,-1.0226907537846200,-0.045075085063657300,2.235237680062550,-8.79926394253782,7.245707000027080,7.233383563624440,-1.7395902187740500,-1.436657810220260,6.392830717166800,-1.8993421026570400,-0.19754713553440600,8.510428174969360,0.9135369131632030,1.0107357696755500,0.3382377512212800
0.6043295401164980,0.9714608066710710,0.6316490816463440,0.27917726794353100,-2.0644224111892100,-1.3884756995834700,5.948150313404230,-7.413400231596520,7.373979725487450,4.197020738630970,-1.8876891111110200,-0.9748750066802750,-0.5736498342545860,-1.7610438610228500,-0.8172586087657710,9.552404892228530,0.7787181128607650,1.1523927772033100,0.2147249423268580
0.7102461132050140,0.9036251582808050,0.5418455130835400,0.2788197470643560,-1.8121962989784900,-1.384251579953470,8.241603519240280,-5.220882726799870,6.29359559716898,3.237713686976210,-0.9250978958240290,-1.2453747129697600,-2.491438530885970,-3.350186077990120,0.25658509556825700,7.882168536704360,0.7567848091731250,0.9221161137718360,0.5875294460634560
0.7151506642729450,0.9958579278178020,0.49556603030312600,0.5246890337183780,-1.7870393228443900,-1.761790615756250,6.1120208570973000,-3.181313349283190,7.829598645637750,5.32193218141745,-1.850268403712060,-0.8014909853397460,-0.8432420721027550,-4.182929497590640,0.10107716760611000,8.524934611726320,0.6895158124867790,1.0530801939473600,0.8706711435108730
0.73731283691943,0.9723236359020510,0.5314949385686240,0.6093132960124920,-1.3839748435585700,-1.3253598276394500,4.387144566653260,-9.851436046249490,7.985961267262890,2.9962634166363700,-1.8277974404402700,-1.3080925841282200,2.1578998640659700,-1.0160716157286500,-0.2666363130046570,10.759084618113300,0.3770456449652360,0.7857492474213840,0.4091380054978190
0.7876951192543370,0.9039405512214610,0.3579740038025650,0.26166670392011700,-2.3850160281336900,-1.3952443122283700,4.1547526363113100,-9.826125621256740,7.603389985972670,7.796839627502250,-1.8315161667768300,-1.103697691337730,2.1115007841451300,-1.518552163704310,-0.692257423418151,7.70145824668599,0.4380321931729650,0.6207271026768110,0.20418627376818800
0.7568041075646510,0.8659122462276580,0.5101238556881090,0.6256250573343910,-2.45995299605332,-1.755636845063420,4.65697856879414,-4.0930753364286800,6.742613586990700,2.591816506426390,-1.634242666839830,-0.8304895901245750,1.2968301517791900,-3.400526673378980,-0.10716207721522100,10.854384855369100,0.647448353670303,0.602745322689725,0.7707424639450180
0.4783322792777910,1.0091753477732200,0.6937458588054710,0.6558314407987100,-1.5943373036524000,-1.7847187373140800,2.562423263945480,-9.698033503925150,7.6229355243497900,7.065564051302350,-1.599176823961340,-0.8860845770911070,4.554104015995640,-1.2885277498460600,-0.1853635935615580,12.193696576190700,0.8218343354751580,0.6424139932108330,0.8100473061662230
0.6984882050401490,1.0161156128349900,0.5338847542420120,0.6395410588634460,-2.3161192051059900,-1.495150514892460,5.299761024514380,-1.9232393911209100,7.7990841072766100,7.166725942511120,-1.2026841925780300,-1.069942713585570,0.18151481491229000,-3.8755660641003200,-0.06832183796210700,12.719810470741300,0.5366437581567130,0.9895618098486200,0.882875456675377
0.698621318657522,1.0254868433003800,0.25663059512170500,0.6487933087525530,-0.6931217835523040,-1.6825526254273700,5.576246695328230,-8.174747453914620,7.621387967825970,2.8699166964438400,-1.8005872663166200,-0.8025567951289980,-0.9003894830938840,-2.2407332325802500,-0.2014626313154020,7.689400252456950,0.8737080210648030,1.0756026042252900,0.19106455308737000
0.7846969929394120,0.833194257453597,0.5054106326241660,0.4610419736085310,-1.8638291049759,-0.4043983822085440,3.0530816583372200,-9.788395317718310,6.323267284466170,5.606087210560720,-1.84793293722083,-1.2997415045752200,4.9265432744207900,-1.2545575784403700,-0.033256345847281000,10.267196917673100,0.7942298297578430,0.8752751815241530,0.4527188153765570
0.7310695051712710,0.7086874623699770,0.5664883897152770,0.26541562525885000,-1.9272179109792700,-0.956885656838677,4.922955116288720,-7.583263746442650,6.253649728674390,7.439220435556470,-1.6368142726281200,-1.2943250773814600,4.203030892143080,-2.8755727294596400,-0.2851637994736970,6.092331663950280,0.49295682518823700,0.6043596455507960,0.7571647563875320
0.7727522177398960,0.8723088650857600,0.5600844235796680,0.5384848323778720,-2.1297759671638800,-1.2647776755619500,5.108509036391420,-7.696448163877060,7.704910728743210,6.7425666893349300,-1.33632658077235,-1.0242723031810100,1.4365939659771100,-1.392398628601080,-0.1891089914770430,7.415213480547300,0.811020297561015,0.6348945417883050,0.7367685928767070
0.6264738546264450,0.9255960207042710,0.630936589359118,0.5776201030646280,-2.354463894242830,-0.36899899850423200,3.5427494303305500,-8.059659845266660,7.210506547335420,6.225123628466150,-1.1948093780276300,-1.4596086330565100,2.9870863669262300,-1.8052157764919100,-0.23637062709239900,7.707870062897450,1.1802712453679500,0.6502842847184310,0.373410152741941
0.6452714865914650,0.9769123865911060,0.3643797482123690,0.5431535748817540,-2.125163144448860,-1.2519695857693700,5.293182158238320,-7.618397887150510,6.675909160042470,4.001469943685820,-1.9900026351715900,-1.0191492739293100,0.03866165654992600,-1.316827544331340,0.06979947712571920,7.594493158118600,0.9464361930491590,0.7979177046722100,0.6370983871947590
0.5980982707306930,0.8548742245360950,0.3787138494907680,0.2227469304160420,-1.3562622800535000,-1.618097423522870,8.455252069185380,-7.306901683489720,6.021257858790780,7.7620241357279900,-1.9447163125609100,-0.8990129265613040,-2.72722584333385,-2.580029087031990,-0.16509218243935000,13.70729428078420,0.6845586870475860,0.7807296856087170,0.5070081862910030
0.6701962420210670,1.0001856167640000,0.5384331213658130,0.5665033033885970,-1.7443350884148100,-0.5242687064255040,3.3546589592693800,-9.647936869327100,7.223438905473800,4.929407478777390,-1.4386949942341200,-1.3794118240435100,2.1667146779227300,-1.6139956623990700,-0.4986272235321670,7.294987633916400,0.7560262238626200,0.886874999727219,0.23535151808995300
0.7309392714767940,0.9702101446738330,0.4615564147933990,0.38354012093748700,-1.5647795564274300,-0.5395608536305420,2.7171246450956400,-0.8378540773276410,7.1783522311553300,2.0234028180978600,-1.8764002552616400,-1.308263449567030,1.5646232313890900,-3.1853472573628000,-0.11671102292820200,12.139563240632400,0.9998244301299240,0.763417475199171,0.835112941897973
0.7643004735975550,0.8347923139830930,0.5878982471011110,0.6941289446145440,-1.0829214402972000,-0.09089416104425720,3.6431204731082100,-4.74206110706317,6.198286587821850,3.1067976620820300,-1.7568149660112700,-1.4584520364973400,4.968268322290100,-3.3325464194894900,-0.08651303701931650,13.637142974524700,0.6925955395104870,0.8952686487640950,0.27006751536609000
0.578977475042649,1.0327830059615500,0.6029256540719040,0.6359024965250920,-1.3726692450309200,-0.43133898830476200,2.3706852695599800,-9.131214677025180,7.356085068183000,5.869926166676320,-1.8008737692949900,-1.6222155243953400,5.333729403961980,-1.4494311295129,-0.43200044424465500,8.73775276440656,0.39832827298193600,1.0327415428783400,0.34814547837433200
0.5616558455877680,0.9967097145841830,0.4939269995873270,0.44415711928737200,-2.3224029325304400,-2.1496758047684200,5.7269315895049600,-2.6663083131353100,6.757671003992780,5.541543619166260,-1.1596350846329800,-0.6422777798385940,0.37652094437440600,-4.71542302467996,-0.18347289033028800,6.284920192084430,0.9499733459687040,0.9986871196675480,0.13863894204062500
0.7019348598227000,0.9614814173547160,0.36275994043291800,0.6622896635548850,-1.451444895091900,-2.275195221812790,6.8209759979121500,-2.6516568821063700,6.265135551553930,3.2003944923428500,-1.4651115686798900,-0.5621995262188230,-0.7328591570509810,-4.359344841493470,-0.003917780877382140,13.399342164006000,0.6946425065245500,1.034104879903990,0.5448847683433790
0.740200214648476,0.8481586860947880,0.3951870871752050,0.2749568231374540,-1.805669180650570,-0.8741664794561110,7.1788663783281400,-4.559766307416380,7.386620713328030,5.500572378915270,-1.3741996378395600,-1.2262805478272000,0.3212199788406880,-3.7739406343791300,0.049402896896404500,12.743350503228800,0.7239410566430620,0.7462698723090990,0.07942401765122360
0.7151028827364880,0.758561032280252,0.5405403879835790,0.5048823385653100,-1.4869545754786800,0.01184081371663890,2.9452426138837500,-6.577677438657560,7.527746547500890,7.4273764129077000,-1.8962325625524200,-1.504566403496700,6.552539682472300,-2.296783527677740,-0.6707323296726800,7.176810113780790,0.39632673480637700,0.9956046692525500,0.38170164470894600
0.6611436144885950,0.9574300367961500,0.2818568713670930,0.42582888316117900,-1.543270624367350,-1.877652631218780,5.550695574600460,-4.444220014233400,6.305835518941060,2.221426705002260,-1.5264476080012400,-0.8264405388855870,0.8158796192314460,-4.251772005648460,0.12778632642480900,10.431149136541800,0.693278615734299,1.0424416594022600,0.43942953681133600
0.7598212556609530,0.7760325363282570,0.6874014562227290,0.4839612702112920,-1.9576903766584400,-1.0403687091310400,7.449028805026160,-10.178691041408900,6.930832387444220,3.5165362145808000,-1.712074028319340,-1.062487329287660,-0.42809577581742700,-2.712741994264670,-0.2980378110565560,12.964992524361500,1.1928667014530100,0.46296530979496100,0.6967207108468500
0.7218080974588400,0.7394377535400780,0.4190981586447080,0.42837341823310600,-0.8740817640694680,-1.785613860291790,10.305798464650900,-7.613537705378540,6.391574028386590,4.863844593130980,-1.8974828075989900,-0.7354143888165470,-3.5640224777699000,-2.2502274593649100,0.1269064340832980,13.41196133134690,0.886303125025118,0.5800089561709310,0.7317011122265890
0.6855524975856840,0.9099903926147340,0.5810166934275800,0.35963532651553000,-2.0611828128178800,-1.5885105718940700,6.029263348861830,-6.212524014957740,7.693637302828150,4.1134801090003600,-1.5067989020867600,-0.8999149290114870,-0.8663762072757450,-2.2817228665785800,-0.6531098625661460,12.536293936556800,0.8124428315974760,0.5945916525408500,0.6687496360487140
0.7969006758811610,0.8579597910036940,0.5126548671569710,0.2244067500884390,-2.3650248960720100,-1.9837361261372600,3.4288978893968700,-5.069842052983680,6.257973331131540,5.518523681746840,-1.7692990068897500,-0.63281051850796,3.4912937746392100,-4.216974782315120,0.27764619787585200,9.820490820531580,0.8437452615682520,0.43492479542179700,0.37084515748552400
0.7935769730384880,0.9640569948794270,0.6996322357035200,0.30178883506818600,-1.9581648626104200,-1.3678668638796600,4.481636038862410,-8.635244485335720,7.741981076159560,6.115414483981330,-1.9872701483323800,-0.9225099702298330,0.36600031467106100,-1.0639325591509900,-0.5669728677077700,6.868890962888720,0.6582233358289350,0.7271157304720730,0.7511686893786620
0.6993919339575550,1.0531889828468800,0.6420211294961760,0.39897214149593100,-1.6561814945586500,-1.5853151096251700,4.3796245810230500,-6.6522546218355000,6.889455570244840,5.29444754028402,-1.667114015776500,-0.8408247537197440,0.8208445359152320,-1.6925791889240900,0.213555356553719,10.449769259466600,1.0480808853234600,0.8227602065618590,0.4229379254226660
0.6210845901861870,1.0500230116652200,0.3975250798959500,0.5176186669210530,-1.344839521445980,-1.6623077499262600,4.7404764879442300,-7.950005457388920,7.296914943145550,2.9566800890566700,-1.5150509284152000,-0.8485741899395030,0.983396275227201,-2.1651998065660500,-0.6514336513358890,9.463782691632100,0.8654443080592490,1.0457205061454800,0.6754049464251810
0.6053498373661500,0.9119134894333080,0.5564039461211170,0.20321460977070200,-0.9720981899386800,-0.8167515642553490,7.537679022475670,-7.68485135928321,7.501998652916190,2.5347505393713600,-1.8444235242456300,-1.298575092991580,-0.6109441101881170,-1.9461934218537300,0.2474265705883770,9.255898843651170,0.8224349856972540,1.0225466094429300,0.6795002332308200
0.7632889476909670,0.9647885680035340,0.4033006754831180,0.47010488710563400,-1.375570270176090,-1.9306607849662900,3.0159956653523500,-7.575331999981830,6.565119402939470,4.965857299803620,-1.7539221793483700,-0.7128076051317550,4.584758113255410,-1.9726901048531200,0.2867733495456710,8.044146443881770,0.660142600094833,0.8678335140602690,0.2621250761975280
0.6316457834759420,0.8149063043686210,0.6354262605906110,0.6972049015705500,-2.4477304196653200,-0.01938617930384120,2.756151168372770,-8.40315819827947,6.81522028584767,6.04649205503329,-1.3155214802014200,-1.4168937705717700,6.505481851997260,-1.9088598836047400,-0.6534306129871830,8.28621311766923,1.1533107248680400,0.9482071312485690,0.3093509747621090
0.5779278640700880,0.8985766498033940,0.5166104429862370,0.5157761565831850,-1.9124894281981200,-0.5149283037398070,3.807295993358040,-2.5013294501002400,7.581349092605610,2.258719393640000,-1.7969487300168000,-1.4988474120459400,5.079826955867780,-4.311576053373220,0.1059769491371510,7.855761575832690,0.5266353244385200,0.946008366973902,0.14828884808447100
0.6254982722753210,0.8540138322260570,0.6121836259597780,0.681728591204369,-1.7901479341747800,-1.95903191594584,7.994562744072120,-8.832875881829750,6.029872789941310,2.7144977688040800,-1.972318610165930,-0.707071231410806,-1.989479558251160,-1.423132971017110,0.04372026079364240,6.082691944995630,0.7741537815738260,0.7628814779567990,0.4356750601925270
0.7602044240243040,1.0884325450579500,0.6346330123658780,0.6825390764035140,-1.9667765542076000,-1.1732384546239800,4.217076870531710,-10.315784776972600,6.736325600581210,6.876215570606070,-1.8541734779483500,-1.1313789209111800,0.8202129442654670,-1.9326829303886200,-0.05386624093154540,8.767408766583110,0.6750484334025860,1.1001173522681100,0.27218090477544500
0.6829107776244930,0.7372023178117520,0.4700417756207600,0.591513487686279,-2.3288665016335700,-1.206347442466110,7.959944747067250,-6.809980086594390,7.584741400073260,6.594889471762200,-1.0061528309508000,-1.080420569276950,-0.3936772128778570,-3.245542515211530,-0.9985513815310020,11.667345898592000,0.8786931078531300,0.7687146955088000,0.17569154788631500
0.7776672795125000,1.0056917024344600,0.41271548471671600,0.3745416681134110,-1.8927238782425900,-1.1171653518723000,3.2888810462431400,-10.513993745021300,6.4473711130282000,6.159090951129380,-1.2635968809544500,-1.4208623082334800,3.04152036225749,-1.0329618855850600,-0.5099365481482240,13.333984444070900,0.3670727644982540,1.1943593382877400,0.4801965498699390
0.47377723697105900,1.0517740217124000,0.5554285800148320,0.5194251930052340,-1.7597363188830700,-0.9644382157732460,4.014844541588280,-9.833418530757640,6.831334593095000,4.361888685550100,-1.8711635125382300,-1.2850266647775500,0.6129965945706320,-1.33304053311601,0.32615742754007600,9.229597417956720,0.8097515534739320,1.0577077307256700,0.2663010931059600
0.587014551512158,0.8925766820395560,0.3180391286012100,0.6464151021284160,-2.272557186537100,-0.37872790971791500,3.8684259270400800,-9.539419549453010,7.070283143925430,7.550619811580100,-1.5514481046298400,-1.4861636666145900,3.7416500373687500,-1.3141042360825400,-0.9672038469527750,9.163711255479990,0.5699128184760070,0.972576469243784,0.337055383795688
0.6735432568425430,1.012375450435860,0.3369836643081770,0.4614522947347870,-1.7558595753489700,-1.9421717569028300,5.632835219732360,-6.333017456942050,6.9374227037620900,4.430562803087970,-1.6039914049026500,-0.7648756261979560,0.46477324734410500,-2.9297691880667400,-0.10443642391697100,9.112708851198910,0.6147988728748220,1.0355407374292700,0.903004226995583
0.707612214507429,1.0424160090113400,0.23045808175001700,0.22324919996639000,-1.9887240281582100,-0.6826397543782780,2.95207131423937,-8.090487715791260,7.67610919353547,6.19994600606434,-1.715940445954380,-1.371861494544160,2.711874794173400,-2.500105901708420,-0.7202825529377020,6.162090673052280,0.583388127794398,1.0368932402117900,0.7233474270234950
0.7694634855112350,1.0087656282386000,0.2034016240113030,0.5004150328073090,-0.8550624521313130,-1.0220974061982200,2.363891781643790,-6.346229442087880,6.1750035430343600,2.920929553675260,-1.9941758963927000,-1.0817487194824600,2.579589558036490,-3.2783828033955200,-0.3081134975008620,8.85117773316354,1.0004582399835400,0.8143283393670500,0.5810904349895800
0.7817017836378700,0.8011218165936630,0.6847381273334560,0.6152769668830170,-1.6145319843696200,-1.4713300859079900,4.166958509865480,-7.19707320180906,7.706806279030040,4.288593154297450,-1.7491728469054500,-0.8839404212047600,4.735781891788830,-2.4406091425181700,-0.05302828713437880,7.0786458237261600,0.6337306848694930,0.6733945086799420,0.3371198840816620
0.7672132381811620,0.96431299100709,0.5602462482443480,0.40509579075981100,-2.328328919458390,-0.49226052868831300,2.9406389800666100,-6.032193685298640,7.156416676419160,2.7337163657675100,-1.6248924972513400,-1.3158196837921300,3.0494484548884800,-2.7882333032138000,-0.4193243418080260,6.42078202001095,0.777133851032793,0.7128178300903610,0.6791216787623580
0.7011275267055410,0.8673620043647720,0.5015336479025470,0.5042670678461710,-2.015883816266010,-0.650253137376681,7.015752725888050,-8.003142368705740,6.166786822561800,7.444720298974770,-1.4256974201254000,-1.2325131859340700,-0.4448056697765410,-2.566584211983760,-0.07650023608136460,7.76260438196456,1.1534953923727900,0.837756840800508,0.43783762345738600
0.7592791885558280,0.8096480767492150,0.618728496510212,0.5268523555948950,-2.2719901187194200,-0.6845327736894660,6.557895108341410,-4.512956352855060,6.325714123621070,3.479851533976220,-1.6964578114916800,-1.2894515197627200,0.6053452389732770,-2.863767577900810,-0.5070125637603500,12.941346015014500,0.4220328161012750,1.1772719211541000,0.05238165723746120
0.7406852586912530,0.8574369857327300,0.512456060464606,0.41324668035562700,-1.9252879349325300,-1.124783326720830,6.910600845299560,-10.192799952972100,7.252411361724830,5.882719318590250,-1.7777004997374900,-1.0244096358903800,-2.3511722816455800,-3.5890301395265400,-0.04736534197378650,10.968679667241000,1.0693680780555900,0.6799073586294520,0.8538539040169940
0.4307133324745110,1.0938181087048100,0.42161579259174700,0.38648771341005200,-2.294749566472250,-1.1916570646064000,3.417570759296640,-4.462876536450970,7.04521398873648,7.8105262237730200,-1.6622343015799600,-1.2187706811351100,1.832809773583820,-4.083474864729310,-0.25151247164941400,8.69099462559587,0.6962264667807580,1.0071943725955800,0.09161346770773250
0.72259692969836,0.9080555606729920,0.5748415216807610,0.5454666191803010,-1.5080982263665200,-0.5863370752420350,2.8129932686519500,-8.238832424136980,6.475983314012080,4.444135044932680,-1.9236425526056800,-1.31147110285505,3.893360463815050,-1.8438276747228900,-0.09165980030536370,10.957700390535300,0.9720773171074440,0.48991074320393300,0.6070017857833800
0.7972359383904,0.8762662113964270,0.36114549921662000,0.31930592243570600,-2.369945908412420,-1.1286288435418000,5.412730177800990,-8.954570572091530,6.088263685326390,4.888400028037300,-1.8544477248432000,-1.3532646423005000,1.9077917749912500,-2.3388896958230000,-0.5677668587746020,8.528401654137920,0.2987548519642710,1.1396329971713100,0.7618390114321490
0.6365889122331300,1.0663592244747700,0.5427424411099150,0.38575777137190900,-2.24807215358247,-2.0257803537335800,4.579854753027620,-6.145328030929310,7.54037546747339,3.3512397483605100,-1.58939014515927,-0.6452567855448940,0.9125493898328830,-2.616483220952640,-0.5482695710538690,8.103194582467970,0.9651294626463890,0.8952318479562230,0.7506419824427830
0.6834526112285490,1.0595040350742100,0.3443624157777230,0.33221349326960900,-0.9016833187136270,-1.111433535866030,2.566191313362810,-10.197228852939100,7.560518277730440,6.379363455611550,-1.926994527667330,-1.1104026355960500,2.5203686634151100,-1.3956451864227800,-0.11510610378633000,8.790726239590270,0.8100646850923620,0.7630808491035610,0.41294496717905
0.7335242362946960,0.8690074510132850,0.3717984305717230,0.36952721639661600,-2.3036978614326000,-1.1235589324431200,7.938088189476020,-8.53648223821698,6.383254749874040,2.0947561964469000,-1.8709806540769500,-1.04893705818806,-1.936640635127450,-2.0317105259094600,-0.02200371675203290,7.292830391167650,0.9970161788383030,0.9307566085442900,0.8986543483871
0.7186567381013550,1.0509355087490700,0.41241905727618800,0.4092945154550400,-0.9363173965261590,-2.2449253019933200,5.220588917874010,-9.042339291783400,7.701348816206470,3.7885093330833900,-1.9762965248009200,-0.560654004743816,-0.07099788580107910,-1.6487493779805000,-0.663772597651097,9.544397656626610,0.6016612688866550,0.9686150145154970,0.6715049931909190
0.5887710657650920,0.8495056717789000,0.47102305097312300,0.46933019690210000,-2.1743719026142600,-1.8038816145813200,8.3078644090503,-5.000678516011730,6.11086099306145,2.8517016611073500,-1.595778033272730,-0.8170597578198680,-2.9990569833146100,-3.0054188986050600,0.1756762049834470,13.274343663408500,0.8015380920046970,0.6932135316496720,0.16872929483711100
0.7099158921284990,0.9038041056922260,0.29752432272845900,0.6992850006928970,-2.3569261388940500,-1.7722014219902200,5.353190455336450,-4.65881417541991,6.195965171284330,7.71100717309565,-1.79096390272874,-1.4116233792976000,2.179002015575310,-4.2000114163225500,-0.6401553946134530,13.20677487254240,0.19659428301715400,1.1300208776226600,0.12333737725352800
0.6559646290950300,1.038307327729080,0.5548891158567000,0.4527387642388590,-1.781821604797540,-0.47663875006490000,2.4007639577917800,-8.423904487713510,7.669666866694920,7.837955300922830,-1.9255305291901600,-1.477870631049880,4.901537714226780,-1.6072922564996400,-0.06292194721563400,13.286004906256100,0.5364939981318910,0.7765042579577550,0.630337546903529
0.7876900716051680,0.9422063929761090,0.6270303154023610,0.2380062455191180,-2.2064470693144400,-1.0915295387057000,2.912344207927500,-8.713216827662580,6.854239917089340,3.496887034836150,-1.1679354321153,-1.0452518604774500,4.33486779383648,-1.5732410037710100,0.26006422959457000,8.4137299040232,0.8854473693003620,0.7180948214002970,0.06810175348990020
0.6160314766056170,1.0980160522391100,0.41029418946813800,0.6242993568608330,-1.533156349496030,-0.4747854687410230,2.971945579669040,-9.362251888898310,7.92094320473437,7.35593059579031,-1.2774390185427700,-1.5157615517264000,2.527383279274240,-1.6425153841688500,-0.194876736980455,13.41756395981520,0.7316340972652580,1.1728670431221500,0.8713091894581580
0.7866176951356150,0.9542657199893190,0.6531309779636040,0.4352453637783630,-1.5781955214941100,-2.0114958038354500,2.4457346807159900,-4.066467739622090,7.456723254292310,4.949318599047350,-1.7698019421206800,-0.6567899179881860,6.305000644014550,-3.765487624991810,0.1774298119077340,6.836688979897790,0.6348168527037650,0.6287289594529000,0.6273813676511820
0.5967050721864330,1.0031921404109000,0.23565764166406100,0.6729656782482910,-1.4514962431146800,-1.704791190582430,2.4931837434971100,-2.990728149534640,6.83767872399523,6.1456101650735500,-1.979735956731500,-1.0503375737107700,5.263508843401310,-4.508381995694450,0.14987374763985000,7.128902840944340,0.42476358075630700,0.9977799192460160,0.44364379992813400
0.7335585246283010,0.834854491547271,0.5703069872311490,0.6807160328917770,-2.2228651153452200,-1.0862784854206700,7.993123411284170,-6.940344126244120,7.224277684276150,5.825740420013530,-1.9612815800010400,-1.1376002989799500,-1.906435749729440,-2.4992431495704900,-0.7912485583817660,8.147000919184,0.871158286381222,0.6418262081181590,0.3942615448741820
0.7620307081074350,1.0590146743037000,0.2002817344502730,0.5495150848152720,-2.3046691333983000,-1.5888980530212000,4.727054855775100,-3.4085979092624900,6.713861456465740,5.0524524518702500,-1.9175638760233900,-0.807181453109205,-0.29619186151586000,-4.157831835203240,-0.17101244165574600,6.318427409084940,0.824791139936737,1.1391354931063600,0.32446396861909800
0.7981123757370770,1.0120566819090600,0.3086840528615600,0.5411510903606790,-2.0794208023006600,-1.6725512361244900,4.508350784787070,-7.285369515219350,6.549321077431120,3.2891897496144100,-1.279951248219730,-0.8065173522146150,0.20241437335045000,-3.16533848094664,-0.2799699057237820,10.536158394837900,0.7875652626858960,0.8720289638309000,0.81558874238932
0.7744419142820230,1.0100299579433000,0.4761103884760780,0.32138800595767100,-2.3660557566466600,-1.2912323073550200,6.200928355667800,-5.4732886318494100,6.454181715877790,2.976239061233750,-1.4580202574230500,-1.0122624199045000,-1.3774273425630900,-3.3623745733808000,-0.09018496443498540,13.496048811227700,0.8462033061485830,0.8320247729635930,0.6886658996903090
0.7086422547132660,0.9424194839600080,0.6309418718474920,0.574887096659503,-2.447842270254230,-0.49333549065278700,4.104634088385900,-6.361929550579990,7.367210037775270,5.2135797851224100,-1.3846325102372600,-1.4448659264972300,3.574914953028400,-2.9333532950811900,-0.3998206560483060,10.194248894523900,0.4590015071219870,1.155240551287950,0.47137425049301000
0.5793042192435360,0.9446589836201810,0.41149547673330100,0.5866728315172480,-1.7249661955325500,-0.7932417762363450,7.652523198449960,-6.092235632057850,6.206658588907490,6.5260116466827000,-1.6246467688158900,-1.2718996359477400,-1.7880980245310000,-3.3705919013844600,-0.7131975853342160,10.250482975181500,0.9821113372108950,1.0105728723083100,0.05822235605395740
0.6238435442952070,1.0512370784075900,0.4097086837780070,0.5987466943137630,-2.2783008911928100,-0.8127831717685010,2.4532377908062700,-4.35734417921674,7.505671116363960,6.046324879508620,-1.7443277009432500,-1.4349898892780600,3.7084737250210800,-3.2488053462356400,-0.670945204490521,7.667667452169910,0.5052949209451760,0.859163342062677,0.1812555390915390
0.7779047370517730,0.931353044063973,0.2963404554628390,0.5176890672164930,-1.9628670879927000,-0.20345880252599700,2.216272973285670,-5.877885228282420,7.791704415001390,6.099254729222180,-1.7400357017421600,-1.382431344942500,6.977732105464060,-3.380256483410560,-0.41734692559898600,7.604550062612360,0.8207662237331340,1.043842465199470,0.504206228743648
0.6950713843934790,0.92462582021887,0.24848448473310600,0.5775226848977240,-2.330435566153540,-1.1720514606911000,7.328323057292120,-7.225745363554110,6.770752341455550,5.2660173810615300,-1.6754895763760500,-1.185496788610780,-1.515232819749490,-2.6047762662034800,-0.42691045542246800,12.742513047319600,0.5163883443864960,0.9472051540971680,0.6862473679674360
0.7078461894182670,1.0363767955744600,0.4020150944653120,0.6503450215182020,-1.2613572005376700,-1.1409865067321100,4.883896172721940,-5.410657957284350,6.009894835261800,5.37109673793862,-1.9646580678037400,-1.41804109591039,0.7177912297384720,-2.5306792199704200,0.2727828667855110,13.574998558576900,0.344927114518021,1.1730325686525600,0.4816821362180740
0.7159278150756410,0.7594440997502840,0.6102392656435360,0.3801290158534160,-1.4723943733726300,-0.8219235050704910,3.809400549982770,-7.196340019366290,7.421945550847540,6.617253345641320,-1.6179706001166300,-1.2284091174371800,5.007084476183400,-2.5782901462484600,-0.24965766612060300,6.493616427398900,0.8627043873197070,0.5567041952442070,0.21959340318319800
0.7950152342897590,1.038380335315960,0.6286406187167060,0.661031784329854,-0.6721691920985390,-1.0485126337763700,3.4635240194762800,-8.220431609486640,7.962335000199790,2.883880565898920,-1.7953481791077900,-1.1606195818764000,3.194279304645340,-2.2181720788636500,-0.8283031080264920,12.175028467244800,0.654634746236168,0.9127235415285290,0.7775341770588730
0.7908014646270200,0.8789808751724220,0.5579897975431170,0.6664424412878510,-2.1214095816779200,-2.251449700298300,3.8348094983383500,-5.742176452488750,6.928889142964500,6.316013374759670,-1.9653585302800400,-0.8639470186020940,5.338120396213920,-2.5328301010260000,-0.746001546553803,13.963013327201600,0.20598797396313000,1.0331553290780700,0.21918214773671400
0.5770786706015890,0.7307230706713440,0.45608137430015600,0.5061654859185630,-2.2693908926844100,-2.114897557518310,5.135023371107230,-9.401632563818240,7.022173858354490,7.44406691361784,-1.3615561499754100,-0.6748533015099610,3.330918338227330,-1.7636839325055800,-0.2852232901672980,11.789224695727900,0.7930486949311800,0.4918843692264990,0.8269443798509620
0.7047413684522620,0.9409129652089740,0.4719079480867300,0.41888851768623900,-0.5407192185759960,-1.1093686812590900,3.4008600199998400,-9.026752160324320,6.904922226795780,3.2833273863437600,-1.3169850503994000,-1.3140077915815900,4.3303298463566700,-1.7213666802023100,-0.3796986589403020,6.091024404389840,0.9004801968502540,0.9101151341812290,0.7022588372633990
0.7438589282436330,0.9274799845913290,0.5433637193724800,0.21832645613866700,-0.9338729868336980,-0.7808995267565910,7.178165333431350,-2.44548579093817,7.793701434190470,4.219257220730280,-1.8054236029951900,-1.237765008278490,-2.1037521088979600,-2.3951455025103400,-0.5823979015799540,11.703136319706800,1.0274640285441000,1.1949402122917800,0.34239777285501600
0.6760083205820450,0.9689901897423530,0.5838148713700670,0.3597359258534420,-1.6870417086977700,-1.6537460963304400,6.103409795897540,-6.330086206261640,6.059060852697480,4.803322562973420,-1.4302328162299000,-1.0876022442369800,-1.1979191098258000,-2.022658235110490,-0.2764266190074870,10.317191114317800,0.5443610084176640,1.1881121714455900,0.46063421882316700
0.5105276786266660,0.9316533473687990,0.5460020487184160,0.5331130098145320,-1.8485697867915800,-1.7114603673480000,2.9780894031768300,-10.142044878475400,6.587345448877020,5.023216733678960,-1.5875103190818200,-0.8119799215857440,3.4803958004831800,-1.2732599502688000,-0.508688156217708,12.130470813978900,1.1049093535093100,0.636872921945518,0.913190146459833
0.7945658409036310,0.839167103639465,0.6835323068990090,0.5270231900545510,-1.2538901818242500,-1.9804934517457100,5.2438313854672100,-7.712634319098690,6.715301626081820,4.299827846785080,-1.6430595981498700,-0.6338844330559790,2.095899391961720,-1.744907801166080,0.2173394066573920,11.02175889762780,1.0769173885847300,0.3950352406461240,0.4561096726161730
0.6368503926310170,0.924356397983399,0.4604593115070110,0.6717315572949310,-2.186043206383470,-1.1621632669687300,8.14147563892037,-8.12892045341673,7.048756608486140,6.575472880417290,-1.4313438557167200,-1.0888298782492400,-2.8935984499043100,-1.8982918947428600,-0.8070931891713490,10.625072838547200,0.9571837061021280,0.9759722659702710,0.40841406846480800
0.7569459626953290,0.7757036901333990,0.44251793154790000,0.20994410874860400,-1.5384259116423800,-0.4839611695374450,5.32824015150692,-6.2943040084343700,7.013165792655910,3.215129757841950,-1.962592849121920,-1.3281747611605200,3.454834567189820,-3.399659414810460,0.29835406989069700,8.000934341350600,0.5444169566967740,0.9563834193680390,0.7225311195922090
0.6329744526281860,0.9462197183401120,0.5334489356481910,0.2908683690336750,-1.7100113969141200,-1.4697992650883000,6.892488285427230,-5.123882847484240,6.520730517061060,2.51129212995772,-1.777281341939250,-1.0375196086848700,-2.07236526655661,-3.1005485461939100,-0.10439645345214400,12.662779951207000,0.6909796260244330,0.8447749193752560,0.9802578324929250
0.7041473309118710,0.8769667811104390,0.46621610514309800,0.49068175220302600,-2.4396011802770800,-1.9569928319263900,2.0546800078544500,-5.3421778177931100,7.09316675927629,2.9596564036385400,-1.1712440342478500,-0.733155213442569,7.024026275341550,-3.2222481802493100,-0.7692789226344470,8.021466602326310,0.7383806857529290,0.6111234720304410,0.24805467752923600
0.6534684308479590,0.9534075443424800,0.5418239698149460,0.4098407411137010,-1.6654141384123000,-1.5055684554422100,5.925441853770840,-4.860838188834240,6.687330230014690,3.0316984553829500,-1.78995170543075,-1.071105735021560,1.9371085403634100,-3.1221617715122800,-0.3640454339588480,11.569191993613600,0.5083880491037530,1.0513428903126200,0.262587111898326
0.7915808656791270,0.815832217250791,0.6108150294783780,0.3283855170399450,-1.238023505426620,-0.8368077218612250,4.674895416869540,-6.092010188490140,7.0287806331688100,4.623168309721340,-1.3758267450346800,-1.395189053918790,3.4179511460725100,-3.54612281107702,-0.5419357857800080,7.63579871944456,0.5325123941152440,0.8433853686606440,0.08464167254070620
0.6553838574827990,0.9996426525066500,0.4876605317249890,0.32282964467540300,-2.284184477993690,-1.7565836197963300,3.8948603394329900,-5.243082258428860,7.230158650879470,5.001344998897880,-1.3668944929393200,-0.8324237771147570,2.933475392836790,-3.228328527129120,-0.4278530393138750,6.089889989977140,0.7476819469654790,0.9951632492158740,0.5190742904206720
0.734978985847606,0.9409109378517650,0.6184166128075930,0.44342324327010800,-1.1397126949459800,-1.528922357363470,2.654444030963660,-4.842308741077270,7.672471783882720,3.0837398417583900,-1.7894170638191100,-1.0931105979073400,5.542594699095360,-3.3102662765886000,0.13709912123686600,8.954438617811960,0.4790699057258290,0.6241291216940420,0.08530632511769100
0.748365717940965,0.8942805474314830,0.6360912433641900,0.5492956271189100,-1.7072825127657800,-1.7453451133973700,3.2610468808297000,-6.8420274565109400,7.43054212107266,2.1587979380509500,-1.3065836870829300,-0.9367396671050790,6.066847509099930,-3.018482484638600,-0.7105460019410090,11.790676166594700,0.5417727958281920,0.7144689728227740,0.3305693956884680
0.6377774304794560,0.9120932540047340,0.49923764809736300,0.33377462504281400,-1.6103066242750400,-0.6180053666674050,4.3025438920809800,-9.548206452629930,7.568866761840160,3.887275564423770,-1.5458072170404200,-1.3503568838512900,2.1400468610809200,-1.7293636436608100,0.19522711396133700,13.692040530838400,0.7384246422363390,0.7608260943534760,0.9178425760701440
0.3854293260735450,0.9737429638126120,0.5896511758903140,0.4830239257600670,-2.072397869244130,-1.4632557582008200,5.414606388905390,-9.523427343018840,6.757191611790370,6.292968166533990,-1.6163851809333600,-1.029498170486160,0.11916611713612100,-1.515734092127200,-0.12247482251966200,9.227415269323560,0.8766735456185660,0.8195822825008760,0.41182181485504500
0.7194515485997610,1.036745416436750,0.26175114128733700,0.6074381960388850,-2.1460029234859300,-2.3156221942694400,5.745066720023510,-4.737158493430630,7.523697376265990,3.6103729403383300,-1.707837322921060,-0.5925374367128800,0.07600564276731340,-3.7937252114885300,0.2490235874518260,13.328322966866500,0.506681525180632,1.0054658018990600,0.5882007895604890
0.7161601392364600,1.0200996043555100,0.5480554002868980,0.39150520691641500,-2.312758225729430,-0.3953876168644090,3.0355704757536500,-4.4561709707655800,6.956078703496740,3.157490141483860,-1.2866564241746000,-1.455683974968160,3.5360921317679000,-3.152502572993420,0.08405554134110670,9.93856470173895,0.7009426359514670,1.1079653187098200,0.5554804933334990
0.7485756433478930,0.9096290690611300,0.5632292736534620,0.6192183864489670,-1.800147607135670,-1.6682553083510700,3.833108161843190,-8.069396278432930,6.627776009403200,5.5471901245294200,-1.4519807459851600,-0.7924790197147250,2.275228333061810,-1.9875316444575500,0.16512446034562800,7.757499927656040,1.0607051480562400,0.5491759386753980,0.38046764004431700
0.6925359841365100,1.0411772045103900,0.5095510874174400,0.46919207064791400,-2.439822932681600,-1.3968816531339500,6.141584066031320,-5.249093449786720,6.8780314188763300,7.823237993159210,-1.3756560225065100,-1.0121200561088500,-0.9675741272655010,-2.911816747081440,-0.49179201325838400,12.2850442108188,0.6192318316971680,1.047817480827900,0.5498282704385290
0.7639702154941210,0.8952681923656220,0.5512458148547850,0.5376427678724920,-2.4311558635497600,-1.7075230353837900,4.0688217067255100,-8.450554104783020,7.374637332324590,7.796862759139440,-1.8029183726424200,-1.0526984698138000,2.387511500879770,-1.4590753476393800,-0.2596986722644590,9.305178811372360,0.26071569058712300,0.8472383504573510,0.9693036345752690
0.5304890833558250,0.993492692334514,0.43502120739613500,0.45465943015451700,-1.5923113099517400,-0.7109835362760900,5.344094359280430,-9.293812863997490,6.998616766019890,6.882996388023290,-1.9486235119558300,-1.3157128897263700,-0.3044900858605250,-1.85811168194709,0.1871976308440010,11.307378641590300,0.9222653608039140,0.823053441192508,0.5492259022640710
0.6285000309730740,0.9413902840327460,0.6420150157297800,0.4645680307530360,-2.296444632018720,-1.1015466828159000,5.231279330331130,-7.253602518420970,7.075938260902540,2.8896222408092900,-1.2427675587194400,-1.1244806525785500,1.2847382700261700,-3.0123792515280500,0.32766785200877000,10.249746844086700,0.8984754873143280,0.7715107384223190,0.41839119251927200
0.7708604929143720,1.028887458325290,0.49739918158298100,0.550614009528242,-2.1909223422149600,-1.8587898065041700,4.9771112881762900,-5.810772731254340,6.887556009177460,6.979204747152310,-1.799825057716710,-0.8652394205750020,-0.44073290414903600,-3.4198800321166200,-0.6519391329383570,7.184709075512350,0.43622645950170800,1.0354241362496500,0.17382931896564000
0.7020773992869970,0.9765497339389670,0.6653895214013080,0.2705753294140890,-1.8559977287005100,-2.163704438146930,5.2680356805016800,-4.354376326937130,6.0534753632031200,3.766972203620660,-1.547565536739760,-0.6393681200973400,0.7849403638793770,-3.742735789186230,0.006731597447321410,10.639968665183300,0.6196496111216090,0.8769815147825560,0.17674728121046000
0.7107781587376610,1.0036739760337800,0.5598149233827520,0.3328668450970710,-1.6786079207535800,-0.15402768210416800,2.0909546985703500,-6.7569036243462400,7.3158680224931300,3.4771720711882800,-1.8211586891543400,-1.5249610207610300,6.033116527210250,-2.658895475951960,-0.43695657323444900,11.997629699973300,0.5552064876065440,0.8743386138314870,0.5365519329979320
0.7963960279069480,0.6751632692588310,0.4114288513828670,0.30333100258991100,-1.6845721624706200,-1.6922790658304400,3.9209119035419300,-9.65442762014716,6.121152602005010,6.949294764149790,-1.8615330272514400,-1.7096827801922600,6.358808232077620,-1.682428666151290,-0.373266960905511,7.871722942301690,0.11884430034186900,0.8724119709453950,0.5297967802947760
0.653668277221334,1.0609421128934100,0.6482113852707010,0.6908161791870620,-1.6030195224764200,-2.064062600604240,4.68633429541547,-9.110839729095010,7.608821342048720,2.991410696917940,-1.6865520360756200,-0.5898049821684110,0.4303584751603250,-1.8040296314818000,-0.9026312181209770,7.588159200604530,1.0685180928555000,1.037408598841830,0.5460577769044660
0.7306747430243450,0.9233745426484790,0.6084057847251830,0.3518182765514680,-1.4900370077099800,-1.07472242476141,4.067909453292130,-8.985171275242480,7.251802012875960,7.302093888641110,-1.6934167361748700,-1.0924432073162200,0.7660169983529760,-2.056599671581950,0.334399132217328,13.496992704731800,1.0198219390305300,0.6426284609807100,0.6517459415551150
0.7932750756247410,0.8892873702969530,0.47567103436558500,0.5374931274550970,-1.2976327652801300,-2.0985167851017300,4.16046709625193,-8.134729186014030,6.689359587064410,4.501001221869820,-1.832293302694810,-0.547140068454143,3.2321786244996400,-1.8901005045725800,0.11394816510703400,6.891393709572770,0.6024722120025740,0.6917013170738670,0.7485294320612530
0.5923089238035040,0.890875516289771,0.45366990180213500,0.6846151183071330,-1.290628023539150,-2.156587077649510,5.47106268169529,-6.286579272749120,6.909783546207360,2.876002194957730,-1.6874540233669100,-0.6454868241170260,1.499111421158200,-3.609577700656270,-0.4642512956411680,12.019020476772000,0.6903821405722620,0.7375936774190250,0.8982882830540950
0.6150143468993460,1.0041178256976100,0.5463029856454210,0.312891872733597,-2.336669301132790,-1.6097049274082700,5.004712232978340,-5.251879492689510,6.249282219731740,4.517968446254110,-1.9246576099447300,-0.860871882709095,1.3829692784047700,-3.705171908912740,-0.41487812799326100,7.919748134330960,0.7626444776485190,1.160507803418170,0.40621052796486300
0.6796661849764650,1.0539980917626500,0.35198226640869100,0.6679505855148430,-0.5366323823996580,-0.9478427941762010,4.472655409895090,-9.829080664362540,6.309571748940650,5.748649982044420,-1.922932722129650,-1.21487263441306,1.0001976374002700,-1.6552554770420800,-0.7046434719022330,10.034408434536300,0.7818493876255270,0.9819393594811500,0.09593134101076420
0.6381866027377800,1.067310171856850,0.5882766905818610,0.21120318849924900,-1.037752669495180,-1.974275846596210,5.315096412750700,-2.2365810153182400,6.0845317940085500,3.0993617682138600,-1.6425183620073700,-0.7731638187363970,-0.06262357090352340,-3.595886281089490,-0.2606194987311180,8.236266545100520,0.7476853705279460,1.080986288188090,0.46078450467462100
0.5745434068191610,0.9676765895150700,0.5127120081658040,0.5276185401961570,-2.4363580538826000,-1.035041220968600,8.101445210024500,-7.194693591348190,7.14275395013334,5.77269129235666,-1.4158528462283500,-1.2291802281351700,-2.4677893301419300,-2.2754264994306600,-0.3208152659612180,8.960706218547400,0.648018478937602,1.0819462413573400,0.3145381191368890
0.5813573159793480,1.0462746642946700,0.3463060629905280,0.498831402438157,-2.32300532776057,-1.4371804233461700,2.318784951585770,-6.270521234483350,6.657640951172240,5.720436444908390,-1.4479399318190700,-1.0702414348085600,4.760485902002720,-3.1055601374186500,0.3907461782784820,11.86948586550380,0.548646427502797,0.9350350317087440,0.470693905551347
0.797413277710257,0.7963975309653220,0.6926303774263470,0.34647662175713900,-1.288442208886170,-0.4498097321638690,5.71592180964307,-8.689449001741540,6.247198818197290,2.813650073676150,-0.9949681445517220,-1.441965565726370,2.987666919919180,-1.1712472471381700,-0.43150341923243300,12.939818101399000,1.009665071711980,0.9148700336543390,0.7674587179565120
0.7348053871350400,0.9021106848140710,0.5623260814684950,0.29615924516307100,-1.8142564728079500,-1.1651609875402200,6.759692715221680,-8.373903685415370,6.359129852062700,7.614447725881260,-1.8386656313396600,-1.0121911301703500,-0.7397999967945300,-1.306896448352200,-0.5612855895395870,12.912816136946300,0.959614572631425,0.7376946150707180,0.6445045797489450
0.6878546602234650,1.070898968484970,0.6283625689967910,0.5116434366761910,-2.2017868455749100,-0.5796796007475290,2.358144118383630,-8.16799157802565,6.124582058146990,7.2482605117913800,-1.686135179035280,-1.4891344325899100,4.602134514400730,-2.129488568664010,0.013020091299401600,9.791542589263560,0.4306140346264370,0.7570696211450890,0.6387897174067820
0.7542277070673060,0.8719681367944030,0.5408279064942950,0.3129641420001450,-2.0439149728523,-0.3709655825343840,2.210646020079120,-9.478542653925750,6.76399001204292,6.5655184070615200,-1.7249388020223900,-1.3595589612554500,5.286404353416620,-2.382858385772890,0.3175977533549580,11.067444687800100,0.648402973600684,0.699668815734808,0.8298276274416370
0.7912134482565550,0.9484884831136370,0.6257214209347040,0.42303877949191800,-2.4775729843997300,-1.2078998688386000,7.151853802269770,-6.6691336219898100,6.2225299491015700,4.041625586205410,-1.646632548408920,-0.9939440651369860,-2.5775039752520200,-2.2752776562323800,-0.5865497980091680,12.474923169377200,0.8309259125792320,0.9367964682122720,0.7310587887218500
0.565473549332107,0.9941757267650550,0.6564684068899060,0.445987868505225,-2.0411252721842500,-0.5657206597624370,3.949730854444770,-10.313120527657000,7.646198866669790,5.347080712366090,-1.7721690586173900,-1.334005249229060,2.1869131388034300,-1.3031056514753600,-0.36146816734895600,11.81084554035600,1.0219442633880800,0.7398860573911830,0.7107690446672970
0.7366994604498530,1.0439062742346400,0.6461444658990950,0.39772151062872000,-1.172304919560230,-1.0741399373453900,4.797058976903540,-3.7530172160460100,6.754385817187570,6.3300593397022,-1.8725814104708600,-1.2469222768754700,0.0761238478262607,-2.7158939558423500,0.38209789799310100,12.857181977121600,0.5685898087753030,0.9649374689874400,0.7321560571816930
0.7055347275612370,1.0551493040627200,0.2671161053276770,0.5516658990374370,-1.946071630365530,-0.8099460458328550,4.331646383400750,-7.908323712663800,6.053959029975690,3.4458988597630100,-1.6244763153503500,-1.2121880408915100,-0.7642127140901470,-3.3264852460315000,0.14163493615456000,12.868534863164500,1.1415871720966400,0.9840539112418670,0.7388211419014440
0.7461203065094730,0.9739012277798770,0.6802439105709660,0.24428844151062100,-2.2184218905722600,-0.8304015485299700,4.770684224507310,-3.1734933528948800,7.20841044614255,7.659304174592730,-1.4445770717707700,-1.2961417202906100,1.8013834167355800,-3.2221665256925400,-0.2519823703373010,13.156196288196400,0.5781071772157100,1.138057399236740,0.25255688450280000
0.7839144450813350,0.8632769163399540,0.5117673651752990,0.5626683609804670,-2.3454605806372000,-1.2719866651811400,5.532783833812100,-5.462626273431030,6.096031338587780,2.8233525751263000,-1.837287997097450,-0.9491116241240430,0.6569788979356460,-3.5798460025645700,0.39237231980344200,10.719045814154200,0.7685922358193170,0.6724639087629360,0.5221517797850850
0.6964383451164150,0.8577074278729060,0.3583693674866370,0.2308521139576310,-2.397199231974900,-0.2785902449690490,4.723434718842590,-10.561749447427000,6.500759799526000,4.538942986232540,-1.4898535412379500,-1.40423067164019,3.460278792250280,-1.4673666359504400,-0.5527015971644400,13.936861637951400,0.8061504162962430,0.8252113957882050,0.29152273451891600
0.7321063786639190,1.0395114285204800,0.4019116953836340,0.2908431902564330,-1.9176919095092600,-1.767669196285490,2.876351680336070,-10.342480561358900,7.019867412501150,3.8249093303858900,-1.8335080643817000,-0.7227058128611800,2.101801821377760,-1.3859536364537900,-0.3552917499528650,11.771639710670900,0.7768995888681240,0.7730497442766260,0.9286607986089620
0.6917213800708130,1.015588468655080,0.6888553679271840,0.4215877796378340,-2.1804958075208000,-1.6616696525510500,5.089775211549510,-8.888116532680430,6.270420615950490,5.349849961919660,-1.7679982013202200,-0.8811412738089120,0.236165192254564,-1.366800061379140,-0.12435464536268500,6.412569684614250,0.7236948472295520,1.1682268687074200,0.9092002323850670
0.5283167906133810,1.0510237694106300,0.5544048843234800,0.6340573564679750,-2.321352890138260,-1.4199323466062800,5.475076915265230,-9.662233431379410,7.084235417096910,4.16530788741454,-0.8533883613421430,-1.087065904464570,-1.1917454929304100,-1.1807160225542400,0.20131971300132100,7.738518006504310,0.9928068874454750,0.9608344018583970,0.7470937726591410
0.7397419969613190,0.9335256503397510,0.6346943151260780,0.5561694097607790,-1.4170561955850800,-0.5669093599528320,3.8820520012595000,-7.974179659690540,7.619208797723520,6.642239719325750,-1.6040084844865400,-1.5884213116875700,4.940957826118850,-1.4936397769316000,-0.6840964606588950,6.558097515237380,0.36314845319533700,1.1942192785456200,0.5533225086388370
0.6593565389457230,0.8994761708363400,0.5870592255859890,0.48176553902774700,-0.6099893062969240,-0.8685397191643550,5.88219882761115,-5.757038560223360,6.28517371074731,3.151049193163870,-1.9100568420096800,-1.333021195690580,0.34313754241007800,-3.0586841812748500,-0.16732098368448500,10.350326462579500,0.6866694366395190,0.7329132635297010,0.4135781892630240
0.7961664180984530,1.0764549590140700,0.4856461076570690,0.29475837898986900,-0.8776170608540110,-0.9509535299519300,4.503466588473260,-9.174950619579780,6.826268651958710,2.9705034365651700,-1.6971740768866300,-1.1282082245062400,-1.2458361586298500,-1.4192964173664700,-0.8976721716834850,10.619270683054000,1.1321472217965400,1.1636119534734000,0.23890175117999300
0.5665730951723230,1.003946146139590,0.48879379404795300,0.2760411643215310,-2.1146380315058600,-0.7286458624661780,4.658901111131410,-6.080607857086040,6.568016379363830,7.388910772495500,-1.786710372059700,-1.328446853098450,1.6616429963815400,-2.9134430246864500,-0.279294583019191,7.727738603583240,0.7399564830339800,0.9054506546964310,0.8558496083427880
0.7635134950273030,1.014829839996630,0.2705831737185220,0.3488327062501980,-0.9733759167143810,-1.5454212297064400,3.785457321591410,-10.091849929271100,7.854405166270480,4.8754245568826800,-1.909892524379090,-1.5054041782470800,2.9979451895492100,-1.469189948343130,-0.3234644525941750,6.772897727883910,0.20493390318213000,1.0161145359344600,0.9101296458163130
0.6598779124126550,0.8548259645300730,0.4926411532532660,0.570408423547763,-1.8978453669934900,-0.32168191327929400,3.9374530403984000,-4.237363855852340,6.201551624351160,2.990570063608690,-1.4494474211912100,-1.4559447757695900,5.1641340603756000,-4.157912831487560,-0.08915008892322120,12.925219910699500,0.7846522144525710,0.7459786450931000,0.17350676035141500
0.6853011039890700,1.0305361601599400,0.5466923807575540,0.46296220178847900,-2.1744309192799200,-1.0167000184496600,4.106382920049790,-7.864258580434860,7.82008383133304,5.107635846350620,-1.3624724104503300,-1.159663702290480,2.2455177856949000,-2.0112062318352100,0.3627821238544670,11.950581301622500,0.6605344108179000,1.1684383609821100,0.6529508089679810
0.6800236002492610,1.0058222038621000,0.6350976114823430,0.6374763622258070,-2.3646865875352900,-1.734630277312290,6.4777097930087300,-9.36653275464929,7.944798577115740,4.404500377401590,-1.0953992394032800,-0.8269457481208790,-2.0311453587577100,-2.1160559038718800,-0.16812926727129200,8.827124106566920,0.8560796627323180,0.9787188572658520,0.9532823179808590
0.7537058428381130,1.0007996107287400,0.6640500970143960,0.4202874845210050,-1.3651453994044600,-1.7271602409048900,7.104729610570230,-7.159331554425850,7.192480705835340,4.483695196050040,-1.2877077863945400,-0.9354425439924210,-2.563531413263810,-2.146482815853000,-0.23628009385013200,11.287292189131400,0.8469653237138140,1.1499718332010800,0.7412774396762990
0.6313983276272760,0.8063584142939740,0.6783011035785930,0.2769145618563310,-1.7231287474175500,-1.0614980659573800,7.757998589191230,-10.775787241468300,6.597633451522920,6.6087422624654400,-1.7679068652242600,-1.1091462842574200,-1.4840309838568100,-1.3009099095669300,-0.5747502416376850,11.427205663997500,1.1833704318919100,0.5411876245644600,0.6281809886595470
0.7050123496405430,0.9027110426995350,0.5402083779481690,0.4512220033505150,-1.6475089082968400,-1.5349624874280500,6.421569596822590,-9.450171756790260,7.250434703464520,5.261028221127300,-1.239727091517730,-0.9300877499386440,-0.1257380676568630,-1.6088744885825400,-0.2649961855146850,9.583355452174530,0.930497061195553,1.0033873090506200,0.9942078948603670
0.5280631059479110,0.9914995813602790,0.34816272494329300,0.540937557940127,-2.434002105092300,-2.0150353693707600,4.440066433319880,-8.117709030247840,6.366134149963880,2.8764988452277700,-1.8809382618979200,-0.6703605071956410,0.25109435183203900,-2.9976001929173500,-0.2989013444393570,8.791890520470880,1.0791149402596900,0.694222260341358,0.6546868408101540
0.7566387609390600,0.9712407403480720,0.3558786641074350,0.396824157315544,-1.1206212396618700,-0.93290274488483,5.0414298201502200,-3.1180548681948000,6.930879458358280,2.0803846388250000,-1.8377881819875300,-1.2317856864198700,1.788513251213750,-4.118640813716890,-0.04864075494899790,7.952260803575460,0.7419663289725440,0.7139026215689670,0.3017091563254090
0.6580105076699680,0.9656937188296610,0.43587529387588600,0.40328445891500900,-1.8961459646054800,-0.9941241154117390,7.259382628737920,-5.269631693220160,6.339601435057660,6.755853510252700,-1.975593548713220,-1.2258732922756700,-1.7668785378069200,-3.841846489775820,-0.26479361143272000,8.328656970920940,0.5823102855330340,1.135878052058190,0.9770056185324470
0.6918769989571960,0.8282516834972710,0.450136896378592,0.36958305674866200,-1.7413050761144700,-1.3639944544006100,4.950426645231940,-4.374818699867940,7.63502736473214,2.858591177305560,-1.9154034903301100,-1.060714890867930,1.999584510681420,-3.6834972559907300,-0.3369664172404340,11.57340088537040,0.6006249362215910,0.613480651598306,0.05359228725911230
0.6465761748691160,0.9767168809966750,0.5189553059944180,0.4501039280812300,-2.3968012246697700,-1.698726519418260,3.011972479172120,-6.873839695203550,7.443733797216220,5.22751089928539,-1.5276736249732500,-1.1331845809961800,4.6867090469981100,-2.0704644445475900,-0.09222050685578660,8.894332111135990,0.3208635208719770,1.076893083818250,0.19659842308305100
0.7847657465587340,1.0310491769415100,0.6249295033676100,0.49098146237122700,-1.784157933635930,-1.9237269539929700,3.7681887439515400,-9.367130711696330,6.112318108292500,2.281020853112450,-1.5626644379893900,-0.7753459027966160,2.4075082278219200,-1.7763572749761800,0.19031146125131600,10.692343567035700,0.5448129364290230,0.9576747600335750,0.4677737307504030
0.7552811492452380,0.7913805545776620,0.4953296104830270,0.522849047788997,-1.7474639188588700,-2.199141781836470,9.06571004465587,-8.006018799736540,6.576729478537850,7.763420913436190,-1.5225507721817900,-0.5398491381617880,-3.932851473984980,-2.6098731657912800,-0.4803959230847700,7.819763398447750,0.8852337990228740,0.6777447233033790,0.6416093403291520
0.7340158162466970,0.873170496959202,0.4385108661485290,0.3643095801092930,-0.7896676845110540,-1.888796682099480,7.977082871778130,-5.908600844948170,6.635411055183660,4.396373842158750,-1.7445202030293100,-0.8146613820509600,-2.0338671496911100,-3.094543548452550,-0.10477446399367300,13.514957141559300,0.5679141737836060,1.0090434226093400,0.9798101280565780
0.5172510112116850,1.0309623356264100,0.5632009871959700,0.26596947717167000,-2.315046080496110,-2.0693219351792200,2.7259345642814000,-7.148679664494600,6.381400531676080,6.096953004205380,-1.3095796870585400,-0.6773365534961370,3.0305974579483900,-2.0512440276358500,-0.7645092782982960,6.295560483534370,0.8601688150448560,0.9089809137275340,0.9070480509589300
0.5071259459660100,0.9251266270352190,0.45771599487149300,0.36507599661645400,-2.3674785542885600,-0.9232734445230410,5.510961089378410,-7.770255648836170,6.139704770937210,3.5902255509742000,-1.4744244518970600,-1.2968600124709600,0.9658351856074560,-2.184646844229880,-0.7852307075690500,8.758887551214600,0.6366957685061730,1.1388461248703800,0.37351492684590900
0.7134587911940940,1.0954854112501000,0.3662027499282190,0.6515454631942200,-1.8374192667306800,-0.7344403974447420,2.7339157912448100,-8.579491190082900,6.969526809697110,6.364313269921900,-1.4978185507815700,-1.2589730936037300,1.677418169910620,-2.7187780113457300,-0.502315103717566,8.855148847320400,1.0587128099473700,0.8969701416833570,0.41559469002796300
0.7341346310345380,1.0016061814986000,0.5518692028309310,0.4084502191810000,-2.1897359638772000,-1.926203724574130,5.988909429041360,-3.1578195759892600,6.203923120604030,6.890990964908490,-1.4026420270951300,-0.870779543731488,-1.5864524324256400,-3.8310572928193800,0.2641135392897780,6.757110313685810,0.5166174492161540,1.0376765964487700,0.8476725238423540
0.7636405753849540,1.0909534255006800,0.5291619808143120,0.29055088021080700,-2.4544844173855000,-1.3166517352376300,3.215055873567950,-10.803122157878300,6.736156275795690,7.239890349979070,-1.5140346143712900,-1.071890724684360,1.1641060501202700,-1.4206994814369400,-0.6843542166140400,9.826059924939000,0.6204008416165030,0.9276702310542670,0.7226923852083910
0.44546106287907100,1.084373124466870,0.40772501557577500,0.3419847055165330,-2.261125906670060,-1.6438955131893800,4.499559831554910,-9.554094899974950,7.67305722832399,4.717507850701700,-1.9749797006775900,-0.890212676709414,-0.502481247068655,-1.759838581320210,-0.04812227057533350,8.55497989031833,0.9347603588386010,0.7990451323395450,0.32388839408291700
0.7774938421481430,1.015092711573670,0.42663330570221000,0.43522918842243500,-1.7501462408184300,-1.6524275827410600,2.536469712294090,-5.587907484845850,6.386726493546490,6.796733352844930,-1.4936364026438300,-1.276979383657700,4.456095285742280,-3.4321567423734400,-0.03374285206066240,7.684678028053740,0.2980839012692030,0.9444787337055640,0.9431196244172510
0.7616727297706680,1.033976731389050,0.23875354676723500,0.4750592631659340,-2.184002579634290,-1.9981815721823700,4.745561037265640,-3.714650822093580,6.993041510125090,3.228875772722900,-1.7313007356407200,-0.8243811225136520,1.2886449408772800,-3.7205685870210200,-0.8886597978519530,6.041666720921800,0.4207163391152140,1.1181252083591500,0.14623346260954000
0.759642768947711,1.095401139529950,0.6537493105948110,0.4904011224303880,-1.5748117209888200,-1.8077543949152500,3.0413636471510200,-8.137136131369120,6.200347992902620,4.027051036265920,-1.315005021413510,-1.3240836473030300,2.1478787614542100,-2.317165953387170,-0.04922644174965160,6.344543934441590,0.2779398604788860,1.1777721362032200,0.1286004009755430
0.7756152716743180,0.8418047473065300,0.5059315831158670,0.38241660288037600,-0.7645996443574270,-1.6278133650587700,6.064797080632420,-8.039317418653920,7.323764074916230,3.9673597265261100,-1.978345711700070,-0.9882316081610360,0.9971678840727570,-2.003337291444640,-0.5571921543678150,9.488959040668480,0.47108819743435700,1.1287810851808500,0.2706875603643550
0.7391664541662750,0.8009499961852950,0.4828191879694520,0.6784339390682790,-1.8959581973106400,-0.38879363120442200,3.563930561045030,-6.390144132627870,6.507621384912390,6.351379896534040,-1.5994054763131700,-1.5701508508489200,5.084733449166410,-3.541196781268920,-0.5668462999817330,7.284189237231060,0.3170640689624240,0.969244292943254,0.8679265665394270
0.6296212778407050,1.0109686939541400,0.4707406529102260,0.4966337766645410,-1.776086331879810,-0.5328307021797040,4.145335125430820,-7.779022860952220,7.021542709509470,6.1546126371261700,-1.9088235714733900,-1.3747638150444900,1.5621244319188900,-2.4691725330212100,0.3862149954520380,9.576728425669330,0.9293038815446990,0.8966243289761890,0.33913555611340000
0.6984232216702750,1.019457233437680,0.47854777985301800,0.49065175305039000,-2.1114541118282300,-1.3180037648632900,5.5481430754622900,-8.710330169760990,7.8393019714952300,4.857731517516690,-1.3117792740077900,-1.0729494657058100,0.32681929139337000,-2.0767394307273500,0.1712877314462950,9.929930752788100,0.6451723879134140,0.9687398712741000,0.2728793530259610
0.5997864229907140,0.8127188554530020,0.5787164925027620,0.6283940696805240,-1.5991797944981000,-0.4178806050341530,4.394998027182360,-5.136248995337400,6.705297150327390,7.7397257148756400,-1.8226729431606900,-1.41751949463914,3.2713278693543600,-3.3457072147655300,-0.08901377402264540,12.213054995826600,0.7667165757811980,0.6901270120410100,0.9347708995300170
0.7607355404869240,1.005457122206550,0.5340585793576440,0.673132008757548,-2.1538877222042900,-1.0496624294612800,2.8659977117328100,-8.076621420128430,7.052539594331060,7.624279849837780,-1.7544510838214500,-1.337017658851350,2.704744682229850,-2.650458645471900,0.049329855324641700,6.722966423145850,0.3650796159342060,0.7063506981964020,0.5679260897150280
0.7849173857456380,0.7094982331265530,0.5184779723907450,0.5686348150240110,-2.4327770798228600,-0.46904318304768500,5.62780003021741,-8.38479983569923,6.948778275267730,4.611565720952650,-1.2620715638880700,-1.3412591365749500,2.0370591431685300,-2.1457722613640700,-0.5153998095775720,6.578026642351900,0.6561570828060710,0.6984914986777760,0.11279296360557200
0.7930935432799790,0.9866344939226210,0.30916924615650400,0.6445741003030170,-2.058478929941830,-2.0118229390659800,3.2811911795714700,-7.35327565479162,6.219284771316610,2.6555560017350900,-1.3365809832328900,-0.5947399049496510,2.9204826517800900,-2.430276335519850,-0.8124826877740530,11.505430058167300,0.8275591588272460,1.1495215544469600,0.21933124887122400
0.6376562060464580,1.008671324485780,0.5597320293122830,0.30583888296581400,-2.483396232015260,-2.0577874941679800,3.7190509901604200,-6.811713434522540,7.978575577658130,4.523141994866700,-1.560516627827380,-0.655706675477279,2.8291857468313600,-2.425236916755260,-0.14107541738215300,12.380054021432700,0.6505292932075810,0.7899960957899440,0.7283550003182140
0.6850207884615560,0.9013466703094160,0.5756472468596830,0.4561220890838550,-1.0638959189793100,-1.167652564565930,4.866730453533720,-8.027831719602150,6.20243066260957,3.113734029744140,-1.9119163742678000,-1.1542047596200500,1.6975782092354800,-1.9701698390792500,0.22217275919626600,9.524776591345100,0.6296927880990820,0.7935250749912160,0.8057527980278490
0.7845799632465580,1.0504076747512100,0.49471940003796300,0.4692790351265950,-2.271620049324700,-0.6711060584134340,4.550632471550120,-8.117617072919260,6.219238269151870,6.754659637416820,-0.9921874636367960,-1.2263430821082300,0.8320044755607640,-2.311923170502270,-0.7575929638302090,8.256127016424310,1.1551269290152100,0.985890746316267,0.4406718560259130
0.6803312124093610,0.9654764457926330,0.3711609032796680,0.4626705598123620,-1.0597517674091900,-2.021328735105930,3.716771653335420,-10.017958025588000,6.292937930435160,7.8476715553045100,-1.7913185429262700,-0.6733150429338030,3.0952344988022400,-2.021265356552200,-0.6597677451622160,9.931210530302760,0.6850038439488290,0.7181111963209420,0.5431828535898490
0.742121562118171,0.75865339675244,0.4614708052601710,0.32723218524585300,-0.4369866042840130,-1.1162031701797,9.783128978893510,-5.17824350352638,6.5596617209440300,2.4752017166780400,-1.8900261441565100,-1.088828517741090,-3.2967028164046300,-3.063577265708500,-0.2925601410313440,12.172570802032700,0.7965502116468300,1.0043439477487600,0.35438515403842200
0.6244549645115020,0.9982621064211250,0.28418030938014100,0.41465596485998400,-1.7112114050260400,-0.536092291334495,4.4355177097110300,-8.282707194386270,7.229719306591920,6.830756902611400,-1.6429970970233800,-1.4342965008628100,0.332116202227939,-1.8722035076641100,-0.20263036975000500,13.562471864825600,0.61924444713306,1.1787153178877400,0.6623526272787930
0.7451607615121000,0.9446450952915730,0.5622076951619570,0.3760343340483170,-2.302934383368980,-1.2053993992758800,6.164964677922510,-9.984993361351210,7.266265038664420,6.030518071033990,-1.4522965891889500,-1.1594147001669200,-0.20672125826306600,-1.392779994956500,-0.3539958672858810,10.319048711068900,0.5211881362931990,1.0211903944109200,0.09783136922833980
0.6427685310858560,1.0297002527535100,0.556703676274263,0.6522341435945200,-1.7089850456964800,-0.9394595090473400,3.881499574746590,-6.339900233142580,7.4428606575243200,5.351298569924340,-1.7857734568254800,-1.228758937960150,1.1983510519337900,-1.75940190219257,-0.6321838530893560,13.484763584762000,0.8299043283529070,0.7514516904570440,0.5043086088013680
0.7506002054521300,0.9444416864919510,0.4568531907485170,0.3702723918433770,-1.911833074561870,-2.002632319346800,7.691663483781620,-8.649490861991620,7.204189414452130,6.647489890792860,-1.7411084515150200,-0.6422596536471970,-1.9394913900047100,-1.8954411088291900,-0.40366028669272300,10.333056993176100,0.6765107925429450,0.8774732170242890,0.35214303576341800
0.7679033173964770,0.9825084867444430,0.41255955334107800,0.5538942836681300,-2.0505590308299100,-0.7784077037715650,3.1709724268916500,-8.076070893603900,7.996882188868820,3.256154100292390,-1.612976265731100,-1.4967861088043000,3.5238172424567100,-3.302438877505550,-0.18859342156851100,12.93268368375700,0.35962508434682900,1.1091784230581700,0.5606316539673610
0.7688537622047880,1.0201785319290000,0.4539620691194570,0.2600820886383030,-1.2594970193607300,-0.5840210875926960,4.535670154756250,-5.707329375984010,6.1309082012902000,4.3202286726375,-1.4908232662366800,-1.4494958221109200,1.4941601400797300,-4.200919779465190,0.19532760827040200,12.997827321285600,0.5997327737680390,1.1076252898252200,0.9836081340790190
0.7872754439040830,0.9866608279244080,0.6235529300515780,0.5504552861441390,-2.2892649597185000,-1.7422278673422800,2.929982561862110,-5.761031929503920,6.435781998330540,6.182688858897260,-1.6189101192705300,-0.8664460920573990,3.5706892424377700,-3.0301066762996400,-0.6136987384637130,9.928572681930030,0.4399174746172340,0.7768109900895180,0.41334655708676900
0.5807556913535490,0.9364543506014160,0.5659954810249850,0.6490466293142100,-2.140450494116000,-0.8693778006350410,5.016620434892920,-5.549268852074470,7.881950829323570,5.510803199599460,-1.7127845249205900,-1.534378238225480,2.2491418634543100,-2.9520598974496800,-0.8364929774100910,10.924110830714800,0.38988396438825400,1.1907894415351800,0.5788826378027510
0.7865759588207100,0.9629556341653000,0.625588705121429,0.5190625745618200,-1.8959756208921000,-0.9188545595983520,5.35388719781036,-9.465412096612050,6.991270376100970,4.165783016605910,-1.4790242108375900,-1.1211111563908600,1.0795891413121900,-1.5328655484762400,-0.45822695251193000,9.158953799333500,0.7195962729433320,1.1576622105955100,0.9337370840692340
0.691722685839544,0.9973551458501450,0.49601744234633800,0.3601499984803880,-2.3967975820820000,-2.1018391375113400,5.982060765626810,-6.710712568795000,6.300821209733980,5.520274337781620,-1.0111633145853000,-0.6288999439998930,-0.08931956786121860,-2.2110245643591600,-0.6534255821815990,11.626690973479400,0.7854590428526260,1.0398713486342900,0.1377595422739830
0.7665611796639530,1.0770978301060300,0.39665249777220900,0.4354278695642470,-2.0097375599142900,-1.1375137163079200,2.0518849696480100,-8.796044257408300,7.697853056638200,6.993809836835830,-1.902214915600490,-1.1626935558766300,4.728691784957490,-1.7620902825098500,0.3639490695264020,8.863313611460300,0.5444116924574650,1.073205478739560,0.4461761043148360
0.7592751811268880,0.7442309248297030,0.488333792744823,0.33751045418658500,-2.0766427440571800,-2.003406403141440,7.201128486287030,-6.407763272203630,6.040804280641110,5.011271479244130,-1.6862892606171100,-0.6378525943270140,1.3702579155847400,-2.562769867082350,-0.805310110318009,13.18695974908810,0.628973663496683,0.5973549282418470,0.2205544001176520
0.7372094808554750,1.010000700172410,0.5409302000563700,0.44800314040466000,-2.0189304603216000,-2.001975887966410,6.369884033289410,-8.829624560756890,6.8582837323131800,7.475823807046060,-1.3293330688030400,-0.6383759906404770,-1.6344292189208400,-3.1460935121765600,-0.921075815237093,8.525916733306030,1.0094412251090100,0.9630496478635510,0.3623798155177410
0.5483527266476130,0.775151955101036,0.28613281909259800,0.6125701950444980,-2.2135006569831800,-0.9898519178609450,8.868720678055910,-4.535286082378570,7.0435045886969100,5.49826204453751,-1.6728955719514200,-1.171058949721660,-2.4710018048357800,-3.673737305568720,0.0383018691040109,12.085303181244000,1.0640145484165400,0.5626210701677600,0.7434210606718400
0.6920532366967420,1.081211324984720,0.600493171483174,0.5006627188170310,-2.2218096053102500,-1.498063756399300,2.282473475981660,-8.698963486956140,7.474052274672090,6.9358895989269400,-1.1907742670231100,-0.9508133778353910,3.1803326908970900,-1.9556227039694800,-0.11826285159390300,11.146099269472800,0.7821597076572690,0.7779984460099670,0.27008399106220400
0.7654507751458840,1.0182485017067300,0.661021172753003,0.4108203842231800,-2.0079282637008200,-1.5379773643514300,4.218394922862410,-3.6235139643477800,7.513442540981740,4.142856673070870,-1.5442508696769900,-0.9693897501534150,1.956956297292670,-3.9187636777198800,0.357791042206439,10.646853699538000,0.5486507684853730,0.8955064219708420,0.161179335414975
0.7252547923645890,0.9364065707103320,0.501832829215381,0.4599286874981160,-1.5345026511818200,-0.7367912404322940,6.152136191573610,-4.850962134585390,6.932082959569460,3.2740275466286200,-1.7423452095449600,-1.3973025054853400,-0.07369209986264110,-3.0655180757181300,0.18127273783167700,10.341610494176500,0.4668530693057030,1.0061960486185100,0.4778338349597930
0.7421861611245310,0.8567127379191110,0.5954009767829210,0.304024011931025,-1.9052923525703700,-2.30941764366715,7.441463637085110,-4.173099971349380,6.652982872084510,3.6456023077726400,-1.6450280032556700,-0.6081163657464950,-0.7006466688320220,-3.4380466253547200,0.0361358232978688,8.26254761386735,0.436823646189732,0.9921414379031220,0.8551754565808730
0.7865693513628080,0.9385264329717270,0.5063873947594090,0.6919007791832150,-1.6971742980964100,-1.9429252038010600,7.1834257689941300,-6.074210986367500,7.3114425840796400,5.204557384751500,-1.7165286713860400,-0.6230482838983410,-1.7894976775904900,-3.2582729551550500,-0.27051924035321400,9.45159858399805,0.963069147332927,0.8586806136484670,0.5108329788569870
0.7439313135463100,1.0017827189084900,0.48461360814286700,0.3347998063083990,-1.041557710073790,-0.8007227840628030,4.506171692505100,-7.066050607596170,7.763009643626580,4.409166796100720,-1.2573065981298800,-1.226299319339680,1.664342180528470,-2.156591336489670,-0.42439836173157400,8.975511236753520,1.1319492168491700,1.1811746131516400,0.1415687254901950
0.732830431180159,1.0035983313440100,0.6997246583332770,0.6848277857188290,-1.619451353488690,-1.820803854299590,4.182237598282800,-7.67334509196852,7.265194861334170,4.253568245825970,-1.8711220692570800,-0.795392646806338,0.6587120088938230,-1.6255898274125900,0.004206468569581980,11.860992180336600,0.7267362257363700,0.694583778398672,0.20966241559837500
0.738172012325604,0.9889550233968660,0.3917188243674280,0.5952955774201690,-1.8053899564448000,-1.6755766013359800,5.178697502754090,-8.177768028695170,7.669435286902950,6.0621817001396,-1.9500418833456900,-1.150075914485810,0.9377591897152400,-2.489715396721580,0.09143596525720530,9.300794411959550,0.2873317587650110,0.828472224999362,0.9627558570867770
0.7554359044819500,0.9693506807562760,0.38944083152179000,0.4388492660861430,-1.370901335975940,-2.576556066085080,4.987158347343250,-7.0975303780720000,6.699047788925020,3.9347360553181400,-1.3095114726567800,-0.5573931726328820,1.4566754056225500,-3.1715767172769000,-0.5859305770637330,9.579327861950580,0.46190592190876300,1.1023272190834800,0.6302482324830270
0.7701887369001510,0.951174378358694,0.4108031287138820,0.24214788420623300,-2.1413953809491400,-0.6553624256651170,3.4485058326360900,-8.33474154739191,7.867560170021770,6.210670098527690,-1.762657062221120,-1.326044171290070,3.141559982664730,-2.3715325611834700,-0.565221645200403,7.2287233003696900,0.6420297324806300,0.8513415235734460,0.30263830942231500
0.6886598052978490,0.8272178981254130,0.6199105341342070,0.4425390631895010,-1.521917780028470,-1.592628936967640,7.519517792860560,-8.936311718758840,7.481749560618870,3.9417237941500100,-1.9307357091142300,-0.9480676607024030,-0.4719380441240230,-1.36446493685201,0.2946714272275970,8.23675333911879,0.5060932950308520,0.8859471442607600,0.40037722053572800
0.7823396261620210,1.002272380187490,0.518824505575198,0.20201059944392800,-2.458653932110970,-1.0943274355085000,4.989262443798830,-8.698378354087060,7.7943508167982100,6.947708339553390,-1.7310123659554900,-1.109296477623450,0.116990287427442,-1.6042974390608400,-0.9051007068721980,10.47266891382000,0.6856932460123260,0.7976633711196270,0.6711508312926910
0.7675644445484160,0.8550937926905440,0.4611321472621980,0.2752968420802420,-1.051417597261330,-0.4068702191916660,4.386049904273900,-6.020925236094100,7.356841204677340,6.290669425445690,-1.4076453209455200,-1.5891883219623800,3.987816857413140,-2.6224057959763000,0.19090588162465600,7.4328009562717600,0.39106010170066000,1.042367111994810,0.4242881058660530
0.6974461315468020,0.908232338830776,0.6756400388511130,0.31016912306579200,-1.4033997178799600,-0.37484533280360500,4.43756803546642,-8.317007979102810,6.2114443107149900,5.0465198991578600,-1.4400642581716300,-1.4217279093744100,2.3353643427477600,-1.423688946469870,0.3782632372135720,8.09574534259918,0.7431343959492890,1.196773326330430,0.38491577196420600
0.7945577977582000,0.8814089310243490,0.2095766950744880,0.2623507538954480,-1.6312023200402100,-0.8921377292619790,6.567058195836730,-7.366937351597400,6.370773355553780,4.341746684340670,-1.9293611460849300,-1.1880039444032100,0.007601356081535780,-2.494499125285110,-0.7728146635107760,11.095394285884700,0.684075380378303,0.9849265665552900,0.22783914186212000
0.6662742562262430,1.0771607347476000,0.3424564008524970,0.5213984026513180,-2.4696483936844700,-1.900559038714090,3.1650577096271900,-9.582777235761730,6.600370273838470,3.8018780537530400,-1.6940279853498800,-0.7525171753811330,1.2492755658309600,-1.5617112612876300,0.22021642840466000,7.826758109219370,0.8005418885107930,0.845762393860799,0.5843256061258820
0.7944332822861660,0.948691418309967,0.5062583700409120,0.6608851340632170,-1.9550275148765000,-1.5852849008913300,5.670171994125730,-8.77539264108722,6.36379457765625,5.309765465434930,-1.6565969864835000,-0.7961646171764140,-0.048564022603445100,-1.3719303348099900,-0.5666086254780370,7.74829815371109,0.7886029910668960,0.8676023908520950,0.09767443615371980
0.7501553704176390,0.9519926028103290,0.3573088704043390,0.3584809279592130,-2.0028265028243500,-1.646355353111750,4.386835329522610,-9.300263075091370,7.904529204858100,6.5598658562356000,-1.949717965051410,-0.8646170055206830,-0.6982255946234550,-1.978713492009530,-0.3939148625655790,8.588392700812130,0.5968570570833940,0.6876867165629560,0.33103955168694100
0.7998225824146150,0.8065537864975940,0.3989786096938920,0.49191545189195100,-2.041955891350970,-2.242559311038270,7.781766245835410,-8.613364208115040,6.566564700351440,3.501274345447250,-1.7700494749567400,-0.5049207546671090,-1.8040476619520100,-2.1299181591616600,0.14373632302314600,9.490645848674940,0.5393252241163190,0.6726742339360610,0.7543691462177810
0.6551326627221620,0.906312440668513,0.6674793516032290,0.44441001666634,-1.631340616703540,-1.427153299107880,6.455122442241010,-9.837264030067250,6.644040777252060,4.401264522874320,-1.9452253320254000,-0.9828184928467560,-0.2998944388413840,-1.3668063770726300,-0.26627592161319200,10.300988575498400,0.9184963915891130,0.663719834257614,0.8608740050249300
0.694655787471987,0.8413235610792300,0.45470627582416900,0.5597046731475100,-1.6111256765761000,-0.556387859998996,4.146742968236030,-4.153049451391420,7.109951132040980,3.688505923346890,-1.741575527099940,-1.2899131312472900,3.1464216428619100,-4.019972268257310,-0.21846743487822600,13.260113407857700,1.1001108963143300,0.6120868012355180,0.08384261373479930
0.598939189364523,0.9710637212346920,0.4803044908302550,0.46690923438608100,-2.415138657354820,-2.3612287872952800,4.505342634009500,-9.791749146988660,7.742716648696280,4.732747977212220,-1.9437618168685000,-0.5222244775797540,1.050425618569460,-2.251633673725440,-0.358512901734952,12.4160301405203,0.6731527118020520,0.6466543357395740,0.6721145075015720
0.5652748070037450,1.076307109704950,0.322858437521338,0.4252631034448340,-1.5466958225195600,-1.4434126352697300,4.32616003467735,-3.459496021605970,6.357347764670160,6.765309328502220,-1.9034320620014100,-1.2967572074281800,1.5259530326313800,-4.301186067660310,0.26345570407480500,13.237944612820700,0.3922553642451630,0.946051245777443,0.09232985319100030
0.7290462382554920,0.8788019916102500,0.5877760777120010,0.4141480534913670,-1.6031899449861000,-0.785559248801666,6.132624596853320,-1.9130172885047900,7.666127972321280,3.3879930967861500,-1.5014965594798200,-1.2677327306887500,0.8705715073277400,-4.099447923561590,-0.701478279938983,9.970466394003750,0.7943280594653370,0.8685653634233130,0.05714614149249960
0.6487425830980720,1.0693066655444200,0.5405770057004280,0.4131663805500130,-1.266325484761340,-2.291183398845930,2.766361749037820,-7.725032566570610,6.976396252727360,7.194085389970940,-1.6269236685983000,-0.6081081988084790,2.767712163809570,-2.2031594114383000,-0.4742814224134800,11.731461063122400,0.6315073182425320,0.9748784465958470,0.9253399834854410
0.5993004435132590,1.0566151684242800,0.32284837802271100,0.43298138092461000,-1.2958893887729800,-0.6420761053707840,2.1915696805825000,-9.174032525872760,7.132977267178850,4.918988725300950,-1.660377109213530,-1.3745215744343000,3.649211474574240,-2.166167911089010,-0.024349992112044900,12.786302598424000,0.7415943548873480,0.7175116043167430,0.7855598673464120
0.7833157819992980,0.8277988014192010,0.4150536386857610,0.5461233886680240,-0.3228423387908320,-1.0484295387227300,5.346460999038250,-5.263265236756570,6.306555757278500,6.690651010653790,-1.8181619413557400,-1.0970326035041700,2.6146670579779300,-3.515358940868590,0.08252022093499410,11.858632369167700,1.1880829685768300,0.8514117471425830,0.6024001857010720
0.716305067929615,0.9681925757550980,0.4035630791898980,0.5652138512481460,-1.080021845802970,-0.807770611339856,3.498824984931940,-7.37644255207097,6.719497579382230,7.578556858223120,-1.799354232877310,-1.5153049400786200,3.714003856719570,-2.1669393190080700,0.15160377896126400,7.824909330041500,0.33776492340669900,1.0171707105327400,0.5788445753372150
0.7190964424698520,0.9579821523358120,0.49282353707834300,0.6674038323440610,-1.4171265655616800,-0.4013205375480810,4.284312970922320,-3.5927044533373100,6.934197935400050,3.849820294448850,-1.4967018697634200,-1.3279375145121000,2.958798431298560,-3.8952572424189400,0.17948280470291400,9.83196254040286,1.146367027841180,0.8854486126062450,0.6889343567574930
0.6037647268145570,1.0324730074328900,0.39213726634914800,0.6396313033326650,-2.125254385928550,-0.7774063580178950,5.171307491680550,-8.923978188038310,7.516636117780910,3.257331512664220,-1.5987349036525300,-1.2768592711308200,0.6709034594941340,-2.7360415974358700,-0.2170652824265170,12.896743306025900,0.8172567748672470,1.032919263327520,0.5059134292370620
0.713540308810013,1.016154966049180,0.23796641661033600,0.6442092391070470,-1.3178542006817500,-1.7590582037339500,6.786086366295870,-6.783162196329890,6.783118467986560,2.685095668814660,-1.9336229541720600,-0.7845422404911290,-2.304456770473350,-2.7346488484635000,-0.26535993531745700,12.143895936088300,0.870161953610084,1.0596149959385400,0.8672722356871460
0.7646523849502870,0.9576771475855390,0.6002705262712220,0.3727362366361070,-1.7303370100509500,-2.2813349141890200,6.315063734007080,-4.078617814931110,7.717977470546020,6.169084902737530,-0.8445455161788060,-0.5770373747930290,0.000824946853709374,-2.8326376786145100,0.1460553969713590,8.93933599602988,1.093365140236630,1.1071307570483700,0.7134158124044610
0.647078748418698,0.8728659630275320,0.6851019197499130,0.652397119023051,-1.125928824199410,-1.5395754724992000,7.527763301057660,-6.244299083705440,6.843990419365370,4.702470651425370,-1.8348262334002400,-0.9352780289626960,-1.0150952121388000,-2.1156337652674700,0.004748450142592230,7.45648565130538,0.9809057307077610,0.6169361916643410,0.7065986154469360
0.6500935756056740,1.0002723416933800,0.36375529329732300,0.6656856364860150,-1.998961592405370,-2.319720866240710,6.708986860720040,-7.044636931007570,7.0858845798018500,5.945774120140920,-1.369273377135790,-0.5045215780542190,-2.0453113876873700,-2.4235755186794000,-0.8439241653831010,6.774065668097640,0.909369044229006,0.8962246528758160,0.7608645590534040
0.7251802684227330,1.0363365964915000,0.2421899670741550,0.5780359814032040,-1.3807368098633300,-1.1018526606623200,2.59414028942303,-8.740946914392620,7.217679397619860,5.638609923707960,-1.7869306344540600,-1.324956078029070,2.318190536965710,-2.2985342890233600,-0.9522581071434640,8.924254607467110,0.5001601986274420,0.727503657687545,0.382201706736071
0.7345556047706640,0.9777141921474140,0.3882819261089640,0.5235555035613040,-1.7895911099492200,-0.704464352799628,6.026149656656280,-8.620122240864180,7.795954059824970,7.903696753108890,-1.483356018344250,-1.26136974566652,-1.5606218264862800,-3.1420951053926100,-0.1302051797329750,13.288064560869900,0.8459395748134180,1.0521801666796300,0.5622966453265710
0.7139953174974230,1.0931502280416000,0.6048660723594490,0.362259302763434,-1.9981175216998100,-1.8063603013020700,3.9760470040457400,-6.492237116710510,6.910308438551760,7.589726981328650,-1.6788136324441200,-0.9900332474043430,1.847309052748860,-2.70521488440934,-0.08237030336767330,13.724669312905900,0.4331895626393670,1.0395923514347900,0.49556329603216600
0.47756995203125200,1.011238805962120,0.2131766739495410,0.37019089164049900,-2.4051424454838000,-1.1108290147964800,4.740943557771750,-6.384411176929640,6.257854813303110,2.7776755427287800,-0.8471400831851290,-1.2922844236454100,1.6346674599154200,-3.0364977201799300,-0.5478450836018270,10.611256031086500,0.7571471229018030,1.1561602856960000,0.33293721737367500
0.6457627780141970,0.8585045540236280,0.670035373180744,0.39224227197678200,-2.2628045254288800,-1.5494691926170800,3.2067367400023300,-7.1728041138031400,7.026546428538720,5.237091558679310,-1.7899805378211900,-1.306538360871730,6.084650023902910,-2.099654487043450,-0.6696064056795530,6.848546727955890,0.25084609262377400,0.9891129912069390,0.1700711561433850
0.7434623306278930,0.9624103481409300,0.43642414057004400,0.4220012822580490,-1.3257955812099500,-1.4571554670686800,4.787974900806430,-7.843941556162270,6.8943243692100200,5.128924434135550,-1.7784983014906400,-1.233272460433860,0.990085204730434,-1.8237400910117700,0.1932803413140720,9.798739198251440,0.33148403480583700,0.9248082577813780,0.5611911906778650
0.6965414983331740,0.920635978865879,0.45050843979211300,0.48943780555085100,-1.6374556893181500,-1.1676594969500700,5.98402595921411,-5.842945835981710,7.172332866583620,7.735853279319300,-1.9654933524462900,-1.0440117059866000,0.43519795267836800,-3.3740872878131800,0.06466885154054870,12.45531978437970,1.0191856788443800,0.7192320019046490,0.6421974647550570
0.7048518106621540,1.0126942289248000,0.6010446006083710,0.24144224118468400,-2.250623389847020,-1.9506323020723800,2.843918210826290,-6.193384450636710,6.698703588327650,7.927368743132400,-1.688060116441300,-1.0261714017214400,3.8595196566382200,-2.2193177829498100,-0.07935395868585550,10.906600601485100,0.32922681854267700,1.1547286966715400,0.13215992718691900
0.6336371740151930,1.0034837332218300,0.52014464933987,0.2909780137691150,-1.7758042423457500,-2.140129874921100,6.039623921268330,-4.585258096656420,7.416988077868230,4.602403989563650,-1.657852153409860,-0.6745759297269800,-0.9416213844611300,-4.083832334990880,0.049975754682495200,7.817272035858180,0.6406483278593460,0.9119972528159570,0.8525594594086350
0.7596075979569740,0.7815750122852310,0.3840518054435490,0.223628817351254,-2.281378447371640,-1.042813835403230,8.347536384748750,-8.661905779334390,7.534059335383200,7.39890414791208,-1.8396302422147900,-1.1316736004444100,-0.9357181154753950,-1.7316519166392500,-0.10524434542491700,12.988834975866000,0.634492194588598,0.8418910204914360,0.7469708653539940
0.6799076838272070,0.913579952640871,0.3707286114427540,0.6610377841079580,-0.4179001529677150,-0.4600932932948940,4.325396486966310,-8.0704962018064,6.675273199551380,2.7361338019527100,-1.4996379245381900,-1.465020535762100,2.195867744783760,-2.099117903571410,-0.3661529846636000,9.780284429470180,1.1710395438247900,1.1919402238935000,0.6969458167301640
0.6485959435547290,0.9925583390837020,0.3329538126118690,0.5311249041159850,-2.230040213637730,-1.2937326935580000,5.956822575962220,-2.498066592153330,6.821822347319430,7.28324839031465,-1.6728955173507100,-1.036400629302730,-0.8921343287035860,-3.9585684041502500,0.06321447180598260,13.357586889220400,0.9609308394742510,0.9508397651432980,0.13763844491323900
0.7336847758700810,0.9101084231276730,0.6801983588923090,0.5055622068848840,-2.1408905511146200,-2.3419963734990500,3.414450899120130,-7.82082333288916,6.110504711090140,5.9880807455306,-1.6250753654313300,-0.9687996296338730,5.67232924848482,-1.9014086229988200,-0.5197249351669940,12.432587691037600,0.24946300022305600,1.0584457671732000,0.5643693946153810
0.7886715152947700,0.8304608548695560,0.3984647688478490,0.4365285712324790,-2.168899020669850,-0.8375713968277940,6.9802055915347200,-10.9659204251538,7.016742912689340,3.4386738671835100,-1.8467508812229000,-1.165554071788660,-0.16076632827170400,-1.667831185883770,-0.2529163681223460,8.644512794204460,0.5956202110883560,1.0846500133874200,0.8928408556427680
0.799943984262018,1.0208348536404600,0.41451201949842,0.2818019658341920,-1.1832549956888500,-0.808198596470471,3.2706297068673200,-7.454331367419230,6.772808247679080,4.516109160217710,-1.9017266665186200,-1.1398418566927000,2.7511291480631300,-2.0846888077654200,0.2709889119440060,7.74342850017582,0.9729649678500800,1.1670731544806200,0.41339023142320800
0.7363672525141790,0.9269847881869040,0.4600616905000060,0.29224967815289000,-2.108277922530110,-1.6530051013419100,8.503358914828060,-4.826206691244590,6.94332192475983,2.9324975778737000,-1.6883431597899700,-0.8588976613699240,-3.7817598254701700,-3.2319445096072100,0.010694060731273200,12.413264346354200,0.7888747214170000,0.744898782022292,0.6061714716969100
0.6349937343362930,0.794362574925595,0.5615091419788480,0.3008672170708640,-2.4360365207455400,-0.4901334293829120,4.6644829438749800,-5.5828128436027900,7.128200104384270,2.0896539077563400,-1.6863580908850400,-1.6307984198630300,4.482678412497060,-3.3241521763110400,-0.20972494010879900,8.29029385077942,0.35592888043708400,0.7745808143783020,0.40817532936782200
0.7660895802775540,0.8709434967858,0.539984057435208,0.6014743290900610,-2.2463110923235300,-1.784570759652730,3.4251804505554100,-8.41285994513784,7.251414296888800,4.5429976793444900,-1.4152430239816400,-0.7705266552987170,5.274388587815910,-1.7613365504944100,-0.810900817002052,10.94455792680650,0.7125071743098760,0.5938932634587930,0.40205823922327400
0.7842564675069500,0.8099733063667440,0.5467341103537770,0.2103584619436760,-2.101283838906620,-1.5286921875922000,8.022060499789780,-5.983033419057470,6.772639356665950,7.912329536450810,-1.7118555848052,-0.8936695561966640,-0.8547588894745390,-3.0781100225644300,-0.4942076924191840,12.39088261953040,0.4929974547331640,1.1350021021818200,0.26730397376603200
0.6816058867173550,0.9697789860837920,0.3221988765496460,0.5088503587985380,-1.5696724333197900,-1.0812907793248100,4.791492139606470,-6.137072167888210,6.664601727684490,6.058031608135420,-1.8108327691677200,-1.1373006537484100,0.14177526933331700,-3.080712538837060,-0.12433383076814000,11.08296819519610,0.9586726048381440,0.7477947099052770,0.37155140196394300
0.7269003693983790,1.0549580554193600,0.4457315961933060,0.6848471999585510,-1.8423006812231600,-1.5533350805008800,3.27271781238455,-8.360289463426050,6.370657786186280,5.448741289364200,-1.6223046172118800,-1.249937553030450,2.8962846822541900,-2.1076695481597200,0.12280300906694500,7.01703539595323,0.3284636841800680,1.003091913660080,0.8276741028995840
0.7199726595187640,0.9119088081091540,0.4634162971306910,0.238425222507623,-0.8934813552680940,-0.3292527119814120,3.5549516093537100,-7.417492519534550,6.381815873293720,7.790374778814920,-1.9821864129887800,-1.3796760993670400,3.9888876601668200,-2.880926813674350,-0.5650017816509850,9.71868972751356,0.8500382408221030,0.9840701541953990,0.7857847851949710
0.7252542329316330,0.9657907092931320,0.6304469535810530,0.47422684052759800,-2.172715655807580,-1.715510716995600,5.268076941721820,-8.950166274923610,7.859240005702400,6.146554540250000,-1.5925275379776200,-0.8287457486714110,-0.26351780804176500,-1.0676867406058500,-0.7784290170942740,13.36012502839060,0.7099900511114840,0.9251190306556110,0.0767758998877558
0.7530055612588670,1.0546487440188400,0.3228713124478750,0.48060190917867800,-2.272143546517880,-1.7746709953067200,5.732284286674440,-8.47652783293714,6.7713412908156600,6.785815119598780,-1.0161964270646100,-0.9705683200599470,-1.313802241479920,-2.378535000856290,-0.0513674645534791,9.714154662811160,0.5566080999729760,1.0228600017852900,0.47511417663237700
0.6943111858063940,0.8507031131381420,0.42640308618335700,0.28792054377544900,-2.0212538616155300,-1.358776861599360,6.054172334026290,-7.988859920329400,6.190243923371060,6.558489437016720,-1.885071468198180,-0.9295160659024310,-0.019351038559567200,-2.419237132958250,-0.29402900100558800,13.82957436142600,1.1309222072333900,0.5159409888945140,0.9524654194509940
0.700379452034222,0.7121695973044640,0.4293019771571800,0.6889903376557850,-1.6787193540625000,-0.16028287677451800,2.9243872392568300,-8.786577910911750,6.537756048285690,6.127931099110960,-1.9238268851775200,-1.3848269501276300,7.7601732872370800,-2.177652383347380,-0.05458154239776860,13.950626750391300,0.567912401255339,0.913612314245057,0.5406314090594590
0.5647685705568950,1.0821478345938100,0.542604299761426,0.6368321077575670,-2.115769326599940,-0.6294367995380140,4.406134139944880,-9.429503872125890,6.215868167374690,6.257555069687420,-1.7421292647790000,-1.354874154583080,1.286129938399190,-2.059304085278600,-0.3364200358350170,13.039243713692200,0.9145824746513640,0.911373107884714,0.8168637984056580
0.515632622543993,0.8385896829151490,0.41639811094235700,0.38784429157678100,-2.350391943727420,-1.128324333514160,5.474204982224340,-9.396286510007820,7.62226099288912,3.6212062057675600,-1.6713134561042400,-1.1162575233855600,-0.6921055979181530,-1.1739922063931300,0.20068239139372900,10.98557738438720,1.197623960288080,0.5808126613088420,0.8870850311759900
0.6380593674861250,0.8238726432965400,0.6543854543179870,0.6067778933717930,-2.0384270895789800,-0.8659191230662900,3.88342801881607,-6.720043713071750,7.825363261685650,5.486512696895840,-1.8050631313096800,-1.464378173840800,5.305318898364010,-1.9801398835103900,-0.16961090396983400,7.150727465222660,0.31784961338780200,0.9426536042920440,0.6967861586716450
0.6125788252670730,0.900846832780232,0.5759960418822610,0.32469890207963800,-2.4601238412384100,-2.2784346866171700,7.220712694880960,-7.856674644230750,6.881881580456310,3.709819006336020,-1.6901453462078100,-0.5297985628315410,-2.331438292172360,-1.6522392560005100,-0.3304095578073290,9.256519326284440,0.9431203532137950,0.6702870549049880,0.8177018540255050
0.6455702162442380,0.9034015267416030,0.22037157811459000,0.279054092637697,-1.9523044820412200,-0.6273401682574430,7.114206756562550,-3.0473228751872700,7.123370730972520,7.211609841603000,-1.1564128574113100,-1.3602790514774400,-0.19463225048911700,-4.239473794364500,-0.09565846194578140,7.514466266752690,1.037274703642370,0.9519906643432070,0.8023694492119960
0.6405658254885880,0.7682881452497020,0.2618779976632330,0.33970195159473200,-1.8651468557746400,-1.7389478213333000,9.305864882645450,-3.144481581152280,7.522606780912800,4.482481231406750,-1.8717160545040400,-0.8582753017553630,-2.619885541059820,-4.711070893417920,-0.054662284464597900,12.490200257356200,0.6416764088696410,0.7863448290456330,0.4044314419192910
0.7041231176889120,0.9511085287426840,0.4534358892750690,0.6005893259464400,-1.3823367318306600,-1.3414768914696600,7.020896799597660,-10.267832750516300,7.769092222524060,4.644474587549920,-1.8887112968077300,-0.927412466862831,-1.5004769898361900,-1.4905177112775400,-0.3713969341989690,12.319823565522600,1.0852789053484800,1.001975699448600,0.45641347233458100
0.7176136430977710,0.9902617781531460,0.3940424972116750,0.37944593414708300,-2.0616662320693300,-1.521750548975380,5.181239965902850,-7.168523736906650,6.047430229073440,4.744758166718810,-1.6419012552482600,-0.8478358362417230,-1.3316999910308300,-2.2619237265272100,-0.20808115001103400,6.250739266115910,0.8690039942358890,0.8530760932451840,0.8103378378004610
0.5516691037040380,1.0163468781873000,0.5599506453309570,0.5120070612134830,-1.5328027536929900,-2.1416341341729700,5.54917645358696,-6.672629206463010,6.147953782461300,3.776791683961690,-1.1783560335941400,-0.6604237787013810,0.902400383522803,-2.3699287802781100,-0.4927294825280520,9.455716719718860,0.9887331464396320,1.1644022407723500,0.7496687606488290
0.7449707755779630,1.0501362740453500,0.6299197273577640,0.24025174882073400,-1.0332543535417400,-0.899943516868408,2.935988309396860,-5.385744945857690,7.332718585659520,7.930628416154880,-1.453635683608910,-1.2538548183684600,3.7133238001509700,-3.1997855363497500,-0.5150364335224910,7.949305491749690,0.598669427542502,1.1835965159251300,0.7217891373431180
0.6914530044330290,1.0066404701570600,0.5446877384910380,0.27953788008065400,-1.9600909326831400,-2.1913247822199400,5.53566497025504,-9.644115802195520,7.943625914476970,7.368948925873990,-1.9549620081049100,-0.5315244015929140,-0.315914407277538,-1.8028451330833300,-0.4805244247645860,9.881542465390940,0.8095973559993250,0.9480857612758550,0.8648056149919430
0.6983307449612430,0.9370984900188660,0.6221755556284270,0.6294305559802230,-2.4430123320624600,-2.119075863076780,7.768119038448360,-8.839102729689930,6.2908587404867000,5.691460018478190,-1.8463992258297400,-0.6589613367966960,-1.9173221595668500,-3.637493658085760,0.22762039426441200,9.784642490265210,0.5778090950118210,1.0541007299036400,0.2014830967748780
0.7400192395795490,0.9604120872477480,0.21591789943460900,0.24670414957301900,-1.884851118488410,-0.9670576736060420,4.826493794507850,-5.683512811392500,6.546573400127290,4.66684286068596,-1.8306806000327500,-1.1116683186887300,-0.4879334092494810,-3.5135409837488400,0.2167295359599960,10.21838999862530,0.8749088022343940,0.6487265140645940,0.5291973351955770
0.6601435113903520,1.0650972364896900,0.5610780541834890,0.40605240724660400,-2.4977632370100500,-1.1963872700054400,2.8042131399214500,-10.6080350745708,6.659557271249940,4.277502926144760,-1.4428440437749500,-1.3424184074426300,2.124041031593830,-1.0530121454266900,-0.3112041123932070,10.782331767323800,0.4575664238748000,0.716126881834969,0.5761809548271080
0.7651780271959490,0.8387139149032830,0.6887724872052110,0.4426537422880450,-1.7727759181125900,-2.230567620663220,7.530224668859370,-6.043108035158970,7.074363018081390,7.5109171357441100,-1.8988070540656900,-0.5277012321899230,-1.2304064547264800,-2.3912874907355300,-0.45488072847054500,13.576751412894900,0.5898056503873270,0.750801877152614,0.4616374081629560
0.6807505725386390,1.0312952999341500,0.46786360934727000,0.5352682655664600,-2.290725894855650,-1.6185892166875900,3.0388272998772300,-9.10593428991184,6.579924922193630,7.043387412068770,-1.0324069515502700,-0.8875879670239290,1.3718912113535300,-1.3411829306306600,-0.010516181095893000,6.662090894226340,1.0952596235163900,0.662317532314202,0.14923303013511900
0.7635438693185330,0.9365920055283420,0.5609113094571500,0.4521138675686100,-2.0475770940172300,-2.4095020587675700,3.856797995962630,-6.40695295261134,7.056906677391400,2.581909030484930,-1.243380405807270,-0.5402870609558620,4.217947270901180,-3.2446377239546100,-0.0910492905610003,7.758177794183270,0.4927451083271080,1.1622490341937000,0.6065469458005440
0.7899811056097900,1.091246140074740,0.4650297113790700,0.4084092198247270,-0.6851361259289580,-1.6783305539859800,4.266563639828400,-9.563904441216520,6.56573680468591,2.9790991395959700,-1.7354984927510900,-0.9268381106868860,0.17972671026271800,-1.210668689229960,0.012994247935846800,9.732483067281080,0.631357115548576,1.1428809123340500,0.5790886441540540
0.7854759403233140,0.8423210591621270,0.5004346777679780,0.2335062346909330,-1.2185734805032900,-0.8811118008960440,5.307775557275230,-8.533113019729440,6.229507863891340,2.938593970747100,-1.6737529599323400,-1.376808857133650,1.9170443913709700,-2.739968840953460,-0.1429133816648780,12.629360703443200,0.37092907414381000,0.699210376423663,0.8628617479390730
0.7475196279693450,1.0237625603003800,0.6156804966051600,0.2682785904149550,-1.4821870840674600,-2.1795100047850200,4.910933006309740,-4.09979216524459,6.558500008394820,4.531977875065770,-1.647322329272860,-0.742911324379628,0.7875164361679610,-3.546182687732500,0.04023346574506840,10.16230081947030,0.49093041075532900,1.1714658613439200,0.6321756702048610
0.45033532726087900,0.9558606332712380,0.5455060609428610,0.4032865487959560,-2.0614615890961700,-1.4977731183145500,7.6552411982907800,-8.265357299338740,6.439466535639220,3.617340045964060,-1.7387295939017800,-1.0746978287104100,-1.2400851332122500,-2.372018613381180,0.21249415431211100,9.364516848921580,0.6601724263356440,1.0353881501748700,0.7254724080129200
0.7039858712831270,0.9732768092939230,0.4652842696422440,0.5718355429709180,-2.265681248470800,-2.1417532211931300,5.278999470518470,-7.8369565968871800,7.194570030966170,4.24790391216337,-1.282546605168940,-0.6462218214938980,-0.5484620079962330,-2.7499870812118500,-0.32494142562123100,12.826221461141300,0.7478639501182420,0.7375643443938160,0.9798639392056820
0.6752992488108240,0.9104019664437130,0.5589765996213270,0.45671257548657000,-1.3613035845508700,-0.9293574173473010,4.261977428701290,-7.776582587149320,6.2602633776522200,5.926537707676700,-1.4310416070900000,-1.199220648532000,1.4859072309714900,-2.117180844197820,-0.04767403246648630,12.717742123088600,1.1627020603271700,0.5050970011661950,0.5910175184349280
0.7065567882301750,0.8373037619202590,0.5243990861310050,0.2126504249510190,-1.9942516140402200,-1.261003140840860,9.457620953517140,-6.205944246965320,6.8484310307956400,3.0180408073031700,-1.255735481512330,-1.1581450084618500,-3.9221476510418800,-2.6952835887420100,-0.2541068870706350,8.330425041002690,0.6546830004258470,1.1795392226817400,0.05464077416221310
0.7894487546104770,0.8161570009554950,0.4871996234106020,0.3530423634133380,-2.4683228881371500,-0.2336416119781320,3.2251052153172000,-10.028540292892900,7.347202225410850,5.751036598041220,-1.686167132143840,-1.4122633393774100,5.700313302579850,-2.6731539859464900,-0.3613243014059640,9.166704031800250,0.524564658822915,0.700821068408569,0.7978370245032320
0.7960604979817850,1.0476210581987200,0.43189194713335500,0.6626723478283850,-2.0124015501084200,-1.9934756293179600,3.9948772586575600,-3.6972174144090900,6.672130387016370,5.3553540390088400,-1.609436509301880,-0.5996595188278000,0.945814746572121,-3.591516982434030,-0.10547320506179900,12.68741043892420,1.1388328851340400,0.7009987034227490,0.645914371629971
0.7207246596554020,1.0343427862223700,0.33564912821957700,0.39544192015753700,-1.959715932714830,-1.446628001464320,4.675133013375660,-4.331264524280460,6.747535822212100,5.95258277709456,-1.507335955962550,-0.9625023581318320,-0.10089059156882800,-3.1477124246040500,-0.6296505511563040,7.346231720492890,0.8577305800641680,1.1730182060550200,0.7025500597945100
0.7660936980492450,1.0660202839291600,0.46348989285833600,0.3726797988385710,-1.934536239404160,-1.0176529420445200,3.417918101245640,-8.001299548318320,6.544634245655230,5.371394149042330,-1.9381600270072200,-1.2979582811443600,3.154011514874280,-2.4045494810690600,-0.12984428983115500,8.379888620067760,0.3826697555794960,1.0002549471073200,0.5075373241499360
0.7155481917430170,0.927114737636758,0.3909852082936480,0.49418703775043900,-2.3131541775789000,-2.480667406136910,4.418484142391600,-7.339643691859220,6.136038325067310,2.0824602624306000,-1.6841559081602600,-0.6813302979728730,2.24577513595837,-2.471207680799360,0.06806842291421360,8.614376610725710,0.3196590440378220,0.8187774497602770,0.5487952840255190
0.6949055259740700,1.075802966713970,0.3301017353600460,0.664818102637166,-1.2929376932281200,-1.8036976176328400,3.001577935536910,-2.4329769938985300,6.361834420100630,3.019985014452110,-1.7468108676903700,-0.7388976277649860,-0.3918058135233020,-2.362137868156260,0.36183463870638900,11.87668539686160,0.8610914710668430,1.076531618068090,0.7473720128857430
0.6841606423457190,0.8138736903874950,0.628912057038112,0.4607802816212710,-1.0628109957371500,-0.19649399980083800,4.657915473266940,-4.349844530867870,7.957568752899140,2.256319161544900,-1.9753518027495100,-1.403687347289320,4.149394977710130,-3.2429369047527500,0.35586316145958700,11.481340084277100,0.9746086983910900,0.9152716685523120,0.5623461189506570
0.6355667437925950,0.973439782795827,0.4878362985243750,0.28729618729014700,-1.6650759675582000,-1.0953702695154600,6.543501769725240,-8.136466530884860,6.220486845097850,4.96218444238377,-1.7874348378705900,-1.0768125540367900,-0.04779662210256540,-1.9792299313877000,-0.17859798814762800,8.541404457134580,0.8405754249414370,1.0553122486119000,0.5586201171617090
0.7256137026150940,1.0078205778201100,0.35980397868846800,0.604277368112377,-2.265161057759660,-2.102775211404770,6.064281128576500,-3.5283711705626700,7.338267268683240,5.574316642748680,-1.6328314798924700,-0.5646749565980730,-0.21667010764005900,-4.165808916983530,0.12975988484842100,13.444856740891100,0.745249512655851,1.0721267079721300,0.8097531975368480
0.6963752472393250,0.8514361356821270,0.5018530900472820,0.476195021662742,-2.4889424911581200,-1.7705563993874900,8.016790515685220,-8.255873300746600,6.0485827697275800,3.711582215872840,-1.136848315934750,-1.0367038460979800,-1.8828428146131700,-2.313347643087800,0.04000364599828560,12.592910283618900,0.42907064304016000,0.9008375791325380,0.5478377031838030
0.5661952702668580,0.9603947386035490,0.47090825370507300,0.441877996798519,-1.9550854848807300,-1.3008613548738500,6.67381444953467,-4.456809523282840,6.43450538034288,3.319972257310450,-1.4529527194250400,-1.0764605118731900,-1.2892718299810400,-3.6796677630589600,0.3899090712359880,6.53233159337382,0.8402937597969170,0.7861240281171020,0.3912892770588790
0.7912708873072720,0.8844978218918770,0.410370654973009,0.5522787221660160,-2.3451022274671000,-2.34507306109216,5.733944192677220,-10.464863649854900,7.32463833262517,5.312293028836680,-1.077706636515690,-0.547782460111754,1.781291610458230,-1.1021573089851100,-0.9054009070974160,10.559468693025000,0.5042527859950710,0.9641694458681040,0.2603660355062190
0.6922738379131920,0.9485114780537320,0.655057916556352,0.6899443860544120,-0.7407052590313380,-1.7540987923798200,4.120555274300680,-5.251105065941200,7.3318263651631800,7.472771811169180,-1.7953476723988900,-0.7678436322143920,3.0036663371132000,-2.7934631051067800,-0.22943199505020200,12.437156682706100,1.148366937952380,0.5448933543776170,0.1678191162319490
0.7828481845070360,0.7358235778305640,0.6070403934064050,0.5387361237209430,-1.4680220372517500,-2.081830494126100,8.479835542638450,-6.903062551460500,7.453724845004580,3.7727027527235900,-1.8073737971309900,-0.6530649775639700,-0.4235901147172010,-2.639450291570350,-0.13689040306649800,8.526286235280440,0.5433706512633090,1.1250001075450700,0.2517728324678260
0.6221539616906110,0.931841391413953,0.35799512815533200,0.22196393960130500,-1.1679852743256200,-1.646929892910430,8.154369819928350,-4.430126291403270,6.577841118138240,7.311201565867250,-1.6175249062749400,-0.8615248478526180,-3.4785924477975600,-4.061866991347680,0.25176544849744000,6.914172896513780,0.9063362775848140,1.080365831992520,0.7548820038718440
0.742715748616659,0.8842791923468920,0.40234448200872200,0.4457444196261210,-1.9111849941918200,-1.0247226781312000,7.196769399221900,-5.109607171433550,6.024476048759750,4.321823778886450,-1.843340503701360,-1.2403689698829400,-1.2451478146664900,-3.324686925885050,-0.41159763824178100,6.812513025333280,0.6392166860991680,0.8514831153356160,0.12556571255289300
0.744851201118456,1.0383268561461800,0.5421987947063800,0.6052868316434130,-2.220651613792370,-1.7937237588326200,4.876580740944660,-6.39214942165805,7.411717954656860,4.271776312995690,-1.4986681490813600,-0.6963995043750860,-2.1273787849074000,-1.6790829297746900,0.06822196928417120,10.466856118487100,1.1071910463581900,0.9254697430640910,0.08740263451242970
0.7001391182173160,0.8180217539949270,0.6189682394274400,0.3404488042257710,-1.09912874492569,-1.8920553591102700,5.277548370186780,-9.780748844815100,6.960406543336160,7.667434469014030,-1.9605779035051600,-0.6491573111152070,2.5401996422825300,-1.5026745837980000,-0.8160040290889240,11.123005992317300,0.9672502570856700,0.6721058161093800,0.9126808732596420
0.7283530753639650,0.754260311001415,0.655140703698104,0.4709638366318880,-1.440779652599750,-0.436382701000205,4.77043938463421,-7.2692466796018100,6.569939063135170,4.46455064785509,-1.5813016296767400,-1.590594875865420,4.76655163744369,-2.5443766037979300,-0.08928092912795320,9.715789246193110,0.4316178955629690,1.101030977969790,0.42864393418257600
0.5598516591536320,0.9646151878130120,0.5586419711063590,0.6866492687488490,-1.5531274969947700,-0.6580125159635730,6.289764877994180,-7.773899984144420,6.817294311738950,5.461331653805030,-1.3755038833493000,-1.4531379183532300,0.030155967662980300,-1.2965277840208900,0.39514518371346100,13.917283513941300,0.7438500920744180,1.1860992845802200,0.3352208368998630
0.6986681875975850,1.0908497550093900,0.26560776046668600,0.4920872814343600,-2.056471205640160,-1.6935749525199800,4.306773737566310,-7.287752354607010,7.463275856767110,6.215124461209850,-1.108209725978880,-1.1796239348832000,-0.5234363460040600,-2.476644954724500,-0.39963946329273000,8.623277727364020,0.4569996936254330,1.1251406999356800,0.2440650337483580
0.7603558778183250,0.9164562778341890,0.6054873738821190,0.352337960643898,-1.986083962403590,-2.2921041977320000,4.865455738278660,-4.09638780136867,6.782858815961810,5.621993274565070,-1.2440836682885700,-0.6666115179463180,2.7398572060260600,-3.1836084834637000,0.08162753732876920,7.258310083219400,0.4816873734996490,0.9599820055312450,0.9997738744594790
0.6356367870131270,1.0149732411052400,0.4238364054801700,0.45062390292259200,-1.1783521607836300,-1.251452688357830,6.666586253872810,-10.330602213899200,6.9646158293458000,3.3845794188648100,-1.9244323079132500,-1.0443761510679600,-2.1592650465014200,-1.6643596717638800,0.17274435793510200,9.897919789062780,1.1012040274544300,0.8116207583586160,0.6058154198788640
0.7469349655128850,1.018056935596410,0.25082385090522900,0.24158471248769900,-2.1338805933215900,-0.8286374398765520,3.9264363931521,-6.837462410278670,6.104102081339210,5.820011702114680,-1.8055211843873800,-1.1715365304286200,2.4888719278880700,-3.025919720463070,-0.2195677198512870,10.159989086998900,0.8410807575824640,0.8991661103475050,0.9063365381393220
0.6136118764998200,0.9105410801950140,0.4935238613084020,0.2710811692207610,-2.3449044966328500,-1.9968972704519400,4.6574337103331200,-9.310426840273010,7.710891965375600,7.790912797231920,-1.8737314056239700,-0.6993044136009000,2.1519384967887900,-1.8279286371257100,-0.039372120067044000,6.803690447651530,0.7980760902868070,0.6539355383626790,0.27818188409022400
0.6801940880485490,0.9729180378531000,0.6742745273929310,0.2815192985559340,-2.397167137732590,-1.885653474671630,8.603073773076250,-4.72209339384682,6.397575425028160,7.8422439473869100,-1.251986784387960,-0.7018655812377020,-3.6506427549228500,-2.465262425946160,0.13367502120127200,9.725734039700950,1.0726046679244100,1.1732665418455600,0.6359452988005200
0.6892316959446850,1.0183120449505800,0.36277075155179100,0.49278682598478700,-1.6349101872903600,-1.0149599849724100,5.877125666451860,-8.052246874359700,7.7410433512075000,5.2568806914914000,-1.5770683897048700,-1.203883913850590,-1.2715396794382200,-3.612027401046370,-0.751622460867621,11.09096183756240,0.7550611409158410,0.9462318826367450,0.6487916566021310
0.6634599763324700,0.9249165604844620,0.2925404929435120,0.40128697718231300,-2.1700369086086500,-2.028699935943060,7.930342520656000,-7.751876468541000,6.1343483027222300,5.246387088554390,-1.447262269489800,-0.6848830971406330,-3.0723595426681400,-2.5958238772198800,-0.11667691937866000,12.824091370842200,0.7204792949530710,0.9274022214029070,0.39803597039546600
0.6010548717307150,0.9595643214111130,0.6881567240807930,0.3678368412127890,-1.5242276738163600,-0.6908386928704870,5.925401493604020,-9.106516310396850,6.5722811222949600,5.453413874621910,-1.6978944073441100,-1.3136838644638000,0.2707672948436640,-2.355408088161600,-0.188946295010528,12.20077648949900,0.8415089137026340,1.0112315087478000,0.9574719062044830
0.6957855698406240,0.9863555399122150,0.37347230868061400,0.4124427096023270,-1.835902023152100,-1.1265988967265800,5.711474009474110,-9.234095365442050,6.304474207900370,3.9484548341537400,-1.7574245164668500,-1.1534964081665900,0.23150411594299800,-1.9010601628866800,-0.3955967844685880,12.287545700224700,0.5937374288034000,1.184281120011480,0.6733314473284530
0.740638125857964,1.0288809062410300,0.6271048812687760,0.2230874313881630,-2.0762819123737100,-1.0647546647872000,2.484775266518400,-7.558082074930840,6.691341327908830,6.810771199459030,-1.774535503761060,-1.6000203034116800,4.849839198636420,-2.7531589392491900,0.09902679193321020,11.942288745878000,0.2095087013549600,0.9035577517542800,0.41484810133683100
0.5846400115544540,1.0938064136952400,0.25990069725864100,0.629132643318633,-0.9665653385966770,-1.1332764696936600,4.388314108357540,-4.478407944918150,6.55345803943223,4.417616843978760,-1.3624760172660100,-1.2794956695414600,0.41408995661862800,-3.651421683116490,-0.20683915675836800,12.89063134957230,0.9049187827330870,0.9696646669649480,0.8006116012856170
0.730744003350736,1.0239750329416900,0.4125752710273270,0.3688488527786380,-1.4565493277572600,-0.6490460440248730,3.761240995367000,-8.658608112442500,7.502367547501060,5.319597708122650,-1.618289249739830,-1.3072924970481800,0.52393713816043,-1.2758857826557000,-0.29504514232320000,11.873709713915400,0.8606436099736010,1.1610831569215400,0.8416056682546770
0.7468787079338630,0.9512592239015020,0.5731005104014220,0.39187798663036700,-0.7945925294817400,-2.125138037518500,3.4425973766574000,-6.702443015081490,6.956159327812580,4.773227932362070,-1.5482974942778200,-0.5360157809296430,4.149172733319100,-3.0738371147602800,0.14373124808979100,13.516408221689800,1.1312398254313500,0.8580683308777740,0.2433664204760460
0.7394980716949120,1.0215238039801600,0.4433061805293870,0.5513876539275650,-1.758305562060000,-1.1254549740986700,2.9954300824482200,-6.095611628178020,6.440471750604780,2.741099525688130,-1.6478777858643500,-1.4153442006420100,3.244893666022260,-2.576592093972360,0.20579120433701100,13.728083239860400,0.35471128231475200,0.9051187465762830,0.3651684770892720
0.6237617334758540,0.9724272491093740,0.36410106256812400,0.4872530336884550,-1.8044504156362400,-1.8733452168876700,5.473356831536370,-9.974634349685950,7.692846466084410,2.5779493236117500,-1.5509822136313200,-0.8242963113790290,-0.6475923565531180,-1.367131367244770,-0.14289189403416600,7.422714237370950,0.6913117911343950,1.0053453769223700,0.4025939575777710
0.7136243848897820,0.9403939337046060,0.5940990984590450,0.5830528059283700,-1.9888650418819300,-2.068477012738930,2.0199905963611100,-6.684763996020260,6.947679070798720,5.179535148392320,-1.8069444563981400,-0.8300848839019000,6.864001846311370,-2.7650407372581700,-0.10911451613931500,8.555490956930810,0.3657137801050290,0.6409902205174260,0.5209716447450440
0.7871268131413470,1.0574402589453600,0.4298603866119160,0.5726247447126450,-1.4019339420644600,-2.1282631193722200,4.177398367519850,-5.146804469044890,6.324941004644970,2.377441316095520,-0.9860767938875690,-0.6471750509361410,2.186373076235720,-3.243864496953610,0.10374892364515500,10.110476593283600,1.0086304006999400,1.1448753878463500,0.9950768358903820
0.515929102725682,1.0985729277041700,0.6098439114003730,0.3593870630950390,-1.9211724753359200,-0.6508846114319390,2.856679325085920,-9.421539466620860,6.409535753612260,7.490519981616060,-1.724926785641990,-1.4525666322398800,2.482447942444170,-1.5722936321643700,0.2054187187694460,10.579725146434300,0.5730063467800760,1.0143211135782300,0.06140120379896050
0.5952921180537330,1.0153761129061400,0.5400849190239670,0.3124908774303450,-2.0771725235382500,-1.3686308686540900,3.5482777679871800,-7.643673272331680,7.3964107026463000,7.891248800173160,-1.6636290866166000,-0.9900502108838090,0.42165229127468300,-2.3712394369091100,-0.9359628654850210,7.452413560739200,1.124689801171250,0.6473527297784270,0.0970789825809685
0.7854843104521820,1.0071156954556300,0.4316779031479800,0.5277335222220210,-2.4463773305035700,-0.8448802113606310,2.6896399086655000,-9.1986552747247,6.472836821291290,6.415098055985600,-0.8774597093508760,-1.295362775132190,3.0227449146831000,-1.7622189956864800,0.1826308375897190,9.110880029867170,0.8056145894620480,0.8553853921305090,0.9754878472680730
0.7763727844483410,1.047019796218940,0.46462637817272900,0.6785303106098110,-1.2379474849549900,-1.785528930444570,5.459638365252410,-8.656943443818430,6.503570523565750,6.685022943876170,-1.9332211922607800,-0.7678260090678940,-1.7490165977448700,-1.6326340775222600,-0.6167203926942520,11.134302783856200,0.7766991881689350,1.0230626238187700,0.6295610301065010
0.5800388701346740,0.9108025177192550,0.3847279372475520,0.5625728087972070,-1.5719734523616100,-2.1534169852832700,2.622611133408650,-2.533011045354570,7.725189816266130,4.580797297025800,-1.8155231231337100,-0.6151314900596430,6.03611887627884,-4.568159891276150,-0.3728130951214900,9.442283352041510,0.8410347134925050,0.6630567734267120,0.08176320338574010
0.616929048980808,0.997184442881935,0.5096707965810500,0.5257438637324400,-1.5712364558769600,-0.9747506739251740,5.088228201744500,-2.6585793028228800,6.9742618310301,2.1255124841043900,-1.8462960156140700,-1.1543491216009900,-1.4120819741095000,-2.7908270039205200,-0.24456383807219100,10.772485288663900,1.0387461309013300,0.9790146372507260,0.29436861542133300
0.7339409789155550,0.9263053580131300,0.5725091179708660,0.6221995540998970,-1.7035842611874400,-0.5626007383048760,2.818632102754280,-6.655650460588310,7.493479863270140,3.8843569021774400,-1.8981047304182200,-1.2893346795465900,3.21112361087413,-2.813330502894530,0.16223491435788600,7.957483963101490,0.7117211351082120,0.623060869131951,0.37265914436764800
0.6113189909126760,0.7349463834793000,0.5730633746634930,0.27177996962784000,-2.1609806193329600,-2.1760854992663700,6.1315542791493300,-10.204127444102700,6.917029534058140,3.223790668224850,-1.511686238211540,-0.6642437279809350,3.0120435058436200,-1.957328185605400,-0.7556842153934740,11.218933012601900,0.6126626597723950,0.827292368944154,0.2767038188285740
0.7457655447920080,1.065332043693540,0.537021589807762,0.26280549504043300,-1.3361606720145400,-1.5744262052698600,5.362204712264210,-8.171399137809290,7.1289873578851700,3.176096438269570,-1.1054041016968700,-1.0162221114274600,0.0017921475483415600,-1.7884936581882100,-0.655192514751848,12.564419262397100,0.9506227056079100,0.9343652654881500,0.40983517057047600
0.7207570875572660,1.0560880674685500,0.4511988676458840,0.39187722497396800,-2.1483405958207900,-0.8007997160370910,2.774069939694480,-8.004387960907720,7.16104004704312,4.233510907189880,-1.259008953901190,-1.2884218351504800,3.407726054329930,-2.300606425023540,-0.5373613951575340,8.33735767537323,0.7213373496031250,0.7742768526688740,0.4916320036630460
0.7217279646564170,0.8524082561934130,0.37585341779643400,0.5507075895259960,-1.2732568525092300,-1.3481781450949000,7.2771115820064100,-6.852815145905640,6.344652158685590,5.099066269789100,-1.8664449672521500,-1.3280498617461000,0.21903755647272800,-3.2752064029041500,-0.6163593773721190,6.107447412438110,0.3471064588982940,1.1151854360633200,0.18197288753418100
0.6353466432820190,1.062483157381880,0.2734801862700020,0.3183372587898120,-1.7201847931567200,-1.5652277344549900,3.9411006415472200,-0.5228668195067530,7.506195683628340,6.2428910482181000,-1.6433924610165400,-0.9473779559211040,-1.5636386984652100,-2.776343171159940,-0.3030495540120890,7.960118633996350,0.8660681853120490,0.907033734633677,0.6536538314887010
0.5225589974377490,0.9385075432044370,0.5757745650795340,0.5059329588704350,-2.2099786585842200,-2.0262381998030500,4.414869545336090,-8.361902887710010,6.6617345217670500,3.1217593501872000,-1.4547640627962200,-0.7173082527651770,0.5289948889864450,-1.9524496750495500,-0.3008717244791870,10.022824055435700,0.9759102510287580,0.6198050973751850,0.87580656714377
0.6489182117338200,0.9003670809298500,0.46512234232948400,0.3597626196098120,-1.9502116155317200,-1.3126321306828500,5.736538105908710,-8.126881394566240,6.621848476006640,4.051350827894630,-1.2171373528114900,-1.2877947457602300,0.3409222372391130,-2.3526485022129200,-0.11126418999247800,12.206716564161300,0.5402117382955220,0.7063065702202090,0.9344765075679760
0.7939457395251530,0.9491548423095320,0.6068303731454880,0.35189597638533000,-1.3412495325634400,-1.3243837045521300,6.033195196383330,-6.887011490903100,7.011199397241930,7.25456010599213,-1.6883197130168800,-1.0402734499471700,-0.2199372556883320,-1.7553718905848600,-0.21013047602121900,10.46529109937040,0.6071766414952110,1.0239541722134500,0.6936864900240100
0.554753617221002,0.8149127343806790,0.23093956034695400,0.33456411609312900,-1.0569675857012700,-2.15094356751502,8.251081853558340,-5.454920488494000,7.168081387077370,5.18414341521967,-1.912601531334660,-0.7680613562167810,-1.5445166321074300,-3.73612382825679,-0.4969294649625470,11.127273705327000,0.515856061854057,0.9179154113754770,0.4312917981766610
0.7311216311544640,1.0290181665086400,0.3597625513055170,0.5566230081864020,-0.6136187673007160,-1.1037889268118200,4.4615228811120100,-7.56373790614863,7.020696741907460,4.511772991514030,-1.838448218661070,-1.1388206041428500,-0.7057392286474230,-2.142955400397490,-0.7173660221210100,9.191814308941810,0.9022772587520540,0.8723685948593780,0.5209230095122860
0.7673153351073360,0.6522517337976910,0.539649867530094,0.39784779042654700,-1.0987094248482700,-0.7144001464714990,4.548290537424140,-10.16915816232800,7.576031609951650,6.330671033564600,-1.7863855564021100,-1.4658110249302300,5.544817782323370,-2.00676548759549,-0.9264827303621290,13.76215396681060,0.27367941744516100,1.0118050584531200,0.7542660278550870
0.44415409756936400,0.8078490289213600,0.3183298267214700,0.22389472662363300,-2.4490778272355800,-2.335676173146840,9.695857802985670,-4.849218911916260,6.121401330867960,6.923800171515530,-1.8078131720349400,-0.5497392224025860,-3.1014723517239400,-3.4055711564101200,-0.2164498272915620,6.1923900359914800,0.8542742411158500,1.1537453820157600,0.36777651194442600
0.7119645273381570,0.7583761425883800,0.4327950304399930,0.3850726679089250,-2.051247968451210,-1.1895050714506600,5.813455506496380,-6.855075474986620,6.747336892268830,6.412474908111110,-1.9597015328713200,-1.0979081927133400,2.806691601237170,-2.9869256171404700,-0.6622085208905670,13.37089821829450,0.7152568674012630,0.4954180497824380,0.10381778163744800
0.7741263254429550,0.8798783720323540,0.536388331214718,0.3671451991301700,-1.7498240946723500,-1.7096388847329400,5.034434153670240,-4.421664813429780,6.981403019842180,4.788900898642010,-1.699330171210840,-1.0888631382019100,2.341591687346580,-3.452846433810120,-0.49144600582615700,13.65176232983730,0.345596412688711,0.9457799854198800,0.3597577848315040
0.787474801813629,0.9711308401984220,0.5169700885881100,0.30276880824350800,-2.3593837759970100,-1.0040006365432300,2.669685359427510,-8.309797936377150,7.759327908866880,5.712415974765080,-1.0221688500416100,-1.207298040213050,2.219206351201900,-2.2324513294224700,-0.12877617487191700,11.95529552624240,0.6853771064458690,0.6421318603268320,0.41280595135269300
0.6707653087409200,0.9998723456082360,0.28431612802693500,0.6265568860614130,-1.847023474134980,-1.2074923819861800,4.788626331891990,-5.196617094943680,7.793974713220550,5.246101570462070,-1.4174344808716800,-1.1018741625524700,-0.11411259881871700,-3.2293312169933300,-0.693849678040915,6.328391554218530,0.8404179594468070,0.8963479856332310,0.34204828574415300
0.6864616447018010,0.9579462722490520,0.5123494540702130,0.4578615608227660,-1.7200296675941700,-1.4132443725903900,7.728198382669740,-6.556845543893410,6.978046001963940,4.503715093129040,-1.792752881679120,-0.9844367889825800,-2.6676657889517500,-2.402433178483520,-0.5293856651636820,10.814180508758800,0.6573902552761710,0.8416862443602340,0.2957550083994360
0.6910393976886100,1.0064676691777600,0.631661966887067,0.3413812970313930,-1.7022103917172700,-1.7420617612974100,5.563922544586040,-4.259645316662850,6.598306089632990,5.137899317233530,-1.5305154885751500,-0.9632939898345010,-0.21225009083623400,-3.442132216017580,0.15536422524487900,12.427898859327200,0.6351436309640160,0.8524881134558390,0.6472833963343660
0.6725853447557330,0.9202391860503950,0.6484727495092500,0.6729618520299490,-1.6458321053790900,-1.604500364929770,8.354029303426050,-7.272036831763600,6.70687772569223,2.6046386904297800,-1.8450525874018100,-0.8693476327802090,-3.1058375334816300,-2.9121382621984600,0.33128616583566300,8.45554628408601,0.7397778992129180,1.0715002921773700,0.7717166999953270
0.6325723350282610,0.9819389772367300,0.2600805304788760,0.4380809848361300,-1.6427922320284200,-0.7248877680232910,5.53994438657849,-10.489206739242200,7.657187969714540,3.496911106588730,-1.934313322587220,-1.302584922245110,0.10174937782090900,-1.574966167826610,-0.9614751177086590,12.07293160819910,0.8723200554499700,0.8617987457302170,0.9797863122646880
0.758839009644978,0.931588239229354,0.6874937807536450,0.2222588742137040,-1.8794643880722100,-1.9043667983667900,4.84803581124403,-4.061522785731750,7.3981202112608800,5.359975287623670,-1.772752560233570,-0.6415138694269820,-1.039917441425920,-5.086069645875450,0.15129068042140000,9.378639451085260,1.0297152790814300,0.665571497273302,0.40679253175962700
0.7093533754338810,0.89334664199079,0.587977038197362,0.3735030405215380,-1.3699830695227600,-0.9900010351449070,7.848056841290650,-9.416731610998530,7.59992041820749,5.88491144325718,-1.7067096984690200,-1.18540645739991,-2.9240332082105900,-1.6459330837441400,-0.05977751172007680,13.684482066448000,0.8938364596321230,0.7540132069124100,0.5580428020754310
0.7246158979442130,0.8666065644927090,0.5984700239442420,0.2874683805813320,-2.4013993410512900,-1.6733026025793400,6.366645853471230,-8.11620171913862,7.3444293106184200,2.8954357270442100,-1.6937256598362000,-0.7387640926289010,-0.33616822919676600,-1.4623712503500200,-0.5972187740720840,8.412588557600580,1.0879372704241700,0.8168410104520510,0.6856342698456120
0.7608326932926720,1.0552505620237600,0.46620110438774500,0.6331250319011990,-2.240400832756320,-0.8821441545679050,4.420271723219000,-8.047255121632510,7.3225065636354300,6.836139053109220,-1.947467029293860,-1.177227356851800,0.25700824658470400,-2.572867901203610,-0.22403318151652900,9.310175021404120,0.9395346459587350,1.0383273468540700,0.2735183190313090
0.6985445654724310,1.071533058919080,0.46754506599436200,0.27941926162623200,-1.3260001894007400,-2.004271507324290,5.001581941867550,-4.803083685267350,6.096565251419910,7.844305430812690,-1.4584097239061700,-0.669663837393033,-1.1541202711195300,-3.6102129361507100,0.16608253005722800,6.436560844641910,1.082251928039030,1.15719126153426,0.3827447393503850
0.5665002266378660,1.0349049949877000,0.49059368315811300,0.2537287493122540,-0.9891273766677750,-1.4353190994271900,5.831666919285120,-7.152483327724430,6.82299449429588,2.2067146471543500,-1.711156572163480,-1.2043436117604400,0.07883796526430990,-2.362122095519060,-0.1279819788527290,12.410680668142500,0.49581599049700900,1.1623719777687900,0.6507367988863190
0.6939898682615410,0.9045738769395420,0.6203939513330910,0.6625460949916300,-1.1775735718550200,-0.8016676701395870,3.5587377688637200,-5.589105218254890,6.604938046129110,2.6099837974687100,-1.932636012924160,-1.6577463240388100,3.7695141479277200,-2.9971842854204700,0.2468574225669030,7.881908033699000,0.29711343208190800,1.1675925488817300,0.2875446183792070
0.7081747523513150,0.9266111173467240,0.5103269862931530,0.60643838477364,-1.178795210905470,-1.0012743281219000,7.664382260934350,-6.7584609496648000,7.903091516966510,3.3247458775155200,-1.6409615328352700,-1.229110362747150,-1.344335012182660,-2.9720964785353300,-0.5793590981430530,12.419004343345200,0.6484962725267950,1.1772380417819800,0.20507111565065800
0.6867805052859660,0.9821981128646820,0.685200385137777,0.6837116002980960,-2.2341031715893600,-1.6059746871442300,3.7103049402139500,-7.230656519682670,6.981921829961450,6.038528412478400,-1.6966501145163000,-1.4471951113433700,2.9040907248271900,-2.653070183320060,-0.7361754997049330,12.06590193160210,0.19963711596922600,0.8035487622839670,0.3573952376993090
0.7898705730065120,0.9941014821440160,0.25923592416747300,0.4949161876917470,-1.6095434802247900,-0.5520843770897190,2.8321979376035100,-3.690322406144850,7.305670692399270,5.18408406492062,-1.5896891873295700,-1.427263213996100,4.061856209898210,-3.702417419483280,-0.9301883183980210,8.141789369940100,0.5452191676630120,0.8034591527746510,0.31349971800426700
0.6490497848406390,0.8329226732704070,0.5972172690339460,0.2713111683241220,-2.3924934982971900,-0.634825650118416,6.8324557497499500,-9.096136988717380,6.392702780104820,5.169320647129940,-1.29438375203104,-1.3052690730501400,0.4987915655708150,-1.837811009512400,-0.6932937051456240,7.743705920805680,1.0660985711052800,0.5118261991784640,0.3510240192696170
0.7340909801249850,1.0142009488878800,0.35732360893184600,0.3051980367625770,-1.908248889806730,-1.9435008588432900,2.1538310093588000,-9.59597921631872,6.9154395680781800,3.359127980467390,-1.6587313534689000,-0.6468579870455160,3.906948919536400,-1.8813025700485800,0.3941694585051950,9.509194291778960,0.7741941279116210,0.6340803098214070,0.5502147991114220
0.7384893154343220,1.0356138423503900,0.35116735256254700,0.6607080033677160,-1.51585887984497,-1.5198925522046000,4.3111784617795000,-4.705064304730910,7.898549433556210,3.0054622263031400,-1.221608466656790,-1.0778176692893200,1.148856401266420,-3.7212953360102900,-0.14519302521693700,12.662040037223900,0.6291318368638290,1.0199908199143000,0.8985196986148560
0.7792144450629300,0.9619788230381710,0.5491053759911600,0.5641858347033500,-1.4537104334209000,-1.5846249392457200,4.878680647524470,-2.3072153731446800,7.152626293355380,4.610094638384030,-1.5908558855419800,-0.7981022385275270,-0.215967411592634,-3.098869733481690,-0.09206400247501090,7.724718386822830,1.177653597344160,0.80147975946964,0.419666799303129
0.657475779341464,1.0119781987497200,0.6724527829363880,0.5570894772829140,-2.113398937045370,-1.5512307255105100,4.868924784973280,-6.761833768038660,6.293348919850320,2.196541984911010,-1.530976546149740,-0.9304123372453740,0.35148165639952700,-3.423663422941240,-0.3593601909804730,13.299842552583200,0.6434442832803090,0.8769697212100900,0.1929017935993420
0.685669107847138,1.0586183053751300,0.6047056636063940,0.5285055770572750,-2.3642100600894100,-1.4565438614769600,4.540860392716300,-4.28012898725265,6.217651572396770,4.649437151666080,-1.853023102746590,-1.1001283435265300,-0.7508583065505080,-3.2908642272053700,-0.2787629480274420,11.499705973013700,0.5154211746260160,1.010899086968920,0.5207827782194680
0.5950362509499620,1.0266548414688700,0.5116197667164150,0.5088350773377870,-0.7561661550511200,-2.1394772398863400,6.431238085541180,-9.45479461505077,7.33369231396519,2.3366221741187700,-1.9709215789698400,-0.7107529146553660,-1.9660715484522400,-1.379745944209190,0.07899405715015700,11.98739229041130,0.5597176043385110,1.0955173713756400,0.1958610857566730
0.5615777049915190,1.069340219584540,0.6387052918167100,0.6282229702065720,-2.2227086109624300,-1.4774088683031100,4.552909444670610,-6.0404739878557500,7.144641192413520,6.829860078546800,-1.4766597631064400,-0.912596238255611,0.5134894740582550,-2.891224268630770,0.1897813068617960,7.008777755757110,1.0505192370579800,1.0640163900224100,0.9137619159787490
0.7683594762658180,1.0852422996888200,0.6012951622552700,0.6955576804629550,-1.102698264048880,-1.6499947267038100,4.4515737330200000,-9.759761341729070,6.823439122704430,6.631353742523570,-1.2543110596774400,-0.8682950336416670,0.3294937164411570,-1.2878734656320300,-0.8384813508488730,11.57494556970970,1.1949977914693,1.0206852008590000,0.39661980957059900
0.7690348937050590,1.063188257696500,0.5708978919066110,0.641741089579916,-1.4727669284825400,-2.044875529123620,3.7721062085584800,-6.31968285978628,6.897190517779780,3.8680776502383700,-1.2141916971830400,-0.61644313843523,2.7237178987426600,-2.7432650212524800,-0.16753217383833100,10.427628775750200,0.8625928756446050,0.9916513883678490,0.3139138511318330
0.6550399517856580,1.0403772588282700,0.3372063154878230,0.38922302479080500,-2.0915701367858000,-1.5500270815596500,4.784975148053410,-9.39802714932199,6.282391050835490,6.209541452214930,-1.6441780867975200,-1.0644222201257200,1.9345193644393300,-1.852601395815030,-0.7424727239940570,13.9782282751706,0.5259140048454540,0.8159000565723510,0.476881944030365
0.744750444290813,1.0436914491510500,0.5602003863886650,0.6777025377335650,-1.7337820283939000,-0.958056068180012,4.495738679967140,-7.928524118349840,7.674795396650250,5.368580687319100,-1.854716540928610,-1.1963853152558000,0.43921557119896000,-2.360143193231030,-0.05996564748487200,12.762741348458200,0.6677615379599100,0.9865905100912240,0.8521948767199290
0.7375038984979840,0.7990681050529070,0.5259412075702810,0.36342932982756400,-2.3611556083644800,-1.989730105631840,8.781246838465650,-10.718421465560300,7.5938230060983400,3.7564300599568200,-1.0434359235665400,-0.7589484390221160,-2.3284783345263400,-1.1186780190633700,-0.2372279979950870,8.86993835565451,0.5882468102523220,0.6867300422911850,0.27643013313928800
0.6603860502584010,1.0502469190605900,0.6162181187833630,0.44932714439573500,-2.1066527769880700,-1.6541944610363300,4.3178884104044400,-9.297403168282650,6.488669940036870,5.137120546702670,-1.8401402999062600,-1.1867916300779700,1.800568387373350,-1.4820227129402000,-0.31050208004071700,9.066144323711540,0.3195033258816300,1.0944458585094800,0.7424009390859020
0.7000123772343360,1.069905401044830,0.31834381519227900,0.3472099279901830,-1.9063983481008200,-2.0774272638249700,4.575642062855230,-8.39622109096495,7.541572569147620,7.838499182226840,-1.67421733525722,-0.5705129339054380,0.8683063302232810,-2.1925981808937000,-0.1390237908153290,8.35381993847885,0.7419433214587550,1.016455785141140,0.9376748314700960
0.693041192752796,0.996573337671241,0.3690770785623490,0.33932701074435900,-2.0204541941931500,-1.438316140292880,5.318939727866510,-4.000824449187030,7.891079446985820,6.00450772876244,-1.4194015469523300,-0.9687456661066040,-0.14286331718061900,-3.109269142487810,-0.7615334588890350,6.634154057895630,0.7631439589583370,1.14609451420868,0.1788742685478120
0.7007083174104430,0.9729280936745570,0.27516263423637500,0.30184052193094900,-1.229403504732790,-1.9732306922473000,6.664297928017550,-8.834421508036880,7.617470117904370,5.51423061920204,-1.754233384453790,-0.6781446346242390,-1.8089119038696800,-1.8861092247823500,-0.13679232042892000,7.063573568747810,0.7819897019165830,1.1053568421959000,0.33204622634612000
0.6806904177761240,1.0286911285809800,0.3062626764197610,0.206656926006098,-0.8162102833608840,-1.0214778418871900,6.079413230513780,-1.7756118730805900,7.898415405519770,3.46498880844437,-1.6788520759568900,-1.3683619285248200,-0.49110793292832200,-4.375137748773240,-0.3360577406439890,13.287204428338800,0.618261781321296,1.1384019426082200,0.46718201466102100
0.6504461472065180,0.9934541621532060,0.6212059745344120,0.4757819983698950,-1.7821236438251100,-0.465944525894209,3.0825021730320000,-5.136611553686890,7.775329052329800,2.589979989985110,-1.1370758429082000,-1.4247439094545500,3.7579596353581200,-2.8848282579560100,-0.21033984817777500,7.703716580828090,0.9458172737050680,1.1540329383549100,0.3649802046668040
0.7408802822262790,1.0873471219620600,0.5292572874011970,0.45499446343501900,-1.3658119815613500,-1.2275962730827900,4.9352823559893200,-5.541610068478750,6.123137446423700,7.163994494093780,-1.5217495892171700,-1.0516922455264700,-0.37410198475511900,-3.725312277383970,0.09250388895227770,9.539213260616970,0.784887525716507,1.0562049164889000,0.9463299391660990
0.5264542533417230,0.9611858512562230,0.4499919759380910,0.49183627563288100,-1.4989334386160100,-2.013001351824070,5.216560605944790,-6.966174005520970,7.590028228430220,5.494066340317220,-1.950214684271250,-0.6955807876027310,1.5619960279391400,-2.9769628715483800,-0.8223481811980620,13.004459171351000,0.7682278446316790,0.8995596259151780,0.3399446116729690
0.7263298612607650,0.8130468745173480,0.47865728526880800,0.5187836846756440,-1.7214015917158900,-0.871344577084,7.203533336720690,-8.433126125039960,7.6275355343789100,3.222159803388560,-1.6175981803151000,-1.2299500989780100,0.03670086340499920,-2.1344405824828300,0.308735574845026,7.421879003609270,0.716144979147757,1.0521513099498000,0.4852778366920440
0.5348986103978530,1.065370598191600,0.5523305165056760,0.3471566667391850,-1.4000839405912100,-0.7096560592595490,2.2994176241475800,-8.005406292698150,7.5834075858389900,6.024442016138150,-1.9485049988324400,-1.323366826788750,3.6968952719081900,-1.5030966074425100,-0.005894427042741350,10.513821101310400,0.8479484471217390,0.82495720033061,0.8783769605924890
0.6821708990886830,1.0737452062118200,0.49437368950677900,0.6004818898708780,-1.9588675524812400,-1.287214839895870,3.9871634854949900,-3.286742224489320,6.723185615486070,2.8299284628838800,-1.89155986776388,-1.0526060893928100,0.025115143189053600,-2.8062060534255000,0.18844697447351500,11.74135328849740,0.7449888043556970,1.0217469169644100,0.35977843475457400
0.7901374616061980,0.97607988106195,0.45141665752449500,0.6829023557297180,-1.6346739658155100,-1.8197076906920200,4.549302750995790,-8.020485918191060,7.005870260337660,2.2663927792778600,-1.5600403051713600,-0.8146574400932320,1.1987568374782100,-2.1127056587050400,-0.42386224911218800,8.857144243218020,0.579326270318918,1.052816633737280,0.8362159843342430
0.6721653856798310,1.0054761101837400,0.4714175837868500,0.4277900948714000,-0.4734886290423160,-0.39674079398299300,2.489715000918590,-4.45230597299191,7.66476354221257,6.4264738376665900,-1.9928311301820300,-1.4534355905143700,4.829080209468870,-4.118063082348590,-0.5141098481296710,9.307836266275460,0.6122940188912830,0.9419740114272480,0.5577933603320420
0.7765719517633350,1.039440735780340,0.45873568594482300,0.36199291061370200,-1.1731254876183500,-0.8424388716489170,5.245275982377040,-8.849971428166200,6.418485638783800,3.2932096285756300,-1.6298971446398700,-1.2831127236541400,0.06124134400298290,-1.784899347791060,-0.10823846312468600,10.765405867791200,0.7521554659990040,0.8818328784143200,0.9192082316478150
0.7367754846713640,1.0031638443466600,0.5920919141418510,0.2497374581049370,-1.6431060000539500,-0.9252521230361620,3.0395297740070300,-9.159353181249560,7.61421170753616,6.5328612660263900,-1.9739561994550400,-1.2546345839393200,2.7589827493749900,-2.0853931597312900,-0.8828429101581280,12.82337817197120,0.49642110162799900,0.8792253976419460,0.45372549665085200
0.6874821321609030,0.8743807421232560,0.6239152148677310,0.4453047985366100,-2.2108258230814100,-1.4025585251033100,4.554330757691640,-2.8183884961661500,7.506585607747590,7.890123955837010,-1.8178371924578200,-0.8967425822348430,-1.6774243795554500,-2.067058904646220,0.29046960754278400,13.11485752898570,1.0946104453441700,0.6603527939890990,0.6162867637334780
0.6593491716273910,0.7117138135466200,0.3753926115173340,0.33585759236740000,-2.269752153700760,-1.7793779910737800,9.657115891391800,-4.2191084155351000,7.861484573415400,2.287617556154270,-1.5666730006317000,-0.8396123128105500,-1.6195795455704700,-4.230512618867620,-0.05785445266835970,7.135238076444230,0.618961774300966,0.7649511928389250,0.29608355345683700
0.7504725176834760,0.9339246557522970,0.6323707723657620,0.3029967162093900,-1.178843480080970,-0.8975190051434890,4.3113668427658800,-3.2425958940805600,6.818798925878430,4.755746184189580,-1.6354228350908100,-1.3530775177939800,3.9105706857815800,-3.8821054663125500,0.18156303300668300,8.516641517431980,0.4813909457745950,0.9473303794106770,0.5585012624849160
0.6498289493782780,0.777349992738905,0.538796120912566,0.6397104467081570,-2.0860721020960700,-1.8259135353122000,5.860909373941520,-8.413840417759490,6.975478474915610,2.795681633145610,-1.8731372372299600,-0.8432970647076220,1.1125722443672200,-2.140147757284190,-0.345751612604801,9.73892298729097,0.625086874567219,0.5552498090412990,0.7066462220984820
0.7811678425589160,0.9631257440924070,0.48092186923956600,0.45001177836321700,-2.029491852629580,-2.280346056870980,6.472338172742260,-6.877295507289130,6.6471290097006000,7.722036324787810,-1.5680903095484900,-0.6279913635366300,-1.387056970056900,-2.7300926270320900,-0.13170034822338100,10.787249579730000,0.43766424620504100,0.8283326119734760,0.7503438656313250
0.7792881043338330,0.5693006900941210,0.6256032876727660,0.34381802363664100,-1.526240460257780,-0.8910837361962020,5.985348622380660,-3.4844905647192600,6.643400930535420,4.177558895135010,-1.8775257853081400,-1.4179134193081600,4.013149795014170,-4.071488428081790,-0.005872412440154350,7.243688048469820,0.3529730411098700,0.7904266770511160,0.8134465897989080
0.63355514845541,0.8292443222734280,0.6090396295940380,0.5393499730821980,-2.2134334721283400,-2.4281292924427500,5.128202905039680,-6.133416660871590,7.199761777456850,2.7581978878482000,-0.972882864584734,-0.5421606385118680,3.1737803947079400,-2.541094178473700,0.3895167186487700,12.835409269594300,0.6911391188766850,1.0950316155288100,0.7650656300898000
0.7950215699645790,0.9624595812856950,0.4579256254146790,0.6363195035111360,-1.5654314218062000,-0.6320478107165030,4.396285642945290,-8.511125443031160,7.733048268461940,2.997720976842350,-1.0236482138910200,-1.349862874655410,2.776245723244440,-1.9502564845037500,-0.4525546148782370,7.777784440256170,0.8220499652892480,1.1689730487264600,0.7124943652149650
0.6471887065079930,0.8997826640009790,0.2960067039560790,0.34911945166539800,-0.7123892406539000,-1.0016574565791900,7.741701482779490,-6.129285589511190,7.2111102357984,7.604858625340860,-1.735850204080890,-1.2304395854982000,-1.433542776544800,-3.4953356074920500,-0.7749945443789000,13.308380997582900,0.9038166865983500,0.7278159399875960,0.36519914798776900
0.7650959665226860,0.8873694937157020,0.38236261207193000,0.3598375322577020,-2.093898116761630,-1.936558408368860,6.689876862381210,-7.861902514070820,7.0343886934759300,3.2986862979071000,-1.0530772083658900,-0.6251678385392770,0.017631685361994700,-2.347529318951080,-0.8282569377660660,10.184881140296300,1.1326257851306200,0.8697389238989670,0.32927393249270600
0.7521216135891840,0.8683587058448290,0.565875109492339,0.4042514570610470,-1.2539303266189600,-0.9040042275268920,4.638880874577780,-10.21961267469070,6.559264613183550,3.8997016216298200,-1.7496625104457700,-1.3252731649033500,3.1939367008439300,-1.1221627739740800,-0.12359420166311600,8.750642362857250,0.39510237280624100,0.7706050435668870,0.7837903652816960
0.6451151926882740,1.0327357389330800,0.6745295245563750,0.5810084816792750,-2.1540640014613600,-0.5625398560396890,4.327628721292150,-5.043649185905150,7.234139385937360,4.8277274686736100,-1.4217972087150100,-1.3305191359897400,0.2654368159778480,-2.908603082180700,-0.006147053700308410,8.344720923428450,1.1967646172949300,0.968191789660226,0.8411418201783510
0.6210730773555970,0.8758981316834300,0.46967419835179300,0.5313714519285680,-2.033688132078350,-1.612033352563420,4.28202330981863,-6.403889563712910,6.622094212375880,3.3998267755453000,-1.455331957828870,-0.85435490468934,2.4508232322065800,-3.837325752180060,-0.6455843003330670,8.999875801167750,1.098993053002730,0.5757479888727120,0.07815613570269340
0.7334911610124980,0.8816267373630670,0.6089772871109750,0.2609181635965870,-1.8636751402390600,-2.022452381175720,8.321054024267320,-6.293440397097890,7.12957057814809,2.9626603139455200,-1.7683248470582400,-0.6759802305103760,-3.0663849832967400,-3.07887393939079,0.36331344850322600,13.481282036544700,0.6257943818274560,0.9492804251998130,0.5648500334675840
0.7666810290868030,1.0474081378193800,0.47493767541572200,0.45084376634421000,-1.9814637809044600,-1.984227977976000,5.363886606065140,-6.9008397654222400,6.332730062937790,2.833143281972450,-1.4037905853258300,-0.6603086015771870,-0.9371953491694500,-2.4642121584974400,0.19797317065597000,8.655722606764140,0.953490784159201,0.9190358789878960,0.8887775565479610
0.769777284679496,0.8490398869349800,0.5308764143144360,0.668069230893089,-2.2021373109326200,-0.9292684032053080,6.226633615002560,-4.125964095481410,7.616743320040510,6.679345054764730,-1.632121728862090,-1.312661160632080,1.2009601937430900,-4.19727144976985,-0.7351567702440570,6.442545531128090,0.4312109952280480,0.8505836455123960,0.2183867205995420
0.7048892103473270,1.0036715756150200,0.47635514395055800,0.40712767681933100,-1.7836138897894000,-2.1482439197727200,2.2303687078924600,-8.462664177440390,7.345979540547110,6.707242954492650,-1.570395388897290,-0.5572221949998900,3.611736272822680,-2.401141317861910,-0.7821130667966490,13.88082065358910,0.8347665367531590,0.6638614768616670,0.3459019810076240
0.6814837603543000,0.9560305606807610,0.6009549230933920,0.2596491660394430,-1.6696774549495600,-1.095648405019920,4.706220498669600,-8.560038289672930,6.97837862527673,7.468376680545710,-1.82193698249649,-1.3113713258034900,1.6791950313706200,-1.8031252215607900,0.2656050101681390,7.625970828479710,0.45859884034473000,1.1963740952499900,0.4449793012582550
0.7785402939898430,0.9790995566625700,0.5783723775759800,0.5957130434031040,-1.4264998596257400,-2.203003162341160,6.70822843033939,-8.033537447932390,6.565113961121330,6.3679820728059,-1.2310865709299000,-0.5655005503883130,-1.277818190323990,-1.8749074153241400,-0.13858708162885400,13.583426600130400,0.999249101846396,0.973971084966376,0.44058846958009800
0.5374528688933820,0.9600216765731160,0.37203681244986500,0.266917295133723,-1.4814858950716900,-1.2492962305250700,5.849464654093580,-8.768029948392670,6.253306996879010,6.686119945982750,-1.872820869011920,-1.1572161042632400,-1.218762624773710,-2.100780401329360,-0.22372574675924000,10.953584426236100,0.8590211343980760,0.7521160073897830,0.8861354224142610
0.6014391071415650,0.944808804296259,0.5353493275910680,0.4557293361779070,-1.9470563548920200,-1.1274577992927700,4.89074500165747,-9.635991098113040,6.947545395574320,6.3604490244914700,-1.6473543932101800,-1.1330881498167000,0.465500408052655,-1.5634179460042700,0.13166373093456200,7.594113115628270,1.0978980557803400,0.7214988369222150,0.13698387125650800
0.7902276820866190,0.8357464595249250,0.48233227310808700,0.2688424766551230,-2.3205367376099200,-2.036379807236960,6.063356191936280,-8.45373345779701,6.458137910324750,3.503719908328630,-1.8563949494311300,-0.9972673601594980,0.4011586239325570,-2.2760634029444600,-0.09040733557697350,13.76680965293600,0.271821555285441,0.6051396518574,0.5874335145577590
0.7059331701174400,0.9253128450842960,0.4586383525595440,0.3078023650650990,-1.953544604393610,-1.7308503958904400,7.271270322469690,-6.861786104761080,6.555639588349690,2.7334097206217900,-1.2460966983500600,-0.8636458729781190,-0.706398114584114,-2.7445605536057400,-0.40819464650525500,7.761012036835440,0.7249542269834110,1.0933463699040500,0.47373268474757900
0.7392775671654140,0.9031031793644160,0.33288398361297300,0.40119662680978000,-2.33987489886444,-1.1703928984517200,5.62052515596946,-9.822956531992930,7.589304284372450,7.538241680648270,-1.6555047149040400,-1.0764005817942200,-1.0176331529339300,-1.5044871487070500,-0.898767668045729,13.961879027169400,1.050038564618190,0.7088451068990540,0.23999329049427600
0.5065459321515330,1.0025404615303700,0.4129523237288010,0.44886093054150800,-1.9982877642437500,-1.5665173874701100,7.2331006588390600,-1.6452102210907700,6.073939855735420,7.6703053764856000,-1.6989472689866200,-0.946679710782232,-2.765015375987170,-3.3904442152371600,-0.5883784690221750,9.672685749446670,0.9109003924574710,1.1812346559470300,0.6640946455337660
0.7542180152059660,0.8186060750609960,0.5314818345604660,0.2919512382346200,-2.4459951869113900,-1.1587287381755200,7.004672956498140,-6.896275379270380,6.390212482576530,5.950866182595070,-1.6228333768098100,-1.033986684321230,-1.9804840296756300,-3.373220384147140,0.010861257303554500,12.009159559880100,1.0830366605029300,0.5556477474683570,0.6507029380685200
0.6108820893600150,1.062911514103580,0.29939819535148600,0.285053121447409,-1.2806195419015200,-2.137005472061270,5.099339317586400,-2.7016724176764100,7.498381439727760,4.056992007134790,-1.5817614054092700,-0.6290914644114390,0.2978265123448170,-3.9942123806152300,0.3002870653139910,9.203816351374080,1.00642741602605,1.1768230846065800,0.8761056229546260
0.7568886097270560,1.025496942563230,0.4381622992441150,0.5292296096038290,-2.079057469844520,-2.4064139915629200,3.8725417162486600,-7.950192016555300,7.765374349460190,3.2329524636980200,-1.7524430677715700,-0.5289034262386310,2.1189062112029300,-1.6292455485628500,-0.11658137983717200,12.79275803269500,0.36719514853750400,1.1331633619546100,0.48508037707830100
0.7794182614096420,0.9354959636573040,0.427611683214891,0.42636420225508400,-1.8143888487646700,-1.309773773622490,5.712107697977390,-10.056827919304200,6.298695755049600,4.821525869813620,-1.628188471727950,-0.9652884081178270,-1.6098004168026300,-2.627357037308310,0.027144705383571800,11.959142206143500,1.0720798119648400,0.71349226675331,0.4159881439453690
0.5960364804018700,0.8021319658114830,0.5399919518893940,0.4996352427906740,-1.6111768238377500,-0.17063314671258900,3.712773655303150,-3.903076961753430,7.3973819517493900,6.520639561274260,-1.8198496581520500,-1.4932420052527700,5.98393832252161,-3.810460044683890,-0.32101920338824200,6.594516489129360,0.6707776973622770,0.923002966921982,0.635858746363975
0.7698618848689900,0.7889867173020110,0.4690504933474880,0.5805406485956890,-1.597856454933150,-0.5480124818995420,4.1118668523629100,-9.01706316458586,6.9416416785537900,7.296835269899990,-1.9490045985164700,-1.2638898645845400,2.8206445278630200,-1.5117528436666600,-0.7954418049936090,7.978878052668740,1.030105556158830,0.4297086132960100,0.4697012250255140
0.7976335941648840,0.8875578858867130,0.5694879343388700,0.5549086038720220,-1.2129662902280200,-2.618422588959280,5.458197707409310,-4.255717391338460,7.256775973388350,3.977578162392360,-1.8468804348841200,-0.515663364815627,2.671389351164050,-3.672607087118910,-0.4587001003787070,13.898861756865400,0.4022730584188810,0.9252271535596280,0.6246981329403110
0.7123719355006950,1.0924409666729500,0.5578266136182180,0.21857635860470000,-1.9487203643362700,-1.9564612716451700,3.971137048543050,-4.95006229825774,6.06041462876372,2.281117383399850,-1.257335939230730,-0.7630966668267310,2.406003984629460,-3.183137685880760,-0.05128455441329290,9.722610765192200,0.6102983540266690,0.9807095871826190,0.14634665057619000
0.7342500700233340,1.0595579047607200,0.3816853639519620,0.28972339602080800,-2.0126358749764000,-1.5618972548443000,4.187901881888510,-8.736717921859210,7.8100913810924400,7.041578881941340,-1.5688698048665800,-0.8739544299264600,0.9853210816552270,-2.4594520356643000,-0.7479491246116710,11.935553105047500,0.8836261856686460,0.9939114761502270,0.8304527063664100
0.6714695162295460,1.0064469508844900,0.5105286131225990,0.4155958611281820,-1.87233111309154,-2.511809357484680,5.469420679776600,-9.424914621626830,7.553230496302370,3.582031342021390,-1.372248906684340,-0.5702317243888460,-0.27032445695687300,-1.0802483240173800,-0.4829682536626800,8.746870717467460,0.3838083164978490,1.1240332708597200,0.14452129893291700
0.7620951914307370,1.0166780380625300,0.5198234678670080,0.5714493012523820,-2.0863630518196800,-1.1310898984499100,4.066086080012760,-4.801521409781330,7.63398010789584,4.174072387915820,-0.76988418889759,-1.202760447315730,2.5572542134923900,-3.3408959874593000,0.08037947804287900,10.275813210353600,0.872632534188776,1.1561109427120400,0.5538330422084030
0.764277910236779,0.9982790733483650,0.4749075128137130,0.6484529179728040,-2.138644642978980,-1.1354784912778400,4.972930139961630,-4.0574141128663800,6.5575297551078100,4.100071023762900,-1.106350927004210,-1.294257355224970,1.7304390201380200,-4.467366742270900,0.2741308503713530,12.05954719172040,0.4141031703044340,1.133365319268010,0.5384762557849690
0.7732570871811500,0.9273341302192930,0.6881895158107300,0.2120584937265880,-2.2260106516933300,-1.5270229534358900,5.744198766508110,-7.388763332690850,7.848588718445890,3.9433421979063000,-1.3393943598164500,-0.8584413259611860,-1.2925901851289300,-2.088468678778360,0.22771755509825500,9.295011221756650,0.9532286095523920,0.750337684828129,0.34837008440731900
0.6910455824038180,0.9666463510937820,0.4993427049241070,0.5173599708449890,-1.5169861826398400,-0.8614818064655200,4.165436174215850,-9.377321247764990,7.796868568770880,3.026878133221020,-1.595464860077410,-1.3264444426895000,1.451346456249490,-1.0249197054913900,-0.3876520985438820,10.50949776602680,0.6017680960775740,0.9273356871490910,0.6081206753790210
0.785260178766279,0.856729326989801,0.5635394330355810,0.2802302504963160,-2.4004348431165600,-0.574771942548505,3.845308230446450,-9.50952287308403,7.374273749158340,6.434121123896820,-1.7841110695261700,-1.318112088506720,4.012675700356830,-1.3153145964484500,-0.07797978976393310,10.74262134003930,0.4239901776132500,0.9835556374381140,0.9701708525206040
0.735597194683035,0.9273095540606360,0.48029305314424300,0.48129516148848000,-2.1449097961647400,-1.811455672095240,7.18245088146978,-6.809112873873500,7.345185640976740,6.974479062212810,-0.8776735350662140,-0.7403637850407280,-0.6602489958989220,-3.1668766684145800,-0.46830198688130300,6.52926735653866,0.9641056322716490,0.8342312438502840,0.38135407796249800
0.7327993509380210,0.8120515621290690,0.6568376313448520,0.5585811298198980,-1.8117929369227900,-2.344020202169540,7.01184499741439,-8.496001828816940,7.081217650278180,5.787365258282310,-1.6603990579159300,-0.6680226413042760,0.934893298656791,-1.6673146949074500,-0.6250572644602960,8.937790236376680,0.40449679850181500,1.1915058282766600,0.5870999541010110
0.6851858579781710,0.8100527308844000,0.6881847598316710,0.5244888375562750,-2.087212606356010,-1.4596902471919900,8.011489059139880,-4.886271350872420,7.722121172804600,5.245495733499870,-1.8109318993065000,-1.3289067056596400,0.3306462870837730,-3.460805528829680,-0.35432817563101600,12.21460303460950,0.2620501541608720,0.9107391775509660,0.41035812203486100
0.7391607601816210,0.696116491973994,0.6577885726637750,0.36308167777507400,-2.0414027892584900,-1.9931636566222100,4.401672128630510,-9.034551519549780,6.73992058738092,3.212743559567270,-1.7588922101999900,-0.8122592142226120,6.012059220077150,-1.6965512000903400,-0.6270933395720710,10.792315555081900,0.40788115116190300,0.6521485742782260,0.29430264236609600
0.711527412449447,0.8796629120731430,0.6383860902330820,0.2529236499468890,-2.2259072803338600,-1.0608468373023700,3.7992909014093,-8.68958471928412,6.358894360946530,7.055753316513450,-1.4673795173926700,-1.4934912378401900,5.634617735471710,-1.9441091979846900,-0.8558171305721380,12.510699749691000,0.27526394055142200,1.1021571354395400,0.2529375878669370
0.7878233684906670,1.0211662285848200,0.42688326091886500,0.32251485441359500,-1.1623255269033700,-2.130483298541460,4.302561241779700,-7.760229328611460,6.268155992990580,4.451453787617240,-1.4571299876292100,-1.0807792158652400,1.7659276402961700,-1.9443642853694200,-0.38783771320667800,13.654525885353200,0.31976338538697600,0.9422387315505470,0.48351819661207900
0.5583907820544630,1.0551786254983900,0.530736245247219,0.6399167538112450,-1.1943048316018700,-1.7862820142405900,5.0410724343959500,-3.3004339048375000,7.047683197135500,5.856720270984940,-1.7952411311515500,-0.9196490238935650,0.5323688244234340,-4.140796106081960,0.23172623125058100,6.116884305893660,0.6138861528570080,0.985786140975671,0.5040435106998230
0.7928041034761680,0.9269148064520780,0.40865960186244000,0.398537804881561,-2.0515772193814900,-1.0460682191724500,5.31098943593929,-6.4110478955701700,7.961154537442470,3.4787752906208800,-1.409661285606210,-1.2958289991980300,2.517719248541490,-3.3227044112771700,-0.7427481325529880,6.604966618845030,0.4206686862603110,0.8379847308265690,0.26954500493870700
0.6306310500549770,1.0871560269395300,0.5892767978078640,0.2585930421871380,-1.6792315419823700,-1.0140894940468600,4.330819386639350,-9.245395839741620,6.0927388796941300,4.52827011045238,-1.9425493938228400,-1.1635346992429000,0.23951435610400500,-1.3448523650711200,-0.18608226818271600,7.388961561324770,1.0464989742187200,0.8507233881455650,0.5035911502674130
0.5957537939274720,0.852236187009716,0.5900936042329090,0.5976272289653520,-2.182745495463740,-2.101407452554260,3.5342615863958800,-9.916542151426380,7.490053797053180,6.12657985114004,-1.6506881650066500,-0.6963286070372590,5.861845731561720,-1.4962673500051800,-0.7694869634210660,12.045981054582500,0.5161972589744760,0.89611419828892,0.2976547362742780
0.7767565494662380,0.9435942166506590,0.4346916287992470,0.2775046469241010,-1.3067105387566100,-1.3515409641426100,4.033832277441,-3.609893452823290,6.5671762335286700,5.59998663202198,-1.9345822437915200,-0.9446797704744760,2.521413403922820,-4.61708288017139,0.10795220870481600,11.83270803092270,0.9951747447202380,0.5962283017288470,0.10144156033487900
0.618990497104704,1.060756496241550,0.36023434072471200,0.3375542604550080,-2.4480118189187200,-1.7334094548742900,4.5386853269447500,-10.691234697269900,7.178751456227050,5.137640238913950,-1.9302215324608200,-0.7811071477565810,0.652619817753076,-1.3358634342321700,-0.8453878650666600,7.710542238494720,0.8664460540011360,1.00338000299318,0.9336814846177250
0.7014350847593400,0.9834187945016790,0.4164421015826410,0.2868592168157690,-2.3148087671164900,-1.9498014676536400,7.264215998621050,-5.715271007592610,6.281076648166610,5.564960191504870,-1.3602360882735400,-0.707709822976749,-1.7550654257487900,-4.126671823204930,-0.6884659737319650,9.95141781338666,0.7363638050806250,1.0089024561347800,0.6525643227108090
0.6541047272445760,0.7461893998998840,0.5671097596993460,0.6089914401444650,-1.7370077438085000,-1.2001600711589100,5.406011628930840,-4.34957137833694,7.214925480731760,5.544711870011320,-1.7722804049565700,-1.4748674405065000,3.7256068458138800,-3.872422389833630,0.2520675964404860,13.466981890455000,0.2877385323410080,1.1302169014145200,0.3597491629864230
0.7124909600448150,0.8567551169281570,0.2841357385106760,0.38787855478330300,-1.8718104367567000,-0.7578824172539900,7.99805397472627,-9.053835210508490,7.317942972897910,6.489149265285120,-1.8539835319657300,-1.1902907873061600,-1.6902657031497800,-1.867540048516430,-0.11474816490407900,11.537398968161600,0.9073240513696100,0.9325760110364460,0.28552413772674800
0.5697044704594030,1.0023425264477400,0.6238352366514130,0.2996348816207300,-2.4249865445852800,-0.7885526511990120,4.650521604374090,-7.942288051027420,6.886361517656990,5.202460124408170,-1.5445297684610300,-1.3707876060267800,1.1137217160660100,-1.6595325089598000,-0.3517645631001470,8.244082838489090,0.627965601000394,1.0521844738874800,0.8936454537452290
0.5910876448112650,0.9522023089955580,0.5655275196208990,0.505953524264217,-2.319277232500830,-1.048083948872020,4.456383008080960,-8.749785659990220,6.02915950430494,2.5421483120857200,-1.6770236729964700,-1.2950366500369400,1.2299710646959800,-1.4854206074085200,-0.7683676866551730,6.386838842636290,0.5331884831729880,1.188730189824350,0.5690890850691290
0.6780239466420020,0.8208720274693340,0.6509663531722020,0.5817802118439800,-2.1975090500071600,-1.1720338967610900,7.07339030208805,-5.183243011899420,6.409184885309270,4.3706965756203800,-1.5043349617298500,-1.0989020545447700,-0.12096109893968700,-3.1207428008685100,-0.1072153126116260,12.910048581759600,1.0021949342988800,0.5733969473280160,0.4694301461239990
0.7153119484973850,1.0253237625108700,0.21917112946207000,0.6101300129112570,-1.9196898503780600,-0.4957783821865310,2.3922372725324700,-6.947823066593710,6.900226156226060,4.154402046625300,-1.1573462604321500,-1.5739737790998700,4.430614555145050,-3.083309708256180,-0.35047496468552000,10.629768744907300,0.48219047388047400,1.1619916180668200,0.9457663682849700
0.7563196034993720,0.9133728825128770,0.5372650440282770,0.49675027047756300,-1.997317737885910,-1.818128651644010,2.819586610860000,-8.517754383187000,7.252974560001900,5.839149269557610,-1.7112220882253400,-0.691214006708287,3.9781646253607000,-1.644903891769050,-0.8495907119839540,10.193458507181500,1.0043611997976900,0.4803199049489220,0.5927105055284430
0.7346509701738900,1.0171644882958400,0.5688163649450230,0.6150795004475730,-2.437160904862580,-0.8303751041228990,3.3395780840031900,-9.375838950318860,6.794982000718000,2.5733253675224100,-1.2943563867830300,-1.4545790964409400,2.441232822848890,-1.6298737766652200,-0.007571618080018720,11.400009878030300,0.4726356417814130,1.1503924124916000,0.39608622236098300
0.555411366129985,0.9257256601824600,0.4368628927048260,0.3392494569070420,-2.3230517252693600,-0.7902890099516880,6.640821536573150,-4.6292305976555300,6.7635818518989800,3.148581812983380,-1.5069098086597300,-1.3390391335950000,-1.0271460910016100,-3.110490398983070,-0.5599101308578570,12.933647648493600,0.7442352914213310,1.0721642481412800,0.6992287271445390
0.7630671478725410,0.9983210139914770,0.5378917372828860,0.34723396223574400,-1.399383229825150,-1.7098153020808900,6.990408737514650,-6.9274636987886,6.6070281078148700,5.587481344039780,-1.710786092177220,-0.7654214210726620,-1.5301790501502800,-2.362961976827350,-0.08768345085308610,11.940146871271200,1.1304173690201000,0.9141936498815160,0.7760428483336010
0.7712973936903730,0.850939921582883,0.2503767394215000,0.552457639059338,-1.623139779597440,-0.961566595385031,4.658397771191680,-5.088392091039640,6.548463461960100,5.2688431444435200,-1.712901096227650,-1.2173512203084200,2.264896851519990,-3.689094904955280,0.25126756455986200,11.111399470823100,0.640229394684052,0.6673341493238950,0.4333426573628470
0.6241661244135280,1.0424220841460900,0.6509245915801790,0.3444354156095400,-1.7252175072164100,-1.7186050677085300,5.833288579613960,-8.386261161779100,7.712556867312020,3.065659664716860,-1.5214359345179600,-0.9300842414530200,-0.6398927418454030,-2.7230904601495100,-0.12568005607917700,9.445795139098890,0.6036940265356870,1.0778928406890600,0.3283182064046640
0.7945603538691610,0.8506739735230870,0.46737183383624100,0.29903254903636800,-1.4133576437629900,-1.2353112135017000,7.321648662394040,-9.848496827922100,7.810563179917140,5.154719217419400,-1.3322855635849900,-1.1682583898147300,-0.8035677345148460,-1.5074597146127500,-0.5254488970746350,9.038424138852150,0.6780873245636470,0.9133244035091180,0.6620904628126550
0.7290210046930510,0.9571868308224360,0.6226012984752430,0.3375172985949320,-2.1928858376274700,-0.909199816550512,6.575001351142630,-10.595637500733000,6.0750550812298500,3.0653895031273200,-1.855292236888310,-1.1681647043171700,-1.485499715961650,-2.378921622269940,-0.6079757026978340,11.091833238409600,0.8618456132832170,1.0796626418992300,0.3914981895059340
0.7502206411571470,1.0657355897483500,0.37577254724540500,0.27879130262845400,-2.1211488772318300,-0.9699024197835690,3.000204616054830,-4.45084550577659,6.853606602811690,6.742614682405620,-1.5052074636355100,-1.1243782469363700,1.6552859713568700,-3.1735493167122500,-0.43597008134928400,6.844311571320900,1.0298624815526200,0.7657675377601150,0.5538102723898130
0.6453570364120840,1.0407987484498300,0.31322083498386500,0.30073032788830900,-1.7708517866948900,-2.239949734842370,3.891757660896690,-10.063351864529100,6.011075363632960,2.666522161811440,-1.6150797380304600,-0.5486940597476590,1.0222940360791000,-1.4230826614457200,0.09296080118364790,9.090728334003750,1.066438390193080,0.7998190903257010,0.6711029610002200
0.5840980854852430,1.0582435164280600,0.620830560906675,0.3431808238490520,-1.412698298274090,-1.4845811446244000,3.988484096608240,-7.226830746450290,6.351440452988520,4.572607094202640,-1.5033770084346300,-1.0450243446081800,1.8645893171990200,-1.868437060905630,0.2388480543710910,13.990926845143400,0.6919924895712420,1.186643172650250,0.7440331909967220
0.5803625314018020,0.9206719611525630,0.3517581491987420,0.6532351845214570,-2.4083565710225500,-1.5774237867380800,5.098618623520920,-9.398571639076260,7.59779565110128,5.723549785533740,-1.8661153974277600,-0.8688946501460780,-0.8939359458884490,-1.401237703040960,-0.3508202040472500,8.453348281732630,1.0919196425467400,0.5730293243310350,0.8409505286300020
0.7841050025624180,0.7960200453550600,0.5106440360903420,0.501502088501137,-1.6401813439432800,-1.589664194003500,6.97624182013093,-6.024979582225890,7.046186605991760,5.1957336059073500,-1.6134616293535300,-0.8103033568393370,-0.278682244582533,-2.6923440634514200,-0.2790878570915550,11.09458390996090,1.005577586328060,0.6477941229755430,0.7498398858933310
0.7538678294557290,0.9270010984378310,0.5174171905919340,0.24506816201206800,-1.6817203601451800,-1.6094001002902600,7.103826433034460,-7.850348043063400,6.181961549208730,3.5647019301787800,-1.9477039832075200,-0.924516663824333,-1.782746225751970,-2.079947520502300,-0.26236104312571200,12.792657446571000,0.4323051453037470,0.7823937817102470,0.7362353472596370
0.7768441138503410,0.9105310683114360,0.22867240223388600,0.46529167478712400,-1.4671221939426500,-1.374175358561170,7.493024144385280,-7.990583326237450,7.589011068320070,5.929200830075880,-1.9920641002314100,-1.1007876483072100,-2.164190254455460,-2.5555628483213700,-0.9036552307603010,12.883639794515000,0.6855272465975110,0.7343835892381540,0.32254389674701700
0.776953208364285,0.8568754040357850,0.35337128993261900,0.6423936919589160,-2.1780110370867200,-1.9405481597348300,7.160880217204380,-4.876324981218830,7.377013701466080,2.573513744353660,-1.6124561118289500,-0.9196277123179600,-0.36714010764291400,-3.3667876069457900,-0.7497437609078420,11.072558402567200,0.3379291898611580,0.9140177906313600,0.3085420028754170
0.6647841681686200,0.8935542229568050,0.5986418604854940,0.6808382281938310,-2.3541054896162000,-1.9290233531784300,3.6626902625583500,-4.017721195021960,6.476502429601270,3.350993944044090,-1.7871146485997500,-0.734582240363651,3.3060113453173,-3.1963182520589700,0.09202430709557710,8.035674727350310,0.727995983629302,0.6699823024700020,0.5866559347199670
0.7410115777850730,0.8768763422371310,0.5919533235210500,0.2826611003129240,-2.4537178456298800,-2.0689183714692500,7.596190142147760,-5.920115663343730,7.616285773915890,6.156966654625070,-1.9101761720352300,-0.7478691176440350,-0.8772945997990360,-3.1222142726036600,0.020535397009910500,8.460981166224920,0.406879086206682,0.7711187259771960,0.8562167798019610
0.7931208537346890,0.9526300586200900,0.42421786291839600,0.3283821148555190,-1.7158471177943000,-2.101989739614440,4.2531884438876000,-7.091624356085420,7.960008554694930,6.3421149980663,-1.572066012681950,-0.5237579805656810,0.5046662552556870,-2.110641492808590,-0.5622463451690920,10.650890399025600,1.1042703576500600,0.6333162940763600,0.05427393924005130
0.7810032126281510,1.027718966561870,0.6324827948039800,0.38726808051641600,-1.6570823907887400,-1.1838270315771300,4.6532140844458300,-7.925902042062170,7.141904414274220,5.497179478569500,-1.3993245201452300,-1.0928742055590200,0.11357466920310000,-2.5785651042355400,-0.07975488140862970,8.132881275903900,0.7031306569250460,0.8027572450802730,0.06255671698667280
0.7908311442264430,0.9471599237771670,0.4887273561644790,0.21339453446735500,-1.659070966834830,-1.043568541724600,5.696472246741850,-4.9854517045836000,6.2212139766874400,4.048125320547130,-1.8482019641983700,-1.0924542822008400,-0.8434958753619230,-2.8723021192665700,-0.6759156731267700,12.390787911924600,0.9249651213155820,0.9270790746812690,0.1422934563893680
0.5524789691160640,0.9916115067348500,0.20334100588316900,0.3171867120810490,-1.279371586421570,-0.7452384790828820,4.690068975682350,-4.090285844056140,6.705138932844300,6.83587509246608,-1.6233157659205200,-1.4262930068628700,1.7282356110231900,-4.167452696594290,0.07905550188944900,11.516213559092200,0.6076337162740550,1.0747073234977800,0.9111330802107830
0.6740002640664940,1.0769747991476000,0.5194802736584780,0.30845773875359600,-2.41896684277741,-1.3697685475373100,3.4063031058148900,-9.44571010428198,7.3276590359932100,6.314994960203900,-1.8322211960822300,-1.0243975874538000,1.9780067873098300,-1.6191049921408200,-0.6494041767961290,7.966487250548520,0.6956920445317670,0.9704560486978070,0.526940569116858
0.5964572545116210,0.9161071309247340,0.3785947991356680,0.49065186127238700,-2.2015074457398600,-2.2242753170051900,3.158527821145400,-7.647740085827750,6.358281526145850,7.895181901425970,-1.5281150753158600,-0.5633599280119630,3.280064511938970,-3.3571571888818300,0.23823236795912100,11.652164540635400,0.9629255866284490,0.6347575560290390,0.7602154233272410
0.7127312175012400,0.8972935215664410,0.5514099078386870,0.2851622064020380,-1.5666360951432900,-1.803453046328460,5.196988269056450,-5.756282182631600,6.403725334652460,6.65654752914035,-1.7507568337346100,-0.8327575572080120,2.7059664687338100,-2.874144798077940,-0.6230060974651630,13.643031304090700,0.5732934095744580,1.0233808359390000,0.6165606160544780
0.7917082574354220,0.8934085223961780,0.39817634250255600,0.40566783242869900,-1.5206090861086200,-1.3492899947972600,5.955288122196470,-8.4664586223061,7.084155789868550,3.1335176139584400,-1.6692020018542000,-0.9494658307663450,-1.3900973410513800,-2.3737767538105800,-0.5651356575650740,10.136377038946000,1.1598653362236100,0.5982420038960110,0.47943236531353000
0.7501479207866050,1.0313376201707400,0.5831977942444800,0.2589337297210320,-2.0384874180559900,-1.86008707858533,5.863139270665050,-9.387684702260740,7.032357386846330,4.785411954387470,-1.4373708292438400,-0.8798229681347370,-0.07239907425754430,-1.6277784542271700,-0.16331822999632900,11.039279350951100,0.5004411708023660,1.0735122195565600,0.13705420841273100
0.6277713209695130,0.9512195259721680,0.6941447792136560,0.4281207940911640,-1.9677528898655200,-0.7166387479323720,7.123745289674130,-9.135589634218780,7.291439482881350,4.502545668211360,-1.6670097043452800,-1.34478570946894,-1.6880122263297000,-1.3283784617804900,-0.2600968080017910,11.154497652125600,0.7350521285871730,1.0395196950959800,0.6317058347609830
0.7225100895045840,1.010590493450970,0.41549331719625000,0.49311771069598900,-2.112775795639720,-1.0995463146610800,3.109185114823950,-9.33760264338903,7.946093639630100,6.942674985301080,-0.9483090567457520,-1.5984718356804900,2.8232376353314,-1.198017014513640,0.2848307128425990,10.874288696242600,0.3676759102318740,1.1946545161751900,0.4482846856610290
0.7987319560838550,0.9614025537771440,0.46257561770342000,0.5316580104519460,-2.3899643926709900,-2.113543635290990,6.827561030563430,-8.658084019743940,7.216521880630640,3.164142624433200,-1.61869071806226,-0.6034902322984960,-2.074085819474260,-1.6379571441000700,0.19655189510305600,8.620772146566810,0.6616276105377680,1.1748567333514300,0.645681765043752
0.6827284735387320,1.0610269131844600,0.5103670487196730,0.5722014531265120,-2.403077674035780,-1.4459637371649400,5.103964190650470,-5.380504502415820,6.0400205796196400,5.597550715705370,-0.9310705483550800,-1.0973025681358400,-1.6697682483741200,-2.084597744281270,-0.8100323459658140,6.444270036316070,0.6898975683420400,1.133616491485080,0.9291239950485440
0.7044041657244300,0.9121495394237900,0.5840989394375320,0.22723555409651400,-0.9364538939278250,-0.5603125378660510,4.427635539624560,-7.136727086990710,6.1197427998506700,6.627152515739950,-1.4696798103630500,-1.4893620903681000,1.723339801963950,-2.20171792252309,-0.3332984596643610,10.354896743768200,0.7440901433255120,1.1733732309940300,0.3157807294612050
0.720395229813169,1.0096337756473500,0.5793768405092130,0.6795018356806310,-1.43218077879703,-1.8328367898477000,7.764673062304390,-9.282716075163850,6.515143839568540,3.551102832999470,-1.526628636768580,-0.7160543247004550,-2.6608976350939500,-1.5753537031524900,-0.978382442805647,9.145795500698470,0.9236383916023450,0.9969066007107140,0.26731866119336200
0.7381448820682100,0.9913407354829280,0.6427347847832370,0.6423529322296530,-0.5129806712393990,-1.876031440026730,5.782173539185180,-6.6461553037252700,7.336261963083680,4.899083282641480,-1.9880554087537300,-0.8066732868392520,0.5062846851666290,-2.1469815911286200,-0.5190061674375180,13.866101604384600,0.6744125966712060,0.8741998242785290,0.5428526121131670
0.5174310694406470,1.0543553961821400,0.48667140313584100,0.6987433893176800,-2.154762911090830,-0.49487768367667300,3.262376178035820,-0.09821887974788660,7.587895753986970,5.240101398444360,-1.5896149212918300,-1.4024014356991400,0.7882509973725990,-2.6647772539371100,0.20210905430764600,9.575627465316000,1.0742538342877700,1.013319839878880,0.9533409885693990
0.6970036565457610,1.0363961704734500,0.48532208657682000,0.4825071171112500,-1.038587688063510,-1.145555968325090,4.404255076520410,-5.153055468166740,6.43203035577197,6.841477138436020,-1.6397331051947700,-1.08881731408801,0.1160843652907130,-2.756742178330330,-0.9202623032077950,10.358647792998000,0.9115537001141130,0.9060932037049520,0.20192291210472000
0.7447635365141880,1.0407815813568500,0.6027310681511490,0.5157189981354350,-1.4375412083419400,-1.0208751269406500,4.020697037659360,-2.150979020387560,6.872708016893840,3.558764378589670,-1.4983403967766900,-1.251356383296630,2.2349156219120000,-3.0746426146897000,-0.002192377055081190,8.554988832041270,0.49982733260239000,1.0843877089103000,0.1982439659582570
0.6420707012350420,1.0819973447590500,0.20486000510243900,0.5320618126882400,-1.0730839574207600,-0.6328213144031760,2.7232416193893100,-6.157418765412450,6.894282841579820,6.32610317785594,-1.9705198633256400,-1.5697921341848000,2.3142815827503800,-3.214360790580440,-0.3193073127868080,10.235645581319000,0.47256020826313400,0.94837367783602,0.06362091251774820
0.7984788448695530,0.9686973025094540,0.6168323326188960,0.5926425246437080,-1.8357999862865800,-0.46807543431892200,2.383958682563900,-9.021039353018720,6.258462280513870,5.15691870541456,-1.5668317255252500,-1.3391987919477000,4.066200950149800,-1.3946063121802600,-0.02620471133373890,12.621779304317500,0.8767493118737060,0.7486374674632810,0.7813702379556310
0.6929076775959910,0.8332411421660480,0.6162302462083890,0.3019400199390510,-1.9934785423029600,-1.188377259845970,4.509828259707850,-5.248001297632010,6.893987538172400,2.5436211663825900,-1.5325757297627800,-1.2086555998968100,4.499260859204680,-3.101107799451250,0.24407703640060300,9.497959679711900,0.40009737383947900,0.9698465722415780,0.9213394012925550
0.7536352697416120,0.9311898060526470,0.24060013938142100,0.6111000815349570,-1.0409195682565300,-0.700146533225215,4.284469242492440,-6.585878083156620,6.208371265093080,4.800398956714820,-1.9263614768524400,-1.2235333740682300,2.1414389749537800,-2.835819011763700,0.0682320578751395,10.67306189089990,0.8593144243250400,1.0209199576816400,0.38535105868713800
0.6497038261326110,0.721146211999057,0.4841293210614640,0.5672768051028210,-1.4277598798434300,-0.5763550814435200,8.484210990161100,-9.482071069060280,7.33985101164538,3.2905995677621700,-1.767400234577130,-1.4606485223386100,-0.7483701444880680,-1.3140060993309400,-0.5193660155660450,13.870146434993700,0.5684278391990020,1.1773027309804500,0.9074925282929040
0.5838247539712240,0.9398152145044190,0.6036453362528430,0.30393528498169300,-2.0083943027732700,-0.5778599937408050,6.911716356605000,-6.914165815928110,6.46561769345221,6.004791831771710,-1.3206303173345700,-1.3363989873760800,-0.9431342076362140,-2.8102946969919600,0.28844541444251400,9.432590392591310,1.1458806750806800,1.0625046831480200,0.6071614897921690
0.7996368909133980,1.0465192444565300,0.2724970710286070,0.5382476866576200,-2.4888783127307500,-1.4036990640229000,3.15113821354593,-6.5563739161256000,6.937445249229910,4.661645449095670,-1.9495484204640300,-1.4196746100103700,4.302413562564560,-3.1964231462957100,-0.9416094237573910,8.695012635735570,0.22996922926692200,1.0233610113893400,0.3810299573637730
0.670062983145943,0.8926050690528950,0.5172736605764250,0.6618767914417420,-2.1061008994170700,-1.597345764666230,7.005830214353630,-3.376031089711330,7.2152564834384000,3.947009962401680,-1.411470540265310,-1.0792824405946700,-0.6774909894371110,-3.9910409805125700,-0.07435243292691680,7.132757387170100,0.5296225296536030,0.8883166909319240,0.8696822684616190
0.7895265035610960,1.0304020797866200,0.5527823424546640,0.2312219039834840,-2.3338227784340900,-1.2274920060487000,3.8349033403906000,-9.263517285438910,7.687194352253970,3.5916067723797000,-1.382086421938400,-0.9527207442602580,0.7066070301390520,-2.4334521093838600,-0.47358924251861800,11.468643669461600,0.9952363731476070,0.9033260092823040,0.39332141335038400
0.7639063075433390,0.9336434246159120,0.2117733170563350,0.3726078328095380,-1.9809200466852200,-1.8648301298429800,6.808635948269060,-6.854851155081080,6.499966607214020,4.8673750299082000,-1.6945283176156600,-0.9508655368194130,-1.2042083863247600,-3.1474907302622900,-0.21270521509690700,12.87318078916300,0.36181086044530200,0.893007624603906,0.486796895133556
0.7322780430542400,0.9210307396227390,0.2598195584379410,0.6689329698857390,-1.8331329003378700,-1.5145145051313100,8.002456918571780,-6.991561646412160,7.304957868726600,5.310981962373310,-1.6419508849325800,-0.9099920181216280,-3.417283792011430,-2.559712444813090,-0.3804438248607320,12.348522307505100,0.8759020883544730,1.1084285387687600,0.5646922232443890
0.7421082266881740,1.035966902063110,0.3778381392996510,0.32275704417491900,-2.217585418779790,-0.9102542078155030,3.827665028496850,-5.928833636431110,7.067903975703420,3.509733772525020,-1.7883237166013900,-1.1894302510238000,0.13241758052921900,-2.4496508383715500,0.286549795537504,12.204851855327300,0.6351108106558010,1.10483585164282,0.20639933760373900
0.7557434493070880,1.0976978311652900,0.5815121752132910,0.41769943588994100,-1.3468003688533100,-1.2545353993028400,5.128316689101250,-3.897649562371710,7.151581169858140,3.3664245343108300,-1.4810516477912800,-1.028141427924190,-1.4167478896323500,-2.840194159713180,-0.10119001311210200,12.98828377448160,1.0358869397883700,1.197990657404170,0.1562997029112080
0.6530841271882580,1.000553289925470,0.49406006604487400,0.694965434335803,-0.9726055729576100,-2.195112997445,5.357112354987050,-10.804204923475700,7.083551432571030,5.43422697945455,-1.6836980940040500,-0.5527946821648640,0.6843065003669300,-1.110232541113090,0.07638133807689950,12.686276641192700,0.9656602714365700,0.8345310281811140,0.48345530457085900
0.7999031779987000,0.8630838558661640,0.4758954886245940,0.34350747884645200,-1.0474186736051200,-2.240447589906220,2.9151082305689600,-7.22309746911027,7.44399017481335,3.5907074967539300,-1.9806723869193300,-0.6386321080087100,6.124772396615190,-2.345855827184910,-0.4530859357863210,9.08634302637013,0.434296544074173,1.1532227906859800,0.5656020570242890
0.6548322619784110,0.9307589406870110,0.6003362113996860,0.3433650894360900,-2.0188261178511000,-1.2838289898291800,7.587794740491620,-7.186540510326930,7.471308013073120,6.061774884745210,-1.3883720427651500,-1.2093698450552700,-1.9339428706881800,-2.289343369984740,0.15223759166550400,11.810889765113100,0.5248281113341610,1.0253571348513800,0.5667844827783760
0.6836403363186380,0.9347468162965530,0.4211802752751000,0.33939314232121900,-2.419774797771030,-1.4561846086365800,4.258367690288010,-8.792383380107410,6.407328063167690,6.817719825850180,-1.469812002360600,-0.9689918860360730,-0.48406577118538300,-1.8831456970727600,-0.33759218361509200,12.30213753409220,0.7767544355874670,0.7090177497534680,0.6116775662798510
0.6835979883298860,0.8974206178604750,0.402888978591094,0.21648565328434500,-2.4961966673411900,-0.9400614875199660,6.426150401258630,-7.114326168143270,6.17258841428131,3.894026421315740,-1.7920389653021700,-1.3103039871048200,0.19555084278386700,-3.14697747172672,-0.8404710457468450,9.890567403333020,0.4918397121521670,0.9496471643552790,0.6010431899204480
0.6397700036059680,0.9390994301152080,0.4763006113586190,0.3664329581346170,-2.451123100611720,-0.8017804475267770,4.274325243533270,-6.480937627476070,7.127553117437420,3.6836626403459800,-1.8384283906973000,-1.267771383875440,2.504655582861210,-3.147653079763210,-0.38075517508457900,8.410806595063970,0.6694635574677390,0.7814477883645570,0.8726048393839370
0.6165545850541110,1.071108262617770,0.6454959302339290,0.5387712132044020,-2.2562956629976300,-1.739167660617860,2.650120557340420,-6.962199350634110,7.129597948674050,2.500435683215920,-1.5819639735919300,-1.0692811773028100,4.159356470585330,-2.5918633079441400,-0.003395473633883100,13.971960568131400,0.3451431182366830,1.0394033368084600,0.48226173619221700
0.7397559697844450,0.9603270020537320,0.5274995117651780,0.24279896894928000,-0.32845074305818800,-0.6902376171237760,4.58820933938917,-9.580133380063570,6.315255108101030,2.6264597575745200,-1.9408802795510500,-1.324381209582530,1.3653740064524200,-1.0213973401824200,-0.6644777169876740,10.786547871154100,0.7892716810023590,0.9171884384563820,0.29464948532933700
0.6695420247864790,0.96202707384037,0.610197590791489,0.22862611935037700,-2.3482439144453500,-1.7995762162770400,6.603353268361360,-4.057110551193060,6.709234928887210,4.142727539302890,-1.7739623729625100,-0.8180367638940180,-1.9789563302140900,-3.638745523684770,0.31189900549756400,11.846618462026400,0.6506720807990940,0.7949045978589280,0.16744065421213000
0.7144099476801270,0.9054778937046810,0.534137550937887,0.5401602340011790,-1.9677211703511800,-0.7662205823019170,7.356150881506940,-4.029782540469700,6.760540547227510,6.820946333852580,-1.5958773951883700,-1.2444734272721200,-1.505070016489070,-3.4174134595704100,0.3659043855577090,6.041876765395160,0.763510711663436,0.9720340382195120,0.7976991469147850
0.7098065860285190,0.9596353110623690,0.24636295550898200,0.30917785116680800,-2.246276789475180,-1.7879659313939300,5.451932586466970,-7.56027016457079,7.788351257717410,5.657821864876170,-1.4882507974864000,-0.8474848128931080,0.69920707043989,-2.6770235031373300,-0.9375327992568910,9.192473984977420,0.5556080303329210,0.8218750455282890,0.08713492923673440
0.6320893119985270,1.0246488355376200,0.6216547196255920,0.5913597491390130,-0.9987591545383210,-0.8691580858284920,4.727995379078880,-8.093734585734310,6.530263948589240,6.237246012051590,-1.556742486575510,-1.3038171320474700,0.8035060581497950,-2.320406158836900,-0.23715196193339800,7.501586791090390,0.8198592287279830,0.958160048473806,0.9727215601634000
0.6474225513841020,0.951117992656383,0.5848149108427870,0.501083737080601,-1.612132755788600,-1.3938456882491900,4.325116336612450,-7.008974377187980,6.120240339298980,3.4864468787136200,-1.5062383037347000,-1.0222119566303300,2.3234384683731700,-2.3092735425930700,-0.06659019568514170,8.872040332458250,0.8664576412450290,0.8126188745548680,0.5810546175011520
0.7646579827211960,1.0363695912469300,0.5153490207286130,0.5866732568635620,-1.2026137090852400,-1.9512637488741400,6.155684943849240,-8.673343141805140,7.767093623794300,3.698208013375750,-1.720212425301360,-0.6402099649367630,-1.8986964668735100,-1.0698703386976700,-0.20355578789010500,12.990242924781100,1.1739039620343100,1.0232578637192900,0.16803742270624700
0.5998184396222450,1.0645628660086800,0.4366828997153390,0.6735222633645940,-1.8032354071846700,-2.5095710106310500,2.4854630989310100,-8.676581160604540,6.043329454813160,6.384292322154310,-0.9546047720570290,-0.6185717510913200,2.048980777273980,-1.7328126438238100,-0.015083954474207400,9.287449925251590,0.9814895485217350,0.7789594167718090,0.13233063029700400
0.755293261764481,0.9851885484511620,0.48515439939105600,0.26307500747235800,-2.2461394072260800,-1.8583445181171300,3.6672786992545300,-4.7104421668601700,6.371180167684510,6.27002459644361,-1.9770101060777800,-1.5081500361238800,3.2154306441247900,-4.901865867386010,-0.5643110984035240,8.86614001103057,0.16394337652673100,1.0538318173194900,0.5595938263077170
0.6514079122236480,0.8728780332770410,0.3370568594194930,0.4744013716494690,-2.3443588915348600,-1.663399976052060,5.4290514248138300,-3.6730335782360100,7.420065276542750,5.3725547520141600,-1.4265073207262700,-0.8802534318018890,1.7326182009991100,-3.8560665148683000,0.09622920477168970,13.917198653971400,0.7757285169754040,0.5483184035460900,0.5991116962670710
0.6805192869552740,1.0717048808479700,0.5627524641661660,0.6290719613950460,-1.3281875828908900,-0.9051391550705320,3.7039592172230700,-3.766072208540940,6.721818143963530,2.8012521349760900,-1.9160382564011400,-1.296199610590300,0.528232859167906,-3.5362306989283300,-0.018775009877777400,11.032403300482700,0.5115779652455290,1.1561382786044300,0.39183723674830300
0.7204431278489870,0.8515679849600330,0.5203269321021780,0.41150832710359700,-1.7997693114156600,-1.3759286709095800,6.80100639948648,-6.090105697248160,7.360658997163900,2.00360302533066,-1.6998876074771600,-1.0335122199235600,0.2558732297111580,-2.48612627878369,-0.4619887480586370,12.586376162641100,0.5857952975761100,1.1592738938323600,0.27002373203369
0.6662655084843010,1.0959396463932300,0.5294777079034200,0.6900496468478370,-1.6904686950317300,-0.860146215342754,2.6023132642217700,-1.3339422305885300,6.368582679951150,6.357361512438720,-1.7306429414704800,-1.2668197085717300,1.2912365132512300,-2.4218023827405900,0.2965250706180590,12.483345223416600,0.6328465915034570,1.1903434528670800,0.12195563086624900
0.5089601336291210,1.0749231571650800,0.47893215948946900,0.4191249087185660,-2.3911845649349900,-1.7166744736742300,3.931177733882580,-7.19783764633073,7.069310611086980,6.60953938733528,-1.7531455851367200,-0.929348277063839,0.8704413938065290,-2.5560574406949300,0.20361185765560400,13.286116978174900,0.6471983464932180,0.7632080264567080,0.8729182081521100
0.6046480652061550,0.8943247441034580,0.5272379950227010,0.3541109700518940,-0.6977461311818010,-2.2650460471409,8.667003269851260,-7.175504849692090,7.157453099321650,5.627737493574630,-1.9974241171069300,-0.5587200585340340,-2.2603122361315000,-2.2323345897176500,-0.3991688166584730,12.521985050089100,0.7990666356269340,1.073329659449130,0.9650097377164780
0.7997117725797380,0.9986655675942350,0.4092502225827410,0.3125546906742680,-1.9073482927322400,-1.6834517657210100,4.5217702300599800,-4.674418557910190,6.184617819966160,4.2157259178983600,-0.9995791608720570,-0.9780625974135640,0.7082809198461220,-3.1543947767020900,0.17286393746873100,8.7008743965323,0.7755431041850170,0.8589700478767460,0.1944178570649750
0.6161010947321350,1.0459102069729000,0.5790080880967480,0.5100901211027430,-1.977361368322250,-1.7503421139858100,4.312475350259660,-3.5284564430688400,6.4480419482880000,3.692063436172430,-1.3817685216869500,-0.8293396810296710,1.521219398256130,-3.1833671803860000,0.151381364624169,11.124728430642800,0.8872418075129960,0.734931908598325,0.6081548268607920
0.6449245937775930,0.9750465726871690,0.4116770264120480,0.39426422859769400,-1.8197674830132900,-0.5871725812944440,3.0240916862693600,-7.556647662731770,6.654548547560040,3.1676952549639,-1.6646730425279600,-1.3587597257339300,2.208505976536580,-1.7772903306108200,-0.40471173561689000,6.801900611577760,0.8266347770907520,0.7909790125290420,0.17272212363359800
0.7579556250644350,1.0666851919820300,0.531445271949838,0.6466649480489770,-2.36831915783956,-0.8678836104149260,3.3483523928000300,-5.716564935355590,6.331096630378860,3.2522680722813700,-1.5768597413748800,-1.205166260263670,1.9315739731774400,-1.9472275330331100,-0.5170232601698390,13.909643251243700,0.6922263201628470,1.001591906417010,0.9875041385812450
0.7521909389768600,0.9227557525865940,0.6138001766408490,0.5007022374221560,-1.7677676561475100,-2.1403290457422100,8.473642581071520,-7.61477466672587,6.422021439523450,5.606733074982060,-1.3804185507276700,-0.5565207798565860,-3.4416596070309600,-1.3179722882142200,-0.40510288157790200,13.923867847413900,1.0938660176349700,0.8420036134947760,0.7006959804689190
0.4504921075301900,1.0173864949933100,0.24249530800756700,0.253934749809713,-1.894710514063550,-0.7570907168578520,5.53033985241106,-6.178248692688580,7.672888231966670,6.145379413620560,-1.927471385385700,-1.3916598377045300,-0.7522777063701650,-3.046582041506520,-0.12174300234694700,11.033192800117900,0.9063248248807180,1.1710547136722200,0.17696747906040700
0.742158517504774,0.931388083272613,0.547437039814384,0.6873151782513570,-0.7389767263950020,-2.0581219579733300,4.702140866827360,-8.621179015945660,6.434804057748180,6.580732936738820,-1.977737482277760,-0.5633823000569200,2.746784730562780,-1.8267548718418800,0.31220503137330300,11.173067910683200,0.7560661910155670,0.9261117207723470,0.6346745392727040
0.7999351455904760,0.8889062396988110,0.5352109060934570,0.5289960143783800,-2.1722030545247900,-1.1592958907295200,6.83492032830138,-10.440098316884600,6.501917079564220,3.8934884129422500,-1.8842495025887300,-1.0414096838224300,-0.7045046172129290,-1.4329464612384200,-0.5044403251562260,6.952604681174830,0.848443431509084,0.6994909325657020,0.4464149573076710
0.6207307774333200,0.9407610165316490,0.30581419999037300,0.45979784878474000,-1.9340243410234200,-0.7721259660675820,4.607804402861830,-7.9466332621549200,7.657755113343000,4.053035885430740,-1.7338665952769300,-1.2915252974355500,1.2225124171405300,-3.434629325215110,-0.6396751912534500,6.6631795635295200,0.9871941171528790,0.545164923452252,0.7823610099667520
0.4756979428545300,1.0494833847030200,0.3707882395440680,0.5691431778428690,-1.363480496054660,-1.1292391063141300,4.0019735291107,-8.78175353330613,7.135088933742860,5.158980803078000,-1.9294489397594500,-1.2002953220648300,0.7749950503678000,-1.7911640473724500,0.11979481310451400,6.892671404927710,0.6787122333351040,1.1514309489315800,0.5353041346179360
0.6615232393680530,1.049000281590690,0.2769820801867840,0.234271611257993,-2.356136948064980,-2.19768735448819,4.953555180118820,-3.001506577528210,7.301574494570460,5.437042249613580,-1.2479048026747100,-0.648450040159875,0.5541582696289100,-3.8904755221633600,-0.5455058806392990,7.889767511190960,0.5821997950475080,0.9186305240167010,0.412606101212475
0.6636267339797600,0.8946586334549110,0.4772750277724180,0.6557035710970540,-2.392445131384370,-2.0794171952167600,7.947459095021390,-7.804111725654560,6.153838466679070,5.634699478328930,-1.6680550155715500,-0.6999087012900960,-1.949866117358480,-2.7118616077259300,-0.49951760612381500,7.502181110667480,0.5872075293167080,1.1436232711312300,0.08366534040069490
0.7868805256574370,0.9718846306398320,0.4497448017452800,0.3934631233700040,-1.7794205849158500,-1.6695227241287000,5.53701642221791,-7.3608485586754100,6.040883410792440,3.007625913297740,-1.912693955593730,-0.8090667900575700,-1.1561638072386800,-3.273501077915800,-0.03609864790771330,10.713318716166700,0.8043812745105580,0.79789335385474,0.722784253098454
0.7478784536065740,1.0249723664317400,0.6925596198716810,0.5420936402419410,-2.0416658717649100,-1.5644079297539700,5.334536935532020,-5.724754293472190,6.968436284737880,6.111300472297800,-1.2449275278141600,-0.9305764695730460,1.0322820062178800,-2.7752411946873100,0.24003150890548900,11.248311080723200,0.6436417574490550,0.997251578828764,0.32805390398295600
0.5915431277187830,0.8805964189752680,0.34933656713708900,0.4923094084782940,-1.992537644352350,-2.2521637039544800,3.300129946037020,-6.252892588861440,7.2027243711976800,2.40127301836617,-1.532028610249420,-0.7045047297247060,6.219531479513330,-3.2690181573035400,-0.35380413498033100,8.23219250272767,0.46593809138123100,0.9822117288453350,0.42847156631733000
0.6686281487992390,0.7878519451210500,0.6595250364433800,0.5217910098233170,-1.4467526605284500,-1.476859054191210,8.346706966839420,-7.483974415759480,6.52267100868752,5.773366823354460,-1.9853629614265,-0.8851077512647350,-1.1762562095524000,-2.144452627720320,-0.489975679778321,9.508539546958620,1.169617123591320,0.5410331325129620,0.46688353989239100
0.7088217644889730,0.9659257657218190,0.38797504479261000,0.4321380120188460,-1.8094433513962600,-1.2137110624198900,5.753547725534760,-4.363036543011040,6.70359469479815,7.112980978503380,-1.777213114570060,-1.0438053723738000,-0.8898910831327320,-5.17666538907443,-0.031466400580012200,12.958882473446100,0.9489496480980980,0.8210226080328450,0.13269421779890800
0.7696248242930510,0.8761836651446320,0.3602414795852460,0.4825596170583860,-1.5099997265838800,-1.3477193478867000,5.084042109018460,-7.7335811641905100,6.440796015694110,4.744999908292530,-1.6236153256632800,-1.209471303550690,1.3305279414094800,-2.297074514162510,0.29357272610299600,8.877404109573800,0.35365083241915600,0.7322463450577670,0.7079302339342000
0.5995644369812120,0.9491003265254350,0.3602384894441500,0.3041905875379670,-1.886102154681770,-1.2329926251885400,7.733448977543810,-2.752202047029250,6.3523042853675900,4.646353603619800,-1.1963142844308800,-1.1519383460211600,-2.4014918924589000,-4.1656055937038900,0.05980744035293860,10.959142891110000,0.8314784314169110,1.1316144368648300,0.344157712772869
0.7333028809439930,0.9534121894449530,0.33528081680807600,0.641532753521256,-2.4709352626016800,-2.2688286669789700,5.444921104810300,-7.926114166244930,7.103084702201480,6.322990456644360,-1.172597071103200,-0.6602687079242030,0.557080157444268,-2.656025122816160,-0.892373570021465,8.352524880539950,0.5832932416815020,0.8635745958590180,0.4236269910509040
0.75602063965769,0.8921862508481350,0.426356572776717,0.5526358977380200,-1.2855484480582900,-1.3719860799758600,3.8780951088833400,-3.677884879405980,6.703263454024930,2.711278362723950,-1.962685094203420,-0.9571441082021300,3.027999944937600,-4.2379617507292900,0.247945035487515,10.002699670111500,0.834991722915228,0.5069711476573340,0.780885520518173
0.6912918624562230,0.7455608180864390,0.5510474067075460,0.3023173052052890,-2.337783318421820,-1.392947917485590,8.412978701771890,-6.679171329845740,7.561645582075080,4.664979286062580,-1.6120826200488500,-0.9843569839167790,-1.6465050818901900,-2.3457828601029200,-0.04172948604606510,13.872846596284700,0.933454575360122,0.4292307430658760,0.23142558434212000
0.7993445903661700,0.9679193792667270,0.27174570597252000,0.3637831962891220,-2.3823567789705200,-1.432770906628150,4.585964285556990,-6.700684867481230,6.5507980773647900,2.5158589050822100,-1.3317987716145000,-1.0583454339857800,2.85343672123702,-2.9321277046701800,-0.9266062899158530,9.491568595810890,0.4128068148955870,0.9352955667721700,0.2698227915317870
0.689077058297559,0.9657016808921890,0.5722622473054320,0.4606303671012890,-1.6649738447472900,-1.1359275287568400,4.358355659115280,-10.433030204744500,6.370119659782630,3.757166740725540,-1.558485493959500,-1.6160728713890300,3.2210749784472400,-1.0914266755024700,-0.41838363637558700,7.825902370573190,0.2574794079160290,1.1621770866120400,0.8016532762032920
0.7969041939920370,0.938195631864579,0.384853074483144,0.6224598972818560,-1.0793885635459900,-1.2852115891300600,7.308635508675910,-2.60831611202226,7.890868263979290,4.002280242635260,-1.2316042573817800,-1.0782752701660600,-1.5261291614783700,-4.3201020114164200,0.3480196013731390,9.061211187568770,0.9555660625336540,0.9039339107312100,0.8664609368546720
0.7712803618640630,1.01521868373138,0.33197554430180200,0.5788570548855760,-1.631948916342980,-0.6987546281143190,3.5921788564804500,-4.512761138105440,7.714052564142860,3.9773336756990500,-1.4218849370456200,-1.4359851241998900,2.931733916959610,-3.114050476442740,-0.02114645594673710,8.369047220003140,0.5470882546255970,1.1297818015140100,0.4734692276220220
0.6179522530478720,0.8932765787736410,0.3598632097832340,0.5295824339222610,-1.2518052257761900,-1.4027879104526400,7.18601806991118,-9.037403210459230,6.395516721909820,5.0304292880337100,-1.712902245819290,-1.0631372759789500,-0.9751618106165810,-1.908084365364470,-0.5640460190119950,13.752501676680500,0.7731109460556010,0.9846425996531910,0.6940198911616320
0.7186978146103660,1.0760589357147500,0.33723559638161500,0.44105724345803100,-2.0337968315760900,-1.045050266550760,3.4625304353139100,-0.5979148965335970,7.123671848862130,6.817328892109020,-1.6239477537524100,-1.1415898532688700,2.097546474113360,-4.70100083502087,0.16124723565386100,7.424967687863050,0.7644852705678700,0.8919754382085770,0.48601750757918300
0.6770411622964920,1.061116283291040,0.401980955245355,0.4662538863572420,-1.6622618703473200,-1.276637698497990,4.504344642527540,-9.068768069416490,6.9367596310687400,2.4016897386452,-1.3353324041589900,-1.0626437636611600,1.0357611796090500,-1.996345799778290,-0.5748477458837540,6.270864820568240,0.7150657825853880,1.1067707763434300,0.20397934431594800
0.7336783206598130,0.7842685303081400,0.5828366919152660,0.4740694081211180,-1.9592596051728800,-0.32858394831783200,4.8138824694426200,-6.351817988068780,7.895428394769660,6.472298440839550,-1.7198054571187100,-1.4459542760805600,4.992746124362360,-2.7569291183169800,-0.9199091836920220,6.116670423436320,0.46226528211119400,0.8791131120715910,0.1376596385962410
0.7414286739709370,0.9465236741900460,0.6678271635677320,0.3753933365519650,-1.1851218074366400,-2.1226942290372600,4.943127691340490,-3.440595293961220,7.077517281732380,5.222628993034950,-1.7211745056717300,-0.5150612931692010,0.8935639045724660,-3.1590524366039200,-0.7722199406517110,9.352013241639770,1.0740092327208500,0.7035589542245280,0.2987651077649270
0.7267870165209390,0.9263356067086800,0.5543016302528500,0.36035176800932900,-1.6883681227457300,-0.6888267251610180,3.824493975646330,-7.536351010768280,6.364128984983340,2.196323924911340,-1.963365600214210,-1.529303013558870,4.180635907745160,-2.330755433664850,-0.921601004534258,9.259082645730760,0.3246176933068900,1.186887443816790,0.42350349256094700
0.7112394363357720,0.9792750171669310,0.5350645194591350,0.4474466039281450,-2.378416683017460,-1.9391705271123600,5.010058742775500,-4.545797199467790,7.329249311647100,3.4857637940660000,-1.2574566313613500,-0.6604199059319940,0.5389153254034040,-3.1500152977551500,-0.4328549311977940,8.256945848784910,1.0591841865392000,0.9380687328888760,0.37764194222590800
0.6797123420052230,0.799242442396934,0.686088856220147,0.5745422944340960,-1.116292606032460,-1.5865921782200600,6.194784124828890,-2.983853271452250,7.803107910408920,6.477396673322890,-1.8444917823055900,-0.871728257701433,2.000322656774590,-3.8292789189306900,-0.20865029997150000,9.041731146826310,0.8779212905999470,0.5162365680312420,0.08781401454376260
0.5889740403865780,0.8993347586720890,0.615034717371327,0.665569005558322,-1.376420793581050,-1.4354511710644000,6.4835091824936200,-7.120883093217990,6.902018616142300,3.5050946598483600,-1.8076891619284000,-0.9379037860265710,-1.4787736235766100,-2.5522291962235700,0.15469346995850600,6.849098281042850,1.1555882263484400,0.6832268747354860,0.7795239125877920
0.6004475458589560,0.8807234231096700,0.6097143574124990,0.4443284148471490,-2.134127156100010,-0.8989940345249530,6.481139707250340,-7.245551582584620,6.372240488258220,2.6804803782176300,-1.6481262394095100,-1.2204394446562500,0.2874790010124800,-2.8116733701460000,-0.1612798065466950,12.480191416728300,0.8468550453209570,0.7362438799024830,0.5267154751711630
0.778007189303423,1.0308266977842100,0.6120688127822230,0.4451248229092170,-2.2371837502079000,-1.4253942357123700,4.336433666994330,-6.58973546223736,6.450301597540090,3.588484979207750,-1.2823713747917500,-0.9370199850483380,0.8339322208773570,-3.380436944385060,0.09568723552532940,12.134152180385100,0.6569199144502200,0.9133265697331830,0.5423030385505880
0.6553394996802830,1.0626240251190700,0.6488356681960310,0.34147260139089500,-1.8340572233274000,-1.0361415968434200,3.3906101450656000,-9.172376929089600,7.468538526815330,5.605639615589790,-1.7505377095741600,-1.1591946883926000,2.2378228169253600,-2.072849157159990,-0.3736820404224800,12.827521903601600,0.6746262405574330,1.0235638398078800,0.903791983229609
0.7062602249612030,1.077259582341810,0.6304532569338260,0.6702131230490820,-1.9736284111725300,-2.030063882719380,3.5561293118694100,-9.11947059723748,7.330625272644130,7.432082579222840,-1.3308241722592100,-0.6327387711027220,0.46646318096546900,-2.1256744190378700,-0.13368308616938100,7.4109764925273700,1.0545803770199000,0.7003268134078620,0.33939767842027900
0.6370413874895030,1.029256700883940,0.2993974131573500,0.4381911619020060,-0.9702921858247550,-1.8000167324560200,4.904221880749860,-3.3621907937322100,7.111513034381090,2.7308881959727500,-1.59385469243767,-0.9153567537092680,0.666496889275509,-3.511011465907650,-0.16157664653174000,9.481467849291700,0.7233854043921840,1.1792097345887400,0.6400247825553540
0.7749315864975460,0.873765271167078,0.5318322513863550,0.4727840033280230,-2.169552782208470,-1.7313876427067200,7.340587852533940,-6.422078127831030,7.017239243497960,5.630202910806000,-1.4579379631430700,-0.9767222424050850,-1.0952201050319700,-2.6976639826426000,0.2542594359330270,13.352142886091000,0.3684993403725390,0.6787376196305580,0.350297221157449
0.7622464776252570,0.8252728057783520,0.31971259243020000,0.31672745533644400,-1.730830701927670,-1.5191315958537300,7.300110830542420,-2.029059979577350,7.474475839133290,5.271031009106840,-1.4538531770402100,-1.101107159324880,0.06309891521978200,-4.310250047387000,-0.7521026247257290,9.794447250667150,0.4928836208625010,0.8188515943608580,0.05169084813858280
0.7200252835094610,0.8071283320916250,0.5864119880225800,0.5482828822512360,-1.7530232873267700,0.09457280907278430,2.6780462335849100,-8.829261796874600,7.201885061738220,5.126454658839860,-1.5699348372225400,-1.441508520509900,6.612247911797020,-2.0418260666705700,0.1962407463855170,6.607652148749770,0.84257928608722,1.0093174611453700,0.4151720233205180
0.770290843727334,1.0707491769006100,0.6935764144814210,0.37157626915667700,-0.6505203292889550,-0.9652481824174720,3.1607008398610300,-9.055839575315240,6.6975356933848900,4.540715739182640,-1.5567492373636000,-1.3778929041780200,3.8289419311723700,-1.3353445851418000,0.2041891182338640,8.83135470089106,0.6072042636620250,1.0995929639379100,0.752205805880721
0.6462731720781380,0.9768932062676780,0.4590386489767870,0.46965448169202100,-1.6826736314843200,-1.3982240783730700,7.7245331193731800,-9.937656238131830,7.30792713969147,6.556248388286910,-1.721567109311190,-0.9422433529760090,-3.6278710745309800,-1.0601014481246400,-0.8297318175421730,11.793667277877500,1.1831654937179800,0.8448166203499870,0.5160259736560870
0.7640840596894400,0.874605185152135,0.6791625929735850,0.4439561828449530,-1.8071687377771100,-2.3991052179809900,8.339414156676300,-4.7590995030791500,7.547884989330460,2.7666919587480600,-1.7623197250037600,-0.921336587369892,-2.288119992780250,-2.7252898601773900,0.018086616071078200,12.907912180050500,0.2709942986091800,1.0072444605663500,0.9256657188562580
0.5028137697142110,1.0242168985187400,0.533279674342519,0.6262742562024270,-2.057517763171410,-1.140715741906850,5.403826545729350,-9.499481017994710,6.894604978980170,7.336347902131840,-1.6099415423081100,-1.1286166501160500,-0.8311204667827500,-1.7726796518637500,-0.3380836431346880,13.323686194021200,1.1444555335803600,0.8649504599501310,0.93915452185486
0.6638728329949860,1.022596449276280,0.39650997272890200,0.2683402991229390,-1.47142219429848,-1.102886950365520,4.567593173202230,-7.2704841944516100,7.44202533798855,4.161521626081130,-1.9449402381356800,-1.1629456858804600,0.5096680367686090,-2.67656816615692,-0.29120038767578400,8.580682341439780,0.6633014237492420,0.8374136884132770,0.590480835441609
0.6188838069765640,0.9756257916995630,0.5027557225716600,0.21217060802642000,-1.7315823456281300,-1.4309302255583500,6.348804005630470,-6.469763625444220,6.171345070874710,7.512771828445470,-1.3770629667883500,-0.9631928811193080,-0.19011894006576100,-2.9987855729751000,-0.19561649844154100,7.422816411384800,1.0836777527385900,1.0103701550287500,0.5594830087854140
0.7300679687125570,0.8862960591873150,0.5460298000355870,0.4062791435080790,-2.3000056562159700,-1.146163602917900,7.612568719782950,-4.8435786261614300,7.122692559514220,5.573447456827310,-1.5943193869603600,-1.111756979674440,-1.9928159082672300,-3.146485464013090,0.22283627030775900,7.855132553723140,0.540861979882167,0.849545451079747,0.7280464242841640
0.7561370062884270,0.9913823640357450,0.6476411613510960,0.6177036103948700,-2.2896653022041500,-1.6280654562646500,6.786613252967030,-8.535833951900980,7.763646376640190,2.40048491651903,-1.2516783612090300,-0.901044720394879,-1.2886676159347900,-1.675241303692280,-0.7152732422331170,9.916382754041810,0.6663443351666660,0.996910613731673,0.4866713989736300
0.6237329741340230,0.952562316134665,0.5131741719672500,0.5378657115937060,-1.0534862109026100,-0.5666036208045990,2.350186263318560,-3.2699654891561700,6.551390903532970,4.481412301562260,-1.7485709475155600,-1.892848192350310,5.2866601913998600,-3.493129265405590,-0.16206029575236600,9.649750320214410,0.272185155094873,1.199121822066730,0.16019693181346300
0.7455968141847000,0.968589263695391,0.6471071513384740,0.3538071020653660,-0.7943386159093190,-0.7415771930196820,5.08704768502369,-3.836487035596130,6.489600617440730,3.5327061534341700,-1.937808112821540,-1.3044867395891300,2.1054104184286600,-3.364840147059860,-0.7907649497710850,10.49694684940850,0.6794980708859080,1.1892440386807600,0.3305723331871210
0.7033209253184020,1.0280414252945500,0.4673771043037470,0.5619988654162660,-1.0525976039473300,-1.5738794169031300,3.8268193187277800,-7.815589458359220,6.071020355193060,6.438725740410450,-1.7258000521365400,-0.9693025899099990,2.2245369632515700,-1.9366771541045400,-0.6984836216469820,11.363799877791200,0.7511483862843480,0.8568856094309700,0.2769510857487040
0.6624465552732780,0.9593021607642680,0.5250627441175090,0.31432377887463800,-2.0374127826647900,-1.9875662977571700,5.752422096017340,-6.984279557027310,7.953224166105590,7.8317663679242200,-1.9225282785607400,-0.7693227169374510,-1.1765171062435900,-3.5934911258248200,-0.17232236268028000,7.40592683354582,0.585434176361562,0.7457516130239890,0.9925128198719260
0.7652297686645490,0.9605139338874270,0.6895498999435650,0.4616609309770300,-1.5641684521124900,-2.164197008575980,7.850836889901670,-10.024997728807000,7.965766923966530,5.5304056652855200,-1.8894121983033900,-0.635864872442959,-1.9074521212095200,-1.255862803570130,-0.5511675423445750,6.010836939061490,0.502521770952471,0.8831016638678700,0.6414206934225580
0.7232096708413480,0.9714182365902970,0.38067133226102000,0.3383227375063760,-1.924907623315200,-2.104986040213550,4.827512752026680,-5.0298908584137400,6.744222077574940,6.2103668523384700,-1.5856637323277900,-0.6493259657120340,2.2404847048351700,-3.016473995414110,-0.6036322215649260,6.095226297809530,0.5097957415786910,1.074719659225110,0.3635119455699950
0.7434254330769920,0.6486717023442970,0.5315820020850940,0.6554204458455680,-2.4649282049514200,0.09695000897062070,2.4044319475718700,-6.05646714140192,7.064275279075710,7.5134308485504900,-1.3208817226992800,-1.3719246164515100,9.614196461584590,-3.0467445744690400,0.16831449156972400,12.504167572474800,0.9212373510955130,0.7485035249358490,0.6032381540715900
0.7826771199701790,1.0264305833600000,0.494141191953966,0.5505892818093430,-1.8632846779527800,-2.093839518353040,6.176166247817300,-7.264818506261110,6.330273878890190,3.113463599064060,-1.5759544039323500,-0.551594866013167,-1.3780259528102700,-2.502656907008590,0.01009755657194820,9.990794135490130,1.137320243690690,0.9800560588060390,0.9154749450581780
0.6045661197230630,0.8487188050251790,0.4221947442975790,0.2975297311109160,-1.9595883510844800,-1.3300900305227300,8.29125688595972,-5.33056947146795,7.330801317419350,4.7958259194919900,-1.7417713113280900,-1.0418880852373100,-2.315731389034770,-3.348700151487360,-0.3257555387281240,12.515372973782700,0.746152197965797,0.8680405716068830,0.41926505017310000
0.7482740990566010,0.9156679611116820,0.5268721122181290,0.368009198810608,-2.2672393187180800,-1.9740920390727500,6.597719224293240,-7.2929417309946400,6.365148064360440,3.0616251230153600,-1.6802650982528500,-0.688067879663224,-0.4474217832532320,-2.68030074942952,-0.19554204864674200,10.996722646314100,0.6493095634345860,1.0406280512302300,0.9574694920585320
0.35759331183368600,1.0641516402696600,0.6406287544758490,0.6265799658471590,-1.485166423660100,-2.17933600193814,3.9445421721364700,-9.55141580752903,6.637285195915330,4.804907455094540,-1.7697729187055700,-0.6310486348781990,0.6594447746329710,-1.6773473623409200,-0.10665603761553900,12.28582847810140,1.0993736466414400,0.9933777130007910,0.2547487683976180
0.6886866482529130,0.7786576501195640,0.4748220336985150,0.41397412510339200,-2.0131980432009200,-1.6656822859188900,9.151073951633200,-7.885172806276780,6.7274705191164200,3.4098982542547000,-1.9632659744397400,-0.8443604925012750,-3.642831966223730,-2.160935715557710,-0.020877239651947200,7.796764058708530,0.7862695530730480,0.7703611460717730,0.9148120670789530
0.6821092363443830,0.9109965905157100,0.5750698270387980,0.6711896449948310,-2.114909477190750,-0.3891639406235470,3.3276921852419300,-6.185893987375770,7.6445878365947700,3.1095509120026600,-1.9047638687623400,-1.4324997173143700,5.264373315855530,-3.1564577117593300,0.20390289046479400,12.170572894494600,0.5456549329323900,1.1230461277580200,0.7296695177786730
0.7067296019670710,0.9548228945116040,0.5220891910472710,0.5958421072113660,-0.9526747242139410,-1.3636554674871400,7.081456216894030,-4.767897168162720,6.704083718078,3.712643178468720,-1.8272526424347000,-1.1002900260385800,-1.3667549215471700,-3.438876829141590,-0.3957985778514430,11.555313731674400,0.5555449131069000,0.9872177988943770,0.6484799509421930
0.7736058289620840,0.9837556903288230,0.6119817432471850,0.28861131733985300,-2.2605044409878900,-0.8872282895416930,5.464312872041280,-7.901663874231620,7.957150253421360,6.149200079109150,-1.0861693381761700,-1.266581939161300,1.463909997717090,-1.8822122372148100,0.05899623873824630,7.612451309714730,0.6512584910666060,0.9752229527877880,0.15055239820295600
0.7724314064071930,0.9016303130603490,0.5900658889702840,0.5536245278376840,-2.308279260703790,-0.49454637226736800,4.142060242231170,-4.115825692693930,6.766499697093540,3.2308895017005200,-1.3514941315259500,-1.3229938817628500,4.0888752903338600,-3.121386031424580,0.23847913046072600,12.72002337448970,0.7365718091996280,0.7691063897992980,0.6503387635033680
0.6220516773967440,0.983427497302481,0.3052399766074960,0.35484261147597500,-1.459998856176220,-1.3570417984246400,4.9524977725003700,-5.73365545318931,7.527797797732330,3.8483941035034600,-1.7721303785533200,-1.0994532755319100,1.9998673055246800,-3.6392793336969100,-0.3266120826445280,11.883624281136700,0.6011526149010870,1.035952546571370,0.5723678208772010
0.7987262651252210,0.8933577682667920,0.38035547291764000,0.26614295677504100,-2.0453130104283300,-1.7364224692075600,7.539487277781960,-3.9093816458442900,6.178659634898530,7.3514944455664700,-1.1507553937454300,-0.7620111573386550,0.1480526226639160,-4.513780628453000,-0.6769887374880010,8.648854803918890,0.9837916555734010,0.942021870256856,0.4917536449024390
0.7588674979455580,0.995704071585059,0.2840215621650980,0.6640075998634840,-2.250966736140070,-1.4777241734156500,5.822180383950870,-7.0485739813136300,7.45682990470528,5.2563285807934400,-1.0525728895760200,-0.9620229910782670,-0.08391994320618250,-3.082866682401590,-0.2952001407583840,13.739152534928500,0.7675726317499960,0.7921526113038760,0.7435330028561380
0.7055922163338160,0.9301500113235600,0.24930738365662400,0.512305318467324,-0.6435488310165190,-1.1202035391510200,2.498882150566270,-5.449867795923670,7.7050762778177500,3.87625278557855,-1.8358618379021600,-1.6438506173447700,6.162942323272230,-3.7950218244920800,-0.385273995084184,6.563635592204530,0.2547264421521580,1.0782458029033600,0.47506220759836800
0.5083609747444970,0.9928830049628170,0.31229900628815400,0.38442275852645000,-0.5040781057292210,-2.216902033193100,4.580431914519270,-5.41239066823777,6.7012544283189,7.640978800085570,-1.6853880936560000,-0.6007070635959590,1.9686922226674300,-3.81853954950474,0.12114185641020700,6.2088684202715700,1.0514750787182500,1.1692991847630000,0.2379541430319800
0.7254050334378790,1.0451307196396300,0.22828502608462200,0.6506627749590060,-1.7832179442583400,-1.4659642798556500,4.498541973374790,-5.567823922577690,7.482520709046430,3.2120101710739200,-1.3500341695030800,-1.0632354932011500,0.15036990678638200,-5.357875622999180,-0.2996034681685920,11.624206334954700,0.5391299002624280,1.155177100296780,0.1351577487163440
0.705883283649483,0.984571855370329,0.24698682807784900,0.5263625367736820,-1.4892914497235100,-1.4959425283384300,3.464697140353350,-4.286768657070490,7.279315210824980,3.7887932130386300,-1.819311583751350,-0.9463028725495110,2.0426361670300900,-3.890775898225440,0.10288992855207500,11.205956060334600,0.7187965275391590,0.8126748245399410,0.13364571552279500
0.6438176567961980,1.0554395518513800,0.5841051957104160,0.21360047916631400,-1.4381654015873300,-1.8049353079472700,4.828422383625980,-4.7637792417111600,7.964813090897820,4.5492862186348000,-1.1625681742608900,-0.9308283431195320,0.8207859739785560,-3.1002296300727100,-0.12881320217088000,11.618924416517100,0.8449686049907480,1.1752910193488500,0.6364064088363580
0.7694862175539490,1.0654070297397600,0.5452281613915150,0.5356175615020400,-1.411075134896300,-1.436479463719760,3.0191767177947200,-4.774256318250390,7.398491752892660,6.28984306597619,-1.7403310725505100,-1.106372442275890,2.7554864219089700,-3.749280386169470,0.045981050734464000,8.384780200323060,0.4119307810350140,1.1765460226142100,0.8493209353346370
0.6380597545516130,0.8897303301954450,0.5515017168048450,0.3606224821950620,-1.0307297709671800,-1.7884321529511500,7.0490485343735800,-5.73828005781148,7.29936418505959,5.39945783816716,-1.853480987828950,-0.760856075637013,-0.7407492161038630,-3.135288959777310,0.11455854383511600,11.291454069700900,0.8545393705495860,0.8057145446792960,0.704162773914618
0.7887933189747050,0.7950989840434810,0.6287929328523320,0.28256371638443000,-1.693219965236510,-0.46363456000054400,4.888344913563420,-5.1475092726803400,6.936501819141180,2.8790521486858900,-1.8758225447935100,-1.2594486010601100,4.24967623616277,-3.0888377163267900,-0.06847699158377750,11.613786705993700,1.1048535018929600,0.6636748666806420,0.6821837149550510
0.7540825152665930,0.979749543631678,0.2418791216641030,0.4434077677434340,-2.271441492820600,-1.7265311835201800,2.8944338783194500,-6.940348370887310,7.179525278170690,5.581233013468810,-1.6377314336840800,-1.2097508759011800,4.422483359640720,-2.7749958552050900,-0.07444610376274760,13.871187780238900,0.2879055865673240,0.9454991512262690,0.5420424629954750
0.6234879543022910,0.9146840385267700,0.5364882396456850,0.4925162905711480,-2.1165518567842700,-1.8032313892514800,2.9501822144308900,-6.359812277909140,6.9348649119656000,2.5512954531526500,-1.690259876752470,-0.7913396205428940,2.9368429865949700,-2.340394357411890,0.06582308982935540,7.40227918403387,0.784349609439873,0.5102845020266280,0.47837677133986400
0.7877329663373580,0.8688293753000870,0.5835467817231310,0.4083360605937470,-2.1022105622498600,-0.793573881564321,2.229481699407270,-5.630902348163070,6.994778375243650,2.4108710296203700,-1.3829405203968300,-1.550004625016980,7.010336690975160,-2.9439909120642200,-0.12058391257047200,8.161612030777970,0.18758575426900700,1.114347532177800,0.2391595430341690
0.6281614076312930,0.9677551639555750,0.588095792766276,0.39037255770193600,-2.4999593453161100,-1.154454152774110,6.205964762333060,-5.489725607955450,7.402346753340410,5.04661184301392,-0.7649216344016690,-1.2397732333944200,0.20088216541814800,-2.9733448718057600,0.3435795924768090,13.209212267932400,0.7718241748844910,1.1352509016871300,0.7494483915387580
0.6733656294640640,1.0275832968733900,0.3700149663602390,0.4599632917187520,-1.7069257979740600,-1.0607026180093000,4.259061992402900,-10.152595386799400,6.786365969551330,5.575271761126600,-1.5345109028895200,-1.47323603378564,2.551601148411390,-1.3994686702622000,-0.3252986500318140,8.982902558645250,0.32105904743837000,1.17754048928939,0.8445383423662800
0.5445937965932100,0.8855028424037520,0.5108906016931440,0.5290442484195730,-1.9853080489956100,-1.7986232184011700,7.906763832496850,-8.570392754890850,6.450460098006590,7.763692282485600,-1.8354191680460300,-0.7947360579428460,-2.483652456482420,-2.6685877416895800,-0.4049721104382120,8.394008665141690,0.9774494231786150,0.6757007776387980,0.327735216819138
0.7981041221716100,1.0556627625406200,0.4910813465976780,0.6647988857706380,-0.8992825274483500,-2.2379945970345600,5.7728502830504600,-9.893996331978990,6.819830232906960,2.553632009274920,-1.7861011221161900,-0.8462244567361460,-0.723243729682427,-1.1151125115985900,-0.00964920179836376,13.71343101330070,0.32355001690334900,1.1991300052592700,0.9000052971552920
0.6957426051234230,0.7865497881703750,0.6331823923530580,0.6224362179020630,-2.209540688442790,-1.1567140115300800,9.662460801792880,-6.328955515683550,6.7755750271745900,2.794372959062920,-1.2690137711805500,-1.04396647413082,-2.9888330245111300,-2.971915177678170,0.10580707206845000,8.463051329809430,1.1891496637126200,0.6099274158083830,0.1564975671113350
0.7555470369657520,1.0177722786976000,0.31672115714560400,0.32558897773814600,-2.0444868127527000,-0.9752260839168710,5.116045757193740,-5.632099729935990,6.840128207242930,4.915728934152390,-1.5453752838943700,-1.45694894304087,1.2193611245811200,-3.0925695714882700,0.04140452370580630,11.444521703110000,0.4245840764784440,1.0296567302194400,0.8881463947627070
0.6758638661581670,0.9582075364300670,0.47727486342551700,0.3820364235422590,-2.326513234778390,-2.030973352855490,5.260868397457230,-10.349519455557800,6.49051559853249,6.754269581968120,-1.7201926249733200,-0.6520249504975990,0.9700275443068870,-1.1864411112814400,-0.9701173266584740,6.892516419802620,0.6351833862140900,0.9721616893497760,0.6242005107604910
0.5583559238249930,1.0347767102450200,0.3334280018193380,0.22259010287681900,-2.2744453719493000,-0.5939465470388490,2.0883369467247300,-3.1169650101296800,7.282199607953910,5.235421353566680,-1.3844052701994000,-1.3784044772302100,4.372132656837860,-3.958208988019950,-0.132055596176194,10.76452532573640,0.8096392422655730,0.8085013847068020,0.8920060140101720
0.7913266458752760,0.967426318021257,0.6151738062055770,0.23050892600050000,-2.492390217336200,-1.538715138509490,4.584804190730510,-8.52799772524074,7.508705290973850,2.2883036690964800,-1.1460490879147000,-1.0873790528366900,2.094941370664740,-1.4310890065393600,-0.2038696633715760,8.02134065029032,0.35110017445918100,0.8449858172100040,0.6137053780980260
0.7909487689146860,1.079314146161540,0.6094171827290580,0.5455417102955590,-0.7980463793658810,-0.8996184830468860,2.722901509600110,-7.710325069582180,7.078575284721220,2.270298293670490,-1.3593449659055200,-1.5026326687509000,3.167789835343830,-2.082394835895150,-0.5173391378346300,6.891939490704900,0.6520673616267470,0.9952373251319040,0.5206382721651100
0.5817823308473670,1.075529370715670,0.47561494052111200,0.6818202470806430,-2.0494135751654200,-1.5698066769683100,4.067018515810680,-7.081140658967400,6.853294871967240,3.067251673137970,-0.7699439391337980,-1.0873028498297700,0.6301402302797230,-2.875573986839030,-0.33263034747738700,10.702347926422800,0.9197070607935410,0.8988186798248890,0.6742643648754140
0.6707470829646790,1.0671573419421300,0.6028752654453530,0.3155371136258830,-0.6121858146335910,-0.6068171758571200,3.0339728653417000,-9.620706486075910,6.448809398066160,4.09951984333463,-1.3896312925820700,-1.4398792257734800,3.835214938091960,-1.1942487016234200,0.30692483384278100,6.185904775262530,1.062639548081950,1.1318178967546700,0.17452560445134600
0.7376044512856030,0.9321587246483290,0.4510191999661190,0.511584554633004,-1.4285248001600700,-1.5165790681621500,7.338680651807770,-6.229585491522310,6.667178067570660,3.3561542856698600,-1.6045424223752200,-0.9226630570442560,-1.3304148205136400,-3.0576059961913300,0.34726874472761800,12.229325067198300,0.6623956927753070,1.0214332131380700,0.5595544256204340
0.7743271090282730,1.0492791646481000,0.3766823361416390,0.2325803027410820,-1.5631349131372000,-1.8672836384784300,4.081548009347580,-1.807092000889750,7.302315391733540,5.306951553714330,-1.8081513283983100,-0.7899406968345310,-0.14043099499810700,-3.409698765862110,0.025677607799749300,7.359204691261830,0.5113527354480900,1.0723113892530900,0.5276231562132410
0.6861004247305010,1.0255041628544700,0.6128790927924260,0.27204867693862700,-2.3407873759089300,-1.5069450514921900,3.9030636806675500,-6.29166031349056,7.026707502358950,3.5167493070559000,-1.7266475662834400,-1.2088682159085700,1.525944876560550,-3.0554002383891100,-0.32056363512682700,9.95760829783139,0.3444580878420990,0.7383603030966970,0.7591386396860860
0.708053221097753,0.9067489250024830,0.2449939458615780,0.22861898376347000,-1.2230812089084200,-1.615548031671870,4.79235453596836,-3.6347003417266,7.18484550817886,4.857632304214440,-1.9317290217691000,-0.8238046707223060,-1.06984606448253,-3.6689282007078900,0.041192388145307200,8.240353060769920,1.1351557133560100,0.7209854818614560,0.329436727624965
0.7660854687932520,0.7245302069458920,0.25927886162678400,0.4619810407416840,-2.049724638942190,0.20723118919356600,2.49473242124405,-9.535379587234350,7.4440971919128200,6.722384787485470,-1.8297823528193800,-1.3109695257909100,8.32676451012974,-2.2268307020690400,-0.6045000003335,13.177032842219400,0.7733095475697500,0.990341409376545,0.8469930320731410
0.5702844921731690,0.8829347725542710,0.49267441351709700,0.4579861880133950,-2.1345450928452600,-1.5848656301031200,7.1086143694104700,-8.147683669119290,6.849530870981660,5.553860713332030,-1.3571574023084900,-0.9244308904539340,-1.8177969139947700,-2.530313784975150,-0.11794067817592900,12.221978884648100,1.0310246285444400,0.6072532076628790,0.7666840487738000
0.6388622111206060,1.059877470657480,0.6423823036918690,0.6268630714834760,-1.560841999368820,-1.6504025896753400,4.74093877096262,-7.527151332897730,7.0073344644104300,3.994534983454120,-1.5207418259836300,-0.9373968647599450,-0.46289189255830700,-1.9478922690721500,0.2711675317545320,9.614676627580700,0.7017796433732560,1.0721612360059500,0.3305160493479270
0.6867190315187670,0.7544847665319390,0.41006416878370600,0.6476040548930780,-2.129262347242720,-1.3956769231089400,4.057976347316980,-7.627688178158210,6.767205300590780,6.372659933942370,-1.74200830766416,-0.9429245621024940,4.6328822590866600,-2.53515154978652,-0.8664349096656740,10.526180343907700,1.0082056452673000,0.44351871695964200,0.26793882352233600
0.7598407846901680,1.02029696769353,0.2658719153936060,0.4601376503009190,-1.2854897794255400,-0.6186418668196130,2.4633679272189100,-7.572808546945650,7.3138627295061600,4.964760444450190,-1.4001207137241500,-1.3148768667652900,3.6143398836875300,-2.534303717528010,-0.5182963238112370,7.919767779274110,0.9506675933463550,0.6581872624437200,0.690584110351879
0.7745060197323700,0.8040825632973740,0.6065308031550700,0.209109999378718,-0.9182765460112840,-1.2435887288525500,6.607717633359150,-9.686288898994200,7.000961432788840,6.2112484655732000,-1.9529938259304900,-1.0667675592014100,1.055291891009550,-1.4668715408246700,-0.5994714043981750,7.874632232151850,0.6360382552469760,0.6838261843513820,0.8432267320721310
0.7638801859175960,0.8367730078274630,0.28656723194566700,0.4209419088513060,-1.8919358465321800,-0.6178018817126390,4.632559149353930,-5.0121695568703600,6.056868458179030,4.724032153176000,-1.588657329237530,-1.4503315850062600,4.943531226805390,-3.9371863430459300,-0.33288263100220300,11.951963404877500,0.3392569367478690,1.0907430017323600,0.26494207057606400
0.7850492226754870,0.9959917877789330,0.47085462163269800,0.5398845532690170,-1.6134556086264700,-1.8226571914828500,6.503606333609870,-10.429175421071600,6.549847529047240,2.210018705954280,-1.8204460872949100,-0.7027874514680550,-1.7163730087584000,-1.57262844826904,-0.48297551985428700,10.040466523846200,0.8647521339913740,0.8318468052710510,0.9293375584059150
0.7714396228980450,0.9810568922786960,0.5242800513133030,0.3604708685368570,-2.451184031033850,-1.1546227096805000,5.784021663300960,-9.319959399221230,6.4589101149766300,7.3360238522197,-1.7885449147808700,-1.1691067512101100,-0.25675315232519700,-1.4316712931019000,-0.6790240658496120,11.555611315075300,0.4917549598391660,0.7454676247857720,0.32327033067991900
0.7710363682464010,0.9174467244101590,0.3498061985158300,0.3576476852188220,-2.0136089265572600,-1.0785397619854200,3.0304121088679200,-6.458215723560630,6.497322279236270,6.6044191494123000,-1.8146995512005000,-1.7878243627036700,5.079568807367750,-3.0859255373643200,-0.710994603291129,10.694017639332000,0.16306714539644500,1.1545079602916400,0.8355276776754470
0.7497319867041380,0.9395935657610490,0.592645627862922,0.6423400269170360,-0.37905331083396600,-0.33374904799787800,4.07469894080019,-8.622370053224780,6.081363516585840,4.0270365626807,-1.6449956905229300,-1.4153162083710500,3.4118935039402400,-1.559765391371040,-0.12013547227034900,6.477405971332190,1.1809629474178700,1.160633107704470,0.8594681558820830
0.7346871866604810,0.8036853262142380,0.6187090970647930,0.3363833554612980,-1.8350120524527100,-0.7899464216392240,5.361374587526530,-7.092944432665710,7.398941922029640,6.678584033150800,-1.8646842192828900,-1.2759931448223200,3.196313471102090,-2.360413193695370,-0.8042516327795370,10.608046764163100,0.50412916341928,0.8630373125085240,0.6089870654679410
0.7622823884134360,0.944120267902129,0.4557015568541050,0.4786533719699160,-1.5266920731713300,-1.2978180617581200,7.192293063395630,-3.314204821462070,7.2972004226263400,2.2472917391802200,-1.3263866454630200,-1.1607670140595400,-0.5995505147407010,-3.9970358363344400,-0.07803989743532240,11.074688882415700,0.5568310319325520,1.1468435162053300,0.5034640070807120
0.6751327002467130,0.9534814476405740,0.6346068236822280,0.3629088229979570,-2.268792924473600,-1.88956301674197,6.3578441674452900,-6.083477397648240,6.543554202900810,4.942945549205170,-1.318488898455690,-0.6970017407168660,-0.36059954103775800,-2.919070561912910,-0.8933868163579260,7.2580859177068600,0.9989378992173050,0.8543441706743100,0.17850260390156200
0.7971597842845590,1.0037860369168400,0.588430619770922,0.5245797797507370,-1.67391424702689,-1.217950674957790,3.5055647389870800,-3.6563426851393700,7.376416011030320,4.125768665950650,-1.969232720468690,-1.0154394198014400,3.3371262495139200,-3.6192289377136400,-0.44845941402094500,7.173145861776310,0.7960718492416960,0.6603686958025540,0.20835638346323000
0.6502516269158630,0.7896755323805970,0.3060865605109680,0.3742435821566460,-2.0039181692891000,-2.151657922431050,8.964089201199210,-5.747457524542270,7.344004226448650,2.200520266269520,-1.9446025321004300,-0.613678309131397,-2.6606537757463400,-3.3622863046924000,0.07204019812311530,13.161738385559700,0.6218407988710610,0.6448952853398820,0.09418689131894400
0.7764986224683290,0.9344924239297010,0.5894159239626710,0.48302131062285600,-1.1091732909153600,-2.2430420748458000,6.919186431834680,-8.211955043935300,6.326870415174150,5.8059240577322000,-1.6041605753750900,-0.6439414897414050,-0.9673120770159080,-1.318418646890420,-0.02801800789472240,10.478003532343000,0.5185375059124080,0.8907861580533310,0.27618496441986000
0.7397166100706020,0.9452180418500470,0.6136416913739700,0.5386126142619110,-1.995223716493720,-1.8191368284381400,6.6367327017426300,-6.446219552759030,7.759885178677000,6.44721202543147,-0.949541669770271,-0.8528751540543690,-1.227139801854990,-2.1918676348122200,-0.005379705031957960,12.112888398928900,0.8779453340946140,0.8861151547019140,0.09437270737282170
0.6969928105780850,1.020834488198410,0.6747028399405510,0.6547382331711820,-1.7768564938930200,-0.7295757491121930,3.864254813638200,-9.388584482058180,7.364377236683490,2.7963439191887200,-1.6898940689463500,-1.2904853233524900,2.140740729854300,-1.3045253359928100,-0.3665573069909240,8.687198564533900,0.6436815531985420,1.036289033602610,0.7143430201739270
0.7968200431893690,1.069219884101110,0.2599771551164190,0.6270993041282450,-2.1930627330641300,-1.3418970161871700,3.4481094234088600,-0.7221489374314690,6.905690995654480,7.9432125513388700,-1.5253891099030000,-0.9131315058322710,-0.7692945747673310,-2.6479585579118200,-0.5760984217152910,8.103556120228220,1.0834146648777500,1.095977063295680,0.38775823319356100
0.6749005020867480,0.8148619649583280,0.6222150108947300,0.6739009013330330,-2.3240082706500600,-1.0846515560740300,8.437399983829500,-7.999398802555720,7.315878665119260,7.401250184701330,-1.7334374222736500,-1.1301061833722000,-1.635929403518660,-1.601424218128890,-0.36427994840276600,12.10487043069260,0.8432539079078240,0.6306557537597250,0.9108077858953550
0.6663984940214530,0.9073179472517840,0.3566685669143220,0.5441894594630760,-1.0520655465174700,-1.7592682364159600,8.284063175665140,-9.141218269886740,7.294137494377040,4.634791605240190,-1.7221775107976900,-0.7859898540135160,-2.314659550074830,-1.5800929990987900,-0.7177383263827130,13.268212452844900,1.0388319993700700,1.0375714049847100,0.43500539192856400
0.7064895996464750,0.7102338250234310,0.494029958289583,0.3560173249518940,-2.183527097276370,-2.1266591479595900,8.420067393253740,-10.377760824609300,7.010515133195390,3.303830000055930,-1.1557466028488500,-0.6113278033454660,-2.2061096886868200,-1.294189209306440,-0.4855078432015240,7.8637086289310400,1.0638002674186600,0.49727155811973500,0.8744909925737060
0.7966118490895120,0.9250061956271640,0.49803139832417000,0.6260776449737530,-2.1035566786354900,-1.3594595649274400,5.648993819484940,-6.387555399272160,6.5869512387112700,5.675910272160470,-1.6392754817730600,-0.9061491059841680,-0.5227286161666950,-3.9892468428118000,-0.40527284465257800,10.393275499169900,0.9367425388267450,0.7382240799697450,0.68888786718952
0.7819197890747310,0.9712350164927980,0.4413464518354870,0.631774564015268,-1.7491866169130900,-0.7621119271014250,5.322015232362520,-4.799697859153540,6.45897151501878,2.5056732644284800,-1.6168469090314500,-1.217294802292260,-0.7262211379595810,-4.494964552771210,-0.4240640134459930,11.375195624252700,0.9626627432617440,1.0079708397317900,0.6358661543965900
0.708761247705494,0.9421019795786690,0.4234146334511230,0.6437935785821620,-0.6569194042095770,-2.2728315459410500,8.683460696729630,-10.139190027303900,6.754720022013090,4.84247159860664,-1.6155639608783500,-0.5805436630956730,-3.787878497324690,-1.2627414150534700,-0.8704519159579030,10.074530484215200,1.0503912734684800,1.11544082234408,0.402172332177389
0.5271976989046640,1.04223163026031,0.6840037606909340,0.49589669721470400,-0.9891471979521490,-0.6244038114207130,4.78135122606462,-0.8382811407854210,7.296436325035830,4.8508857898478500,-1.7870985899420700,-1.3750820622191500,0.1778871070605540,-3.065524346030550,0.12499711168585700,9.227959821654600,1.1030248330655000,1.1617572421213000,0.6334184583926180
0.6392705625358680,1.0022757363308900,0.3805500670001340,0.542830014564714,-1.4121773361117500,-1.398733836433650,4.984473150957900,-6.535350330975380,7.072110032576640,2.587999919539610,-1.3443052066258200,-1.0421785766701100,0.48294270161201200,-3.1513832432809800,-0.666718774762171,10.738853931972700,0.8990188406364930,1.0271285465725900,0.47605586341515600
0.7806045191000060,0.8053780331100960,0.6991843961454370,0.34184038253667700,-2.3997047158674100,-1.7791412888549500,7.683220351528140,-10.402453150560000,6.255029502696330,2.1234395914972200,-1.7128908231085000,-0.7280744161089290,-1.6263343819282200,-4.368920084992550,-0.5108324703746820,9.813461715552700,0.7537841942633820,0.5412413410851250,0.3402449284509490
0.6879616142250700,1.0116060814881200,0.40994667319796600,0.651552606885917,-0.9246751115997940,-0.6128510000432720,3.659303472586680,-7.502750957319490,7.091460037638850,7.834697371004400,-1.8623078321135700,-1.339907579702660,2.741395857253440,-2.679635962392650,-0.06605769744116440,10.461783458830000,0.7181667055000110,1.131463545211070,0.17714732543427300
0.77981068820896,1.0072651584473000,0.2817503930597680,0.5259119687543250,-0.5760414569339020,-1.155354011352020,6.293610862735460,-8.933857115472040,6.491719972305750,3.615147092067160,-1.6154000125606400,-1.094719618297890,-1.8086938763483300,-1.7169503736806300,0.0031580188835461400,10.462374455792800,0.9542863162037000,1.139637792115190,0.525170274337617
0.5298977051736160,0.9350826252066730,0.6231749909089420,0.4887780387757440,-2.0522467105173900,-0.59515611027062,6.596639674623720,-7.535926817292230,6.474946635662690,6.108704427610280,-1.3717525815338900,-1.3598536433134300,-0.391766571618666,-2.8844324141521500,-0.058824486358845800,9.326359041149230,1.0351608379334000,1.0366875194158600,0.6052955566521100
0.5903452038183920,1.053082809157600,0.4567884017198780,0.4595740330207980,-1.486250466868710,-1.047539822527120,3.617060449712700,-8.524681352344740,7.506023595435590,4.9078953807433500,-1.9309931897598200,-1.1175409002638900,1.8226092583983800,-1.7029944914180900,-0.41674190500642600,7.366627404349540,1.1602798030222900,0.9795891878930900,0.30488962139624500
0.768713137329531,1.0348992510505700,0.42085427617347300,0.3638159736497170,-1.1308169859284400,-1.2173003581650700,3.2826059078735800,-9.079890150363420,7.008041528348480,7.271178284203990,-1.6923532538408500,-1.2326731595602600,3.5450101045849800,-1.7629664041772400,-0.2245610399888290,11.34751972972240,0.5481347484647170,1.011037304584040,0.2835306604649040
0.7499865289958550,1.0500632426994300,0.6356136378534200,0.4564586317152160,-1.9160704265603900,-1.8468444263459900,4.071888942368310,-8.020320599592490,6.991488078397240,3.8636483943242800,-1.3772624262712200,-0.7134533009590480,0.9927486328784530,-1.8877503568711800,-0.2345761931756320,13.210781743327200,0.828872106640329,1.161737556826450,0.44898022436488100
0.6772663845310080,1.0802353662581500,0.6943754461423520,0.5077062379398280,-0.9317150622154840,-1.5686613813781000,2.596029995332550,-5.290964207604320,7.522267520161720,6.754087997787340,-1.9380075509916600,-1.1465541698084600,2.266592533531420,-2.7899309962915400,0.31105620783126400,7.984452624206120,0.39889416352334400,0.9541360676081030,0.5579514708762580
0.7993877915833820,0.7762668011288800,0.48605725934752000,0.45208226514851100,-1.7215082797035700,-0.7050372644271390,4.55199072997641,-4.897453784319290,6.084202127433860,2.0939761289923200,-1.776180639613040,-1.4367932914165600,4.921166304995290,-3.8210734495089900,0.09621792196033730,12.693040069732800,0.3554372971915580,0.7217274979719650,0.3603518712283640
0.7510718557105130,1.0039962472000000,0.40417243738535900,0.6682834941343990,-1.8776866414061800,-1.1424891399908700,5.225500463886380,-10.449845930221900,7.1983046345591300,2.5754010629161300,-1.8000154997498300,-1.049407375361090,0.04086664631275850,-1.9113808340142900,-0.7131656903332220,11.19556376684920,0.8697163447846930,1.186472098670470,0.8792472560238300
0.7550304927401190,0.9248585063224000,0.5965585246549980,0.4884582498768560,-1.0533244582216000,-1.3803480853979,4.497484799182850,-7.119391385421030,6.919961747969630,3.252018476571760,-1.8501041876818200,-1.2013460741293800,3.345792897022820,-2.6282229531490700,-0.8529753875448990,8.740207926303850,0.413542235376943,0.7962828239807530,0.08613757070059210
0.7620728295579350,1.06009246457046,0.24475892105217800,0.6678722057445380,-1.765567950915880,-1.4193430827364300,6.011068069612380,-0.3254400493280290,7.418708919102540,6.428307935835900,-1.9743660803864800,-0.9136575860737750,-2.2512635915069300,-2.2022662283980300,-0.9457296215530740,9.102661115022630,0.9514446284308280,1.178441464117260,0.5354058194561650
0.4598593969974580,0.8790766269835490,0.2987529932551140,0.47054276689026400,-1.5922419145534400,-2.153446410800180,8.334998392329110,-2.6624000527827500,6.596776984347430,7.120665009122680,-1.932087998812300,-0.6233902962315650,-1.9614784522086100,-4.023871233741120,0.3169828250029950,12.481452164020100,0.9286940102452490,1.0496288705332300,0.5393275769779140
0.6330231749812950,0.9573772020180700,0.5969188928598940,0.41254872203849200,-1.0805700838895800,-0.7226020566851060,5.2907966848598200,-6.997802367802010,6.5867648551223100,2.5953424436189700,-1.6931855858068200,-1.3994466890394900,1.9227556478835700,-2.2964807297130000,-0.05755571946870720,7.3867815951980700,0.6479540276496970,0.9225011796431040,0.8873769244126350
0.6864001270645760,0.9776976315699470,0.5294194894595580,0.2556119149529070,-0.5140598124028350,-1.9428610810351400,6.550049026031130,-8.94189311133559,6.58688924108084,2.481422403926280,-1.9127820087340300,-0.8917456974700240,-0.900230898141994,-2.247729326076930,-0.15164206114445300,12.027967654958500,0.6253165962315350,0.8796200527222190,0.23738720110545700
0.7911903337557510,1.0213419595762100,0.4335401326650920,0.4819325894719560,-1.7660450813525600,-1.1699783823358500,4.10736971425708,-7.013061415717200,7.716186527738990,6.1783346245751600,-1.6073319067374500,-1.086868754734190,-0.09058379926283060,-2.137095695924290,-0.18865962371781000,9.906787438987370,0.8573664681405950,0.7492049441682690,0.8059306787194
0.6570966199054580,0.7423295131531730,0.5688839029065000,0.6737979001706280,-1.6722754883802700,-0.5701979993334860,4.409209774334320,-7.517372581037170,7.781073434479120,2.80276930940064,-1.9718410736554100,-1.3229632380500000,4.917440816439340,-2.0023353553209500,-0.4235145700242410,7.50821990851805,0.7813792960850270,0.6233518830650310,0.4926048940183920
0.5511185661952510,0.949420726263177,0.3204963531315180,0.32339604198236100,-2.2703518699838900,-0.6172105592159540,5.5456122768563300,-2.0359239379404800,6.923479765418070,4.734202819614430,-1.5742661494858200,-1.4329983427874700,1.4572460472683400,-4.742102920987520,0.25307998725179200,10.62031505559580,0.6614335228067540,0.9312061820186890,0.22802369798005300
0.754646909088396,0.9460665211699090,0.5741113831390930,0.4580432143667680,-1.1743973883495200,-0.3639317594544400,2.5572044398998900,-2.235819092099700,7.342042580568940,3.333830927941010,-1.6308638056756000,-1.3828216749267900,3.0072377353767100,-3.0389906022923300,-0.9170449201681060,8.888041288090170,0.8797965478888630,0.9218996660804420,0.13086422382452300
0.6508641881369510,0.9848470863480400,0.3046200370942210,0.6178045134214970,-1.1030445888497100,-1.0087139370039900,4.659430248923940,-7.481838271042010,6.1443276585699600,5.4788266969769400,-1.9302631898375200,-1.300404331489420,1.5314011781786500,-2.7526071960809900,-0.5821217162327220,10.999781357090800,0.507301749100637,1.1217064996124200,0.05871663726229250
0.7665414311423540,0.9459328405037440,0.5085081007237890,0.42473099700218700,-1.4905724227347700,-1.8035269617988100,8.177324448876260,-9.089227524928090,6.996341861886630,5.694945229533830,-1.5982636404064000,-0.8328965163105930,-2.4188824751033900,-2.1504003952442500,-0.4210404437223060,8.433959186324430,0.5868439790101950,1.0656665873422800,0.2399536461053910
0.6264519383930540,1.083604034301480,0.35566649540376800,0.6060023962376450,-1.3643275908615000,-0.7864684429811700,4.006773514175570,-4.450466164367630,6.368441544042870,4.299227026845950,-1.6727771788881100,-1.2230164105378100,0.1386487283188810,-6.524274364402860,0.0008963146637731570,6.4189081586980900,1.1412690277425000,1.110481250563640,0.9929039661546430
0.5060817775079640,0.7828375793786550,0.5612383609762210,0.5110480650816750,-2.113184973125220,-0.4119066060271580,5.685886413114690,-8.837414433339120,6.594025762772550,3.7079527309370800,-1.8059876738632300,-1.425644605278500,3.1525467533821100,-2.4755629830804100,-0.10324825689968700,13.113754989521300,0.9340831686092390,0.6470318774823570,0.3934247221131780
0.6422740276834150,0.998990421369355,0.46597729207860700,0.46223309443580400,-2.480694645500920,-1.2468512075643200,4.485167159817830,-8.987986835296900,7.667543692160290,4.663984665270710,-1.2474904568170000,-1.0453556707784400,1.3645833269987900,-1.3318931811401100,-0.1816662724695740,10.277883839574000,0.8238797267461080,0.9418159250369850,0.7689971001573970
0.7750257408664330,0.911137700974634,0.477695801298529,0.5035641362115710,-1.9573255235799300,-1.9865406478388900,4.857698701643460,-3.7847597059109900,6.140457809864080,5.124794045520040,-1.6815965558130900,-0.5430735816670990,2.321974647322640,-3.3552577540894600,-0.04579169102292930,11.280760905870200,1.090667576181400,0.737729729856509,0.5748811607505500
0.505110740696087,1.023476465351950,0.3381478782210830,0.6462655335224420,-2.339487883274700,-1.578876600420010,5.191484373458320,-8.630831154558340,6.29987464125542,7.326097514916080,-1.7824565331038200,-1.0025584749741700,0.014476442502256800,-2.127452815045030,-0.980824967488622,10.722040593869900,0.663316597762418,0.991846487841895,0.8352665436259740
0.6382703533352990,0.8786041410221000,0.337345868703836,0.6083169713167480,-1.5427064559143500,-2.2911016878554600,7.562674428967910,-4.654162426123510,6.80613140186744,5.868336226262580,-1.9800111598175500,-0.5474223148223820,-0.7089585740164750,-3.699576957786060,-0.34688514521886000,7.6818981809839600,0.5792434127019260,1.0575315577562600,0.5248346925278900
0.6686257614762910,0.9596439392309320,0.5841700808821400,0.3748551093503550,-2.3536785542611600,-0.9385094181510810,5.779398046933580,-6.6926985662077300,7.635794633229490,4.6395330738073600,-1.6915190371625300,-1.2223016199587000,-1.0955022866161800,-2.5386549406602600,-0.3476335233614000,12.918311456076100,0.777340426917718,0.7630951248990550,0.3286317685349550
0.7841645384045900,1.001586747831630,0.6749785189116540,0.27570358407977400,-1.3888748355713200,-1.1527956794615700,7.633655355711360,-6.066766485181450,7.291828252172820,4.011567647149890,-1.630126560842380,-1.0670113503858100,-2.2912488783206800,-2.6296340685118200,0.09358141540290770,12.842932525732600,0.9726896598188610,1.02882394364264,0.9010943818772670
0.3970877403385250,1.0658675368161300,0.4955268012678210,0.3216187089125660,-1.7615177698121100,-1.823043359397070,3.766426487288020,-3.8007012085221800,6.537334866117160,2.2629747342957800,-1.537872450237550,-0.7867352783688210,1.8862279232961600,-3.6346456473509200,0.17492525379621400,6.863089932590080,1.1298275862132300,1.0436776043498800,0.5155982395127590
0.6005836783086950,0.7536049235320320,0.4280460363046160,0.6723880925099380,-1.9518161997754700,-0.3266467179513410,4.917949418184730,-7.398781373849470,6.492732532090720,7.248745564171710,-1.5862473777031700,-1.517305213930680,4.734259523063970,-2.8917041465493300,0.001979987875998160,11.739869923412400,0.49649464596227900,1.0638219617364000,0.9272588845550180
0.739251790138049,0.9775681112644090,0.5300408938690210,0.6594030669259320,-2.4362372336406400,-2.227356192819900,5.037944944144060,-8.263600561702070,6.9280667319360100,7.358880798463960,-1.7395578360225600,-1.0245022578312900,0.5550615468838090,-1.6162491529318900,0.12793383602783700,10.411925820019100,0.22293244554897500,0.9948033899844880,0.8503615228325610
0.6943903797673100,1.0434286773219500,0.4399618625926550,0.5119851593927680,-2.475756795893500,-2.3444214263358900,5.186630029533620,-7.882322711771840,6.8214225972148200,6.4675631084949700,-1.500375248105300,-0.6406557931829150,1.0730187927359800,-2.2825191495740000,-0.4960146695314420,11.895217227881200,0.4605383123336830,1.0498802437843300,0.3957658283833360
0.5779675447727390,1.027104531525100,0.4617239478833290,0.38294094495732800,-1.8302643854637000,-2.115411976161750,5.3413982609744600,-6.070067537847480,6.4352553752128900,5.0812579636349500,-1.9066421785608200,-0.6347720777316470,0.44976745525964600,-2.4598073890071000,0.37285671726240100,11.257073265849800,0.790858852468076,0.9610240037424190,0.5867658822246810
0.6293306291121730,0.9376326639866200,0.47161484083569600,0.6900387006367090,-1.7388073979313200,-1.9819998249906500,2.4682775153012200,-5.652856107373480,7.005791811162450,4.363573736548520,-1.6503681293849100,-0.7215833408337290,6.324604681504600,-3.651907846793730,-0.3067012375744410,10.255851220046600,0.7501424439915450,0.5530303103948280,0.24554470456329500
0.6972350718083440,1.0137246402155200,0.613285783576946,0.5273686853374830,-2.3150629644666400,-2.1165152583113500,5.800192882845970,-8.265477345601190,6.51455160795074,5.652223872990950,-1.2494543886796700,-0.7192486521590510,-0.4973921712201170,-2.1958096150288500,-0.34745837409685400,11.801617106892200,0.642698955134504,0.8100804277213170,0.8531018883076610
0.6946385071113540,0.8458485860334820,0.40580141005805000,0.2376820048542220,-1.3840174521308300,-1.5790118533547300,7.378205073270040,-6.264943798257320,6.159342157412440,7.085832678506860,-1.931813616344730,-0.9457840685978440,-2.1503787013307800,-2.9938928614446800,-0.38308964988987800,8.939006161514420,0.6612153687298740,0.6413856015004290,0.45620603297754900
0.7865632137785510,0.92750279775768,0.21372039613963400,0.25288207275808200,-2.033108908728970,-2.0059418944446500,4.105089182567230,-3.319959990779220,6.784499639846860,4.326493876579150,-1.8406992844861500,-1.1005170245224600,3.8283053342972600,-4.808731961479370,0.05562040190251590,7.564952093289240,0.2534773586264640,0.7749908440193720,0.22407606255293200
0.6950628659538240,1.0107411922118000,0.4179738505653330,0.6519758502401390,-1.7056253600393100,-1.7637147250856300,5.7525272555750700,-6.116653365194180,6.509359547031780,7.8632037737025400,-1.5449500954057100,-0.7611991618803940,-0.6748245979930380,-2.473176356990490,0.39407249254100400,13.041655811350200,1.0699969875466400,0.8939913286019920,0.8907224552731110
0.7162760960883340,0.8906736220034300,0.5690739436600940,0.32016638026178100,-2.455778025060980,-1.8705801565917600,5.870216367315260,-8.154196094408570,6.654044410998920,3.6872595806352200,-1.998133462081540,-0.7272206704032280,0.8289772791657200,-2.6494544751302800,-0.37824669660707100,10.714991512570600,0.718534862711024,0.8325939745446070,0.26991495563261300
0.6075573699393880,1.0438641553804200,0.4146624162541930,0.3224269751695280,-1.5706710299376100,-1.8522645586204000,4.897649526787070,-0.8628140431500490,7.156905541425750,7.765552281282210,-1.5926053163315200,-0.7509928112363930,-2.0551857144584700,-1.607408157745080,-0.9064445251386100,12.341988370935400,1.06859038062239,1.009730438507630,0.6310948134764730
0.7609219014239360,1.0191448578001800,0.5242067092337870,0.4049705765305220,-1.1992390137668600,-0.863566174257349,4.392470008287880,-7.874305769695650,6.58503134091435,4.350806840545350,-1.1842266183934400,-1.3641634736018400,1.371210028049150,-1.7439206346271500,-0.19749380417531100,7.566015165439300,0.8268080797001410,1.1183765742212300,0.9274893927863370
0.7217747254989320,0.7732329410104480,0.44716163893258000,0.4349936057521120,-1.4952112035395100,-0.11734037733846200,3.6729285587283200,-8.342233161994950,7.319881879389440,5.360757692371910,-1.688576377871110,-1.4163579911814500,5.479188102334750,-1.9924763664928100,0.0292795624986521,10.777754174659500,0.8018634730565770,1.0487059776870700,0.3801013980508690
0.7156859952243490,1.0927004839399800,0.33158262446823300,0.42700894656350600,-2.2444499405416400,-1.32111384898114,2.129855835879290,-2.943902848437270,6.278952122037270,3.05904102521082,-1.8434597672083500,-1.026081223003060,3.935635872948320,-4.470982219998620,-0.23391119908999700,8.385266861698870,0.6798334556123240,0.8346215751066350,0.17778742815583900
0.7464382236625140,0.965381867954057,0.5407060422991760,0.6734874212308020,-2.4866476177867000,-1.4716683908328900,5.604759263284830,-3.2179396092542900,6.965675653306130,7.1945486469469300,-1.254127187324600,-0.8919032405195070,0.34759882921690400,-3.4544680401156900,-0.09321513075510830,10.482734047808700,0.7316771544208590,0.9474385233817950,0.7502356099602140
0.785130180547574,0.9572402660943530,0.5001452697451050,0.5671312540109240,-0.9711118247698860,-2.0129508645255200,7.100025890341380,-5.876392621065600,6.791914443525850,7.1074625836790200,-1.7571009590787600,-0.8448951158706190,-1.337964002939330,-2.913496736082300,-0.19384087137298300,13.329589707474000,0.5494061345699980,0.8441555935741140,0.7276159526254440
0.7180138740980330,0.6473955687538420,0.5327318699048720,0.5897008603561480,-2.2836236659356000,-0.7718398991514280,4.811424062503670,-8.121200259141370,7.087822927616730,7.551859567031,-1.5912787134145800,-1.5389237377428000,5.148993184353510,-2.489342733811730,0.04919870722188420,7.7733016347143200,0.2829764398915460,0.947295018747191,0.594264220860182
0.6551782533652130,0.766551804658183,0.37188163752329700,0.6681662462144980,-1.7885945254901000,-0.5799266507002170,5.427063520315570,-9.99150321712911,7.228115441091900,4.840776887308570,-1.6835983413829300,-1.3369426828976900,3.3744945672301800,-1.6985138522888700,0.1404248602778470,12.655858505390700,0.6823621842195260,0.9032997603026840,0.3403973650472330
0.7353785421602510,0.9616244491684160,0.5980393129598320,0.6059100820151790,-1.9602406266020100,-1.304433010163190,4.083625860648520,-8.888442145649670,6.480869013270790,4.289246048585420,-1.9115011169615600,-1.0424175378362400,2.481761826299590,-1.5094430848588900,0.029762923572652400,13.412017588822500,0.5149726746285880,0.8383942039336900,0.49962093570649400
0.7201466888947510,0.9856624170124210,0.5047357496910930,0.457667129478784,-2.3845299235400900,-2.3624516644803800,6.03939530930766,-9.023550949337240,7.453266717040500,7.968684736063750,-1.0220543344064000,-0.6755951895284910,0.13304060700575200,-1.6420811946829400,0.17779988328025000,11.408396352146300,0.44121606671422700,1.0441296631025700,0.3072239725904800
0.7269308969878980,0.8691784504570980,0.5239570676589010,0.5299321697808340,-1.870367218727330,-1.7130350135013500,6.230605963764870,-7.75024813114256,6.44442864927455,6.079897385072040,-1.5541650341310800,-0.7497590173085410,-0.847819295565652,-2.371852367099190,-0.0650078529752105,9.261025935778130,1.1936454367475800,0.4803443019168250,0.3276853496539710
0.7660615682301450,1.0237612951626500,0.24892122327186100,0.46529009907127800,-2.3187083446731200,-1.9625877556901900,2.737997509309620,-10.666837117882600,6.925154192680310,4.2103805162301500,-1.3457687668074700,-0.6673442305414880,3.4469559662901400,-1.181470414325300,0.29788710147558000,8.11172822480286,0.7931769012248650,0.8417322760150750,0.73930878094229
0.7471813126863570,1.0760288624035200,0.6125471562088220,0.26540716678106700,-1.7938327836619300,-2.045196703131380,3.165848015780810,-7.1669122697699700,6.492300820461980,7.622926886092720,-1.4619875201414000,-0.7179076209197140,2.36986902421691,-2.4754664935574500,-0.026532067631926700,11.014743052685200,0.6155160310601550,0.7470339900335940,0.9456783992627030
0.7632293873889440,0.9791339558179310,0.5030727703978750,0.4844801865214770,-1.1497925026106100,-1.9355495075773900,7.182931265686470,-10.306789969361000,7.400051046723300,2.7380286291057300,-1.5087291503532800,-0.9708830033080610,-1.1519549783097100,-1.3523885239988600,-0.5562076593730940,12.039030227513500,0.41310332538740200,1.1352049821705300,0.5864849774261520
0.6666775918722920,0.9148791151033330,0.6957713505626990,0.42798580514055900,-2.39633958228594,-1.372497605764900,4.354643937722850,-7.793935686914530,6.259166526651170,4.9448786392011800,-1.6752796217702100,-1.0282018889109000,1.973171479064610,-1.826818880870970,-0.8055763453628690,6.86005750317566,0.8307056841856610,0.4397237006695120,0.6156733976916240
0.7751114510325350,0.9888667206121270,0.6179558669538370,0.5790875795050890,-1.5020587847694100,-1.9975177466871100,2.1057344276828900,-6.173184160465400,6.159736607416290,2.1670336343565800,-1.8665041915206200,-0.620128128889334,5.160164530259680,-2.909920605079970,-0.08389662564168540,11.402970754809100,0.5991915377431450,0.6999682910882420,0.6133294744767000
0.660319199825165,1.0222509571077300,0.579912420048539,0.4085029521775850,-0.42375946805237100,-1.0531734615104400,2.76657556487739,-9.595342058202620,6.857930775729040,3.6344987140429100,-1.906167391695200,-1.3204135946246300,3.4347860439893300,-1.5359617284948600,0.12185419861221100,10.9284084774921,0.5375715677332610,0.8684903020551310,0.40938922024921200
0.7710732567993540,0.74341444122188,0.41118968646689000,0.3971022547550330,-2.4978661513191400,-1.9141004239037400,5.211143622240510,-5.646660479897970,6.31586701379705,7.607333985677870,-1.459556589690060,-0.9311482303779180,3.980152614994020,-3.2282123643756200,0.3230440907070900,9.751859336158880,0.2942882358927500,0.7760241361872730,0.7494032800081670
0.736182606667408,0.8721803518946030,0.6419072843549630,0.48481749908968300,-2.24764458977502,-0.16456322005002000,3.3343991910439500,-5.6935240103278800,6.359658605749140,6.131129420978530,-1.929950567590410,-1.3691325398639000,6.554770504935520,-3.334394321071520,-0.07221354157823370,12.843474077910300,0.5221996952741530,0.9623032767983370,0.5177514188974280
0.4618468983917690,0.9594072251409420,0.6871314805349490,0.2217057579219600,-1.261933002005350,-0.8448847779109830,7.095340927117700,-7.295012373036690,7.574956939431000,6.836060423210080,-1.6007914299620600,-1.5122940355483800,-0.4829073070672090,-2.000888622224090,-0.43671895256855300,12.225373527327400,0.5405693275783660,1.1328499986469000,0.4434034064679570
0.790240033020748,0.9854238442946020,0.45349394860575600,0.25332042260539500,-2.114127108738680,-1.4581446341158500,3.668546144728000,-7.738261622265610,6.270112488969440,4.623643432461760,-1.5717014098756400,-1.0092311958878300,1.9533201913657900,-2.5863010306367300,0.18918135469288000,6.352708501703690,0.4851923746334340,0.7998091448092860,0.8260396478402620
0.7646526938748950,0.9189914479478050,0.2625337159608370,0.43324989627010200,-1.4897010550841700,-1.8279954875831900,4.467999114284340,-7.649233570185210,7.665474903696220,3.073303755618050,-1.6694169155587,-0.7483789647515300,0.6264702199658500,-2.6172984763363500,-0.04620264618830020,7.855698322901420,0.9389772429074770,0.536856245263493,0.2822196140451590
0.6590708712246770,0.9411019196359640,0.6881235423519670,0.21536480437614700,-0.8173888082226770,-1.7256000844198300,7.05442642667157,-8.584423868983280,7.385251577913200,2.462234781310500,-1.6288147774952500,-0.8378320523060590,-1.253405932426010,-1.632736900167610,-0.6314752125005690,10.990383751684,1.0713116543128800,0.878122525929863,0.9007085614968700
0.7599750988512800,1.048091448937230,0.4355594279913160,0.43801610225075300,-1.246438581019940,-1.0950230062420800,6.169053293791550,-4.818148715777280,6.487306725696890,5.648837133789590,-1.1009496104480700,-1.2955167791297200,-0.6006428863664730,-3.4343360027365400,0.24493319006325400,10.5474116124465,0.9243302636215370,1.0908709970555900,0.14352455797776500
0.7126993978592410,0.8950315314625580,0.5764540533762230,0.282633099980747,-1.8050775584894900,-1.931098434008780,6.636715096117480,-5.881750256428340,6.399689356858650,4.905380304578650,-1.9389990477442700,-0.7468091412121120,-0.6590561413329890,-3.542195625609100,0.23452670924866100,6.138483272929710,0.548231633841641,0.6667461584822550,0.48663696309078900
0.7874310286938200,0.8042589353974820,0.5682015229012630,0.4944108218257680,-0.6793977938246020,-1.532161834450850,3.4330194415041200,-8.54056180308803,6.925676090509090,4.68355817976431,-1.8362794431206800,-1.2741551384999100,5.384848710066160,-2.1383796957053000,-0.98925431133532,7.670219800304200,0.3327553412367710,0.9408356914404950,0.1818679889212920
0.6695269757193780,0.850583795461296,0.6295883020136350,0.503316616789583,-1.7455075743967200,-0.6670798837175340,5.2173811408869,-2.4195880386677200,7.136501138300780,2.2487706390643200,-1.5669084348210500,-1.2966151503412700,2.5610454975581900,-3.987894409316310,0.015525554689113600,8.26899605666574,0.9604302361367990,0.6069300444090950,0.9353223383935090
0.6493110535979820,0.9816545505739160,0.27055520369605300,0.6373511423418950,-2.296301122130220,-1.6545773096374600,2.398253456528500,-5.8203412660044100,6.261347243959140,7.121764890995500,-1.358453270165970,-0.8268764246645880,2.5346414565894900,-3.2447654089613500,0.2903250652265440,7.8983574038703600,0.8917868238901720,0.543133260209408,0.31899346404955100
0.7562573428129810,0.8435499965149100,0.4717923217710830,0.5951278263708960,-1.8918804439063100,-1.8751182542722800,7.480863733229480,-7.687052256555190,7.637321462560690,7.89016563509599,-1.8821500023877200,-0.9114070777644540,-1.0757839920857800,-2.304578308427010,-0.5662632285956640,11.34077876722320,0.36107305764094400,0.8906371083151930,0.6154353007313830
0.7682072548180880,0.8431822942458970,0.4293360565010320,0.4920981788312710,-2.2181670456653400,-2.0773198148041300,7.5101019569226600,-7.600335537411620,6.706549438084860,6.828849436525600,-1.860383154534820,-0.5529879101506540,-0.5479192916305830,-2.151021032770520,-0.181552938449558,13.12709731074790,0.937869764907373,0.5856869169380810,0.8192422078434920
0.7840208709070340,1.041804831378190,0.47888288809192600,0.423315743230585,-1.4807012949587900,-0.7377069723406640,2.7609429638411700,-6.340048525142590,7.462805050700640,6.785383313995340,-1.253630833808230,-1.3355201327807000,3.793503272800490,-2.4996889824905200,0.3045427276372830,6.7490890011318800,0.9280242156414690,0.9440652469420450,0.941383473352054
0.6258073309822300,0.948642277947511,0.6096962170385450,0.5779825428147210,-2.1859679589894400,-1.3240979936746700,5.134244224587070,-6.617618743365070,7.678103784025430,5.410270855327330,-1.562166004595290,-1.2601889151018500,1.9636418126303900,-2.324312885929340,0.1357857316017220,10.779632144403100,0.484334166105279,1.1905977916767100,0.6526159671989290
0.6881628919132190,0.8669967932472480,0.4361294151022040,0.28715854963132700,-2.392328925812970,-1.6190153894451000,4.737689118204290,-7.975783125331730,7.394007124611130,2.997032993338080,-1.9645962811043500,-0.9676682254148620,2.4096982729158800,-2.3113754094533500,-0.8089612818191020,12.737928640614700,0.4611181795880130,0.5197446778685010,0.8622452056352340
0.7842967408368820,0.9377290646948510,0.3611473595216260,0.6401043418337650,-2.181532172670000,-0.2496524120152790,2.5160559284192700,-10.042068432649000,6.730922930012780,5.917129199912080,-1.702484387647470,-1.5291025988535100,5.6947732629054000,-1.3254212286583100,-0.4884462397322740,11.599943702033000,0.22550226138263000,1.116073316629520,0.5871874561219080
0.6734004780664870,1.0294786999356600,0.37210482331394400,0.40493822753982000,-2.0347864074811800,-0.5824516232644420,4.031312016697060,-3.0168914571068100,7.108735740900390,4.4705545975282000,-1.575759968279720,-1.4542159020211700,2.4526662628336800,-3.74725712807113,0.17947998864692500,8.028143455518570,0.5367274367711740,1.0498923739152800,0.7753698411809100
0.6971397057510100,0.8430472131481580,0.4314869904151930,0.49269094980250200,-2.3914575109837500,-0.7108703194505,3.936662771767830,-9.888077503601040,7.535149282637000,7.410509825910460,-1.9737330008069600,-1.353746444589720,4.165929535853980,-1.1264960702837900,-0.7043089402719230,11.637461587793000,0.4936768911905490,0.6876758742363680,0.5634906509971040
0.6199591080319740,1.0390976297118700,0.3703397985744690,0.6195590392657860,-0.3866917033939880,-1.041220359063010,3.9677440612366700,-4.886502211609210,6.4122227996659700,5.295710294255010,-1.5550364914510100,-1.2069165111447100,2.82587399638736,-3.25518052632082,-0.21215076176747600,10.536793886145100,1.195633159628350,1.1092125989346600,0.362028930552051
0.6828383216349690,0.7852745922682370,0.2882259373822410,0.6665236265756020,-1.8582674034760900,-1.760643103061260,10.114111171379300,-6.588691511486090,6.547273407828390,3.11235474495972,-1.783570318115560,-0.8564347006651020,-3.4928616923141500,-3.0495698484368200,-0.39109089915337600,8.763754352141590,0.651434165010064,0.8026178085110590,0.7797928698224950
0.7909075630791070,0.9722843078137530,0.5332590273621010,0.3217845540404570,-1.7121356798453600,-2.0325230703932500,3.9957871493526600,-9.93151039307604,6.045963282089830,4.39104576389707,-1.4826802135807400,-1.1797027275259100,3.244263845415530,-1.286613140952210,-0.13111397036855300,12.711889715320000,0.25767111404497600,0.9237084929113100,0.32689978969833700
0.563014399454668,0.9291299815311820,0.6519482785157110,0.4578702878330310,-2.2926734013656900,-2.312649716462130,6.23606065496117,-5.616413787314130,6.345371904295110,7.358584733888610,-1.5281161277303100,-0.602221270945869,0.17776587652106500,-2.6125520587453000,-0.3534532438746160,13.29036110493640,0.6560570761973810,0.8022561493545300,0.45103991985289100
0.6516877466191440,0.9651447371736520,0.5239283876734060,0.4335377441768730,-1.3125273406926900,-1.8634815725699300,4.976875725118310,-6.408036585836040,6.948263031698660,3.1259030438111200,-1.8848065862586900,-0.8223123640072150,0.6032570112802490,-2.993898212877530,0.19331228915183800,8.817701073311100,0.6800703237703890,0.7455522196177930,0.998893348317394
0.6931446363048240,1.034190362913510,0.6184876523405230,0.22602617062498700,-1.892614456822190,-1.1485228749887100,2.726922555260860,-3.6261741711051600,6.897090112727000,7.805695049245050,-1.834898526522670,-1.0770624309583400,2.7805767002057900,-3.6889372248464100,0.07679561823898380,7.618379745102720,0.6821346119093110,0.810306589138897,0.3344234894616350
0.7814121226370550,1.0177015618883600,0.6588480433515680,0.6711776343404180,-1.7216070494589300,-1.8637762454659300,2.5659335316944100,-6.071458357410350,6.737856233036880,3.6921553274200800,-1.8810273542317900,-0.6893466381775580,3.3836990319336000,-2.83487406116703,-0.6509682167178790,10.170592084975800,0.841268166608679,0.6684436497521400,0.9602687165630170
0.643565407477156,0.8930526122474410,0.628202574791197,0.28406346288249400,-1.16936914807394,-2.1853974025999900,8.133554369929580,-3.5363049111600500,6.81460462538581,7.308690590188290,-1.5446410389676400,-0.5470717736944660,-2.8424477272220400,-3.3108954815390800,0.117414046570543,10.814063275944200,1.183973888419060,0.9682785580264520,0.7988574763772680
0.723991858159275,0.7360920292149550,0.5649013010004620,0.4947335440548120,-1.5862718449795800,-1.6870163942024200,9.753821460947350,-5.953147885391670,6.555508938804200,5.45172572307791,-1.9304180406366400,-0.8163705950025500,-3.674577142940490,-2.7068551840851300,-0.1537131246423850,10.746834912962800,0.8614323275827260,0.5485602261551210,0.866138771283429
0.7828930243448550,0.9843114504274610,0.6186184478422780,0.35501822645387800,-1.1697945630851200,-0.41860349298846200,4.092092938039090,-8.066335132829880,6.018232861343190,5.989890758280450,-1.3090101437723600,-1.4115334815639100,3.0897021259002500,-1.9239053108379400,-0.3935622197085390,7.407846775637090,1.1054995954371600,1.096250078850360,0.35812018028888700
0.47422310781518600,1.0782773099666300,0.5114190061139400,0.5614583078053560,-2.133819143985740,-2.3479654389493800,3.281546017488480,-8.995752428178290,6.416457735825860,7.349292832961060,-1.5558064395011600,-0.5005003393075500,2.2179370889182400,-1.8966848380778500,0.35977993665220300,10.645272076404800,1.0064540926981300,0.7436311936819510,0.44603158028623900
0.62350522357798,0.9423438506414590,0.3841778448472440,0.33728970932832600,-2.453933280721270,-2.0535767556904900,8.233916988355880,-4.773670527852860,7.077504996531870,7.659372603641810,-1.945289402380290,-0.8960903497779490,-3.4965776026105300,-3.323906448338810,0.14244351761300700,8.531971920592850,0.41309970361716600,1.1755961699422200,0.19742266752862800
0.7581897191930430,1.0688252621721200,0.5112960845808130,0.4616856694417930,-1.211025888380830,-1.4462521577133900,5.7061915224424200,-7.627298722261480,6.205222446109530,5.877763267757270,-1.3485567165049600,-0.9912089153553450,-0.6998037461129940,-2.0253969720574200,-0.3120408160224810,9.140363384297840,1.0035748430118300,1.0925936939099100,0.10560777485936800
0.5675691174593750,1.066372374659970,0.3060955077040820,0.2009860535553590,-0.4524075037546490,-2.0239595702405500,5.634061376154330,-0.4871252384787980,7.341391027437940,7.643012026698550,-1.8547230346418500,-0.7116008362048330,-1.3820202018621300,-4.2330371253843300,-0.16050923859485200,6.373276844425130,0.9963686304861260,1.1962010804708700,0.06348496080203970
0.6918438567591580,1.0007031763311900,0.4331997569633160,0.5856035777001190,-1.5985357997585600,-0.5048728757735360,5.352714672711200,-7.17078532905438,6.5142003541525200,5.841482009627560,-1.5967424209104100,-1.4276992831445000,0.49768467181708900,-2.093813510758380,-0.03647427193220530,13.957042061626800,0.8730125606641650,1.1984983382420000,0.46287912510084900
0.7629677760424650,1.0223370015242800,0.34085953898826400,0.35975546565780800,-0.9091716673675270,-1.4986524399579800,4.615748018957560,-10.127400532497700,6.329891352444590,4.60667628506973,-1.961869507285810,-0.9577567760674460,1.9606533361502700,-1.713499623912800,-0.8389468294736470,13.394157578877600,0.5868552763014310,1.019239335083750,0.26759911681593000
0.6217821695299730,1.006937400000360,0.6067605510140480,0.3659040890053710,-2.1165697305676900,-1.7201627974188800,6.801089284020240,-10.290026394715000,7.0298594115173100,7.778658113710610,-1.8416805588341900,-0.8527228041633020,-2.186147708623110,-2.488296835419300,-0.10798405312631100,10.448730214328000,0.6960259630091000,0.9249319044586420,0.25521657953504000
0.5006931547119690,0.9069379872581520,0.6460978210682920,0.3733228316577100,-2.0233670822427300,-0.5245930068250770,4.060859807482160,-10.469446066727200,7.252558437021350,2.379740919757350,-1.8699833057781900,-1.5184792679490800,4.120808238940540,-1.0229457218359200,-0.04879621645446570,13.808636554365500,0.5901809094971740,1.0457767510476800,0.6421950946775050
0.7589882885127970,0.9403254647945280,0.6060540841298760,0.4797159524092220,-1.5157448152993600,-1.7729628585144500,6.96060776999121,-9.952440094384770,7.133383080498090,3.2699289611468300,-1.578410733482290,-0.8953358390301110,0.38822983725440400,-1.5779013454370600,-0.5214675741686140,6.440588479932730,0.542574712436104,1.058920403557010,0.4885554970295010
0.6716918817834090,0.7694988438763060,0.4708633957905760,0.4012393842304310,-2.4090922678538700,-0.3564611324422890,3.5119512285468100,-10.130088108508600,6.7590982361510300,5.946395379000330,-1.963083171473430,-1.6302366765473100,5.995418394812810,-1.7130652167675900,-0.8989120140367290,8.587693202537760,0.2567084876093340,1.1347935917789200,0.3018593536731720
0.7901362902214860,0.9176481041926130,0.5415745440082890,0.40480809086245800,-2.346732162506620,-1.0585889066825300,6.780773185085240,-5.806474933735960,7.120125305922380,4.6320852598331300,-1.6498054449951000,-1.1339361402008800,-0.5330790222485810,-3.4200781708391500,-0.4041188289865900,7.072930448995070,0.5117980702468640,1.1429112324725300,0.790791301642068
0.7928492119252330,0.97377856254185,0.5821464124475670,0.3608534357426500,-0.6643239457779680,-1.4570689078874000,4.883083295069880,-9.759669706874020,7.572593902630000,3.6980370095869400,-1.8296484734973500,-0.9083119318271900,1.3058001556028600,-1.3325546530368300,-0.508839081682443,8.814252018434180,0.759500294460843,0.9161972433822020,0.736868117331007
0.7386053063106940,0.9269686609560670,0.684982848610846,0.3655607306541310,-1.5668056768686900,-1.3084879984902100,6.039874959383590,-7.667131290005840,6.292082305868080,4.588100761553550,-1.933650161707900,-1.2046415441289400,0.6863162314129030,-1.3508920378131000,0.35595617551027100,11.433096431605300,0.4008058889621200,1.0681344274315000,0.6742855997614190
0.6437321311146480,0.9987999574429930,0.6709257598628280,0.28322363936941600,-1.2646674557098800,-1.0488835777127100,3.9595809043453700,-4.319216817571960,6.976567036836980,3.954338683481820,-1.7713653532319100,-1.1820468966241400,-0.328147609351396,-2.874411687712340,-0.6530803788015820,11.267783748624900,0.9314155466307310,0.6796660595025860,0.6209585475442600
0.7117049198318930,0.9433267265721950,0.6186843464803470,0.379035253294295,-2.1827711554895100,-0.6557275058518500,4.027579603533100,-6.8499440079535,7.817104759094730,2.0453444761738800,-1.081534271472270,-1.3567554319686100,3.2786402780635400,-2.416384189356860,0.12815808832254300,7.991078206085440,0.8384806250660040,0.6955224148582630,0.7505669934072790
0.7595811597277840,0.8169717931633590,0.293029047648312,0.6241658418713190,-2.0163453328563300,-1.6726028489291200,5.679740467885910,-3.0237946703562000,7.926095506593770,4.371227307187120,-1.7532661892705100,-0.804050175427558,2.396553814516840,-5.371461605733810,0.01992141693780520,11.108917628158600,0.7459633860188820,0.5639056201878560,0.10637005297674500
0.6922859638022220,0.950092931124976,0.48957749510332800,0.6606797168845240,-1.682142758422390,-1.7154132026179500,4.09374890157078,-8.156783441391620,7.427086503353760,2.7119063376669100,-0.9926929980032450,-0.8837884222507100,3.072376948764790,-2.2565211141629000,-0.09179620258018010,9.693516760337870,1.1395128818629900,1.0140406858438200,0.24365928756294900
0.4894222936315500,1.0547248444165900,0.5523615144438380,0.31357536407777300,-1.4605893516098600,-1.4330418344688900,3.580121891872600,-8.62734895150173,6.142029213952700,2.9355445176294900,-1.5778437628421800,-0.9894218726158690,0.3571634465085240,-1.6056328875112200,-0.1741873017189800,10.958502042348600,1.0846775324294500,0.8534973754661930,0.6572782406427380
0.7612356809677280,1.044263606696890,0.43249172422464700,0.558145862194591,-2.4457784360921700,-1.5589867256173700,3.9387903460462400,-8.518239679638320,6.120367480603870,4.334980627627240,-1.6740007581704100,-0.8304961532658780,-0.03400427694755790,-2.698927006707080,-0.24723480306935100,8.130510426337310,0.8109472273020150,1.0203049633863200,0.9373843926116730
0.7917343523987780,1.0364061709537300,0.47836997411303100,0.5393232726141440,-0.9304925065923430,-1.8158435113467100,6.5624613952341700,-5.964941755985980,7.708429559121180,3.7449847542813900,-1.3555230326276800,-0.9519608580970470,-1.4332651112520800,-2.9887225479759800,0.3852542603988460,8.07452657021177,0.5966661753535320,1.0829126313307900,0.18521275731411500
0.7308791019928660,0.6740834657875740,0.632755031888976,0.578488391503197,-1.6932489957215500,-1.773759961246320,7.042449095576840,-7.97994081260922,6.253212252802260,7.884986057062360,-1.4364549799582800,-0.7732430189935330,1.863221782553450,-2.7758790963249300,0.10600772049442400,9.407536832324180,0.8803253488870880,0.34954209096233800,0.4399167055081380
0.6576195244062380,0.912668616081846,0.6047601744454750,0.4952038174143350,-2.4907123785635600,-0.9537219270590860,5.206544841414170,-8.530279180646320,7.609901969012140,5.495062642131950,-1.5303914163337700,-1.313454982003890,1.1143642057394800,-1.3083199485899300,0.06951421258528840,13.531939540221200,0.5605928655265380,0.7315968563894830,0.6205994122133780
0.5948708730541430,1.0176373736491700,0.23120686279841000,0.2510382620658600,-2.0194277514453000,-0.22303884475815200,2.299833746589140,-10.610826887638300,7.245226917785160,7.011436165475930,-1.6437020280735800,-1.4394551016959900,3.2650784380412400,-1.4141530872698800,-0.12368511199596400,8.264183756841640,0.9741816233175360,0.9681089036596440,0.3615349865956860
0.7842837320286620,0.804718987288162,0.45156910278642400,0.3638256364061000,-2.231445767814540,-1.0974824324540700,8.724032143572400,-5.477486391114640,6.394839297140690,3.205587936960390,-1.5742811756637800,-1.120141689232750,-1.8477376467569500,-2.7953458342830600,-0.2364111422885140,12.041100722344900,0.6171424715122950,0.7637735124840630,0.5230587879537690
0.7763846410178870,0.9434510124209870,0.3588097124067710,0.43165012943009900,-1.953599216526440,-1.2925761322681200,2.1786293959400200,-9.630415299122980,6.079934837446040,5.241388276893500,-1.330989066179820,-1.0041249823776400,4.07277433572422,-1.837430016673630,0.2566826893416480,7.913017897114600,0.8649524686685840,0.4886228189365050,0.7629138776281470
0.726853806999487,1.0674276889316700,0.3131394686505440,0.6452735424626920,-1.3850875263739300,-1.171505072639100,3.8308325860179200,-8.266610800247280,7.284803938884400,4.736227158871090,-1.9427831787529300,-0.9996019067069200,-0.6427215226214120,-1.4659870604919200,-0.7201279836324220,8.25272985497526,0.8950767818019660,0.9884510302813810,0.7123611349015540
0.7586828946770330,1.0539313686455800,0.6715323389910860,0.29359995011292600,-1.5503753304055200,-1.4994999569249800,4.034448432530200,-7.116199065102390,6.253569112860320,7.034790027337200,-1.708019370049630,-1.2591548945596900,1.9293520284478100,-2.5615083617338200,-0.20062010314474100,13.631289281086700,0.3361767250100600,1.1945900334002500,0.1768209687157180
0.7605367368729810,1.0767841631158800,0.26436537764015500,0.6047054174412960,-1.6094832628592300,-1.1480549475245800,2.2758613567361100,-7.648307812754850,6.252215443870720,2.8411605559643900,-1.4106805426637000,-1.306193415724090,4.35818683329726,-2.685713692956150,-0.7076210884412740,6.899898668073590,0.4361526538120430,1.1400784667395800,0.1239008034934050
0.7753603049586930,0.9600135794022260,0.5032436610283640,0.6205972337979960,-1.0178514423962400,-0.2968010459529480,2.136012253391,-2.191179044007710,7.1325318558522800,5.416918332363250,-1.8811404290453600,-1.3814748035659600,5.213058520820780,-3.5882522727142300,0.2708617672470200,6.982501230400580,0.8907881990754590,0.8453838592276170,0.5625076882885590
0.6956245975325530,0.8799390183198370,0.54706309589637,0.5548433388196850,-1.608708457990100,-1.6713797891905000,9.60394477240452,-7.05210149025044,6.453364563009530,5.836978781715650,-1.5778280456283500,-0.7798979972524920,-3.7103000650236900,-2.713485497415090,0.26991255852980400,6.615327158566280,1.0184399771502700,0.8766233116965770,0.799107596916671
0.6545537818212240,0.9660241355499690,0.5890148010529090,0.6583327046241180,-1.3054439503656500,-0.28889924151837600,2.1418533044526800,-7.6068536713755,6.408364602178610,6.935876249279800,-1.8646244392837400,-1.432927781929560,5.90789995573711,-2.3339585301753100,-0.13874771761298200,11.064017075752500,0.6079800893646520,1.1388092474388400,0.968038897418749
0.5769833891132130,1.0849033623426100,0.5882609842649570,0.5581544976171470,-1.6359124473931000,-0.7051718471899460,3.489108524104470,-8.078196453068050,7.040716109963800,4.657899505083480,-1.7411531564726100,-1.3115883599144500,1.2170368773525800,-1.6835964506087500,-0.740357373408565,11.845455829313900,0.9018206333112930,1.0678253131609900,0.604119490190234
0.7288612271117510,1.0331532244393700,0.5589379141009480,0.3654857877453540,-1.3423306415320800,-1.731450099517150,4.637518416260490,-5.890268024676620,6.327133453172000,7.2780295311534100,-1.452668708800430,-0.7563592692229870,0.07263121777851690,-2.0848948187571500,-0.7844225369690880,8.649305683164180,1.164981717660990,1.169438328134290,0.9400154818427240
0.6515726557198280,0.8982901848410730,0.6147629833584590,0.2026871833743870,-1.9224514936635400,-1.2413115805381400,7.616602754095140,-7.21377005869458,6.3552309005178200,5.599345084971270,-1.8409167113201200,-1.0914008833944100,-1.714454395095420,-2.4950115575649200,-0.3024195518332380,13.881680869662800,0.6535261408721970,0.9661146362041230,0.7102760034580950
0.7243006785705770,0.768266232037014,0.5833525780576400,0.34401843054034700,-1.3502641183110200,-0.9214448415464660,8.597000229515550,-8.846994875402410,7.285843993394840,2.234563005960910,-1.9443085769601400,-1.1813358763959700,-1.7953297771321700,-1.6652112532126400,0.17712134050099300,6.439128558101500,0.989919649488423,0.5357049197759940,0.35753335380333500
0.7945722752282890,1.0007190435287400,0.6236450878858290,0.3389313697076430,-1.3203668896003500,-1.7699048118485900,3.847294495099400,-8.318789595773390,6.888823950093850,6.167256124528920,-1.7185152897156700,-0.7434303587485790,2.706948813705480,-1.7051542222867200,0.0039490152928391100,10.953144169839200,0.6442950913976020,0.8395973100167890,0.35984764515108800
0.714965677667055,0.7968308139028830,0.4565191991004730,0.6739127761236160,-2.385574020164580,-0.04104301508418330,2.479082996754800,-9.189701660406930,7.494143437843650,2.6491904277600500,-1.3740664601528600,-1.4811113206397200,6.702841399799320,-1.7128086728434300,-0.6324939582046290,10.976696492594300,0.46170903620960400,1.1515446968799900,0.5829690236867910
0.6922182289979530,1.0609659539012700,0.6985143372961950,0.3964060276601550,-1.987103467780520,-0.5505651118754200,2.478274989804610,-1.4397247734437800,7.566188886136320,5.839199014924940,-1.7270534352369200,-1.35378740809081,2.3087268716833800,-1.5941892746563900,-0.33107021572021100,11.361237021183200,0.8801720441295530,0.8558854002928750,0.11438522329971700
0.660674387543354,1.0405626104900200,0.4330567189382210,0.40054566815712500,-1.4916065798070400,-1.4228803160117900,5.246556689186060,-2.1603922666737900,6.364111356827230,6.874573266514640,-1.5381600443691600,-0.9780642758542800,0.15553572164181400,-4.143990016026220,-0.7765382344044740,13.167097204745900,0.9083543758181860,0.8886454942428750,0.28717766279372800
0.7733154131450550,0.7600398576967840,0.5750963110645180,0.3177489335124080,-2.349534168251590,-0.8731812239387720,7.28647080192013,-10.629043657516800,7.3899362683831600,5.0693156782735700,-1.9824991365095700,-1.2815455835458200,-0.5540928141470460,-1.700383846218180,0.00945349426346817,13.908909206515000,0.6253261790926350,0.6521372572201150,0.4590284875053530
0.408705250728814,1.0149971761062800,0.3571517105496860,0.5148702345873230,-1.1436137732621000,-1.0529849803719300,4.633136402684550,-3.178335267844110,6.983718732171610,5.769168670108190,-1.6884007770051800,-1.220788886019010,-1.1565286747629800,-1.8405702975194800,0.23396117374474200,7.08037259791193,1.1204626282258800,1.198272749550980,0.9609447867248070
0.6298578501617910,0.9691556679745700,0.4329585183285580,0.5396883176130800,-2.3526701278365600,-1.4988237081444100,6.518103279948740,-7.221197575799990,6.3240117405998,6.749681933560900,-1.5542148062339200,-1.2403796450246600,-1.380451940782200,-2.547274004999510,0.19031277913178200,11.56718814012080,0.42814488001038300,1.0717982260205500,0.44913880342232300
0.7009984501639900,0.9435482671177610,0.5564316138411940,0.4621452613004670,-0.986161214392276,-1.9104560401805300,7.230134461132120,-7.447444378011460,7.940576724343540,2.7522452381651400,-1.3230172401483700,-0.7497021950904080,-1.5412923977177000,-1.3303628286539300,-0.3538345597700460,13.52082858825690,1.1710442616599400,1.142532720412010,0.3611347328137600
0.6932006331676960,0.9006698816592850,0.6358920975345940,0.3828097112453870,-2.0347810776442700,-1.2080871844284600,6.576511982593690,-2.533101064832930,7.26918918888362,2.002885807595450,-1.7230597673284300,-1.1245330173966600,-0.10068028383270400,-5.704484467998160,0.2250993654702180,13.907709944194100,0.5635432633343470,0.9831592201585470,0.08375257181040050
0.756219117573608,0.8807063183884920,0.3214706727074620,0.5540997403716810,-2.23937787805815,-0.9502832508250630,5.685753093431740,-5.704150524465860,7.444431354020270,5.037608023499280,-0.8775763227316450,-1.258132460893400,0.9292593270164080,-3.1936105274410300,-0.7117461553090930,12.495720058903300,0.7708158672670530,1.1946918167096500,0.13354901394625000
0.7868893834874080,0.9685324128614420,0.5731707566571480,0.5008760431857250,-1.5001092128069200,-1.6429150111425700,5.8460909555343300,-3.6958925056551,7.581132512896720,2.97262295013119,-1.8970211085728100,-0.896760917348248,0.48759593173701400,-3.5186820867735600,-0.33685109197437700,9.397213454827670,0.4963208277527510,1.1046023647563000,0.5397715164973530
0.7658591447323580,1.0237515453038100,0.4993908684415400,0.4851869682979960,-1.9861010915162900,-2.131339667452250,2.193350958229130,-4.116152720129580,7.173867980026270,5.043662987435780,-1.7351652799165900,-0.5085441313051930,2.9426645734708000,-3.879929057803640,-0.8264981452913470,10.827102600147100,1.0980163713583400,0.6342003799826510,0.26952609353526200
0.7761958643340980,0.819606574236702,0.47433446374766000,0.5408792268669460,-2.1525718298668100,-0.5257815177926100,4.933732865058660,-5.365842502202960,6.924851687007310,4.974840627403100,-1.4810227926263000,-1.3612933913284200,4.1880113888823000,-3.4362295532233400,0.08107317807962760,11.488207507884400,0.49023744217601,0.8929364485834220,0.8971789268189270
0.6799505821414760,0.868184603692538,0.5839283886435790,0.393662409123764,-2.126834206242450,-1.996462556411870,5.338395109109480,-8.140850965860560,6.018314104263610,7.873933433516000,-1.9197370672601000,-0.7964139070906730,2.187805316069690,-3.073984462509240,-0.6107021950242680,12.156537578554400,0.45056150755879800,0.8517528785578400,0.7173159804178870
0.6872074069518860,0.7567589585378670,0.6626605203026900,0.42377162974474000,-1.680117101601480,-0.8890037801848420,5.23013223391225,-4.150158203621920,6.76217780556457,5.466862996514600,-1.9797274181976200,-1.4064217644049100,3.7738245887665700,-3.5143094785265900,0.12455704361932900,13.327080719654200,0.41716233165687600,0.8705987423523910,0.5740829836801080
0.7061524378969720,0.8857723630782070,0.6093038296618820,0.5520404533700890,-1.322309912776850,-2.041793103160650,4.791300062630350,-4.6975606646898100,7.335619881503690,4.96503238104504,-1.8992266706757300,-0.7366123128529830,1.9742021808999100,-3.3405809939883800,-0.008321912650614810,10.710434192208500,0.47453283839448300,0.6004850110364520,0.9413272452012900
0.29942347911567800,1.0199823339752300,0.5561124366812320,0.639853041469346,-1.9732947205303500,-0.3792246669417050,4.404755174330770,-7.221622750871310,7.33996321958532,6.222195755236050,-1.6872753129979600,-1.4851197808586100,2.6030537353646800,-2.4009717748316200,-0.3391581504223270,8.542005067840350,1.0225493585172000,1.055215099478140,0.7213365133135690
0.7348756796050440,0.8312789742713520,0.3098065051952500,0.4495893262295130,-1.0714944922206800,-1.6120987293480800,4.397995597136890,-6.4997676237843100,6.886363188909780,3.460772848223860,-1.82584982989213,-0.8273877735195990,0.7811264616825760,-2.7158356276323400,-0.5042785021722670,12.656615903698300,0.9734743910586560,0.3735085252055590,0.3991666140296290
0.7652874255080340,1.065572032412830,0.4590640841385660,0.4487217214890020,-1.979717496425780,-0.9498370863837850,2.2608611132971000,-9.741641849007910,7.933504127694890,4.958635301628290,-1.2829290156573400,-1.2007883194113400,2.3506097418711000,-1.7737410594794000,-0.5656959488573910,6.680863124574390,0.7698930068005230,0.7760928883502250,0.7010338428836330
0.7245687094072740,0.9111584489626790,0.48273114245459900,0.3646677249405410,-2.182785685323290,-1.332203732991290,7.217679929953390,-9.806598909574270,6.989303616957340,6.282669512927180,-1.1517351708011200,-1.0188801846644500,-2.5725842706774300,-1.4523097038251900,-0.6958676425246670,8.312627403142000,0.8994561297430560,1.0063623136181500,0.7320801652554410
0.7957149812973010,0.7211481668607770,0.30843480914554000,0.31854781718948300,-0.7556141260783140,-0.20938957532052400,4.113478863429690,-4.576962426601990,7.720812730954910,3.9572661320388600,-1.6971448759752400,-1.4042555129172000,5.376376564141780,-3.451814259190630,0.08685971309119990,9.69505721341031,0.7906881229277990,1.1204495834899100,0.3079816196250830
0.7560831124346090,1.0793457971001200,0.5091067500928810,0.32155667470447300,-1.7647460475043800,-1.9710158318162600,2.5704478500535700,-7.630589037336170,7.688708559975860,2.175797634436870,-1.2062110082876700,-0.6486964406896100,2.9615207064108800,-2.726532102008360,-0.2646139041230420,13.282276627276000,0.9659519545100390,1.1056096810427300,0.5485325258284060
0.7630216991772300,0.9998054366152600,0.34022969491526200,0.48209978806208600,-2.4136996824480800,-1.3074118053095200,4.706339028417580,-7.187284473474430,7.153516991589910,5.618850742337670,-1.5984165953925200,-1.003416809064670,0.16394825542199600,-2.234270407663970,-0.39135139742801000,9.053218714605880,0.9161080799226550,0.7003649093697210,0.819792829380048
0.7123485952635900,0.8256889285592810,0.6158108433152270,0.5727602091999040,-1.2616605143192000,-1.719565705878560,8.581534004473050,-9.072630326443010,6.620513832581680,3.5065965638631000,-1.6443789127138600,-0.8132761849266830,-2.8435230971193800,-2.7863334046685200,-0.7394608196598160,13.4972874387636,0.9522568269104840,0.571639446156203,0.7516903239701860
0.5394382187312780,0.8487494005764330,0.2785069025545190,0.39260783426108000,-1.6697440564298200,-0.9339145079603630,6.363544700948890,-2.9660806170230400,7.645964742773890,2.842553978837990,-1.8908176489682800,-1.2371083346147500,1.0767151061345600,-4.050001604826150,0.3076458952302190,9.265618353541700,0.7492121277245000,0.8912955493797300,0.3157405748376870
0.5935409711515800,1.007092461641900,0.31168709351131900,0.339388397683431,-1.3981138975855900,-0.3273415207621920,2.4965086998050500,-7.879019043557430,6.293813099526290,5.413125460488660,-1.5616719726261500,-1.4096246107535000,3.5593385401524700,-2.315972545572100,-0.42074958383367800,6.994392346430670,0.9057471205950130,0.8168558961434560,0.4345101421798060
0.6662087962328930,0.9041264958131710,0.4032474792461810,0.44489079074517500,-2.426088104971260,-1.2366533187231700,5.4002839049638100,-8.98034896449033,6.797872679344690,7.974326668817620,-1.9088781924162000,-1.0157317612874800,0.7030390053287630,-1.8919466111180400,-0.7272615462943630,10.552014720853800,1.0111836252639000,0.7028499421664070,0.2855549218369680
0.6650125215339990,0.7737764118302620,0.6679852463020370,0.52260579199993,-2.1797989431204300,-1.420937666891270,9.167617763058440,-6.095384984162150,6.640859643610200,3.8945985309339000,-1.6044833021325900,-0.8899693666691430,-2.6336751358978300,-2.8996139441547600,-0.5160492257376290,6.950905557623120,1.0525812192604300,0.8558434721002230,0.12362763936405800
0.7528858678407840,0.9453243256740190,0.3108302077703490,0.574810866669584,-0.9989260294349540,-1.290385244196840,6.750816803744050,-7.65494008758676,6.843104807892710,3.3521751855952400,-1.9347700469624100,-1.104616058087310,-1.3867239310822300,-2.2545263749826700,-0.6351240723717930,11.187385832072900,0.4511657368392280,1.1562356753109200,0.14901002560066600
0.7987594845818240,0.8735345773605010,0.5518310293171450,0.5939235266292770,-2.2200417788262300,-2.090482645184250,5.359677796342240,-7.025021062294190,7.666063373086130,7.358725451541470,-1.628366370052430,-0.5826067136060620,0.26312207295428200,-2.780946456662600,-0.47837844273090700,13.889444059989900,0.7617947110237590,0.5371926806318620,0.30035959375254400
0.7000249180643980,0.9458184554114210,0.3161011844155320,0.4841304381287840,-1.9701331169825800,-1.009130176877170,2.6062849004409100,-10.973766484710100,6.238246017459050,6.1012421916840700,-1.9387939151981300,-1.161806555387760,0.8145749166323040,-2.3955792506063700,0.28782713695433500,10.87813240174030,0.7323160330475730,0.6136436463173610,0.9725162817123880
0.797337222372697,0.9704381600153500,0.5584435500079750,0.3817439558210490,-0.8786342250956240,-1.1525716001135500,3.9994252105192200,-9.232662822821000,6.030084239703210,4.906320537421470,-1.69012561174842,-1.2149823089229200,2.0555413974938200,-1.9128700137465800,0.19909481762181900,9.53446497503585,0.6058162844204430,1.1396261286125800,0.7087900636756800
0.7441404447892860,0.9748497798089440,0.3683315047481580,0.32800032548287000,-2.480237196481140,-1.966854735959110,3.849287501274750,-7.943576760857490,6.609502451929640,7.3162874958659500,-1.8641324593256300,-0.9121864400967340,0.8871980707476770,-2.381962440858580,-0.17003708074169700,8.07256296113895,0.45627949538268600,0.7193570012793000,0.9071586575611970
0.6882482360313050,0.9246381128490450,0.47954278797054900,0.27281395248162900,-2.4638508920793600,-1.5090963732086000,4.900078085590010,-8.832588070248030,7.3971339596682300,2.8220342677131300,-1.3492495713002700,-1.0321417232514400,0.39914725306228400,-1.6815410997640500,0.3836895329435470,12.501958603452700,0.7129217625984410,0.7172372570455370,0.9116116560794020
0.7522247004542420,0.9984695558194330,0.4375359926658690,0.29416375215819700,-2.3758137478220600,-0.514212486560894,4.218394064440490,-5.359180335539250,7.35420336459648,3.765951673962470,-1.0911298030366200,-1.3112033982193600,2.4583046979186000,-3.782032782408870,0.24401141657284500,7.9836153482133500,0.8972282517084850,0.9253129160335710,0.6669455567256570
0.7670994213015810,0.8643374471502940,0.6045154165403510,0.6139099767044470,-1.8193557388225600,-1.4695314976374600,8.807070875463620,-4.82580043364241,6.099205326534520,5.242432410020300,-1.5148433977286000,-0.8962535421162240,-3.042594581049210,-3.2230277686832500,-0.059593263537391200,7.925356731914240,0.8893272589554050,0.9777167985064260,0.3380133901514890
0.611664129055833,1.036838768946500,0.4569007048008410,0.5098660117254120,-0.8649427140340670,-2.2714727565474200,5.887786817651240,-4.8155268090783100,7.374496402156710,7.653465127531020,-1.9604555503963400,-0.6097025164277400,-1.6578787013114000,-2.92638179022001,0.2741630075924000,8.191170224591210,0.8126263047887950,1.1667080992421700,0.7202282403482440
0.6764678594736840,1.0619772435629200,0.26677101084576400,0.27810637869391100,-1.5719594464699100,-0.962062320057748,3.200611516709900,-3.7355827849591800,6.15871105781415,5.31103954028408,-1.645081676426340,-1.3139437711276700,2.9788422569924400,-3.8740078444812700,-0.6251470217700320,11.898106308690000,0.49386134920825500,1.1776952099821700,0.4042870029878250
0.7983708474894000,0.9441293211012310,0.586913020267663,0.37849450576781900,-2.3870038396461000,-0.3835185083249010,3.511183152958440,-7.1495264525681100,6.422084976958760,3.1137514706759500,-1.7859754335293100,-1.2633205694427700,3.7734579353705100,-1.7280168303869300,0.28345677015599800,7.5550094625261600,0.8746149344470060,0.9404559323700050,0.9937259013726020
0.7413656371794340,0.9670132041201380,0.3138502638872180,0.3754203034723530,-1.3742106794195200,-1.4822688379615300,2.8013502485677800,-9.599658736049050,6.663127884564090,6.061103918458620,-1.899058520321980,-0.8974519309093480,4.2521372870348700,-1.8875660146309100,-0.5922719336576150,12.697503719791700,0.7366975150088610,0.6497934733344260,0.5025861692419830
0.5630528695257240,0.8489078933663150,0.502436509063902,0.28725934516345400,-1.6923490917302500,-2.395870379393180,6.275070434479350,-6.531618954251490,7.018650674630730,5.65107499005663,-1.8592356120166100,-0.5544181808196930,0.972412447477272,-3.2456840045843000,0.004394108478183780,9.95789527866682,0.604365614446106,0.9187248859726520,0.8607418612824540
0.5583473442693590,0.805915827709496,0.6714661437901020,0.5318131094796720,-1.6545374668785700,-0.6606397172904900,5.590649332754880,-5.400924884472230,6.376692233681760,6.3304000721161000,-1.4741506711291200,-1.5551012959929000,2.610160538653580,-2.7252277582312200,-0.2378260771145470,9.88339230053386,0.5185380963368090,1.1408213931827600,0.14143208167461900
0.5349288017621810,1.0109724151940500,0.5822212556833780,0.2956115319255500,-2.2747037872416700,-1.284628654259930,6.176963571840720,-8.030844105667370,6.956503857414580,5.491701538136350,-1.010192093396490,-1.0890429913217600,-1.1236834169819500,-1.5319814974172000,-0.5064239382818280,9.470372241179960,0.9597742477710230,1.0844598881781900,0.5540640167821950
0.6911208666412540,1.0495622542169800,0.4830261746182310,0.6959737345139750,-1.8796253028943700,-1.8499913407726600,4.0165946283144900,-3.009088113907480,7.577619458338980,5.561277351191760,-1.522668282464860,-0.698474048632445,0.2521895324945990,-5.524424666124680,0.2731707086978210,12.680852717029800,1.0481064829052400,0.9406068918068920,0.7189130088792120
0.774936261593762,0.6842073849935840,0.41726769735126400,0.40450172464688900,-1.6289630738824800,-1.613572761264790,8.384647635024000,-6.356572247796080,6.028636067202220,3.016250545369310,-1.9863066553670000,-1.0019854326247900,0.470275314591253,-3.1548332889050500,-0.27074227352664700,10.482305100964200,0.41315630472937200,0.6049817538028610,0.37399147420635500
0.6702826854367780,1.0756549075109600,0.48816591836256700,0.6084684945195320,-2.2361432601421200,-1.3615406399719200,4.243028824306700,-3.7611129405329200,6.606742941540070,4.877062262370010,-1.3168251354906500,-1.0131851093162100,-0.23932673972684200,-2.776264218110450,-0.12057897106230400,13.127317151500800,0.7975619969755590,0.9323670083988140,0.46338561845458200
0.701065810044874,0.9276016475658450,0.3983029451902330,0.3064107303189030,-2.158367588783190,-1.2669107598981900,8.519537563960750,-5.284264348959600,6.070066561811270,7.771646282641400,-1.4228155807339900,-1.152771633307140,-3.74408271651824,-2.7427296836341900,0.008939763295799150,9.439513165678990,0.586075659127735,1.1522307204829200,0.38682332047527000
0.7318018541949100,0.8633517560892180,0.22640742514104100,0.4653440210137840,-2.126108252629330,-0.8165566384842310,3.004707819780490,-10.903295184648700,6.3279922325404700,3.3388761441083700,-1.9421534977651600,-1.4949810756997900,6.061027473948190,-1.5655383165157700,-0.6031371778126710,6.461691332565100,0.28524452203387500,0.8363689868405740,0.7886461589371760
0.5458901686412980,0.8707222336671690,0.5963857930780990,0.45960704193132200,-0.6406982348910220,-2.250678359319080,9.974535022290990,-7.814220471259660,6.1597292779946,4.65317452047827,-1.999022122322990,-0.5871682126628570,-3.9302347238847300,-2.1240896620173600,-0.4006237482866740,11.215198086127800,0.8507968507348670,1.1770292366657200,0.3701060631247230
0.6140232161178730,0.7957633347073750,0.44255445894675900,0.37125456318240200,-1.431655116863260,-1.0595933095375700,9.21850672817636,-7.421635831067840,6.898775789939760,6.738808286353060,-1.8318944538818900,-1.1340472410751600,-2.072295287976430,-2.321660677141780,-0.9992562322489770,13.086422682417800,0.9982765285063920,0.7509804101054850,0.2578341833736010
0.4871323559371540,1.027476516658400,0.4242530224758630,0.3178591318773300,-1.4664686657949400,-1.2653565789431100,4.601321725415690,-6.719779029283660,6.479773502162990,3.0540932720111500,-1.8833351756945300,-1.060196381717790,1.8016453385662700,-2.636964023675070,-0.5553074576213670,13.352788739434600,0.9337461766997160,1.0047286504915200,0.09342655028107410
0.7543724913819730,0.9668334135940070,0.5447834005399460,0.46483099538691100,-1.841235857969990,-1.231947620865210,4.752994859696930,-2.692820954388930,6.9544327965489900,4.943548189006610,-1.824688424517140,-1.1162515481079100,2.7648916529712900,-3.6060805235446600,0.3602996647242610,12.05021681582040,0.4995255659035080,0.7586149843133630,0.4525803157709420
0.7256725573079840,1.0351994023498200,0.3621381687851050,0.41357890928688200,-1.9633703942996600,-0.9036955487294190,5.800441969033510,-10.605711928288800,7.257941864112230,6.172866054803460,-1.4391544767902400,-1.2062295822313600,-1.507660009158740,-1.3177340992378100,-0.86786711402466,13.401241491029900,0.8733824031746990,1.026240576104330,0.3555295587742620
0.763776079524046,0.8763851311085610,0.5212493827085310,0.4828914842382770,-2.42760863614745,-1.057965062700040,6.521410575518710,-8.210803274068950,7.358343088238840,5.185430789334960,-1.9002945517396500,-1.131663833638970,-0.33442619595239900,-3.3005006362522700,-0.7501893969430470,7.313686644914510,0.5203910800503690,0.9512101017066460,0.12882109938542000
0.6252591891490570,0.9785223965037340,0.39914190666880200,0.4011120124212400,-1.7566994135817300,-1.151469956111830,4.440830553446220,-9.121568279315820,6.031761025921390,4.390772481175670,-1.2677470570003500,-1.148598573885510,1.7417093197061800,-1.9046325365708900,-0.22028824791152300,6.029548562779240,0.9646776644644030,0.7759038267457250,0.3772458437756140
0.7604884869061520,0.8720498113479190,0.35305229806289100,0.46757535549554000,-1.6900863214631200,-1.1225919530414900,2.972074008510440,-8.645565065143670,6.146403924508310,3.966093474344540,-1.8591533629137200,-1.6567070822184300,5.51799739034697,-2.9519791460132000,-0.7329796962814230,10.865427201686300,0.20137290298935600,1.063970518602370,0.8992943009335980
0.7800702456385810,0.9682305398775560,0.36483028132072100,0.5000808862121240,-1.094676663794780,-0.6809233563331840,4.541224369107090,-5.798243307415530,6.006113358632960,3.82986589283655,-1.629673584481200,-1.3304820463798700,1.6050947304215300,-3.0001104646672700,-0.3250468271460490,12.85794302902660,0.6802572921155080,1.1747881955482100,0.8719091648514440
0.670623939361332,0.9789443784512610,0.4520870577552400,0.6353283421033530,-1.805510313753220,-1.7509036162313700,4.207481386400490,-5.498588239622050,6.545293482605740,3.2344779463753900,-1.146027502443350,-0.8174999117207680,2.2528875871029500,-3.426596346310460,-0.5560796568462790,7.1933333301557000,0.9271668078313500,1.0685803242884200,0.3414567169764480
0.638253068021669,1.0532348597789300,0.5900026386213570,0.6740440840164600,-2.1842856516413400,-1.5835159975040500,4.7619466772880400,-4.560010687040640,7.067178022672800,3.5791676728742000,-1.3460649803802700,-0.8870728261271500,0.8363940792052850,-3.1585422601545400,-0.8218520301167030,8.704977289096850,0.8665738716770560,0.942704813502637,0.6125782191215580
0.6257216319748880,0.9795490964722290,0.5954959849188310,0.4208207921168750,-1.5950982072017300,-1.9351486741961100,7.198363919189730,-7.5425848319138500,6.429009818872030,4.005297193891960,-1.6014989961978800,-0.7088316004593110,-2.8190247783413900,-4.401973931386550,-0.31770526715633000,11.615153632420000,1.037056450226640,1.1355089927649400,0.21821741412161300
0.4768095279212050,1.0881935644594500,0.5032880481470620,0.39985179140061200,-2.4353253693187400,-2.1989626291681700,5.779102435415730,-4.2775526517018800,6.22388170808018,6.677676779364230,-1.2886354082030600,-0.5746295849729870,-0.8558985283398290,-4.0395336710718200,-0.07379321434337790,7.977160084596290,1.0996474046699000,1.123077578213470,0.06611778015983290
0.6438164679986140,1.0435072709378800,0.549627173935688,0.5640709755517860,-2.096795439101380,-1.4326438112908200,4.268063339363400,-7.76121490408913,6.678300212195960,2.6573957223172900,-1.5641383318656700,-0.956231746256391,1.0645034149852300,-1.7219263118348300,-0.2554004163064840,10.24107530625840,0.9012707430373810,0.8808256780373500,0.6391834393807900
0.5792352796342590,1.0268005087249100,0.42727342801633500,0.21441282176019700,-2.080156177370410,-2.0964924300912800,5.343227888542740,-6.880833539014420,7.642573901978470,6.680169817289470,-1.3109056551511300,-0.6872486950017600,0.02884807740517380,-2.6094802007438800,0.17321668839811300,10.443345479369200,0.7241653108951540,1.1376760976096200,0.2541363817226670
0.7854493792672750,0.9964414239369670,0.5929311205199280,0.5091800964968460,-2.241740166219060,-1.8741807263977200,2.1483067494417900,-8.864310024879400,6.3088904222118600,7.2957829416497800,-1.9015510186955000,-0.949560122522046,4.998271521978700,-1.7628731564821300,0.18170354990326800,13.949229148841300,0.3214764961808200,1.054851425973370,0.07257200440195280
0.7216306679643280,0.6542371349546720,0.4152029870074710,0.46293688141801100,-1.6016470692222500,-0.3358744532922060,3.4902777758321700,-7.352084320678160,6.663086683720870,4.619680087084270,-1.9603128031130100,-1.4299611667510000,7.613390406122670,-2.3817662810955300,-0.08829766816884870,8.065375709179420,0.33947556936565500,1.0849673586598400,0.40158316312604600
0.7299073728745150,0.9943880225912100,0.35841619720859300,0.5806569596524750,-2.4399971483219000,-1.3630353465260600,4.428195281623240,-8.565849408249840,6.609049617891790,4.159597480148890,-1.4577823263087900,-0.9911048096287470,0.5319273750846160,-1.9483438352165500,-0.9486005720152560,11.621369497066600,0.7439116408104740,0.8108167170488090,0.12506566191168400
0.5624633052418850,0.996897094284386,0.41583865212281000,0.5073277836901370,-1.589612520274660,-1.5798741243864000,5.568029614191970,-5.137828104936410,6.0840858442799000,5.146746433633800,-1.6179193849184200,-0.9159041589252890,-0.06966524146056760,-2.9719345720319000,-0.10984950340731100,6.724839709330070,1.0449514253537700,0.8719403795225630,0.19399980663314400
0.7586793424889310,0.9461015542540500,0.5568992780241910,0.34357279586043000,-1.8034093658233900,-2.128866427808670,4.019961378106550,-5.032675659725560,6.4621688767205500,3.406480354707650,-1.6408624448078400,-0.5444265719779030,2.0238122691137200,-3.2463547358890000,0.09269794887494920,11.364717973073000,1.164996958561810,0.47593074909045100,0.6416883647789770
0.5542253384256350,0.7893806113658300,0.5619529512244660,0.3939200321481530,-1.678614164788290,-0.5975834377995770,5.676135880648090,-9.340114701129980,6.275881062777330,3.269086148616220,-1.2991448803886300,-1.5674846530564700,2.5986162143327900,-1.4375649719517400,-0.1796585554210820,11.671067926798300,0.5287080074357580,1.1572674330940600,0.4880366392987340
0.7020805017615540,0.9441759530177230,0.5385905422589620,0.23370002259635100,-1.9984331614587900,-1.2866863784266800,6.615903486572960,-9.702736176132550,7.327655489296330,2.249951897871050,-1.5715367811741700,-0.9616662356889540,-1.7592270235286500,-1.684434272059380,-0.14580740906041300,13.72451802143840,1.184507267224410,0.8232866642498770,0.5727004188457920
0.7628059077889560,1.065597317855580,0.6838073296738730,0.540405318625113,-1.0708975544181800,-1.4973692826206700,2.3385280252088800,-7.208496109128200,7.116907229075440,2.6239174999449800,-1.5416494040129300,-0.9531893447350530,3.8520578152365900,-2.553502966195780,-0.7800617170968950,9.408851843655910,0.8052842501437580,0.7717202063221490,0.6418486925474220
0.5352422625994310,0.9692840710814030,0.6928188888103550,0.5243165418198210,-2.4315949635622600,-1.2873326935225100,2.0646931002881700,-7.249038419791910,6.494494608300850,5.711169998750900,-1.0475918269779000,-1.0703230564238400,4.241234643713090,-1.7668616368752400,-0.20565242417336800,12.939620067860700,0.9957192021524000,0.43363504632515700,0.4916424160922070
0.5172614617011720,0.8634746216710220,0.3711820000516150,0.6495306260114590,-2.130490367201400,-2.242852365408840,5.235260722028170,-4.631679352761840,7.851545433364430,3.03658811792913,-1.9432396616093200,-0.5634659280562470,2.258481442638280,-3.7326129572811300,-0.11218647134256000,6.721652773964530,1.0355769178408200,0.46127253760485000,0.6311907388390180
0.7155212825935070,0.9110663904250570,0.6047800512278980,0.34908416358643300,-1.6731675900511600,-1.5527916374191000,7.000632845656210,-7.276649221802200,6.117014173809790,5.092113338924430,-1.6447975637120900,-0.8877019432206460,-1.1680237469150900,-1.6278377886260300,-0.5992593376598270,11.450139545807100,0.8687795957132190,0.8797644461438540,0.4584689186317950
0.28314545691245100,1.0128673173359900,0.6135652070551630,0.5407770453793640,-1.7712019874446900,-2.1383352573201600,5.090531889124350,-8.626882706425940,6.638967014275600,4.538143997324250,-1.7412131651378700,-0.6825931971441560,1.3819718177284200,-1.594304352722250,-0.06365503260149890,7.639556456518080,0.9993678883553770,1.1620512003507100,0.27442280794315300
0.6193101760128150,1.0108968824486200,0.5037946529011350,0.2109527508558450,-2.2022458524781200,-1.4156688139535200,5.250331874150620,-8.932149727268690,6.399907267710210,2.1447762293168000,-1.3795685897987100,-0.9451547235519070,-0.6819673012504100,-2.191425165700850,-0.004941910811187520,13.018473227809000,1.1798726010298800,1.030240303629060,0.5670889172208660
0.6040209625155810,1.0972562097446100,0.36345178362984400,0.5857263932051370,-0.9295528601178590,-2.0392515998400500,2.964005344579310,-6.489534898092840,6.535068705217230,3.895121228917860,-1.712042737634870,-0.7309926184297320,2.023663801257320,-2.6095216852124,-0.3726096669253620,8.753563894995450,0.6925513370115870,1.010701481447770,0.2654289916478870
0.7118223141509010,0.9812542020594570,0.43415306230272500,0.45581134808872100,-2.4776569432259800,-1.4243021935889100,2.267108728929600,-9.976733197125300,7.731384555929420,5.473822241353710,-1.241123770808070,-1.039788289664680,4.755058757284060,-2.3703659241532400,-0.24877096454505900,13.042892631782700,0.6845686521673690,0.6914089737122170,0.28154111062038600
0.7050503578707930,0.8510205782852920,0.535814877380318,0.37298683936550300,-2.029071000135330,-0.6797120187849080,4.88632929553079,-7.869809261290540,7.038272185293000,4.517667331591070,-1.7819187444450900,-1.346042768023150,2.5364287607940800,-2.4395062229320600,-0.054404361492829200,7.318613610617200,0.5643120603358910,0.9535956105451500,0.49110796588585300
0.6253802375365460,1.015625470256920,0.3156267851507950,0.6458626660920530,-1.7738277735394100,-1.3022340136849700,5.900253902697720,-6.090017848387570,6.992701781019100,5.8976747609138100,-1.4552746224928100,-1.0469841842890700,-1.691954369450770,-3.1269990789606900,-0.5540624868174700,11.601777894860300,0.9086742846369130,1.116354176153710,0.3179611057566250
0.5669077833090850,1.0228291321300400,0.419675039924639,0.5188851835413030,-1.4047412721020800,-1.89141680591946,3.3049556763787500,-7.100165730710620,7.362141433612420,7.307769082897410,-1.8983366192685000,-0.7014259543927060,2.7989816488801900,-2.8618246388836400,-0.039708215823051100,13.209626902046700,1.1396770456441400,0.7948174917379330,0.25631803980171700
0.6023570803671050,0.8532549117715210,0.5392886219680980,0.5505422685766090,-1.0149032047877900,-0.4380446369576400,7.2400293914360700,-8.661222379143990,6.077149708942140,3.1832159829302200,-1.6633644910867700,-1.3970529481961600,-0.3024196272149580,-1.6893146579530300,-0.337551923395178,8.074368974322040,1.191270740333850,0.939504567692727,0.4907921835338430
0.7693520880571260,1.0522871389272200,0.4703115143454780,0.24859348376114700,-1.13320184641981,-1.6498041201389100,5.279257795688740,-8.502199961456680,6.967305589434060,3.9139594671234400,-1.5681956506185100,-0.9490391830497,-0.5383079515484570,-2.373807463528670,0.010028393139625700,11.328039088905900,0.6662859617219690,1.0232591546142200,0.47646621447282300
0.6878744666072010,0.9257144297864870,0.5392292411598680,0.6207894273122380,-0.8119665013263980,-2.077251058085840,8.797120621042270,-8.708294725317170,6.939840916610080,4.7899404215919600,-1.6755234602590400,-0.6744990826385290,-3.888957021378430,-1.5298101762815400,0.3681395337981880,7.685923706142270,0.9988851645929070,1.160421156483770,0.5689239731636250
0.7989570855141880,0.8502771927089600,0.6748056644262920,0.2589444170645250,-0.7914138415389060,-1.7249110357961700,4.159634529163030,-8.99295687037678,7.443514296682490,2.6870823495631600,-1.8612247910702100,-0.8748669768024470,4.463544739505810,-1.6120306644566600,-0.8526841068477910,7.456873558783650,0.4903252271888400,0.8451267257784760,0.7803631494132710
0.6895307155420460,0.9624226623373180,0.23259969701338000,0.5145835317886130,-2.244577263385350,-2.3854553853416400,7.496916778041490,-6.318460778195590,7.613460304743780,5.774059565626650,-1.1884203511649200,-0.7828777768235820,-2.05918333483605,-3.122608220747910,-0.6771680417993680,8.805321506110880,0.37338939251717100,1.0620410200805900,0.431366762192419
0.6942914115494530,1.039306763927490,0.6400559265993580,0.5540281903811170,-1.796553440162130,-1.2077911175291500,5.121982180500430,-6.14493271079824,6.496501351731300,3.7494890776146300,-1.0513483299539800,-1.1563190545432400,0.7911986047546800,-2.80352443435215,0.2944642048923,12.328372456667300,1.0230816248333600,1.0087754563881300,0.4892684656240000
0.7311318342597620,1.0472517978555800,0.5725943060709500,0.3459488947808220,-1.3154771359310900,-1.7995083132980300,6.00620026077245,-6.0015538459780000,6.165252619275830,2.927280671375470,-1.5512405109670700,-0.7640024400231050,-0.5417321423073430,-3.012355798865150,-0.161415764322332,7.187222757506210,0.9056403873147920,1.1715084808530100,0.7937829163466610
0.7115117846115510,0.9766986491239980,0.29638938037144800,0.2875922269991270,-2.4150322339256,-0.7893759814597280,4.289893998790570,-9.264973609761130,7.470293272711550,2.5328834600305200,-1.6510272579157600,-1.3150196746211900,0.8047749482479640,-1.7828733643756100,-0.5719228627789450,10.46484293304310,0.6139157689104900,0.7737613471080150,0.6942967247563470
0.5352723990257760,1.004594822366820,0.4396264639408450,0.3483476512365580,-2.494316671435740,-1.994799940742840,4.158245923919790,-4.6785766102795500,7.628598734854340,5.083551896369810,-0.7770537666986250,-0.7061574759422890,2.2092784774523300,-3.439303022812810,-0.3153600092596390,11.165719108912400,1.175815342085550,0.8631187753547380,0.963095469477245
0.7542859994869980,1.0137647633614100,0.39120369775549000,0.333976907750801,-2.299574718116410,-1.439744815989850,4.294346351898060,-8.48493376912856,6.689386681079230,4.090185675841120,-1.0809230183012900,-1.0330417591833600,1.372111790914280,-2.0452480165381600,-0.19550579623816100,12.919940136166700,0.5916859887133810,1.163235710002450,0.24529012834876600
0.6614161698773320,1.0351636399147800,0.4643987132204860,0.6888199957313640,-2.1921158000545300,-0.9313291165549440,5.269559583160230,-5.31211208194124,6.100264462046360,5.363073853166350,-1.1880236257395900,-1.1746761275468600,-2.015154806764370,-2.412943845998790,-0.4015846222554140,10.805344173310100,1.0036027953551500,1.1374216551833700,0.3306143349604730
0.713439342527715,0.8950329158418690,0.6948964832939620,0.2809760957980280,-2.1557433900186400,-1.1461427834053500,7.496356571905810,-10.014586653283000,6.304403603747950,4.396742756961430,-1.981290010382600,-1.1042522694529300,-1.4835860166092400,-1.1207529028942400,-0.32143148267679500,12.51459139964260,0.7723204221158590,1.1949309978733400,0.5996938471207260
0.7819942804746720,0.8212762631976590,0.2693562538239420,0.5066494318377180,-2.4838291164418500,-1.4758530054979000,8.70103266448234,-7.272723158002450,6.860115275590650,6.586750039158500,-1.4894789275046000,-1.1434575247772400,-2.3576033097733000,-2.5923115022999200,-0.4214693464991350,11.10302775226580,0.31809685946695700,1.1347533615809500,0.6425338616459880
0.5306318284770220,0.9794999036051370,0.24926720335948900,0.2535532203403440,-1.9950103767939600,-1.2554360749869200,6.268382753490480,-4.252092045999070,6.6980147479915200,7.601641100504130,-1.8674837364672800,-1.0508673470068100,-2.1853581934810100,-3.296123722351540,-0.3007128355581320,8.846695290744390,1.087381838296310,1.1389086601678900,0.5047695007518700
0.7321267509024410,1.0139991126997900,0.6619339884928530,0.3932301009857970,-0.6526573567797650,-0.7910432506080180,2.048261356115430,-8.992494552092820,6.560936619028800,3.3412075274812800,-1.8794690476050400,-1.3030525599598300,5.880985283396090,-1.2088304849950200,-0.22584043289396600,11.195131045499700,0.5661891514571070,0.811718471787742,0.39398579709125000
0.7713335863213590,1.0507323764263500,0.3821992234834000,0.6095590617370970,-1.3482914004569200,-0.9806016075819730,3.788494039223560,-5.9420559343568,7.355574702692320,3.1434404781641700,-1.7607906227824900,-1.2850470162777600,-0.22371569534338800,-2.690240857646250,-0.0796961354765338,8.59092918828958,0.6850250475562560,1.0336430597449500,0.8220751217633730
0.6235871984025930,0.9020155474516650,0.6980780562509880,0.4548119195118210,-2.333691392488850,-1.5519729421912500,3.308561714752650,-7.7151202505573800,7.909720368226980,4.6269075193396400,-1.8124304645033800,-0.9988360677272170,3.648379515628720,-1.5301500719194700,0.27322029962109400,8.917456851941020,0.5223226993991580,0.5994800206778260,0.7014757039383350
0.7645150779886840,0.9790711207804910,0.46108323921115000,0.5375964683036540,-0.7873316903621420,-1.4355624460195400,2.8872606247136600,-7.012141254914220,6.5852696419757600,5.16498136619155,-1.826425967261690,-1.0107078924278600,2.5629047346347400,-2.854718888766430,-0.2318645701489300,8.156764716175720,0.7447746950987480,0.47060831883241200,0.9588574022041790
0.7363426969847720,0.9130839352408990,0.4758756718267820,0.5043936560233980,-2.1007440357217700,-1.4003750123793800,4.98145399896539,-3.971656407375650,6.501790783948400,4.279769427648200,-1.373657489208860,-1.3908391578801500,2.674100403345190,-4.074594068135090,0.026358870376328800,13.143619652936400,0.27178651391915300,1.0002518195641300,0.26854525394583
0.6720248908409030,1.077026526602360,0.6078095223899360,0.22400384814433900,-1.4930525288964600,-1.3259764702205500,5.651704102992870,-5.618504848012340,6.876350968915080,5.862434148314300,-1.6695434286131000,-1.014132356525300,-0.2265360946668450,-3.668410457763170,-0.15169683890874400,10.471653233673300,0.8304861222539330,1.047078776185880,0.44362546080195200
0.5320696392446620,1.0309943822962000,0.6363849858036510,0.37645688068007600,-1.8658183139228000,-2.0129273760608800,3.4400308665136300,-8.00123920804335,7.300351349464000,4.060669670454500,-1.506951827305660,-0.8056784314663830,2.5722831730364400,-2.165690152275850,-0.02156958175276640,7.547342934988900,0.5759376389371900,0.809487136509324,0.6145557733062670
0.7954676747302890,0.9548890187931830,0.4506489843158560,0.6283086193565310,-2.151738414436770,-0.37003516382104000,2.761767429700220,-7.582476599927090,7.094462871621940,7.6653172688536900,-1.921745686373600,-1.3897898082359500,3.5352486185948900,-2.7501600071379900,-0.6664832945420020,7.605643830881050,0.546692622746569,0.834661638071636,0.6127287588546960
0.7704156930283540,0.9397054791140030,0.2941722540851340,0.6994515354297260,-2.2841136431369600,-2.034379838736610,5.653940555380320,-6.790945850747980,6.693661790059300,4.449251687366890,-1.7812749083916500,-0.6383930003440470,-1.551036179389500,-2.938647721949470,0.06610202977077610,13.061505819136100,0.5865698699603920,0.8048117421335060,0.3464646876526840
0.752180890990504,0.8823317739491710,0.5379838963690790,0.5759995688175240,-2.079726455104240,-1.12709480641294,6.03118603212035,-10.060948639505700,7.598177051180490,6.108465566691400,-1.930467961949730,-1.198965055293000,-0.1428705762719710,-1.19102386249207,-0.7950657368854630,10.806377286608400,0.5566152321298070,0.7458811241244790,0.6307625737579450
0.650851086910751,0.8689119649591510,0.3702745747878120,0.3533640450835220,-1.5636372052516800,-1.8957330626791700,8.744612267653040,-7.920383400523870,6.605363049580540,4.57935916768712,-1.5103428839925400,-0.6753588958197690,-3.304423305202240,-2.2967799617013000,0.240147170117246,12.117103499995800,1.1508005387563300,0.8694350788111040,0.2298947242141410
0.7432678121715990,0.9832193741082830,0.5739666330472840,0.45352165940076900,-0.8304303537992280,-0.9262693233728180,5.472300320215510,-6.544089659320520,6.1392775179622100,3.563054796431020,-1.845658377535310,-1.3877499650247600,-0.30825154301792300,-2.561038768852280,0.20336224511778300,12.435117006426000,0.4648190209368740,0.8954443421530940,0.6826665873776280
0.7887302124344640,0.9853189127327030,0.4935365548371670,0.699690045485325,-1.6521953312877000,-1.4226605333264200,4.095987361161960,-4.52008676885253,6.005222949127570,5.333464106012890,-1.3773001014775200,-1.0258283153009500,2.783560317263890,-3.840750017765610,0.19812139134309300,13.593023232577600,0.5745293575366930,0.8795479667426030,0.9150145101416020
0.5390349752000290,1.033676374978660,0.4599844221427840,0.5251896567970440,-2.088890831839370,-0.8049813538015030,5.323941906697960,-5.36267407725135,7.509637471780370,5.105558349946030,-1.9117266377847900,-1.2596711236860500,-0.4719503026522370,-2.7809933333580800,-0.5222181100802780,12.149437113866300,1.0043599147183300,1.1521272806859800,0.11876373186945600
0.7023878334740540,1.0696182127207800,0.5362465248526730,0.3746498049671790,-0.5778443436325880,-1.8688685071570500,2.4282294092957000,-9.343437897107930,7.958595330748490,6.879653939563780,-1.9521726168210600,-0.6819606857482350,4.281252985563180,-1.146387894304840,-0.4608857595702700,13.890411117683400,0.8737604935427420,1.0906789353689500,0.5060847997181240
0.7267729278184120,0.9848054315040500,0.5511897424122350,0.2796156359871980,-1.7311699471031800,-1.5966119994207700,5.89076221138471,-7.482199058455490,7.6765672912624800,3.5799980950960800,-1.4641093305438100,-0.8848498080955180,-0.7266897334494880,-1.5849629653216400,-0.7525318054226250,8.50995130736328,0.7272758632741320,0.8596836260786910,0.25079194514479300
0.7142916406599060,1.0247767304697200,0.42135142073559600,0.6357713775397390,-1.3614030879894400,-0.601257533192861,3.6666919940720600,-9.284736203191990,7.754751494705720,5.4415477328486100,-1.530542303813050,-1.3801203485883700,2.4285025182562700,-2.360526996244690,0.024460031408318100,12.846230229850900,0.6716298989701780,1.1856662037449800,0.3853117689644990
0.5770913122895170,1.0623548978162400,0.6436520775828330,0.4389285092481090,-1.7318039777333100,-2.2216196143045100,5.059311093469530,-2.5735188717603300,6.625840212822020,5.758297832343280,-1.475862605162930,-0.655108437878483,0.2602411265522090,-3.8358261027677500,0.0314297128257572,8.072104561569970,0.721722492820096,1.0122520166449600,0.5698426018073760
0.6857291224088130,0.9892118465829760,0.4796293962640090,0.23345160485931800,-1.9703274814455800,-2.1532335531220000,2.0204829089799000,-8.791774397208280,6.419544583136810,3.021262786661100,-1.1316221614285000,-0.7225099816352100,5.452995442754060,-1.6769361595967900,-0.07003849111340170,8.493198952915230,0.5228665888444910,1.1184875861614700,0.4316670812040560
0.7352151791433970,0.9968529901390030,0.49559613922892000,0.23576705892670200,-1.3372117638178000,-0.12327364307864700,2.0026386921374700,-8.93490058616198,7.66097873068878,6.894900629312260,-1.226565489682580,-1.4907659299603700,5.54654930914513,-1.822049480031510,-0.17058319427276400,10.277715999623100,0.6666952658923630,0.9389519426781890,0.573663409551735
0.77304636173998,0.9724132810152880,0.40596941337465100,0.4075530137736220,-2.4102175506894500,-1.8339574011823400,2.794918944665650,-10.167048039195000,6.99116787620663,6.434663755431390,-1.3135527826948900,-0.8019831573096210,5.53838663783881,-1.2052136801136200,-0.24532929470906500,9.230982688973480,0.4732734246765790,1.1814242250917100,0.9013509000687060
0.7756261920640950,1.0269561364186600,0.5929636066032140,0.48160847812295100,-1.9478028345261500,-0.7062771364586350,3.976061156880010,-5.310943433677710,6.389133158783100,5.895870653077240,-0.8364298717708110,-1.3897053099456900,2.0869283827076700,-3.3111941742490700,-0.6586697636991880,10.254315231099700,0.9325473223092010,1.0213756531709100,0.19485690761399800
0.6899931595494940,1.0715779169449900,0.5198339953337390,0.41437204947408100,-1.2762585957652300,-1.8682852935725100,5.380972305770580,-7.1012050255680900,6.297801213648820,4.273167192844150,-1.7372630778508800,-0.8823604797640330,-1.3480604379860600,-2.4793040261675900,-0.6898657355319070,13.250755841249500,0.5593974189734550,0.9979393045231560,0.5318468489246360
0.7891487087813750,0.9500663565133810,0.6962598036052370,0.229384855894593,-2.1899406266617100,-0.6952586335346740,3.763725706071610,-10.222839093186400,6.866552320291820,3.6321370148524800,-1.1827786400399400,-1.5559464322486500,3.4947839642459700,-1.0037358824394400,-0.924186293626266,6.365272536496830,0.35052226328808400,1.0582515357889800,0.18089533289136000
0.6866638792040860,0.9138424456946110,0.4050142936756800,0.24011322023926600,-1.1571943238669000,-0.712537064139016,5.353115032078530,-5.966762562931200,6.6501182642963900,4.628477202215560,-1.180946342054320,-1.418708446262210,1.2206864433272300,-2.9939293203108400,-0.2346083423235930,11.314375536848100,1.0738238400387400,0.9800431566470460,0.46998176452427800
0.6865732786094960,0.8967527917441240,0.6024909766404650,0.37550271530890900,-1.4725794372891800,-1.705130554218750,7.875036253971260,-6.713682049498570,7.212448447998860,3.314366859194770,-1.887027254458730,-0.8184105562609240,-1.634955029321720,-2.9682358717487800,0.29679434947475600,13.29917242382260,0.7746204071237120,0.8476187052129110,0.6971258554256930
0.7543648616165840,1.0102408460627800,0.5244023236365270,0.4366224754040680,-1.7165354018198500,-1.284069118538440,5.441353403706240,-3.780258234552070,7.554297380077480,5.2709047050985800,-1.5782103370738000,-1.0087309602669300,-2.231065966860410,-1.8211676061382900,-0.7727455652414900,13.642904389362200,0.8352326940098800,1.0095174774692100,0.2771234658391180
0.6386183111617300,1.0440823435626700,0.6331388821746740,0.4330381132240230,-2.257965523150230,-1.097002359554010,3.0923533460527300,-6.473709286279910,6.582022041549180,3.243955102179850,-1.315532936447710,-1.1182063319300400,2.4277833829378000,-2.2840637264330400,0.20821360493931600,10.006994485481400,0.9432947968458210,0.658133285601871,0.4002930448055610
0.7682558205211510,0.9756054425245210,0.2912955726891570,0.3170895219635040,-0.7243153894950370,-1.396947849093650,5.028052336894670,-3.3927006637289100,7.245225405271130,2.4044694534711300,-1.7626596456074500,-0.954193066819564,-1.5691086647186700,-3.0114653216179800,0.137468228640317,10.104575068952900,1.0994951567023900,0.783960199951826,0.9301869435404330
0.5608299917240970,0.9476560585609120,0.6735804686471490,0.5733153880829460,-2.0992213421511600,-0.9910524814952670,5.891772139419030,-9.13350767140798,7.417645193184470,5.024394438584020,-1.691118309560710,-1.2050373718029100,-0.9696441034094050,-1.4816369305214500,0.35207055648845100,11.142104298937100,0.9839534118508360,0.7564905349595550,0.0895470715279959
0.7396938570590720,0.9306344669731620,0.5401853445475830,0.2571354302582680,-2.459934750365770,-0.5922144756448610,5.550974640297040,-8.298257417218670,6.225691214947120,6.46109388707848,-1.6465351126754500,-1.2771486515221500,-1.494766565183310,-1.006381033580930,-0.10328998061998200,13.940589876272700,1.0066109718574300,0.9718158518621740,0.8290043662915870
0.7179971456425180,0.9750843071625050,0.4294842955041300,0.26185572172942900,-0.9671644812866500,-1.5290432158975900,3.679993232144840,-8.061484285241260,7.19958849526278,7.062867334308770,-1.8739853091144400,-0.9099481817951150,0.40024672676968700,-2.384084886398810,-0.7997428066140820,13.631712270766200,0.8733079803786570,0.6869687737087160,0.5939665398333590
0.6633993216466180,0.9739547348290300,0.6674452897846590,0.4958555479367080,-2.122348395100920,-1.5361783168320400,2.6825189675377300,-9.316193132925090,7.99090596404704,4.764077412488420,-1.607347228992260,-1.0410955959224200,4.035899712175900,-1.900617978226320,-0.15589999893734400,13.412740326897500,0.46463636284673100,0.7441990636473860,0.4904233425310610
0.5814313697957810,0.8736516539260690,0.6632615340748720,0.60015784523048,-1.917051101006560,-1.5202492820736000,5.768124413135060,-6.301251960437390,7.514462044409870,5.103553495039940,-1.3926378683007700,-0.9434237084213310,-0.017293533697984500,-2.2261809263861400,0.026135742333503000,8.546308721502930,1.0487075316232800,0.6132569792189700,0.8911722388941010
0.7066757402245670,1.0100940680165900,0.6329004511556720,0.291749974213445,-2.471878939764230,-1.7573995877906700,6.205376485591660,-6.165007305906390,6.083460293481570,2.903829540369200,-1.5813804689030200,-1.0199477104564800,-1.064995274249660,-2.9046234377088100,0.10030744565577300,12.357557769043300,0.4191578913281730,0.9638564547212250,0.7771670147050010
0.6061347111734340,1.091172061335610,0.20307736155222900,0.543395804207179,-2.484973483728670,-0.590965040791621,2.77500838492549,-5.1316972599347800,7.81366352984076,2.478488714308070,-1.406413769866940,-1.4334544146025500,2.5187239141112100,-3.7543306299798100,-0.3104806086110320,9.998733410902720,0.5680502514598220,1.179205700718860,0.22258702808621600
0.6782647817624060,0.8933993549409020,0.36887632109436300,0.6318706113848810,-2.186414927733670,-0.34495627923795400,3.20663073136354,-7.574085011547800,7.333627197747890,3.961477128890020,-1.8729614239759800,-1.4640064776338200,4.710020453926840,-1.8862992791519700,0.08081485734679450,7.174201861246880,0.47912045407761900,1.1463032431203500,0.31416102199461500
0.5967503803374830,0.9373644585666420,0.578698482768282,0.6664811892081370,-1.5381834964831700,-1.3031839104452400,6.421391969883250,-9.96689480757658,7.426518330668690,4.606206432027110,-1.9421488982490400,-1.1880461705234700,-0.9181083577142100,-1.045464880219350,0.19336535329507300,11.567914515313500,0.49532861805027600,1.0968248558274800,0.6216925359306750
0.7497973835763230,0.9155017380456420,0.5864197684589280,0.2890000280028460,-1.8854271711289300,-0.48751830223763800,4.038611528765030,-4.9463019980616200,6.823650261907990,6.119198133289900,-1.3706175181876600,-1.413425339954610,3.2212990815675500,-3.7218899712173700,-0.6565274646836730,7.069281512484210,0.6480740316856990,0.6864193375359030,0.3710208685209070
0.591831031422014,1.014336195641680,0.6045951468482640,0.4003707311813140,-2.0991140101681700,-1.0159926890740600,6.569222425265070,-3.076713347069800,7.1585457843400900,5.7231186741331700,-1.8127191483285200,-1.2052885012899400,-1.475972811432790,-3.173045023088480,-0.22728702715639100,11.920851021164500,0.804594332848751,1.1692064076189300,0.26608297057998900
0.6921713677148290,1.007038360457510,0.38958313389143400,0.6820141403373760,-1.839349944279890,-1.7858384716338900,6.6194682808807100,-9.192812260108890,7.997219366428310,2.582868609113680,-1.4107927077456900,-0.8238604583142790,-1.822366546580510,-1.526384535555660,0.092511502082406,11.597235106554000,0.7445621823735240,0.8433653140613570,0.3721385477226390
0.6025747769760640,0.8824421181743170,0.5790620072731860,0.371903680968773,-2.062696540250030,-2.0670987908390200,7.352640548774090,-8.080394840914830,6.829980994605060,2.705796872325390,-1.327407947446110,-0.6556882400682190,-0.019323902277506500,-1.7689184974577500,-0.4195140944798020,9.596658671952860,0.7732022228233870,1.139673611383380,0.6506437309130990
0.7992830132247910,0.7180269701499250,0.5210263935611680,0.6429298570156610,-0.6602768309413010,0.14213298083105000,2.5566644420933700,-9.432851800826160,7.4511309422511500,6.510551000125500,-1.890823911660790,-1.336443707881610,7.968420558049200,-1.8661989048752800,-0.2085912141895730,12.068726935067100,1.186680827001570,0.996265565410383,0.6374609829824460
0.6884627010481960,0.7680992502483760,0.5684151834477290,0.471981961691016,-2.4058300222079000,-2.159120775669200,4.7906441368359900,-6.671936058924820,7.51871117360115,6.75334223951193,-1.5693761164032200,-0.6135714973493250,4.456317335221280,-3.0877909067956800,-0.7659107692935130,7.249604045838110,0.7129825954337260,0.44617922603959300,0.6125776777433440
0.6590827663338680,1.007146942215990,0.5165956203984760,0.5349045179402140,-1.4705438627870300,-1.4645089993826000,3.2681740670491200,-8.66023983340572,6.32715715127961,2.177748500102450,-0.9394635764566710,-1.349050693274590,3.858320004478340,-1.7194507347177200,0.006896432508951620,7.43310847475603,0.5609018100077070,1.1182734753540500,0.24185395560656100
0.7421291860090150,0.9604890845079980,0.5272894786848580,0.32398574475647000,-1.4361247031923100,-2.265191302065910,4.743608513526980,-7.237746896204340,6.331119725267870,5.5116059450903200,-1.0396337494090900,-0.541818183329996,2.3459113128361300,-2.466339533462790,-0.5251209950726300,13.074232308752100,1.1186304406209300,0.7858104868257050,0.1113598227734940
0.7610935583718890,0.9127130995803530,0.2984050914715570,0.5949742469690570,-0.5636818829416410,-1.7507016957491000,4.779333684170920,-7.241844913701690,7.652071271087760,3.0534292705095900,-1.913897922376310,-0.7713475141137550,0.6243802609502600,-2.5837478560008100,-0.5936358778460420,9.80218076510693,0.8907847450673260,0.7212362182398050,0.272690714631465
0.6465932551720930,0.9307201270934430,0.5180356468067350,0.4762902453130410,-2.0794382635916900,-1.839044973893120,4.126662230793490,-9.402828057638650,7.6715576233977300,2.752875183268620,-1.9440890771743300,-0.7772031999369380,2.4082865065313200,-1.5245492313844500,-0.7728230385957260,7.982200736118740,0.6166855229646580,0.7423253041412770,0.9437212350965630
0.7355124745815890,1.0789556745445000,0.40554762939641000,0.20971294919189400,-1.1697310812409700,-1.3623116320550400,4.043963648980350,-6.244405027007070,6.79115275907318,4.108178495620120,-1.5910572310522800,-1.0005379905391100,0.8192148210939660,-3.1036917804242800,-0.8453096839415880,8.918127399879050,0.7424346111743690,0.9792097527544320,0.25094280463235800
0.6393354888934,1.0654359132979100,0.23843808727702800,0.5559030810094880,-2.317691182440440,-1.6077960996961800,5.695317646209690,-4.70216557119727,6.259785315012260,7.2983942342886100,-0.9685738486268750,-0.9844179135399630,-1.5234824967466600,-3.5741310617894800,0.33487106862838700,7.7045996193720200,0.8190159233130460,1.1848878831432800,0.5864327295474700
0.7986008086813940,1.0827089741271000,0.4998839644800090,0.5396385819410890,-1.4925413454178200,-0.9472708156009700,3.3398557396569800,-5.934037115965680,6.156474889840840,6.389546700684220,-1.4798762659261900,-1.392324751075340,3.293432435498410,-3.7142120555559900,0.16993618740610300,12.40581938653220,0.36450128632832800,1.1318234921969600,0.5553802288331350
0.7140562147277490,1.0905356568144200,0.6184559827576570,0.48384554525863200,-1.7116318487245800,-1.2599956869209100,3.0513562388478500,-6.53032470260624,6.895988431073240,3.582141517839710,-1.8234232091421700,-1.145482923318930,2.596265395498730,-3.144317849375430,-0.2382103510653460,10.405333076194000,0.45585885577108500,0.8064287159616070,0.6804124444818940
0.776886373737653,1.01785840320756,0.6893988011770810,0.20808484341262400,-1.298458893510570,-1.4379910904062100,3.7859282306599300,-4.085413529500850,6.310754109733510,6.981938933834600,-1.8938525826106400,-1.0403949489124100,2.772856975403650,-2.8130544037156800,0.15747368456321200,13.395113120960700,0.422931860959733,0.9581398823867970,0.5064606082826950
0.798907667996031,1.0111870333321000,0.2037320885764960,0.3307495152865160,-2.1793289582641100,-1.1207897457065200,3.6686349104446900,-5.280953504693320,7.0645591386913300,3.1058350336465400,-1.6338356203208900,-1.1400730695956300,2.0424161083586900,-4.392236959680280,-0.4267867945542210,8.16046139454385,0.5154966129841480,0.8714708208294360,0.18017911390774800
0.4532731787016860,1.0602098128017300,0.5562710930529000,0.30505085797733000,-0.9535013603663720,-0.9473723432676810,4.182003925090210,-9.375752772817860,6.050149026293190,3.5880225469365700,-1.8286405963007800,-1.246473440784130,-0.13882066924312300,-1.2160073427006500,-0.5004214132703920,9.508834575641300,1.000658312843240,0.916930143752696,0.6793714266655300
0.7177689508925710,0.8890474173151180,0.5412071976119200,0.31674543801935100,-2.0497868035194300,-1.5686770518614700,4.371282114046270,-7.997704767770010,6.896672559799130,5.339282040111400,-1.8382574991956100,-1.2904604494867800,3.88091521194682,-2.330519728703730,0.026846729672625600,7.479603693014780,0.24536144704790700,0.7543869938855150,0.3639851923858740
0.6168512613014030,0.9625526821576790,0.3200629578579170,0.48324989304095700,-1.765942032329270,-0.19253506907136300,2.925315500380940,-8.642908341218780,6.88874593000228,4.808972611304570,-1.3813618020859900,-1.5656073407583900,5.376132437023380,-2.0409261278337300,-0.20996091656229400,6.937501751595290,0.5359430852907160,1.1125554756251500,0.35719096941103300
0.7928804505202690,0.8431698136938490,0.3694289608712250,0.5863668238787590,-2.0171228534023200,-2.2065164800788900,8.016746428041750,-5.677149385062900,6.903206084387800,7.890477786562330,-1.8793519638541000,-0.715071896447636,-1.503077979211890,-2.717176989923650,-0.049529395952359400,7.217227281398140,0.38359533768290900,1.0236898937394600,0.06748697298883050
0.6049637039586260,1.0880682095597200,0.5081484064224210,0.5348658530805170,-1.6909368129434900,-0.6116465689051570,2.142776459161970,-5.114238226858340,7.309554881630030,4.525038262196500,-1.4353860559000400,-1.39734266730695,3.166929077670350,-2.752595548788520,0.04530273547940630,12.798425079041300,0.8384425279335020,0.8930619087776500,0.1825622838780930
0.6226512397927820,0.7075976535128890,0.5110562002143410,0.2611914952496900,-1.4372850717477200,-0.47762835884376600,7.822531361581080,-9.570792922244030,6.754633899648950,3.3297776346049300,-1.7898364758734200,-1.367757979687110,-0.09311367577104680,-1.6022127039938700,-0.3888688986172110,12.51073378597990,1.1570148984263400,0.7251294258797090,0.7689307970297720
0.5459801491244140,0.916312900340155,0.47156953166460700,0.4580241100302800,-2.2583072279465,-1.736253054826100,7.380630210607460,-8.67298109804002,6.923370289854310,5.08354233933881,-1.8273549882348400,-0.8520424471203690,-2.491227248648230,-1.8254629144399800,-0.43656856072857400,8.802284433846210,0.7796042421519940,0.8970668221321660,0.7853761235520690
0.7507825404787530,1.0757934726895700,0.38544131674845400,0.5035008943264410,-1.7348022512934700,-2.159873239965480,3.864325729157760,-7.101702605997050,7.048722933985300,2.488285890486410,-1.3444860521749400,-0.5701274910172620,0.7396631463144540,-2.401604396218790,-0.056482173660695600,8.616459038585250,0.9081279076104090,0.8875201023552660,0.7590736216132120
0.6754472147070760,1.0537404578058000,0.6006082608400590,0.4643397026942470,-2.0988128334884800,-1.8847428555527200,3.580113681577500,-8.821185765310740,7.794228496106320,3.083060593782050,-1.8831453074974400,-0.7620188749065980,0.7190089720306030,-1.542427718781610,-0.6627206103646270,9.398304643323770,0.5841631472717640,0.8398551692808170,0.9650457130493420
0.7602855129038040,1.0392222587753300,0.5919101124947210,0.3633370634515190,-1.3393920625541400,-0.9220468375153380,2.2678387745003200,-7.172228004640800,6.899930375678600,3.866577874348340,-1.7496867219070600,-1.4763375080842400,5.185541428718820,-1.4464154786891100,-0.5061814672431690,10.160941354740000,0.28686270066484000,1.140221443538020,0.5168034170265290
0.7262008722519820,0.8904146174670650,0.5572513050144030,0.3504511677175020,-1.8304548983524600,-1.783283335765880,9.401954495960790,-4.60334127710737,6.160416181472360,6.571232301676500,-1.2429377843685200,-0.7313227028782920,-3.9103208902208900,-3.1755167458037100,-0.35003225461849500,8.089675426736330,1.1984847039903600,0.9984220030043700,0.4703048006421670
0.7305161126911950,1.0471249402083500,0.6808455314085130,0.5589833550104040,-2.2512365857992200,-1.6262377006197000,4.7681387791628500,-7.361114675764010,7.439447631983610,2.0080484832733200,-0.6579750739114370,-0.987368873007247,0.500835245651831,-1.7925857685824900,-0.39984018096466900,12.039461360286600,0.8558980433212040,0.9298128532022590,0.784474053682968
0.7043068778139380,0.990472324235373,0.23040304058967800,0.6009336895599260,-2.3538750242881600,-2.210720013423680,6.800577857938760,-5.979751973620760,7.805601650810010,5.033415437488,-1.5651267502712400,-0.5220623174940920,-1.2913823326342100,-3.4818490484260800,-0.6148908707144290,12.766164734947400,0.7533529908611730,1.0220994305359500,0.574607538379506
0.7189124631053660,1.0354157522943100,0.5010300373229650,0.36429558400407100,-0.9345645590042560,-1.166076033976150,4.792622091351960,-6.986406253396070,7.843006358267540,3.964643426355700,-1.735962652444480,-1.1344738016609900,1.0487723726662500,-1.6006123559334200,-0.0890670300544752,11.238635594834000,0.6504421143678430,1.0266096414732500,0.9057631484604910
0.6486940741477100,1.0864377033261200,0.5950078488613350,0.3432676799103090,-2.050810537496830,-0.9353597899909960,2.444697785924340,-10.109691126148700,6.177636955193610,7.477123825529510,-1.1750075222349500,-1.2225034336818900,1.1571028214402900,-1.4660798300158800,-0.3007064581301050,7.119057077664020,1.196615518371750,0.7494108204624100,0.6908479961249920
0.7643798112115760,0.8958495678152360,0.375659682110023,0.4511515189137020,-1.0325249723648900,-1.8077153498882900,8.840256932741260,-5.754858323051480,6.822387975550290,4.239695403084400,-1.5135403418930200,-0.8149056710877090,-3.0123277438517200,-3.4467120880948200,-0.9124723679049850,10.164563260643500,0.7425205756312180,0.7954823133163520,0.10163119812658000
0.6701775306178780,0.9979192608569240,0.5616897811847670,0.3671401719703480,-2.4238557365308200,-0.8860635821314420,5.424225091081690,-10.076552224056400,6.734799349568560,4.605855136763390,-1.988572606058350,-1.1690970567985500,0.23769290252887300,-1.5691136968107300,0.19283605748285900,13.495820471287500,0.9164259203927610,1.0142198101006900,0.4561550419030600
0.7045413400525220,0.9524910322467370,0.6894659111090260,0.35887040610677900,-1.1714210169975600,-1.6803426171081500,6.190769984570790,-4.559108437430730,7.193442529359780,5.998695274616850,-1.9151338260580200,-1.072383634161590,0.30404722733250900,-3.7785054975917500,-0.7039582922334010,7.907970425274480,0.3626312077356740,0.9976258882900270,0.06467344670514260
0.7726881225022020,0.9743843371542240,0.34491501863409600,0.299817885788955,-2.165082495312990,-1.0668743380974200,2.46600332099819,-6.288279720183690,7.420773484639410,5.634570085964620,-1.8265814914539500,-1.7132631695772800,6.278851363549930,-3.2390858224814500,-0.6004274248322060,8.881471564368050,0.1770370138962960,0.9174014070463540,0.7822241617633900
0.7986942484649740,0.9960098968260500,0.6365191142032570,0.4569626743807280,-1.5856729913196000,-1.6043892046235700,6.119256312589040,-3.431154842303750,7.918757228548470,6.641684297676860,-1.6214184449159200,-0.9601145761031090,-0.554664196620732,-3.4465636980728800,-0.24335217779842800,7.382342628361490,0.4830702502809970,1.108716956504630,0.7623195092606090
0.6876235444176540,0.899653093365122,0.6812911491503730,0.5515239660023610,-1.1341572040553700,-1.6250587975189300,5.527441501694050,-10.338546034639300,7.251488552118920,5.96912175521506,-1.9517158092715400,-0.8166972451650760,0.31425491032105000,-2.8225966478358900,-0.4059973279635320,11.454288022175800,1.0432350239433600,0.6131527383560390,0.3642835913338520
0.756099323769532,0.8134134699405750,0.3581941761204690,0.4383699717134410,-0.7622455904533560,-0.9393144620191860,3.8456606094943700,-2.145396303406820,7.226900240320230,3.8695545345495200,-1.8618112630520500,-1.3569534562363800,4.819648772573150,-4.842261454958220,-0.05403396174775140,11.539350286252000,0.48793292358167700,0.7365215232752700,0.6196326216503040
0.5509943326756430,0.973884204731343,0.5757676967208530,0.381840472864968,-1.51849812728498,-1.4558380525683500,4.0498040092150900,-6.4806580222761900,6.055038772657890,7.592390934135370,-1.6310286253020700,-1.0123418923193600,3.0026373668677900,-3.103312099359770,-0.027139920398721700,11.159678377651300,0.6771731320039270,0.7047907158881630,0.3989004490673660
0.730780276269963,1.0585967991657800,0.6213155615304410,0.5757410415643070,-1.960319805932890,-2.169604873876090,3.2659743262138500,-5.070069190821020,6.559884472071280,3.6641121879309800,-1.5320292579935400,-0.5228269802669830,2.1119772868531900,-4.705894335835970,0.16412434064761900,10.012974867429200,0.9558289371005720,1.076224542313060,0.29586243897185600
0.6310137614851670,0.9135347835289840,0.5463756171828790,0.4418256616296490,-1.6996511046268100,-1.6850205428250600,3.882997534507890,-6.729206377317350,6.45611954469856,5.894169053162260,-1.6953037831045800,-0.8317924537054240,3.1219002918097700,-2.4682299820885700,0.14374687339138500,7.84895733960248,0.94182777420304,0.743709019932079,0.9407487559950680
0.4631993931245390,1.0074115571286500,0.3778110851668780,0.3314747989856720,-1.697396729116020,-0.8637410780915730,3.8277510615485000,-9.744790831612570,7.308375368366280,6.099774322177220,-1.7105427059208400,-1.4590839288678300,2.633176051337630,-1.8294730327132000,-0.598487779517852,8.52645715095621,0.4940088641996290,0.8591763098984920,0.7234321331317140
0.7841684261827250,1.0264118865341500,0.49753981280996700,0.48941190726555400,-1.5809482818473500,-2.2127003346900400,4.710153734725720,-9.445123770889550,7.509990858216580,4.69683049105542,-1.9874585701937000,-0.5840536483505790,0.383292290541454,-1.3975862439925000,-0.794959594278987,8.729927236237710,0.48643065417547100,0.997182093163747,0.6400869756072640
0.7660360645202040,0.7335832059240120,0.6981918985856220,0.6759633848990850,-1.8364494853429400,-1.2851204120027200,5.788499114568680,-8.586087545495900,6.586392488789970,5.904327280068870,-1.937996213471040,-1.2495837005633700,3.229154841758380,-2.6595808236308100,-0.11592277134065100,9.000017673277960,0.2864701398662070,0.9352112226464990,0.7312532370707480
0.7020392314204520,0.9596914281875800,0.4140732505519110,0.4279135402559370,-1.9362516913513800,-0.13199644428831300,2.300332862531810,-7.032756219805900,7.139944629546480,4.207624535336550,-1.8279584854590800,-1.3823160355455500,5.925566311258810,-2.392155631454170,-0.25487752062973500,7.537788172636510,0.8564578477672270,0.7556325278404310,0.6916877054922630
0.7394695840987060,0.7126074675704990,0.39242262381966900,0.5337093963633200,-1.9865305467157500,-0.9686875878438780,7.290411963101240,-10.571009187383400,6.1565630856897600,3.5933521774508900,-1.7395667990708400,-1.2039028072607200,0.22341489956548300,-1.4390234435525400,-0.4984884335557820,10.875085590737100,0.8042694647199330,0.5080173777334150,0.5755972409220860
0.7229003963130990,0.9686727349401770,0.24467356825388300,0.5298802603981230,-1.4752599700601700,-1.18768157445464,4.843725991106800,-1.4724587951270500,6.393752963777260,3.646209259991120,-1.8828093914919100,-1.1917506813589600,-0.9197228546707260,-2.146576022104220,-0.08847914584203380,9.08253179374457,0.4945043823042530,1.1932031864356100,0.14866906927007400
0.6490851541154120,1.0154907445849200,0.40944442185967500,0.5725527577259840,-1.9868307145043900,-0.6995614082284520,4.165592398729240,-8.854817532762570,7.2334959090593900,5.652141289944930,-1.4963875019393900,-1.4273806221826500,1.2839319950665300,-2.137821690729350,-0.5389643533677510,9.933576001312840,0.634307667772431,1.1583585484770000,0.6947222248486820
0.7207365812863990,0.8427648109172280,0.5128972709381980,0.6772875343784260,-1.8050132093240500,-0.7203370240768930,3.6331484369953000,-5.149837591802450,7.384251719317320,4.1082385590579,-1.8746544872820400,-1.4061275562944500,5.684426527367490,-3.7208709409554400,0.07032144840987860,7.014508384381520,0.4370210048549380,0.6888190478461990,0.6410240203057610
0.6226725445138980,0.9286050260257810,0.6462177851523870,0.29746114599795100,-1.6188712942339200,-1.7087078610650400,4.179390573591260,-7.81043011408886,6.716320358713100,3.671057169016580,-1.407755899636560,-0.9494619704889900,2.9848494066065500,-2.360319271305850,0.053529384725302900,9.955287736947640,0.6553926030833030,0.7657051765358370,0.20229621621031600
0.7634498816956560,1.0222573608206400,0.291021616543339,0.3035197613114750,-2.312473628989610,-1.4920196484488300,3.8511458301219000,-5.401481759490160,6.209705755200910,4.766253177301960,-1.2493793948865300,-1.124523740458120,0.9884468690064220,-3.4611966304427800,0.3827258987620030,7.678102270761090,0.45022968744940500,0.971669096674629,0.4811573566071660
0.724103840964627,0.8569796502954120,0.5496230891621980,0.3754847774571710,-1.6457048237850400,-0.6611928623413050,3.591215715516110,-3.790218995217710,6.553720337590600,6.234774601624680,-1.6397253333954900,-1.7169997401689500,5.707763334155410,-3.5452562037538400,0.15192306071075400,7.761267761968290,0.29868471115703300,1.0171416206318000,0.6061297120130940
0.7287304428745270,0.8782929958625060,0.21670891692477800,0.5474840055387070,-2.285704784931080,-1.4614000208758400,7.150716450134730,-4.791455719144980,6.348902464574090,2.789932203677470,-1.7434478469008400,-1.0014965841538300,-0.36949366446026500,-4.34175502257308,-0.8464332619272090,9.35917074188474,0.5245529258761880,0.8425335453330140,0.25962708085304300
0.7517540088734180,1.036075831650870,0.3814196060319100,0.3091851579742730,-1.4539458631128800,-0.7781190440104480,3.8868982795175500,-6.677876072397550,6.4770490779717900,4.321009147675760,-1.0060371922018800,-1.4257437580666500,1.8327000096970600,-2.506256289620170,0.2918558314562760,10.005904576621000,0.8692879550770040,1.025535154672510,0.7925093461715000
0.7925839589789360,0.8850092292325170,0.5460409063998370,0.3182290806260470,-2.1236505329273000,-0.930254105348035,6.365834166084650,-7.121732944216290,7.9364280503793500,6.219869709889920,-1.451370890805350,-1.113062432050470,-1.5594597260424700,-3.50565103476573,0.2893781039413030,12.209104117064100,1.175037006257040,0.7032688072667390,0.14174611151082200
0.7533618519306280,0.9561081038290920,0.3529863753233910,0.20346978224253200,-0.6877837357706150,-0.4634663961591230,2.75422409290671,-4.7767881230791000,6.925717663877720,2.8444395446422200,-1.964310799125850,-1.4723551155437600,5.809733288600480,-3.6081881761109600,0.3090585291634660,11.792703172129200,0.4232369985499950,1.1243813597095400,0.10966290791118500
0.7015594579226630,0.8371607488226820,0.6072787909151280,0.5060197679885780,-1.7459082771746100,-0.3908831282302250,3.9916349435256000,-9.262901005295290,6.5708332931815000,7.5035376734192100,-1.6415809461673800,-1.4486476323366000,4.031460454533720,-1.2664137092277700,-0.257745505484072,13.253684073372700,0.5774147310029590,1.163775946041620,0.49845561498133100
0.6235493327756610,0.8275968545611980,0.49250185067635700,0.2078639175961440,-1.9783630569227300,-0.9914611297709210,5.66282450082716,-6.841592458432070,6.154972259458050,5.226859462648330,-1.4156842996301100,-1.3162059890114900,2.2743333246075700,-2.695475410901670,-0.8847984027638090,12.736941002104600,0.5256571715613520,1.1892851556378600,0.9239563574564170
0.7111441989502740,1.0590661813642000,0.3867193980562960,0.48427461771727900,-1.4753152614929900,-0.9625330581445720,4.9767872007888400,-5.229473488948740,6.1635499465499900,3.594307068999940,-1.3337267938680200,-1.1671287155136600,1.0824103331116000,-3.4737678122118000,-0.1755368513415490,7.73380699384567,0.9853944894028560,0.9495771997907570,0.0905776905190333
0.7395074565255550,1.0385590568663200,0.4487065498867790,0.6484023933404210,-0.5774726313453080,-1.1171275591575300,3.7711828128814200,-7.320520508525250,7.7067604985712600,3.88429522365435,-1.5337794944294600,-1.4028976021679200,0.8051893523757850,-2.15760101128229,0.08149703529333040,10.368843370464500,0.7421756124535310,0.7864305179813930,0.7455210936540260
0.7917319738786320,0.9538912776503770,0.29689544991864500,0.5065596341439160,-2.1256899277131300,-0.8683688218220230,4.142238816949310,-2.0589924155630100,7.1976010550615100,6.268650423752170,-1.6889294614978400,-1.1083770294912600,1.657547510072670,-4.2387175984561600,0.03556853278415360,9.190310925118460,1.0179026496640900,0.7108045809911870,0.4116320740531340
0.7880932955552390,0.8970656999400270,0.2740848402607100,0.4111228832000610,-1.3708133855467900,-1.37641856890653,7.089413834022190,-10.946652378532500,7.596027230136780,4.803173779445500,-1.9004133744563300,-0.9723695219177590,-2.054649892175680,-1.357731243267460,0.07223166004773370,7.281642444249460,0.6545379233736310,0.9055217290542800,0.7199933044107820
0.5866120675248060,1.0284014211360100,0.4268904601569430,0.37818247693211000,-2.007140663694190,-1.4890194647741100,5.973758729150150,-8.960953495389290,7.541769001980520,3.8341459179174900,-1.892071325330550,-0.9643688401700130,-1.9368742932725200,-1.3032500082732400,-0.2682811479869940,10.505717093876000,0.9135510940059740,1.0307913290023200,0.7661863000069630
0.7760857422088240,0.9295173129545950,0.4463701273632050,0.5354656668855040,-1.4579360260897900,-1.8543474290739900,4.702514734871850,-4.330954477226760,7.488381871048590,3.833527025891190,-1.7144639612602800,-0.6621105800650300,1.8706552253345400,-4.019568347592130,-0.8774007350114750,9.454408427633970,0.9323163069958510,0.6859509362343000,0.342859087705777
0.5945249497444790,1.0365973825655200,0.2546127603902940,0.5576268974879990,-0.940809489766893,-1.0164964837480400,4.459691523093750,-0.6681709344655100,7.249583923343780,2.124440442209,-1.7494355171661600,-1.2509598396206500,-1.263238370563940,-3.150131956710890,-0.4195724866579100,11.964631212611900,0.8296470144254110,1.1761361550770800,0.974481903646935
0.5877570015455850,0.9992976531139310,0.30610635310344600,0.364785304051588,-1.7273933811841800,-0.607185471874009,3.3353602253598900,-3.3328652113497300,7.028731546071830,3.198284735408620,-1.5186736538219700,-1.3559228108935500,3.483700711100810,-4.402608740853160,0.22824898093170800,9.419222515067020,0.9372002587295230,0.7476684204010430,0.4835941172446110
0.6718355337996620,1.0349550863242300,0.3887541297225500,0.47757437205640200,-2.440510108416250,-0.7751160354808060,3.829562518535170,-8.674893001832570,6.8448386517945800,4.629700078006050,-1.4221201620488200,-1.4232447997130700,2.9494978330610100,-2.043118062151360,0.3240069385173310,11.937129514329500,0.4700470340713130,0.870745232546414,0.8085494913295570
0.7675703586606040,1.0531748918315400,0.28906573802131400,0.47580888434932300,-1.2098571693455900,-1.2876053974526600,2.878297212623550,-2.6596151528265200,7.252736841602550,2.253152581358930,-1.741643373660770,-1.1865620830452900,4.322239557362090,-4.558276911521620,-0.02075917410532370,7.88966121111245,0.48967670482845900,1.0538705865841900,0.14105091519198100
0.7577559689897350,1.0975308040428300,0.27246920448028700,0.43202816121969200,-2.288590141502950,-2.243259576232300,2.7157361675404900,-3.752429015947700,6.210152426396560,7.952411614126780,-1.1367514273422100,-0.7986967751272080,3.001689135900890,-3.7372581904841800,0.19386859926814300,10.882155008090400,0.36500442948714100,1.0972549028319600,0.8244943297021170
0.7928129536693190,0.9039525164540650,0.6506058938891870,0.5466798939656210,-1.5077152709905600,-0.4910918473079890,3.0360374825719800,-7.990863626083000,7.096520551242850,5.024974466224510,-1.6902369600673300,-1.471668114688740,5.041766715894900,-1.3813057288926400,0.39506177737343300,6.12451943555568,0.4178058897242060,1.0223311545462700,0.5671535848476160
0.6390147490801440,0.9840764405466300,0.6903850267497320,0.308125362560784,-0.8108738315423080,-0.8912608396282040,6.19495501919208,-7.428180370769880,7.717212309210430,2.922527180897870,-1.5680450666628400,-1.2754246252937200,-0.15509524034144200,-2.19726646487359,-0.542467861923114,13.792611327623100,1.1397836101379100,0.9893187198467530,0.11693686598559400
0.7157261267768010,0.8214860203437480,0.42946382128186000,0.30388345496838900,-2.0225744772581500,-1.9845458034414800,6.0017547800329600,-9.37010577307115,6.522379330254480,4.837662743687370,-1.37064481887133,-0.6170182826392840,0.18176424929195200,-2.6233028252349100,0.12887497923225100,10.03836854575930,1.1725392056849400,0.4005163346859750,0.4921318774712820
0.6592572193736400,0.9819135287285520,0.4711955121494100,0.48663546575244000,-2.2319754193398400,-2.0151401385999800,5.990824811499720,-8.627960057793970,6.490683506011020,5.417610826949400,-1.86444334858259,-0.8635495336383380,-1.561590722689980,-1.0892890061224600,0.23658512243342900,9.159609134689950,0.4794583103451370,0.8214343344572980,0.841558761196861
0.7291191879028130,0.9789417138338550,0.5794714169349220,0.38434799554004400,-2.1177641842640500,-1.3367713070939700,4.704623981291330,-8.564804727499400,6.537600293477230,3.8586416062703500,-1.5703450989922800,-1.0681285537032700,1.6350136396466100,-2.0690302270013400,-0.22907027579919200,7.71165832097341,0.586861257290563,0.8600704602128720,0.37030826122792300
0.7070724634463830,1.0589956573344900,0.3002673281359650,0.4371852132555860,-2.462461556533400,-1.5736370282179800,3.760478091469610,-6.481419088003470,7.387599570941230,7.958451624249680,-1.3817264806953300,-1.1321756166762900,1.8780568272598400,-2.331220758679790,0.2246953200736810,9.401750386273870,0.3947380429992360,1.1986043674000500,0.38707218621043500
0.792895673778821,0.9856378243316900,0.4503027806157190,0.6841706756090060,-1.493433759350860,-1.81810322489333,3.384000667147290,-3.5013241109218200,6.129718344999150,3.3977748803465600,-1.6668483552988900,-0.9616423057785350,3.9028097260147300,-4.077403402305530,0.31087939045227000,9.075545365665630,0.34506693135988400,1.021023939386640,0.9615140046153290
0.6990360334199560,0.8792075703348660,0.6746934485651400,0.4787251828762530,-1.7268545973048300,-2.065444709408860,8.777036527279390,-8.577010298505530,7.766577063430570,3.609298037417390,-1.9870365525191800,-0.6310135042036580,-3.1246579307665000,-1.0758847555412000,-0.644681759484251,11.712942229518400,0.6477374046975580,1.103679029486470,0.40941775534242600
0.7156713987928810,0.9748303129089090,0.4909846535027580,0.4623109313748460,-2.016877958729290,-1.3775291488384600,3.6938521090377200,-10.784375970257500,7.466268000269580,6.346343892939430,-1.923485364469880,-1.1402965348533000,0.766698818376387,-1.9412813446855200,0.20339225354618900,7.0372554063680100,0.42315639674038700,0.7149722013513630,0.32521664750530400
0.5883648733782350,0.9584067952288960,0.5601457743988950,0.4503011120260700,-1.4777877436353700,-0.40687273161850400,3.247818005835260,-3.6338480194537000,7.32073208062798,5.418534279542700,-1.4817393346803600,-1.4858671479804300,4.6738685208299000,-3.50264232564596,-0.20734054045733400,6.499416899969600,0.6836777633509400,1.1830425291301500,0.05863771372726350
0.7043052165403370,1.0670445661873200,0.36073213607571000,0.42751687649247200,-2.0430924614226700,-0.9506838745557560,2.659875653312730,-7.141516060913750,6.940778037713320,6.1161010579494600,-1.7805005755287200,-1.3298226964234600,3.8714344242558700,-2.4706287772972100,-0.3531064192468370,12.717398486056600,0.47034376311945300,1.0873934078960000,0.23422700007076800
0.7568130628620240,0.8461372100813780,0.6453969145130790,0.5540719222894810,-1.2660899425575200,-2.0246228865003500,7.141820447392860,-9.220021533135940,7.3914635097137600,5.30724371878815,-1.9581339068862900,-0.6374925207108150,-0.9055553931018740,-1.512689956327910,-0.6117873974086930,9.473502245738870,0.649032947462576,1.0142073230010700,0.3300868874498750
0.6412631646791030,1.026953658180830,0.5957322279100050,0.48548842099369900,-1.9933098585641300,-0.9858169866173970,5.9449727748739100,-7.1571761646392400,7.796941839256450,7.154519782031760,-1.5878260694834000,-1.272132071805090,-0.8044485548365110,-2.4076020941037800,-0.42643971298030000,8.990234571598950,0.6024513432302280,1.0064130457547500,0.5075318331997110
0.7668718900520680,0.925137974502479,0.5315513088238110,0.3240980096544480,-1.628925220354750,-1.4018832763300400,5.636665279678410,-3.4215826483827200,7.832098763788020,7.075123527292810,-1.8300445100394300,-0.9552767490955550,0.25012720694901800,-4.100398816614330,0.06056426693831520,7.451527858332040,0.7709480500087600,0.6740526138462530,0.6196276605632830
0.6997422352526630,1.0645704346833100,0.6569195651264410,0.665800294861031,-2.0924776563436700,-1.5032014031922000,2.082587245945850,-6.712510081021570,6.211384831947350,3.8229730798215200,-1.6397043649784400,-1.3946084507058600,4.879525318770060,-2.730624723241910,0.1698153913257190,6.024525483297880,0.25345522500152000,1.185906219041100,0.0908592147472049
0.671425602213548,1.026091494108110,0.6110069944909870,0.5839537059934910,-1.0486359261545000,-2.127169194199820,3.3024136081178700,-10.540797355441800,6.618914156360490,4.467089249463210,-1.755107538628900,-0.6947763298222740,2.6583874150703100,-1.1742673032957700,0.13581304339010000,7.289171593225460,0.6375478310810210,0.7402136823360910,0.6578734384976000
0.7368487796139650,1.0230212231539200,0.5671897636363030,0.567092704537448,-2.4714979907617800,-1.6037335977308400,2.6438070243868800,-5.200946614563170,6.229759881211210,6.5622183308842700,-1.4323913464872700,-0.8589898640444240,2.1169741466590000,-2.8524203896968200,0.38005684370062600,13.425067426358900,0.805053187308034,0.8627327925856390,0.5383858144374020
0.5822801101373030,1.0305175805448500,0.6056345529466250,0.6558762318254630,-2.4175900848203600,-0.6822210971266940,3.9766244147740900,-5.628475965057230,7.527824460166300,2.9665059883411600,-1.7564926951612400,-1.4772817033441700,2.119804451759420,-2.697810228073120,0.11668017357298500,12.078164365855000,0.47173626804711400,1.176379516536250,0.6425866641020940
0.7434895495451670,1.0541116709091300,0.37641045454083500,0.6990023845977140,-1.3179993006233500,-2.139696995769740,5.605935527924240,-2.330699755074120,7.118836236970550,3.36792400117063,-1.436360382253510,-0.7879414418728320,-0.836779410254858,-4.407737467341560,0.36894017307574000,8.189546198826420,0.5314720125861390,0.9649304073382140,0.5804283543637750
0.646206333929688,1.0782691699269100,0.4883005569134540,0.6789370526965880,-1.3205033005905400,-0.8043471035654260,2.2381660373910500,-3.824250054679510,6.722088813970780,4.843299751561390,-1.612631549041260,-1.2399221231034500,3.992271762972220,-3.87785315417507,-0.27984972755606800,13.486600586580900,0.9578484829308830,0.8634371228685230,0.17753418090345500
0.6689973627827550,0.7957553504729230,0.635586034196825,0.6872265655221640,-1.1807941612519300,-0.7240677015156330,3.0639401266748900,-6.70752902649931,6.346631247521860,2.679162354046080,-1.9089146615150000,-1.3194954737444100,6.361845379992340,-2.6769627276694400,-0.012419809263576100,12.998853030050600,0.6009828938694480,0.5725164509676780,0.37812698500538200
0.7281350447337730,0.6531489906007760,0.5003005732719260,0.47936516384050300,-2.217826899921610,-1.6181504172332400,6.343169134332520,-6.446348233523740,7.032494974568630,5.806716868114810,-1.3673095074090500,-1.2487631079899900,2.759460066017170,-3.0951915150891600,-0.2591039193199600,7.174422175218870,0.2716171627343480,1.183568279494180,0.45033498007364600
0.7947770209926190,0.9600503057316690,0.563225280441713,0.5146292228768940,-2.4618084416183100,-1.1433942247242900,5.13755525449885,-5.793770116915560,6.695502606587090,6.205565817624410,-1.3795573391243300,-1.2320005077985500,1.1547416803499000,-2.758985643553670,0.3340957290829640,11.58727717453450,0.3679459602114060,0.9443580242465120,0.8162975366074380
0.674020872996521,1.0516458372495200,0.40987345688247500,0.2235352475006340,-0.8109646179788970,-2.218608657630130,5.215548690377190,-3.1328945628248100,6.101045103442810,4.636368114271080,-1.8444361623243300,-0.5912335084522730,0.7519263955729700,-4.454276331902840,0.31125712812272300,7.145771785391580,0.6476059900460440,0.9126481387277860,0.34760350823806800
0.6752866242430720,1.0143011431991200,0.28923625652710500,0.6380812745598020,-1.785412709260130,-0.8230804130745880,6.88176648953651,-7.857091898081590,7.240343960746530,5.679290077108240,-1.5311906183619600,-1.2384244022665300,-1.0108402848199500,-2.430168840616030,-0.7692586210149380,10.53452590896890,0.8715829712757340,0.9612275057893710,0.3616687472648330
0.7611679438170000,0.8919155611506500,0.6165081487301680,0.28268192913441500,-0.6469158084744370,-1.9680960093707100,6.410960811044770,-7.032794835764340,7.9527871905505600,5.5319452249654500,-1.531481436932490,-0.7253760757748480,-0.9413204509280670,-2.182560192901840,-0.016719600448010700,9.589384348045190,1.1016117058866700,0.672397154566724,0.1468497788221470
0.6307124236600170,0.8252249816143110,0.6882422218352960,0.42301176524547600,-2.0958126214195000,-2.2122725579666300,7.464708375122060,-6.9873437522761700,6.744975446615040,6.410623322552540,-1.8571257008736000,-0.6294789417230330,0.7226966391017540,-2.9260310663064200,0.009205465932435590,8.129475669505090,0.5268682297464390,1.1010641634433000,0.07468055112334650
0.7249587044169760,0.7619880081260530,0.6129651424686250,0.32925597011241600,-2.4726186954377000,-2.4904986078439000,4.495952309522260,-10.09476102694200,6.824547527180330,4.213207010260380,-1.7674178445084500,-0.6550727936441410,5.116526812883950,-1.1479573748016300,-0.23554972758170500,9.841464707683830,0.30404847964662900,0.8776076137587610,0.3977254063853260
0.7837659344091630,0.8764830333702490,0.6341662794582320,0.45458293751173200,-1.4393545129816700,-1.2412377301073000,7.606768552641100,-10.036387447805100,6.485743447097070,4.436486546265790,-1.1378629891021900,-1.2417029710088000,-0.6465926332940140,-1.0451590680620400,-0.29544664783050700,7.813020747490070,0.5338916877036200,1.1208723436624200,0.6821309075585890
0.6821091555486070,0.9614646390836270,0.5576641147340710,0.5620566840707580,-1.7935477149871400,-1.3872206515016700,3.4200069344298200,-7.227575680787050,7.292397597563880,5.219885150863960,-1.6565800328894400,-0.9609889881178650,2.2216532094077400,-2.265560102667660,-0.027641019542293300,8.219299804903820,1.0649013410668000,0.4808321798390010,0.4251793591079840
0.5215158302048500,1.0058997707792000,0.6687534866459790,0.5166035397814960,-2.1960222484791900,-0.8175507572546650,4.158676007529940,-4.703522295203590,6.897350423296400,4.112534244409390,-1.6901891804488800,-1.4264720664214300,1.799665128693460,-2.832171641968600,0.2532937178818460,8.325598036747770,0.5675902629810860,0.7698855363897970,0.48597950649312900
0.7874958389855890,0.8082736498588290,0.5912546479145200,0.29519145616101000,-1.4079145102095300,-0.6535258435774380,5.786689913770730,-9.359508276567200,7.654626878150040,5.766344316113730,-1.651258717936610,-1.3084584620132800,2.241997947579490,-1.2368899400907200,-0.09040137090707930,8.176117228568260,0.7393665847453650,0.7507266645970460,0.4177487859362660
0.7254464414604860,0.9041418818774410,0.4996763990704110,0.672908495186646,-2.3683342535615500,-2.159349004725550,8.05041982068475,-9.343368529092560,6.299425233415760,7.267373801022360,-1.6073050062320100,-0.5676480676602330,-3.079070236920550,-1.8369198526697600,-0.07972105802360420,11.636176798472800,0.7346627818012460,0.8128014821458710,0.734007696279648
0.6536758951710880,0.9249221283256130,0.437446119282254,0.3582422227781050,-1.238699329075530,-1.539004312393690,6.795217214953390,-8.79888439349103,7.947132616345330,7.586041126451660,-1.630441651227460,-0.9664177793646940,-0.8630657407366010,-1.5845004389963800,-0.6061465609156700,12.08737754759700,0.7229271338888630,0.8290161281244540,0.7869003915868030
0.576504219405859,1.0657219481830400,0.47388738776130100,0.4913533252646060,-1.013829480852200,-1.0750117558948700,3.9219065720695200,-8.263275471284590,7.672433974633380,7.2555073958648400,-1.7836878103878200,-1.3346358556067500,0.6818846848368930,-2.0926960798733900,0.34937967084186600,11.960571755021900,0.5495199025332620,0.9153208439106890,0.8265146670039490
0.7374831515977860,0.8913460249243620,0.5964308072597540,0.3041020559508810,-0.41690375611642500,-1.001115499455740,6.793550533305460,-8.247103088316660,7.168652853207290,5.812458776796240,-1.8711796171655500,-1.2222075983686900,0.7490996540353920,-1.6479865272844100,0.09257833777085860,9.881123580521580,0.7719408012847350,1.1024115997550600,0.13041001485321400
0.7615716358049710,0.8298872288601310,0.6930217850802440,0.4463723420080970,-2.210210760924840,-0.699078471488541,5.158070265405020,-6.62786609031521,7.795585667128260,2.9957368532432100,-1.3151395212475900,-1.3290208775416600,3.1143370757057200,-2.3956505646000000,0.001044473423665570,10.977247721694200,0.6164715501177120,0.9114723266444300,0.8027318548773640
0.764225425778927,0.9901574344134750,0.5800639622786400,0.5793763850147360,-2.0801162974584400,-0.8903338943552840,5.294171918552820,-8.209386813289930,7.852947997890240,6.76619063764706,-1.7408914867254200,-1.1675399563118600,-0.3449502440372340,-1.8016421510121300,-0.4625755171225800,7.874799003760160,1.0317736048078200,0.8246627133994890,0.7810329461969030
0.7881514514110690,0.7970999155784440,0.396052086868574,0.5242078571070140,-2.302090597372420,-0.2899175923410720,3.1572379279914600,-10.344143302757700,6.707503532223180,4.561926641068580,-1.3151415662967500,-1.4726441272751300,6.123111033817570,-1.046794058302730,-0.12346634717901900,12.772367701573900,0.3908114567436750,0.6518599695397400,0.8895542640699590
0.6296775769761550,1.0008920138881600,0.4877846262820410,0.4161904037466810,-1.3856397396579400,-1.9626285517796200,4.467151590084420,-10.852814145015000,6.717407676197190,7.003348301100730,-1.9702798844121200,-0.6773953706098590,-1.1016138467651300,-1.244446492263310,0.2625081724204370,12.285176264475100,1.06136343790664,0.7055802690641010,0.2489345056018450
0.5755168001817380,0.955368626016817,0.2815566407322520,0.5395586899397420,-2.464479696258390,-2.0183140779079900,3.429694711116190,-2.6820385138530800,7.133554287156880,3.012070189678500,-1.477884282601360,-0.7437007405104180,3.7089375651063800,-4.050306267018860,0.05946095543666830,7.840118820575550,0.620106118329798,0.8201056821749840,0.950652258269151
0.5301511625892480,0.8954704791100520,0.36786290405054900,0.3351979793070620,-2.257275149206840,-0.6482971305215240,5.263302762435020,-7.325888805749620,7.699876088596580,5.164333832959650,-1.717609677701660,-1.3937322376787000,0.9498432858447980,-2.6911498332771700,0.019901630271827900,11.509281065866500,1.0371121617092400,0.5892167206714820,0.7772784934696270
0.662990088768255,0.9029987729488490,0.4655902733018720,0.45339566132701700,-2.127405280547150,-1.011748524080150,3.8939231402678000,-4.711310652882100,7.971373075158400,2.883715532792040,-1.8699568080702100,-1.4193011212799100,4.513444712659770,-3.127052999278710,0.04986101445863130,6.622279518868830,0.3319102703770420,0.9314230243880230,0.36111231401553900
0.5458648562022510,1.0216341974010100,0.2893618228087730,0.37220312150767700,-1.2715259537372600,-2.249616609085870,5.87902264886404,-4.482098466051050,6.279198114466280,4.515352234905640,-1.9053018519370800,-0.5544049577124460,-0.8735718245883680,-3.891460183419850,-0.08358041389035830,7.628067859001190,0.9958648823356350,0.7272271507278780,0.5680959028920510
0.779859257686745,0.9989156113233560,0.45519324599247300,0.3666559042807390,-1.9240966901221300,-1.3611173052990400,5.207082681907410,-6.414633679137220,6.748929136112220,4.5642664523983800,-1.6374496197240200,-1.0054894271137700,-0.6597480367485980,-2.740627159392930,-0.7918331493417920,8.437137446077580,0.6178380237030270,0.7549730055333350,0.11339838969981400
0.7530810724905380,0.645263517452602,0.6121524943290820,0.31054743866235400,-2.355594470617040,-1.6350892041719400,10.827524418662700,-4.182250810511010,7.191324222418780,6.542161790233040,-1.7942478223443400,-0.8095053696574250,-3.443136209851090,-4.546324517498400,0.36885760221729800,9.147818293322810,0.8589637937741310,0.5170627421181720,0.2148057206212080
0.6261109937303070,0.7837520644347330,0.40873877570268900,0.2652691605654190,-2.1877727059994500,-0.1546122256561260,2.8863395210439300,-3.8663510298142900,7.334723915357990,5.507599979861990,-1.6085042539626700,-1.6822149179790000,7.291347158159750,-4.071748565456800,-0.4854694278136670,8.018407487873140,0.33259221379918400,0.897644468560771,0.3289669436326160
0.7992424389086230,1.0002252018727300,0.5405467508821320,0.6310858267024050,-0.8448589727256130,-1.1822100602277900,3.8522706810013300,-7.541249357123280,7.782617492061640,3.9648831571064300,-1.9190905444408700,-1.2757176913234000,2.789110858721810,-2.2520777244387900,-0.7215781183620190,10.579738002981400,0.4474953695435440,0.9663530766751140,0.4009733731038880
0.4953518051562230,1.0524286692929800,0.6161219100350740,0.33480268166781700,-2.21533766399474,-0.352869256243217,2.6754395013544900,-8.901708675449890,7.301636100246530,4.202714946257770,-1.4135794322416200,-1.5309196404934100,3.6649589298460200,-1.754573286081260,-0.14899737976798900,7.53469265400341,0.6955343581452150,1.1024943579486300,0.7904739083181440
0.6193513525811500,0.8505190590332950,0.4636919489261640,0.3841895657427710,-2.078012285867380,-1.3320197432842100,7.707315880374950,-4.3752013211684400,6.741068969680510,6.3198020367884800,-1.7890680101965600,-0.996655076996841,-1.7804087758178400,-3.217660320502720,0.10939900058986800,10.106467527430400,1.0315451580445400,0.6781266990900710,0.8743263439313860
0.6973298269285460,0.9152389710688650,0.637410699366888,0.6460032279026560,-1.8885061520286900,-2.2257604381606200,6.2135526120790600,-9.49642277630771,6.950589434030170,7.052097679637310,-1.7557950760571600,-0.5075731866724330,0.1538169529126750,-2.209492853551390,-0.09249207024311320,7.449492575702580,0.8532607878866620,0.707834103119962,0.9189006962995050
0.6892271679366700,0.9090068378606200,0.5139774839769600,0.5044533791042860,-1.3176485742194500,-1.0121402940358600,6.916318068890940,-8.91418295029622,6.670754378461540,3.8448009050170700,-1.8209955347580400,-1.3386411367194000,-0.42465285631271000,-1.8478564694910800,0.25567237196336400,8.533351555086600,0.503540380451597,1.1319377896691400,0.6901630852924170
0.7441315910685790,0.830609102206208,0.6303579016247270,0.655376987536276,-2.2673987195866300,-2.044096837339210,7.434337813838500,-10.335611629393000,7.754919231754430,6.810572651429380,-1.8167795019495400,-0.6121251720278290,-1.0253905457286400,-1.3029886137755100,-0.6800853528973260,9.585453899798840,0.6497158901333420,0.7642856509933040,0.45911582175197400
0.7037392117081950,1.0972125939749500,0.6956852543534740,0.4333361608480680,-2.3636460433251000,-1.7380851067599900,4.406658900728510,-7.383342755837470,7.319964318271550,5.197584562616970,-1.1792504113081200,-1.0494109672515600,0.3982993059856790,-1.2757786599711900,-0.13496174022300000,12.95801449283740,0.43589004163312100,1.13575501200605,0.6676152455867060
0.6467673206056810,0.8969690083595540,0.5311898126681930,0.5105276633575090,-1.7643656616782900,-1.3836932496518000,6.511751785944700,-10.68679227840350,6.105419376274220,4.232662894329830,-1.9637887398992900,-0.9804788924302310,-1.856051453454450,-2.5660280095584900,-0.12937504572347000,13.694871923064900,1.0313813507615200,0.6772857903773900,0.7389228265971610
0.7790407673171480,1.047483238411540,0.5505951334329290,0.4492988773572230,-1.4668522550113900,-1.0333771029409200,3.930417798866320,-6.941634336737730,7.516474875766110,6.194105342224230,-1.2450251750032700,-1.214835032678270,2.0507020994368100,-2.589488525086150,-0.8713773945719590,7.981299367570290,0.7152006906287050,0.9560337612520460,0.20140599334106500
0.540526813737674,1.0004485943873800,0.58048730081228,0.2006432573649240,-1.2487362372877100,-1.1864418059883900,3.7685188879104800,-9.729020272138040,6.335656573110460,6.104537658026510,-1.9002027594413600,-1.131365059207870,0.40947985135196200,-1.1068031536952000,0.13854320506029200,13.877400312733800,1.0672521846014400,0.6151591964312780,0.44231609872325900
0.7312918446961450,1.067384473615860,0.5139038158412580,0.28206405176240400,-1.3450396305293200,-1.9960909817572900,3.317663255284880,-7.5551342703913900,6.5346159913102800,7.583550644412830,-1.4677682961838400,-0.6367336639198560,2.95953458376762,-1.7628873417024100,0.11612639630631500,11.57994820304870,0.8613916209194370,1.1573059151456800,0.4160578881803670
0.7531085668712590,0.9760094406921180,0.42532566013800600,0.46801600824368100,-1.4125760935697600,-0.962446045580202,6.259108728516650,-6.767655496214720,6.44485677576817,3.7952406913124300,-1.4018844789644300,-1.250276621306500,-1.9902373856005700,-3.1864579630405600,0.26357729695268500,13.461943382874100,0.8051032405822170,0.8840293196724720,0.7698923641573440
0.7293633477048550,0.9019410307966210,0.6931578231315520,0.58842833895369,-1.6147031635267000,-0.8658304200060240,5.341510143897860,-3.1489988274198100,7.773842936675000,4.727063813216520,-1.8307433757984400,-1.2385358083117200,1.7128563316334700,-3.9179176565033700,0.21655361761074800,9.517355910742590,0.6260057120986670,1.1108951507647300,0.15782818710314600
0.7270145354062020,0.7994061238897560,0.606418795929904,0.5630990605793640,-2.211094272384550,-0.6580709035993840,4.051395604592660,-8.944679861088530,6.9311115573726600,7.106702686120750,-1.3294833500371600,-1.666673189150680,5.253650731585830,-1.641444012198300,0.1656160167806840,10.488122253568500,0.28987865977916300,1.058085190658610,0.4653783949517650
0.6086952839741490,1.0534538324644900,0.6316300372636350,0.48742892888680800,-2.4308345152781700,-0.6345390483707840,3.6091750570322700,-5.491749310853030,6.256488050274590,3.94205293717103,-1.6241940366049900,-1.3860427892438200,1.8500907593455200,-3.206075335317730,-0.8056582366104580,7.559000426112520,0.627533554562113,1.1080014053110300,0.5291477354494450
0.7396876753964300,1.0451337798679000,0.3846196184269660,0.630146625185988,-1.7129443751165600,-1.4313489765978800,2.092592151736370,-10.208478826616100,6.183994558448530,4.966298970885460,-1.5208016675346200,-1.4036411518224500,4.234242828836640,-1.566683510729920,-0.47605920744393000,6.271771271574630,0.29298991135983200,1.0038878372277400,0.6344567096818560
0.7052802545944300,0.8803805630312680,0.5482477232025400,0.5715673682555620,-2.3210441734218200,-0.8136313226470970,4.398396366111240,-10.640625104474000,7.148415890792100,5.330336411417300,-1.6653093360921100,-1.546607757585510,3.5125029556332400,-1.4291407843912200,-0.2866173560206530,8.766546095592150,0.25730610248886500,0.9125431751882920,0.5809283778315760
0.762092692407814,0.9864368452189700,0.4230340020705410,0.3896812105666390,-1.352463555727540,-1.722629830741180,5.967800829939350,-3.0738108286805800,6.204787321918490,4.215702754208460,-1.675759288738980,-0.9727610046397170,-0.446102787138047,-3.4220205721175100,-0.14710450607368300,7.090142205253420,0.5068679574076210,1.1649785153603200,0.990339525121718
0.592903356561298,0.9832716102083770,0.5036071444347540,0.6385140779183220,-1.9068675710648900,-1.2897056251964400,6.161957359017730,-9.16325117216002,6.304022169281220,6.874553943208720,-1.9633444685507600,-1.0422665378287900,-1.1976154395260900,-1.7408007122449900,0.21507109060264700,10.455353217224800,0.9038766753741530,0.7751787462187290,0.6898301015893470
0.7782769121137840,0.7444227261989260,0.5296886327854320,0.6897363013197790,-1.8747537392191500,-1.1993536927360500,9.250289465384570,-8.813002308523,6.4517130110169500,4.592118660494250,-1.6269111382973000,-0.9926968273665740,-2.6186546583096400,-2.1146605176138700,-0.8657596797648710,9.09127456877781,0.8126890220779970,0.6282921671187350,0.24939223103675900
0.6997916182212880,0.9906848848977840,0.6718560319172440,0.6172239346140140,-1.6064932781751500,-1.4866147117128100,5.7855289139330100,-8.36845458518654,7.874494174338280,3.7585370262970300,-1.3780168789030300,-0.9856194523815640,0.3044202518543490,-1.7884050763318600,-0.15737349152797900,12.775051908955100,0.8082478557478830,0.9974985873614030,0.3477184048903650
0.5837876779266780,1.021002048197640,0.37299147370596100,0.6335041856237390,-1.6927408757090100,-1.6025866445031600,4.233109716798480,-9.681728288850680,7.99228082272108,6.6155862402327800,-1.766425448844150,-0.8966805288716140,1.7466290386775500,-1.399992738019420,-0.5862662194617140,12.176016993287700,0.8002306803529700,0.7620251027878240,0.5792660985105920
0.7716432462627230,0.9474083704824630,0.48228565669445300,0.20239947204201900,-1.9554929247954700,-1.1998525544194800,6.0812520887110100,-4.3607135407570600,6.759050768450500,3.280148953097190,-1.6089287155337000,-1.1618922816779400,-1.3446821645030000,-2.6913983344460400,0.10265322324764100,12.464162585528400,0.5672652443042970,1.1381903730940400,0.7754327510647110
0.6417877940312100,1.0337861995877400,0.2619641819733780,0.47923454784382000,-2.002563590699200,-1.6212893860127700,5.072734198976340,-10.104975232323200,7.166163562984290,6.603553728982650,-1.8266069086394200,-0.8450790742678600,-1.321163085196590,-1.4113205464614700,0.16858256796268000,12.151378233493000,0.8508612564397840,0.8300457916100570,0.6563938193537600
0.7415361364427740,1.0523080007116800,0.684497422971243,0.40585863057458400,-0.973113678501544,-2.127754787620280,4.11884648302332,-5.163608815121400,7.020536629008500,3.8797876602777800,-1.8652672938454300,-0.6592492847280150,1.7961348500836300,-4.037983245412290,-0.08470504867424590,8.558583738977540,0.5682904809504820,0.9292654042553650,0.7894514738461520
0.5079271146798110,0.998554869171817,0.27684216322856900,0.5873588580856570,-0.6477432041878040,-1.7924537518052500,5.466366034768530,-2.3554277006794100,7.726079972363170,5.370844193327950,-1.5091922511200600,-0.9035236948617270,-2.1148635245548000,-2.5849032039323500,0.040258582643101300,7.631588859592670,1.1611523229554500,1.1749721153430400,0.9108523519771470
0.7298684512899780,1.026878473801130,0.5107220822745820,0.4755196346135080,-1.7745952503179900,-0.6003946994184450,2.1712794956741900,-4.949229646266460,6.483625092893460,7.5600930175830200,-1.7863604152839500,-1.2719569950877000,3.587719663225470,-2.949084257552910,-0.48056839078732800,9.27625135536801,0.7266440402954980,0.8394541943756410,0.9049819813660840
0.7770764573921130,1.0637594338298500,0.20537223466591200,0.43964010046368200,-2.2798308577691300,-1.756910937373110,4.1397291953413800,-3.329342404690140,6.927461121599190,6.384670668663090,-1.4924015059782900,-0.785694418448383,-1.6895748150244100,-2.3294139766555900,0.08720400077978950,11.144732237405400,0.9076974581952730,1.1499714607772600,0.18631002157703100
0.7454933409085050,1.0079403756732400,0.5650882359964180,0.5460272156261040,-1.6905204243595100,-1.0731022949667100,6.687519242374560,-6.1488119821756300,7.862842925216540,4.282843017679770,-1.267683104539840,-1.136044868454210,-1.107843440591240,-3.171940072278330,-0.4409950010538240,7.485166612023210,0.9935007505840360,0.883300761196009,0.16685327873042800
0.735850173726029,0.9402671761230070,0.5491037861966950,0.2500141696759290,-2.171541810772400,-1.0646778380676900,6.316336770464310,-6.975346914187990,7.967724403460980,4.925360770775280,-1.5168528269310000,-1.0584078470078400,0.15307524004069400,-1.923147228633650,0.09879636140471270,7.330125194164340,0.8927299122350150,0.9587617378841470,0.5473572535047410
0.7551797606024250,0.9909630602647460,0.6051299470194660,0.24300747354787200,-1.8665503583886100,-1.7073015523492900,3.551054107285780,-8.144499705151140,7.727617013632150,3.622235395801130,-1.670149512107240,-0.8931127638105980,3.2316106194907900,-1.9357727953188300,0.00828397175521986,9.212540797987680,0.45874765562737800,1.0155672684139600,0.1532383756094830
0.46764296240036200,0.9954652280607840,0.5612571327349550,0.4103158880532170,-1.8517592653132100,-1.5032696462086800,6.203771869903220,-2.767603659656000,7.1288511895057700,4.312107052582960,-1.4224992447052600,-1.006828682355870,-0.8659068575734190,-3.7510699629322100,0.10512164373682200,7.547605877169820,1.053279185232910,1.1296534729519100,0.7312012050875520
0.6260401126884090,0.9285500173719880,0.3841914474447150,0.45027334772172700,-1.6800116522063700,-1.5954322704085700,6.434153324965690,-5.074615538357380,6.55592566652951,7.767406440767150,-1.481387664712280,-0.9469332983502380,-0.12085496539874500,-3.1738430414181300,-0.22537730537724700,6.948032592154470,0.7218327956071990,0.7790148896174970,0.2988688197108530
0.7489675173194430,0.9394795932486540,0.6277489780973270,0.35166434858287800,-2.0874097779379200,-0.7650002899521230,2.316630872064980,-5.636842063762500,7.334617292828340,4.576378089250170,-1.6599024796286600,-1.380883491615190,5.806800989712080,-4.447623864015920,0.13621551540755000,7.9465173921952300,0.33130419086758300,0.8475531992373090,0.6326566873392150
0.6792986785870300,1.0726453157109800,0.35979422840416400,0.6362680472641080,-2.0204685288929200,-1.4077077246252300,2.8592557024732200,-6.157815998906250,6.559887373873830,5.569165776080640,-1.4850133837879600,-0.923616896661519,2.660465474542220,-2.919195453869400,0.1619323354292780,11.052248220660400,1.020044750667720,0.8958811157149590,0.1493819212290230
0.6689701543499710,0.6976901853114510,0.617892572681815,0.5684233080537370,-2.1492720268735200,0.09135160062703150,3.4758894324672000,-7.161256831216390,6.565100064234800,7.632358149597100,-1.3378011183787500,-1.4127500582074100,6.556976771183950,-2.6846499544534400,0.122303080774785,11.084143654640200,1.1740604230854000,0.9335301635728600,0.269143322040305
0.5729711155120030,1.031065920370380,0.3239311266530360,0.5854975202445490,-1.7336787269746600,-2.327183578292390,6.710073471359550,-4.5697097440166500,6.73665506642109,6.599714873782150,-1.5807661444906300,-0.5170445097277820,-1.2014464896443100,-3.8557618648673800,-0.04628009544821900,11.342797073498400,0.8296860862193510,1.0264245441320900,0.5103652437271660
0.7662979086981850,1.0494712050290800,0.4335267782713750,0.6027769837459140,-1.7044233582053900,-0.5657017539681050,2.303533828192240,-7.408022388250340,6.2901527440303400,6.545790802280450,-1.2303411564345300,-1.447929690033750,3.9622061489666800,-2.3472892975049600,-0.20812999758477400,6.044225063965990,0.6998673264657320,1.0362520217843800,0.6549499320461050
0.7927990275524500,0.9954357927799060,0.3909812314571480,0.4272372927808180,-1.4603821568090500,-2.1651335062171500,6.675225737445460,-8.192899577531000,6.915216881006870,7.696816741778230,-1.6753227105997300,-0.5176829017481080,-2.812425696191450,-4.007207037017050,-0.7032950798160940,11.902209258589000,0.9626679620121970,0.9873434387118890,0.27526737851311100
0.719977842254741,1.0666972324392400,0.45302230670593700,0.4154744482146040,-1.63331498920234,-1.0393434418175300,4.76803466559174,-6.232965675815130,7.375330165770910,2.8941890017631200,-1.5710433893264300,-1.120195751022720,0.8396326688899080,-2.968448488426100,-0.7113982291612710,6.839992868725960,0.998496577972857,0.8982686307790330,0.3309481746046920
0.7542117330378910,0.9825276414500840,0.34050710687586700,0.33685305197679000,-1.6872217529450600,-1.4886834447871000,7.181744592768520,-8.863043241592420,6.7345420589888200,7.734782076962330,-1.7015080688469300,-1.0209330763155500,-2.2257179761709500,-1.912667392700810,-0.04419559617221540,12.29986281328280,0.6014294481360060,1.1894906673404600,0.2999479932763880
0.7558698973342800,1.0449068258102300,0.2604268980753890,0.6443218594212380,-0.7092455479925970,-1.6303725763930200,4.039577177209970,-3.9018714057552400,7.713450025435210,2.848239095835460,-1.9962720853357900,-0.8188027507540110,0.43758550702867200,-3.4655361387745100,-0.5540044089545750,7.5838091930195200,0.8436106680432030,0.9289883716683880,0.4563668728313210
0.7421800395612140,0.9851791839179970,0.4227387101896420,0.3125710236129710,-2.4672779741011100,-1.2884995973883600,6.217918910409250,-3.1888836723229800,6.262879019566860,4.469261736728220,-1.821800202445690,-1.2191790121006400,-0.4782951853875580,-3.7034022973463100,-0.14309059796249000,12.573479231360800,0.38996760183006100,1.1779986265708600,0.45349711277553900
0.7988747125610470,0.9125145789545630,0.4694998191327420,0.444863785907446,-0.9438171029360160,-1.275440461254100,6.608749899886780,-3.9282351990904500,6.339918097335110,4.898189682507160,-1.9203892686976700,-1.0457839218115200,-1.5932526721811500,-3.004535535013450,-0.4865275160498530,13.095937136551700,0.7580641567854540,0.7519176342732630,0.5324775085768040
0.4890453590779100,1.0969527688294700,0.40443888552262000,0.474756096524656,-1.8788723725744400,-0.9595277780523820,2.9793515091482700,-2.159787776247880,7.676331425257050,4.593869100678630,-1.1606245747251600,-1.3105265014471800,-0.6106267475958450,-1.7380706076195100,-0.2166091761656950,6.412596568462820,0.9520261569811540,1.179052194270110,0.712167235147893
0.6421349942768500,1.0203689747730800,0.680211549714259,0.25378256024620100,-2.018981731214240,-1.6424016913282200,7.078601170587600,-5.683279221247190,7.400067149923740,4.985757768693570,-1.5185848880217200,-0.8864176709585710,-2.2627223205297,-3.0596970905778700,-0.032324171407014500,10.544154867590800,0.8420003149093540,1.1073218715577900,0.6893921219824870
0.6569065329208050,0.7950645225264730,0.3476337332951660,0.45825723978422800,-2.1650527902359100,-1.4485573248001300,7.0504898272662500,-9.900865639788400,7.082786160864140,6.1695479267288300,-1.9315868994388500,-1.086330691298650,0.4181220433092810,-1.7547181393869300,0.17714028518091000,13.280034926749400,0.4709814846960210,0.844765794567675,0.6939083534397710
0.7253930724975230,0.8491252508003510,0.2507742151961980,0.20172768793314500,-1.4600855224932600,-1.4151153056486300,5.621844496312800,-4.73867860340701,7.7813422049722200,3.164535043849030,-1.6403165430165900,-1.5337654086261200,2.5681221531997700,-3.9070340462663900,-0.5066460476310110,11.735925784447700,0.20763656018283900,1.0709258746008900,0.08936231127427950
0.49824045224405200,1.0385546914618100,0.5664212450007920,0.5942987107208820,-1.5130032439459000,-1.1411148586204100,4.425035580116190,-6.893768800305530,6.449092776123390,2.5330263093220700,-1.6020254712330300,-1.1256103942754500,0.4274465166611420,-2.327484760638140,-0.09255431207374810,8.358354627194610,1.1043043690172600,1.1872272813706500,0.14887618595512300
0.7074508017675060,1.0704472005327200,0.4364643711184800,0.37703488407385000,-1.4154054504771500,-1.7096794040982400,5.384322637599020,-8.892582396918630,7.27701845019623,6.145695886719840,-1.9348833872593700,-0.8061687774068590,-1.5739397673727000,-1.2690187257572600,-0.6733700637412820,11.852879962968500,0.9949256063144960,1.1031990031126300,0.47622715693622400
0.7616104790350410,1.0043442369986100,0.43531144087370000,0.6940968652159270,-2.429196598707480,-1.9123099222630900,5.411318609482450,-10.199635260685100,7.19283299723639,5.555848156182910,-1.9347973009854000,-0.8230965309195960,0.40345843400014000,-1.9075497835152900,-0.2671580430685330,13.399845312001400,0.3131691314929240,1.0700983665731000,0.6532623049445400
0.7444386879951800,0.7036525173216030,0.32343402393421500,0.5223514211389080,-1.9712722783356700,-0.1964016542819070,3.9494160833743000,-6.069749943967460,7.579671644033030,5.078649275851740,-1.314777642256730,-1.496524042396670,6.021990753977330,-2.985157634073690,0.19322373192320600,7.817938895298720,0.5164844161868740,0.9291100599789020,0.2691493071581370
0.7650259174272950,0.9335851818334210,0.6217880665850180,0.3753208081933680,-2.1586144243747000,-0.911922462410479,5.52717061606393,-8.020661933413240,7.11107219839687,6.760512577319880,-1.1339626932079900,-1.235492816710000,0.24446671343820500,-1.6964644719643600,-0.6808363323968380,13.301804578088600,0.8207337950940030,0.8761707215158030,0.5244379003312860
0.7420385596531310,1.0929055576047600,0.26905396836029700,0.43632078395153700,-1.9002942257457400,-1.4314451904727400,2.6072467940491900,-6.801310746035320,6.574719451114510,6.40093486182706,-1.5590377548984800,-0.9410314086070080,1.337512494041340,-2.4405565113792700,-0.6787337292174620,12.723484759983600,0.8268742733860440,1.0378310754178600,0.3751128652182160
0.7428745640670130,0.9904183074017950,0.679601800624418,0.37391217489369100,-1.4081012487010400,-0.6041707401243320,3.5423225347253600,-8.753540144316850,7.153100624515890,3.9731982347030200,-1.8005822284731200,-1.4262766507817700,2.909119686314210,-1.6633631578535200,-0.007107600293361220,8.824493995074060,0.4563323868448670,1.1270609517615600,0.40800798321828400
0.7493962166989060,0.8704985871203790,0.4022277815801480,0.4905489279507870,-1.4039905954755900,-1.1851659111707100,6.218096898373350,-6.692278232751290,6.703733492694470,6.803964655883190,-1.8704167670548100,-1.2597610674233400,0.7030516576606150,-2.819152684849310,-0.22622351151750300,11.297307565118600,0.39093832813417400,0.7914769790329250,0.46122064780712900
0.796811218927913,0.8041412724516760,0.5009786800656340,0.31725321314848800,-1.5682385972714800,-1.9173397331403600,5.073174673435280,-10.366184160482700,6.65978232020992,2.8854717377662100,-1.7187251079303600,-0.7820400141708440,1.7993417224168900,-1.3656788547163600,-0.23389268463710300,8.197207328681800,0.4445268062854870,0.4330252121681160,0.9437582224146060
0.713363721667984,1.050712944963330,0.2959457076957830,0.3430615718222970,-2.4625056695469600,-1.585832469611440,4.166350058241520,-9.636825481810460,6.433041250395940,6.737049334331740,-1.9458217168921200,-0.9475845007312190,0.1780498176855030,-1.4179773716180700,-0.3302394405663370,12.457418857933100,0.5020588430038710,0.8933408381658660,0.4069480231208080
0.712396439765638,0.924674453127022,0.6376652350184970,0.2824763434859330,-0.34774451813880600,-1.0219195483389100,3.337862915995980,-10.875284765821000,6.904396168772730,7.121161299590460,-1.8840375841318900,-1.1262795006052900,3.6597178715382400,-1.0420981464740100,-0.42065072407709100,7.92339564779001,0.9569721378629650,0.7887394446177330,0.44357459068444100
0.6040557737530490,1.0209968255334900,0.5186568566901020,0.562514155020798,-1.707984723656520,-1.4884398926816700,4.949807983278580,-9.848105481904340,6.55149627142903,2.692813785269500,-1.502859266683620,-1.0814534160083300,0.6133663886773870,-1.3577955202667900,-0.17116230183982500,11.942779221106000,0.6433981198910860,1.0820972854013700,0.24451818027947700
0.7494530175166880,1.0698476504411000,0.6151364675815720,0.5995068655562040,-2.073472462847220,-2.1721838173285100,4.012176472129530,-9.710522062962300,6.057964312171810,4.167242028381390,-1.4485906640056300,-0.7000770600585020,1.4501076787391300,-1.4973740198508700,0.3440812110804900,12.282450022686300,0.5126778891794310,1.0180721038358600,0.4921690694355150
0.7476922766953070,1.0699219615038400,0.6930567838888740,0.5871940904519570,-1.7752080302791100,-1.5907049203639200,6.4722676152366,-6.863313536761180,7.481843840328360,5.651332617260470,-1.316174152959230,-0.8557231283672970,-2.0288455218642500,-2.456348512562220,0.2138420671304780,13.873861415175700,1.0004665193468200,1.006954818219980,0.22344819621248400
0.77703360204461,0.9076992112708770,0.30911648112357100,0.6081588530634890,-2.1351703969933300,-2.1114955365445000,8.715482772538030,-7.636353892012220,6.628232548123570,4.010965985981290,-1.949790153532810,-0.635922526564589,-2.9847574374723400,-2.8779587791145800,-0.7950404596733650,13.619874668901800,0.463637885332844,1.1221768612306000,0.7215407145095690
0.7947720694084220,0.9683469275698110,0.29078623875542300,0.47073527722098600,-1.9272856828366200,-2.11616835748555,5.639791744523620,-5.5991460822697600,6.682992415062270,4.192910992790530,-1.7676577366775700,-0.5606603172015420,0.3746514454585640,-2.868803087283340,0.1611827306086810,13.942577957991800,0.6985468791884420,0.8947497346549350,0.18049191848704000
0.720714678874719,0.9017887408829140,0.43654146531699400,0.5610365705318730,-2.324321683695650,-1.5953443057753000,4.374048347874480,-8.701740830247290,6.332292203202670,5.904751933904100,-1.6297261119974800,-1.1056000644079800,3.4185608798696600,-1.9236305167076900,-0.3638265145360690,13.74371431007930,0.36250551087300400,0.6057454135088770,0.713758461958982
0.7652466892799330,0.8540806220448030,0.34577147701524500,0.39632333316769800,-1.7061415714917700,-2.0969078703608100,8.07815988577928,-3.5532735595585400,7.1202542865883200,7.586942361830840,-1.4482044873168200,-0.7057754042212510,-1.0421211801479700,-3.960737928130860,-0.02463414765105350,8.573583250309210,0.5130635468366950,1.1455221640435900,0.949640871558112
0.5464902632992360,0.9992787358648670,0.6981212490802170,0.4168321825530890,-1.7476814225082300,-2.311029384559030,4.501246368842870,-4.6765565534413400,6.94733757976683,3.730578171703160,-1.457608895748470,-0.5141608502777850,2.7030052276845000,-3.2667301375722200,0.2612630235536660,12.732989250305600,1.1763414950037700,0.9960576914661650,0.7422825019597730
0.6902530176666910,1.0102573793014200,0.23376639734926700,0.6211533985620580,-1.8355593213260700,-1.975755586807910,6.896453541726500,-7.199225016147570,7.4995104220124400,3.1284395949113200,-1.3941439999288600,-0.821017963107918,-2.1220644996325400,-2.733558888724330,-0.3522093775181220,9.810754212140700,0.6567860809677380,1.1416081361949900,0.711513116640663
0.7739736382208120,1.0428114613991700,0.3074549550721820,0.3044542515763140,-2.195239134255750,-1.5025805906172400,6.304262769221800,-2.9946525359469500,6.0801028939250800,3.418172040557470,-1.7157632828418000,-0.8813455556336930,-1.1672873195743600,-4.072347903089350,-0.120824611152628,13.904467246311700,0.9058884285814580,0.836431491703441,0.573000336264764
0.7821613107399150,0.9427635592266170,0.46039605851000800,0.4549738023196330,-1.6195389914955200,-1.6126069999138700,6.379598432150490,-4.543383930857640,6.729140108305430,5.546122229383270,-1.7461535535126100,-1.0982600848846900,-0.5301652066744890,-3.5701469842568500,-0.6420695478169090,7.2739032978253500,0.3550069276918800,0.9828135346678340,0.1440775836875130