noiseA,noiseB,noiseC,noiseD,u1,u2,u3,u4,u5,u6,v1,v2,v3,v4,v5,v6,velA,velB,velC
0.7027520687298950,1.092295138403680,0.6729573356504470,0.4071673028739630,-1.3021747149812600,-0.30412359128555600,14.595183623988500,-9.058541042624330,6.16542633412221,5.454628007164490,-1.2066093803804100,-1.8224941580609500,7.108970300303610,-6.716204500096520,-0.04968367872986400,11.048506384207200,0.32749112679991500,0.625826152020342,0.3854855335581320
0.7070917879058230,1.0100197892138100,0.49325412649655400,0.4594852893715190,-1.851871165912930,-0.1912122267335500,19.73618090516250,-8.412441974062730,6.382734314994790,4.09209332428952,-1.80569869358565,-1.5049189502434500,6.402990315788880,-7.493946615120870,0.12628310177196200,13.480491487519800,0.35273414970409800,0.3492567898409590,0.8452995206007030
0.6778692342729540,0.9796292061098920,0.6787501269728070,0.4256418704082780,-2.1100169862641800,-0.05364162457454110,18.36064132668730,-8.52520623796014,6.139729591650400,5.954636523529080,-1.8699252574640400,-1.3596078790932900,6.4529401387217400,-2.8845479274714000,-0.19785260582920800,13.951362221307000,0.743051514931715,0.5942232358136750,0.3938123230851300
0.7131263578981190,1.0272079299251900,0.47460023914967800,0.4364165681035460,-2.179560090776770,-0.5210454139481060,16.049598466898500,-9.228106359670670,6.260545425200050,5.643564685128990,-1.8913677600011100,-1.4374481637928800,1.4813073241122800,-4.757165764812670,0.047722139540201600,12.206403264138600,0.253368925711495,0.6724835948611230,0.7712886299602270
0.7735960662575060,1.056437773698460,0.6443285612366650,0.3052355596405290,-2.478378392067610,-1.0605298165477600,19.443018214585600,-10.018665597276800,6.992830992143460,4.924470247730810,-1.3184877775683400,-2.1229694502147900,1.9419921852672800,-3.2483120831048700,-0.22159152498725900,12.675897669942300,0.12450856555477700,0.8184519762484310,0.38596170054767800
0.7843570143790070,0.6361938763088810,0.663660095982072,0.3652069877299100,-0.6696456674685820,-1.2249963985753100,13.294980229919500,-9.887004986169550,6.323323249500470,2.2844849111962200,-1.869794906217050,-1.7951596471008400,2.583187787970440,-4.281999415207110,-0.26524625563425900,12.208899870024700,0.15938665788209800,1.1068150305091900,0.7734135082322440
0.7889146532733450,1.0157213415441100,0.6252004956209360,0.504011174111877,-2.3623164881342200,-1.2280239367676000,14.891933753374200,-8.959802706668940,6.815348195757470,2.6347035464614400,-1.3423941334493400,-1.4786028735889500,0.6210699697796210,-3.027095027288740,-0.07316680710932610,12.854304020793500,0.1752885654552090,1.1560703691629300,0.5917636195516940
0.6520544493561250,0.3830472880309570,0.6019437048997210,0.3414404500731840,-1.3768246071715100,-0.35379229949688200,14.843394648584100,-6.636783921074530,6.025421754851780,6.018826100645070,-1.5014337853836800,-1.79150170450194,3.2765373321279600,-4.644990924214730,-0.10463483759091900,12.446523222811600,0.24409756389589000,0.8862826797888520,0.49732195003076500
0.7431483486549830,0.9496830986241130,0.65198867416542,0.3894091531280950,-0.6132241812609310,-1.617697404408970,10.826449585592200,-9.529565958609550,6.024429352666440,3.9824304874374300,-1.942103294589690,-2.0183879033242200,9.199300035936910,-4.6711500018100300,-0.22983757943006800,11.555845576781600,0.0981249167806798,1.048968274465750,0.7373560309024340
0.7098924192668440,0.8637826158269420,0.6950087524169710,0.445364759806584,-1.330764296964640,-0.10273383830831800,17.360814086246300,-10.322634671768700,6.120409525093070,5.83146455978066,-1.0869897039089700,-1.585411640865320,7.281389729799030,-5.158427206548000,-0.16606339720179800,12.529990837833700,0.6631668131166670,0.6181147527965220,0.36025820023308300
0.699968960271093,0.2825523665400990,0.6411090724651100,0.33279489853617600,-1.565144788912320,-1.1178807458212600,17.87630518671030,-9.70956716827766,6.245798187089480,4.443701662332040,-1.9785113670316800,-2.0371072647661900,8.350395968668160,-2.541536631052930,-0.2044721892782900,12.550510550441000,0.11346887815917800,0.8648303419389980,0.4692410742511140
0.6401238958322190,0.9767721323921130,0.5529521979867940,0.5271930322275150,-1.545649441912150,-0.28099381585017600,18.29744614700310,-7.955521378926210,6.433248155733030,3.5392940359776700,-1.4697422736635000,-2.003430865856730,9.213562761982380,-4.8003566370815900,-0.08195026180224010,13.36731625241670,0.13711842721209900,0.8329460434112470,0.8070746913323410
0.673013765482172,0.20203093362748000,0.5538407921589230,0.2959445620518950,-0.20243247727390500,-0.2412641369783280,18.05455865518350,-7.336581844210380,6.994082175068310,5.213881054593390,-1.9407840663323700,-1.4791708235068300,9.671437062160030,-5.588915342660180,-0.04426222209400630,12.692644828444700,0.4432591002078460,0.9980670663168310,0.9968932811590120
0.6412607738919560,0.6560706654404140,0.6025109532757920,0.44343841669743200,-1.2591344878787500,-0.4110487395545570,13.45984912887840,-6.218855678733690,6.26228253955181,7.042996821417220,-0.9982678584802360,-1.953744267269440,5.628356637387000,-5.16009368765226,0.011021070137222400,8.851718555566610,0.49392726043186300,0.7950908021689820,0.8183943185015260
0.6787968880324240,1.071024963603500,0.6103691922956570,0.22024078729257300,-2.161167940784470,-0.14276299305994000,14.070524298282300,-6.681068731643930,6.762543179116330,5.080814966382980,-1.5879009103314400,-1.5427439563523000,8.85537467048264,-3.4472629838836500,0.16388464715610600,9.219541409205170,0.35124471477351900,1.021991620751860,0.6175072095991740
0.7193638386638420,0.8160712572852110,0.6548295221465840,0.45478267873197000,-2.1409708313974700,-2.4652259948354400,19.016438726126000,-7.641728123246640,6.714816136288960,6.234360983959810,-1.624746867022560,-2.1697730088011200,8.727354992238750,-5.3306168326872400,0.06390085854938910,9.711672189029350,0.08880836983264990,0.3699377666695910,0.7731782331899510
0.7426284890604360,0.8301570932319390,0.6135930395474660,0.5075912406229400,-0.8913915059318490,-0.1527459713474620,21.359230587619700,-9.146780591195990,6.464564567788270,6.880031848639640,-1.6548472065722000,-1.5466849444682900,8.991745156802180,-7.6975308602965900,0.17722762263612300,11.300544134983400,0.19988460517297300,0.5394614080614930,0.6470990715727610
0.7985757261848640,0.8941506227097280,0.6415409470408830,0.2947386123544420,-1.1903762282994100,-2.6399269633142100,12.211331741268900,-8.073589821197970,6.457041872755230,2.7208581321777400,-1.4671164670566600,-1.9471003473419400,5.83652704434638,-4.11256586160315,-0.2874669991197670,12.300582267508200,0.08896420200991320,1.0218462418832500,0.8936452320027640
0.5867991012605960,0.9692161668777010,0.663774223912533,0.643553966383606,-1.4403541131622600,-0.09097900132842200,15.797965160195000,-9.839861513227030,6.843158854144830,3.5919129480700700,-1.4608758609907200,-1.4586362294269000,3.043926530468070,-6.196767122350710,-0.07111026330946040,13.653638310355600,0.9838139530135540,0.7167268448232190,0.46196518578924100
0.7560902888199610,0.9287765302498850,0.6613446725838920,0.301958204123548,-0.5416613122787170,-0.7239990295865740,20.928754644286800,-7.9530215865050100,6.713249690837170,5.9567954413432900,-1.9992040508467000,-1.9082986379228600,9.886701093228550,-5.232239475310730,0.08102808996741630,10.707474577320800,0.13720015634573300,0.4318089369429960,0.5503965802941310
0.7889315841358040,0.8403342829465740,0.678585577685668,0.42453948559508200,-1.6978122744703500,-2.699960372633040,20.089616108365200,-8.743863408478910,6.652005138201240,5.960550115478650,-1.9134747080741000,-1.3909027083586800,-3.486044929631150,-3.8486266068492500,0.1721467365917480,11.925919770144500,0.1350350789665000,0.6675425379580560,0.6499094903610340
0.7873434017686980,1.0497907559105800,0.5720971937056600,0.5900266774503110,-2.0983093209069600,-0.7406958948845670,13.492867426366300,-6.455406860496620,6.299290418093760,5.2095319129317200,-1.1157501935721100,-2.0332607402358000,8.63984815066678,-6.336196146796400,-0.07705569378431400,10.385478572091000,0.08610864715707600,0.780407767045012,0.6781689049435400
0.769129624379011,0.6484796971367090,0.6216689185607580,0.2930367689597580,-1.922697599883220,-2.3567083900703,21.34913163567070,-3.775796681447140,6.798508864097220,7.135969786006860,-1.8880639173998200,-2.1298077490201000,7.016479024103190,-5.549727279513790,0.11966653440896300,8.217440630080410,0.09150685100956140,0.706293620007769,0.8557099600300320
0.752020841828754,0.8216222103752540,0.5215562859582150,0.28362551319289700,-1.8635824805800600,-0.06318311025372080,15.747192880087400,-6.5783361039518100,6.167333404138170,3.4773778675900500,-1.998444257759420,-1.3107233101606800,4.869472545281330,-6.686490120602880,0.03701570155323530,13.813955544011100,0.905943080506942,1.0169748337887900,0.6189389536033220
0.7836402128726380,0.9134234556711530,0.4911180729554300,0.45734093210987200,-1.3550450726719000,-2.072020732113320,19.53910884234930,-8.656164143177500,6.145632560474250,2.190981307396140,-1.6994260057552700,-1.7562526510895500,5.726300800112290,-4.383444392311300,-0.05428699267278570,13.950077875860500,0.08673747305605830,0.6303588916195450,0.9085021930564130
0.7844920348891700,0.3821170037565020,0.5332983061569920,0.44275152744967800,-2.445319031358620,-0.14391219428291300,18.202762823439400,-6.741342139063110,6.129867067545290,5.5381698557492100,-0.8665799803598340,-1.428693494805260,3.521215714163960,-6.41374428123255,0.008264897974679890,12.115730760790900,0.49634967140646200,0.5167879012814740,0.8738713069504030
0.7361337148034720,1.0717849603454600,0.617926781621198,0.5286082204214550,-2.3194080368107700,-2.7729494294028000,20.402344418226300,-5.9922456870545800,6.9244300847162000,5.861319497211490,-1.760294118514470,-1.801958124912780,0.43389929464029500,-5.625173067346710,0.16170778078703500,12.556995401089100,0.10180576458172100,0.7289655400021070,0.4492697582929790
0.6226429745165060,0.6713882014648680,0.6720322585729810,0.4973758161939970,-2.4293927358130300,-0.021713132881942700,15.454109155443300,-8.33321454070646,7.257029720447950,6.797889990745560,-1.3175135486097500,-1.3997387327856000,7.853022869597090,-3.536156726969880,0.017304476417678200,11.781857527013000,0.9077930270174750,1.1814781141771100,0.5231889898931720
0.7950049108417820,0.6670390258710100,0.6803486705246510,0.6576005846467140,-2.282552107966820,-1.6498820580544500,21.701513387353900,-6.832222986087790,7.537792066688000,7.923127630099600,-1.743612235927770,-2.1161559341898400,8.941607771219700,-3.92323999030386,0.12445646992529000,10.385095467047500,0.07002948991672030,0.6866516360340590,0.8571338528554190
0.7141856875020130,0.7773034709981320,0.6436275428922280,0.45191507547139200,-2.3229214686979900,-2.017578212711860,21.44029694596150,-7.846540748923390,6.184937194904680,4.68776272505439,-1.7844251894515100,-0.9304901590545180,-3.250877007115670,-2.94818241928735,-0.04784438572820080,9.614793557595280,0.2821543124884460,1.1990115334678500,0.4197957429625460
0.7887761398444630,0.8415682027483670,0.6363945703660890,0.4789437316732840,-1.5004270124029500,-0.9426200235160430,20.565061784095400,-10.128133401001100,6.557597751683260,2.9860506252549900,-1.108508381978620,-1.6285825298633800,3.1740263871274800,-2.861223398032750,-0.17943822091924500,12.249951025401700,0.20727748370109100,0.6463298755100130,0.7108527877380140
0.7791925136713820,0.5255181503170360,0.6084279938838990,0.41447164787528,-2.016534602513720,-1.2592246222582200,17.359240781981200,-8.78413040389903,6.8824632460907600,3.1990034247378000,-1.4568650620257900,-1.8953502396044300,9.220117735675110,-3.430530795986170,-0.09816861438893940,11.92964401810090,0.13762878483221000,0.7322985140716350,0.789494902554278
0.725182557327503,0.9744583527370790,0.5419778009969100,0.6185039291762700,-0.8279890536171700,-0.06353523854434520,18.055064908681800,-6.084791452994850,6.478879260900660,4.311669520409080,-1.5960735560473000,-1.4600782183402800,9.585751667399430,-5.07883324103714,-0.0522944247514921,11.601907960156100,0.5691595362782920,1.1263578715238800,0.4952759539612850
0.6897474962289600,0.8165138807822260,0.5204129580893580,0.6065674709251230,-1.9960655716328100,-0.6995487498129860,20.397864939443100,-5.191204175065320,6.069080122674440,6.4795134250478900,-1.2805291990959600,-2.0354857243890800,8.53850932434114,-7.0613896266907400,-0.1655066788101050,9.90877584551212,0.15828123499151600,0.43505547804265000,0.9978931730057550
0.6037668902963340,0.41056994943645600,0.6795768440701970,0.6895225875241180,-0.5508391231243840,-1.044212872261040,13.899835433307100,-6.8891349526449700,6.222484111294250,5.899500256554220,-1.2338479990991100,-2.0676225543089700,5.742032345125210,-4.781107717746960,0.1604725391494810,11.261961154128000,0.39930835151916000,1.0205731312198400,0.6014057060891250
0.6993374357523480,0.4737467519961110,0.5873282465571750,0.24830276695840200,-1.4338819784523400,0.10422723122771000,16.473803519828000,-5.215564105350970,6.772243370600990,3.3666800242526700,-1.5668411013742000,-1.5258040540842900,8.063608979438020,-4.220071166500740,0.1471853650133490,13.669925013401900,0.3815592934995510,1.0924933519130300,0.5559179052329080
0.7944336775479230,1.0979350923949200,0.6568668814278380,0.569219169304384,-1.327978406664220,-0.663245711351146,16.661877916906100,-10.495598351302900,6.458918413567510,3.3883864474554100,-0.9601348188021720,-1.7545452747608600,5.957429742713740,-4.3488790162128800,-0.18572226457130500,11.913279548928600,0.4835469340142410,0.4065631970456230,0.46376251634931600
0.5489012772641530,0.7759071490657810,0.6556565575263720,0.36542074627460300,-1.9561711888295300,0.005242351150753100,14.69885934269010,-9.44852188535624,6.2377563738938600,7.876527478838820,-1.7905185607278600,-1.64594290068526,9.411434082874900,-3.160449262844960,-0.22676032506836900,11.696491004251500,0.3408666275851050,0.7503685594524880,0.5043834881669590
0.7695241853126790,0.8074529547161910,0.6047931316091410,0.2420056849794430,-2.184495573761030,-0.11350272748700700,15.912731810944300,-9.025086721022130,6.455108473505500,6.244590941977380,-1.791378925946790,-1.374922360133220,8.681944234484520,-4.415257929802840,-0.10809906461694000,12.878376692237100,0.3106793907404420,0.7892340468928310,0.6838207806443680
0.6926067665926740,0.47100298824013700,0.6211784354215000,0.5636127511866540,-1.5866542120111000,-1.6137462372742200,14.29299070298710,-10.28931715492770,6.08455027817143,5.8046363711553100,-1.9793343012199600,-1.7810429106037200,6.452520275035590,-3.520035251983440,-0.3608839236460930,13.860863783744200,0.08879050228749780,0.824288314786963,0.8884350269359390
0.7167145308778140,1.0473619268226600,0.5880230165179390,0.43716560902481100,-0.48338401693815500,-0.5635376485450800,12.272080882692700,-9.645165313109700,6.911651369348830,5.590777013264330,-1.8773918341409900,-1.721828057300370,6.270081952614620,-2.7816665473269800,-0.20977761025962700,13.540284904711100,0.19146557198058100,1.1302972606169800,0.4885656749227220
0.6289809025595400,0.7078484824525820,0.6745244560317070,0.4233090675280670,-0.8969645509893760,-0.1476373791271600,18.324052601860900,-7.046989464267420,6.9391324483473,5.111286752561820,-1.2315876213466200,-1.7322674381482200,9.328405612507160,-5.016513443594760,0.10279825584653700,12.01863681615540,0.39054773026189200,0.7515817985015730,0.7128057155719000
0.7640560956161060,0.7244899461122380,0.6653285686660320,0.40874274703354100,-0.7390208688002520,-0.6525111081209060,18.406016017514800,-9.943558239218170,6.250251707341260,4.256211391160580,-1.4356146789957700,-2.1530101616586300,9.513159053000850,-4.090006195312150,-0.3317451708389290,12.394815205672200,0.15635946110761400,0.7737399115906440,0.6856527386692720
0.7266319559857370,0.7493713695398160,0.6903191720424890,0.39940770619203000,-1.8113244469448400,-0.30025152815091700,17.277273087310000,-8.14041092575364,6.2495840024329400,6.949747486536200,-1.9750169360411700,-1.4328590825524400,9.401509730115100,-4.576701867003080,0.12312581396216000,10.125233488493000,0.3323731647949970,0.922487666021603,0.49669425621174400
0.798660074437083,0.7828493931237470,0.6619368716684860,0.22574289667787500,-0.6148443862471360,-2.0389418751763100,14.447537888856100,-8.442564948418480,6.553168138122590,2.032913670616320,-1.9500685355651300,-1.8134028334548300,7.3555755166848500,-4.599519732038090,-0.4708744429668070,12.554775544457200,0.0983525542068401,0.9284594639382100,0.49851907040005300
0.736504298449963,0.9057235069515950,0.6936942671055660,0.24806262494275200,-1.8452949915263400,-0.05866903565946410,11.823919820346500,-10.631236610729600,7.067966094098960,3.4807621152371800,-1.8750505194308100,-1.3565668424259100,6.6149314402705900,-3.266341634144360,-0.3036519090263070,10.217298966505500,0.4474336074644690,1.1583463866274300,0.865919752652123
0.7004002544161920,1.0453364218052900,0.5969241044224930,0.6063260010624760,-0.4453749264305680,-1.073027556828440,15.059074723292400,-7.853167040499990,6.3346307046115700,2.692752245289630,-1.2825227180834900,-1.3507004385176100,-0.03337243117648760,-5.960856537089910,0.11917049281263300,10.331121158680600,0.7977218546233330,1.1046958612998000,0.6486748621013530
0.7916294491453940,1.0851875077769300,0.6799072981727460,0.36082059149238300,-0.7646881495453900,-1.1562928536583300,19.373204628318000,-7.805046073165780,6.578400415068120,2.676068509169570,-1.527453249156490,-2.195078752687710,8.900184944530280,-4.9795126433575200,-0.11724536621351300,11.24447153696610,0.1136626004836180,0.40211721953078700,0.7804494439989670
0.7938895940778310,0.966259080106031,0.6598790309456500,0.6175406130559930,-0.8822118092633470,-1.0685935526322200,15.16815011763050,-9.735845735061180,6.3950939833409000,5.281848265939410,-1.6001240554590200,-1.6706431507489500,8.72807782875915,-6.083733816801280,-0.23322513949248300,12.119485474767300,0.154172967591993,0.541521529391471,0.7367974051542760
0.6901087052592380,1.0452806402338000,0.6929530779668710,0.3612162824546120,-1.0722469088532900,-0.21661678001444700,15.364990162317400,-5.25665735697016,6.622053443527880,5.2580112788927200,-1.286709497133530,-1.6161821143127800,8.17501382007336,-4.043924143635770,0.10801696064849700,11.760757393257100,0.5748426891373950,0.6156488691726530,0.8407159045420910
0.708326490529392,1.016293742570950,0.5673067886982490,0.46425603166155000,-1.6510421722673600,-0.2302669129984250,9.23067342876258,-7.5493802840310000,6.397920952960940,7.635873799681820,-1.7571083951498000,-1.4919561964257800,7.502605894057010,-5.801860028690680,-0.03932478981407270,12.549309796256000,0.2670485870727940,1.002083610443830,0.9502741175371160
0.7694714302752330,0.7141788104772030,0.604518651403915,0.5671967925832440,-1.0398134340192500,0.17728192693986400,19.556278934697000,-6.547548314826750,6.884087625655900,3.7891640533900500,-1.4582990796951800,-1.5391270732473100,9.062776753114730,-4.0468186221028800,-0.14303681749125300,12.234955133350400,0.4121608195852840,1.007430583205010,0.8313808302743970
0.6663919161644230,0.9304953124236970,0.6229768440526830,0.34763361106876300,-1.1301109832358500,-0.09404241024590300,11.545869139851900,-6.838743590995470,7.0259091337538100,5.759512459958090,-1.6388055272961100,-1.6750488699580800,6.287924159690540,-3.36154125104406,0.14733035410457500,10.323611387560800,0.311012371381261,1.1321491217107200,0.7834143529416410
0.7636866577954970,0.3596592351622340,0.6078978413659950,0.23699743495266200,-1.751415818247640,0.1667273144782020,17.68232675242460,-6.886627583011670,7.65766741374734,5.381579437588010,-1.2635449470624900,-1.313607118537980,8.638219342411570,-4.429739659212740,0.12617640190255000,13.878081547402200,1.011878601749110,1.1570853836142600,0.923253155703856
0.7749310328122210,0.5426268622355360,0.6723803788567160,0.6215253041453060,-0.9605579047849140,-0.28315567440091400,14.11595911681750,-8.446245322795590,7.754013288802340,3.3806017272945400,-1.7302499950904600,-1.4412588991292600,9.427900597552130,-3.6377882202080500,0.0002151753597583810,11.961148284616100,0.30092652961443900,1.1315514188569200,0.7715523298746750
0.7959204722995680,0.6490776203879340,0.6151788347342080,0.22064396395167500,-0.9096167384768440,-1.2113493434489000,15.304160323424100,-10.23621935198970,6.256016294775880,2.2465525620655000,-1.8850506146499800,-1.9064368525025600,7.291220573912630,-3.0356358575280200,-0.4092739885391080,12.398197879186800,0.09402391042978960,1.170372743931370,0.7978692820577540
0.6312592234170590,1.02234792451323,0.5793437568445020,0.3721604284557260,-1.666845198882690,-0.23755299810348700,11.6036525006351,-7.2944491732654100,6.076303280119660,5.00541786374285,-0.8617081167912810,-1.4844017450366700,5.124739502768140,-6.521189636466630,0.14241333117591100,10.44575315395290,1.01447402443619,0.9226996624850300,0.6507010860912340
0.738732043824232,0.480711226311633,0.6995326523063180,0.30991597830256400,-0.16284455690763600,-1.6274404018210000,18.487710811903500,-8.330837632512200,6.536736404764040,4.347375684819430,-1.7886201181753300,-1.5710434998347400,7.904122099769480,-3.535403731817370,0.016180518270869200,10.338700338207300,0.24045237229119500,0.8050570031085250,0.448423887270256
0.7320911968926610,0.9072937130149980,0.6550508506707100,0.6224118627080740,-1.5596871743666100,-1.9477594495211200,20.37609630779290,-5.404551939807150,6.630577569310600,7.428613114212150,-1.7116499295055800,-2.079517196741730,8.82167816226585,-6.704982041028540,0.10514611028029600,10.04435911029990,0.11803898087795100,0.49086738482525500,0.5111412017611230
0.7896265103161240,0.5613539909704210,0.6817067534361670,0.54120690505143,-1.3007984253384900,-0.13929447164182000,18.104218536204100,-6.131693125133870,7.0318838274169200,4.5121837090004,-1.2184122659858500,-1.4712382697515400,8.060044306592270,-3.673628526517600,0.0769741885410981,12.248706224504800,0.42118969042683900,0.8628639827069980,0.8307370911937720
0.797425249540964,0.894917589679999,0.6210167314773090,0.608901156698009,-2.164301943804890,-2.340872064698960,18.50350336098310,-5.425222642232520,6.3384882424132200,6.75451965108926,-1.1557274724300900,-1.8370645718077600,8.688982724122240,-5.054910714208370,0.14652825055779900,6.1832992779723600,0.11633182861390500,0.5963998645084640,0.5931842923123970
0.7268741653299950,1.0344598858397400,0.6706490144519440,0.5048949135340270,-1.6252146004873300,-0.42861171509701800,9.623494089754840,-6.709123561334060,6.698068004764800,2.7665057736774200,-1.7900372929987500,-1.5762778142179500,8.388635680485590,-6.053470324933780,-0.08621376113926580,8.550765739989100,0.31484846576710400,1.168747674223080,0.5950274153048070
0.6967261967140930,0.8681750758321770,0.6518268813264760,0.22362461305773400,-2.471334080321510,-0.1658621743104020,17.282390047201900,-8.132062493399470,7.072861287537810,5.535359749280860,-1.3586257041990400,-1.6073417559276700,7.025467585375320,-2.881899533825370,0.10185289825575600,12.314262881961400,0.20095019695688700,1.063934730725060,0.9278901329482800
0.7457252885815740,0.41320623875493800,0.6304584921539770,0.550681314106298,-1.4316906739165800,-0.8208304984417150,17.75364637002870,-7.51043016681983,6.263668145203930,6.035321994209690,-1.3689911340127000,-1.8963595930479800,3.234358062169270,-3.3278829609381700,-0.020063686172824500,13.858503627710700,0.12817696454264800,0.9299071967058200,0.9497823902794190
0.6708721887758620,0.695581723613091,0.5388023362507690,0.40625889175182600,-2.4543800553759100,-0.43663016117620900,17.50082609729020,-5.74008797988275,6.7609854040635400,5.566242690986970,-1.6445133365583700,-1.8600497023674000,4.20733876389045,-3.6428980064729100,0.04141942263623300,11.64509488388400,0.21907359670650600,1.0320088541524600,0.9704372776831160
0.7887184341308820,0.5843953760721670,0.6189576807596580,0.582642452235608,-0.9111185970285660,-0.8300182281573220,14.458404844185700,-8.705930899944300,7.4564577507243400,5.564370847544760,-1.8950253349806900,-1.5633588365503600,4.05331129692042,-3.4090804402062500,0.15817030500618900,12.039544859181200,0.17690372601537600,0.7976756869419710,0.7886299039125870
0.7378014151881050,1.0065019199949400,0.6291823011220510,0.2227898784308730,-1.6671857829033000,-1.6274640602877700,11.523735045809100,-9.06514787779505,6.18636038599098,5.082851487787540,-1.5447866583412000,-1.816897448095320,8.55980046942743,-3.631726926051010,-0.19044371640535800,8.330364977313430,0.11825104761200700,0.8323973770474750,0.8208249546051470
0.7220781704445190,0.9008740538014740,0.6281961970688440,0.6193074268273610,-0.6588570303940510,-0.5937348401482650,16.366195311273000,-5.915802223012810,6.860490571759360,6.703343872098340,-1.8456317517362900,-2.0294108758725900,9.683025782791140,-6.890829551202140,0.11411517019400400,8.002298102269290,0.1643314340529110,0.4738178222826330,0.652358048666896
0.6470409155276580,0.6560506107359640,0.6107983708642380,0.6790433230505100,-0.6215107639162890,-1.5965922539055900,16.92513470072130,-10.945086986398800,6.022680339890600,3.91120329686042,-1.1867749652930100,-1.0261890707283800,4.842772178639820,-3.0770920809372200,-0.4021673530185800,8.216769337575410,0.8976948231799360,1.0577040603237400,0.7263658552454920
0.7248760521123930,0.7547625461963220,0.6989577158481710,0.2679566466987310,-2.2740585273215100,-0.6387933794300070,16.11094042896010,-8.298745239660540,7.3341027720500200,6.433476001314150,-1.7509100173697400,-1.4817758902432400,9.769728428512460,-3.293191500443280,0.03139249390045060,12.196246627193400,0.2329482307816790,0.7129702143489890,0.7394179076955320
0.6579019449888910,0.3659289301576430,0.6779227339338920,0.4814610259002380,-0.31445706506969000,-1.4802736275991500,16.018364340809600,-10.446920175068200,6.957750125327640,6.808772628321730,-1.8451098773759500,-2.1865148556763600,4.048595058791460,-3.361036033411720,-0.0799548567995085,13.146147650364400,0.10699486153470300,0.7850437270669990,0.9485429197322960
0.7927332101251030,0.9010380050738240,0.6362551385505560,0.34988962803177600,-2.442004237648480,-0.4337013309279210,14.443051338015000,-6.589501527748100,7.832046996335650,6.098540642629450,-0.8980224626556460,-1.5929882632412400,2.209629210984100,-4.62173268243647,0.11392052882741100,13.722856769347000,0.24672830214548700,0.8761257164886570,0.7567719694528980
0.6603845392268400,0.9278139142455530,0.6498452086070460,0.3850444985031430,-1.2330117565193200,-0.205563966513289,8.647734735426870,-9.140730374068700,7.139066078597040,3.6294143733507300,-1.5535417698916600,-1.5438052959945600,9.56967737467404,-4.005647767277040,-0.056415180510082200,13.227822878740100,0.22225688331725500,1.1229644040935100,0.7364551011900480
0.6265172228328760,0.7191879490704090,0.6486311617066380,0.44633264091067800,-1.8739425067116300,-0.06135870154657570,19.261119648903900,-6.371354501202060,7.018979989454940,7.260435153347720,-1.8993304944991100,-1.5125531823954200,9.93971458971313,-4.435114795907570,-0.08821968978571060,8.773077225897340,0.36708446695653100,0.587027026632322,0.8830806541089340
0.6851860837743740,0.45129760299007500,0.6217085519430750,0.3711305778243660,-1.139835888431080,0.07225962923587440,16.387278109151500,-9.21724953345151,6.517925425875740,5.802680746080020,-1.4920808353666100,-1.5279160659181000,7.971743869760840,-2.6937256433264400,-0.03302736506536310,10.689899315726100,0.3249165380073240,0.8179452013255780,0.9970075872218500
0.669975683429205,0.7441385501985110,0.6828243023324900,0.6459099282278400,-1.0027985866222200,-0.04751775414545350,13.78343350235210,-8.593838509391830,7.482465494340640,2.81472030051414,-1.1338218280897500,-1.6861492440399700,5.188917025999310,-3.387431623022300,0.0052641481268477000,11.364611552080900,0.6493378103758570,1.1419056082113300,0.6328607139581860
0.7300753168377880,0.20737198694926100,0.580610968274002,0.6204968861482430,-2.3940016224637200,-1.248295184159510,17.955852423638200,-5.402274316671340,6.3785397144539600,7.4515338225714400,-1.9007288716400800,-2.1795812996361700,8.241678999311710,-8.080483882140640,0.08492659261582790,9.302549551869730,0.06586767696315000,0.6839405952396900,0.7404992664192530
0.5639826877724540,0.6187034213067770,0.5309372039746460,0.578599033653471,-2.1483401896861300,-0.07448389586150910,16.56445984773510,-7.201282656448710,6.834361354075760,5.964987344801920,-1.2659832171288900,-1.9423753592913500,7.16415832085469,-3.8889542709063800,0.07935562422066350,13.721508882575200,0.184840226679635,1.1548519209535300,0.8785081122056430
0.7158527937380230,0.473843643030129,0.613047586062041,0.3569936426461270,-0.9210326624591730,-0.35294854397051000,15.114494297103300,-9.505665423670240,6.843700173085860,2.285673790698010,-1.1204133114920400,-1.530469065700950,5.562535149674280,-3.148019417083950,0.015754401003526100,8.744536539226620,0.43347881158860000,0.9644417553000890,0.9013865112123120
0.7550347010259870,0.5626960948559340,0.6302275105604960,0.5861637698292540,-0.2434849939975540,-1.6333303891947300,12.695272553278700,-7.730933840742080,6.756661017025390,3.512535934206300,-1.8020525272611600,-1.7550383588991400,5.392537469110090,-5.429655753314830,0.10991204545830800,6.6609257026618700,0.17597696394753900,1.0538425775386000,0.513888559131686
0.7856462404837410,0.7940946697895990,0.545103620240786,0.6666094056622720,-2.293000502253900,-0.21279074874770200,19.115981151265700,-5.807550384082590,6.550788159054710,5.315774826809730,-1.757418015542620,-1.5282715986207100,9.81979069259662,-5.358973843505940,0.017349358776448800,8.718393629373550,0.16630106762288900,0.6694013694708870,0.8917152895303880
0.7980033089390110,0.5638071977624100,0.6224363889964910,0.21788686626629400,-2.1286727339224400,-0.39197125258804600,17.22801595041660,-6.747174049397740,6.531150873929690,5.723221126461920,-0.8544297529321760,-2.1176544464888500,5.948859842873680,-4.228307739319780,-0.10712169861359000,12.117669079252300,0.16850146976498700,1.1159202398562700,0.6867204153455940
0.7042734799894460,1.0953798174858800,0.6121864856675640,0.4580289825781510,-1.3609873383244000,-0.21460509667819500,21.574911116284000,-8.58958125286452,6.184043448220500,3.2029654094812100,-1.2510942822357400,-1.9201374948139200,7.915920370253180,-4.389425308394510,-0.05884134321658490,12.608777701232200,0.22148464741609300,0.4027487502751440,0.7507381784200070
0.5859239339266710,1.0396306934567700,0.6689962146310310,0.5307898667667070,-1.8383962727611500,-0.00486646356554217,17.432678389630100,-7.824137264693910,6.996259894092200,7.348242275552230,-1.924879873871480,-1.5820478829283400,9.582709712267380,-3.5793271313332200,0.033849408237819700,13.665895369234600,0.254875517991826,0.6789535206660320,0.8209944810214390
0.7722989337614290,0.8250001459495330,0.6029481747581020,0.2893892962267260,-0.7666817492641440,-1.6974617851379100,16.14013339250660,-7.855600354778870,6.648775514264080,6.189893543454140,-1.8961098908986700,-2.0436711146950400,8.086074113143200,-4.41926643905881,0.06978867384971020,7.603875414909270,0.1081276530714240,0.864702603548703,0.49330977145979300
0.7787865989048430,1.0077804721163400,0.6127696644621690,0.3928819823144520,-0.3977919964935150,-2.8073570600915600,12.188215221390100,-8.894978852232200,6.035713473919280,3.495226524190460,-1.5897873407097100,-2.091581663643430,6.159145482349350,-4.213883132480220,-0.4017172141023410,9.68998851787511,0.12463407519263900,0.8179440510780450,0.8940468971875510
0.7792894637856250,1.0967094476533400,0.6833489579129360,0.5569817009459820,-1.8253144905472900,-0.1351209212210490,13.086180828069900,-7.127842315113170,6.777754547953080,3.5090206816555000,-1.9781096161700800,-1.440336465727270,7.942000533418210,-5.663001728227060,0.03434060407807200,9.637418938464480,0.27503244787281300,0.8976453912303690,0.31250468247717400
0.7827719413986300,0.9114175077758950,0.6868287295651800,0.20685328720512800,-2.1761845072459600,-1.040566092740380,12.369620720948400,-7.557286826322260,6.762898123555380,5.181659293230140,-1.4265119775835700,-1.9232643669960500,9.653929962576290,-3.8352919243832400,0.13702832461270900,13.139779812960900,0.13237199568344900,0.5912523404781820,0.8677199023155080
0.6650901333532720,0.8721162723005580,0.6613384258598390,0.49040547175911100,-2.0969881127859900,-0.8146411157731860,21.6055493570094,-5.354109366286760,6.641017140096250,4.2895445282319500,-1.8148147758219200,-1.8568215173549800,-0.9846657468271980,-4.20489303108332,0.03636309026715380,13.05550836494240,0.19884036270422600,0.9983268950001300,0.3861336927581480
0.760113593843677,0.8458378609348930,0.681701892469825,0.35850342709262500,-0.623105726539201,-0.2030793084045720,14.118803209665900,-9.490726977748180,7.02751422336119,3.1461805737111400,-1.7034589811167700,-1.4163993629404100,7.476566431023150,-2.2681067850357300,-0.09545729967956070,11.344848627270100,0.7666055247382930,1.0140911392407400,0.6543001838967860
0.7227918560012960,0.8815503873740000,0.6799333799494350,0.6805527732936810,-2.1020617979185200,-0.6124541971275940,16.5863135489138,-10.010667808898200,6.318214665332420,3.7702089564591600,-1.1918650607802100,-1.7828175113578200,3.597682537286370,-2.9223323037342300,-0.34481107369827800,13.76225285790170,0.2263432838963500,1.1475097461513800,0.4186403496817360
0.7798774722523150,0.9961130380596240,0.6691708520806170,0.5750331194968070,-1.4476033263821300,-0.7924583798626550,12.688506152959900,-10.486156570838800,6.3617136505622700,5.8152034690053000,-1.6486834228824300,-1.9589294859204900,7.360877916322750,-5.935355921103640,-0.20272318641034600,7.139971205448970,0.10016283616174200,0.8619932267402810,0.5498698187047420
0.7978844829359610,0.5815873406444960,0.5829127750705850,0.47854558745445900,-1.0020668884257300,-0.28751661788210000,14.187648778703200,-9.227544567766850,6.233207593182100,6.7728958017167,-1.0350313772016100,-1.8925484626698400,7.726044879728220,-2.152312348012930,-0.24058443875926500,12.228284259393500,0.48142476451725200,1.1850506862649500,0.7831421379119970
0.7334707091063620,0.5232398560001500,0.6653938735612700,0.549885365363317,-1.4751375175218700,-0.3857068021870190,18.83690553107010,-5.164788661293300,6.3447087999363500,3.5462391739788600,-0.9731107170368540,-1.7414271775757200,1.411912492008950,-5.184081330794750,0.14420363174561900,12.037728567008100,0.45280891907271300,1.017889830126700,0.6883902346589750
0.7273939061281450,0.5505459737146500,0.6147933053383450,0.5579515866251920,-0.7092866015439370,-0.7006063777576740,14.722571910650600,-9.65106954633697,6.9975545174529000,4.249124388866660,-1.990494833383530,-2.052396014882050,3.8732032645903800,-5.440470521448730,0.019542687920203300,13.139282586359700,0.11650785221114400,0.6603281960167950,0.9870554791084450
0.7729309991573810,0.9106072371145950,0.6885655098749800,0.5727447807520040,-1.9599747149757600,-1.1531583296932100,18.008272211690200,-6.781548849494170,7.233945953708080,3.4810673948187200,-1.6981957287710500,-1.939280708492070,9.22362738196724,-6.291739734553280,-0.01757457590562790,8.537282216763510,0.11205204545503600,0.6776886645761170,0.8335910820829130
0.6739212516427830,0.6689450368175330,0.6759944967607270,0.5963294363517170,-1.9491970415793100,0.07760982363053570,20.621474661866100,-8.852401476922990,6.252314461106360,2.3453755423025100,-1.1717286845251800,-1.5410783328391100,9.174991761631240,-2.655484342923750,-0.33262651902342300,12.16368059951400,0.4539670383702890,0.7559916734047350,0.6211642259216860
0.5400143248238100,0.898861204066907,0.6695604094732060,0.6142583905414000,-2.3944276438126800,-0.08412638384959490,18.81472917536450,-10.775732514471000,6.908592250963740,5.984341007291640,-1.2257281988142300,-1.8524337228096400,7.81035078986367,-3.6170445008047600,0.17592735967598100,12.392004640825400,0.2306866204540050,0.6009352032655410,0.5191056172256260
0.5042384336244940,0.5693805595657560,0.6897736432361360,0.3989568551840820,-1.0074050948019800,-0.003314011597638280,17.420449686781200,-9.500958180768710,7.207490343506810,6.300644199523450,-1.9923558687611300,-1.6611652393426000,9.498281242310210,-3.5789503587169500,-0.029250359424563800,7.271304092163660,0.306718334838788,0.5409977989899960,0.7827220114785660
0.7201773787033530,0.8660430099574490,0.5510188008884350,0.28002305618312700,-1.06002830809451,0.18136421794406000,20.321471791341700,-9.165608386234550,6.360993324897010,7.584445979984680,-1.577590930429870,-1.6432711629175800,9.310130122490160,-5.471463539147410,-0.09418210545472850,13.110491597550800,0.2555157014317050,0.4199943793862420,0.9934359760352930
0.7296348863778390,0.6103405002728610,0.5635968719355590,0.34172006567918300,-2.0968047455286600,-0.07138964353168700,19.945851220988800,-9.273141477588080,6.653242031457950,4.228689892169770,-1.6681069245063600,-1.6142667319079800,9.14970857503266,-7.740222246016560,-0.01904524371583220,12.42513900084030,0.15560873267129900,0.8028487805685250,0.797925135903222
0.6213136037707890,0.8315006268918060,0.6530052114371670,0.5501528503707760,-2.089935220406550,-0.09231842848485090,15.599370867902400,-10.666170288056100,7.458172408739890,3.6635279029780800,-1.8438400030142100,-1.5126754623279700,7.068518645993640,-5.165259192117930,-0.07599869212152820,13.196221593722700,0.5900712245617970,1.18061792602977,0.6344926583709210
0.7534700710125310,0.8240288780126300,0.550104342323321,0.5258464609722990,-1.5045220971662700,-0.8790066928671840,12.000691894839300,-8.322544377398950,7.151338161903510,7.087399305131300,-1.4518796957644600,-1.8269295088380500,3.1544681529967800,-3.9899687864730200,0.012926169814004000,12.49739752399380,0.16735407344903700,1.1955628165503600,0.8391630690809520
0.7885561185042510,0.9015443194878670,0.5965137774751240,0.6981742577365910,-2.1421817783663600,-0.3725883929911470,16.856924244016300,-8.702083152041880,6.176231974869250,3.3742090162551500,-0.992566950949695,-1.7645830823725900,4.466778433485180,-4.539521462114190,-0.2536491916608390,13.840910081046400,0.3083669328585630,0.6109603485299580,0.43920177733830200
0.7163622922147870,0.9817212195547610,0.6691482496118240,0.24520757412888600,-1.504300876976720,-0.8841391211485530,13.276954093766700,-7.878398297107160,6.955021026984790,6.519681358260850,-0.8373939237725720,-1.505536467698200,2.0998448775669900,-4.959700410329630,-0.12077312047763300,10.30793156103320,0.5952197041751850,1.1462902815596400,0.6899713925056880
0.7690427642957510,0.9120477514855930,0.6215667688415410,0.35371732100140600,-1.8706994429346000,0.13424751498207100,17.640426044923000,-9.109995232692060,6.783095797165640,3.9507136821326900,-1.2473194396471000,-1.4554905732036000,8.42633457480517,-7.246325361125010,-0.002183483173403830,12.329522498044300,0.3023362803279720,0.7778929979876460,0.5151905930171230
0.7346480443768580,0.5541057647198340,0.46881877625118400,0.35255393246269600,-1.0237701834206800,-0.2715035804582430,17.802865922682400,-7.650326591736600,6.214357417814590,2.8882627004916900,-1.9920823984755500,-1.596796054688090,6.32368121280641,-6.13981022085662,-0.24561787564977100,12.238930198633400,0.2979902213154390,0.919941756463438,0.7295076282713120
0.7384244696034550,0.609417144838861,0.666967381086768,0.6549250330395120,-1.9279869948962900,-2.5373807642633100,19.969695216623100,-9.153864050150490,6.932823919689560,7.4142969576617600,-1.7176410271647100,-1.9703292202407900,9.059804860124190,-5.342233794647850,0.06766474036368900,7.408828178192510,0.07005698971913300,0.6425316324871390,0.5915018666984400
0.7994596612501120,0.846526062393872,0.6740308369813100,0.5129909621666000,-0.5529671685780690,-0.4940470200820580,16.178290603107300,-6.432632014817700,6.755786835124280,3.0478930064631700,-1.7555673819192000,-1.8706873337263100,4.631463736750640,-4.649882180761450,0.07021596664407360,12.70222466596110,0.21485312387530900,0.8923126273636830,0.3473392564625680
0.7149330904179210,0.9735453344281150,0.6451187384912990,0.36710135166793200,-2.014456228557620,-0.5363294548158850,13.136049334512800,-9.786987288952580,6.98915130141751,2.4533977106855000,-0.750738704879954,-1.8790849171025900,3.948618029207110,-4.355435924972360,-0.2876993254518440,13.610551334111600,0.2126960330870850,1.1228762616253900,0.6445022230526790
0.7695799767946770,0.7313140068703930,0.605891474763201,0.6809893664048910,-0.5495775548729680,-0.9853245711693930,21.35652533172770,-6.192602049503800,6.182789136804150,4.399136883689620,-1.7661100345655700,-1.8226105805193200,6.826151980345660,-4.554855167903540,-0.07984857096526940,11.371111210279000,0.16255633918070300,0.9072453210930800,0.7659824349107350
0.67309860256009,0.715042668833034,0.665458808875359,0.3619334135619270,-1.7597827778969500,-0.4420355946109470,14.5666359905178,-6.899002494528930,6.5812389823036700,6.720385273754160,-0.6946187823309490,-1.7990417508499300,3.2142351387012600,-3.574718663673570,0.18502606097716700,12.047584605244700,0.6508398988851630,1.088680707562560,0.5298455482767910
0.5967779219088380,1.014951524676800,0.4951192063035150,0.23330739204305500,-1.6381727680582700,-0.008321471918182060,21.044668841883200,-10.682316868114600,6.280699583799230,5.827419043807640,-1.9985390673552100,-1.5897024577807100,9.875665021578890,-8.176529988286260,-0.19350043113466600,11.127482939854700,0.2754218019533800,0.5044362937020530,0.7389373774117020
0.6307432036060550,0.8771527503065200,0.6451732031430580,0.6203266469701220,-1.8873049668647600,0.07750900514768330,9.283646998624630,-6.326429359356240,6.358505764780500,7.121645661814910,-1.265564857263630,-1.4184451018405300,9.5263847930651,-4.121198732599910,-0.024465612041950900,10.877002450027000,0.7725175540202360,1.019746798590380,0.5972944690499890
0.7489683514352340,1.0607439379163900,0.6823912820614590,0.6960230201028280,-1.8336904916523600,-1.4787013694364900,10.300842430617500,-5.00281174099292,7.305465051894390,4.601654117311770,-1.6392168104312400,-1.8879400303669400,7.405992726072840,-6.29693866724671,0.11696227914388200,10.987216931712200,0.1305796517285320,0.7375916429039250,0.9453946783673870
0.7868631691183680,0.41703804712041300,0.615652585057858,0.5593597834509940,-0.8529375081022720,-0.3768622601526230,17.405067148927300,-6.364118533028220,6.835970586226790,7.3761420214080100,-1.3547512116572000,-1.5962162868437900,9.318646309831150,-7.837032805497320,0.1817235742836100,10.845601796539900,0.2660302986754890,0.5804978073223750,0.9644404000284870
0.7857881476845020,0.556460171082142,0.5892562258317740,0.3601941322810460,-2.121331932532370,-0.859136578361025,17.355044338770400,-4.39373348618482,6.23692808799689,6.436002392856010,-0.7328376150332210,-1.896001426442060,5.207315585255400,-7.532516528144680,0.19387763315887300,11.207578959563800,0.25821508422035500,0.5962209895307330,0.5627861415052990
0.6197572940483220,1.0926081453490000,0.6400587541918920,0.6946362747165840,-2.4087748641168800,0.061816767467545200,17.122088557643500,-10.808992388116300,6.871492027033760,5.998248298858700,-1.0904749758962200,-1.728067010155730,7.545985865018040,-4.06746074543784,0.11743727743711600,8.68126159239962,0.2616695524334330,0.5796387052835360,0.5327016272588410
0.5829577928397860,0.9475276742145240,0.644814051071596,0.5261757857590360,-2.148256572925020,-0.495058654414643,19.79380694737430,-8.611454868254200,6.196596892643920,7.323306219775660,-1.7492450889876800,-2.12787552430124,7.878430557883720,-3.444246934033100,-0.3236224024035670,11.381242344399100,0.14702651663440700,0.4713733497833310,0.6113394717750760
0.7618421788252500,0.8609502657058020,0.6068385034424880,0.34315940021681300,-2.104937018310330,-0.9808673102681100,14.02035261794650,-10.118860543211700,6.071335990854380,2.004114771262950,-1.825444903033760,-1.7302933494446800,4.950946551657700,-2.3681794463136300,-0.5562231508748770,13.00522930644010,0.1992895474836570,1.1597618388443700,0.48431237525844400
0.6715056267486670,0.9749826043217520,0.6162022920045130,0.2640596904506990,-2.388487702999780,-0.18139705142571800,12.655095692775800,-9.787657192116580,6.235706882709090,7.462922084121350,-1.2342703051178100,-1.5662312266595800,8.528401400578090,-1.8110007401092400,-0.32533437786728100,6.681631944505840,0.3173396679923220,1.1856800130936800,0.8919394306857500
0.7691469470865350,1.0529573083339700,0.6530213899582390,0.6654724595420140,-0.9025956316836600,-0.3381808884932220,14.65066808798070,-10.56821120987110,7.232189099613020,5.8588997363872600,-1.3801394953972000,-1.5892946628856300,5.119993836687660,-6.299252875987180,0.0013208195812465900,12.503874490210300,0.48981582056485900,0.5977074600313500,0.8676542800977540
0.7979972965709290,0.7540596570324240,0.6351059406981110,0.3396737458105140,-2.139920439960790,-0.15333841696689700,16.201560031369200,-5.788247130990990,6.851330134118310,3.7497170461666500,-1.7621018664397300,-1.374886727857580,7.557007076432700,-3.439710827806490,0.15648128288972400,11.933344484468100,0.4983827644454470,0.9089968811992320,0.5615538897987470
0.7507226485992680,1.0423805773559000,0.6789028824437180,0.4769592008662200,-1.7024431125863100,-0.6452875085238440,13.880710457505200,-10.860008901436800,6.113808181947040,6.998771728070570,-1.5262761096272000,-1.847371236831800,9.97107233025109,-2.4231166489532900,-0.470342507821097,9.272548790471300,0.15878779166445000,0.8091062408632280,0.5257325020281400
0.6709116826994850,0.8440278482929870,0.5609727910672750,0.34709179010476600,-1.9392488974812700,-0.0696963813075493,19.77073483431800,-7.231399076499510,6.362970548515600,4.84756252098552,-0.9400328942313880,-2.147812213992130,5.5139807137023800,-4.957372695817550,-0.011106803022315300,12.832098154131800,0.22820938675705900,0.5029391536421730,0.914366456252363
0.6950521353068650,0.6942507240053490,0.5622966858713720,0.5672409699427340,-2.417491295795150,-0.0033957193622472500,20.407365614863400,-7.03786966466091,7.165096817929010,4.189586018280920,-1.9532444490121200,-1.3135496572431100,9.807655685191600,-4.874193293013530,0.02016814527540150,13.67430228033330,0.4595329813198050,0.7926482187175570,0.9921434316560940
0.7867143977697180,0.9213845549425100,0.642419775678482,0.43251213153322300,-1.2314413506402300,-1.5977310642171300,13.128826399423900,-10.26912733277380,6.1067934619404900,6.103660356081270,-1.9785658295747600,-1.608611595214800,5.081685934978600,-3.954312309368980,0.012374526622040300,11.787142778004800,0.1013620348385110,1.1465803102332500,0.4351658013675770
0.6027501721132440,0.7845876352316290,0.6204888551071580,0.5885673891585670,-2.260318905802350,0.16763088218355100,18.224187165957500,-4.476142254529830,6.905230170067230,4.578016163843640,-1.6568053992682900,-1.6705752233237700,8.750565487810560,-5.248769919597250,0.18056446562218900,13.861240198475300,0.2733740219840360,1.1460440226599800,0.735604770217693
0.6933753821479450,0.9756593704680470,0.6144809765563520,0.5098779715107250,-0.27815403324261700,-0.3989390738961070,12.595278052588100,-10.400876628289200,6.346229355823920,2.9148781804534400,-1.568730370595460,-1.5861425821893000,5.354048379797880,-7.190099632265020,-0.053587314852448200,13.97783406113050,0.4391510665597250,0.7992897936392730,0.5241830005437010
0.7679473847249600,1.0977514621397200,0.613688387941442,0.597109208378921,-0.9819989848667210,-0.7310873944163320,13.683599520982000,-9.74454703011473,6.428727715083960,4.085645789083340,-1.8224359855297700,-1.665014048114760,2.8549723177563900,-1.9908281304653000,-0.03541685487130440,13.19598917090000,0.2512218888895510,1.0645155293956500,0.5123654527382410
0.7242608165699020,0.7722943983235120,0.6434306814621880,0.5639370771521540,-2.056244952309210,-0.45869605055187300,17.291573792111400,-9.431014299537110,6.471190310301450,4.0269768058520700,-1.372815872715930,-2.176316278674990,7.104724063580320,-3.8111390027606300,0.0046938400920533800,12.612182194891400,0.1371870840047460,0.9590557462182480,0.4806746916536690
0.7575468095755970,0.5814383609304030,0.5910131004152860,0.2728508300717320,-2.1492228392440700,-0.501107349078427,19.3983918407891,-7.520851462049390,6.323308187040410,6.376738365109120,-1.3406284969601800,-1.6405387799708900,7.871740421766840,-3.114349332072940,0.025346337233253000,11.71705675266110,0.16132541091523400,1.0808568522634500,0.5758337920329380
0.7861120567632840,0.7685681374057460,0.5835409079559210,0.38165804228036000,-2.2398805643643900,-1.9661083734608000,13.445457570996400,-4.324730856268940,6.720952290456250,3.1201855729411200,-1.472802560422110,-2.153970272466350,3.513790190769460,-5.271472879179170,0.16172066187195100,9.548376983710500,0.08488678030680000,0.7941407268081770,0.9193589690820760
0.6614311276885380,0.9195682998295160,0.653801251257837,0.3967254103090140,-2.118765177358250,-0.1364578490193110,9.167778097025750,-7.475072659075370,6.440803936871290,3.554523607807880,-1.4288978485880400,-1.4044488337007200,9.240377588499820,-4.061068339899550,-0.16671020985800100,12.254268337484200,0.6721083572729250,1.0540368800393200,0.5171630838867030
0.7456454988603900,1.047992808549850,0.6615333834174300,0.534164042612696,-1.7623392974108400,-1.8242450671169000,20.168311193805800,-10.0056209900238,6.655762915568370,7.059390521317430,-1.8354557058521500,-2.1099731390545200,8.682169670826820,-6.437143595967320,0.09051824095688840,9.378898151073190,0.10228470825752600,0.2975634789735610,0.6024916977191730
0.7122805671952420,0.9996837474071140,0.588557417912679,0.30687632675947000,-1.0388804008959600,-0.4560030902952490,12.855879250139400,-6.202510995477400,6.424362489626640,6.3799971806981900,-1.4612003223165400,-1.7311789127781600,8.987842922311310,-5.011792920342930,-0.08214600574550800,9.304479736108700,0.2621723999442000,0.9872517599008110,0.790603173155025
0.6694518617088940,0.8238689001799970,0.6881501009199710,0.5116163552541700,-1.4028490367868000,-0.02382190851681450,13.6528218586287,-6.622020007608910,6.724097706150110,5.0338545493308600,-1.4379026021719600,-1.4351546089119400,5.506080891715000,-4.407867879371170,0.06814228501743920,10.446359155059000,1.0454538690185200,1.1630600940006400,0.4855389222597930
0.7925753259922080,1.0800947836614800,0.6202396692009080,0.33637855240190300,-2.088074483062090,-1.307696886616380,13.258721778904000,-5.01177753893312,6.311126817261460,3.801983434542450,-0.8279013914451670,-1.9776175870668800,7.421358208637930,-5.9472985827729400,0.1992707322329860,11.83445580050130,0.14364999031604100,0.9653146491162500,0.600570611571876
0.7570564512850800,0.5155744269154620,0.6956415253168310,0.44420639650243100,-0.18766323390614400,-1.2713250118377300,15.489485072942600,-9.382523901105300,6.98616918454295,6.685857195360100,-1.574700001205750,-1.72868452370852,6.110251227437450,-3.5631054944248200,0.03488431677852250,10.169316948552000,0.2554985970739270,0.7708832175275290,0.7771336749545400
0.641043468437653,0.6966501419447610,0.5843875635131280,0.4582809770691130,-1.484877254592000,0.01419697196029920,18.265480872086800,-8.613594013153580,6.323400849830360,6.3942854008385200,-1.2813911775546400,-1.4665694088638200,8.168557664957060,-2.985255445054880,-0.24452402897876200,11.974354238908600,0.6801283554346550,1.0624030016907000,0.7784226124221210
0.7956574740466310,0.25540609046671200,0.6039450982270820,0.671776507733584,-0.6885715491516670,-0.8477689792461070,16.062156612414600,-10.776374103775300,6.04212088965966,6.407758033807500,-1.3731661029703900,-1.8436549209605000,4.731004004503520,-3.717192771471200,-0.012052635960139200,11.087287730062300,0.19901046381534000,0.8218425176708680,0.4622100506201410
0.7444332106988220,0.3489177068514050,0.5977808285044860,0.41238953220325500,-1.9012256259761400,0.04347190258892040,17.67116895075780,-8.108894217411550,7.144868983983240,3.340119078028100,-1.2459105077022300,-1.4135925894617900,5.130998684548340,-4.386108961081040,0.02889772348456140,13.726967408362600,0.8606458433760990,1.124254798038280,0.7170446008031530
0.6998651491435520,0.8670020656728030,0.6560024853452840,0.615637448835222,-1.3052860221129800,-0.5743739164949390,12.775687958780500,-5.813478075087700,6.992028527469230,5.00424104404718,-1.1201115575977700,-1.820364287210040,5.0676913797595200,-7.665315966856300,0.09962070777405170,11.273480724636700,0.2930066328260740,0.829031219977706,0.8917714496000610
0.7682306676891780,0.25115231149945400,0.6663015145787100,0.5390101233773930,-1.6502329059596900,-0.026185078848989300,21.53087494187810,-10.428974760103100,7.086419607556830,7.499350278519540,-1.4171404660032700,-1.3510882979415300,9.908372938582130,-3.8166281060935100,-0.08877738756096930,9.48303249291666,0.4412349982886680,0.5341284677604760,0.7078768987761830
0.6291466415539350,0.7785566390495880,0.5916846142825910,0.38640284880456300,-1.1902135682521000,-0.4302972102099340,10.583416947356500,-5.984448788733160,6.70067633925656,4.792123869851630,-1.0714630912292300,-1.698306643349300,4.304635156045310,-5.029155449414400,-0.06103882748080020,7.718463606567560,0.5315738982542060,1.1741599192759100,0.7545109588614860
0.6535406151649870,0.6865773762543610,0.6327332626016510,0.5105196069537360,-1.6761781346841700,-0.10318676181276900,16.90670957167750,-10.148192806862900,6.409156142392210,5.061039299019460,-1.8480173490612400,-1.60515145326679,7.419413974967930,-4.062917667710370,-0.2886859915662240,12.688330575610400,0.29255621342002200,0.87898951493428,0.4039557815852570
0.7662452719458570,0.8797391725649880,0.6472584609869630,0.3629067699047920,-1.1682558530278900,-0.844747347868872,11.5580586507264,-10.50515569821990,6.752601012875560,2.8434572672651700,-1.312569993857200,-2.1173167575686900,8.497755825456520,-3.3932536501015600,-0.36097933054043800,9.876031158739550,0.1321832038921940,1.0575566767372900,0.5507663138755420
0.7439545505724050,0.694692267496307,0.5887454925298970,0.4405894579380660,-1.289770132011210,-0.42564045809416600,19.28999122758910,-10.87288927394810,6.249176147217680,4.520902330671620,-1.259253525439340,-1.6488545312364400,1.9993955780358900,-3.6465843389368100,-0.03010188105070070,12.319236695770100,0.38211007248678300,0.43821854221801800,0.5585238379383310
0.7031783043593440,0.9074528336629010,0.6619440571347510,0.43903997681516000,-2.009131382245320,-0.35759336736349100,16.382778042975400,-9.279785754307710,6.018457083190740,3.100344507626380,-0.6362726337057920,-1.9463597111720500,8.439734771568690,-4.364895773624190,-0.11383057282920700,7.060559005425440,0.3979227630719770,0.5801211768381230,0.450246437535611
0.7418737343226260,0.6316721612857710,0.6438802570349260,0.4474819173363390,-1.3484673454186800,-0.5146154749621880,21.875678943329700,-6.675348272933010,6.9187665366356300,5.171276382191560,-1.4240677044347500,-1.97789101814001,5.378622850267980,-3.1520285493612500,0.05812477905624940,13.10550821429960,0.1673075945353280,0.8924439564948280,0.9857100547215350
0.5843434281134180,1.091631068353530,0.6690094534855050,0.3554535755759900,-2.1103427580195300,-0.2576340996723460,20.713015419247500,-8.604572247419040,6.483996795302630,5.167277911601,-1.6810179349245000,-1.7643310535423200,9.042014407863340,-6.188301289169500,-0.15004511820235700,11.447650443887100,0.2369717082388680,0.4188934471987980,0.9034437644566350
0.750359760811214,0.567916017765058,0.6466513277304170,0.3508203595291620,-1.8627633335381500,-1.3745739356336500,12.726189843301300,-7.103786248342420,6.490714629333640,3.62076235583651,-1.5150327498296100,-1.7971886702247100,6.44033978611648,-4.669238986358050,-0.13520588916743500,13.337684368698100,0.16836438253800600,0.9983303102811950,0.5452622712037670
0.7538454786622480,0.9377139100720310,0.6486662978862860,0.4049022712951010,-0.41664582704824800,-1.6167758338544900,15.879899289313900,-8.40767331436316,6.951632851628240,5.623411283375740,-1.9824143349014700,-1.9868671447181600,0.9922713595249680,-4.033172028581470,0.1353822286683240,11.873521405767700,0.14751953307438300,0.6210279662736830,0.9577859222767130
0.7529427978456040,0.8755066311545910,0.5117329156884300,0.5518885396226670,-2.0285946742330900,-0.37804753022397100,16.650816230618000,-5.982198783847990,6.294840852827080,3.5615595632288200,-1.5184531322564100,-1.7484686599298700,9.483837046928290,-4.715837002006510,-0.08798153769158220,11.553565473475500,0.22172360758781500,0.8745873193097320,0.733426238639022
0.7835803916877010,0.9786676277781590,0.667033971759577,0.2893317833826320,-1.2463176514720000,0.1356260839444360,18.546965197436900,-8.263870425765910,6.860063515996350,7.137220181345150,-1.4059698512308500,-1.3101569431733800,9.9689316136357,-5.741264658481590,0.16276230649178700,12.461491316112500,0.6010821485604030,0.9657564185294560,0.5184892522233230
0.7735406639228860,1.004966071086920,0.6627235273179810,0.38114704984375600,-1.9791405514718300,-0.7052651869371710,13.109806260795100,-6.108890866883900,7.46573164013594,4.719640314801230,-1.2718704376806900,-1.6360673527959600,5.13572407644931,-3.4156340145112700,0.1535579295119040,6.898121615696480,0.2665142171867470,1.1347202549966300,0.9229279228912830
0.7951613666076870,0.935022449034606,0.6595233629778260,0.3308137190402440,-1.4646395039417400,-0.9486181338390670,15.559554236868500,-5.9716882225163400,7.2607709470021,4.639586587425470,-1.8122903716293100,-1.5123047011430200,7.199190697291760,-6.239182121223570,0.15257139288555000,13.324645777150100,0.2279678855737070,0.4290918845070540,0.9621566335662680
0.776154534463339,1.060429927484670,0.6077953929040140,0.4926047330217420,-1.932985867756760,-0.040836392709803300,14.843641254173600,-8.70582264895177,6.751566135661430,5.533096421460340,-1.0818347440280200,-1.9473496639007600,9.34467443391216,-3.9001495998846500,-0.10852763195320000,10.724355519401000,0.18268154175653400,1.0211763716032700,0.6523557410062340
0.6399129768004090,1.0382790921650800,0.5571692131919460,0.4256308947830340,-1.912041242258680,-0.21878318619752000,13.861446864006500,-10.115439688972700,6.472270208470970,2.7318422010537800,-1.2507174258067300,-2.1758975956785200,7.051673183321100,-4.478282499457610,0.1672640796647650,11.725951754907500,0.16162882751876000,0.7124156295853740,0.6525054257025400
0.7854633806006230,0.5473433791286620,0.6015133471045620,0.6444869692058130,-2.1165665340240400,-0.4300354943098740,13.967714091988400,-9.642962030206000,6.466763745444230,2.6283644947627700,-1.185040341591250,-1.6627777677625900,6.177014616137640,-6.009540116480860,0.09062747490587480,11.651184984427800,0.28690338823470600,1.178742597886240,0.37676941230898100
0.7819205838527610,0.859916909932356,0.5828574354598730,0.23395498481528000,-2.4979906582682400,-1.4588351076300300,18.018879945168700,-4.903264283457090,6.0899871281694800,4.6128294496087900,-1.1235813814708900,-1.98773615413745,7.623318486802510,-4.136884665356820,0.09625503860632950,12.822331299850900,0.08394819636813420,0.934387221712099,0.6031104816395920
0.6297279530053340,0.6673827421331300,0.6943613803534990,0.26365149026255200,-2.2274890547828500,-0.7268807002117320,11.895051742726700,-6.285656938795580,6.6753174418492200,5.972080441469960,-1.3114025692974800,-1.9528276503964800,1.6789870635345600,-7.843228057064050,0.11109286905895700,13.748033721926100,0.21679286552159300,1.137305278319750,0.4448759438262020
0.7478223313390930,0.9620262112993270,0.6699684629766520,0.3294772325923120,-1.43492846215205,-1.4202297869634800,12.218190520006000,-10.300112710627900,6.359934074356020,2.0199829675927300,-0.9845240197891120,-2.0083871134389700,7.122111482420920,-5.060085214464650,-0.2513346877159430,11.658684491916200,0.17546113042343700,1.0677677799439900,0.4961257543678770
0.6101891120506050,1.02361923293249,0.6114110518466180,0.574858790472895,-1.4414992892753900,-0.1933225080670330,13.731853546862300,-7.125603139009360,6.471650745882350,5.2330116591183900,-1.996031277245370,-1.6882350522751900,9.2540031675405,-3.455122148278760,-0.06629414492731150,11.890160120019300,0.26173906610853500,0.9013276787532590,0.8609858650419160
0.693628278457689,0.6136553141077440,0.6104203035647990,0.44089680378855900,-1.4834541355369000,-0.5020176464461670,13.471962889542800,-7.947931384702550,7.2776813379830400,6.924063831317940,-1.7324721261822500,-1.7103013967015100,1.9943201080190300,-4.245539438851200,0.13233636905543000,13.852395906451900,0.21179092997389000,0.9565034590766710,0.5600367925853930
0.7720535945072940,1.0634950400827300,0.6952304655595460,0.44043032713626800,-1.2423863922212100,-0.262546098827061,8.863244501506260,-6.425180015235360,7.010745220314970,3.773644583276530,-1.031513288336460,-1.46192776548488,7.17141294979556,-8.515171059242790,0.10212237873355600,10.59262730422460,1.0025599964804700,1.1963061788928600,0.6542734546242240
0.7506238128429400,0.8142524046692650,0.6311913441838490,0.3760243830273130,-2.4048841818703000,-2.0678605565736900,20.554952770487100,-8.717716431060070,7.1922754047698300,7.292769149058770,-1.903942174808780,-2.0292466511072400,9.57944436624832,-8.021097779443310,0.0931452833510281,10.781239368076800,0.08078139952025080,0.34524782153897800,0.8055772529555180
0.6854353078935430,0.6043310974650490,0.693247102772739,0.5382418734902910,-1.2288196472677900,-0.11389434984903500,18.478643728920000,-6.474603475814320,6.998347874426010,5.203605206430100,-1.4061064291646500,-1.5372243889366000,7.785874872379600,-4.887249859276620,0.1913914543751530,12.365592795491600,0.554401071898517,0.5834750729302140,0.40616403634454400
0.7524497716301380,1.0981901629236500,0.6863605286099780,0.6016779070150930,-0.39892450531263100,-1.3244472345267300,15.35874056425720,-8.34523343942545,6.815675173167560,4.270754353700190,-1.4513376176996000,-2.052347835898500,4.831405159421930,-2.9437477135143800,-0.05460175307176160,13.24651466244570,0.22499818089388700,0.9112809958999690,0.7210354002047940
0.762993626163723,0.5364137608102820,0.5953885950836100,0.39111861156780000,-2.348382527926690,-2.4594853251165000,19.58909844990560,-7.371736224278020,6.66612314197923,7.231698862057270,-1.6767778176715400,-2.094600146807580,8.00389659408985,-6.137979432124910,0.004401984376306890,10.06885476663280,0.08444593455756350,0.3360625567990940,0.8386129128105650
0.6722036584529040,0.4874829013854830,0.6746746046537060,0.5723128115757170,-1.8628432446131000,-0.0708761090331523,21.289748129145200,-8.330240531765260,6.65672439942302,7.0032380489916000,-1.7299961588634300,-1.3576561139838900,6.692792345951570,-3.818305553062850,0.19421225749282500,12.189452979668900,0.8081627429079020,0.871380046118286,0.42943491274872300
0.7792533553144740,0.9698293812036600,0.691974028271917,0.41455045666987100,-1.7930861049446400,-0.8087754915240820,19.01857903807040,-10.389578782428100,7.4020861474993200,3.8566582109569900,-0.8348831906500600,-1.587657054688120,-1.6619379792330600,-3.749140012822880,0.023759085298975500,13.290589788513500,0.39009582949190500,0.9051064333979540,0.9884098672541300
0.7189744197205440,0.9840982420955170,0.6684673377916290,0.5734373730156420,-2.3668368249109800,-0.9813103897974630,14.90973116378950,-5.972766879705900,6.341027471794850,3.1037714356981900,-1.6081123161681600,-1.8585819517953800,6.358226989016310,-4.055501675930000,0.07768501655908130,10.936314373169500,0.18268755815329900,1.0049871176266900,0.7416737898165100
0.7584768838101560,0.5807867607382430,0.6827164278792550,0.6195903676366060,-1.0959964643163200,-2.0740530998392400,14.925147112421200,-7.065186956022510,7.333582033114800,6.9321250659638300,-1.9122641114025800,-1.8818408525183700,7.909506267944360,-6.276569715623650,0.1627413073491160,7.500255920973370,0.09638001913671270,1.1422448548348300,0.5508457651057170
0.7647405179478400,0.9600474779886780,0.6265112180858200,0.2593630636995390,-1.3435866963176100,-0.1907589269634280,16.796352281016700,-8.776580181705800,6.585000856865040,2.8601568538966500,-1.0350925961711100,-1.4733467910669700,4.706904069825090,-4.2629384574406600,-0.4284828898301480,13.69489571091160,0.757194005022268,0.7253370713684870,0.9723233861870910
0.7648432927754150,0.8247698596527700,0.619317540389931,0.3751167504292520,-1.2435646388238200,-1.2112581218992000,10.921916904631500,-5.928953196503150,6.81563942478094,3.8306066939671300,-1.7374291466978400,-2.0829630228250300,4.506263693440440,-5.542532783113190,0.11940982810527600,13.231756515477400,0.134947622001262,0.9282165480784090,0.8075712305227900
0.5254169280617800,1.0536712194206300,0.5341751417519330,0.3556822731052780,-2.0791725147784800,-0.1926419520076620,13.112642187135700,-9.271366550468330,6.3468502705280500,6.569668312473760,-1.568980173364510,-2.0913066566783800,8.781961898784590,-4.404098287775270,-0.2259410538816910,9.53196282339092,0.15201381978410300,0.7618620102385970,0.9584159453437490
0.7062072265329800,0.4057648512388260,0.5737584674611220,0.47693447256370300,-2.0606078191316800,-0.017433158784526900,13.752871798595300,-8.101235956524350,6.094189875059840,4.342314260164260,-1.7094288213617200,-1.3731535869284400,4.139348527309800,-3.264083579639520,-0.38559910564084000,13.852160857364200,0.7092026126174430,1.1570146699471600,0.4216870265876820
0.7252958097575470,0.7752196957063950,0.6283196164392890,0.2988175829601770,-1.9915372951376100,-0.058370854807772600,14.15874532626690,-9.5192446303588,7.155067035782570,4.01202163846803,-0.9905937048173310,-1.4138343548220400,7.465767218536620,-4.608599600698970,0.06740361593932800,8.702526624962830,0.8115720857757570,0.66711600187881,0.8727399183739870
0.7193965580656560,0.713596911769954,0.6200682517374820,0.47578423895802800,-1.528425187559830,-0.22883343573071800,16.770671071589900,-9.0108201404935,6.74995516194085,5.766926004525370,-1.1814519574045500,-1.6196972480312500,5.253799452106320,-2.8478906217050800,0.013395005488406900,13.558745996203900,0.26442844347640400,0.8397696371720120,0.9028130393427590
0.7432435379976160,1.0297378840291400,0.6336982501834270,0.6946825245429150,-1.8530845247583300,-0.45782348090182100,19.552991922286200,-10.860247399001600,6.190797794964900,3.6756090232812800,-1.033582105047990,-1.9284654285574100,6.517714081418250,-2.781410841111130,-0.1106367739966670,12.449577220808200,0.1646786767263990,0.6702711717846770,0.48670302063159000
0.7001590988941800,0.7965895276131920,0.6563147895208140,0.5709636758484510,-1.396170198213790,0.1855464227553880,20.632250992330400,-8.643946557232970,7.961996981089390,5.121941930415420,-1.3802437363256000,-1.2935091438206200,9.319349282496320,-3.0442820005994700,0.19679910969332800,12.342810967845500,0.6702484312932830,0.965276270705043,0.9927048112299220
0.7580313732430110,1.0744493788042100,0.6225884563542470,0.43429870843545200,-0.9321062129919450,-0.8562455251978390,11.24152948461470,-10.034750023677300,6.544916285078500,4.908379100551520,-1.319654366456690,-1.8861758287672400,8.213788555913940,-4.804692848448440,-0.13534971964439200,11.848307163942600,0.19039774086326900,0.9548748208127530,0.5360210088165700
0.6381420884447200,1.0159814837109400,0.6451787983799940,0.5609417245562120,-2.4851468551206500,0.35542291292293100,10.258140530598200,-7.62196627487587,6.299790557241710,6.311359867546450,-1.5542371045769700,-1.8060612088059300,9.125040727424870,-4.496531914620930,0.06785405381707730,13.847170109207200,0.2279710722073710,0.7824604287168870,0.5235281196120940
0.764883330636604,0.9805388250969300,0.6754908568108900,0.6808171427982640,-0.9709464078811990,-0.808055367109927,14.02680472584250,-6.450643610091890,6.518396755603180,4.827805118870710,-1.4679098749843400,-1.8869103143674300,7.973778345854220,-3.879439145585370,0.05874534472198980,6.552749051367680,0.14901104771141400,0.8680431801873500,0.9179174927195330
0.6256432597966150,1.0402923395295400,0.5395893412593500,0.4055585546833420,-2.0156827960750400,-0.10329348551380100,14.097785234646500,-5.959857158273260,6.588341793951660,2.3307861934433500,-1.561541329512730,-1.7553796828497300,7.018646984532660,-5.159071061152490,0.1763204053787730,12.347515185473800,0.19587152321243800,0.9187276252556660,0.8636914601422220
0.7569664040288250,0.9445357669492260,0.5650448556517010,0.5154386487122770,-0.24738689815386500,-0.44363975225471000,16.052167148539900,-9.442983820655280,6.355801326496640,5.8234604470537800,-1.338401071101970,-1.7441318559411200,9.797758105792600,-2.981182943088070,0.016028979745311900,11.257598508755600,0.5215411786692720,0.9756043322858980,0.45985268303366100
0.7895228313287690,0.20240564378928400,0.6051452325369810,0.4973810561424410,-2.342818214792900,-2.2306938735311600,19.650271357407900,-4.432579783831770,6.701734115669220,6.323847666906650,-1.5410467293092200,-1.4577838865114100,9.121942904440170,-4.303410017982600,0.08125412677118110,8.70859467373859,0.10554318523568400,0.9842059556303930,0.8024373241955670
0.7290283430997610,0.3903197131190900,0.6582698635970240,0.3448201330594210,-1.4373646884908100,-0.3246664193459250,17.199227334732100,-9.20839647549363,6.7768755478439200,7.927910310715540,-1.5614454107859100,-1.5480558396033700,4.930351740045680,-2.9115731387972900,0.08774148541765650,12.904677335272200,0.2583563771409140,0.8506833203898450,0.7333638108591130
0.6058715205614100,1.0375545415796700,0.6161199587162690,0.4785502849721380,-1.3677757054199000,-0.002471588394106160,8.397004134580700,-5.97251613074939,6.523460404847170,7.302231791700930,-1.2657324853194600,-1.794257035733640,8.379176107285720,-4.923226399845980,0.08037439959799750,6.087853312573800,0.2915704370542420,1.0088972385233200,0.8677221295628320
0.7939291543321120,0.613997535133716,0.6136429167812950,0.47880142319939900,-2.3912744649592800,0.21417867958674400,21.763447553662800,-10.246316832511400,6.994862808551290,4.624399307633670,-1.4549677350992,-1.36579761483437,9.246800577934100,-2.806544909171940,-0.24096618991155700,11.211382237296800,0.3557822329929120,0.9868371516124870,0.9472617425127050
0.7270294076818340,0.9029166229868480,0.6545865723565020,0.22997379009306400,-1.4965928011985300,-0.7230289617196810,21.598504994462800,-10.023287338604100,6.092678394022860,3.132021852129250,-1.9609399394037100,-1.9333807170951400,8.98723075575805,-5.597988263644270,-0.17567515644563900,9.5332748349878,0.1499632029728690,0.3728303978731440,0.5159429566742510
0.7630987050079940,0.7874188506333890,0.5880717681691370,0.5289658529231310,-1.1097807458798500,-2.2933558203230000,18.495305751350000,-4.5011108278664100,6.071356550609860,4.757559152393620,-1.873040158432370,-1.92281069705924,6.079470147314,-5.780343648279440,0.15260885264933900,8.843220078088190,0.10948321023643200,0.5270241367156400,0.6400270541156230
0.797302914547676,0.5475851560902050,0.6521079284389410,0.42759254051970500,-1.023428272391030,-2.0724231156349100,19.873450551709400,-7.888807190528120,6.3510873198392200,4.687920309517050,-1.289083901337070,-1.806567664948280,4.60717109426704,-4.6006375473444000,-0.0966307425690577,13.508736139838500,0.13254575835563300,0.5919525536347250,0.7035816095858200
0.7000179879680730,0.6118080758301630,0.651739218334055,0.5436629618038000,-0.8130061726192700,-1.9482909694608900,19.678146055293600,-9.698766355442900,6.411228883759250,3.289737191191410,-1.1744103156504600,-0.8695246407228910,9.048873208016850,-2.6415264258751200,-0.40359363908204400,10.121920781890700,0.9286707993030160,0.9588458743739580,0.5037139089622700
0.7953178631997100,0.6858116333533850,0.573689623912409,0.21806620993808400,-1.7948526818961900,-0.4362538243764450,17.256897419234600,-9.928413714150500,7.194648497743740,2.6782076971539300,-1.8149723659733800,-1.8119148558628900,9.83681965346533,-2.559278067292340,0.06421979648116830,12.45379546456080,0.13138591879415600,0.9976612113024680,0.9541421112533710
0.7395644654161780,0.6726085423551090,0.5800840680335290,0.47627753833012400,-1.3071961109119100,-0.5890588693916080,13.188730074818600,-7.728064566279210,6.624490593131660,2.746232900914560,-1.9837116727677700,-1.4603063434947500,5.839918989322780,-3.2190302757548000,0.05134315269206740,6.912678694829140,0.26003560185891400,1.1799592528970000,0.9495637400266500
0.6605306255947580,0.39108550221270300,0.6434434709365350,0.2348903409258820,-2.0981550567067900,0.202767030204676,18.74907580609000,-8.567051446912190,6.341001746993690,4.018228643978520,-1.6218517123814500,-1.8221889088059200,9.88138502192327,-6.157042762697590,0.13137296272770000,13.535072913905700,0.1783141840474750,0.9414393692535770,0.5767813021690050
0.5824695893356700,0.6613741046373320,0.6791427596583050,0.43182581770549,-0.15002303825301100,-0.7046036942706560,16.914166347792400,-8.390046817903000,7.398816694938670,5.534580070408920,-1.713417543174370,-1.4378570284505900,8.93121827803833,-3.2275659061362600,0.03261989647961980,12.143144852541600,0.6761300078370780,1.1120853531460500,0.48160813904476500
0.6821216039693830,1.000852314104540,0.6902565219291050,0.4869084265198600,-2.3912667664290200,-0.1688373621172440,10.14877339816730,-4.769786542512360,6.834367846549100,4.8457196404986500,-1.9689753488519800,-1.4931542312116600,9.86018358723563,-4.80357944126397,0.15612316434542700,12.570682463732600,0.4134258181100860,0.7917289443161580,0.580815948841352
0.629421975047869,1.0453281643298600,0.6886999498924800,0.3441759866018960,-1.838172660262160,-0.8014308101545750,12.26270413494520,-10.720426292253600,6.437426865722650,2.8107757972982300,-1.4851689163482800,-2.077997646356020,6.828548033988690,-5.842270920596350,-0.11119334316794000,10.498784967575000,0.1779298930357470,0.7207157596512780,0.4484931245676330
0.7327880996777870,0.9990942246997120,0.6648629822694580,0.29486465696947900,-1.8150187782541500,-0.2688467553114870,15.383216546512100,-8.889392542301420,6.098472094797630,4.895983226076120,-1.9833250691070400,-1.454714951134520,7.783328178844580,-3.3582271688098800,-0.2373961867240970,13.480567866100500,0.319832558595216,0.6849247125589060,0.6282609274656770
0.706980723660042,0.9991909682657180,0.6802835899317180,0.5322789735161290,-1.3928862698301500,-0.5404245758953080,14.715795533818300,-10.433371163866800,6.928963204838720,4.686635986371810,-1.489272911834090,-1.7287644569233200,2.404151227363520,-6.722368334190360,0.05573933793580840,13.023084505846100,0.22683112084537600,0.594169866371459,0.6806508257933830
0.7537578293865490,0.37829536172122900,0.6448575107219720,0.6968391048679280,-2.3429728187915300,-1.1871214062352000,18.804325755858600,-10.5530566975517,7.004852356718450,3.1959467414172000,-1.3496398269547100,-2.1035247742891700,6.613718266448740,-2.834939830674410,-0.2605414444168440,12.864954239140800,0.12839715270369800,0.9038943748794030,0.8414298023635870
0.7636013127014810,1.0084681764184300,0.6685756654955190,0.5765430486695530,-2.2862155268984700,-0.1615386289641370,13.071193577186100,-8.182055432932950,6.4730792027951200,3.9523979940406700,-1.1539786128700300,-1.3657665452324400,6.000069915649240,-3.60226309351327,0.009448894053068740,10.808205023668700,1.0296067181297200,0.8706390668480370,0.5340182093340520
0.6163920443488090,0.9923033282556990,0.6783141301991760,0.6384776207794190,-0.9032320805463700,-2.213185043121030,16.98751377538210,-10.196494863169900,6.1958347023448900,6.058464678227890,-1.1344711730516800,-1.243632588421450,-3.5686070145276600,-4.964173223558650,0.1651594310472420,11.388915667044800,0.4787021773601460,1.0233089935610500,0.4599328974895470
0.7701890217701610,0.6237063217376810,0.6553189456944630,0.575837811920952,-1.4389097951047500,-0.33506078499482800,14.763807756618000,-7.622412923843760,6.76334629636221,4.472796720761820,-1.580011941987610,-1.5481232767110600,4.827493923518400,-8.216714660804440,0.06764465600884760,13.653855966619900,0.3438760818019050,0.6665498163556480,0.8979256127849700
0.5938019937477250,0.6311111323821560,0.632615056106302,0.3810109399766250,-0.4359204200800840,-0.0019548809856571000,10.355960616754500,-4.908880698004030,6.316218584222570,3.927314922235860,-1.378560611394900,-1.5619053649267900,8.769714720754250,-6.4441150125257800,0.02998071891329230,8.07680352909995,0.8523155495790230,1.0628733652318700,0.7690187549148690
0.6646400834326290,0.6156357190612540,0.6657780381252910,0.5584474324686460,-1.7588077635373200,-0.16466245576948400,21.22333609694180,-7.523063598439330,6.904004119709110,2.3752497013292000,-1.6162272431516500,-1.453847369325730,6.944620191672810,-3.5714638284329700,0.06800283183433560,12.996603012463700,0.5074310879152060,0.8570000597031470,0.4313325387655600
0.6572563820635440,1.0052402786613700,0.6085740321261180,0.5850344111807470,-1.7771570514912900,-0.5344522925876360,18.012463990361300,-9.475527917575590,6.4758367913105000,6.466125012484450,-1.3653198532586900,-2.0017072294092000,9.014212792149230,-2.266453797334890,-0.248131833835427,13.410332586559800,0.17579884111430900,1.0817113204526500,0.6274025280076470
0.6928318248116350,0.9581565480325590,0.6219072654614780,0.20542868905198200,-1.5210704608939500,-0.13986924668264300,16.905348922621200,-10.957306813296900,6.1593862808138,2.2272595039978200,-1.790040446448210,-1.5514301499083000,6.213446110264630,-3.434686119172390,-0.4275428696803690,13.640793517756300,0.3598069556719790,0.8711899344164580,0.6855192411925720
0.7245799461553210,1.036241897704810,0.6797427918154940,0.37539394063164300,-0.6362938068772200,-1.1914223296435000,13.580474495808200,-6.411298660171560,6.9203668865185400,7.742553377212480,-1.9838064267703800,-1.6834271176530400,8.831006732746820,-4.324200377851370,0.15278067390720900,9.486190622723590,0.10708746758819400,0.9094178586148540,0.4806859405880980
0.7116291815571170,0.7840530447238970,0.6550459270614630,0.3758269087262190,-1.7440622296496600,-0.17549970533324300,18.037660855226000,-8.228645437113610,6.72975518879525,7.679040441643440,-0.8494136243723230,-1.7237354476197600,7.110372399465690,-4.970921108384010,-0.05538209787066160,12.520068431682700,0.41727981971644200,0.8641838116182360,0.8270210735285760
0.7701955826603830,0.6038011556263810,0.6893904296373150,0.4564848691635310,-1.6420403336063700,0.05033157584852930,16.731859661992500,-9.357735648969030,7.1962559339163600,2.131388426769990,-0.8791816704447400,-1.4232702222946200,8.279057642165540,-3.5858247888630200,-0.004038957770555520,13.717164604462100,0.5123150593823900,0.8844770541067130,0.7308037537765060
0.7821809296200370,0.41524664254422300,0.5740554922352790,0.4545336446346470,-1.9937577682605400,-0.4126548454527310,19.00482053081400,-7.782477834456180,6.291957611237400,2.127178636764510,-1.4489900433014400,-1.6924338857553600,1.499937646326860,-3.588408698566630,-0.10698845871736100,12.846346528962500,0.22086180051913600,1.1286506257258300,0.793629704882817
0.7757735639052680,0.7836646620625050,0.685470256405464,0.5006135768481500,-1.6958375426274600,-0.06072636877240110,17.4950732810166,-7.7336572630786800,6.751685707501190,2.8625463029821800,-1.735178683473230,-1.301994817683660,9.697375211915860,-5.8667062892625700,0.09337886827632970,10.085591476587000,0.8847330090743920,0.9736821963682550,0.21048590034714000
0.6997543064820380,0.9607896270765200,0.6552198331778030,0.4038492216264600,-2.048436680826370,-0.3180428388443620,15.485294637975200,-7.76151762690496,6.633290205665810,4.503762105961380,-1.0422091065111400,-1.6480636209652700,5.838736223279670,-4.932080290984230,0.13040084107784700,12.644499741768600,0.3122902253531360,0.693199484145937,0.7666434996210060
0.6400049148483880,0.8440897219557720,0.6651626824191520,0.5132446821408240,-1.6119833134423200,-0.08090939291880550,14.722530500313400,-9.296182693576500,6.688690898549130,3.7186335405963800,-1.5952940339104400,-1.6180619992288300,3.7288209482984,-1.756516449202790,-0.36748422259716100,12.955395980304800,0.31475483177017800,1.1319575131111600,0.9734759841071930
0.7668706873953200,0.3942556196263160,0.6467857582139540,0.663659128861105,-1.89148348506808,-0.15807167430270100,18.513611631949600,-9.760237600111630,6.877390305591630,3.7666480661977700,-1.4082214668249200,-1.336395665312050,8.262511894633690,-2.863570253516040,0.023200555764547100,9.156858753887200,0.38233449798222100,0.8636232918518740,0.6470568630467750
0.7406117907174590,0.8111829252205850,0.6810860336797780,0.3818287896341860,-0.4800868848943310,-2.487932986072400,11.250628780563400,-10.705472267658400,6.203115817125410,2.9584940015078400,-1.7438601106095100,-1.9746681400532700,6.318893654549720,-3.3284752869607200,-0.2876208656703310,10.290842328257000,0.10047174172173500,0.9978624693250380,0.5662793848154780
0.7494049243855730,1.0872337436425600,0.6165411244401560,0.35933273888847000,-1.7078403105092500,-0.15504345571425900,21.80128496488420,-8.191681000969890,6.234190657973950,4.917630056408430,-1.5467162765408900,-1.9902003325370100,6.451719727324940,-4.602667936722150,0.15291284208395900,13.887340062142800,0.22761511877549200,0.4557211646617180,0.6399725261921660
0.7729276346720120,0.9388755557400030,0.5928380553388610,0.40856942381514200,-1.4505477632186900,-1.872887345662330,11.943413616081500,-8.696409920275000,6.611678747693460,2.712171050652460,-1.9461781374264900,-1.7027771811970200,5.4824272684386100,-5.157698461739310,-0.40477090792993100,13.935793257092000,0.092877328190525,1.113502919431050,0.723298509469471
0.7058488156950750,0.8427063984263640,0.5901940009321800,0.2576155364013120,-0.8961413006860480,0.08947817987920880,15.3793883960732,-9.234430939401310,6.813484530394530,4.391101190856040,-1.5756706095446100,-1.4414162906086600,8.92893224837585,-5.3744625868157300,-0.018617177679912900,12.50181562990480,0.64505320684016,1.1570555741120600,0.4790146231662180
0.6604839932049720,0.27148958968796800,0.6858255792474060,0.4431389209217470,-1.504485241749640,-0.2354571485031820,16.058640963018000,-9.691973212923490,6.5262679361653100,4.294601298394350,-1.8174197432987500,-1.6945078648761400,9.227918433217140,-2.975888316830380,-0.13101510136054500,6.023632719043820,0.2546205893968350,1.1311930071768900,0.5095812146066880
0.6548791922409540,1.034709008512460,0.6005526011296600,0.3277705501937110,-2.4470838443307800,0.024501465030642300,20.22665952297610,-9.531735286463480,6.815577381942710,2.039637532572550,-1.7015523342951600,-1.7174098934326900,6.91929774187266,-2.7900451756909200,-0.012172307499876900,13.013627371990100,0.21044807355568600,0.7253462860273190,0.6648865719247970
0.7076945364253990,0.6560386088006930,0.6483313525860500,0.4701426566067540,-1.51721647761505,-0.22362918984899500,19.81568920741300,-10.729849844672000,6.0490059875008600,2.902445355604420,-1.9599081817276800,-1.6393712523028600,7.3654952339849600,-4.435050971366370,-0.27780120482067400,12.548845706682000,0.26263149069699900,0.5014063025419180,0.2975715229149640
0.7816788437894190,1.0691761804365700,0.660025827661493,0.4321207206875960,-1.8882682678958800,-0.09852263661441530,14.361029437682300,-8.606379264303980,6.436949342210760,4.825282493856510,-1.9979115711293200,-1.3064141878786400,8.680892208405540,-6.36802946873112,-0.24117396021889700,13.499154856326700,0.3630085736681700,0.8352351980227150,0.4508134210654280
0.7875860962106220,0.8268595166425690,0.6539055150424960,0.39754699531291900,-0.7821616662587070,-2.996900767174140,11.551773553633900,-10.160018789059900,6.365100287201470,3.1266290266863000,-1.523624103217110,-1.632875212949530,4.589864896572030,-4.002288115245570,-0.42220381848189200,12.871832688232200,0.1136759475329540,1.1724567749286000,0.7076895866807720
0.6139656838199060,0.28440034806130800,0.583211462334957,0.3281842681006150,-0.9294328139848570,-0.311823502389331,20.783807388191200,-7.647907457133400,6.472074110688300,5.930006547252010,-1.7935004523534300,-1.9255544443798700,2.41810702553268,-6.947265870261440,-0.16730014329901200,12.851041784880900,0.2012382276358190,0.6661569244078870,0.9524018171851890
0.7818692996131770,0.6002769248054060,0.566128095706919,0.28204120680408800,-2.034258003138870,-0.8265873363790200,13.014701351214300,-8.935191083223990,6.915755073589510,2.2946712484840100,-1.4448575448086000,-1.7438430510632200,5.07260398712006,-2.774144048672110,0.020434393418110100,12.985484798006100,0.14438095532131700,1.1674689357071100,0.6448897310832420
0.7559507334133510,0.8545594057524870,0.6307565400507280,0.557160831864398,-2.2459681574307700,-0.6256523703189140,18.975359919323200,-8.831826102338120,7.8105367194187200,5.119998423731220,-1.4101309642892700,-1.731556220476900,4.166497157299280,-3.2555457764562600,-0.16531447247801600,12.943749249055500,0.185818709873468,1.0217860887169100,0.8440664486734380
0.6835114361153840,0.8862239067297940,0.6870779660843320,0.44184703029028000,-1.8952569582539100,-0.1898053958825940,19.243491219419800,-6.986415537918360,7.805518858435150,6.434118601950530,-1.7549044633947500,-1.5002288942196400,9.365943192389560,-4.312011570442790,0.1260408832669410,10.730442168815500,0.39223138046863000,0.6398290277784460,0.7271148388487260
0.789555696199915,0.8603757764235290,0.6576996809821900,0.41406738326763700,-0.371160947380906,-0.30429973450684200,18.213031132633100,-8.918208850647630,6.181565673938300,5.241347053075920,-1.4198699767112200,-1.4390991129380300,7.612487491318020,-5.2313715084559900,-0.01694900498244410,13.032894834430900,0.6765517916330200,0.3865974026839590,0.7301914732382750
0.5630903910407850,0.7005638463781260,0.5582815486689740,0.28284712398725400,-1.681980158720020,0.08238503087356170,18.309375067864300,-7.30360724049447,6.580117996003170,3.6215388576179000,-1.4789649790438300,-1.4307544221759600,7.594336252559230,-3.621603331061800,-0.07091587307699720,13.213426788652300,0.7051844311295240,1.016848528338320,0.7031673945707690
0.731504916360308,1.0765181574582400,0.5380272399179860,0.5772419475827690,-2.4632609077176800,-0.23054661137679600,8.619560741729540,-6.992724243785180,6.255845468071570,7.7627365788533400,-1.680581692642750,-1.7516460518285100,9.770816401075460,-8.062079017976780,0.19301326257846000,13.207730505732800,0.16790051386185700,0.7032400758413430,0.623299235637994
0.7297022770509140,0.7879169415410180,0.6078639542834760,0.2564314537463560,-2.4686034978817700,-0.40399599295026800,17.04713197544220,-8.09612519219356,6.512422881971350,5.706341741137850,-1.615005334891070,-1.4270043556613100,9.69383805203458,-3.7667712986710100,-0.10289865531249400,8.698674687237270,0.4188529822925460,0.792028594536063,0.33886766759412600
0.6853108453026070,0.899466340426666,0.6295762340910810,0.659371478630283,-1.700930061396100,-1.376398963605510,18.711323831088200,-4.84581053592552,7.091937425363310,6.123998792590940,-1.8268966652475000,-2.1489684275609300,7.59430264984411,-4.607763506629530,0.14942336271308800,12.397388160075800,0.11277362946869600,0.9345283214734030,0.7094483023890480
0.6249039096098420,0.6560378175979660,0.6752582272329750,0.5851211861843070,-2.0465733287522200,-0.23803050998040300,16.25582246234550,-6.628448543317170,6.12530888553292,6.915506870747970,-1.3125899224094100,-1.7821928432374700,9.222852286670970,-5.149727644820710,0.15682009665918800,9.562623490788500,0.19429507597519000,1.0109652674329400,0.6675209116623210
0.779468578181636,0.36383117839177,0.605418854574874,0.402502365557698,-0.5465674435180800,-2.9821135889084600,19.31051675378840,-6.948756166319820,6.298785248351970,3.0090443296115000,-1.9921244646246800,-1.8071060333176800,7.424509338890470,-4.325148393596060,-0.3082149768455100,13.044732618346000,0.09528299413281310,0.9989937373640670,0.876039711313481
0.7679195941678070,0.6051694716772900,0.6808968532770730,0.609866533761987,-1.836761946238310,-0.4835027978415640,19.28325882905400,-8.485909319131920,7.083915423792970,3.110384364521490,-1.430368189316590,-1.568727495962000,8.841709078205580,-3.255901969287050,0.1457027005926750,13.458407785152300,0.21334389000858000,0.7251347369173180,0.5440146704648730
0.7288606692689580,0.6723693351804830,0.6964459418005570,0.6414285223890140,-2.0540071821927300,-0.31122054217618900,18.958442971536600,-8.048694957013520,6.387602125833240,6.658966383298040,-1.18425266169564,-1.825370639123990,6.9517925063606000,-3.1152181206324000,-0.1397414217317390,13.327494404383400,0.24665067476628200,0.6188568173756970,0.8843062633079910
0.6255137736665580,0.9229057389978570,0.6775761410289820,0.30128153850012800,-1.5585946103204600,-0.0263577647848957,6.698398485633780,-5.6839549332278200,7.358374197991130,7.659717777094490,-1.9004421951886400,-1.4507469837917500,8.17263697163966,-4.196249597975880,0.1577061038993330,9.34633059135818,0.6832853939102660,1.179281960840980,0.8301362037955380
0.6832052968838830,0.8378519145799200,0.5818877876374400,0.609317776749642,-2.470394676483270,-0.21237790175711500,19.054455507467800,-8.818003464190640,6.454305755600820,2.5771980899802700,-1.40642146064849,-1.6431617780317000,7.484647705741950,-2.7597191196370300,0.1100897833004790,13.427239437898500,0.2337400144262870,0.7113888229418330,0.8049900803677980
0.7287074524900060,0.7085914539100360,0.5911743320020040,0.5258966257293650,-1.1725653210805500,-2.9782796880854800,20.588072647425900,-7.739066845892340,6.497701645122740,7.997308871932920,-1.9020739222698000,-2.1732348648220700,8.214501445568550,-7.133857789767970,-0.11716642040012900,9.695477021785330,0.0880971392852789,0.37576119279267900,0.9738406750546190
0.7718781241094230,0.9436625597810110,0.5702996472124560,0.3737617897952270,-1.8853390481213500,-0.13555430322250800,19.30590915356130,-8.536945198470040,6.35997400721098,3.6602889477288400,-1.6961870459508800,-1.3309091479254200,8.10133979103154,-3.8980108079468,-0.2644977846690410,13.791871207726900,0.45219820561725700,0.6306823386109180,0.6443489073234260
0.6320640043169220,0.6798096863064380,0.5663069281531750,0.4272004495010540,-2.3106545154833800,-0.3254155579491110,16.808847880866200,-7.098275917728640,6.0440430512721400,5.464718551265800,-1.3754032659381900,-1.7453090269538500,2.856312108325810,-7.148646060312450,0.022164502918278100,12.05704014451430,0.22694522643463900,0.7047358298664760,0.6954192015955720
0.7378538268863280,0.9174968842703480,0.610176032121504,0.6161842608818620,-1.8962240497371000,-2.6522575821297500,16.717051035703400,-9.019934591698350,6.685828190295820,6.7687896611272800,-1.5098649742737500,-2.0043918216616000,2.9307140935551300,-5.083411426337190,-0.03691590872741290,13.38791348499120,0.0811661204775329,0.7186086941352520,0.7493873911527180
0.6234380024013500,1.0030365733984600,0.6804274398372230,0.20383846249889700,-2.2871078971315600,-0.5050343544380550,15.375988952957600,-10.799238437931200,6.467242028226670,2.14387251742498,-1.7533904440203300,-1.8906405616446100,7.9539556126084800,-4.95762580913599,-0.1861692177771710,12.753148251277800,0.20347848396180100,0.3878926319147390,0.814983464021254
0.7506750244397890,0.6415242328088040,0.6355162669970900,0.24279278103005600,-1.7691784105106300,-0.2878439435724610,20.55437337070680,-6.9096630243598400,6.8598187476422200,6.837380756462440,-1.0334381774731300,-1.5454636985768000,6.480823704702300,-5.745836997501260,0.0171646814744415,13.240127047014000,0.34934509949870300,0.9598984964925740,0.5822256216217530
0.7808404329213760,0.8758106272509120,0.593897382248625,0.30931432854580900,-1.1141575073595000,-0.13790886218182800,17.882943942281500,-7.562337779334990,6.242029088312080,3.8945438983987600,-1.7979860120429500,-1.5400156780674900,5.10191906984342,-4.328738132011930,0.141989658840528,12.716977862310700,0.3396344821099930,0.9831479759350720,0.8075239982107390
0.6592009360160500,1.0647354357010400,0.6826082104189300,0.4312583121357530,-1.7303671176865900,0.11460635370436200,9.55145316447099,-7.758553421040090,7.471201117444710,2.1397885302429000,-1.6890162565423200,-1.3124320460706000,9.760265669832570,-4.869689115413100,0.12229611562207000,8.22401188654062,0.8508305411997970,0.9709738705238300,0.986878114556242
0.7182824130836510,1.0551845945156700,0.541054897578663,0.3861482343110350,-2.432355814324080,-0.6388817187501090,13.918015774675100,-10.552578322572600,6.88602351428012,4.859818011740190,-1.6457078616387700,-1.722439859634780,0.9330152431711870,-2.452300270127720,0.0177179152706153,12.104456217297300,0.18869494813681900,1.0621778298357700,0.9274189462903020
0.7941804214408410,1.0050697437028900,0.5959521026919360,0.3928505194244820,-1.7289709403028300,-2.0796703952796100,14.812963623213900,-7.561534308031270,6.303576764513280,4.302687766432850,-1.5989716399931300,-1.522689962560360,7.920315993761020,-7.864043168618740,0.0898084077442515,9.43996389482627,0.12214351372064800,0.4755337068017210,0.5016491753861020
0.770272055869822,0.9848292458535580,0.6938156831496800,0.5499971861391840,-1.1870197574197800,-0.2940044332394730,16.555621462911000,-10.856683470697700,6.254430886459730,2.1542829042578700,-1.1981682376320200,-2.0441705081023300,5.884046217403710,-3.5386052172744300,-0.1389248446499050,13.266246493058800,0.21068995607751700,0.820872770980382,0.4546239922009330
0.7849879853513200,0.8193473823085150,0.6336806452181200,0.5231153708403750,-1.4605138651966500,-0.5492607792228410,18.395875940177500,-9.898629367249920,6.635690042413360,2.6042460673963700,-1.4993206482595700,-1.6331621141849700,8.199624981837460,-5.1980241243903400,0.10487725272396700,13.55726348955220,0.16824644209323600,0.7225424541792840,0.5668308380817410
0.7129814530841510,0.3435068431223510,0.5943515887638180,0.5875120525507700,-0.578156252915318,-0.7778729414457910,15.86417136550940,-9.705011377936890,7.067125604274170,5.557646549116550,-1.8337518392651300,-1.7103414761579700,6.183618549637160,-5.253583810611110,0.014582835147778100,10.04893520362980,0.13675605211494200,0.6936345146011720,0.9697143918985850
0.776968104697242,0.8918606087400190,0.6513689793351210,0.3017397020763620,-2.3669396001049500,-0.6187097833232890,19.345776464778500,-10.4023053863584,6.268909124420110,4.166132074071690,-1.2089759428108300,-1.8357407984076500,8.351856973036530,-2.5549987419751800,-0.21233641013452400,13.196603058893500,0.10139478931860200,1.0625944805407000,0.2914287899776650
0.69533826142637,0.8146544365232200,0.6249468201677180,0.46581077282540900,-2.3071141565135700,-1.0603491345545300,9.273755577594050,-9.159152211296530,6.470991485444520,6.8500978505628500,-1.652605505727780,-1.8709232164054700,8.537017100113040,-4.001906480222680,-0.11574895667103800,10.393231813022400,0.14315217230662700,1.1542218514059700,0.6307324813281780
0.7409638190507970,1.012414920911400,0.5481389099974180,0.2687213319160700,-1.1454426106815900,-1.7841127788003000,13.711080920746200,-8.387815161982040,6.257728993372150,2.491117742317320,-1.938496164723290,-2.04719807549506,5.265781370269880,-3.780293680289120,-0.19302300964958300,12.014089516663400,0.0997437343921847,1.1990159248066600,0.4899659734010840
0.7096955546474280,0.9985783106498260,0.6677506928796830,0.2461590791654550,-2.240161602177790,-1.7877675364123700,16.727009321316800,-8.035610539489310,6.803778509366100,6.568216649944550,-1.6671150476623400,-1.9152368687070300,7.843816492345420,-4.870297247847980,0.1427622154693250,7.9217268659710700,0.1337669199806300,1.1647073491188400,0.31089184820474100
0.790825973619748,0.2283859815436870,0.6354932073465310,0.6013826692229660,-2.1401990015374200,-0.31593971139909000,21.303221480562900,-6.989945459370510,6.291359782814490,5.897162360949570,-1.2260315588228500,-1.6191657905448600,8.17010587711894,-3.6759208729016000,-0.11315675390823400,13.062562202533800,0.16838485909884300,0.5955020546897440,0.5331038812911270
0.7889279692536110,0.8365303042915020,0.6727139187634110,0.3604532167676290,-2.111335519775490,-0.21464055155260600,14.332308928115200,-9.144739476392000,6.737637844448240,4.351371402497880,-1.6248437515480300,-1.3497385908153700,9.051887523197280,-8.571807146783840,-0.10996761525760000,10.321210567497700,0.2559045280161570,0.9662837086341580,0.5878978876609090
0.7286105799854490,0.9200675577798860,0.6360806494616540,0.4577276700138490,-2.478413115463800,-0.5525402899481090,13.979859289444400,-6.423117660767680,6.9305098742891600,4.129600788140840,-1.876046039731870,-2.1965845830250600,4.432591761669090,-4.341581804571250,0.19883037168124700,11.892477791979100,0.13709127926864100,1.160673204888330,0.677404480730472
0.7871803185095390,0.8533282932270160,0.6299325088438560,0.5469688530630720,-1.5886919201097200,-0.4565383075649360,13.686705865665600,-8.323335412519610,6.618118969541470,3.841957285458110,-1.202372589587990,-1.5264054991344400,5.87237609577003,-3.236606506535550,0.11606832061717400,12.330409362390500,0.24635510227958500,0.9828140925290690,0.8100099016665730
0.708092823252407,1.0849291803679800,0.5492367979805440,0.6462123683591980,-1.9577362649748200,-0.4226164704030920,12.78092954814430,-4.781591506036370,6.096106201727990,7.144741772703770,-1.4502854518776300,-1.8092053333415100,7.085640089775480,-6.586634248502280,-0.05290680299306080,9.976066804654410,0.18757213702070800,0.8539668832622070,0.6278330804568810
0.7732996462011920,0.613734693654509,0.6713992329038160,0.575908563640731,-1.9636992456454800,-1.619492808946380,13.605510583362500,-8.020089512784370,6.482180272531350,6.483611935826150,-1.722145916339730,-1.3862475326741500,8.551579540674060,-3.684800054246550,-0.2938115235957540,13.44376778221670,0.11600581082196200,0.897212012295175,0.5095757652140920
0.6844352652199990,0.815213767222436,0.5470162916053470,0.5390155024710960,-0.3504165810351260,-0.48035296519320700,14.582288554930600,-9.563811490092790,6.514455154015110,3.0775871192531200,-1.8827333832210200,-1.54912881846007,4.927874634447830,-2.8827814995059600,-0.2702605435094390,13.85617333108940,0.3081681913777700,1.1303738798997000,0.6863541962067890
0.792900331388143,0.96778530935851,0.6361657644893350,0.20328058862008800,-1.1835060283684500,-1.061855844029810,12.927763762557700,-9.217687919994270,6.303518297268650,2.8908297881974800,-1.7258716241007400,-2.1958099816567600,6.930915434486000,-3.327243814276090,-0.25472256387404100,12.549969910680900,0.15107512106110900,1.1041640508135600,0.5274836846402520
0.5692471180311290,0.4115346248420790,0.640875196596905,0.2939129493120850,-2.3447583439094900,-0.08914273823671350,16.15973581031160,-7.182999343173610,6.175973963248110,5.252152418734190,-1.6064193474978800,-1.5842263114191000,5.609454761727440,-3.4658161888268100,0.07783248079929580,13.71346894045300,0.4445260318363360,1.1271977470662800,0.3408337832089240
0.7774280165126370,1.0179438922995500,0.6757989532067320,0.33991735205043200,-2.285428148439050,-1.993753476370260,13.381898257465300,-8.81706694850573,7.29673186713914,2.7926414283282700,-1.9865907264158100,-1.610012697539660,5.31789737206814,-5.86446904708686,-0.10076547582960100,12.08641944019890,0.07326731362166920,0.94987208260471,0.6500979134743660
0.6660516339861340,0.4320995697590970,0.6427678706176340,0.534968669308198,-1.6296258674913700,0.13681238879217700,17.754195429152400,-10.911087241485700,7.969624964558320,2.0621967228706600,-1.1902822985661000,-1.6555585177157100,7.8717614098516400,-2.9368005382744600,0.1076430331988120,12.662081063104700,0.3122244525580910,1.1849826739162900,0.893946565454495
0.6903652427061480,0.7516534349560450,0.5648761510072740,0.40929504314635700,-0.5029020242294970,-0.33398261606438500,20.273579654541400,-7.868434516319120,6.003747155300010,2.43436705878934,-1.4477583560584700,-1.9568790439781200,7.950816242890390,-5.038383923626280,0.10208827623352900,13.04623862830950,0.2312072984962080,0.7183813213331790,0.5134520809330910
0.7101355339864290,1.0889432921849600,0.6193484540466240,0.3240762790388320,-2.392714064090540,-0.6400656463496320,14.076088087265700,-9.31356836581019,6.77016378159802,3.3978830732729000,-1.7560865734201500,-1.5824510544468000,5.615133688902170,-2.9405297634223400,-0.1889601802942070,13.052277309183000,0.20394922865912900,1.0106547513552100,0.42713424436298400
0.6288515769344650,0.6861604978985410,0.6528996319021290,0.2978394873750820,-2.487759660360750,-0.01861906328141310,16.498311475833700,-9.018615637681070,6.2204782196356300,5.370725954371640,-1.2881149764871600,-1.8324906068798300,6.919990132017790,-5.80060988761624,-0.19181516812496000,11.778756444231000,0.23590205551015500,0.6690196782272210,0.7582550438343940
0.7382386760142350,1.0721864817392800,0.696236140923087,0.26882818349214900,-0.9673206811332890,-1.0370925721517400,11.32397432541760,-7.874835055057220,6.7962498220272800,4.808343270257610,-1.8742363868465100,-1.6375370618598000,6.5594375849390400,-4.279803452570340,-0.1288849021718750,9.404460176501350,0.18980072399562200,1.1965050532376000,0.5489052451626470
0.7181354278335850,0.7276237771415950,0.6188737391374900,0.2590870724226180,-2.4168112300075400,-0.46773963799419700,16.418235006439800,-7.406662932508950,6.239691602167730,7.750223358519340,-1.628992732673940,-1.7369373738879000,8.17466731498272,-3.5958738288311400,0.025779490958055400,12.256104153816500,0.2100231961235480,0.8381206931449890,0.35730114028362200
0.709972380531176,0.6344936408640690,0.5957370408194380,0.4975255724807230,-1.8545299517832500,-0.3906517993543880,18.910410257308,-10.016345076014600,6.106461411031740,3.7468133337487800,-1.5688480098033100,-1.6627155416223700,7.808129689164090,-2.9377622772152500,-0.04250662695443710,12.019793662267200,0.14521381925576400,0.6479684786172030,0.4863913020187900
0.6959140379643170,0.9497558852040840,0.6879438885745190,0.5472846505586960,-2.136908718971150,-0.9672017724702710,16.8733323731095,-7.72371534824491,6.443778524901620,7.062813337386180,-1.933423781844650,-1.9483489945188500,9.408813724788700,-4.575894112182050,-0.14415547313443700,10.89602459730630,0.13088048074552100,0.4055896350705260,0.6160563677778030
0.7410993135614970,0.8796561889249570,0.6264847598149670,0.4981664040463970,-1.3805721029382100,-0.35809164562241,16.097493192403300,-5.336441580509270,6.908165311861010,7.238926366475820,-1.4451134896340800,-1.479091751938390,4.694465504556200,-3.3512043612357200,0.16262736045253000,13.222911893861300,0.451422938689964,1.0986548922724700,0.858816888680403
0.6638944123738260,0.9622728830461790,0.6982017182075040,0.6845356858168690,-1.3793557786451400,-0.03636558468536520,12.533319120967500,-9.5516083854368,7.024241574744570,5.289886302996490,-1.6117565044049200,-1.7600079269005900,9.506084748159250,-2.9229177573826500,0.028925764108642200,13.134869824402200,0.23627921522418700,0.6580890948912300,0.5880433899468470
0.754325828896464,0.9436756918014100,0.5729711290014600,0.2524995432996360,-1.9306387648135900,-0.3885697256667250,12.850989479754500,-10.239455288368700,6.914952339677280,5.208535308582170,-1.1356480635971300,-1.7761185897618400,2.8147408611650500,-3.6272587742882700,-0.07473467005627910,12.600503064566300,0.21797557859448200,1.194751034210060,0.7393520263087830
0.7376809299708830,0.6710373887680790,0.6193695873103810,0.661408534641678,-0.8625738600714230,-0.2880100459232650,13.844456911205700,-10.113212979969400,7.282103365914050,5.207894989676930,-1.7489590034065300,-1.5630935266589100,4.796416354336330,-2.277457498025790,-0.12595799130069500,12.675295653178900,0.24218291641817500,1.008409182365470,0.8583572934657640
0.7769881822993780,0.8781919797726520,0.6053220682896990,0.3425005209386460,-2.350272336418380,-1.6614670454010600,17.97787633882860,-7.563121717638240,6.470868402030080,4.88275058800305,-1.6646204022166300,-1.7691654948835300,7.4785564082020200,-6.4466060680781900,0.07233321795021740,9.391879492106860,0.07615697000803510,0.48224644839488600,0.8074200799727960
0.7409561122860050,0.9294848392054910,0.6602086778888120,0.40452081649776100,-1.4180323143146700,-0.44323641536673500,16.458052878347300,-8.340406764225670,7.332455308750630,2.676750841266710,-1.5382100054892800,-1.6773506102940400,7.332113250909000,-4.03886376246793,-0.10397378378217300,10.975750809247400,0.20820023378011300,0.5933889909835210,0.8555077225277790
0.7904773363225750,0.8416179500188280,0.626092732928552,0.5010210885053680,-2.0276966753033600,-1.4227055652608600,15.556279534452800,-6.1665383618086000,6.657497719557040,4.372618238238470,-1.0359255830087700,-1.7063025452525500,-1.3786790124474600,-3.8289323239503100,0.010349769786595200,12.783820678451500,0.23494398174494400,1.0775758506915500,0.6482191040130170
0.7646129011712310,0.8618123042488470,0.6914088966900010,0.30541519532426800,-0.5111927088520420,-1.8462675542396500,12.220500493283100,-10.241865331323300,6.383788046423090,2.9163182664333700,-1.8726625742131000,-2.1263571807605300,4.8378064043573600,-3.3803166463482800,-0.4061177416013430,12.995698582633300,0.09754898726336220,1.162927214976430,0.7372135433487280
0.7226320407335940,0.5462071080441400,0.6930608857739910,0.5702410460385010,-1.6983365921022600,-0.6749618015240030,21.453688548612000,-10.78156830358940,6.459772728328220,2.856509970075500,-1.6817376920715900,-1.9084753236133800,8.597179486239160,-3.394104725630520,0.12633996014457300,13.299798351157900,0.09575926779732240,0.7645201704422140,0.33378215288067400
0.7431390543724450,0.46644243657212100,0.6476665175516020,0.4887275700649230,-0.9371043692170250,-2.933229400039870,19.72121906165360,-6.294672044642730,6.500830443652220,7.859645377599930,-1.7912034347614700,-2.167064121872790,6.066534237170030,-7.737129985626600,0.1533435759550630,8.641751699602920,0.0705651596570463,0.4812623553971840,0.7239700028541020
0.7570801498658640,0.20436820176831400,0.6158742110463210,0.5373848444330770,-2.1297665525797900,-0.2045604075090110,19.095380730109600,-8.131223874571520,6.162017633680050,4.582006643871540,-0.9067820627796090,-1.946362187761150,5.047377509712520,-4.071606212103480,0.07716614468510860,13.581144295744700,0.1395004632924460,0.5985487957915530,0.8317507817771610
0.5800648901710120,1.0329895701008900,0.628038946877752,0.45724266194254700,-2.0448164828431400,0.011601214126099300,12.96686816423000,-10.86625351886480,7.224176080542970,4.456168247277130,-1.0118401995110000,-1.5469118966566000,6.800899706160450,-3.7656432684315600,-0.09704960009381940,10.52840237459710,0.6866776257003190,0.5178469161238180,0.8724702020124220
0.7450771051860330,0.6510034002340800,0.6414190136744970,0.6149138448002510,-1.068542796105080,-0.8882891225973460,11.962853712591900,-9.785535121980750,6.387655101613370,3.112192745710560,-1.9813505827185000,-1.9315559490149300,5.33373956450216,-3.330573462573710,-0.21430328490401900,12.529023199270800,0.15173040559292800,1.1556093154073700,0.6049038001185230
0.6877931235606990,0.9985666767605940,0.6786219588276370,0.5500807775662130,-1.6294104361424000,-0.2914941751779520,17.279648604898900,-9.061247570555580,7.273044792429470,3.9925679148642200,-0.8272264187887150,-1.510291572231990,3.5643943020097900,-6.234885103381880,0.03949392070156050,12.157321823775000,0.9915843375540460,0.49762018534878400,0.4431066127707250
0.7486097752633690,0.6231265574926200,0.6033449943293770,0.45589127330222500,-1.2302906071324700,-0.13177142585595500,15.13305719474990,-6.453692784580570,7.0639262240627900,5.600307439885320,-1.064661712554850,-1.491361032605320,7.118837392156630,-4.934032575926430,0.12734265101745100,10.221989165018600,0.7862088342969600,0.9882856258060580,0.6444917773154670
0.6991869178703540,0.7056018403371540,0.623095652169304,0.5065156499016740,-0.13819583959379700,-1.7446204948940800,10.346593985772700,-10.444646352552900,6.886124389228430,7.6823019466604500,-1.818737183978200,-1.5533246953505800,6.161622216517730,-3.2563397550045400,0.06951698814642600,6.748510474586120,0.15384012452157800,1.025388845631370,0.9111979037025850
0.6417697729516920,0.8686728602171950,0.5564070471835190,0.5144624146256790,-2.1603658538858700,-0.33271559613855500,14.384114560893000,-6.706418946780610,6.179012589821120,3.423550517828260,-1.3906932573293200,-2.05855680915307,7.509936590991290,-7.85381323262902,0.1401812976747150,9.336401651177990,0.17420631226217600,0.5037409456625610,0.6850289522713720
0.5924421205726910,0.8804859617380330,0.6784871037452860,0.6952928223785360,-2.4087782134244900,0.021733237986435700,19.589639059481500,-8.5259451215682,7.107903712183230,3.8071643187693600,-1.2144554640252000,-2.042489522047420,9.136269659482750,-6.720134886475560,0.18842576621163000,11.706922659042500,0.12543804325363700,0.7869786096584280,0.7560630461692540
0.7844230561782700,0.7674915308359310,0.6521534703250920,0.6213087066470550,-2.296817513995690,-1.0417083230410700,20.365088351223200,-8.519045824047910,6.708635529401970,7.416736335881870,-1.973733147561190,-1.7703301030024100,8.830664720907320,-5.31182443396937,-0.18453075041898600,6.653725460713400,0.12004417200535800,0.40012499502134200,0.8251742429819220
0.7916525217614230,0.5116429187095290,0.5987344121245360,0.3906346934145550,-2.2453176492322400,-0.06914782265227180,18.370184106594000,-10.266788598090300,6.262785965851290,4.075993193330310,-1.9411950273959200,-1.3797039477883100,9.29216224553031,-3.1586815236488500,-0.3998522679931180,11.236277535885400,0.3108779674836460,0.6261397287497710,0.7776408980430730
0.735364677828375,0.9222073920643470,0.6327240630774250,0.4011925650160700,-2.1484655929430500,-0.4836352786466700,9.428812552938070,-5.722755303201620,7.155377702885010,4.496629325766120,-1.886768993237030,-1.447781691410030,7.71626936979392,-4.631501679059450,0.09462636773189480,13.28392657309140,0.4026284346323580,1.1848106305221900,0.9429460196314370
0.7622204004894630,0.8414023610468380,0.49236959528035200,0.5553326509548800,-1.9815841896816500,-0.5787534070627110,13.220572321309300,-4.315099252072120,6.756053943392720,3.482385761496000,-1.606788352712760,-1.6981713658345500,1.5406340641732100,-5.4601169479661200,0.15191661165453800,11.016774840339700,0.2428731781408990,1.1422135272103800,0.8151265472307960
0.7729553552172620,0.8950133047432020,0.5903939617950470,0.4674984521410600,-1.4138204242660400,-0.3889572795447870,16.70867044438060,-10.525463547394600,6.770013583753610,6.502982631336090,-1.102560246179610,-1.8036034238472500,8.487663158008150,-2.6304974313376900,-0.32460960330541300,11.938656427375200,0.17119646235465300,0.8152143778872720,0.9833467380554790
0.7293611700622800,0.9932159018447770,0.6740949775324520,0.6941905505127100,-2.1299293251371300,-1.7995026755456100,21.180276254281400,-8.726217987261680,7.34964684902707,7.404515194416680,-1.946208524150130,-1.5155232633265700,9.227607641924560,-3.6464237712282500,0.022382996313760600,6.755052526261500,0.11839017211540000,0.4304909314470770,0.9503321110908240
0.7348312640642060,0.6485629019008350,0.6305545019709450,0.3054132613649650,-1.7107328046414800,-0.3410603932458120,13.396176077822100,-7.022308992528150,6.395197525669960,6.692443991520730,-0.9776519492234910,-1.9807015288325800,5.567564247902400,-4.766108337209260,-0.038872888386849800,11.866595935300800,0.2041659574926160,0.9826442908020970,0.8138702540077860
0.6536679937488240,1.061397881897480,0.6065977228696530,0.5828269440018280,-2.0199077968356200,0.0061771509719663,16.73931806530080,-8.789914960538210,6.836661697306370,5.3789926501704200,-1.47304875498209,-1.5933512901598700,8.285285492997390,-4.496834321162300,-0.14628125575577300,11.293443326269800,0.36807318205060300,0.9183979180415310,0.7389889422702510
0.6897560079878860,0.8458525530181940,0.6979578457241970,0.6819681451711430,-1.2459198507223600,0.029560380098477300,8.59796395225679,-7.632590835787550,6.915522751833600,7.100999490616070,-1.1589678010331800,-1.5162763395735900,9.942558831402380,-5.673189204652920,0.007645343619251150,7.95085529183262,0.6588499113488560,0.9106154546289560,0.7316769542962570
0.7694185094655840,0.5869803602660350,0.682689680908398,0.4540524625474450,-0.7739864542577510,-0.062138204279742700,16.741900031532000,-7.251376723061950,6.746624956140150,4.044441041795110,-1.8206040555120200,-1.2739859094948200,7.865149102391750,-3.122276917418980,0.04423230648693670,12.55408138718390,0.6763330145358230,0.9813451676655590,0.6422727041878740
0.6659917121637600,0.8130097878252190,0.6829333653177620,0.5054601854698230,-1.9182746914630900,0.0035789888488513800,18.47543318101080,-10.82705807840800,7.714625797029170,4.4196170427496200,-1.6350408375814300,-1.3517766841877400,6.168336722081510,-2.0655733927113700,-0.14076558774164200,13.96501415337450,0.6121151791225000,0.7905110139980740,0.5444938273023650
0.6672836094118410,0.7769904079991690,0.6977852029009150,0.28915820898435100,-0.9949110796196390,-0.7574326269742040,16.52802091726040,-9.881119927513790,6.641633347371440,6.393383608668340,-1.1874069423841700,-1.5632070105537500,7.026473936900220,-2.5310302448133000,-0.020919584005173700,12.81049367982480,0.6800746574051830,1.150679667730050,0.2773220566893800
0.6532427716056970,0.7339428877372840,0.6819300630549140,0.6830416343596810,-2.4177404545165900,-0.09208173268089900,18.108428440939800,-7.010032342496920,6.862132028675450,4.5855398940574200,-1.4354508357444700,-1.5290899699638200,7.061315596309580,-3.4022088499450900,0.08807613845540100,8.199733415945210,0.40945667705521900,0.8630094874018890,0.5292847717292830
0.7868064622428720,0.5032918070261720,0.6485596552618350,0.5365432428143970,-1.3006593354610100,-1.0849450862961400,13.700343197121700,-5.132880016211900,6.442635234921730,4.460553537159120,-1.1333979888567700,-1.9232236910711100,2.526270588776060,-6.786978825397960,0.12004685399651300,13.097804418808100,0.22175654960506600,0.9467921340684980,0.7355076087838520
0.7279971511809560,0.7974102827694890,0.5912014883201170,0.3874273318819650,-1.681256187440100,-0.3983735129197910,17.43865032881980,-9.378569037446020,6.392403247248550,5.926004798459430,-1.9132971079117100,-1.5194625126291600,5.262681551899500,-2.207892072964970,-0.16931548433395900,13.526060361239900,0.34907735014950000,1.1324466412318900,0.5418798875906550
0.6418863478962530,0.635841137045887,0.6731991847789170,0.4234012151551870,-1.218921773179400,-0.57603002088729,14.8376525719279,-6.334386426616710,6.752502401650020,6.535032773244200,-1.1577027804915000,-1.9131230277561200,6.486105206854380,-3.867901331278040,0.1530008743931320,9.01393675018935,0.32517490565245200,1.1585456969773900,0.5167519524316900
0.7801107646206990,0.7351238445646940,0.6205172796315140,0.3046239989077920,-2.0383088986971500,-1.7993425181879800,18.54759335425180,-8.481008340904750,7.106276539972340,4.6534536261030500,-1.6895534096099200,-2.085726058983450,7.737412838821620,-4.195420741418220,0.06928057209403950,13.072152738629400,0.07713831417281230,0.5120522349796840,0.8827981028008750
0.7760479212711180,0.8108455680955050,0.6336716606639880,0.3569303947311750,-1.0994341179714200,-1.1830665172007400,17.100988806197700,-7.4084020723246800,6.254631615002650,5.777093035973350,-1.0820910030806500,-2.0368444340207900,5.806779387828300,-5.457228072688350,0.014535264866008800,10.482133193878700,0.2887331234482750,0.6804061803526020,0.5384898543550840
0.7651891379492330,0.21190716205139800,0.5833204727462670,0.6994461843496310,-1.9483299312039600,-0.18455232237216400,14.587462948871500,-8.650524361843640,6.163218883377870,3.2053353606773500,-1.983593114133110,-1.2566430148001800,4.713535110017430,-2.9530397614541600,-0.08682001918737690,12.162364918705700,0.5946607578850680,0.9893383122946980,0.3346673505295900
0.7897222025681850,0.6405766929673120,0.6452883317531720,0.583907935022544,-1.9439178930284400,-0.06660937456072350,19.524492330633500,-9.502007797401140,7.7600082944562500,2.722740646669680,-1.8805479014922400,-1.3340784457249500,7.653530537342350,-2.5265111663145800,-0.06959668211083540,12.506473498286100,0.4622907394724750,0.8293757086696230,0.8709233521208400
0.6477075627480070,0.7215013683616010,0.5861643838809010,0.3571213556162360,-2.0047482748285900,-0.09935825006198150,16.609447497985300,-8.485188373603780,6.943685424192270,6.694720592956190,-1.98735907995547,-1.8899439356483400,7.220271516215100,-2.2654746030988500,0.04470970511898050,12.522528123925400,0.16193815710071400,0.9754017162715130,0.6685923887010000
0.7614621332763190,0.6800115352796830,0.665460418792816,0.31688649032484900,-1.6809095221902500,-1.0086610177305500,13.12601726132420,-9.832758682496490,6.53374966381278,6.136592500127430,-1.9557469703309900,-2.049563958932860,9.529603404214070,-3.239374581958970,-0.30781657108117300,8.698971932044260,0.10995594198775000,0.8339010614188670,0.6087534375613590
0.6116634961908810,0.2899416568951610,0.6076681627146540,0.6536737557984660,-1.7779653145102400,0.06882487153156170,16.53520263221760,-9.204305424517530,7.464358127054220,5.697999560207480,-1.3725457596283000,-1.63345002030086,7.7056451692637200,-2.444276303054480,0.05987132507100150,12.179898648740000,0.3179403666677560,1.0215119074618500,0.8270018012943580
0.6389291088225780,1.0870032515151300,0.5908426293349850,0.3104689624509220,-1.3854842326360200,-0.3184817335011620,11.549607811572800,-7.929633375197300,6.082388249546720,4.471834089480540,-0.9376819713157590,-1.6994636847910600,8.776594234615680,-4.970422492303420,0.1284855041996390,9.106089826610060,0.42778070184873600,0.9624700039030970,0.6910933154268390
0.7489599954277430,0.8476640609332780,0.6164056724941110,0.522761340025004,-1.9898687172556100,-0.7312907701249980,20.785445944084900,-9.348303995292950,6.889948792588160,7.783871502972230,-1.6775834748221700,-2.1037455070821800,9.761801048371400,-7.344445286036430,-0.08263752104046650,9.602556266482850,0.13090733646625400,0.36059648854029000,0.794049158180436
0.7836945266426240,0.8057194496909700,0.6728225368406970,0.5658426667290460,-1.656604573670900,-0.22763900604336500,20.827463632292200,-6.494378448705680,6.276083960593910,6.281659063097740,-1.4488387964696300,-1.707221320909160,7.6720693045981500,-4.6180890300392500,0.18074436408115100,7.691910014474630,0.20337775194260100,0.4279744180778340,0.6574943275836620
0.7408118830312400,0.4748735033097760,0.6985182404924170,0.2820763589313970,-0.974553479783372,0.08324808024672190,21.260616647321000,-7.870483840967020,7.016581145430200,5.824897433585670,-1.8617124238985400,-1.2985680703580200,9.83624003115877,-4.22929886218629,0.14281412125768500,12.594491625108000,0.8212286920748080,0.9677381137203870,0.38964545990169800
0.7464479376141450,1.0297072004885600,0.6017196194288790,0.22610264531711100,-0.66115280073284,-1.1337290383383400,12.44561084744370,-9.33518940133691,6.384878771895110,7.160899550149540,-1.7792174576975400,-1.7383707509422000,1.3790591852015600,-4.401609610875740,0.017943189188738900,13.99681853345590,0.1985724038471290,0.761496777868077,0.6332333060316210
0.7639226441614870,0.5618930633460040,0.5665797189049590,0.20733632360317900,-2.224070678271690,-0.4393530624096130,20.251568444384600,-5.0365017601426300,6.6596791024783400,5.179623540018300,-1.8367216602896600,-1.4225261494168400,3.9946642963733800,-5.1788039790157700,0.16043909464962700,13.534075551013500,0.40708338121172800,0.614354957944499,0.7460036599245390
0.7223256310569940,1.036486359755370,0.5733229771803350,0.3508715568404420,-0.8781308333628610,-1.1945229688511600,11.892747944882000,-10.786508350046000,6.626964742659850,7.394026294517640,-1.9546548720719600,-1.7939453432693300,7.083887402815890,-3.333035644197690,-0.14413101867095000,12.498721599024900,0.123266804599369,0.969779465295778,0.7685103182742910
0.7438733531524160,0.9780873971114580,0.6558468653752780,0.46343456050512,-0.8335470564205040,-0.03400505725636170,18.892362028425800,-9.007206726317630,6.6594701430400400,3.4320203199230500,-1.9763252280659400,-1.779090522684710,8.508982392965440,-7.333307303491420,0.08546089737061840,12.448267802505000,0.2240154106355350,0.39862393462984100,0.9370570741264630
0.7759382657399570,1.08775298532767,0.6539959378021160,0.35139219788900800,-0.8428755245195730,-0.28032493908254100,21.310831439000500,-10.74521462890720,6.936793504111010,4.730184543163630,-1.3003638584013300,-1.4883664920982600,5.547575327121930,-4.85430479029313,0.008006140646225180,12.589514228925100,0.913223517783447,0.3599339700461350,0.5262759021507260
0.7989353569174290,1.0884987559836000,0.693137320179591,0.3894704365857270,-0.47074396535825500,-1.7923357543876300,18.6934720851836,-7.742057664046350,6.193187691299820,6.254449374789740,-1.6268174170104300,-1.8235836592982000,8.600499463540960,-3.471564403637190,0.02918771623697550,13.556948674457400,0.18971199653041400,0.9123117432569250,0.5207225104236710
0.7662410871139760,0.9195093533848050,0.6536909907772670,0.6753012961998770,-2.245868099138370,-0.3783013809674630,12.208989585440000,-8.416415898008540,6.002550763399360,5.106526848763900,-0.6615500116824590,-1.506322104625850,7.445837719835850,-4.361717056352330,-0.01997987308658040,11.682353700439800,0.5255411473544220,0.6971053447739820,0.7015250065753740
0.7539273480558810,0.7744817920898240,0.6869932065713450,0.23521623421646400,-0.30879968332859700,-0.6938266618741270,13.338623222136200,-7.41760942819838,6.404756855931350,5.088832253585180,-1.4695073092003700,-1.5602633489123700,8.401028863248000,-3.5913028853244800,0.0265850666607369,9.329083564241810,0.4272026520513750,0.9156439144653390,0.48423143881671600
0.6309687300666090,0.9281405699302600,0.6869180986256360,0.2294980550759130,-1.2878345375745300,-0.6215478110584680,10.98578319434750,-6.531454547925180,6.308835627644540,6.104220001243040,-1.635406218498700,-1.6494384224731300,4.437220746199600,-5.592142489415330,0.12777730435587800,9.358342428623980,0.2722714499651910,1.0134573137591400,0.6700237884117640
0.7054661030491940,0.47483489034205400,0.681124213152782,0.3944871411301780,-2.1117210174138800,0.11351426414054900,18.178203719384000,-7.17286834609296,7.827766821183670,6.125667150618900,-0.9217041828043020,-1.5058153437583200,9.77143134707399,-6.347796398359100,0.12440212822299900,12.201136268362200,0.48630323549767700,0.9995128005631520,0.8783857254594590
0.6862514484140800,0.6139418516445390,0.6918213937717270,0.394350102540874,-1.584216894874960,-0.22343373422756300,15.888724510205500,-6.8974361800040100,6.253320227820770,5.421655503106620,-1.5269095190352400,-1.8120571528733400,4.799025072787400,-4.75514520119086,-0.09202350498477080,13.216607743334900,0.18818362248735500,0.8676452805170050,0.7783120288640570
0.5938519575269470,0.46280127435282600,0.5966558098944670,0.5331326935710140,-2.3182305304542200,-0.10610050447055200,19.747242837759300,-8.790595132465620,6.40376549595047,6.599872881819910,-1.938563327073050,-1.5071154438819600,3.411280777168640,-3.189230149478380,0.14728249321894200,12.922403269168400,0.5543387319915080,0.8823496793165880,0.3709833940426030
0.7271043369187920,0.3311276702818230,0.6467483922736630,0.3506898991578660,-1.2414523447635000,-1.6080760990308500,21.090940536499300,-10.280608246167000,6.654394534314210,6.123219815646800,-1.95964452336439,-1.9451915201758800,7.046267265508690,-2.6205345704051600,-0.21966514609560900,12.671992095206000,0.13834612378394500,0.8197417142437330,0.5675521931842960
0.7537919058830350,0.9488971508027850,0.6716673688293770,0.6784661088357950,-1.7812831295302700,-2.572838102413080,18.439674346307600,-7.878584164263710,6.622434228201160,7.745496851489100,-1.59290131930286,-1.9135868821601800,7.530371447340330,-5.4473111413432200,-0.1063928144841930,6.478115826533910,0.11184343997799800,0.3744861675164180,0.7216994250363670
0.7669808772986500,0.6173127871555760,0.6218424530474770,0.5047968578196850,-1.633810626129460,-0.02333826885990100,14.844818132616000,-6.303014221038520,6.726477377739800,4.556381459827850,-1.8031389703753100,-1.3553044678548600,6.9203826443036500,-3.579000399415610,-0.0943944002464545,13.061158505387300,0.7045380312034320,1.0410730591926700,0.3989369010677850
0.7313376085006250,0.7841960826399830,0.6379660614012740,0.5898512874401790,-1.7573440515314000,-1.499024831751680,15.486586551657100,-6.347527441103730,6.583852915386050,5.235715287845800,-1.5497037337952600,-1.818937516222830,7.2569306340785800,-5.820507045695280,-0.03189160982057590,8.831737433210270,0.12802198188989100,1.063928915844930,0.5639844201446220
0.7787457165526740,0.4661991683186160,0.6686151936337900,0.6086065515235310,-1.2106563293656800,-0.7417264374970650,21.580613515300100,-7.4630790360632800,6.85555907352378,4.958800679723740,-1.1556041332829200,-1.8824173641468700,0.33786114149924000,-6.053297869420200,0.03709747367921100,12.901540539861000,0.28093360203578900,0.5592429289490920,0.5099053205218690
0.7181130028637000,0.9329993004510810,0.6182298906302870,0.5862569616266140,-1.272111594535080,-0.0014022388491647900,16.778305979886300,-6.104244461025220,6.398618843343770,2.434980891324410,-1.5186793378803400,-1.4285561782612900,9.35248601856869,-5.279945305201410,-0.08593617796895760,8.851535898530730,0.3947924416364490,0.6406051708278570,0.6346990351154790
0.7036165336755470,0.5366178223177000,0.6104292216337730,0.4923767501830460,-1.7906296055955500,-0.306056457149717,17.431450041108600,-8.303288081238860,6.8203797842306100,4.8897987070381200,-1.8142088957961900,-1.5697967803766900,8.1271182235802,-5.177129241379520,0.10507381438774100,11.8045855590261,0.24086901884980000,0.8872500962547560,0.587235922483183
0.5929170527729410,0.8750282276837590,0.6366910415642580,0.4113214384669040,-1.5929926392189400,0.062363216942074800,16.843428838639800,-7.88920309842373,6.659363827574130,7.02397916440171,-1.678838356773630,-1.4314288195987900,4.7712855838341200,-4.216762443092850,0.0349312570266446,13.573497778024200,0.656398152627788,1.0081374923855000,0.8448980866949480
0.7535228421005150,0.7590989586258570,0.5610042388298480,0.24100915603551900,-1.2573428746685400,-0.5548882236189110,17.470996066541300,-8.080138126888480,6.133396095201200,5.274675881697940,-1.802083275498930,-1.698807073895370,6.008233818975320,-5.687836393319600,-0.18195161146195100,12.528171422688200,0.20807469747766100,0.5899107889381120,0.7648678398425630
0.7656414866854110,1.046683319938000,0.5384533912046030,0.573991327073948,-0.9660495220416800,-1.0277890304552600,10.286757577010200,-8.930101026112680,6.189954503041960,2.5925789666831500,-1.6158542074211400,-1.6572665970382000,2.140994349227010,-4.757744780900440,-0.23375517317098400,10.151209960859400,0.21908126292594100,1.143215131135980,0.8831729501038640
0.5559381232646140,0.813026961748323,0.5851811404573890,0.5913173275582050,-1.5164025386320300,0.1701309037243580,16.822708672111700,-8.995974615479100,6.859870638166800,7.10918888525448,-1.5559473988285600,-1.5597875441584200,9.120754431249630,-2.3241274753111300,-0.02263951142343170,13.234782516233900,0.32963076964900600,1.0969530672854300,0.6807256207066060
0.7800382541019130,0.9757445996377020,0.5614247137978820,0.3760594308776530,-1.3672023888344000,-2.230055125648970,19.64371818228250,-10.643363483158100,6.097619050161640,7.898909638663150,-1.8400112521955100,-2.1400360901370800,8.782094542601110,-5.667258620398520,-0.2746805207016780,12.51407031413560,0.06850937050011250,0.4519370993759610,0.664680706060336
0.5969801398056610,0.6513239722056000,0.6387844473318490,0.5337009167444400,-1.3808569988464000,-0.2544836135171160,11.355246878456500,-5.368467704283740,6.0676996491803300,5.787844312727300,-1.0073641863770000,-1.6234085644858200,7.039923302143900,-7.311771092681140,0.1764583194894000,12.702008910388500,0.5977140035130990,0.990961341204138,0.5926042598760330
0.789246851622612,1.035317276620160,0.6241076875847510,0.2046710438495850,-1.9209710697282500,-0.6611404981213970,14.410865260815000,-5.526436752935850,6.089180283019740,5.826854900818430,-0.7439802689561750,-1.883993985170050,6.823166655798730,-4.970384874729830,0.015034701622409300,10.184356595350300,0.20437533272463200,1.0594293915346600,0.5787107407847930
0.6580432980404210,0.5024057689802860,0.6772081721370540,0.33222058329949700,-0.8808419044370000,-0.26072250112053700,20.640549375278100,-8.851743009109550,6.501485314036900,7.256783097814890,-1.9515342023135800,-1.8176663119935100,9.370281625743500,-3.551518599546130,-0.006915961802954230,10.21282407755940,0.19233347819913400,0.3932321674893860,0.7869696596027660
0.7280509507340710,0.7994709295293860,0.6011659513672360,0.4808709498555540,-1.5929012537138800,-0.3707825588584910,16.73202525414140,-9.847257843738810,6.350913229196970,7.9329357821342300,-1.7329932236661200,-1.5309773721440200,4.905062789854380,-7.119626641506980,-0.1245397757796490,12.121595531849000,0.2631208082677440,0.494324251908919,0.5721165057083980
0.7775294864066230,0.9477389540307750,0.6484078662200070,0.3229120485602950,-1.6674672255332000,-1.420628369915380,16.39798089382710,-10.335476676976800,7.094150540233070,6.95336591850371,-1.5181365715869800,-1.637325136270120,0.22359698305224900,-4.25149258299577,-0.01617855634673450,12.754477649936600,0.1944041360289870,0.5092904280956130,0.825552987653906
0.7526219179442550,0.7842970907674880,0.6718523895777190,0.6625376766631100,-1.268548096779310,-0.01821838449362770,17.68012581160540,-10.471543670257900,6.7500243963734000,2.8159449719823600,-1.5429459209117900,-1.3522012645763700,8.579692111377930,-4.617892765702130,-0.07215935872858420,10.376624247367500,0.40429659025269700,0.7902173667175090,0.4867212894146360
0.718675086266054,0.9509117374669990,0.6364620291008070,0.5373141804376660,-2.014350549312620,-0.9353510147567130,8.853601778252400,-8.282167083771320,6.6772810423639100,3.8379544022851100,-1.7445897900452400,-1.5444043825534800,9.01527670279025,-3.159053594381210,-0.24430286974572900,10.847294931283500,0.1512875818505190,1.1977736454937400,0.9119341843652580
0.7693049424575750,0.3585334569043230,0.5977944712998240,0.6929418706888500,-2.453787502020270,-0.6205001105469820,18.729335477586000,-8.106333321234150,6.143051061221730,5.938766803936770,-1.9964849399944400,-1.639568893405620,9.620526253490560,-7.045672376719780,0.08863123918100870,13.372916733081300,0.10180578965884800,0.7097226399042630,0.44159583476313300
0.7633642306211510,1.0701743140643600,0.6149864347074740,0.4746085075923160,-1.7524087387117700,-1.085534237912170,17.095958663052500,-9.519346827018710,6.003274567395950,2.2135178421372900,-1.8387302901185800,-1.8522974830734400,7.793038429639430,-4.009180540240390,-0.2447624579845470,12.428960907653400,0.1564887651129420,1.0837367139830700,0.40387881507961800
0.7191697406511510,0.7726758147931040,0.597373887593507,0.25925789728007100,-1.6210770111464500,-0.2191464487322790,17.55101928071350,-9.286488204513990,7.186226390139600,4.988430397215720,-1.170186897022500,-1.6046638057488500,8.702358956271270,-5.687126682050470,-0.1481841209577670,12.294643980152000,0.3308060238832610,0.845916723025412,0.759456291449919
0.7310175148132060,1.0354202878742300,0.670565107980424,0.5220925819999230,-1.1014837656245000,-0.10471502456011800,9.370214924638310,-5.447707297866250,6.921836754281200,7.87547031648995,-1.4042547014530000,-1.572747070040820,8.457210610345480,-4.644023187905750,-0.04736713939614740,8.531596830214950,0.44476067007221500,1.103735826194390,0.9417966220117700
0.713685609819268,0.49524558781440200,0.6552200602429000,0.2695352887906640,-1.570328647914980,-0.8539300174119100,21.27222332608040,-7.174754621662750,6.017093962336430,6.253612328417220,-0.9499828205361720,-1.79111436575054,3.882909595982920,-3.026420659234460,0.0896937681787319,10.678322920806100,0.38135842354773800,1.0712258909113300,0.40229371188318300
0.6982807130351860,1.0356469978776200,0.580038500060717,0.584299597796665,-1.9001688747994600,-0.581718012836047,17.99046287907550,-10.520970535288700,6.320933236699020,6.262829485903850,-1.8713728571871600,-1.7923543924811800,8.097722189020850,-3.093486487704410,-0.321553291666122,12.851137749830800,0.15332299808355800,0.8173411523136660,0.6414359156476390
0.7718632871795230,0.6583698420394730,0.6741071618578910,0.6473234712050560,-1.1808874673594900,-1.6955250243713000,17.435190934742600,-8.611524821676890,7.113036537413620,4.3223878508007800,-1.9200008057219200,-1.6081999167623600,8.856247916206000,-4.297722268836660,0.06790876926976310,6.7474418404566500,0.1025134215996550,0.677193466574591,0.7306700805065650
0.6989144557161090,1.0163697302222600,0.6025004659328730,0.5683366836749620,-1.2149901589755900,-0.6531575779757470,12.219543366840000,-5.631332091536270,6.813574360621350,5.238537638249610,-1.2258879500968600,-1.7501813857065300,6.392411237568580,-5.894548334740010,0.07170038716438780,9.121490190690320,0.31387096512777300,0.7537769588765090,0.9623798948841640
0.7780566373528010,0.6785148567178460,0.6472233589534850,0.513613778031289,-0.4349991538678090,-0.7972653990983890,14.918909361089600,-10.317529537385600,7.054616469924440,6.540170810567430,-1.4011696467043000,-1.7687664399749000,3.5306334791687500,-4.6286276626741,0.023064200121952000,9.763497879103640,0.291331609598104,0.5931037328397910,0.9522370340659070
0.6320180388082900,1.0245222272179800,0.6640897085877240,0.6380221400074220,-2.0815345719091300,-0.04509122998196470,12.464629673161100,-5.150507946661550,6.797021069422190,5.542283883335080,-1.4577172217585000,-1.7341139384205900,6.920902895413170,-7.238943348627990,0.1769351981066680,11.803598325003300,0.3355337844334080,0.6052581952332690,0.808958690445452
0.7478462555290170,0.710662996693786,0.6440403110272510,0.6085257182136830,-1.0384134794596900,-0.17731978800737400,17.717875596053800,-8.412957652671100,7.537927544264820,6.253560218890500,-1.4129107051319400,-1.6061809954320300,9.852385057667580,-4.935592854127150,-0.027357962230482200,11.03333419923110,0.38597718038654700,1.0932977210935000,0.689352437558781
0.7517829324892420,0.3444852144202240,0.6133287086969780,0.31242321618471900,-1.0969949949331700,-0.3216463655801180,19.744543862668500,-9.680738466876410,6.327184248184230,6.289057463988230,-1.28793576156287,-1.620715853350090,3.9628821021231800,-2.879445969500020,-0.012375519990650500,13.52284814327120,0.3839161354068950,0.48454749672755400,0.7228471129486240
0.5357376823635210,0.8208246617442400,0.6973726265823900,0.5494571382190940,-0.7586952075616680,-0.08541587036387900,20.117094966527000,-10.579686267085300,6.751734279582380,5.954357812158850,-1.8690596848215000,-1.7083114324415000,8.027563660779820,-1.946279503666510,-0.050101058799218800,12.93158627584800,0.3691108534512600,1.0239159025732400,0.5368671983581910
0.47526578264070500,1.050547264793840,0.5669479757992520,0.2295399011378940,-1.4723765516632200,0.060577159030230000,12.902064069235400,-6.765272639169690,6.47150018673243,6.601245091749080,-1.7305627774332200,-1.674564887550590,8.321018558943960,-3.7939220526947300,0.001997394286036350,8.178362634422000,0.3433505669446580,1.1860499294614200,0.8467054604577660
0.7908114532511920,0.7465158653969070,0.6421735453963010,0.2502407972198890,-1.465578017906140,-2.3996732797351000,15.713468367030000,-8.51706318276491,6.16452842702228,3.2123433273041800,-0.7920153945435920,-1.986010359943040,4.48793001822882,-5.126668671703650,-0.21049504658501100,13.854424175304700,0.2094630919074300,0.8748670210608820,0.5747789675070210
0.6842013232230130,0.8471745379222140,0.6685209579383380,0.5615201840387180,-1.830511503833610,-1.0017240793880400,13.616912930504300,-7.630849728746780,6.235699425253460,5.565317505752420,-1.9369993267903000,-1.9330353882090800,9.775121960846310,-4.281765514854430,-0.25497399742543100,8.31505243716708,0.14319439855916100,1.0050488269571200,0.6512190343598070
0.6987042040943770,0.7069053805886980,0.5373635061175930,0.3797373648888000,-0.6723018272987030,-0.7880287558112980,20.222974241056300,-6.361276363077030,6.258119527379410,7.306527236271910,-1.6693644826991100,-1.8809785150105900,8.669049431932120,-7.938665457032890,0.03912917053620560,13.470390209007300,0.18360933574114200,0.388497322183311,0.8969913739453790
0.7577642220240800,0.8908357439624970,0.5735535838468380,0.25960834857513200,-1.1599075173594500,-0.6721553921730440,15.326917522476200,-7.372957729062890,6.091520237345900,3.8349114677949000,-1.6618241145531000,-1.762867706133030,8.128703405024610,-3.754716163887270,0.04037462626204580,11.854775474612600,0.1937718597347910,0.7615154580264150,0.48678790930107000
0.7752399709446490,1.0773175485216000,0.5526520922006240,0.5399033039001950,-1.4748116421629000,0.013659486089288000,13.746800516759000,-6.74073744390918,6.046090512421780,4.702294077580350,-1.8007908761462100,-1.3819340880324200,6.916239489492040,-3.7677540464936000,-0.21657738943701000,12.47780449469210,0.5649027083722600,0.8513033076567760,0.7122965969440700
0.6639942257617200,0.3473863226047110,0.5444551978172150,0.27870319974847600,-1.1328394364560500,-0.04321205143626430,19.661673333209800,-7.74185361898957,6.669229787740720,5.906199360456010,-1.649252759208500,-1.5843130996789700,4.473841180770410,-4.116310166835170,0.0076324830578464200,11.975985818642400,0.37583396185806400,1.117627168230740,0.8193891485704420
0.7175558804195400,1.070997981843190,0.646932716313433,0.6306027299092410,-1.2314977273073200,-1.4792858056800400,18.56786903449530,-8.729396870540500,6.483553254489350,7.500741482075780,-1.9861832482223800,-2.046959374016240,9.319235587002340,-8.889231033423210,-0.026977550205939100,10.094898733415800,0.10233028966536600,0.5563486175205240,0.476643189077689
0.6933400988443860,0.8876615567019110,0.5260221412425860,0.5615757777243000,-1.5329858843594700,-0.13641539225163600,18.92605368281090,-7.901922067264370,6.495440105464900,6.486178920550980,-1.832081494221270,-1.7352237330751700,9.090401218984400,-4.593540902365140,0.023487637434195700,13.316137695698900,0.239033301393831,0.5129711785744450,0.6419122897615570
0.7256207767844600,1.0186937079481700,0.6698390885556090,0.6512021779834520,-1.4409236887447300,-1.6326855301268700,10.462905706681200,-10.783531854027400,6.80265295606907,5.584640098906170,-1.0216414350984800,-2.1198167685673300,3.1217497556225800,-6.6159237648890300,-0.07073090034558480,9.145932966031010,0.15376125947907900,1.1120080605600800,0.733221682361048
0.6387663966287500,0.8350617353477550,0.6858589973122680,0.47211665968835300,-1.3097477250966900,-0.28219850182987200,13.627670202192200,-9.388943363406530,6.764889900281870,7.11283796970148,-1.5382391158782800,-1.6645114014281700,8.407657978519570,-5.275751128999810,-0.004153789959004480,8.88850000310028,0.3031899063667410,0.8765665310348930,0.5092142426401480
0.7926004994861930,1.065415213997620,0.6464593560920230,0.2416170968207940,-0.9835892794347150,-0.29561216130049000,11.862346503434200,-8.47528459164212,6.153216143631530,6.099086548310640,-1.3964257866691700,-1.5713961961458600,3.953515301079220,-5.31133282518306,-0.11069407083137300,12.249343763848000,0.3677189175054090,0.83889333831526,0.7614453427936500
0.7099275219532220,0.702096460240003,0.5490598865779720,0.543891549837662,-2.4289593825191400,-0.35693662833313500,18.75977479341110,-6.904358907118750,6.5050553838956200,4.989982377365000,-1.9968079976338400,-2.048625262513770,9.398918752732290,-6.096392551298590,-0.0322914070415803,11.6844786475511,0.1179688018916230,0.8301435443589670,0.7524156586873640
0.7860799979818010,1.0259352560326100,0.5637833200888360,0.5467439341495850,-1.5017585802223600,-0.4360526286099610,12.664629909244400,-5.358369485050840,6.51282843462723,5.143540829818620,-1.3828718519388200,-1.5961143605419400,3.001786868468780,-4.073066499127580,0.1741040077374100,12.066617281570900,0.24379423570354000,1.068296484273690,0.7485197823627960
0.7578026390292800,0.9168454851635670,0.6583953614451670,0.24596712986578200,-1.3286206520781100,-0.20243451900279100,14.274129995389100,-10.014366492333800,6.867711275239780,3.7326463597698200,-1.5157397809762200,-1.4852799424636400,5.922355996509800,-3.7155872157629800,-0.19157766641855700,11.838905375392900,0.539275917577595,0.9498570893796720,0.767887233460146
0.776127692609498,1.0026055666419400,0.6476181897431860,0.28630607651074600,-1.5826112861261900,-0.2661777544452990,10.161825122449500,-8.008433933082550,6.406932589725570,6.843924090173830,-0.9768088292698090,-1.5810267614167300,1.8558213958666500,-6.14742036687039,0.0767549891662556,11.391470583737900,0.8370648438547790,1.1966575191135600,0.6302864482327780
0.7434932029655350,0.8611370952781120,0.5732313890304500,0.30273251440207900,-2.030788058909370,-0.3349734149341670,19.95749709674600,-8.521915594779690,6.0289788794379700,7.550683347054340,-1.1926404970914900,-1.6213152507102500,6.499786405385080,-5.972295037956180,-0.3135134216369710,13.593035424880500,0.2765859984349450,0.4870033328737180,0.6271483071029600
0.6111776848832680,0.992534510745889,0.654864246473348,0.37200866414674100,-0.7102315401552760,-0.6269010858122000,13.94869988861140,-4.7500211706581100,6.782514160666290,3.187093628926200,-1.8956776166598000,-2.0354226218710100,3.575187328366060,-5.120716799746160,0.06089516187325070,13.716230702489800,0.18649680212787300,1.0403862348612400,0.8888009192918950
0.7965225534016060,1.0844460834816100,0.6784974569197030,0.36654094032566400,-2.1586364260616200,-1.2575306388128600,20.28860943336370,-9.098713307202900,6.977061816195640,4.193668695604080,-0.9524510892806000,-1.9577287787971600,8.923079059772430,-6.104430286805440,-0.008624460987161510,11.347151568995300,0.1514991032770840,0.6185960611900450,0.626001979576442
0.7732747181130190,0.7651822101195800,0.6296689459582940,0.5721598419278600,-1.203966538170820,-0.6586688599358570,17.066850295045600,-7.503528603335810,6.687848128003270,6.848543133178940,-1.4778567255100100,-1.6671591524949100,5.223209827401490,-4.480183524819680,-0.11949648012700400,10.197660387239000,0.1904966521128300,0.6689813160629660,0.9375387827307390
0.6184935607277980,0.6767758872574110,0.6243289396151290,0.45917910203852900,-1.1239132921447800,-0.49722755607331600,16.94649196325670,-10.711807955680800,6.455772402311500,2.7478021128764200,-1.6470927400555200,-2.1602021948682400,7.946205139447210,-4.008925276034280,-0.374750439162441,13.033887290191800,0.14047997802223800,0.642700642730872,0.4964340237143620
0.7589159745277470,0.7737201000725700,0.6765966117448090,0.6587672887124220,-1.6099650204384000,-0.49674207087980700,14.932443509499100,-10.894318607213900,6.785254881238330,4.063819409360350,-0.9895400471186960,-1.8900171429179000,6.528203164631010,-4.592795952872050,-0.21208594976070000,7.373205838930730,0.200780594389282,0.9465443035748440,0.6690871727375090
0.7428609818113600,0.6746616802735980,0.5641790619376890,0.3463029683329960,-2.3448231322550000,-0.304070505196756,20.71615809090490,-7.266653620795540,6.70856470173559,6.014669029483300,-1.858875003829670,-1.6270241820078900,8.418003718277700,-4.3923973371757900,-0.1838285989258870,12.471537960751200,0.16022550065016100,0.5804337065427680,0.6722247391163820
0.7303266338933290,0.7088595851937450,0.6222883525770620,0.49307939893885200,-0.9599627982948620,0.03479529491982510,18.593807030443600,-9.3757398773399,6.496295171441820,4.857320158005590,-1.535376096058960,-1.4879256739858400,8.711017563698010,-2.9557668803462600,0.0724272982806346,13.880797909644300,0.6455937603307400,0.882061090262988,0.3728608401375890
0.7189601176718160,0.9078370787114740,0.6764435404244280,0.5880936272911700,-0.9852845990326870,-0.8980373941008600,13.21108704211690,-5.456078287605270,6.296122363207030,6.7126864772933400,-1.466139020410970,-2.0157110257108500,4.090439758747670,-5.446416400044750,0.17029763223149800,10.649891428480900,0.18560370588304700,0.8681635969995500,0.5969515232561220
0.7374362298103680,0.5570155587263370,0.6144061880479340,0.5285000796166540,-2.3508946090296600,0.04045728497921060,21.191103637287100,-8.478275905544000,6.839351618961000,6.723213255427170,-1.441492182351480,-1.8670061645399200,9.445472281823910,-8.04907469960677,0.08790948782041000,12.81191629266060,0.1593747469753820,0.520416026724382,0.8753921819406240
0.7986770032666140,0.9443010400781110,0.6662710182215200,0.43420141842916800,-1.335512315343900,-0.49778056813397800,18.093634485039400,-10.61277323104500,6.4660375417158600,4.425353038230160,-1.8687446089021600,-1.5042495803457700,9.2553174319308,-3.126391273531920,-0.022492282482713700,7.425669808451720,0.2973548682276800,0.6739134832893030,0.399349738707458
0.7318929872123180,0.9910233731658700,0.5163198967495810,0.5799455864485690,-1.0716914775973700,-0.618849088659865,14.03581371430160,-5.056539151455280,6.423700331997300,4.24995363272028,-1.7876023429976700,-1.640951795936260,6.2257575450309100,-5.620543328456610,0.058962302206528000,11.714299221964900,0.26927502316992800,0.8536512438594020,0.8462309491702660
0.7838324458698580,1.022034952240590,0.6147960884243900,0.3722897629893650,-1.89582362974097,-0.6357702073536410,13.357295349029000,-9.617336395051210,6.61338804638998,4.178306018706070,-1.3773283571147900,-1.9929670520177800,9.080363336536850,-5.399647568898810,-0.1321523562390040,11.236684069178700,0.11056834260444700,0.8933807819237000,0.9159113757982500
0.7653830946127000,0.8022038176971380,0.6959542738783930,0.550137609574963,-2.163947352527600,-2.8609206056985500,21.32938871609530,-9.369766505312470,6.615708699317310,4.852407569501240,-1.7166160051966800,-1.5730536055299000,0.9094722579564650,-4.4401369683437900,0.0037751121002938500,12.693489188817000,0.0969881226653085,0.8423162223413350,0.5020611281053980
0.7594030451901570,1.0142957758737400,0.5893176596411690,0.5299476346630680,-1.9366472445750700,-1.0728384120579000,15.944331452176600,-7.528934071480150,6.043653536026910,7.340090735904910,-1.895384899544840,-1.8016374853745300,7.682611248386130,-7.646842703591360,-0.16404121589739600,11.461524243100400,0.12071571564924400,0.5356111641971110,0.7487658271525840
0.7957422632215740,0.22365202153591500,0.6043307161587730,0.4438353162518520,-1.8544156451833100,-1.244769481836740,20.53503321362680,-8.632990311824290,6.109313462045600,3.5982707142082800,-1.279699420610710,-1.814065391467020,5.6830976072695100,-5.0797514363962400,-0.270011724189973,12.894388934580100,0.11274809898408200,0.7798642451529250,0.9830435476699
0.6409996576090760,0.45933196161710200,0.6812504480061380,0.36100851046581400,-1.2153716733973700,-0.023120398227850100,18.02272589155970,-9.604002069110530,7.49090249578105,6.024830211023920,-1.8256824745049100,-1.5212875550440700,8.149780724353620,-3.5012811930871600,0.048471186571067100,11.629513869168000,0.4530322326727710,0.7869215236235780,0.5539556040554030
0.7596975077121610,1.0797339109734900,0.5697377927536310,0.6500930070446670,-1.8488648070652600,-1.393524118157040,19.67944648575920,-6.859598466939320,6.4241124208175400,6.307910373846290,-1.1558576230737200,-1.8620441614420100,6.867508823812690,-5.662932662680540,0.058676328873336700,7.181550341661240,0.14051662028278400,0.5249846248092070,0.7936717639897650
0.7404395108077840,0.9018370891618180,0.6915792146533890,0.21046649726111900,-2.2186044127592600,-1.3850238045463100,17.300515055545500,-8.918953474731160,6.270768423333520,3.2313328967272400,-0.5005939329530460,-1.1942151276159700,3.884209029662020,-3.686798439720750,-0.42944919952074500,6.929067314576550,0.6934964606330050,1.0421793156011100,0.5381071797538270
0.7633143415827150,0.4106317660853410,0.6878261389138780,0.49478048249061300,-0.6764367416397530,-0.28456267095675900,13.991949830201700,-9.312200386167870,6.719167340721170,7.469731166844810,-1.9982601231229300,-1.3487383848161200,9.62542780334773,-3.2335698745482400,0.047938833873837000,10.617023547471400,0.39466470169027500,0.9538938702087200,0.4957615762442920
0.6080957852167990,0.7790295666237700,0.6057236636019940,0.431980819690273,-1.8492262824006300,0.007839196975738120,21.851090664334100,-7.90042289734877,6.226931916467560,5.765286836089170,-1.6462018138453600,-1.463943969100980,6.441158310239940,-5.841861934919710,0.015624428803099200,13.129717917096700,0.9158060178667180,0.6663422023046200,0.5038839832120900
0.7582243910228810,0.9681500868070360,0.5891068411474220,0.3216718723576710,-1.0525040709505500,-0.2558060857808000,10.320264155139600,-6.84566151414682,6.194635586832500,5.5666493494242500,-1.2059344979270900,-1.5761120224929400,9.06633588185109,-4.9848630619886300,-0.06974706873580820,9.422869914359350,0.5554913158964000,1.1243455263949300,0.6938986704421420
0.763272877065572,0.876777916998571,0.6891839419642610,0.24813445245052900,-1.7167333426693800,0.07150362169574170,17.334839212675100,-5.121015220051090,7.055840223327400,4.26583692842739,-1.3730497202161800,-1.3845489486871300,7.978272526668220,-4.597665682363950,0.024921513477017400,13.406839037246900,0.918938675076697,1.0156457965802400,0.26169538611172500
0.7973709416977160,0.6760156497871730,0.4962207801312850,0.5387962114551280,-1.6885669395582600,-1.025969676925830,12.650000668592700,-10.84200737073720,6.436309728697330,2.960207103796010,-1.7159420411311400,-1.7442145241339600,3.0660397254416300,-4.61852116961931,-0.12567537925064900,12.078760397072000,0.11133683526853100,1.1164355161045800,0.8335809609303360
0.7941222223968060,1.0530380520629300,0.6049984046838880,0.36208143847544400,-2.3853733324207400,-0.7658888368209980,19.42947902910290,-10.399829429944100,6.624939304647580,6.875164531048330,-1.9315945630413500,-1.7071799419659100,8.910739633660520,-2.279145873754700,-0.04023637387649870,13.347938758331300,0.19585128235221700,0.7826104246229720,0.27667224375822100
0.7556185791717350,0.6822018639420770,0.6603060985040200,0.42179185416528600,-0.9871335160950190,0.07018913130216310,19.610684008886500,-9.508074829704570,7.152278290327910,2.902188958798500,-1.283933992727440,-1.3443048009045700,8.66707498408118,-4.241527339206910,-0.047467629777554400,11.698180891009700,0.8926306195922210,1.0803540555931200,0.6291621665337480
0.5663173330082860,1.031686574216670,0.5583345957817870,0.3006933446060810,-1.60434771984156,0.12882094007144500,17.16274317824490,-7.243334572984710,6.186069032075510,5.824598897300330,-1.9641892592071800,-1.4378615812113500,8.216826699910690,-6.40766740320037,-0.26027767830345000,11.092022946704700,0.8394908074609900,0.7012339056593690,0.6203699944529990
0.697395541782368,1.0357898791233700,0.6450479012717500,0.6640558302069380,-2.2370130341666600,-0.2868375253583760,8.649462729892700,-5.480764238646450,6.337027774520230,6.241347549878560,-1.690470816456260,-1.7690295489365100,9.739690865726740,-5.949856737648020,0.11649149310591100,10.254708355772600,0.13579799011208700,0.957424342056014,0.8732944164758640
0.792337875860199,0.993580674124319,0.5577216280602930,0.41824132683655700,-0.47989338289318000,-2.393511319636530,12.526132619224800,-9.228664902119460,6.167130673852470,3.869827542056280,-1.5585088047495400,-1.8540508292981700,3.6076396295441700,-3.353695652507560,-0.3398902026665180,11.671622844408900,0.14070584311693900,1.125043157938790,0.8603934467874760
0.7585133639754060,0.9716710222952700,0.6272767788245010,0.47673259722301300,-1.495248201463390,0.1115532194625770,13.812820864313200,-6.748891936963330,6.6053256272556000,5.9780815037244600,-1.7358678647530900,-1.6858898366644200,9.217180083341040,-4.798203897701500,0.09307355651377150,10.412064806153900,0.29412194249398300,0.634823366455872,0.6152810623612280
0.7370200904625410,0.5142341975025740,0.6603567336776830,0.48107797591484500,-2.2467062157066000,-0.08741036915032340,16.121162108746100,-9.546282480364270,6.908931820245880,3.777027749757310,-1.3309853723973000,-1.5237701258491800,6.164164118839480,-3.5427623581897600,-0.28724397788660000,12.779938112046300,0.30133273347795000,1.1219944115420900,0.28427282340583800
0.6169419410650370,0.8343802542295040,0.5807230262781250,0.5823232255932670,-2.2848653505235300,0.05936069446841160,18.4510206652631,-9.191035386961350,6.632795305520040,7.242750445173270,-1.0914710873519100,-1.585849846237820,9.699276537574890,-3.877146717865450,-0.18697006308128800,8.225810698542430,0.4424323788840290,0.5304861342455730,0.9966372314410880
0.7840487919500080,0.5522930044907850,0.6157590877568470,0.33653424136301900,-0.36330471414657700,-1.1216304595146600,14.031845235454100,-7.467248892760330,6.561135810267330,2.3374381633796100,-1.7431868004717900,-1.7712585601704300,5.564686644427970,-3.12651796804292,-0.015220500880765300,9.290457713132970,0.17923459317582700,1.0095917398385100,0.9076893750198250
0.7979027114650950,0.8799616710044790,0.665934806101915,0.23009921200809900,-1.1878560123438600,-0.45329501044651700,16.93615379800260,-7.786283957311930,6.543013988440280,5.212292590940180,-1.3620115384098200,-1.6616217908889000,8.83716447122996,-4.627973608597410,0.10670431202393600,13.332620536951200,0.2797723532051780,0.9293024074703550,0.41600141015677400
0.6633870198371390,0.800765419091489,0.6212081368486290,0.4478647282476700,-2.4027654040585300,-0.15395580739098700,8.439442473913080,-8.119782898848690,6.234876714331360,6.1964984441308400,-1.2509488120094300,-1.9853369031902300,8.87164734298524,-4.759320606142490,0.0597160539748081,9.52567458331624,0.11784592791098700,1.1074777633337300,0.6866438251471810
0.7467018401624210,0.5682752394129520,0.6112208210514390,0.3923052495716880,-2.2879079796546500,-0.14755407611566400,16.696336728001800,-9.10739098613272,6.338225590010090,5.474739611764120,-0.9172764636226990,-1.4466619399816200,5.280979622446780,-3.8282431607457700,0.0363094367005552,12.026833183384400,0.39879132453775800,0.6443245100040000,0.4818977328083040
0.6990903837685270,0.8071845547915810,0.6827969224507990,0.6465288640480720,-2.269421286344640,-0.2322576267438650,16.08282505555330,-6.538054609933290,6.899624531294100,5.6885364791269700,-0.8372240455626950,-1.4871608666676900,4.0389868401347400,-3.604078723730100,0.16929262845278600,12.828518714342500,0.40170757306881800,0.802917292212856,0.8292463863324050
0.6045540750328870,0.7984043877826680,0.524191894881808,0.5722849872650500,-2.2711627876471600,-0.04344811649832910,16.294630141410300,-7.408182810635570,6.074997526541670,6.752786327263980,-1.1191028214918100,-2.084901825095820,7.433272391223070,-3.9499429308320000,-0.07639212993744500,13.264434781681200,0.15756717197468000,0.8965958959901570,0.99961163540888
0.6382339004806720,0.8140612381793920,0.6684557752245030,0.22084540923008600,-0.814293772580913,-0.8897732921071550,12.044752148391800,-5.080410092881120,6.300152967342030,3.7234490671179200,-1.2890191728809200,-2.0271685218240200,5.002296750882440,-5.696537295383330,-0.023945677735353600,6.239867546524420,0.27690406344916600,1.0970253271615300,0.7642206997977770
0.7243150165986000,0.3370374829620210,0.6179663235682450,0.6138673577480470,-1.707482393818110,-0.15245125331350300,16.05359070017200,-7.5804173880646000,6.873224375963410,3.6389623437657400,-0.8981099385205740,-1.6535991971644800,6.714678444051290,-5.365144066503740,-0.07449500482161910,6.535705166209830,0.3342631842842390,0.9057919310851150,0.9824534752916640
0.5605316788023390,0.9125556039910750,0.6846419742343960,0.44163469651465100,-2.3665927606757400,0.016992303193559300,17.160563794810400,-7.548608914529710,7.695169224231950,6.163212350005360,-1.10447215767857,-1.72863217624774,9.732744945040060,-4.071034630314070,0.0844720367270852,11.355291246593000,0.24682177207194000,0.6482128963752890,0.9780478813743210
0.7852199339069830,0.5081134458442840,0.6824306975176300,0.3635275897285350,-1.1875949299369600,-1.561665215940210,15.970610859010700,-9.588568340713380,6.845266644701340,5.913458188429850,-1.548100184726970,-1.8227016430181100,6.4634635307342400,-3.2547005797507200,-0.14090583177920000,11.74284721207150,0.08340941834766020,0.8588553058664940,0.7972614046741890
0.5496956084334150,0.8318904558045920,0.49764993456350200,0.40513467282247400,-1.6035336477870800,0.03441540059945400,17.512718779212200,-3.4833132116985300,6.341441348415100,4.983331152895850,-1.6853527192727200,-1.495062136931310,6.398254884442130,-4.938666446900660,0.1472119178878400,13.586811500753000,0.5959441314110980,0.8715286896742300,0.8948543231429610
0.7699459021818850,0.9467985512702650,0.6311871934610230,0.311585815134785,-1.7811272834590600,-0.8359030065332010,11.812406337754700,-6.310731084612240,6.698558466340880,3.2787369911594000,-1.9168311993572900,-1.542861351063700,5.7087861240089200,-4.112804521501870,-0.0820536465640549,11.528493523952500,0.25077410271955100,1.1375883822797100,0.48325187763552100
0.6430890281252510,0.9762812016249530,0.6182871453783820,0.30549936145095200,-1.845274714599370,-0.7489420577315240,18.78383225813120,-5.190556523641110,6.1702240694702300,6.29396290593824,-0.7244595043074200,-1.6786205614434500,5.845842924370450,-5.332162609512840,0.12639368444834900,9.500427350595780,0.5589349364224910,0.5600138324099050,0.730851905475229
0.5159473975686500,0.6331389512847120,0.6461588072854700,0.3472013469196110,-0.1838974593957450,-0.25890762099082200,17.216005080507400,-9.929640310637070,6.343767183738000,5.497102765359550,-1.9852335363863000,-1.5182290905367400,8.673302506806320,-4.316362057644560,-0.22870999293187,11.887473712180300,0.5627781385968750,0.8951901157461990,0.41503516185899000
0.7229215883176450,0.5689130841519600,0.6963941276615190,0.49876890277175900,-1.8213690568802100,0.05817197473005740,17.868890937466400,-8.991220819748720,6.979429441916520,5.4521680118621900,-1.4587740915524800,-1.338085587795550,6.017849023516120,-3.999927117573,0.13513029489216000,12.513781106224000,0.9079593812908730,0.6678845529696270,0.705563880529003
0.6583675617368840,0.9918155390174410,0.6166070977870340,0.4881499169166530,-1.981458775960140,-0.028376130821341300,16.822130839996200,-5.539067261047390,6.066753565354810,7.905476594607320,-1.9543818723937600,-1.457091759665850,7.794101434486240,-4.916689481752860,0.17276048743181200,9.272342558093610,0.5358759288439720,0.4980035822694950,0.48129625205697700
0.7829553639150790,1.001690793212430,0.6911499565268110,0.456779315829239,-2.4757713473936000,-0.2963992134716280,12.969250959368400,-9.239891723874780,6.714796145222,7.604275343771360,-1.1975450404190300,-1.4393710280348700,6.093395646670230,-3.5318285741786700,-0.008058377452209750,13.161449968803000,0.29835312235273000,1.051809232415110,0.5596387960704620
0.7624866802557860,0.9543248448109460,0.6850947901367410,0.5594222720487750,-1.9493441692720600,-0.5307139333018770,20.601300477357100,-10.702900865116100,6.477746048164760,5.552824519070520,-1.239492512325570,-1.4104158900920900,6.873744300508080,-3.2974944448591500,-0.07223312755056200,12.81623186431350,0.445862218823523,0.31900001253261900,0.6777638652732770
0.7115177386545620,0.6582264960600170,0.6362329657244670,0.23836701910647200,-1.642044345908690,-0.27878124917855000,13.421750173768900,-5.523037412071680,6.950346675343520,5.45275436549319,-1.9530081330545400,-1.7283010351898500,2.3001497646208000,-4.367846814628090,0.1533914545823490,11.580828455148600,0.15654368201697600,1.08403231885316,0.9549254743966990
0.6827033944986040,0.9582750195132440,0.6349097957135710,0.47556762120309900,-2.116312378858490,-0.2669639767929160,20.218133667001400,-10.693424968924800,6.919662358207230,5.077990933154580,-1.6521517323062600,-1.7240251030094400,4.523384808501950,-3.1534331600533800,-0.19973717205138200,13.806282815609600,0.23284892764672700,0.6230985739616400,0.5800402623680400
0.567874619126455,0.6355402102542830,0.6843247126146800,0.504933148237008,-1.8285275367002200,-0.5068876685631720,16.28588264549110,-10.887178987373400,6.141027308861790,3.871717849435160,-1.6103687645275000,-1.8030776887356000,4.905226677025410,-2.6273097542564600,-0.09183247742383590,13.381090428711400,0.21138364212840700,0.8808144527912990,0.43519549041928600
0.7955024779857060,0.9869302912577280,0.6048109102141690,0.25886329524680900,-1.5057565039264600,-0.8413666507918420,19.153860852055000,-6.4663363795390000,6.150100404066870,4.434969774595610,-1.0936623803963900,-1.6090859589508000,3.69932545182853,-6.018245066003760,0.06034189655096970,12.7577091475549,0.289842537612434,0.5103918925958800,0.7059075368285780
0.7316620540077980,0.9752035187871130,0.6517275595230150,0.4669919218439560,-2.3470173926863200,-0.9339009329026660,10.301046923256500,-9.182477034718000,6.784481057560020,4.150464880586390,-1.5173258722478300,-1.7623850203161800,6.023615397766680,-5.237519635633250,-0.023507772615676700,11.009076892798400,0.1421208179161660,1.162014907602750,0.5341146838513510
0.7772860787495550,0.7056036156096490,0.6273192850402630,0.4648235825841140,-2.1522654581618000,-1.5757809115369100,16.894850856776400,-8.492548742906520,7.338156558865380,4.588628506798000,-1.928363902548460,-1.567385227696360,-1.270474643429880,-2.103463196708050,0.1390231404918240,13.99428534556610,0.15545808389687300,1.19505824105689,0.7942008059848160
0.7302240383803650,1.073262804066330,0.5428067648371110,0.23452386200668100,-0.30232732990973800,-0.7259546842438190,7.107186346423660,-5.569517496283030,6.215028679981460,3.1008404512008100,-1.9772756562883700,-1.4410262921068100,9.583785009319260,-4.822175090360370,-0.11635833659297000,7.032316260504190,0.37411963716302200,1.053477400301520,0.8817923268269290
0.6288057766883230,0.33194207197857500,0.6122331974834780,0.27479927030419200,-0.7893923911401230,-0.2669494823822560,15.931717090384900,-8.976661554215310,6.082436317596140,6.639053847075770,-1.5217830832658400,-1.7004292008433100,2.7804765764145300,-2.2734083587828500,0.06071856844229050,13.857207498841800,0.4153517565862800,1.1810327779200500,0.5137567745685360
0.6711946032164260,0.8066521389939860,0.6102631930845100,0.5756036935902040,-1.917660196961310,-0.8354418584836240,15.504495638060800,-6.422635281065480,7.000613485322160,6.944004287442640,-1.1272672300579400,-2.121996107165720,5.681841888822620,-4.965596505821060,0.16855578226988000,10.919464591152600,0.1489059945736180,1.0579390884851000,0.4692715038414840
0.7915307015246620,1.0056261526677500,0.6415562646023360,0.40965000383316900,-0.32865775763995600,-1.5473232157621000,14.937585996776900,-10.452597598763500,6.0662532540153000,6.899528672112040,-1.7422143327873900,-1.5681176650586600,8.729944819912160,-3.8933658953116400,-0.07508254217597080,8.724669162797450,0.19706449648327100,0.5490242399716820,0.4842253713192410
0.7479736795539230,0.6852528353354230,0.6404721941266990,0.3095420685851140,-2.1898106246332900,-0.12042258467597800,16.255926264424100,-7.846013214075540,6.671879977155640,5.325098697357770,-0.6626484550501440,-1.5166976260184300,4.9783840076554400,-3.384314672540790,0.15239691796023400,11.500994171717800,0.8478553349598320,1.1288090134914600,0.25193563304356900
0.5814437872524570,0.846681378581626,0.6653092309987760,0.6065266170056540,-1.446362508319810,-0.06926968320453110,14.987470921777700,-10.062834435333700,7.113729465440660,3.3889845194038300,-1.2857808433760900,-1.627232592362760,2.8913081650444600,-3.58450055038471,0.11775779458812100,12.475947153666400,0.42950318058813900,0.8180663998604950,0.8254900001920260
0.6957323090533440,1.061015289428810,0.6381591070374440,0.34890545502667600,-1.8662837954851600,-0.035562095495019200,13.680875933616900,-7.770849083258800,6.656561344998880,5.499523412876140,-0.8491135345099440,-2.139707749198090,9.4599438252269,-4.964811013028650,-0.020972908741311400,9.078104663605970,0.24264546277149900,0.7199264614630630,0.6088739811024690
0.7813274860577230,0.7350021533800420,0.6816978810592650,0.2938025414864750,-0.6114581588546000,-2.5831365909517000,10.670970373349800,-8.953251262208500,6.23117199336928,2.402986632139880,-1.5676145787645300,-1.8262441851640300,9.631464730669500,-6.101564292710070,-0.379001788258288,12.51298858235910,0.09527548138441320,0.9383661109160870,0.7216278109473730
0.7962685594639760,0.8649356194742200,0.6984004114839020,0.47671677128441000,-1.2985361144526200,-0.19128734136884900,14.653968108329400,-9.80054880431024,6.463036699910430,3.156058104623520,-1.9254014608793700,-1.2134546880915600,7.123862995991440,-5.23134115227644,-0.2180843493791260,10.652913350571300,0.7412570132442430,0.6372123698044730,0.7867606708225460
0.7932700138376820,0.7748988524675640,0.6328860267947810,0.36541420067171900,-1.8129544490885900,-0.03207859869033420,20.306290425045600,-10.674868126487200,6.787261635454340,3.5160992961721500,-1.0960741883553400,-1.4781510919830700,9.798208247111050,-2.6857329219990900,-0.22117507981321100,11.611089249774600,0.3543554136905670,0.39137746011511500,0.8812410819940400
0.6516664629511350,1.016771558567390,0.6845853432062080,0.653474726333692,-2.394385501321910,0.006376074845895420,19.203997134805000,-9.142107850969580,7.255528934071110,5.257902257380730,-1.5257455932092900,-1.5714601317670300,5.023687310885700,-3.5492300164899000,-0.2084033059227080,13.763933199861500,0.418665514107059,0.9840688565925490,0.6715206386635210
0.7778450194064690,0.3589583154081030,0.5910259183538500,0.6360176644545190,-0.8771710288496720,-0.5710179217546230,18.218548384834700,-10.370539602221200,6.18058371300614,5.056035023659780,-1.5405305394672200,-1.6564572687021100,7.647590609474940,-2.539292799362010,-0.12750115364748900,12.95652981042180,0.14949221102991900,0.8282471562965950,0.6012950928083020
0.7488904329196160,0.7447789758169150,0.6574959409325070,0.32947907870988700,-1.3224027501611100,-0.3738999386747310,18.034468126125100,-10.93192598003830,6.501972396941550,5.974180369032080,-1.2229864705015600,-1.5661533997070500,8.370737070632990,-2.8825482201944300,-0.1797814054669660,12.551345490900400,0.2629768562553330,0.8596714129177240,0.38175469432750600
0.755907409050031,0.9264339427190400,0.5737990090683810,0.6084014567214740,-0.40521715370962300,-1.0959045838936500,12.146482158912000,-6.554661724092890,6.768642311071390,3.339934172185160,-1.6965691748783400,-2.1499963175688900,7.9557372806962700,-5.673760140952450,0.10215039842354500,10.895453337450700,0.13886399493328100,0.6372782070668620,0.981897329899235
0.7864680636318330,0.9455930022751190,0.5999415243468060,0.6386830185900990,-1.7316837113478000,-0.19313520414410800,16.912615351030400,-9.28636642024041,6.381506219775350,4.563867846277200,-1.200992531242470,-1.3851679359633200,7.405845806840320,-4.669404811886170,0.07892123466982050,9.525124104663670,0.4386630624683930,0.49439016395276900,0.7412285720274740
0.7001422093646550,0.868984908730958,0.6533753331661610,0.3998588536848540,-1.5253735328281700,-0.49539906111517700,13.748740720337500,-10.836191956483300,7.243480817905510,6.525832895861080,-1.936586341935290,-1.45847187029912,0.983789810122722,-7.295991556443560,0.14708454436271800,13.177622254186900,0.4676276707700480,1.0683825363573500,0.5761009970553470
0.7001835109179230,1.0077958864043400,0.6358434204969210,0.30315445277680400,-1.6340365041876300,-0.38906953795912400,12.491191639499800,-10.61052644751120,6.453290642397340,4.913783110285880,-1.8452899200939400,-1.6985097100052200,8.157431659890820,-5.9709948100807,-0.04663658909176940,12.03049714932930,0.21190207078784900,1.156069981101310,0.4147839730690830
0.6898058850706930,1.066550543511090,0.6782849346312090,0.30471204708661700,-2.448342382875640,-0.6467489348190600,14.147914512508400,-7.6049555146692800,6.511534268465300,4.151489261061340,-1.8122810989038900,-1.7333503779832700,7.132736101623180,-5.932458853163410,-0.029101837356546700,10.317539719785900,0.250646421297623,0.4611770729112500,0.6992781343167810
0.7998693809972930,0.40480100466750200,0.6469960049950020,0.32213873652539200,-1.4356976775904900,-1.117389484953110,12.548435096813300,-8.662836661881530,7.0578913830181900,6.415350164626950,-1.7944057764952100,-1.6257045407844000,7.720935497037010,-2.850903637234010,-0.08301422115372170,11.65286036219440,0.1368466067397980,1.112070723409760,0.5488864770583310
0.7953022782397550,0.883525772840045,0.6497286381593840,0.35909649587814100,-0.65588538349999,-2.349865111249290,18.323250305790500,-7.7984628142547,7.061065172008680,7.644441838441720,-1.7954714344281200,-2.1375299425737700,8.16117704013246,-4.579669193151860,0.045833795794134400,11.942779535272700,0.095191241260711,0.5779152104517030,0.9992055760327150
0.5793362697930460,0.45855309887386000,0.5906198022251560,0.3607190300098490,-2.3804660764025500,-0.18977022625450800,17.06290309450440,-5.761421523206910,6.86558424897901,5.337080219640660,-1.0466686467300000,-1.6135547389209700,3.8567403209959100,-4.33896946504026,0.15838913647435900,12.961091743777100,0.450284718774559,1.1084306459055900,0.7428044884957450
0.7602441810610470,0.27179608981080600,0.6295145367145910,0.30071907212770000,-1.8480749154817300,-0.5903064908460140,18.013660672031700,-9.471368027240280,7.238569165631800,3.180321113938430,-1.7231853009902900,-1.855355664526470,8.360771558762490,-2.629555733452810,0.1511066422027860,12.235694450513000,0.09475736473317200,1.153167069733420,0.5691483928498810
0.735136814397704,0.7385781327882370,0.6561718030935960,0.5507245095789830,-0.5777157114446330,-0.7044252369703150,16.228382210342100,-8.45420581095064,6.92300159366769,3.291000590081260,-1.5632506155260000,-1.767080201006660,4.302268747027010,-3.6707394208001200,0.031741997636545200,12.805640607950800,0.20450274530850800,1.1833290868691400,0.6400485238307160
0.7873510959558840,0.451008626553721,0.5676371680152090,0.4946003724965530,-1.735380416463650,-0.5062387977359050,20.85399923640840,-4.205013357241340,6.230422758254930,6.062779807860690,-1.1758393299353100,-1.5020072636518200,8.057693898478420,-4.135043913545060,-0.06465865930411310,10.535277277137400,0.3286410300742960,1.006664415462290,0.9744696045972910
0.7427583325420730,0.5809527281443260,0.5856312622097980,0.6689961295190030,-1.5727023484532200,0.17364837671175400,20.697336476190000,-10.032330825049200,6.495171777522720,3.214967592340460,-1.9458989175969800,-1.364002322235750,9.306548018924200,-3.5435151936027000,-0.18300978501066600,10.273235671998800,0.5734224011965950,0.6223242383900010,0.7612485811847670
0.7823319970792360,0.8724614534205740,0.6141330211638200,0.5039661241929910,-2.1040248038459400,-0.15565113508543800,12.844675207257300,-10.810023389834400,7.210787669951760,5.3263870099915,-1.6094967805018700,-1.2709531914066200,7.923317078142720,-2.279104967957930,-0.11339537236938000,9.197359297747900,0.9077159173614580,1.1754374770790700,0.6867056964091690
0.6781036294596510,0.90104039829544,0.6234762991809910,0.6849150098246310,-0.9512158768671500,-0.6570652457430970,12.843306915404300,-6.620936926545680,6.172062410081140,3.1585765457535400,-1.9533737535752400,-1.6451282228438200,5.244570188127730,-5.214092988874750,0.10272445959979400,11.355116176431900,0.23199881482690000,1.1094620365863400,0.5597989799288240
0.7448172263347450,0.39009175615332200,0.6197319688605770,0.4173460514702610,-2.2159416528224100,0.2823588600629930,17.153055740549000,-8.918956529069380,7.107085577420060,6.841315976012120,-1.1773693337956300,-1.3360906629422200,8.073304075740050,-2.661024463605770,0.053909985324835,13.71016298195610,0.6503040128976620,1.1030926848628700,0.6337151543366380
0.661166199739896,0.5580721114198570,0.5519736382840500,0.5324076633504090,-0.26014053145246900,-0.028591457284235600,15.667492181402200,-10.663800734965200,6.2034379186679800,2.8227653186304200,-1.912896948879470,-1.4266671441643400,6.754375481230740,-3.0339492814419600,-0.105224780834975,11.591414619869400,0.6741664056175640,0.7587774594686240,0.831460095069734
0.7275029909013660,0.6833981502575180,0.5453835982127790,0.6870369808355330,-0.700342086813438,-0.5509384338371340,20.48187768686390,-8.249543207201740,6.073504346043310,3.665307338744390,-1.7315083956725100,-2.1515047663827100,5.273992129110880,-4.304313001752370,-0.15448241494892900,12.670114401683200,0.146023700734219,1.0616965166828000,0.40151078567031300
0.7503314478898110,0.638612526942377,0.6569128452899250,0.5283312349058720,-1.9010614374420600,-0.1832764909782430,21.48208762383970,-7.09222139295987,7.156685021420360,3.7905692851347300,-1.2583376711569400,-1.5444550411760600,5.226506273067280,-4.964779059383990,-0.02746458377001450,11.873483243376600,0.314435431083223,1.0028119513173800,0.906332590923009
0.7958786556406340,0.6079908439571550,0.6249329791995430,0.559860540612395,-1.2799041384495200,-0.4927698780504480,20.59918783901270,-5.496405066767320,6.548220652065910,2.2602828796404400,-1.0797058849908200,-1.5915657148621500,4.9469163524836000,-5.6577189698925600,0.06579376591737110,13.311535056537000,0.2776205441296720,1.165020741626560,0.661891385117086
0.5854455993945050,0.6909499410053050,0.6895995893201230,0.380482617968178,-0.4597318234538790,0.04474593640972490,18.299997641497700,-8.264390868158710,6.479396117409480,6.38583319908198,-1.4135912873529700,-1.7963669671864700,9.444945283791550,-5.533998525554210,-0.060880087812019300,13.974550775731600,0.39911068520748500,1.090244738299470,0.38940357317346800
0.7710293392038180,0.3881591586762260,0.6319339910105990,0.57902257525181,-1.6488848725394700,-2.9371424843791400,19.214576755516700,-5.023479170212660,6.821589202188150,6.577946673437520,-1.9558008051699500,-2.1287651786180800,8.32398993835193,-7.854388482565340,0.10298369442068100,9.527574446751880,0.065949830776897,0.6481293053193550,0.6580934182981440
0.712828774742863,0.8984190053814510,0.6874883062500510,0.6591859377257760,-1.3420252988793100,-1.290555222941220,20.72122381047490,-8.478088122005500,6.094229426721600,4.536434678730770,-1.758357555509830,-1.8576064578904200,7.628753130213960,-3.720721460818130,-0.1087410166818540,12.996719796635200,0.11116118128743300,0.5873517792597740,0.5115651828504360
0.6722184866367110,0.8985544812974170,0.6165830976862250,0.4684963600840100,-1.205653718705820,-0.18099906306411500,15.2207566647703,-5.8830607136443300,7.227403284996900,4.073537259175240,-1.6570179876437500,-1.621238121536690,8.926628541608400,-5.0960084912527600,0.13437283212162700,6.00255497382262,0.2936903881400120,0.8274196569672010,0.8600296355381720
0.747827583262046,1.033159183719220,0.6763136113432710,0.41229908073258000,-0.5550775849914,-1.4292467290128900,7.86616458872865,-8.250891551174680,7.135717182212450,3.654676345198540,-1.9448897959176100,-1.867645784353010,8.68917728031656,-4.997076411168370,-0.1364654763265270,13.997593223293100,0.14453186266295900,0.8739719512298400,0.9796323504988330
0.7602450980805440,0.8915040676204210,0.699040445417757,0.3818822702899760,-2.021633070801510,-0.1049045330609020,12.848034539593600,-8.788972658817570,6.344112065902250,4.135998527389600,-1.0694376712387600,-1.3554595428432400,8.864054765276720,-3.3365415352270600,-0.11981441441761100,10.97698655601960,0.5438217764396810,1.0321801837299500,0.49775661220042600
0.7802932576784060,1.0493599846390900,0.6075940359702450,0.5246058622957480,-1.2985968891188200,-0.8029872198206200,19.94585837426950,-10.66244193443740,6.111478770459800,6.014702302661580,-1.599093663597850,-1.747618530016390,7.06246682531953,-8.797699905767980,0.05043723360357570,12.66683684464600,0.12552661701087400,0.49369081735222100,0.6849147140174290
0.6700551017068070,0.821302998680035,0.6371923135909030,0.654203035250888,-1.8495350192192700,-0.23734268202065500,19.873947608872,-7.4454198218676300,7.513681813421140,5.414529849713620,-1.931492571358710,-1.735877840040380,9.319707562143150,-4.701462109541560,-0.05417372673022620,10.19142672419600,0.2124436695438500,0.5650305524020340,0.8314552501760640
0.6420757914506050,0.8680117899370320,0.6537311676671640,0.2578366600299830,-1.7856237464709900,0.19480418510028800,20.19813353459800,-8.945692062832710,6.803704465346390,4.135886940340750,-1.0467772923109900,-1.7076461580992700,9.517598225504580,-4.275490751790220,-0.20421412996548400,12.371508280925600,0.281961177825575,1.085101808982330,0.9736618692577680
0.6862775580464780,0.9418283951882040,0.512676338805734,0.5371760614272610,-1.661694280704030,0.02781411718197870,17.78645116184680,-7.148277553441040,6.420203506475750,2.4502245572891400,-1.456357065655470,-1.4706833143089400,8.182311876505670,-7.291399658485010,0.0516190824400512,12.887385761068800,0.8408628177597660,0.32258105409907600,0.973292860266802
0.7663190567422840,0.9856927582971410,0.6995753934269260,0.6956667923412860,-1.4623306679629400,-0.6230496998254700,14.963826084395400,-8.072438091104900,6.633886970181880,6.908438290529870,-1.5525770292917500,-1.5194172533821700,8.69295161031953,-4.843406097407330,-0.021646292944820800,11.954542533130000,0.30800649364096900,0.466462132094236,0.8478820795359470
0.7087402809952150,0.5280006715000120,0.6702040889701440,0.25896771798399900,-0.5390544345187700,-1.4489260966799900,21.755077017741300,-7.390997017955050,6.194076635821010,5.760184876969700,-1.9390185017206100,-1.9308093096869300,9.350472476001110,-3.358752826989310,-0.0414651995967001,13.936538080344800,0.09812010116111330,0.907800063395947,0.5496066206268440
0.7986452096022560,0.95977300398242,0.6674237798926440,0.3858090406193100,-1.9917307623742900,-0.1437265981537800,14.367139664626000,-8.821925608801920,6.078824594011850,4.382670447550020,-1.0863436807450600,-1.4633058203604500,8.745184135741790,-3.7916107257649400,0.010405450169274300,13.365412867812300,0.4540901568376860,0.715335806008409,0.5023178629783990
0.6555382524359840,1.0897868624466500,0.6021377630714750,0.39633292722955300,-1.160146276371750,-0.42194935979891800,12.670300411046800,-8.204452219887030,6.845337005158210,5.898955219727010,-1.6865168322962700,-1.680370468603620,6.960620787422870,-4.571652473472860,-0.09018509489689740,8.141085595663460,0.31397934729510400,0.6659198583784820,0.7310743250694250
0.6189238813305680,0.7897617236635740,0.6928648166740470,0.5475069266243450,-1.28547109083287,-0.4585045210460050,17.326669909645700,-7.510309773101840,6.880518671881210,5.77309603029571,-0.984393448096696,-1.5967853828651000,6.978341794896720,-4.048210684713370,0.11429345162642100,7.133989643387640,0.8155109269641760,0.6313536229901650,0.7835598318742520
0.5988559427321350,0.8633735487134980,0.6753228655566260,0.24314600950898000,-1.0838898329471700,-0.45734664293629100,20.222342250276600,-7.325699649812300,6.9386889386655400,7.647740838415240,-1.5895823664976700,-1.9565577529435300,9.670012346402710,-7.732397643980690,-0.05186615311598130,9.455621959432450,0.19129181131771900,0.4880142231605990,0.9319251822029220
0.7217363929282500,0.8072610494409370,0.57633414491987,0.33890694441163800,-1.8493959375420500,0.044835142620489200,18.98293193481610,-8.469782690224430,6.267994967097070,5.427382377133400,-1.5975839535505200,-2.190647701975410,9.25292786163168,-4.788864096134960,0.062186004153387400,12.968004037281900,0.1089195957597210,0.5599660636885810,0.6578032195251610
0.6549427360829970,0.8701661162847990,0.6655537936137860,0.4532689459583260,-2.217591217169620,-0.032995027996192500,14.806773151833800,-9.825232278987220,7.303429750302310,4.434439573352140,-1.419341549532000,-1.4227344406416300,4.034503784724850,-8.157525552506660,0.15683327527337600,12.865589877357200,0.7759179759070690,0.9723229590496390,0.6603747484868910
0.700358466243911,1.068894322355370,0.6230010414131660,0.3264624829840040,-1.9206738910079200,-0.204634296866972,14.255427242723800,-9.76359899757259,6.687423365872400,6.230337520929740,-1.3771872543386500,-1.5187629665325400,7.7895336229197100,-3.342010343829480,-0.26424675028714300,10.895224749776400,0.3236029989623880,1.0136917331461200,0.9665459545544620
0.7554380564792100,0.8911633549766140,0.6073717121778180,0.3946111083515950,-2.3341191667280700,-1.42872657700542,14.402691394929300,-7.866628279062740,6.562645587100350,3.71406821892278,-1.0892704687789300,-2.159907445557770,0.5955388075948420,-4.518870576424640,0.11704371631882500,12.371663023952600,0.12614497295543400,0.9977068786427700,0.8064209438652150
0.6807034374878530,0.9105087443505380,0.6467494946354650,0.5041365731185440,-1.2657978353800400,-0.6014482876410130,19.43052965476720,-9.82588301027951,7.29006874957097,5.148962375050590,-1.7245416066295400,-1.9164935462481200,8.021484106682640,-6.194299312263490,-0.13700053355532400,11.66732552273840,0.1796931207067000,0.332629672957661,0.9521134253324900
0.650958034326065,0.7520245508295440,0.6710233803179020,0.5174585372777760,-1.3961936630187600,-0.421282357365662,15.918075606478000,-9.240639514196940,6.471326660375750,6.223129664533150,-1.3087785146752600,-1.6175204437740400,3.7571922019839400,-3.655071329073870,-0.029563162843556600,13.46259241685670,0.35786122321496200,0.7559257640003420,0.5374351004989200
0.653197933663662,0.7849983117519240,0.5637769619095330,0.5388879138169180,-2.350956598128210,-0.02603130101374870,17.366755847586200,-7.513877562619110,6.865990996633980,2.4127539971101400,-1.5375367261985200,-1.422193503894710,4.1843422953883200,-3.6492798907315900,-0.004263483829273360,13.91823732084620,0.6978421096760340,1.10392984496295,0.3712721753982130
0.6800386287946390,0.5165816043428630,0.6849682786481430,0.21751351296714200,-1.0897224438898200,-0.8664533178070200,16.93041395573810,-7.247017883065730,6.7268342223719800,5.666392463129960,-0.9579178002043270,-1.906033730051070,5.458343006260830,-3.4395552329723200,-0.05268782121840130,6.830157837386630,0.7573837148417720,1.0546148168570500,0.5884411249247700
0.6918118395437610,0.8222862673683610,0.6919743018236800,0.22859893357005400,-1.6669253932550100,-0.12947294248077200,13.54659252355680,-9.164966019576950,6.187674384971160,2.3490923376568900,-1.7096906824525200,-1.4061338928590200,8.953746852685270,-3.09293643115961,0.14852066850876300,10.640358099919400,0.32903744779130800,0.7105466994023900,0.5051962077309480
0.5687067713848750,1.0735630869181900,0.5133043779542970,0.4817975115085390,-2.446052537521190,-0.1160189511679050,13.301961384755500,-9.075859337206470,6.243690765962120,2.6136839091128300,-1.5343924018796000,-1.6401900800019100,2.847483869041150,-4.929825264640710,-0.05449947291526460,12.301419893191600,0.36415039968061600,0.8933189535050530,0.6816121627660530
0.751148368656178,0.4150225754486050,0.6804747108815490,0.3260243770833340,-1.5946853971084100,-0.2311541459388200,16.961536016488800,-9.839648892293450,7.10459278758328,5.171771459424540,-1.84258327541489,-1.7470986050989700,8.43020437057099,-4.750696221666640,-0.4023979669378990,13.939267342025200,0.16099046735371700,1.1219553244009900,0.3186969229854780
0.645489112964736,0.6523565655059240,0.6125408592324360,0.2643143834894730,-0.5613041778741540,-0.07826907402632550,13.118517124764400,-10.6686587538415,6.537926679097620,6.074655641375100,-1.3166444049824800,-1.5258632604611100,5.652025909295420,-2.682045336485310,-0.15083925948616700,10.46203506284060,0.8352598163505320,1.1517429242990700,0.9499276744109280
0.6510956539529340,0.8701021963426730,0.6200560305598460,0.514015000785816,-1.4109609475852500,-0.5435899067147570,15.857106079089600,-10.960591474527700,6.677165812864850,5.566027374823140,-0.9522757179809620,-1.9601766415429000,0.5691669392869510,-4.617913405970380,-0.009450863016836560,12.843366951060000,0.41253628590136100,0.7053866202573030,0.8678504954041410
0.7185519777164140,1.0202680621223900,0.6103723526558740,0.31031691780545400,-0.8932675657425260,0.03372672593926470,13.534027234579900,-7.733714764012360,7.820110211757570,4.809334980573110,-1.9112273520000100,-1.366508486556930,5.305264057382580,-3.526230247855830,0.12112060306565500,12.785622021524700,0.7172997676945960,1.1176563626917900,0.8184733447724870
0.740823561863031,0.453251320145853,0.686024627219451,0.3540211160159020,-2.2633246346293600,-1.3619951013523300,20.990592345998700,-6.810622030140480,6.971724132525980,5.919814741090490,-1.8620796637565800,-2.1304832476585000,9.188192922433980,-7.95882636701786,0.0478559577581829,9.085846987654490,0.07805615221115970,0.5832243615090840,0.7950087813911830
0.6680995415113720,1.0258185680547700,0.6787829027999200,0.5310722451093940,-1.6156026611027300,-0.07056551819614490,14.26720772916370,-8.205426041916520,6.714916896503550,7.943017957037570,-1.4181114123614000,-1.538143825672860,8.988941344494160,-4.7904744222144400,0.1950177347965790,12.606783393739700,0.28885319550884700,0.991090454634717,0.6183254894096630
0.78748665205401,0.35497032976161300,0.6460728544917890,0.4176238854225180,-1.9375226369075500,-1.2705854237488800,18.51953769956240,-8.607258259266970,6.558451748216420,4.9514166278964700,-1.3587723752329900,-1.886973079676950,8.529141680230530,-4.026135775550940,0.0345115537193668,11.05231257538640,0.119725604753669,0.6522486050002240,0.5790265564863920
0.7273490988371140,1.094234246467190,0.675852883031056,0.24473822017511600,-2.090184004446970,-0.9841340037829580,11.995957624286800,-10.03258019886090,6.758043774146090,7.166587679752870,-1.5890454490907600,-1.848255548429740,7.370285823019730,-5.555138019863520,-0.16368867517412000,7.2431991785766900,0.10494793962065200,0.8306282832740280,0.5023694799332190
0.6328557919562730,0.7487576660957110,0.6021179283060070,0.3480243788999890,-1.521728835029000,0.1440426468232670,16.33626405940380,-7.878534412194560,6.36760895788412,5.843723499104440,-1.5083509884762700,-1.3445567281169900,8.777023800628300,-4.894747553540410,0.08133491855358160,11.510804736416100,0.6162291528134900,0.743720888231534,0.7759963587818270
0.7677603814416540,0.26874971825960400,0.5826802519340920,0.41915697008903300,-0.5977259686023700,-1.3640605064258300,17.758274951944100,-8.29209313207119,6.455349249353010,5.223069141228240,-1.759186209243420,-1.898357720281630,-0.35441099045262300,-4.458113455496810,-0.21319574754151100,13.206654345744200,0.16155401825032900,0.7608456041941240,0.5681461842556240
0.7332600463712390,0.6534569843178180,0.6894288534699840,0.33804434029551100,-2.2313318061750300,-0.782436901933945,17.24534670543680,-5.7704358850530700,6.704004227873960,3.590153034811190,-1.487481683150240,-1.6841348509378200,9.401854785685150,-3.7347282967264900,0.09574232496428330,13.15796090376000,0.1519572154716370,1.057579953992930,0.44536506677307300
0.7786686434735750,0.815007988754984,0.6114757827470590,0.506457187449312,-1.7952135838988100,-1.6731449677261900,14.253989300177600,-9.117995443814670,6.673716209266830,3.822591774965230,-1.4049743786054500,-1.5757713217744900,7.583461687203540,-4.047632578783870,-0.10344151722699400,12.919071473474800,0.0992883937562766,1.0443763453021100,0.6244217470366540
0.7919280101566010,0.7672111538219710,0.4736878295316310,0.4942647297453960,-1.978152495109230,-0.3722311234430470,14.066565678916200,-6.704614993349520,6.225426600635740,4.379713994397890,-1.4653131563514100,-1.504057859753840,3.0145272211499700,-5.465430822586740,0.07915545985914550,11.821716618754100,0.28267837717825100,1.1760849970634500,0.6259847327944490
0.6688561744787700,0.6036580361958670,0.6086435582328850,0.5633379652244040,-2.051512495866780,0.13222927281419600,20.15545815537180,-9.550321017276350,6.601836214322430,2.0037161341095600,-1.534246013379850,-1.8305055003740200,9.71029428093531,-3.1236788083447700,-0.2855825826565960,13.112526181105800,0.15554013203885000,1.1120774048691900,0.7551472821300210
0.7138980527167840,0.4423283835624180,0.6132269922486050,0.4408656093369530,-2.1169551047192700,-0.01924461352871370,21.767701053868900,-6.956508515532850,6.761246602565980,3.220582744777380,-1.1395980017271000,-1.6009364540816500,7.199965458744480,-3.39292063366348,-0.05846149121425510,12.683288756300700,0.3931281967112500,0.9783981236509240,0.5384830228945930
0.7972890923527390,0.779793129126729,0.5210885548330230,0.4630954947203350,-2.157126070981630,-0.20860261030422100,15.668368661820900,-5.296245644537770,6.431202324980610,4.266892441785270,-1.2371379973945400,-1.6266437449413400,5.661314795073650,-3.9398729669839600,-0.01590872073885340,11.971072909118600,0.28120994431259100,1.0902286743184400,0.7610378654679100
0.7609593810722960,0.6270072470132020,0.6913237873413630,0.5115045745920020,-2.1084833457408300,-1.6357413122670200,13.426539818912100,-6.056098853483050,6.690492756221510,3.6379830574641600,-0.8113579491803100,-2.1274310029625400,3.557342229950070,-5.629091032855070,-0.11412554289870800,10.773937472607100,0.12770865311323700,0.9266792312629730,0.710273495222775
0.7573277477591660,1.0450951233311000,0.5260296868533310,0.3324298317113370,-0.4197417319175350,-0.15749476442241200,15.862961012719300,-8.782873965372720,6.015434709427460,4.777387679119940,-1.8957612108206800,-1.4469396396393000,9.921001025684370,-5.041037056884990,-0.14529662031022300,12.527031594176000,0.3777215906675510,0.8410225737302210,0.4000552780116680
0.7167755039414010,0.5493883023393780,0.6441178299948430,0.6527042693451340,-1.0108983939241700,-0.45565575667668600,20.09376363395080,-10.811194244766600,6.308297105884820,2.4821245013798200,-1.8828629321712900,-1.7211298563104300,6.254842905360340,-3.2784062026809000,-0.28084911985793500,12.65146648511020,0.18879117765869000,0.4903137910933740,0.6403546981479760
0.7071429507812530,0.7100325273247120,0.6267448870920820,0.3005039230387730,-2.185077504971090,-1.1496120761387000,17.528635452639000,-7.0347414192523100,6.123698775816440,3.8596212844410400,-1.70556305293534,-1.7490776667779400,9.775636002540870,-4.299771335026350,-0.3349634612501780,9.906401727891100,0.14585604392014900,0.838470976763816,0.3573274887623160
0.7812685114246710,0.5975025155952650,0.5841624045393570,0.5098096736010660,-1.0595723562476700,-0.059082279093561900,17.617019929346000,-5.175765607918710,6.190877394186060,4.007780885248390,-1.1451380320597500,-1.5352585841417600,6.595358640055960,-6.6464740776042,0.0954148603596438,12.572950228672900,0.740944316137478,0.8104834936498320,0.591035817938402
0.7923220685972560,0.9611158697983500,0.6249633171929220,0.6578732950376240,-1.574888085691000,-2.1517192293009300,11.672445491229700,-10.339629576893900,6.315249392673990,4.393764473354430,-1.547739989683620,-1.2578361691900700,5.174294536007280,-3.8359701826335300,-0.11566899914968100,6.61390750584292,0.12413411980230000,0.8996058632775950,0.822511609697508
0.6939129559189930,0.8103122736678500,0.6223899867343370,0.6550697379346520,-1.296899304217500,-0.08537841783764980,18.857820861256500,-9.047024185341070,6.144741611621830,3.893501914712460,-1.8268036927453,-1.5289188777017400,8.333274827690350,-6.400763080528280,-0.12992314028382600,11.220740381061900,0.2616406730026080,0.43163619001401900,0.49899704167616900
0.723602712164847,0.7152626140378230,0.6330445136983490,0.47067006348276400,-1.3930220421377100,-0.6770265985140620,18.315163265945600,-8.821110748602160,6.873584219224880,4.331802432640110,-1.5078725423723600,-1.9557389489274500,8.53474710582466,-7.565930042981280,-0.06263832048373430,12.511315244700200,0.14823642328380100,0.551541436985597,0.8391923984462220
0.7742032547010600,0.7348562136814430,0.5844088928437940,0.2172824881388250,-0.6070467895898350,-0.5716027862073,18.443397235367700,-8.306732534098370,7.048357013850600,6.446038743440920,-1.9198562312476500,-1.7956364144152500,5.394557405018440,-4.312267837409480,-0.06511118231371740,12.290093740288200,0.21596309646880600,0.4610123170394620,0.798135470916829
0.7855393755499160,0.9990665260437530,0.6580111337192910,0.6076869883886800,-1.9530609075387700,-0.4754177845446300,16.29428665994240,-10.460003333101100,7.145544955487070,3.0721849328999400,-0.6609907316092070,-1.847974893620370,2.4768536240554800,-2.930300535903860,-0.007539289481183390,11.714457648123600,0.4522011432627530,1.0821388276505300,0.8286070694427640
0.7629144591965310,0.8608841172685620,0.6824956425344480,0.5136488039791810,-2.317603773233250,-0.4227889409340840,19.67797396418850,-9.939830329133740,6.420877125626610,7.759306131203420,-1.295196853688110,-1.4984224291639100,9.491135369210250,-3.014028365343120,-0.021250639298187700,9.335363441911370,0.21977382753915400,0.548352619587043,0.7976202598179160
0.7836142373238940,1.0362353954356900,0.5966124898049810,0.2924148539748900,-1.4359067977637700,-1.1545635617307900,15.255875782817000,-7.57085006604197,6.1649607024883500,6.050725035677500,-1.26589976762458,-1.913872605702950,0.4680788821316830,-5.321427267799560,-0.32400002956290100,12.38036855317470,0.24419353357056400,0.7799801004488610,0.8649579229762520
0.5761775309603040,0.7131740768186300,0.6900441153662380,0.43829436235686500,-0.3128426620348390,-0.6511503636310520,16.587155831294200,-8.899499444775080,6.0710812154066300,3.7317470429260900,-1.407564902788220,-1.679058379092550,8.813253398857540,-4.260156369094770,-0.38750520498543400,11.512110252133300,0.6150335175428210,0.9397581373831360,0.4449489172190900
0.7824592376981640,1.0390855545453600,0.6942882002096310,0.6136728437468810,-1.0855073380482700,-0.27142284116845900,15.958707409741800,-7.883527781211450,6.501673555883860,4.454038032556030,-1.5132477154488600,-1.8145782270976700,4.822987298985710,-3.826793094201090,0.01598934349119730,13.441025878375300,0.30582102435138500,0.9065601404259050,0.4582589014270740
0.7618953300582110,0.3287403611249960,0.6556345214334670,0.6927729244979630,-0.6718863511550810,-0.1751972214358140,16.853709877008100,-6.427190900146980,7.088052151178940,5.299447543300910,-1.236910497538220,-1.3851055779317900,8.922707667832740,-5.076275792396490,0.11750701849247600,12.456790387818700,0.8096447320433560,1.0532234963583500,0.9729135770536370
0.6754096940331800,0.541157518707897,0.6227796311766320,0.6425144894785000,-1.8804168341034100,-0.16602867855212700,18.70578075127010,-8.218647333510140,6.470402914945640,3.882136285585100,-1.2113022715263000,-1.9835511568287800,8.847182364906350,-2.910724179222350,0.1752989365954490,11.873078260551100,0.20657967864330300,0.8202639693450240,0.4653366378703740
0.7724609149801780,1.0998229429568900,0.6334126660478660,0.4897569027457140,-2.037354483081440,-0.2797295769195370,14.012536150888000,-9.055235790807310,6.255159677098350,4.8586377777300900,-0.9625879959066560,-1.4266258223196800,2.57511958917514,-2.4031430941988800,-0.05507150839446580,12.273231921534100,0.4966221617931550,1.1027903371515900,0.7734484810123450
0.5338985495664810,0.4750638018646870,0.6693083472840250,0.5224028976044180,-2.280249166449500,0.12342641870174400,16.401286682653200,-6.7748993926032800,6.790580538989310,3.4709692201241100,-1.7888121378003500,-1.5341819054636500,7.694383709350050,-3.808782295046220,0.14202393710043700,12.312679519957500,0.6676764066804280,0.9355317952240820,0.6321447154676150
0.6354597284670220,0.9312049184433200,0.6351188100330270,0.30104139320345200,-1.241362166464180,-0.24675436752886700,17.62400426030010,-10.648051062465900,6.3741681808607700,6.063086546344070,-1.0043526854539700,-1.6323408639221700,4.462805385725710,-5.180562355729630,-0.22938918327116500,12.968534706869700,0.6585511762237350,0.796673458321815,0.8972204217797450
0.7650197209681890,0.8175514235215540,0.5965436075399910,0.28658364200620300,-2.235373698880170,-0.1345772271229980,15.439141958845700,-6.195997949797570,6.4528101214976900,6.3343324919807200,-1.2758734813584900,-1.3499219536019600,7.008235992296450,-4.209424074204120,0.15046167409387700,8.6531701894087,0.6788575772477270,0.9838645994309000,0.44097711288702400
0.7534177783272400,0.36824499954088600,0.5596401392846940,0.26578139659005600,-1.5547392688697700,-0.7912539742530870,18.62592594772290,-6.325514064519110,6.0178814673819100,5.126327072475800,-1.915183938021690,-1.7872477070657700,9.779523827859170,-4.389104802624600,-0.08804256395924390,9.047435013490330,0.11780111111826900,0.7547359919457380,0.943846443753359
0.7522923013123300,1.0059219797229500,0.648057468806944,0.5914110998981170,-2.1806067735271700,-1.2603405675853200,11.904370676419400,-8.206066589322,6.145309556835540,5.935311140436400,-1.0430835429393100,-1.882488346312050,9.046588424875160,-5.3579374573581500,-0.3031936823960920,11.843763076970600,0.10940599700400200,0.7848040297971660,0.7887986657313430
0.7505110828307000,0.9861124130264950,0.5970221853778050,0.40266751779126600,-2.172104145057240,-0.2226126362377200,17.997428352119600,-7.491986792985380,6.716023332867680,4.974206667128250,-1.5292642027806900,-1.487003563842450,3.8197520672128200,-4.615447288454190,-0.04117802490003930,12.281074471498900,0.5284042080312320,1.0603694374759000,0.5570175177367650
0.6234836405462780,0.953306199236664,0.6155716622388590,0.5124254044416950,-2.428006793720980,0.021246857519818300,15.476948282994900,-9.481468977466990,6.963607403916760,4.132108196010570,-1.465795782346820,-1.7759582229064600,7.810810306174780,-3.954993692476600,-0.2738296705466690,12.377948319999600,0.22204076003106300,0.9679709710841230,0.6447301578994570
0.7119801526520260,0.9368059261915830,0.5878052189686690,0.28296022871124600,-1.2762736241538300,-0.03049797232551190,12.82516479011740,-7.543983353383650,6.4561912350872500,4.704684152773920,-1.1828044123534400,-1.45447570056528,4.527416845124440,-5.045832510005600,-0.11041326725148600,13.228182052854100,0.9711766562278710,1.0164442580209200,0.8376183617107320
0.6118028583734450,0.693719800026708,0.6330228271333700,0.5371052061503710,-0.9725063528526660,-0.010586954278562900,17.06768684750420,-6.262758600425310,6.655483423923500,4.696747313356140,-1.8301869077137200,-1.4681565165329500,7.90532699959683,-5.250769710321970,-0.01177575035643390,13.232498071015500,0.4754084382902380,0.9026162740595230,0.2526034835611670
0.7279450505365310,1.0418968246320000,0.6255238470930400,0.3667100861539230,-1.5218850342483800,-0.5174847476752700,16.75525195605370,-9.33467409680495,6.351358183953890,3.0437140078116500,-1.5822355657054300,-1.6759599952820900,7.85873854740057,-7.577325492864360,-0.0619882895538244,11.699836358915700,0.2592379687322030,0.5062879668300900,0.40191139308226400
0.6944505161738760,0.8206971908235100,0.651927766550758,0.6215100615774280,-1.5246063550269000,-0.7894700539968990,20.22096203489810,-5.9623743444454400,6.74007517200319,7.705469110243480,-1.835283079874030,-2.0665916092901700,9.306412978531,-5.490515948700810,-0.07424823217809860,9.459596268124290,0.12230837625984100,0.7118513520073560,0.6741349854081160
0.7910969930717240,1.057597229447720,0.6416370776528160,0.4385018994712890,-1.9384779412688600,-1.148303161974030,12.17440685501900,-7.433395135747380,7.004492905769200,5.873799457483240,-1.7772786899749200,-1.7255694192238800,6.237561434109610,-4.012078654440880,-0.04733416947292660,10.580347450958100,0.19728374494075400,0.7033443413887430,0.6979470444325120
0.706120014777212,1.0536122507175600,0.6196532182888160,0.4639146063719660,-1.9756263720360100,-0.18177831625005000,19.966459037553900,-10.176969762471500,7.330991947505950,4.537753994199050,-1.5924472753454800,-1.7276143546374400,7.177493213116080,-5.157788225269890,0.11039919829902900,12.168325490940700,0.25743582088038700,0.9400350722457470,0.46022024906602800
0.5650269309319970,0.7435863361208430,0.6015474828837390,0.5908711254024660,-1.4073165773697300,0.1033195990903180,18.848866458879800,-4.506861645605540,6.6400190425470500,5.471336444541070,-1.9725439970882200,-1.4008240875565000,8.954684854731330,-3.80839815666715,0.09991024626252760,13.451311470394400,0.9764751335777070,0.7340264827420950,0.8240424254211430
0.6629852169008740,0.8247190337039270,0.4845281920055630,0.32553945905443300,-2.330288264212070,0.06878645146259950,15.636558404178900,-7.803882822491850,6.30575846511152,3.151885912016370,-1.6377078657916000,-1.4936514040538300,5.2389919328789600,-4.117415147904680,-0.19850270540105000,13.236350600262900,0.39876437555935700,1.1579675424473700,0.6124699272702270
0.7606050760718190,0.973120562923155,0.686070490271855,0.5427361778929920,-2.1520943339704100,-0.7886047498356350,15.321711053042200,-5.2073778324488900,7.3354296453350200,5.898249627515400,-1.8118969920257000,-1.664221610709360,6.731404045583640,-5.042965471155480,0.17231283761790800,10.153622885660500,0.19424181722762700,0.8845716736365410,0.4309791340236520
0.6788099870094810,0.9289160694656030,0.48042834532875700,0.3329907622595720,-1.9182886305107400,-0.15579364834327900,12.63793707790320,-10.466458713454200,6.400498315676110,5.250134041619270,-1.6128415200088400,-1.680703321047450,2.07023413845722,-3.5684093104588800,0.13286687122109100,11.986555788852300,0.31859756264888,0.7936327200366940,0.822212577765145
0.7842959152214990,0.9944711168696110,0.5674653557995910,0.3219228758566660,-2.3364085522319700,-2.977654787514870,9.886051196386180,-8.425744095580690,6.269872507065980,3.2198396768380300,-1.5214576583447600,-1.6203759381624200,7.514545329057250,-4.514684427302360,-0.2945578517176030,11.14296415384940,0.08658567441470310,1.0915243053071200,0.9177315519113090
0.7595252541651730,1.0003360224745900,0.6578887310264620,0.36433835209582100,-1.109846072954950,0.10113867332032000,17.95071960419050,-9.79270680916443,6.831959044546340,3.8364490687892300,-1.2959582320492400,-1.5096069689143200,9.327697364366110,-4.206725750090020,-0.034470817413605600,12.62758914020710,0.5137736518170030,0.8398946389278600,0.5527661725405320
0.7260462883737910,0.7543973171743360,0.6815750152387680,0.28112887300181200,-1.2923626441555800,-1.3312173153118600,11.194344921271200,-10.985491183799300,6.3481423634867,2.7519438126365700,-1.9189401968252200,-1.8805713254447800,8.39337111949408,-2.679338881483500,-0.5254313663706030,11.856904250551200,0.14120282085381900,1.157475879091970,0.6938186927955210
0.6948253843612730,0.9814544175926190,0.6066413878685770,0.20383494008539300,-1.5264038713555900,-0.04657436920557240,14.431147126203100,-7.598810212331590,6.418045037086130,4.023291705773120,-0.9303509003416920,-1.4341048263809100,6.334531695905110,-4.096741136055300,-0.021295543317271100,11.687857651012100,0.8333167023595120,1.0688272950317300,0.6756862120306870
0.6721563677570130,1.0247134696919900,0.5972358379403450,0.3200205358956820,-1.0390273987523800,-0.19687976840258700,17.203499893641600,-10.908324023263600,6.126452928636560,2.1683769259755600,-1.6164349421259100,-1.6449640499354900,7.741285622114570,-3.7546546315543400,-0.29045829617340300,13.402847629472100,0.42616167065015800,0.35670832569341700,0.6096375547530490
0.6868799170003080,0.9441518696506450,0.6918716799005590,0.40557217315223200,-1.345909440452890,-0.7117359104973140,17.110425371560500,-9.675844962137670,6.453898051895610,7.600847204597750,-1.603271259474430,-2.0927840723965300,7.690478658288260,-5.734691120654500,-0.026012265221402300,11.461693420016900,0.14817673737736500,0.555759595260011,0.6008896991262470
0.6847189744062290,1.0416659081717700,0.629087243863325,0.26585787839377300,-1.8329284363755500,-0.6844778701715670,10.635254496665500,-6.208190754748230,6.498144922407700,6.047223339705690,-0.7368611961573200,-1.7709265802696000,4.657957203338640,-4.7349037517684600,-0.13442136631710800,8.382079085667290,0.5818912920208000,1.0261096928941100,0.8701586907864520
0.7805382404960730,0.9566221830068700,0.6537574552661200,0.42359005127471200,-0.33083166902476900,-0.9873357396427600,17.69713341676330,-8.797754037834260,6.4844302044291400,5.981551791040370,-1.8522585369432300,-1.428020679306410,9.839286006769200,-6.905894630404950,0.19667800794019400,7.510717001983080,0.24291569029378200,0.6476122704662170,0.5100389270965330
0.785235998415046,0.68170438607901,0.5718966701655320,0.6295419895206240,-0.9561527727555930,-0.2983309594486720,20.529262704507400,-9.795477336060440,6.268052522480730,2.0968150190889800,-1.7368697757974300,-1.474233258469360,0.18664104430806900,-2.873865119825220,0.002101431389428660,12.244100946049500,0.3749002621722750,0.9945422766769060,0.6964727017767310
0.7211000310941480,0.7208425200004220,0.642314341833145,0.43019097131567500,-2.4629702706476400,-0.5324888910127950,15.889654337602300,-10.196266342972800,6.417918659608340,3.500798978446180,-0.9072905585084150,-1.8997608440061300,6.251454904231870,-2.340303907842890,-0.41702427439043600,12.974026531912600,0.16555006948843300,1.0867939971018400,0.6740518316545780
0.7726427905613530,0.6779090336926340,0.5723578736038130,0.4062405382898840,-1.5847286063968100,-0.29687760104018500,14.065796597347000,-7.270763199881930,6.2668363418603,2.0286559451820900,-1.032577270328650,-1.5751648361833600,2.640058637791810,-5.434055595563890,-0.020076838756140400,12.42508880021000,0.5835574113375880,0.7101432539992470,0.6880086175477450
0.7407491867172470,0.9450217111979210,0.58148625770845,0.24446478331940100,-0.6366242536829550,-0.5460674156587410,16.50012884915390,-7.433009092649010,6.234226976435120,3.2945389140723800,-1.6581226100092,-1.7710049893182600,8.935548173239510,-4.027959803530250,-0.29187131334259900,13.765558603990300,0.170071141839098,1.1631774809384200,0.9417494150895500
0.7875366320131140,0.8737869493671950,0.6104733941586270,0.24585078464175900,-0.5199321800204990,-0.8470028563708700,16.65580908752290,-9.976029095995790,6.837849677885730,4.66636116501764,-1.490406579212730,-1.854524822947820,4.38757084214802,-2.6520467581875300,-0.03603558580661950,12.84422480267380,0.2325084372306530,0.7040263851859200,0.8640079519426100
0.7844601810184290,0.9325552612651710,0.6071602899227300,0.3390117137424640,-0.5024183856018060,-0.6809471623294950,17.549181679166100,-8.795919298198360,7.231588607687740,5.526765105700480,-1.6252375114276800,-1.8104445880023100,8.691071923229890,-3.2890896771152600,-0.0546161943889037,12.631574891191800,0.22189424514384200,1.0021523367810300,0.5840699171347690
0.6283148316858060,0.7914131386602570,0.6967770801666360,0.5059233349855800,-0.37658158949493400,-0.27787772184969100,13.617955739322400,-6.85497937389596,6.407572607173210,3.1637774940456900,-1.9822531167416400,-1.778326971867040,5.100711291053530,-4.392614160259160,-0.28359548486062800,12.811722699776000,0.3245777637712400,1.1662564117000300,0.7830756694535010
0.7342795626709840,0.9066140420935860,0.6597073009252430,0.5687365218324090,-1.578547657114210,-0.8448932463083290,15.514088193825000,-10.812925289835100,7.06007601691479,3.3746147047836700,-1.0667247444680200,-2.1203719141038500,4.305463099980460,-5.870620294522160,-0.02456081187618900,13.354559887270800,0.18601164020209900,0.7089751716974150,0.9029411709042580
0.7592901351798780,0.6790073781334090,0.5662219722639500,0.5924081532584510,-0.24282047724839300,-0.802536072097574,19.50465115593600,-5.552399807990190,7.1703894694225900,2.869133036763400,-1.9221168962753000,-1.6168893036307300,7.8850634182968400,-5.781252999512930,0.17285954053682200,13.046356567128800,0.23733128382607100,0.6820950936417640,0.9602480735088450
0.7563385797647930,0.6814621076203010,0.6659983065757740,0.3834524294138040,-1.755691471155280,-0.04447075705655910,20.94572044424680,-9.144393051581680,6.904044630630010,6.181492577201680,-1.5093056608875300,-1.6602705674639600,7.580356828868300,-2.759238074524300,0.009282613215942760,13.748714408600700,0.16097264286697500,0.66060764042934,0.7113219551280130
0.7848498443053760,1.015846769606050,0.5631590445975670,0.36886869990133500,-0.8600112976732650,-2.1052174760566800,11.446435800459500,-8.213109085611260,6.017484192688840,2.6302505199105800,-1.9440175175008600,-1.9060707402411600,3.8913475829882600,-4.99135190641188,-0.3630227271231510,12.391984711602200,0.137536255934758,1.0442061103193700,0.8375943782581240
0.7600004704460660,0.9401712680447410,0.60774226452311,0.6241828552759230,-0.8981358344347370,-0.9497076920134000,18.150719619298800,-6.61178553010131,6.812298337640140,5.520295356903210,-1.609655903953240,-1.8064120721635000,6.042382928080030,-4.53884713408754,-0.08609650696677050,13.391867037535000,0.17994531238226500,1.0630459212142500,0.8571122080597760
0.7422661740952430,0.9151829484893620,0.6679529764638930,0.4674010091382530,-1.9409747022648900,-0.6471293320453060,14.582091128718600,-9.097561924887270,6.861326508535120,4.932510133249830,-0.8304950615931610,-1.8573634198405300,6.422067867168630,-4.728593421633700,0.12876956921116800,12.733050340172900,0.2663459155591600,0.8510904753206540,0.6210097367608550
0.7732017087804820,1.0681629678513500,0.6990072429347230,0.22670616731453400,-1.5539507356452100,-0.9268963005874540,14.654112185137900,-10.728828476556500,7.3567616490118600,4.414536800061290,-1.8797322023644300,-1.555367921623590,8.6330581753983,-4.612301491744610,-0.051405602316761800,7.855426574864550,0.08605871469006060,0.9686564510863650,0.9939495047123740
0.7730081774470750,0.5491785343558620,0.6431874346005300,0.6644893793115740,-2.2771222731555200,-1.378644281721500,20.669322022251800,-7.481418036240700,6.577838066353820,3.0609474156748900,-1.3336184743363300,-1.98951023388309,8.588202637349650,-4.882666649734790,0.00360736496344409,13.410713507190400,0.07766655599585490,1.1169034328704800,0.6292852748918510
0.7184403138196170,0.5942363324854790,0.645296203898115,0.3784890074297610,-2.4042442455924200,-0.1408321983683100,14.346251741519200,-9.264206456591440,6.8794617342732800,4.926044691603210,-1.6601689405823600,-1.386847237643380,6.431972133486500,-2.636245207794700,-0.28994758780323900,13.670194887767600,0.49734898108161400,1.0456566846889300,0.37994442662685500
0.6426542623380640,0.6708211491428650,0.6099080289651030,0.4587782776939420,-1.8661868579731500,0.14911402080291900,18.709981455669500,-8.680128344627480,6.099541388627850,7.793269754106960,-1.3082863547387600,-1.805114213115530,9.68830427142433,-3.334528577762780,-0.007963470533251500,9.811153226152800,0.19151177681567400,0.761859038034414,0.6908147930926820
0.7737015577841260,1.0943263908087100,0.5245244355432710,0.2325423389471470,-2.273419682043910,-1.9906956180552500,10.700445438480900,-8.131819725097630,6.405655776756120,4.388486662780130,-1.7222148555411600,-1.9828558195163400,1.7092583889498000,-5.352034084357460,-0.10728829502053700,12.809203086780300,0.10240573579710400,1.052358241560970,0.9841872112810840
0.7779787973114770,0.9219480480110770,0.6421083483764590,0.6672583050270850,-2.244948658852900,-0.3749300509918060,12.50315528337650,-7.580975681632240,6.836766159017480,6.744980577607330,-1.4767211382548000,-1.404083328179700,7.511622189763880,-5.539555830495350,0.09510939233303680,8.399005070183430,0.2345974577702080,0.7396003104294160,0.7057929510738390
0.7437020592854210,0.6171558274129740,0.690135140642377,0.5041311203184750,-0.8551422548577070,-0.8883717257208060,18.37510800108590,-10.568567215207400,6.917812367562980,2.796334207996500,-1.7257712687154000,-1.9206390212066000,8.533420861098690,-3.4326166085831900,-0.12660230721719300,12.035938654812700,0.14897766955461500,1.0773048820464500,0.4599571050599380
0.7011132467614190,0.5952345589120820,0.6368216656507390,0.3218402779239790,-2.430575799134270,0.07115268503245740,17.75302484002650,-7.60578925250099,7.6478077055010000,6.015731836894680,-1.2868054965485200,-1.7707276998963100,7.666736724394430,-2.990251808777900,0.10812415936301000,12.808048307945600,0.1486524321992330,1.0829062361802900,0.6151652829269670
0.7668570610249520,0.42167011743286800,0.645560038889051,0.49212816887386800,-1.918816675421030,-0.8998397237411620,20.249706477040300,-7.698397300893800,6.647733158505550,5.202567134562810,-1.3240992820960000,-2.18005309504551,9.346293556360010,-3.4428469941678600,-0.18045010452439000,13.877106574315500,0.10043286377174200,0.8035521986795040,0.8212505361279050
0.7243546600654880,0.664895802010253,0.6906986324489440,0.4022634460839200,-1.993643869639320,-0.7261572278080060,13.30291379284090,-5.862336504369780,6.564854897682220,3.3658182421626600,-1.8013821801087400,-1.8962118748234100,8.067216026460920,-4.635603728126930,-0.04195228262401620,13.053800222855500,0.14355094388154600,1.0236478435808300,0.5723442304447670
0.6198143033669000,0.9250174085924520,0.6738281213819560,0.32425021640375800,-1.09835246043851,-0.4548914262343480,9.707065204686380,-9.370280231363420,6.7723837366589400,5.920671844680710,-1.0268255420218300,-1.525194095481220,8.973515856962410,-4.870138812101990,-0.046344537036666400,13.313592983556100,0.7396752577646530,0.9794473085621320,0.7738956395218110
0.7763779039789070,0.9694392188327330,0.645407428894734,0.3413629787321390,-1.2612341499998500,-0.9524886447156590,11.619086874916600,-8.26946076077261,6.689147984898160,6.0260719589660700,-1.9683388615930500,-1.4130570436374400,9.635394913341840,-3.4116862158348900,-0.11353040746820100,12.183875309102900,0.21474612753176200,1.186468267927480,0.6979332164431500
0.7007129524551280,0.8675789054009420,0.5750669580297040,0.6649798998562230,-1.1517837380986500,-0.8542983124361240,17.794904465228800,-5.609046995947480,6.4661666854645900,7.161309627193130,-1.654506633269630,-2.0691842080724300,9.386814607747130,-7.726454018326050,-0.1279551498843960,8.008698478684790,0.18257512464256600,0.5134061884787220,0.7550537748386960
0.7770361039332820,1.0944435183237500,0.6169800517621210,0.554543620635969,-1.0884719718095700,0.10737356507671600,20.463183397311400,-10.764145287550800,6.912856120544290,6.955078886616400,-1.4819421291885700,-1.5195085543793200,8.06731601894567,-4.736442805503960,-0.21271314662721200,13.827764171362600,0.39581764941239200,0.4518028665808000,0.7649468336857900
0.7810379495361460,0.7281116398350470,0.6984706247758180,0.22061804243411000,-2.0755154148480500,-2.1868558885311300,12.878270468419900,-9.240596701275340,6.164428303612790,2.140075038637820,-1.224554631864210,-2.0638630222701500,7.253903746344970,-2.9532257237759000,0.0728309441229625,11.439654095214800,0.07794378840037680,1.1794210069175100,0.6508708690377400
0.6852837835858080,1.0386311179554800,0.5417218083036720,0.3020242094828740,-1.9408177496480900,-0.17394886962519200,19.009647736413200,-6.514026898384550,6.283695089121370,5.388764733373930,-1.235994845674310,-1.857439460488870,5.40362349073419,-4.054441550170600,0.01576178656544850,12.013717004664900,0.2611797035654170,0.5778213602468300,0.9860172612305700
0.7465268094047250,0.7302511901361660,0.5375118368751350,0.527169169233286,-0.7933602132879780,0.004442302361467140,17.59283256035350,-6.3244269069096300,6.543393243509490,5.398979628214610,-1.5523443503788600,-1.4168490867590300,8.156844061646960,-6.168368071531340,0.010262997959684000,10.90052950787800,0.8138029922791130,0.5816291821746540,0.828966194907482
0.564322626381258,0.7457133163519260,0.5813843607640470,0.64943659804166,-2.0172244427223300,0.11307366662576800,18.38581968019360,-6.49296416084634,6.824220318904160,5.7844491755859200,-1.06442426453679,-1.5446734151243300,9.388512057057390,-6.733675657343590,0.060044142778006600,11.180063654342700,0.32523370065463900,0.8873419864045980,0.8036307475025300
0.7752339015628070,0.579958304296481,0.6355956730270200,0.6365375365963110,-2.2723458716492200,-0.26805280745596500,18.269343006473500,-10.057829754414700,6.288327390989280,5.6821903554078300,-1.4498642413071700,-1.3362311342498500,7.804065847038490,-1.60511648580328,-0.09197121414195980,13.762575153602000,0.388777162866507,1.1335555374686200,0.5270867005390390
0.617490313390027,0.8769549240966230,0.5947495634908420,0.6153856671255740,-1.723642937828030,0.016367722217822500,17.864955942640700,-5.415084757374830,6.761550251762650,5.459081568083800,-1.5874485053054400,-1.5567265854574600,9.524270930615650,-4.898934415458770,-0.008546329917788380,12.453575206209900,0.4009413182821310,1.0491556580172400,0.8227891852543930
0.7519656290195800,0.8885167207058050,0.5977810837107930,0.4088919480781730,-0.6617461145460090,-0.23044932505932800,19.68940504700620,-5.450680599250700,6.85204448133961,3.9119959569862800,-1.9587567477694500,-1.3567586109211800,4.635452658371690,-4.472586792686360,-0.023855002429368400,12.742036457941600,0.9945668964420330,0.534129341244247,0.8864718675214540
0.7397466742608670,0.5614604719487200,0.5711471659437840,0.3254569008246470,-0.5208131409370130,-0.31679607034711100,17.429232752450400,-10.819218763744700,7.252036246540770,5.44177076184226,-1.956067308990050,-1.6325968137679700,3.2014726946514200,-2.2643601899542200,0.06447041416144150,12.69586066836230,0.3063948482987580,0.8895111811650790,0.8477004124385430
0.7287618879204390,1.025199898853620,0.6952345924960330,0.46570208509452800,-1.7809864841308400,-0.11252455528849100,16.98739063336920,-5.767888268357600,6.065384110786140,4.452653798468640,-1.4515935571726900,-1.8292892897464300,8.443674408200800,-5.719589654998220,0.15759209931435000,11.333547309710000,0.24700759925705200,0.45367432011863000,0.8804350468100870
0.7855340999690310,0.6534138119163600,0.6690540070693630,0.6943029310715420,-1.2715145662640500,-0.9745242916527310,14.740549177595400,-10.322183623644600,6.15094536202068,3.6102526585535800,-1.4086843725477100,-1.909815842506960,7.535080099357910,-7.610723523428860,0.08437035883545470,10.171940707164200,0.14578556542322100,0.8671580306591710,0.3352226308355590
0.792021800643289,0.9695953261057490,0.5794329086169180,0.38952801572849800,-1.9455297499649500,-0.03619266304955180,17.012136978985100,-9.650751836714770,7.076669438890380,3.7931675653603700,-1.4029403416593300,-1.4083382561586000,7.081476925180300,-3.467571970684320,-0.03679036158161260,12.75299537200470,0.6172477173343300,0.6396769890371930,0.7610470562252440
0.6631140246183710,1.005514262676490,0.6268822089110150,0.5022306373597770,-1.4117747599493400,0.13517779692206500,14.816994713702400,-9.334023024179820,6.35730531214781,5.095250209372260,-1.4932492976356400,-1.3655736477465800,7.729054396057860,-3.6540343756678200,-0.09879566976276680,13.193549698257400,0.8072339330658870,0.6977727791934820,0.8403373872043720
0.7235153424813590,0.7564971332370200,0.6936243266820250,0.25609106166604900,-1.1082090476872900,-0.4360356312667870,15.276348191652000,-9.521194259847360,6.341768324638630,5.042211475571510,-1.138640608776750,-1.6830257819380400,4.5778680966947800,-4.80959754630701,-0.015895643368283600,13.468647296510000,0.5037669448257710,0.6420624809494730,0.574048930826442
0.7844386655759320,0.5375865516533390,0.633738168778937,0.5777614179819160,-2.3407428545169000,-1.2807454315396300,13.860284071472300,-8.964191471045040,7.033971302212170,2.0522369659922400,-1.7250356882904300,-1.5521926210893500,4.36249532128379,-3.1633893752464200,0.10594663790534400,13.25643189471430,0.10148667959987000,1.0996859201248600,0.4375026637030650
0.7055941201783220,0.7628109543166880,0.6114692016433500,0.41934876490012900,-1.9609579184664200,-0.8166378509465530,18.102251182687800,-9.703150439639630,6.253593270806070,3.257318270221770,-1.3043077812462900,-1.9581385614255000,9.95280980932295,-2.9093593470892100,-0.16873799229774600,11.666052191615700,0.105146910486844,1.0534913972663500,0.5916458986202670
0.7571069050875730,0.964868544459361,0.547601196007647,0.4348827834734790,-1.9716359145771100,-0.4875870918253280,17.022137924040700,-6.769013194025480,6.32414463504065,2.6347106525599,-1.5636143520989100,-1.6701170361456200,8.578298499372500,-5.005604599293020,0.10652808435617800,12.038598024007300,0.14593076651034500,0.8322433028672820,0.44866253240525000
0.7884279863206130,0.8795050404141730,0.6818627818661770,0.6784818404418220,-2.140255985820800,-2.1037656536077000,18.56953921965810,-5.744610891404250,6.918769605454290,5.923440005303900,-1.3630051855601500,-2.1685765335297000,9.540484771662140,-8.112983066766320,0.11964770202874300,8.29189934636933,0.06895475750961250,0.46100991303478200,0.7432085543535280
0.7595672534887750,1.046184835257510,0.6555008009899560,0.4097933049139150,-2.302124365500270,-1.0872983819282700,19.239284624391700,-8.08855129480166,6.67305048411557,6.989265456330250,-0.75236437578917,-2.033877116348830,9.359278166004870,-4.934981047879480,0.08974272049188550,9.575065501093780,0.11454658426474000,0.6861604708517520,0.4786729179123070
0.5751186375216420,0.8642017024679660,0.6671178964508170,0.6900532384803340,-1.6800985729397400,-0.05881957601268740,18.101421562296300,-8.536787858581240,7.076140026063770,6.001004524173390,-1.4253158315111100,-1.5970573537504500,7.437996128048880,-1.9704787639400200,-0.0868754087161842,12.67896642424290,0.4272952893237650,1.0344281869091200,0.8789855542159990
0.6981213442483690,0.8125204814644830,0.6560034581315870,0.5105445999196220,-2.1599956459210300,-0.10538493914644400,20.81954658879110,-7.421765831423390,6.959735285598890,4.729094151911260,-1.544727762875350,-1.4327555586084000,8.789545133457820,-2.9987617145538300,-0.2397489561623010,11.607451757924600,0.5058904213827780,1.0379460757640100,0.5973040762846490
0.7982136675671,0.3546264512032770,0.5857427478062360,0.6703521262162010,-1.3194429290196900,-0.5538840958951440,15.885743751071000,-9.279805798231090,6.850628337826940,2.104230065272290,-1.3094939734725700,-1.7606584150324400,9.576508458518460,-3.410866722958240,-0.19631659691977400,9.912729415612430,0.2218820521290390,1.1847601043584900,0.7811307297620120
0.6839036451020290,0.8796439457555810,0.5816191080053920,0.37341307169264000,-1.8629762846171600,-0.06218133122933740,19.346310850939100,-6.893936424419930,6.2403932057843300,2.3414974266198600,-1.136339927083320,-1.7405888771314600,4.627215007429510,-3.960652980560850,-0.11626863791795600,13.94323624945290,0.3137789396489450,0.5790965513423930,0.9483623385781010
0.6935127584460890,1.0783910205408800,0.6440063685295010,0.20693202655869500,-2.0530651529692000,-0.09986138778893730,6.769404292479040,-8.053469186443780,6.486976734193480,5.864767251647850,-0.9577828369255640,-1.6514098967200400,8.591212941668770,-4.975729464672130,-0.07188874848335890,9.46975476497873,0.36700907182429400,1.1253201775499200,0.4690759827028380
0.7676300193089930,0.6026547985707230,0.5289823573135320,0.6178920469750000,-2.4631243927540800,-1.6484570920258800,20.245671180793500,-6.118912893447080,6.4299292724553000,7.005372756984840,-1.4982493723986300,-2.181289173291730,9.038134626225710,-7.5543596274903900,-0.019782573687383700,11.640976448475200,0.07713258556684400,0.568714595710157,0.9033269423830530
0.6519589305895540,1.0782480389292200,0.6083905575785190,0.25860472229722900,-0.6733668959712950,-0.20601755042172300,21.679835745073800,-8.709092738111630,6.576785983520500,5.19836639037926,-1.3520408564869700,-1.5327532376337100,2.164126563462970,-3.116963326194260,-0.26650885592057100,13.56005001427430,0.8058413243759630,0.660135836212744,0.4380013066820610
0.7459269874721000,1.0024695033564500,0.6191329989686840,0.36049995182950800,-1.1277325762916700,-0.9345273031417060,15.208606924594300,-6.067604025919020,7.124648080566550,7.501211187924660,-1.885960965389790,-1.6646519190517700,9.462677051065930,-8.179279099058540,0.05316091014708850,9.840207582681350,0.11994848169291200,0.9061753290926690,0.9248106358361510
0.7386634811475150,0.755487256188327,0.6435639661525870,0.5732346375796490,-0.5590077552616420,-0.7382057379450870,16.616310559979700,-8.47695904841891,6.575199821399670,5.830772872257550,-1.419436966985510,-1.8330079073622000,6.038151812502570,-5.721889492495770,-0.04991913478788170,10.383641623585900,0.21323490365048600,0.7676128491330080,0.827227939917998
0.5316527998193790,0.8508278024826470,0.5819474306360760,0.5430622321461610,-1.8783778166775700,0.11909527580807300,15.188987110551000,-10.938695423004800,6.407026791892000,7.25561201956388,-1.734710015261130,-1.5369218546354100,9.458795130980580,-1.750194618771030,2.52899646021043E-05,7.542345643662920,0.45290496305597200,1.068207893427210,0.618644676379231
0.795674459582851,1.0852837734800700,0.6668175261343730,0.2919821268406800,-1.6857180869830000,-1.1931561422473600,14.154713314667000,-6.258707813438010,6.7229403015535600,3.375261099177700,-1.6708491267954500,-1.9660572535342900,8.060047581395160,-5.631471541164600,0.1375671904948630,11.802320793917500,0.09806590721278250,0.8963080747541300,0.6376328150313550
0.5708374329071980,1.0139540297309400,0.6689073642805950,0.5068206309516500,-2.4615303844257100,-0.34425347717344600,14.629998818249600,-4.326870983591500,6.445950518160830,4.8457167719209800,-0.8259933538664200,-1.9451054883175000,6.250525124497500,-7.08926670929233,0.18636843278281600,9.730250488162770,0.2706562570534960,0.6103965437513740,0.6868680523945720
0.7450286300091290,0.9944596939680680,0.6663390696857830,0.621628699555483,-1.5033668174607000,-0.4272004723964970,18.736904660666100,-9.994844947745140,6.885714517346780,3.3878870358247800,-1.0782503631227700,-1.9572079574720300,1.3972277288926800,-3.6717842980631100,0.022477047701780900,12.806281335792800,0.2271195832803480,0.7827296613498800,0.8280483002301290
0.7657654033594820,0.5147906080218330,0.6549373772107100,0.5028960093773780,-1.5604072418620500,-2.0020569032557600,19.61787523613580,-5.866445323567190,6.995618668099210,7.0842370738238500,-1.8532007183344800,-1.972118877893850,8.07079631487619,-6.089571768545940,0.13122374739159700,9.568094496757010,0.10051237436548800,0.41324881883988000,0.6850626739297970
0.7949234450165320,0.3832716625527800,0.6161322627926090,0.5116310993503990,-0.8094255412877070,-0.9550270544110490,19.683996333864900,-5.003594717317400,6.714641047663530,5.972143482864080,-1.7693195446067700,-1.603747577762400,6.2894066935677100,-4.526978378756230,-0.04731754659129290,12.022067744631600,0.1987160059308330,0.9278613936268380,0.9357618624103050
0.6792303845044370,0.9746872629034940,0.6053714859149890,0.5771425514597140,-2.1629619247529300,0.07463997902613050,15.523166040025500,-8.196945222506010,6.747378502201690,4.2613587948861100,-0.9689944048431630,-1.400033014148720,9.29232842496371,-2.7288224332175900,0.022298602738288300,11.752812098751200,0.6289094733196840,0.9278241046539240,0.8841015509910320
0.7282787899621900,0.6851233602125160,0.6182512472794130,0.4841023009221950,-1.4789876175329100,-0.12417872641921700,20.399764193457300,-8.165703304235030,6.463266544987990,4.998541435749260,-1.0265125402463000,-1.7686430110279600,7.26318994423622,-5.8492208376282400,-0.1277130961757420,12.418778323168500,0.3671216566751290,0.4798737421907970,0.8620531426795040
0.743260833799607,0.9091572337780490,0.6231529762453130,0.30026857058557800,-1.5680991872678700,-0.05720182449740800,11.375895555066600,-6.909200950847340,6.331446905126420,4.006112894404430,-1.330454904194330,-1.6519376698794800,9.113461332335960,-5.89267437831724,0.0954028277955635,13.777410064269700,0.2251932658786890,0.9088712194629580,0.6553497416292860
0.7659370186773710,0.5828269873540280,0.599063107541826,0.5464080438269130,-1.8631095964735400,-0.35495420154518700,16.47740078841180,-9.155093676592730,6.707303342198820,7.465807704998380,-1.5449616407732900,-1.649533119115640,9.273205696859200,-4.6805751619382300,0.054815860169105900,7.8473137313305300,0.12069640425121400,0.6458470733186470,0.7410085527777520
0.6337174882242420,0.9859842094913780,0.6612105578912430,0.3535472701758310,-0.7499114167473650,-0.45535148334002800,16.8833048421035,-7.573830657244120,6.383618207692990,4.944387781983930,-1.746078137624010,-2.1752248670826600,7.3197071560759700,-4.08831561252734,-0.026172441383423200,13.826173493419300,0.15369858012915000,1.0360440583781800,0.48163053117601500
0.782023944656021,0.6360857606917560,0.49122870813663500,0.609803044849162,-2.3393662541352200,-0.39645338281348700,14.666261719119200,-4.192654238627140,6.288131112649730,7.324000862157640,-0.8825550477869870,-1.9054324431949100,6.814209170248320,-4.950158262183990,0.09652116987248180,10.956395460671900,0.21767988694751000,1.1659821856264600,0.6411601019795180
0.5176451176847940,0.6800865818516810,0.6192128411737010,0.5936405695405200,-2.017137306741400,0.11264325783000500,19.343441581925300,-9.521999563630020,6.883505029845520,5.662587582915400,-1.2616448822382800,-1.4779572814236500,7.6022152907585700,-4.9400791587277000,-0.054507663263929,11.300037849594500,0.7004209949489480,0.5310247289655010,0.8364255016175620
0.7088160083798380,0.590195979551331,0.6750198740126420,0.5280953585155700,-1.5020773371997400,-0.5763698787974480,16.923695355497700,-9.750003279225490,7.248846872460450,5.5264451866280400,-1.2744727704086000,-2.0349259259154900,5.679425918429980,-2.6200992061528000,-0.29711450943444400,12.528774025330000,0.15613435770714900,1.0378623475593100,0.5373986589910390
0.7720402218795310,0.28420360726527000,0.5978620250396470,0.3123009205252540,-2.4354312194593000,-0.25011778920151100,17.392375161234900,-5.492408421956980,6.403709715248120,5.663091518889880,-1.4055071644965700,-1.4820053220610800,4.272738759713660,-3.8591805082612700,-0.018521877625736200,12.773419228021300,0.3436718918974010,1.1475189475342700,0.5113771493359300
0.7690907286532240,0.9025921158686950,0.684675471038399,0.4925125899033050,-0.7122461554786100,-1.3533442227635300,20.53240840511790,-10.725385500321300,7.001322010180190,4.977628961488500,-1.8536863427709000,-1.7606004831240100,6.533379413088410,-2.4574770850400000,0.0626885907750044,11.17179581249220,0.12890126624155600,0.9095023448477270,0.6076762767207080
0.6888102460702520,0.7802592802289590,0.6353039416834760,0.5047350743018720,-0.7974148998999900,-0.251218036442328,17.85396915263340,-9.266067256307750,6.649431773779840,7.3658333260378500,-1.8165864595829900,-1.5015610243683100,9.315584569491440,-6.166877980692670,0.022038390511464700,10.971962095461700,0.25731850733884500,0.565924970652435,0.7295295618107550
0.7310359300379920,0.2477738326832470,0.6564443346462500,0.35045051086113700,-2.3576855289799100,-2.4236634111418700,16.709075665499300,-9.552719133248650,6.029733211134590,5.108010148389140,-1.6100715604064200,-2.1528187368846200,0.9689080256879830,-4.228679838657690,-0.28371546347580500,12.777054906826000,0.0868695043548725,0.9704442548086040,0.6328925158567370
0.7274541257421160,0.9902959159339650,0.6569703941354930,0.39929812903790600,-1.9100683614441500,-0.04463599718398280,13.600060393288200,-7.587640661521640,6.912484034100160,5.417142158476720,-1.1274291440443300,-1.4299602120738400,5.390189905304610,-4.380826965809000,0.033758586522975400,11.889584179512200,1.1241936296659500,0.587753542838192,0.9007645035748400
0.7755795904322270,0.5682417697970180,0.6445750525236040,0.48058042840949400,-0.826059199352758,-0.16049070376859000,17.421889161785600,-10.964917635480600,6.580233964823450,5.024171337582460,-1.9229355080238300,-1.287997237511440,5.643601148360330,-4.976681379301530,-0.09004395217106760,12.484890648522300,0.7518390642318870,0.9379469189339650,0.38357572593044000
0.7345472775515940,1.094397263895980,0.6046005733004310,0.3323756727415760,-0.44908167540270500,-0.35777363699384700,17.44329976372090,-10.819951519834900,7.072803007057840,4.169143412460160,-1.3676873982934000,-1.8379679632387500,7.42942186365239,-2.9456051839560200,0.0568570350948335,12.211423763867500,0.42811016480743000,0.5992663437089370,0.9525090384934150
0.7418364622509100,0.5021290631107170,0.6904835432407410,0.6156747458689930,-1.085249623938740,-2.95902232280763,20.760649868459000,-7.356427370689160,7.1251803843436300,5.470954660230230,-1.984476282048370,-1.9681152897668200,8.114802752367940,-6.399271301863970,0.07948754093969440,12.320275851925200,0.07748362519399960,0.49563363614617300,0.9120460726741620
0.7379408639979290,0.7020755205530890,0.6924780686481170,0.5983782991708550,-0.9062263850579520,-0.12211564458729300,18.24580463995590,-8.253625156868100,7.026932892487670,6.008222351598870,-1.5937466963677700,-1.5653090891160600,7.364845294712330,-2.43365353770598,0.16318382641470700,13.07891984631060,0.5164923977478450,0.7108059193518420,0.6972342615437790
0.69897894964753,0.6590899537619980,0.6231265671140920,0.43663659570857000,-1.1821194040031100,-0.7141404286349270,13.569227509197100,-7.293740756989030,7.2567723104162600,3.217534311429670,-1.9146843789498100,-1.6009228018302900,4.6067835168637400,-5.012099722442940,0.18791518222256800,12.727528712246800,0.1540663486631840,1.0011608066254900,0.8560420302445140
0.6803692897134890,0.6722599210779960,0.6140714712568210,0.5066161063424560,-0.32015016424208100,-1.5372067915453200,15.051748472390700,-8.278896638386500,6.346891270418840,4.011312881099510,-1.351618999229010,-1.9496014623605400,1.4953580040970000,-3.9856288967384100,-0.14633505930807400,9.060396403095970,0.29504076134806700,1.0545090169515400,0.8785233369412020
0.6774130819730680,0.8248115343273190,0.6922077614972120,0.5366658107968590,-1.8611301583382300,-2.4684544325716300,20.946784700827500,-7.266901197426520,6.632456944589310,3.7163362054632700,-1.7891272099307900,-1.601643500873500,-2.5222215885195400,-3.8223411147875100,-0.07342590681474610,12.919540722813200,0.12170646496317700,1.152428077530860,0.5848305595082750
0.7320568453781900,1.0725586371297600,0.5777706160329280,0.6681671887930490,-1.4589066778083600,-0.14105756376306300,9.899043765152360,-7.905615924956930,6.690180239494550,7.280656098890120,-1.1704925772978700,-1.774025527693730,8.76286106025064,-4.7163486666298700,0.13459556371244700,8.522927017495920,0.2643806758757020,0.9521023762568620,0.8832035750303940
0.689865584762651,0.6744432744046170,0.6069571501800260,0.45062775512657800,-1.4701044399926500,-0.248682761887413,19.422354728544000,-9.94147318254748,6.610655222810220,2.4568549368405200,-1.0601754923276500,-1.5837236094980900,1.9583776332188900,-5.35849723077671,-0.19750329373560300,13.811842260163200,0.6297525679775860,0.6162328728542050,0.6701620419234270
0.7944143085384360,0.5656890394117430,0.5784236286621510,0.40020440030699100,-1.8124433758126800,-0.5057902081998870,19.935112383169700,-5.589563567728360,6.035709087559080,2.8877585899041300,-0.7125051775319790,-1.8408525433605600,3.624355706340180,-4.2890174276527800,0.08811152992183780,12.766754025009100,0.4584086409906170,1.0361670137287600,0.6587597944427320
0.7163640195603460,1.0274827291772400,0.5987138362922680,0.4515624739618660,-1.066817513643570,-0.04413630964777900,12.097424048275600,-7.51573139146258,6.863023786759260,4.436323616801480,-1.7654647427730600,-1.4030423130873900,7.1129189616912400,-4.178340946151860,0.01216801180996640,12.652147022951400,0.5521319843163430,0.904196764654559,0.5818158687693820
0.776446006576443,1.0110650832787500,0.6636006618502520,0.5342948349097220,-0.6481399908883110,-0.3119280747851940,12.808387102814100,-4.007612000357160,7.086049306983040,3.0254215214412500,-1.2609586954160800,-1.483092628222040,8.903734318949380,-4.927903728083070,0.13703253135115200,7.288148584917000,0.9055298586181290,0.7599620324832950,0.8153494326977580
0.7968470441230690,0.5831558776928810,0.5991583116156740,0.2618304429376240,-0.4026313456177560,-2.7869312352725500,15.634492108069400,-8.483741538089820,6.463189664705400,3.921348357539990,-1.888526362890740,-1.7017931915736400,6.241750229742520,-4.370718082780410,-0.33670336576112100,11.864275982880200,0.11636440227976000,0.9165150099428870,0.6964673686478450
0.6709683960780360,0.8169214294303540,0.6636029111048700,0.2969234493038520,-2.1672020888016800,-0.3705131028342010,13.972985153378500,-5.879820472590530,6.924737531715440,5.123908090687930,-1.7150836463860300,-1.661713036164170,5.643362348677320,-4.769502886674220,-0.09967751033456970,13.080855088947400,0.3179616574437330,1.1045484105173300,0.45280304312641400
0.6901805248647430,0.7716794524366440,0.6547062571044420,0.3824280579730160,-0.9051868236429150,0.024466083566611000,18.788481061000800,-9.99221392432319,6.881692573058020,6.321663007032480,-1.4534667071397700,-1.4746982420353800,8.453013749831890,-6.049704902587010,0.101025900605018,11.740242066772200,0.5553247750127390,0.8014469294380750,0.581325871790412
0.6946407623798910,1.0481163962466300,0.5915712781007230,0.6275196057905220,-0.4218480760128310,0.11833052379941000,15.4043398933903,-7.53411038520664,6.9291595767703700,4.353892187385040,-1.7820425208062900,-1.4587432097819100,7.0727092230959900,-4.2403674195546300,-0.06537831108039280,11.97581166049110,0.8118190250019620,1.1619380012305900,0.6468936765998490
0.7514054285176700,0.603888607568295,0.6265114652664200,0.5255251289134770,-1.8528239204340900,0.06097354160298730,17.14276262749240,-8.06747745858746,6.719196524871110,4.610229428485990,-0.8910352510544360,-1.3927228957488200,6.804986496476190,-4.829169007656880,0.11832781083221500,12.306288875601200,1.1463965925164800,0.806338800111517,0.6023343516470930
0.7844620486052940,0.4173941492870960,0.6605220810449330,0.6137705653589510,-0.31888340024018700,-0.4087690429506100,11.502918271497600,-10.60433293283900,6.799624449939220,4.593299863901220,-1.8190351360825900,-1.3089807103834800,9.360159826590070,-2.997350979408360,0.021120600285337900,9.968692134765350,0.31678894532710000,0.7807387040817290,0.9448400869137600
0.6565750099761930,0.7445687950526490,0.5780632437029940,0.44836689392053900,-1.0095455898463100,-0.8499160278135780,16.11008702049680,-9.620686976693250,6.69557252208222,5.881800115478670,-1.6541667475488200,-2.12572881876299,3.9655563530104900,-4.616240953960390,-0.14892801454940400,13.149658863597000,0.12223523607724200,0.7773136709769850,0.91897093406914
0.7135764696778740,0.5689082508229100,0.6391735026169750,0.4737963417487770,-2.1269776685063800,-1.0818751889869400,20.831638554795000,-4.762835462701430,6.950372826320630,7.487707300814290,-1.7773050481151300,-2.0996770099404600,9.798731333096740,-4.8989005531306100,0.15435508481341400,12.335668429546400,0.10821569204769700,1.0331254258646900,0.6546205324911900
0.7385306993584540,0.7663728983813060,0.6260639950646680,0.4970522847800150,-0.908558939897893,-0.4901221378887930,15.596508482885400,-8.924140137573770,7.060551196252230,5.4333172381729300,-1.928112729927130,-1.9476434814267300,8.56887856418924,-4.114016855084430,-0.03839826472441460,9.721659818056020,0.13476124226791900,0.7181048638363040,0.9266793500915790
0.7503245875000780,0.7471818624104460,0.6896308538985280,0.44079976691992400,-2.068858292450360,-0.3504824847263230,16.106581967695600,-7.598112781411790,6.622188639719290,3.6157136997369100,-1.9044445906654200,-1.4170047373924200,9.158810478200480,-6.366994112966020,0.07477478983406950,8.985741446807350,0.35506974737619300,0.9760501313678420,0.2813626669051530
0.6951593210371130,0.37407740120707300,0.5883438977960240,0.35174068644543900,-1.602143233741570,-0.12177057777001200,17.40966650103350,-7.646379095487580,6.36158208106008,6.4297447870396400,-1.2298496662918900,-1.6245006786448700,9.288953191232480,-3.6242948654136600,-0.18169950109541400,8.964953895035140,0.379918103636269,1.024674208049960,0.733760412605849
0.7618557685840720,1.0057286730046300,0.5859256496055010,0.6492144297874630,-1.247612638805160,-1.022677706394270,14.6628920372496,-8.75938099330228,6.3564598989308400,3.408778404085090,-1.9441013420834500,-1.7890463622572100,5.93280650741493,-2.2051842784369700,0.1184111042288390,11.427339417234900,0.14424469733972900,1.1620289745759900,0.3638321966062950
0.6720863721840360,0.5349902048254010,0.6141102610643610,0.550467274183924,-2.011849817295090,0.08832771729222130,14.727539039215200,-8.690076071761780,7.203036488235460,5.76401696022988,-1.778770762851690,-1.4066579295268900,5.692272265126580,-2.4731003448479100,-0.004306794037428080,11.748685951590900,0.8406895526575200,1.1248634927510400,0.3619819893392840
0.5815379169390270,1.0276206399436700,0.5941031563367310,0.5420870069343170,-0.8726960331670750,0.01446802017680390,14.950656133109000,-7.557851261825720,6.379509563159530,4.488264120694110,-1.3293123362659500,-1.5303568636118700,8.029185755730940,-5.030455415724540,-0.0053360666262823800,8.604956058945060,0.7839048524593170,0.8083752801715950,0.49876355687344700
0.7607115845556700,0.7011821138105640,0.6379178747904550,0.47111733319254700,-2.0384446565204100,-0.37637715348580500,14.286027514218500,-5.35697852251686,6.6449334984188500,2.8880250595679700,-1.0539441847213500,-1.649814539640560,6.3568805952661400,-6.52524651434741,0.10127299700561300,11.836923068328100,0.323397425288485,0.7419914490461440,0.912743729931122
0.7880909970150230,0.7008649053415650,0.5595354057878250,0.5393530896878100,-2.0389490615356600,-1.1037732884199800,16.76614709652530,-10.869346017806900,6.828520012090860,4.30492680237164,-1.7053670019319500,-1.895093583879100,-2.036181056021930,-2.6388785493188000,-0.1481832298283400,13.107434853348900,0.11338257285957300,1.0084789808000500,0.88207091238783
0.7541345181782450,1.0979965401925100,0.6061792175597980,0.43224645176698000,-1.7319617394903100,-0.061106667961224800,14.460061590852000,-8.985927269612710,6.208872172187110,6.73363242172387,-1.7093135815132400,-1.3921035291596400,9.915755233937590,-7.288296166181450,0.030437221714684300,10.876775938977400,0.5949260826410630,0.5281671667113090,0.6539917657847820
0.6985327204712090,0.6067191763884290,0.6573211089342010,0.4764567887582600,-1.704228408463930,-0.9648456278282890,16.90452386808050,-8.38472068839852,6.817508217856790,6.2530217888498300,-1.5606454371625000,-2.1310243269919600,5.52681137344154,-5.645381474924920,0.13664979729696400,13.95553911957780,0.16814390823753400,0.45126127039142300,0.5327151555728620
0.6958653140232910,0.9212456231445790,0.6317140087799570,0.49228493460397600,-1.6928098326098300,-0.4805109867838600,15.66284030566920,-10.893876275645300,6.682083740169450,6.730233979075840,-1.6070827198086800,-1.813607726759960,3.6446330142061200,-3.261400751050650,-0.31635669215615500,13.401162401356100,0.22971073137151800,0.7356126910950270,0.5962843502657430
0.6109827769458960,1.021253783290370,0.6716777786227970,0.4789881885112650,-1.3211514394374100,-0.19425078779909700,14.503399884624900,-8.669603795789580,6.658172943551830,2.5441963598418800,-1.0883152683089300,-1.521789073521180,5.064766822470860,-4.738753913550430,-0.009782481360605220,11.770872250861600,0.8336114697852120,0.5844399230264700,0.585539799359428
0.7215126030761410,0.9567236702531180,0.6884506629952590,0.4484642837380780,-1.1174719605789800,-0.1666234146318340,20.310161527634300,-9.510012363928120,6.960220285784740,3.810124934751600,-1.8918047852779200,-1.6122008605023700,7.327003165663170,-3.984338242564850,0.04691581758201690,13.682294299897300,0.4235702058064650,0.45800619546782200,0.5862038064036950
0.778060670010888,0.7259032979394450,0.6373240466192150,0.23469049536616000,-2.022030965171180,-0.6980574839731730,13.554152075755000,-6.3441198530082100,6.170279006636770,4.536578369713590,-1.4645124715025200,-1.5745370748926000,5.873539728021170,-3.863993242408520,-0.04951778638859720,7.121298236178910,0.2692318605505430,1.0233297203166100,0.6306450821287800
0.7855401028446760,0.6294118628219620,0.6357307107027150,0.5403916876586050,-2.022711032243600,-0.38783736673121900,12.290745325571000,-7.5633529171800800,6.2635362722444600,2.2865527382777600,-1.6330717903465400,-1.4088900884663800,8.828349728885180,-3.430106964910010,-0.11414302075652500,13.333503100001900,0.2377087655800080,1.134531656152790,0.5656661345207110
0.6611397134753380,1.0150101913913700,0.6813425153989340,0.3984312914576680,-1.8553932455260600,-0.3360960228879680,11.682094638259700,-10.102525600794600,6.815392576594270,4.604879988460140,-1.3987623084046700,-1.6939290633933900,2.670361019626470,-3.693441549753330,-0.024551438855137600,12.986800833032200,0.2488539661475870,1.0306521243067400,0.5421260887676220
0.7413643000842580,0.9684746562454090,0.6733967067112470,0.3720977617270990,-1.47974231184297,-0.8264831072573070,12.904655810324700,-7.718864833697320,6.2178951179222300,5.191655419961480,-1.62144349320465,-1.627266653702040,7.50643437752313,-5.878074347246500,0.048587641558761500,13.0629960479671,0.21425037552418000,0.6428225010294970,0.5946814040528510
0.6143593149243470,0.91251036084508,0.6844674024400290,0.44386754149132500,-2.063518781303190,-0.02108928305080390,15.75238776781830,-6.725249603770410,6.75804925611203,3.112577290572970,-1.7237403383985400,-1.467673239805190,7.067378542955040,-5.651703330682910,0.13296211309377800,12.744978753022700,0.5418125500728640,0.5156910842098800,0.5962217397869910
0.7460634756441260,0.7942583656133310,0.5970438569150950,0.39000098312124700,-0.9495800780126400,-0.9861534394139790,21.41737855947410,-8.017144727720860,6.1642121584672000,2.094928208779520,-1.1255994487239000,-1.4598775467923300,-0.15070962664217500,-3.8021425046577400,0.19494712088089900,13.020343755146200,0.6305134828483330,1.1250476642860100,0.23506942810616700
0.7688786221753770,0.25652659244054200,0.6410037137973610,0.6770374718793610,-2.2814402420077600,-1.893615650344980,20.329675640601700,-6.05630622833268,6.9370298889372800,4.983240107383640,-1.952021044855640,-2.048872682463200,9.345638278633020,-6.011761781043270,0.19111888196406600,8.213742881595280,0.078553470239453,0.8689125988075560,0.5317766852205680
0.7919724939761650,1.067525960794720,0.6390518548801700,0.3818789638817890,-1.7284128517368300,-0.1039681792121550,20.59860967024710,-9.986002804469650,6.8992128801014100,3.948090622059540,-1.248952382880080,-1.6697522082038600,8.941935143099640,-8.647171379949300,-0.2007028331131470,12.334611190567000,0.2675157293887080,0.5363175928322760,0.7870086424216630
0.7842483892085830,0.4492538227464540,0.6437870447280060,0.6719739727144190,-2.3084349598803000,0.010577429169951200,17.194927657329500,-10.582042566159700,6.575890992410330,6.726005350124450,-1.3851491007569100,-1.8130068114115100,8.762040825514080,-2.608748288257390,0.025627703684519400,12.482633573082500,0.13173931575210500,1.1423747608747400,0.4519771706148960
0.7585954335950640,0.3784731385588830,0.6074194536645220,0.5174255139158290,-1.3631671890888000,-1.0912960507902300,15.707457887286100,-10.694418266248900,6.391514869484420,7.305825378237860,-1.5859800281249800,-1.9444414322721600,4.978790849061200,-6.0893921145309600,-0.028392700771938000,12.102989697433500,0.1220096139261940,0.5866469688683570,0.8047739854342480
0.7674690217033230,1.0531121423547800,0.693279900289664,0.6560788805676230,-1.6823127250943100,-0.08724048219626020,18.893492887700600,-9.216862169636460,6.393786552466010,5.894571859003360,-1.172356779611410,-1.573667210807770,9.408361162672250,-3.9438217624605100,-0.010753679725798700,10.625757757392800,0.30851982295766300,0.5049226557452900,0.525126968530086
0.75974448696482,1.0240915938466500,0.6679611778306560,0.544857201887417,-2.134942723084260,-1.2463135015908800,9.171094180281890,-9.063595726858900,6.822940360945110,2.509496367290410,-1.9335523890173200,-1.5723077223453100,8.50960348525284,-4.215028047187310,-0.3206719324301010,10.769246389643600,0.13611006189444600,1.15817908886186,0.8492993317148980
0.7721703001925800,0.43937502278384900,0.5178151730663730,0.43217445834870000,-2.0756681503760400,-0.981515630797434,16.768390325828900,-7.363998843397610,6.114189829725930,6.540517572984970,-1.4806546549925800,-2.0245796938574800,2.536104228133740,-6.14836706453897,0.08470185077165500,13.100678316194200,0.12189297949696800,0.6748435419419620,0.6313922072050480
0.6171531277276600,1.0203442912839200,0.6143679883662120,0.5785671098851770,-2.075922804388090,-0.8394668605795950,15.973112959517200,-7.135542995666800,6.834786286397380,2.342632565097270,-0.6216031103071310,-1.804530270823080,4.719377014594770,-5.152830135650730,0.09175550403286320,10.570799122244600,0.5242439041436970,1.0547772923510200,0.5314869463924970
0.6539044857594110,0.7102611909760600,0.6770940621955550,0.5174282510291720,-1.228330492421720,-0.026459289280166700,14.694947543969100,-9.4387984737236,7.960098594558890,6.126714830493400,-1.8678224041115400,-1.5835227512055600,8.807595457599790,-2.4341184785509700,-0.03268747742671760,12.456637884059600,0.3754117819294420,1.1453293959719200,0.6316364109902240
0.6907181093222670,0.7085765029968520,0.6620962824928410,0.35272984853705600,-1.9213194422772700,-1.2808733030825400,20.49795155142960,-8.164521266534220,7.135812972765060,4.984995724286490,-1.4596644213163600,-2.186224298500900,2.9781876300623700,-4.5732750488220600,-0.04797999227642660,13.297358970724700,0.1269318787242960,0.47337505325763900,0.754329073585905
0.5874421472550560,0.9084893098632170,0.6649346876575270,0.5552432976585520,-2.4609526453009300,-0.18625618988429900,15.26058632180520,-9.188368143838450,6.880760651260910,3.8325265218774300,-1.3714127047721400,-1.584361496734860,4.784508020820330,-2.7414977513908600,-0.1809359878422110,12.418799534765700,0.44983243525455100,0.8767925587728570,0.5664545626884640
0.7419880256091580,0.6460374238675870,0.5620731651375400,0.2868004244601000,-0.41640307162318100,-0.3853319988894430,19.255550403870000,-7.183253821323010,6.2017154265878200,3.5172711612408700,-1.662101382226490,-1.8877819746988100,7.412574082137000,-5.670293688494350,-0.2226268085628030,13.63036437362170,0.1821795534672110,0.7005524144138390,0.8054722240629730
0.7080340360337180,1.0695938881347700,0.5788281043687430,0.4926465194889950,-1.8094050183957500,-0.3882119562035380,12.176751045762100,-6.836264639848580,6.017964298503230,6.7807356083512,-1.0450734671173200,-1.4980577289424200,4.0262647622593600,-4.358607384273650,-0.13506999130651000,12.261727983933000,0.6678981504693940,0.7133613236645370,0.8674513669141430
0.6723771045295620,0.7598708349200730,0.6688904734029590,0.3836961810879120,-1.2016703921931200,0.0848657127568136,19.489808717156200,-10.637358976141200,7.8305090468301000,5.068532802012520,-1.408027962257970,-1.478549534285780,8.296349605499020,-2.8110474017322200,0.15572966292051300,12.44563064369600,0.6193122318925400,0.5906505198157150,0.8586399028000400
0.6397090057981440,0.9145992271733600,0.6974490458354860,0.20219512181319500,-1.5665515545039800,-0.21473413450838700,14.019539608689600,-10.326336610795800,6.8745277238647100,4.770943347791630,-0.9450552071228820,-1.8086182472870200,7.154703863906790,-2.9233136667143500,0.0019703523445378200,12.784310628983100,0.29753973903539100,1.012619042707220,0.6149798390998810
0.66822853655786,0.6396117815901540,0.6831415391763200,0.6993445582868440,-1.7638537837072600,0.17857933540492600,21.303808005375000,-7.814253812961640,6.939218607120840,5.178646276819940,-1.91421945839072,-1.5413904127447200,9.952080200502860,-3.6541519111703300,-0.004646080960132390,11.823135475287200,0.4212800903341530,0.5969295740238920,0.7145477463839760
0.6195059138797910,0.4425021106264790,0.6898745392045410,0.3528734011324880,-1.3694885889250900,0.010223708445882900,20.70716490286110,-7.198714110264930,7.566188617834610,6.755904437972990,-1.2565470277794500,-1.5364484154299700,8.52159272831065,-3.9015764738822300,0.17997027176395300,10.847012359975300,0.6576885226533740,0.8667902432103390,0.7977664741319130
0.6879038272352070,0.7115816268741790,0.6060022990220780,0.36602494908739600,-0.8844497214724360,-1.2325723432896700,17.031388513886800,-9.561084381037500,7.254640141456100,4.912904033117560,-1.1212569796943400,-1.5067254768147100,-3.1890934022595700,-4.149281631305500,0.05398348125940320,11.674131324911000,0.5239919502755950,1.1073110622044700,0.9061374254888880
0.6694961709887300,0.3701558305204430,0.632496459514911,0.4937706352700280,-2.3100375163737700,-0.3163772010629960,15.20892720324100,-7.819305211769630,6.22039171584889,4.321630186514840,-0.5818716943258670,-1.6618530279605300,2.1561465004655900,-4.490054637417860,0.01883568757360240,11.315997670956900,0.425816571334053,0.8519927626870700,0.9224488764164740
0.73588986829613,1.0010764924740900,0.6433118160004050,0.4985912990067500,-2.4884503223982000,-0.7905299039583270,14.991783197559700,-9.419627178493370,6.882670525507060,6.414467769564660,-1.5177797648695700,-1.811163139307250,5.806901115077050,-3.6332627724508700,0.10329294978407200,7.611334448947620,0.14643231693075500,0.778718006514733,0.7311109681301900
0.7522516071316870,0.8654195004608000,0.6731733471401040,0.2619839862438990,-2.436484482144560,-0.9213592346789350,20.04975258212630,-9.18561570022712,7.313487722577520,6.821620022315500,-1.308378489620430,-2.037046469255490,3.6682681481030500,-5.512434127025970,0.02628804964129460,13.18168397465480,0.11189083540320700,0.486958197365789,0.7762309163923780
0.7764298066849540,0.4753144874738680,0.6454731070392980,0.5078668495663990,-1.7895785281565700,-1.7842064508537300,21.00901913871090,-9.883069686589810,6.440870851152110,3.473265461308630,-1.7160037974092500,-1.7861185755386700,1.067476580280150,-3.0509992501057700,-0.04874571514001100,11.62130217598990,0.12392806503815900,1.0076357782516700,0.32850075082675300
0.742926015386777,0.9723605714808700,0.6018425692253650,0.2294636276842640,-0.42129179218871800,0.013889041620679700,17.84804085880730,-7.073534976392940,6.579546445462320,6.5762932619413200,-1.646666820745520,-1.4007402176875300,9.615904375802900,-3.524304799303830,0.056588915705552100,11.899240523587300,0.7791111144846070,0.7949303059587110,0.5818740515918540
0.7141203592348280,0.5106632848248080,0.6936605948348820,0.384320745756605,-2.241789783881440,-0.7828062697411390,21.498072041575900,-5.122204503157910,7.67397881442086,5.227656406845170,-1.6325339786993700,-2.1350037307698400,7.171300216925680,-4.712101746439930,0.12996772462521200,13.045544408602800,0.1292662396885760,0.6760816297043530,0.7479046120954530
0.7986572357412130,1.0985161139669000,0.5824118789901830,0.36832907509180300,-0.4975519750620380,-1.65509287251587,10.777419185094700,-8.008710762565430,6.235650667781190,2.2396619887796400,-1.4775780168757400,-1.8436241209736200,3.3348156917979500,-4.422714417823850,-0.32500131959689400,11.705036821098100,0.18411351221107500,1.0477275188100200,0.7469526878660660
0.6877240462748220,0.8339264865211410,0.565946731825953,0.5449682171383340,-1.6200505388836100,-0.3420615600410220,18.985077572464400,-7.4057917238767400,6.018968597851210,6.0419735131879700,-1.8156883422586100,-1.9263384097607800,9.788718997653000,-4.998876411344370,-0.1485387888865290,6.797470176447240,0.20294542026062100,0.3098762207000570,0.8842785773600140
0.7472882179392080,0.8142065054551640,0.6530186612255600,0.48037631205749400,-1.9488486631429100,-1.1258292177257600,13.286757716626700,-10.515508576470400,6.029411701862110,2.4308199655622200,-0.618521694024871,-2.1378700493100800,9.84619652100401,-4.842161283390450,-0.336738950115439,12.24310975574010,0.22956401486388200,0.6333913837916980,0.9310874469733520
0.7556439104222510,0.8307606464226960,0.6282804844577210,0.5886377387272740,-0.8092557339981450,-0.463421028444718,15.361097067873200,-9.131317106181380,6.538272516415150,4.223615527160660,-1.5655322925914600,-1.8289189267180900,8.79034990457752,-3.6302368053986700,-0.11251851659029600,11.944728102758400,0.12235677388639300,0.9822809825056080,0.8079973877112910
0.7474526353609660,0.5585967289267200,0.6371154882686720,0.6829975199107390,-2.008036889890970,0.015057569488635800,20.96932579384740,-10.519595546741500,6.604114212619080,6.461986472516570,-1.7422430371722100,-1.3486118637220500,9.176526813823990,-3.5581978904157100,-0.02642134224744300,11.064862879570100,0.41010152926407900,0.6965383883232080,0.5970919993882620
0.7773121174225850,0.8763270524622180,0.6950640604631560,0.5044168363133660,-2.19601499336282,-0.2226139590255460,9.79336071096686,-7.971915491313460,7.150078016967450,2.3060761715344600,-1.1768008964766000,-1.3760611870921900,9.68714363525159,-3.115780288213550,0.10014444722141200,11.158558224002300,0.4512364958214660,1.0286374848274600,0.8629605379197740
0.6844422851652970,0.9232878134349620,0.6361812196042480,0.4366116788421040,-1.6329797876120500,-0.17491180226451700,15.749264122647200,-5.9876338945119900,7.044537018063450,2.2558697390558400,-1.8782366461040700,-1.4382445830069100,3.5547363288817300,-4.5271455577383100,-0.05184084373856090,13.414954321377300,0.4686934245716240,1.1524192705155900,0.8780149774772180
0.758377099097357,0.4576594216630870,0.5777482267946970,0.34421686417151500,-0.492196717982395,-0.20364076687645600,14.028310722421500,-8.326926442112450,6.16744677533875,5.186494868993330,-1.4055640208746200,-1.5734493120591400,3.089185583228720,-5.191034106228770,-0.021029814138407600,13.34225161046200,0.5485007149717860,1.1368494170045200,0.7404066286637380
0.7677512882224540,0.2191282138399000,0.5860053388174430,0.4435103391597150,-2.1931979482796700,0.11630669776587000,15.812179482788400,-7.86741495685908,6.712315703766280,4.866084037085530,-1.6205200504588400,-1.3266803380286500,6.237697632846250,-3.4000854960993300,0.02556975574309800,13.324459165779400,0.7789112712857630,1.1307553665783900,0.5912233233260370
0.7792385529781060,0.861608997044619,0.6838762709025720,0.37267757129897600,-1.638011177764780,-0.30523294714782500,16.020941455055300,-7.990571278253720,7.4154983056939100,5.853682644988380,-1.8339532667402800,-1.6826329228460700,5.875172523135170,-7.610329747093060,0.19207292255036800,12.973682696447100,0.18127638370359800,0.8684909980755490,0.45573071892848800
0.7982213734215790,0.6496030761959700,0.6389932713542790,0.5979600304547970,-0.465750443828732,-0.7819779481988320,13.950032335975100,-10.200827741761400,6.876800320494490,2.5688398892463000,-1.6748775585526700,-1.7321154075314300,5.9660266677790000,-4.753193889088530,-0.03929229093724470,9.152775810666390,0.2132305925258650,0.9347985453933720,0.7831026760296790
0.7437188156657990,0.7266863031244640,0.6849139458431720,0.5423262908657310,-1.3620230264527900,-1.2349914772193900,12.585315543469700,-9.874390281097120,6.80810225857779,5.400523778495440,-1.4979331096789600,-2.185316122735620,3.8576560867978900,-4.853120067119640,0.15564646077117200,12.654364666202700,0.09894424742682420,1.134152083790550,0.5100903185105490
0.5567717312610160,0.711890014582295,0.6073721992264570,0.45385213732044000,-2.471729503985060,-0.2070512558498260,19.418418862131500,-9.36885693607883,6.612529763781760,3.6884651246562400,-1.5454342167338100,-1.8069198887052000,5.2404784779803800,-3.6649967732199300,-0.09421018402872100,13.55489956679440,0.26851932237674600,0.5943254562154280,0.7298786385908070
0.6687572932846200,0.6876591354191620,0.6179886150867490,0.4791880748212350,-0.28541424580761800,-0.26053785093767300,11.464229207640100,-9.303390623542610,6.320903133673080,3.7739173999750800,-1.5696346623560700,-1.5835864442609500,8.640724756747520,-7.711791769734430,-0.06856101087619400,13.686358221558600,0.357973674961365,1.1050190138140100,0.5212896814690860
0.7557231223236060,0.44810468777391000,0.6814200451980840,0.6348861873488820,-1.4556192346333100,-0.2797528563877550,21.09727832803600,-7.347351882987700,6.720790036399560,3.9162964132550900,-1.0288426183708600,-1.8449673950808900,8.504734513471520,-4.798465987127940,-0.03771803991863060,11.369816072501300,0.28516683700031000,0.7290798943512890,0.7624996870302680
0.7727879563704840,0.6708437100768850,0.5454618406892170,0.5773746386240280,-1.639971347967740,0.18662910473780100,18.283983091378000,-7.725686870892230,6.4416029230923800,4.144832641647090,-1.9681858635598500,-1.3538887249552300,8.197492349256910,-4.627972897782070,0.10215001947413300,11.76586379551040,0.4157871719499650,0.9656983521807410,0.5441968798257430
0.6634321016639250,0.9346446975723200,0.5774120552291290,0.22487792007251000,-1.7394931781084600,-0.021151677867614300,15.766281956641200,-7.3454734091380000,6.712575376344720,5.626216198974170,-1.7114538478653900,-1.4551687919173800,9.529527072160940,-5.117021809978170,0.09568317397709110,11.661260844984200,0.4219158011935520,0.5590622076551590,0.7887597128035930
0.7655609559491340,0.8920042026895850,0.6611592828545100,0.4224918149895360,-1.5156591685049900,-0.6633207978609700,14.349075516621700,-10.435722953563900,6.527727804664820,2.8586167943615500,-1.500167193296720,-2.0164500372007800,5.626394033767270,-3.395077402229330,0.1332766281151290,11.466535283232600,0.16130115725939200,0.5846347175031540,0.5607265200949630
0.746697677755991,0.8954261839636240,0.5864853070430210,0.5325520540525960,-1.6818228817182000,-0.601295482667046,19.66720673961040,-7.260046708346210,6.891210488706640,4.038765528644210,-1.4330936197504300,-2.1327914959258500,7.023319570914140,-5.404587103877890,-0.058382487821884300,11.759100223846700,0.15743565857206400,0.716430189388276,0.6572164305716990
0.7583525732650770,0.48006400732669000,0.5941496278578790,0.20056029561408400,-1.1366674576620600,-0.05163030210116800,20.770822408808600,-9.88965906532444,6.815389999713020,5.527962328323660,-1.2306874981032200,-1.6305584762269700,7.884461636754440,-3.374285232556570,-0.2335561523329980,13.855739837727700,0.27208925836330000,0.9392959225163990,0.8379885303822880
0.7853901092532530,1.030719559762980,0.6255851322551450,0.42071511723063500,-1.8275270933630900,-0.5202850538130100,16.256226235667200,-6.450655277102300,6.591445723497030,7.6777047830106700,-1.2748763333255500,-1.5142738803414500,3.00082256375898,-5.06614263655685,0.189946797113742,13.928664637065300,0.3041421404547940,0.6843624184013510,0.7573772635773210
0.7085354532712040,0.5375197432489830,0.6266598159155540,0.3314315369025860,-1.947338825718000,0.13710564388815900,21.305398445705200,-7.410175121160280,7.885084650613070,5.152768213634890,-1.8510678132215000,-1.37084007866561,9.02840613840607,-4.21385907337331,0.19322655560295000,12.473202017374900,0.7453405659701110,0.7661202338747220,0.9830139291640740
0.7253227308194780,0.7911054542245680,0.5956047446258550,0.4942401227946040,-1.5659374439520500,0.10551831842279300,17.6697646931034,-4.4450146120403500,6.629682441871210,5.813512910445340,-1.5074331802872000,-1.5324613282764500,8.25783040291399,-4.866797238073750,0.10703745768549200,13.993984593978400,0.44140249578078900,0.8508871030998570,0.8278422259137530
0.7787723021575000,0.8405295526080220,0.6132155447842570,0.6656686824149320,-1.483180001124830,-0.38041474776711000,17.805329535314300,-10.59091865051360,7.312528905817310,4.969429218658730,-1.4417563412103600,-1.7318876504446300,6.1190057259535,-2.676347989589900,-0.023349049119893900,13.307276275302100,0.16633811605399300,1.0514236880262700,0.5550062429449270
0.775106935337803,1.0022329591282300,0.5507272053890640,0.27969128612130400,-1.6364119661542000,-0.5491474767544890,19.32205731825500,-8.46524149731733,6.361761669588340,4.707319682935790,-1.8772238510989400,-1.447310970038060,4.0636299410048800,-4.955576427657300,0.05861561724078630,11.945292920429000,0.21469938692128700,0.7819279388096590,0.6506673100732010
0.713697332350622,0.8224226117616140,0.6806113701557530,0.6869129117404050,-0.9486875372959160,-0.20090761181011800,16.762896543677500,-10.690554889229600,6.977884502048130,3.3116267530748000,-1.9075656627622900,-1.2626068270596400,8.392375297168670,-2.408665085030740,0.06153319226921750,10.979708662618200,0.5478375814397160,0.9236637600197340,0.5747146186118750
0.7816249495017970,0.9577695832142140,0.6043917644627830,0.6207495327859880,-0.8051185315013770,-1.2703963142008000,15.541315419594200,-10.545642312688500,7.037422384128490,7.471482223174000,-1.5375744175612800,-1.5620198569882000,5.733661177066530,-4.945549069322670,0.08218113419961610,12.482849151573900,0.1300854584260020,0.7128709415116260,0.9216159202101650
0.6848848027158910,0.8029295976180490,0.5190086985791310,0.24851766389791600,-0.1896327084374250,-0.23109832766224900,20.063341986023200,-8.84975912279675,6.089043461209970,4.081577186950310,-1.7722640284804100,-1.4791234572235900,8.8603523054844,-5.982994245458040,-0.2533703316206730,7.740528578651770,0.4245905509543860,0.4198397136695530,0.6971004737339460
0.7813710791353520,0.6208644312818140,0.48272445610449200,0.3921847370952060,-2.2178401559055800,-0.43584449615221800,19.04889741603480,-4.4924461426143900,6.177268810916640,3.581995863042020,-1.1783368634428400,-1.5388217212693200,6.526250731362010,-4.911218953581530,-0.08474873855119190,12.57285571053320,0.23086281308081200,1.074304743585260,0.8799414949000840
0.6534103488340180,0.24863432011265800,0.6885821106754110,0.497947360618643,-0.26771677489933700,-1.060278139665290,18.881548706238900,-7.5536143940609800,7.116147842578260,6.958165342349470,-1.623113377297310,-1.99143678827159,7.686301983201540,-4.160319001129650,0.0048599927154661100,9.168579149574630,0.18574971347843100,0.8638796031411750,0.8113278807482770
0.6923639609554560,0.8040581248947630,0.621424121288467,0.5472155135700700,-1.7600332442009600,0.10820239019953300,21.895122791781900,-4.955188021843430,7.212009583095460,4.941431497115230,-1.6568464154275700,-1.6883822314684100,8.543599989266180,-4.842478191630210,0.1937694596326400,11.200534642072200,0.2778532447103440,0.7870359429555750,0.8992195891538530
0.7441632826885040,0.8264049767438900,0.6732060130067650,0.4773114664714580,-0.25724107814027800,-0.699653406453711,8.528833109024420,-9.417352791126610,7.044064832751660,4.729108190302980,-1.5943037268807300,-1.6675793194398500,9.144980322828820,-5.184538784724690,-0.043584997697773700,10.2785580615254,0.33155833359332200,1.1580986935353900,0.6044015010102420
0.7925219632281820,0.3026843518077930,0.5343253662692300,0.4990298027942400,-2.052387740820600,-0.6844300195638730,18.038697788656700,-10.351360074052400,6.300585209844870,4.619026599793700,-1.6465749004047200,-1.4008195264391700,6.726196166643530,-2.6145257166394600,-0.24627239044003700,11.38104130863490,0.14794376107053000,1.0559622103319600,0.6359577365784710
0.6947831498361320,1.00838599465999,0.6318781560248820,0.47477088224624000,-1.622941565001750,-0.6239268891941080,12.196490512765200,-10.139685254901600,6.721473282317340,4.142389397738850,-1.8386670524240300,-2.1430632289139000,7.870300686197410,-6.007728085316290,-0.001151612173535930,12.42593270889670,0.09112257879865980,0.7286966665738330,0.8156966743725730
0.730296462838163,0.901148508505021,0.5917108607323430,0.302450751987837,-1.2717424329065000,-0.07808165456687960,20.427984968312000,-9.508064954305320,6.59826910840707,5.946213263074790,-1.7171081982731500,-1.344620312452570,6.2981313646799900,-3.0580442965310200,-0.1512893253516580,12.036660951026900,0.6165798591167230,0.5283650456291210,0.6641513292411960
0.6857372969273340,0.8799033413675470,0.663181726936981,0.5637098854576510,-2.0878422793708900,-1.2410378392875400,19.72421039972100,-7.070798024472960,6.914219448327870,4.678302911024630,-1.7787807401737700,-1.8560929082024000,6.61566723170191,-3.933459485106510,0.18760148540986700,10.300005115074600,0.12400430953106100,0.8990374212287530,0.5751357986994610
0.7727799193570930,0.7841778252003280,0.6379584714684030,0.4990805909418130,-2.3722301446036400,-0.8402162805119840,18.694686155167100,-9.881797382456140,7.045161798111160,6.064339520064350,-1.7786275626834200,-1.5371902282764500,-2.4236721079075400,-3.7721950387894600,-0.059053792744983700,13.560230649182800,0.1508491327693130,1.084174823604050,0.9469993024083040
0.6560011027372130,0.6658794076845820,0.6853616478523310,0.31400739945297500,-2.25306431982388,-0.07521862062787080,17.88970348072180,-7.41379365254492,7.664728023006080,5.075628058870020,-1.8172845773714100,-1.4245806564579900,8.198873285192740,-6.216590662214620,0.09553920434482940,12.203783326895700,0.3412059467940230,0.5577202800511610,0.8158435413632420
0.7878775942933120,0.8862047029891070,0.6943704441507390,0.35133231559891700,-0.9729296692377080,-1.288904994463750,16.445212227767300,-7.040903481970820,7.039807272010000,7.648583713152280,-1.088763139160390,-1.6973138738858900,6.7177416628014,-6.305389397087560,0.17065676363403300,11.31880158184900,0.29086937918705600,0.6716999087259190,0.9574315350192780
0.7260479966462800,0.4787164819316010,0.6695724945767620,0.6285823372183840,-0.28381478891145700,-0.24723774694633200,15.267148821356900,-9.366528207237180,6.591004593290890,5.303767942236430,-1.4537305491623200,-1.5180263842489000,7.563399585103670,-7.92411238888971,0.06760339666180190,11.948560984897100,0.8118585383241020,0.7681343551566090,0.48707303239391400
0.6802569997473320,0.71936593870616,0.6510503363124020,0.5583047361132000,-1.4672335055435800,-0.27861750028978100,17.633110537925400,-6.695191463083660,6.994609563758080,4.453661064770760,-1.2655288803895700,-1.7707307802194400,3.1070318312657100,-6.271895173417910,-0.07315763158962800,12.299757372422200,0.3106164541392960,0.6029529927545700,0.7490553569059380
0.7624545813003160,1.038299747724430,0.6706336946575310,0.30640186750413500,-1.2053557885783100,-0.8226096860667910,19.0903532161359,-7.892219865647260,6.0926759504628800,4.961210957165840,-1.0348780849159100,-1.5534810488513200,4.8341090361217700,-5.151006419570820,-0.1278388194280060,12.633309067242600,0.5847217093184580,0.3597196216072860,0.7619707332580130
0.6964185449525800,0.8373527086097660,0.6387296592623320,0.43286999221158400,-2.2643176652103400,0.18787120805078900,19.105703348173000,-10.20743054114210,6.6673241195291000,4.24382761122993,-1.1700450337454800,-1.675551932407590,7.738551424550500,-2.6181280023504100,-0.003927303311908510,12.46552731592130,0.2876637033281360,0.9938053920882620,0.6670958744180040
0.6169013668398690,1.0459773362017000,0.6226097731188910,0.549782240731639,-1.1144988919909400,0.026320406709697000,14.063010515621400,-6.0461080780857500,6.400836495273170,3.0888220348561500,-1.4631314337314700,-1.6756706006327100,9.82989799960777,-6.908657552370090,0.14839317889128100,9.330479345744180,0.3705869625720560,0.574172165546449,0.4928438874331300
0.7022965016664580,1.0106229001024000,0.679376814864951,0.41202317870776300,-1.6006873763888400,-0.4478979842578880,15.512198041439500,-10.347662047833100,6.835399374812720,6.326345593346490,-1.4466379615632800,-1.8047201706233300,8.450226165448090,-4.739086038083780,0.04649270220034050,12.9106302402568,0.1997310180290660,0.5828992828840680,0.6183515895459390
0.7915180368942840,0.75016431972838,0.6356737440320150,0.28769560021888900,-2.1363044837579800,-0.24623865492366300,20.79433618810450,-9.258161541606650,7.547728001682000,4.066486023955070,-1.2852305267722700,-1.3426980404761200,3.630745881138040,-3.8766864968720200,0.148369861491644,13.433057857368000,0.5707074750185230,0.8237301778957490,0.6788460377966730
0.7554588568451660,0.2576254800728900,0.6582323952273230,0.4552438231039080,-1.7437972288289800,-0.10249653108266700,17.35400389174450,-7.9544902773989900,6.367586332728810,2.6361247235032400,-0.8784018360752960,-1.4357940746759400,6.942243057717590,-4.0067232092329100,0.15929477360519900,11.260787488937300,1.051760451130200,0.8643211599100310,0.36807677398122100
0.753592422905179,0.7542158838692230,0.5219682509062960,0.4738048716279470,-2.4581670738575900,-0.6250420203132580,14.207592223957900,-4.134826427785830,6.421283057439940,5.838599659919470,-1.4241648230775000,-1.5332546627563300,5.185346657830290,-4.780437781784780,0.08984626936999220,10.61848487002350,0.3277931696639700,1.0447576212147400,0.7188122691934230
0.7749370205814190,0.7303168603513480,0.5841928615553240,0.4350314423853150,-1.688203001806060,-0.013204959471162900,13.94144966017910,-9.005078480391880,6.271797736584700,6.001675554890990,-1.5782266669361500,-1.2601398171185600,9.747219630305570,-3.13872149993718,-0.11547149535656200,10.110199231809100,0.8158508291059820,1.1731310534248400,0.5006238922431000
0.7726534605001330,0.8081921198834410,0.6872172877755390,0.6647162813307110,-1.5697520511446400,-0.8573398937243470,20.013922140533800,-8.576096138517400,6.888684994207260,3.6880669247638000,-1.3247026046354400,-1.8669403152439400,4.452249144601850,-3.1099796776755200,-0.10677225493158700,13.959718230997200,0.14569925834925500,0.7822421969000780,0.6139593171809610
0.6060990757942260,0.8162834334567040,0.6184631329963640,0.6193950774087720,-2.147832504464040,-0.09751907800640500,16.85645551619880,-6.092707112518400,6.729826323403820,5.309006615266760,-1.4426915318092500,-1.6763306248133400,9.501988845425040,-4.623973142979950,0.1499892765224960,10.872388741244300,0.253444240834654,0.8898220761329520,0.5933703370027120
0.7492618781877950,1.0815410112293300,0.6123842429295980,0.45625524842960300,-1.187576772559690,-2.50162619299567,13.046098899981600,-2.9220493443024500,7.223475761990070,6.139177333062530,-1.392450009479630,-2.0116797263346500,4.651940176852800,-6.927391990170280,0.18831316401731500,10.845181935394200,0.1347250569833860,0.9598216789909090,0.9821163032146690
0.6981482825704200,0.9059880529942750,0.6358162987577850,0.6774046805813740,-0.35922826670741100,-0.4978478141808190,11.997392222156400,-6.785052291769530,6.355554798754320,5.345736826679240,-1.3711742031635100,-2.0769650485363700,8.75374376724074,-4.630095603565740,-0.04278376501249280,7.645174847537720,0.25788485158613900,0.9431295466614050,0.7151648020007150
0.7877949331266540,1.0587336493537200,0.6011566887794690,0.42544936408127900,-2.2945519222100600,-0.15071852687460000,19.999161163166200,-9.835769800586760,6.8526114786926800,6.768443491788040,-1.3841563717989700,-1.4161335371171500,6.206725854773980,-3.11105050587917,0.029693453373543500,12.080794676946700,0.34656551005382300,0.49540781328637900,0.9505495757762220
0.793519341096336,0.789954942529065,0.5421601683976870,0.4643408533763070,-2.0878411912068800,-0.14776079967322800,17.11547908904820,-10.11479539096450,6.26955257612223,3.468835727099400,-1.2495476449927300,-1.5257286555501300,8.07117228191781,-4.5112193148448000,-0.10935497390672200,12.421807812738700,0.2489429628121080,0.7494860323792210,0.7907830211059800
0.6592861338794310,0.6992707454905820,0.6739508370496760,0.5749777087985340,-2.168662312323220,0.11647306233857500,19.187783558762200,-7.959941622210530,6.431800614365740,5.391222120867160,-1.6594149932874300,-1.602599300135640,9.510970086691590,-4.448361045561200,-0.06805261289101340,10.944585826893700,0.23816504881483400,0.9112662202176870,0.682745769122757
0.6847264088004030,0.9013508038116910,0.6621981498941240,0.4365579261969350,-1.258402714516820,-0.28705707958326800,14.373569674203700,-7.116797467107880,6.435783684311310,5.704964196755530,-1.9932458790082800,-1.5263597729597400,7.693353386616650,-4.568939046074680,0.055333792233651200,7.686899174484670,0.3199702237509870,0.6896383275355350,0.6417006955047140
0.5307994207171780,0.5427150124211550,0.6779652578161940,0.2644918270407140,-1.9184942556942800,-0.029223255122343200,15.950932660267500,-9.058770662025040,6.347108838344910,2.4559638432460300,-1.7123588847067400,-1.6303109817616300,6.65012919708958,-3.8794345193086700,-0.07395757004804350,12.284143660225800,0.39935567774478600,1.1216681642913500,0.303356840135989
0.7302831870664330,0.8062713659520820,0.6399324644073890,0.4128825765082070,-1.4853161161802800,-0.8694193901177070,19.444356478327200,-8.726141257148480,6.458354073513540,2.739334652952210,-0.898768592694906,-1.6877937238470400,-0.6585955300758520,-5.252046238548110,-0.013241757677074800,12.205217623067800,0.4336664585430120,1.031972190978310,0.36985978324659
0.6491473301846430,0.7375203370681710,0.5948570412578800,0.6269182676661430,-2.424759726449540,-0.2374089650625100,18.478134681557700,-4.917194046530380,6.834527253363900,4.50412078907538,-1.6583895240317800,-1.674093914979850,7.600523626215270,-4.3444206619364900,-0.0646146588714302,11.253035395647000,0.2585728332991920,0.9453277876178340,0.9795024123754420
0.7687854204224370,1.0777024092776700,0.5640550157571220,0.2949907953351580,-1.92037837627101,-0.26825406164977900,19.628275637896300,-6.958019670605220,6.617660037062760,7.774398801276890,-1.9487609295676400,-1.3685540643930500,9.543785514020570,-4.324980987777320,0.021248037114133600,9.137441393884120,0.41682123226121500,0.3596871494308260,0.5734553982854130
0.636544028211156,0.6797230414335060,0.6769628602998950,0.4787095560065460,-1.1658407709376700,-1.7839814248593900,16.19587880823590,-7.859781397772390,6.812880550877320,2.4972138178341300,-0.9765125916199960,-2.022897946012980,5.260435481991290,-3.5780205537086100,-0.10623408663960000,7.603473866856730,0.4318826871785290,1.1226824589489600,0.58759085813347
0.6672108642755010,0.7275271320541370,0.6791216305666110,0.501757329457595,-0.225142070167929,-0.3601336624088490,16.69725363364240,-10.253313606484700,6.286690668267530,5.085483264734910,-1.3808997057598500,-1.4576570632940000,4.004693884925040,-3.5612768974336500,-0.1912020833036260,12.711534458324100,0.9760286333147490,0.975761004479243,0.8331774567763870
0.6017182205772610,1.041696425587300,0.48106002132946600,0.2695246586322250,-2.2570663279685300,-0.036134161495691500,13.901277535394400,-9.477147087024400,6.251149362801040,4.863540058584410,-1.9969796042060800,-1.5832028230507100,4.802327545262370,-2.840251207065050,-0.15614896846649800,13.404711870020500,0.40675932540606200,1.142710863398570,0.5374035844187320
0.7945731948446360,0.2781827205207290,0.5857160949448780,0.6187687405693890,-1.0005331782446100,-0.07365813430893450,18.885197144419400,-10.648615666868100,6.086415821621830,3.059408632715790,-1.9840802830592200,-1.3728475553696000,8.309761041054480,-3.404989387890620,-0.24409716861210600,12.354943005327600,0.3833502408178000,0.9637560371525260,0.243436596465538
0.5620791314181900,0.7973566570924790,0.6849439949760320,0.33678875025203900,-0.9969909570178200,-0.076175789290641,12.893482145564900,-9.825407593225480,6.220236548118840,6.378755619131300,-1.8592542142716300,-1.536887605611370,9.206947618922980,-3.051610685352960,-0.2403832194173960,12.91535395885270,0.5531500575369850,1.0029492001925900,0.2813250378229650
0.6484884738888980,0.751983070792742,0.6515442051415140,0.6655132400560290,-1.6983005082347900,-0.38873868514331200,21.516415748023400,-5.588591373857770,7.0899936499393200,5.47332009328184,-1.774788038249740,-1.9781692971680300,8.524677574360160,-6.52933141557347,0.11667441088103200,10.532118793300600,0.16292670711647100,0.39018364952320900,0.9370611588471610
0.7775083364340300,0.8926926149934250,0.6000437793013160,0.27330005665839200,-1.3483883673398100,-0.8911296509401500,14.263038601010400,-8.567547684859450,6.132976125397860,7.413406176225870,-1.2816842128317300,-1.9176237873997600,8.239065799530470,-4.827091940292050,-0.0962679398582886,12.992625426038600,0.17928956918762100,0.5585560906789200,0.6927096270163260
0.7346777713605070,0.9907613086774250,0.6137450264265720,0.4493897193691930,-1.911011043309080,-0.6143186208183320,13.159238610326400,-7.565011338854820,6.615590387981640,7.324942412393570,-1.0528856460231300,-2.0904920913334400,5.236100064250950,-6.2103335845608200,0.051205164389071900,11.718308539311400,0.19010083680825200,0.7557217302567350,0.7025714041698550
0.7780129494430210,1.0394933777515300,0.6531675880563880,0.5615979705728490,-1.7177141078009400,-0.64746838614407,19.234863059689600,-8.544649985535400,6.258906373768710,3.473993413137560,-0.7688227300530670,-1.9646889381560700,3.834778268111380,-4.772188016932830,-0.26815203767064500,11.9080430890265,0.3735698387845200,0.6072334516693690,0.6201887368649170
0.7480481106643220,1.0286166740394800,0.6351873997039770,0.391364900409242,-1.5667807598388700,-0.7668640752526450,13.23405176657040,-10.001804759219200,7.381476443009620,6.3028202565638000,-1.797999617408610,-1.9655893610470600,7.759586339379960,-5.069708650436110,0.1264336638903040,13.250602324634500,0.13754799826166900,0.9257813207707310,0.8564188848632070
0.721896972958339,0.9707075275432510,0.6285072854417560,0.31458984453642100,-1.9197653178417600,-0.3077096745368430,18.04971116673330,-6.3672819203221500,6.551415264932430,4.1101804231243300,-1.1500316968477400,-1.8328857275065100,6.835739946571550,-8.009597527501680,-0.04950117148753050,12.850021082225000,0.2740948500635230,1.0395773504321400,0.5352765035338590
0.7239743718105510,0.6184241311192480,0.6732823842499200,0.6103936561622510,-2.1343702329742900,-1.3460888519469400,16.30774142554750,-8.239918313328550,6.444570728686910,4.664468204221290,-0.5240662996790310,-1.5998810936541600,-1.6201808394420400,-4.853212418746300,-0.14360670122844000,7.970309555483860,0.4260815869451860,0.9898456425161740,0.4623015184803440
0.7867956517350940,1.0935769760517600,0.6455814730957540,0.35212419986848100,-2.2688336008802900,-0.7553195494489360,17.898033655469300,-8.782594955544700,6.465951487145380,5.815026102324720,-1.93736315304979,-1.5307910327016200,9.53898544684606,-4.243502063469680,-0.26005455618719400,12.108479324559200,0.13318563907264300,0.85186138730365,0.34314551385747000
0.7671133564835880,0.41167958592680500,0.5987306238145550,0.626916008691099,-1.8977942287473200,-0.5679128534724820,19.006026268990100,-8.921149531190990,6.716629796765580,5.135170044472700,-1.2960945098533700,-1.5978210640794100,7.28195250767922,-3.2842011566477000,0.15617332645266100,12.397013164773300,0.15243064486488200,0.8391236908860010,0.7707023222989030
0.7936466571380940,0.7991759691359330,0.4912718769451170,0.47784697196549900,-1.4549192487941800,-0.3161847304500630,20.900770527287700,-6.212323255569590,6.782380861399370,4.7718489705730500,-1.392786570052010,-1.719494114473810,4.519209208003510,-4.61882564459718,0.03499608288041130,13.454284189827100,0.17237032103964800,1.0941729431423900,0.9984369181162340
0.6656954309363860,0.9992197941414240,0.5887773048472230,0.31830505364222500,-2.4800015856528000,-0.46698535399772700,19.239632767023400,-8.079720896895000,6.151187572896960,6.832695938510090,-0.993694968101934,-1.8918255107939500,8.99589317120052,-3.4694997398957600,-0.017653373931779400,11.970915101466400,0.1447711730656360,0.7292552858658020,0.7344232884836120
0.6920141910365840,0.7474162298621360,0.5093570551380330,0.5586934831873960,-0.9002472095074940,-0.20984461282259200,17.26022991523700,-8.065316285562250,6.069606032937000,4.344507997489240,-1.637942838118870,-1.7365530678381200,8.87506840594102,-4.186749941503340,-0.05771535551355000,11.004281425367500,0.2470146970633390,0.9510299880937390,0.63713360368439
0.7616807674756830,1.0961994123810800,0.6946337151069260,0.6565314514512190,-0.9222252828750490,-0.3327407511327460,17.328630124875900,-6.942089924171450,6.364975101842810,3.4971507643577100,-1.6564793883611000,-1.534666111291930,8.99868752487694,-4.651643832177620,0.09941657126369220,11.121641989072500,0.37606017941768600,0.3300706997469600,0.7381947587613310
0.7987415150857100,1.0153602648408700,0.6293283428664150,0.5670771143782370,-0.5927285965117140,-0.9089101480297180,16.075950385237400,-6.40567365974725,6.408804325139500,2.4922306279281600,-1.7298256168862900,-1.8077972800488500,5.977243914925200,-4.455069968212510,-0.19606286519531400,11.055170409749200,0.19678759418937500,0.8715189933998360,0.7085868250243380
0.7709996701723870,0.4890045933965360,0.6001671690603500,0.5916411093654660,-0.29461537481342500,-0.577573725667841,17.67618113181980,-9.949650217267250,6.42941206291705,6.088927535663930,-1.6082498786080600,-1.5382866870564600,7.552554976905660,-5.06223412634859,-0.12562990749220600,12.246014544550200,0.30413480663096600,0.6245945585780430,0.8214695911446010
0.7451852713823980,1.005961306745650,0.5846433006902180,0.5071624596620800,-1.0144631726717300,0.16988796907427000,8.991388960372520,-7.97183560603195,6.769039810479550,3.977726517306540,-1.9566672816743300,-1.2717767195052600,9.636885876924390,-7.195853390569780,-0.22247261571418500,8.92874467054742,0.34644085487937300,1.182787107506160,0.8736779231489540
0.7876102132586920,0.5311160672449410,0.6223528196405990,0.5730379335936150,-0.9516051886384780,-0.10221681772347600,17.226136906897500,-6.017627342106780,6.176960832796710,6.647025922143100,-1.5835930355425900,-1.3306681423401700,9.696016334647310,-5.19508014229797,-0.2237832023785040,13.007796705160600,0.7774858569911080,0.9297152461557640,0.4135441318096050
0.7781596563490480,0.9677039220136320,0.6566411995196070,0.512173079299443,-1.1220676003044400,-0.3110304343020260,16.14442479246580,-10.978669996242100,6.760912435326400,2.1101764180435800,-1.4433972939215300,-1.5762011899048400,9.637331472938680,-4.0568695704244200,-0.14227950071521000,13.707968941205200,0.2150775855768510,0.7978672733863260,0.8469084652292760
0.7077005988115800,1.0573170618202500,0.632342769026239,0.34034908293868200,-2.315354218571620,-0.8601070967741150,9.67916080395242,-7.3019468732908300,6.0131896491745600,6.362057796600740,-1.3268702919917400,-1.9717152876726500,8.109597538056160,-8.15491510077206,-0.08578225564138350,9.376801771420900,0.1611545029399220,0.8412189674542820,0.46876324273662900
0.7950691397844950,0.5586199497815700,0.6732202750261970,0.24418574577709700,-1.0015032760030400,-1.88812744707213,17.595769873298100,-9.123171604766160,7.110436948504400,2.611991054267790,-1.7983503066882400,-2.013140235116640,7.587957458834260,-4.59085352996852,0.07924585815470480,13.04089546489330,0.09012813509012430,0.8160901304845760,0.7482637523867430
0.6954875534062000,0.9928535209151650,0.40850612548151600,0.4397991784962250,-1.0461366445369200,-0.12800026303629800,18.511234537185100,-3.3342830893191500,6.179615313031070,3.7043381217408900,-1.6387216343440600,-1.4287758294735000,5.044340686072130,-5.529294484363150,0.12816632713277800,13.607660548013400,0.6539471625360470,0.789860029031066,0.9008194473839280
0.7649446938295020,0.6973403378038650,0.6736265996041140,0.44655417836236000,-2.085267976338230,-1.0259890898561500,16.571316462944200,-8.655604848929050,6.27024370070255,7.165396722012840,-1.0433047948249400,-1.617661560282580,8.424320576782770,-3.6230638891694700,-0.055719522047256000,12.366956827753300,0.19313428392847500,0.42149860676097800,0.7271143947731360
0.6646060272631130,0.6719519476353060,0.6067929717373490,0.2567721805373630,-0.7637487315529360,-0.40253258583578100,16.807584307629200,-5.4308401521883100,6.254337032227400,5.262630006237140,-1.7398797188468400,-1.7120493130584000,5.337464597573010,-4.167685321900830,0.16418543798449700,12.786908044579600,0.324655613584255,1.0589847510390800,0.5320071107503680
0.7491464669327180,0.7850603370405610,0.6712522006980020,0.5211622290805260,-0.9763775270901640,-0.27052127414713300,17.374518567376400,-5.74140050948127,6.52520051435003,2.0178844208004700,-1.3857359344724500,-1.5337774613965300,9.72986465054944,-6.308188641115740,0.08286329922593290,13.098303351772000,0.3163554183245840,0.5640891555248840,0.640255548139781
0.7277960172301900,1.0277445444517200,0.684005186565493,0.6222664883038460,-0.3396780444255570,-1.5315719848239800,18.655296360743000,-10.586616377546600,6.360198361276920,4.325214561764070,-1.369793121312850,-1.9325999617565600,-3.7252138493950200,-2.828459206592320,-0.302284721445745,12.200606605154600,0.2920943089812800,0.738906959813034,0.7136675041593330
0.7438288975499600,0.42086000365711000,0.6583127445129320,0.438960123035232,-1.7946162851603800,-1.5660977886002900,17.351246339140000,-6.141492023221600,6.418607968073280,6.895122907979000,-1.515189850181660,-2.075817653928180,7.510648038893930,-4.999127824098530,0.11460596756970900,9.320852092692370,0.11949515721482900,0.5667774664645800,0.6263740381272710
0.699427169511804,1.0879877347367500,0.6733242159386720,0.5187177819626370,-0.9922056680952440,-0.3473045736082720,14.941818378732000,-8.069868488684020,6.594781939481660,3.2251259594274900,-1.3893224432910300,-2.1808757202328700,3.1455480616202200,-3.1526393646523200,0.06183672929672790,13.21837795160200,0.20966347986700800,1.1344440687733100,0.7138803774954440
0.7952315335378330,1.055535148969980,0.6027712526399960,0.6845815532037300,-0.9801447185366100,-1.304269412364870,19.07896513704030,-10.062853640615800,6.5956055230041000,5.33202227684579,-1.6086702434020300,-1.755828690986720,5.426461942873100,-3.6366116774887800,0.12368981291440700,10.375484489228300,0.17389188430171000,0.350986584356008,0.6473933003879140
0.7433796747263210,1.0659332215118900,0.495617625773792,0.5480495167696970,-1.980998646385080,-0.5616488738135040,12.576336098174400,-10.267771761458900,6.431100067319420,5.085178991790060,-0.9066188612477440,-2.0934626708299400,-0.7902340265389570,-3.084050494795460,0.020918405066523000,12.216045072934800,0.2758585731279260,1.0737220982390000,0.9286406209546250
0.7363079847378260,1.025837072761120,0.621468874096524,0.4441743949689070,-2.4694088283073100,0.16849183413280300,18.793367818470900,-9.912840610545200,6.5090173841893400,3.1668006722295600,-1.6225668238653200,-1.3867778263106700,7.98259762707092,-4.123594824126680,-0.20686100295339600,13.70653442632410,0.3960707145306180,0.5624999788279110,0.8137057314251690
0.7131552914199100,0.5295555998682640,0.5893745377825270,0.30930836023599400,-0.6575853402605330,-0.4495064692206960,18.050707981653600,-10.567370718012200,6.523596899765880,5.292125029585130,-1.5648091215979100,-1.8141706619532500,-0.234925792548085,-3.4674689898115600,-0.01798789360220190,13.448759032640000,0.26877054971149700,0.793183969856872,0.513460691165204
0.7422035670401100,1.013370918904720,0.6372265576209250,0.5730049979103850,-2.094131212184590,0.07398473808286970,8.260889377725910,-5.898086268923970,6.481406846403230,6.818152814716170,-1.110010704592570,-1.524834567927080,9.591129966413220,-6.41899313756785,0.14249037342824000,11.206286767618800,0.3192990977254980,0.8603428903949780,0.8502051964887420
0.7912894031972470,0.6939472057764510,0.5554609860167280,0.4968564389043500,-1.1927453689987800,-0.24200563184285200,17.63160792131710,-7.069274782899540,6.695875824973150,3.200841866300950,-1.1124667046087000,-1.6133316926939100,5.698550218703280,-4.544877540556230,-0.03834809026581040,12.049468489876800,0.3137865295879390,1.0560722040458100,0.7950036526293660
0.5903929809089780,0.885614760840981,0.671175448318098,0.34172845364722800,-2.4512118982857200,0.010643588622474900,14.383160580397100,-9.793418940622830,6.115544984003480,7.685883020846410,-1.7688947922265900,-1.4334718071065000,8.863381805589650,-4.845701523650910,-0.24093388170954900,10.207825106427000,0.5422245234513990,1.1587763300646400,0.3652857220479820
0.7296581094820460,0.7355792277478320,0.6753384893060000,0.3104945028200450,-2.2455688483135000,-1.393630197464930,8.960964860085190,-6.566368480371510,6.64078823442986,5.532577518339540,-1.624113439832570,-1.7701628233806500,8.746546022948820,-5.503027378214150,0.07834622696575740,11.631700658185200,0.07990408546797830,1.0966881913680300,0.8815932201807670
0.7918856476818970,0.6799576230242950,0.6053192467061930,0.287538038177844,-2.248834014600170,-0.5011812700502190,16.9768449997677,-8.321573254054480,6.500205092988640,6.843876112037720,-1.2110606319452300,-1.4619922863117000,8.013192219819260,-4.291716579208140,-0.09552819269176600,12.232911806666900,0.24149100684098400,0.6378580169471770,0.5889291013972520
0.6629095185174010,0.43343218906592900,0.6454598731661370,0.37269138302001700,-1.4434333939868900,0.006321664779590810,16.18859321310240,-6.896532023932220,6.465569759387240,5.486339002045400,-1.6327935098388800,-1.4599312122344200,7.162998958872320,-4.09945540577084,-0.10896010257139100,13.407753218212100,0.5542604962643590,0.959660797946437,0.2661111087198030
0.649917703031954,0.9163929655448910,0.6206653422655320,0.4089475096149760,-1.3151422481851400,-0.03455170518062470,18.967068967230100,-7.320398861821550,6.53959976981955,4.937708700587270,-1.0243110157574500,-1.5879829866565900,4.690315131433980,-3.20848955632066,0.017673239711747100,11.605108150603200,0.8902705621156760,0.9540559290909040,0.57747014040436
0.7989689073521380,0.5812464711418210,0.525011443091586,0.5777474586312670,-1.7308287182929800,-0.13558876821234600,18.66324234548820,-5.326225450997590,6.986015542191800,5.292782304687640,-0.9654397869197550,-1.5396125555623200,2.761909157565340,-4.449223445725150,0.13686639518020000,13.038629121341700,0.4845014715311460,0.8482110440722520,0.8864253173996890
0.7373653282055120,0.3629431959391530,0.5748074656268360,0.318025682921086,-1.3507016794209700,-0.10717041778959800,15.649671736198100,-4.237156765661200,6.625756951283640,4.497606263475570,-1.4826256545357600,-1.4743758913055900,4.076058208943970,-4.874694272528450,0.003951563692517480,13.278836942405400,0.4842669621186310,0.8968095389213300,0.8047278733373620
0.7548639120948800,0.6162380783302780,0.6911960884321780,0.348139028686043,-0.9599696217731030,-1.3241376077459200,20.84008615335100,-8.49116404179723,6.919571567763630,6.022192799532050,-1.7567496793547900,-1.7812384684133200,7.015144153751660,-3.0406196951884700,0.1852779609280890,13.850492017532900,0.10409078007160800,0.8639456585998270,0.6913883220890420
0.7348289892476480,0.5185699765144700,0.6840412337680560,0.45473970478563000,-1.742360533346590,-0.9168820054232900,17.521656920867300,-9.901399252501630,6.052812801901520,7.4787058617842800,-1.4110579351955100,-1.7998772848183400,8.570921673755650,-2.926260480400310,-0.20691032509658000,9.780532016259320,0.17218731564667000,1.0372024895688600,0.43429887501185000
0.7613296547666410,0.9175177980734930,0.6083661849239810,0.5316578817579660,-0.9766359474307310,-1.4290600431162400,12.250209697355600,-9.056107594228890,6.034548234037210,3.4584156795440500,-1.2222240197903800,-2.1904602016893600,3.7963585014009000,-4.926956947074250,-0.09997127146346450,11.670604981541000,0.11856301902510200,1.1436413914604200,0.7975847377934820
0.7390879711181910,1.0672831741799100,0.6405659860819920,0.3705657933662890,-2.2939272550542900,-2.0176454920466300,8.332573754546730,-6.987099740899420,6.486142087428740,3.515199148014690,-1.830730975599530,-1.7410888222948700,7.807374392405680,-4.41071946055223,-0.20823090537823700,12.652691660503000,0.11530375547177900,1.0910076367315400,0.9866644157210960
0.7003367275008230,0.4004400936805290,0.6440575387755710,0.5328317550715070,-1.888860414573220,-0.435904737321753,18.645481468332100,-8.125271158254950,6.463445305060050,5.388517737986660,-1.3522595092200700,-1.88102645428632,6.16431216678204,-2.9902639492505100,0.052661439583162500,13.371000233843900,0.1372506436112380,0.9803986425615850,0.9267721851699340
0.6800210258866200,0.8737460602656160,0.6928832701714400,0.49412939881164200,-1.0155083080167300,-0.22649060387324900,16.81078231284440,-6.695180755523620,7.529784467918160,6.366394386890210,-1.341223698263520,-1.6897848188673900,4.364587665246460,-5.168347514314360,0.11456284908295200,11.98011648941240,0.4084047159907010,0.6954753021879230,0.9897525275750590
0.7986749408165920,0.7432232436507790,0.6459108480080310,0.4253809128059480,-0.8366586887213810,-0.09626212496292940,14.77248228023170,-10.582701510042000,6.592621747550740,7.091324972496500,-1.1816501572342800,-1.3110563334333300,8.609581554635100,-5.373263649018220,0.00035792688822075500,12.423763885545100,0.8125548848603130,0.8354488639599400,0.673401424737684
0.7478452455211300,0.7221776573355580,0.5399842367540270,0.3490701558367090,-1.1102718401127100,-0.3069480416112970,16.997695764506400,-5.297477050922680,6.916394393339180,7.433526571274660,-1.8613909819940000,-1.493564023685770,9.923882142415980,-5.185219312903970,0.12807998054547900,12.139410399307200,0.2607167780006130,0.9284044863820520,0.7009953502315450
0.7718367143241240,0.9957746154350360,0.6607100745259630,0.31085678611714800,-1.0837090758486000,-0.803310384037293,21.047805961267000,-5.704966189199820,6.933078859726310,6.622352028174350,-1.6637655504654100,-2.067626015813570,5.062401593094380,-4.836399143029450,0.12395615823616900,12.75509115189820,0.14939771389427900,0.40908456920999300,0.8586799491146500
0.6377729210567750,0.5210904027462650,0.605042147960548,0.5631789899001470,-1.2087342397370200,-0.16757630461366000,19.860422710257600,-5.523312759126410,6.911399290104410,5.9516042397676800,-1.7265831633655900,-1.6555013155250600,6.11644273701525,-5.345079841839400,0.11143551953525300,12.44407643001350,0.33108713274088000,0.4959924609755780,0.8833781312137820
0.7457916528721200,0.8844621399417780,0.5747530278802780,0.4570263895394450,-1.8779126040990300,-0.7139841903589020,16.048827514540900,-10.243003080437200,6.1835860599722000,6.228489922652780,-1.98914555302042,-1.8378483656552400,2.3769879310915800,-3.315882895457580,0.0014758981962197800,13.074808448534700,0.21214005215169700,0.45421778123395600,0.7512690785392430
0.5978864780442090,0.28887246252567300,0.6083786778468780,0.37108737337274000,-1.5516341149486400,0.008045904758090690,15.732773499818000,-6.627725216640330,6.854368885695450,4.4223634585023100,-1.6081518195995100,-1.4418741263833200,5.8206397391317700,-3.490079494483620,0.016983930106262800,13.804492925045900,0.8937801720325470,0.836917172767893,0.7711929542754990
0.7278576444264790,1.010131059477520,0.5980584510989410,0.5372613394876020,-1.0142814024384200,-0.6079162863459570,14.787937038485600,-9.388010659945500,6.477245281020590,4.206798023263780,-1.4978299422664900,-1.8455539980643400,4.064540822021430,-4.657551657809460,0.02565427304554160,13.978224055771500,0.17460338527881600,0.7389465387995630,0.7078048978092930
0.6226038457159160,0.4412595778253970,0.6101610435679140,0.3885447475343340,-0.7225424091024290,-0.7012206373769820,17.08914351171060,-7.2560891844386,6.902219181684600,4.218879536133370,-1.3317996268894100,-2.085285130577800,-0.3438694034484790,-4.919546954038060,0.02358063702990880,13.3046084619036,0.32805795409558400,0.9387942882354300,0.8276562579795710
0.7972586389542000,1.0718194624134100,0.6710672308837600,0.5232177333383070,-2.1334314258394100,0.35929709414939100,12.593860849559900,-7.293181486351690,6.662952239880460,7.057551798326920,-1.6620673939647000,-1.4664238647427300,9.420204894015920,-3.842126401953360,0.1473457633707450,8.523419631473120,0.3211150489898100,0.7656348047849060,0.5720117957816750
0.7902369685146660,0.7590547524431140,0.6290744147503230,0.43033980304731500,-1.1407315582320000,-2.977635694351690,18.89908914546540,-6.058290209803260,6.944783352577500,7.278962612048390,-1.8536088043941900,-1.300837247136720,7.921575970328130,-7.041210743751200,0.08623126921193460,9.176329043670760,0.09248098565383550,0.4699985732207870,0.9496618781309530
0.7359163740512480,1.0544451710381600,0.5866550358387520,0.6521857061886350,-1.8142463290320700,0.07124600132351720,20.340583376206200,-7.837219554569340,6.433252362995030,4.132312800991210,-1.751282357027390,-1.8081731540352200,9.694401226144540,-3.4453814439703900,-0.05790427110801150,13.268793544912300,0.18008620001812600,0.6778679850740900,0.7264150875872510
0.5579041878777650,0.9629135131155740,0.629796318493586,0.6857611145558700,-1.0015722547484200,-0.14286425936757700,13.472557290848300,-10.068970745517200,7.241205675632620,5.161452091458830,-1.8963301277880900,-1.6473994973876000,4.823075688021240,-5.863420681022390,0.0143767362010362,12.926048922438700,0.31312683872577200,0.8929483436663740,0.9640806838508990
0.6745980340029610,0.9347880438144590,0.6666218425483730,0.47038557399300800,-1.2926497966849900,-0.006842045427494480,13.068239711993400,-9.472392433867460,7.000917880306180,4.57767998279694,-1.4909992812613000,-1.562723401517230,8.809189345178480,-2.880956983665650,0.02170667418697080,9.476951219408220,0.30036048356847000,0.8408309138697970,0.5928275894552200
0.7926173224733290,0.7893883201313540,0.6154968433111500,0.2977315457972830,-1.4022997547172000,-0.3343561634828920,19.77219223717060,-10.772180925926500,6.048276234952460,2.1745125797693800,-1.3176010696535300,-1.4047870150432600,5.3792102471966600,-3.2338039986252600,-0.4125346998391150,12.21043894081480,0.6209754494702190,0.9038839364800430,0.4406719747068430
0.7602420249285540,0.6045537377565010,0.6706197041600450,0.2834189398308460,-0.8510343889144520,-0.5570203548652150,15.573306794156300,-8.571377895536300,7.004882118774270,5.646733339048410,-1.9733674652151700,-1.636761236936090,3.924635806162620,-4.4879047225237800,0.00743853626092203,13.055693443304300,0.2621322192337570,0.5026674784034370,0.5717676885250740
0.7980306736519420,0.695820130138013,0.5793130578070670,0.5050611424526440,-1.7273569655625000,-0.6679429758353310,20.05032290212370,-8.465294325016960,6.0852589899022000,3.0002402732701100,-1.6876625361137200,-1.7252226446758100,6.857415537648580,-2.7267763757241700,-0.19940227306494800,12.604922724039600,0.13529756317760300,0.83233583080438,0.5099715490650800
0.6583232865120070,0.8890703696053590,0.6520020653429800,0.518772357941168,-1.2696656381587100,-0.13078271644898900,14.119718116119100,-5.993356318364110,6.849211118195390,6.572904626698830,-1.5338832439383800,-1.463036709148430,6.146974853300090,-4.744493378021980,-0.0496114765480456,12.772533007095400,0.4889066145538330,1.0288340816242100,0.994764487864635
0.7373305096847650,1.097866673558440,0.6802980210201370,0.4553791736385760,-2.4145767042663400,-0.5820141594215240,19.214564882376800,-9.048266254132060,6.8403553874708500,6.05869838709054,-1.571266229658230,-1.5293481238460100,3.6634605274410300,-7.811796973012460,0.041959116289449900,13.867447149265200,0.2890908948078420,0.48936963832482600,0.3511570628399900
0.7269055169810750,1.038857740372200,0.6731978735748180,0.6476394934844130,-0.8461821665569990,-0.3188750249063880,10.868843060471700,-8.989127894093200,6.603395979017160,6.017188355418100,-1.1643341008368100,-1.6644918373894900,9.008881978287620,-6.566404652055230,-0.21487841389853200,11.143498084879800,0.5845676409112790,0.8199571676784580,0.5732379841291180
0.6178598828391560,0.8926811107073440,0.6692296578984390,0.3415281837204640,-1.099369365296970,-0.35831750022219300,14.47835077781150,-10.84125050646190,6.45420980694351,7.795437588980260,-1.688185210250840,-1.8110054710714200,7.258925723769220,-5.813469619942070,-0.16310416179131100,12.912965994086800,0.2631455921153860,0.6026359021645420,0.7100762171631450
0.728749910409952,0.7251082050455540,0.6758343480636540,0.48538205977129500,-1.1521887413108700,-0.9861315732409240,14.48106619697400,-9.529078785764820,6.098403395643340,7.407095772408610,-1.7790288462039900,-2.173078604886700,5.188779018841820,-5.115434948229090,0.05795935460598130,9.347140291573430,0.11932368685921200,0.5523861425918570,0.7769251219336800
0.7751762625012940,0.975446374898421,0.5922113290655500,0.5945038562257560,-2.0898975908473900,-0.17717047219211500,11.20207177500930,-5.205918531028520,6.337552370018710,6.2490353904963800,-1.45733803099722,-1.5180655634900900,7.844504729592250,-6.941042868590720,0.1487371730409220,8.073026437212040,0.2696326432725310,1.0142670858648400,0.5407400130761710
0.6851379179749490,1.0318923949399400,0.694064566692709,0.46775226357968300,-1.3985209586918200,-0.028131329101451600,12.212510527819200,-8.793929010381020,6.6007441567232800,2.0062291700633000,-1.7061401309727400,-1.5549708979939100,9.520717969238200,-3.9101264888318600,-0.1309940651034130,6.974150211122700,0.25791279721562100,1.1151236887044000,0.8534069693745670
0.725522021685192,0.8797236552773430,0.6048916990647620,0.3766324489179330,-1.4556384104006900,-0.44938658903847100,21.527704115914200,-10.101467102458200,6.15485939438922,4.4035889944557800,-1.1825626529546800,-1.9682361468089500,6.296595816681090,-3.784731673110980,-0.18306858033712700,13.45778152437770,0.22706223352833700,0.3801542003475580,0.7667891799690430
0.6615949373557170,1.0147403335767600,0.6102677515233500,0.3883647843759030,-1.089430405722790,0.1096758815467330,16.76977715471950,-9.572036342118860,6.966550980586280,4.171522030656330,-1.7472327913992300,-1.387441319926530,9.274112849458280,-3.669467715226960,0.0013628084716858500,13.64080995678010,0.7003734385820980,1.1591641210948200,0.5048745181104920
0.7848600265386350,1.0689619735799500,0.5968656051944200,0.481746989439216,-1.0572484135611000,-1.148273521533920,10.924454844648500,-8.257241916141290,6.200342564288370,3.9962504661258200,-1.333131285063600,-2.0005879929249500,6.662162374810110,-6.215226475584260,-0.07064388188975640,10.2407768599247,0.13501481553198400,1.1033009992949900,0.7822714539338590
0.719847726490211,0.4249467707273100,0.6338879048080120,0.3679954679462980,-1.1331325463310800,-0.7301472173912610,19.94538568588900,-7.769205404725630,7.366146187251350,4.192846312354610,-1.3394837873873800,-1.946938949786010,6.290849495795700,-5.823365869183440,0.18753682544714700,12.714914632614900,0.15999939798909400,0.5735581800224380,0.7613466918117320
0.7366883917838280,1.0848086829965300,0.6880911594280420,0.5825886024665800,-0.34815406766472200,-1.085449759265990,17.671333208035600,-9.935896385614690,6.476989746916160,4.891013641399330,-1.5439849740804700,-1.7726726832400700,7.727176878804390,-6.924656935708150,-0.11572372303815200,9.696437531417300,0.24787516156031000,0.6075634424185440,0.4211786306608180
0.7442480098303520,0.7988347711795780,0.664818714934957,0.341581195309024,-1.1180833932839200,-0.365680041467863,21.83340402605180,-8.431220739823570,6.310179451184930,7.426356264965870,-1.6387313984697800,-1.816206632635290,8.674457367945600,-3.2909456361732000,-0.40141614162685000,13.593188794099400,0.21352981663927700,0.8896601952602240,0.47390332088857100
0.6462052853463290,0.8639771662483690,0.60132102276226,0.4758735564349890,-1.2971110289587700,0.14507817306935600,16.443104516164400,-6.992784738469620,7.022628940086080,5.03124191251774,-1.9181275624300100,-1.657012436748930,6.974813845374420,-3.409855487644070,0.036963870179027000,13.553038502880100,0.3156729089115030,1.139834926769480,0.8523749095974070
0.7285354401426680,0.7841372049340860,0.6619511098282800,0.6543819616997350,-1.7716481473046800,-0.4632822158311710,15.694574023239400,-9.293668561040120,7.137136754873030,4.653640639652810,-0.9875032586956730,-2.0036958680295700,3.741488566733390,-3.1064583284566600,-0.08982851440877520,12.3752141234266,0.21273464725072800,1.1151368371247400,0.7010173878219790
0.6551678906455030,1.073913243714330,0.4985823445992940,0.540517481335934,-1.9995633948921800,-0.2130647802008090,12.984636626010300,-4.7434964014533600,6.592330244360120,2.3142343914966400,-1.0117168820112500,-1.5295231069442500,3.808365368354680,-5.30392578726043,0.11467463266418100,12.134690231956400,0.5767255488163030,0.9798882492817670,0.8459434465717560
0.7258526999894280,0.7190628886880060,0.5225194448049120,0.6069785245452590,-1.1215502527002900,-0.15076141418630100,16.027067042995500,-9.798055296550470,6.213333895396620,5.685577215393480,-1.676496276124410,-1.6589234086377000,9.401455814426380,-2.4840688784601500,-0.1741710378237820,13.875816242458700,0.2479062255825810,0.895744362253882,0.7015617613448960
0.7415692236137260,1.0893242076543600,0.6844971964029290,0.3199506144874030,-1.700623581999850,-0.15482235968187400,21.11793971183630,-10.951750398100300,6.833590412287460,7.06639377962554,-1.2483110829509100,-1.861017126839640,7.166260542159580,-3.876299490740120,-0.039758945806823400,11.99593367098540,0.3311173548252380,0.31889074076426100,0.7048059557838840
0.6994111792424990,0.7017744354725720,0.6769029163298940,0.586326043292945,-2.1896358252165400,-0.9200666472254780,18.804324581738300,-10.091387754847300,6.779634907368100,6.8687050263195500,-1.8943042081640700,-1.8406895021448500,5.818770162743760,-2.466379448519020,-0.051474398555326700,8.917731609404430,0.15957339410681200,0.9548515591777280,0.3266191467604370
0.7492186417997190,0.47101363148563800,0.6831355070998290,0.41177673406320400,-1.445426165876420,-0.3942971125823350,16.57522856319660,-8.629046762313120,6.482232354169750,3.854884630966890,-0.8577322041643720,-1.6625823176428300,-0.4179745425884130,-3.3934292908883400,-0.03299055055076010,12.945920766756700,0.6798063008127050,1.0502919560496200,0.5750392079186880
0.7767370922862190,0.4133133412663650,0.6652017559641490,0.5992726950964370,-2.110026384565190,-0.4505561614321420,16.994927737753600,-9.6145739308706,6.50586191764046,5.399478199287150,-0.7288054419775700,-1.7847989721542400,6.998597348746860,-5.263644925984620,-0.13183478367302200,9.534923084112620,0.25969700063942200,0.497117423812195,0.817226750364673
0.7223972421320180,0.7485652158388300,0.660026630855453,0.6513318707978240,-2.3944634183361500,-0.43875388768663400,18.978709950707500,-7.78215922417586,6.739737222594110,4.655740028384130,-0.5757565262812990,-2.0968371726297300,7.768431090692820,-6.202786098049850,0.18742666810053400,12.63043429432380,0.2432563087292270,0.5230379368426350,0.7061883737225090
0.6751218112252050,1.0624239262528500,0.6533030222717380,0.6307269039985050,-2.35764629828657,-0.344960819129079,11.858080394687700,-7.050049319199700,6.822875747769100,3.7002120302494000,-1.7094045413667800,-1.5371387910213000,6.328635771559940,-7.335325755795530,0.0025895222432063500,11.77676701805260,0.2603789995880650,0.8392483171245540,0.8397771461906600
0.5047482616690240,0.3279371904435810,0.6340816227658420,0.5885618952075340,-1.6625734475320500,0.18316730853056800,18.993944207127200,-6.529357020539600,6.988541783517630,3.508681253354560,-1.7988153913771900,-1.72429072260332,8.899864749991500,-4.750501874366460,-0.02100593500549640,13.448613631519700,0.2652030215617830,0.8709136388556100,0.6468074906101420
0.7492539133588870,1.0546231207899000,0.5274575917860240,0.3967145892790590,-1.6208484534818200,-0.8423491109711040,14.85058853646220,-9.711333073759540,6.8018485425575000,5.859136042565500,-1.968056332893130,-1.5335728038857500,7.128641636886760,-5.671758996051770,0.03485323067367370,12.971031571251600,0.1149749545087430,1.0214583422107100,0.7803057432020810
0.6588386205196710,0.41329733099376300,0.5991345273402240,0.4190592819963310,-1.706650149943420,-0.09397253581200020,14.659487505757500,-9.879180559644110,6.59534399035955,5.684603296079680,-1.9993845114714200,-1.4148937249523500,6.8480920590397500,-2.293682871914420,-0.21117455677528300,13.687560721156500,0.7527411434008730,0.9404369597942400,0.5000958111934590
0.6983116384289380,0.613596350190217,0.684310009836081,0.6669384047994870,-0.2830274305897620,-0.0912221729596705,17.562689477402400,-7.464074726647800,6.8304845665259900,5.0996564607264400,-1.6958128905225400,-1.4182968633549600,8.887001744689770,-6.232647054478680,0.12155659609585500,10.670290226209600,0.6487024188411840,0.5406719845410790,0.620532359424508
0.6099921992483420,1.082603925509950,0.5596210375066410,0.40515926695354500,-1.4137024009870600,0.05388745037086360,16.635812802144800,-9.513170554077120,6.367127285161360,4.403357030896110,-1.9009830576147800,-1.5040404038858500,6.519040387005190,-2.214942695490930,-0.2075523358611890,12.267524804217100,0.49484169677487400,1.1397436158241100,0.5176787718815950
0.6831863382413,1.034691842479450,0.5603117124404530,0.6527007068487140,-1.9412306128746700,0.12583157683069400,13.330618718663700,-6.452846735748540,6.79688752805251,2.420964713587080,-1.090209242427030,-1.4341106603325800,8.176838214848640,-4.203317922940400,-0.1395418708201820,11.674408255517100,0.6943351556235070,0.93378516666625,0.824705120196856
0.7857472009845450,0.7340133119781470,0.6265587173902440,0.5184204775499100,-2.3927026634933000,-0.715480236548906,17.45001516322870,-7.281951587991340,6.614630556401820,2.1665130876620500,-1.5912180273026400,-1.8492016995056900,7.899120837532870,-3.5006295732582800,0.19981440470404800,13.24391632999210,0.10373301574917100,1.0466396615976100,0.5098294867814890
0.7750588374725150,1.013421912480300,0.6242871010731870,0.42243231403086300,-2.3505887157705700,-0.7343172106231630,11.012473274588000,-10.255252473678900,6.644931366788030,3.123187500026800,-0.7311182110752680,-2.0110739943277300,2.1576166664272100,-5.239626371888240,-0.03404152548971840,13.09166178483070,0.2092837001783080,1.074069460144920,0.9799298127172010
0.6876017707687460,0.3729190603245200,0.5829486084256040,0.3661992353816410,-1.4475622837265500,0.07871550825620870,17.597216271806800,-9.275555385724690,6.481590389754790,4.3758528478866400,-1.702009180878610,-1.3127619937152700,7.194627579188000,-2.4507558410800200,0.12021098477965600,11.556977464682800,1.0208820635731500,1.0218406248325400,0.5659809413666510
0.7796071311089180,0.30551276910091200,0.6235978177613760,0.6743183982476270,-2.0347864154688300,-0.001527401129718110,18.403683719672700,-9.63813397247194,7.108182222706570,4.685118101291240,-1.319445172627850,-1.406474421235160,7.174327216205780,-3.1960869480153100,-0.08743895199661890,13.062616760598600,0.52316208704892,0.7565692682375440,0.5037071565749270
0.7537904632318810,0.9939096738219800,0.6732767050678020,0.3353194029962860,-1.58470955900991,-0.5592336095823200,10.965268684641500,-8.52107588462443,6.471959464289230,6.980191402373580,-1.476929545362890,-1.8120032773480500,7.041464682608360,-3.914849470435400,-0.22213519035602600,7.638280076489500,0.23517166980985100,1.1276325582648300,0.5098565945459850
0.5887445378696930,0.6838560672091480,0.6402287906047930,0.46857330805287900,-2.4024655749266100,0.009553293807458620,21.252972703642300,-9.262747801917350,6.247406003361990,6.347063800378940,-1.3857144551262000,-1.5737465162436200,6.635158040731210,-2.5438253002606800,-0.11450967430282800,12.981342610149800,0.41119363287981800,1.1171192780125600,0.641707881967197
0.791589245955506,1.0455974186558100,0.6110906180725630,0.41192807924271900,-2.057543989042480,-0.276296602987797,15.590043897453300,-10.862159056853500,7.684580538414540,5.469510117177990,-0.9020029479670390,-1.5662273360217200,6.143419659598600,-2.885096508478710,-0.0344653861956567,13.077433240152600,0.3553000251050290,0.6795954068508010,0.7667967340867720
0.70303878236069,0.954105949140338,0.526213751620411,0.5156185216168660,-0.8954307119435070,-0.3571363261766520,12.267219055882400,-4.601845895261970,6.407111133353080,5.768610326170530,-1.4802611785989500,-1.6460157054002100,4.166110067107760,-6.985356412785060,0.10849347088855000,12.379255624654500,0.32882575404247400,1.1593898784737300,0.800297772063717
0.7435907308356110,1.0507573010601900,0.6301758245107230,0.2937420236217060,-2.4018137308239100,-1.3151821672858000,19.43911678591230,-10.641569486849000,6.523881235397200,5.331579926963430,-0.8639803084136760,-1.7628012481261100,8.001894523308630,-3.340591790440630,-0.10640118289668700,10.905812524398800,0.12297216453530600,0.6983802109625990,0.4284824493165060
0.7792781582630010,0.5116831061556780,0.6848051291179230,0.5067542634674920,-1.065035108387460,-1.3465094788201500,15.380280815411800,-10.881293011631500,6.159769384061770,7.316192387889830,-1.161725865807490,-2.1000081473130900,2.132004500267870,-6.045814005470110,-0.06042056353106430,12.96406330949200,0.17052104002092000,0.7811263210927490,0.6492925524574540
0.6666399015053590,0.7603946100549020,0.6688649939492400,0.27586145580313100,-1.2786881155776900,-0.29287523001870000,18.20215151003870,-9.340201638805500,6.5442416434,6.332771864643760,-1.345200343677360,-1.637944823479810,4.501173358318320,-2.9056584727993200,-0.0991707881496286,13.695875150001400,0.3249766135128490,1.0524786048199500,0.9574506962771710
0.7264505918770330,0.7808805219007770,0.6232265173157650,0.5356285055362540,-2.4347276567944100,-0.4004395010383030,19.244512942564200,-8.592960990032180,7.101203842493530,3.6504473385141900,-1.289852077202200,-1.667358255844950,9.877465383069160,-8.541331804490880,0.08845830370610710,11.798187342395600,0.19081228277018500,0.4143721306407880,0.878657801694873
0.7977291636113170,1.031437685256640,0.698773093133208,0.33696467090393700,-1.8621871772078200,-1.3419236970938700,20.903127236846500,-10.847149799347700,6.882687414512950,6.243090721118790,-1.065237019310190,-1.9180654930111800,3.205223411709970,-3.5569810613761500,-0.36077893205285000,13.349842651955400,0.13935537586324300,0.605902015887797,0.3456944187373740
0.6923535430926110,0.8180828571255800,0.6849283919712550,0.44122906178131800,-1.1821233538441600,-0.10667134701537100,16.171243532636500,-7.323926924041470,6.8734282422698600,6.173983493062420,-1.7109342701605900,-1.5376081470467500,6.601490094177150,-2.3588255661292500,0.10716301271362700,11.257766825097200,0.42264490105276300,1.109077285438730,0.8313266537448750
0.5660035189509040,0.6317596101282090,0.6286260524666690,0.26727915531819400,-0.1474168226880110,-0.4277194741572640,9.950149838257310,-10.93359590864440,6.658828725449070,3.0797487670790600,-1.574558224545100,-1.6841812951698100,4.172654366198170,-2.595031656746530,-0.25148109921864900,13.571607306198000,0.5179935712702980,1.1975276507909700,0.8597018994096570
0.6757186105705840,1.0798485565314500,0.5858980863034420,0.5424817061823210,-1.3202741041437600,-0.34613312625251400,12.683054710832700,-7.743764452593230,6.535999815390520,4.113482447380470,-1.1015683116844000,-2.0642885095130300,7.532417310524050,-5.514481596835530,-0.03723692417164940,12.86140327559620,0.19406580752543300,0.8326201793949680,0.9457998382118120
0.7702707253074820,1.099654511176870,0.6893408323375510,0.4052412003723660,-1.3228490918442400,0.10028149296607000,15.306241563972800,-7.5804146938798500,7.212723416775960,5.139434793949920,-1.1334342057006900,-1.492402751039720,7.331649208275260,-3.0629404681583900,0.14263541359271700,13.711515288954900,0.5178346605259490,1.0095759673537900,0.7513020007625430
0.6608407987774920,0.4783812241373050,0.6647305406168990,0.6001402795737150,-1.3240011195910900,-0.05609933776089180,17.23107506384050,-8.481112372697830,6.162283018381480,6.2948227780892600,-1.4990506617974900,-1.7076521278602100,7.439617241977800,-3.3467201841682700,0.109708628800404,12.97960283708170,0.24943794484667700,0.7170499021594030,0.6362952195976630
0.7241152946025740,0.6132137332396670,0.6245358608311050,0.4094431917823020,-1.6408509584338400,-0.22324207847550800,18.454156939379700,-10.32855384441840,6.524610071147580,4.696899198209430,-1.3987703656122000,-1.3578946009308900,8.187889289324030,-3.7046125193295000,-0.3512370447389340,12.926167690225000,0.331884942600569,0.8164072748424150,0.6634758389207750
0.7388196310489120,0.9347157919778180,0.5694419769053400,0.6275944808134370,-1.2618048405968500,-1.0621998826400300,7.580225691718770,-6.7196209273458800,6.392716172654860,5.48636233111973,-1.1796844648227100,-2.1052591717062800,9.043100393057630,-4.997168966006940,-0.036197402855212900,7.067309500802610,0.18149474215495900,1.1455576255434100,0.8433278381735210
0.5667541655159020,0.3767436320515290,0.5102258737745450,0.5252629707318360,-1.419706016635710,-0.24096103540298400,19.156903571977900,-6.300426026173850,6.390131699313500,5.243795392973090,-1.800456123045760,-1.533156856412480,1.182671522884890,-4.743982515974750,-0.03123815278566580,12.083982571136900,0.5529643472937030,1.141126883079290,0.679797802631924
0.7263270549152820,1.0091193400940300,0.6025674187046340,0.44943585365664100,-1.4490656905674000,-1.637931476550110,18.386297205709300,-6.1314977834474500,6.329319666573380,6.388286509577960,-1.9079601828446800,-1.909096082941340,-3.040065326647630,-4.274922016135730,0.028100704859457400,13.296019814624600,0.1778267929889620,0.9656764130636630,0.6411031045504260
0.7948042997430230,1.0967790036990000,0.6013538904881020,0.29477904521014200,-1.28926043349986,-1.183702349017350,13.240331980771300,-10.923700349081500,6.076755911165580,4.700996785256000,-1.986973888602110,-1.900009727464280,7.1496006232224500,-5.5178129480976,-0.6569709492617930,12.206537089837000,0.11458412235722000,1.0228964118843200,0.7428687216669720
0.6936224455201770,0.655715229423786,0.6523715710057430,0.5057043768692780,-0.8908575325140570,-0.5546527170925530,18.507618193103900,-10.116818285951000,6.261483037107990,5.616245688935090,-1.2136997809630600,-1.5650899833125300,0.5028358505411300,-3.004879188587980,-0.060391060396659100,11.485277795882300,0.5916824064286550,0.5396735230468990,0.8734543582393360
0.7784002402804380,0.5114892476264740,0.5191260849872170,0.6352603081404220,-2.4250284883625600,-2.8927479278398500,20.64003030534800,-6.051497433637100,6.689854453088210,6.690949756398730,-1.6768614672692400,-2.0059256365733600,9.660825511015280,-6.19907092993824,0.1033436940667610,11.25466951177120,0.055446215433018500,0.3919871756664690,0.9029270341623610
0.7615671519198470,0.2840703644853800,0.629587415058827,0.42618484664863500,-1.21919538318953,-0.6361672835853550,17.091447272292400,-10.643566388987400,6.0804126321872000,7.50067101013464,-1.8124526407029300,-1.8960340157046200,7.326467489436330,-2.361148551872330,0.0377387096026989,13.406132202725500,0.15670965815662700,0.8756733778833450,0.46837116335291500
0.7386713138282300,0.43651082240019500,0.6695184175176630,0.3022648742496400,-0.7118604890020370,-2.0680862086126000,8.714925379269780,-9.608012311327240,6.097908842589170,3.182848749082050,-1.1213696939002100,-1.098719020897760,7.646223424460740,-3.7951566791004100,-0.06144276339053630,11.558550080853700,0.5096443455628770,1.1129302311855700,0.6406549081384650
0.7889706977527950,0.3732761080923570,0.651868116169827,0.34444480975270100,-2.2228013051965700,-0.316465131710696,15.751584989429400,-8.298593260462990,6.967248852795390,6.302015372379650,-1.3867033095961900,-1.5007936672318100,7.907937026414580,-5.663739090060770,0.004791545198510250,11.499956880169800,0.42092519063647300,0.9631140440269890,0.36903099043588000
0.7885461109432000,1.0521803844203900,0.4827847109606990,0.4866991966486070,-2.436507052837280,-0.17342926946008700,17.230718973472000,-6.277125307229670,6.012804863390140,4.427848501703780,-0.9006135460441620,-1.3742946088663500,5.853386651574230,-4.117681975931820,-0.0628905766193498,12.817154416024200,0.7472861305953260,0.7857962556862920,0.9871738268973480
0.7697965387583030,0.8422273053994840,0.6176498982410960,0.41050442465992900,-1.8881352089856400,0.0032139783645369,21.93303034271140,-7.348050846293650,7.330990479091140,5.82778730029649,-1.1755209265774200,-1.5708963715562600,9.307362058705520,-5.970170290213090,0.17351386989912600,11.442451289810100,0.3048877915179230,0.656572643565986,0.7407910265084640
0.7244463827374430,0.816443926915311,0.6847352051839510,0.43551862710740200,-1.977824417752520,-0.6619791980522110,15.138969712400100,-9.712778339868420,6.225574135558640,6.441849455945330,-0.6746512417908070,-2.047387761567300,0.9659886678796650,-3.0601480173155800,-0.009395110496678850,12.979547524562000,0.275901705031803,0.8679821371176820,0.8156323663890880
0.7533772994071530,0.9284490555459310,0.6457863117812870,0.6773919174145690,-0.7736582576440720,-1.5199224418517000,19.03057487977540,-8.511166273497730,7.31746121979522,5.618596762523740,-1.1956159555339400,-1.9596841264097100,2.970373348457650,-4.956274890817700,-0.14025501298108400,7.965133022269960,0.24140007441911900,0.7438452185491770,0.9767850415206270
0.7243948482316420,1.0798065803677900,0.6524103845153330,0.23229167638820200,-1.9470273649760000,0.014731456258219300,16.164766536070200,-7.736399699166790,6.597146259340070,6.815434781947010,-1.4230090118072800,-1.3423523075598500,5.736058676084420,-3.4101148687619300,0.0983161139686263,13.347107292813900,1.0353741647596100,0.6361139504300500,0.795836170722036
0.6969144903647160,0.5567161722543050,0.6194842913402220,0.6281971531424860,-0.8443458773928170,-0.39700569510064900,20.933197279546000,-5.93156681447836,6.395955923373560,4.566542690534500,-1.863581182325240,-1.6568872480889100,6.144837295383190,-6.2848001945155300,-0.0030667693941838200,12.3000468553537,0.27045796963259000,1.0212821243425500,0.49816678996836700
0.7843735645126090,0.8239650946067510,0.6578218025861920,0.6920996389866510,-1.8023134683169400,-2.127540575439380,14.067598507424700,-10.442668028649700,6.468016670299600,4.491080219660640,-1.688763078135500,-1.6906503080852400,5.944739910638140,-3.454079132130430,-0.5915363544128640,13.621490095806200,0.09249738199275040,0.882450877428265,0.6292932628361270
0.6906305503784210,0.20992634076887500,0.6807209130182850,0.4253791580828280,-2.159593468627240,0.039054749886970100,20.000249573362200,-10.440766520537700,6.348880937148000,6.193259245338580,-1.7125974573477100,-1.6261211607609600,9.417335202790470,-3.628074847957540,-0.09126626773911960,10.647871514885700,0.2734663974727240,0.579649299054618,0.4587813540060320
0.7496790490528690,0.9129542926959950,0.6753084312761380,0.5770149454669750,-2.2355479734224100,-0.4440197582457490,20.308888146190600,-8.077641791231910,6.708444424319220,5.945416366189970,-1.0405124341769400,-1.4797256582558400,4.449225650883310,-4.3681362570065,0.01700215878305670,11.901675414981800,0.5146540021055680,0.553055989639175,0.7097391085317260
0.5769870237944770,0.9650423843522880,0.692147636904003,0.4079462419426790,-1.4497015883367600,0.10041991817255700,18.69683572523410,-8.782817276578430,7.073737298443860,5.807969643624410,-1.997639326557440,-1.7961605124223600,8.118574178849810,-7.997099502986620,-0.053530428411413800,12.525273943340500,0.20508560114132100,0.6420882006520570,0.7011890608306520
0.696521575091639,1.0130959213452400,0.5671796952513710,0.6253411157799940,-2.370469271077730,-0.6829395108470750,15.631459778573200,-5.583799701137910,6.813825976860690,7.214223927086610,-1.398642956778750,-1.7415287851050100,7.893226541593290,-5.12179830587682,0.11924170554430500,10.271238653545400,0.18537456825757000,0.9007944754649520,0.654313391411938
0.6923038881045480,0.7710553138179090,0.6341582787994630,0.37016271016576700,-2.141589594312640,-0.5297641367563250,19.876150010562300,-7.531852747013520,6.356918375274630,7.725690421184460,-1.6497480477531600,-1.6172009860073200,8.172162101069630,-4.241672169279550,0.0165406682063526,10.669981235917000,0.2448636122477870,0.713280011744267,0.41534688639771100
0.6105746393694050,0.28962555022361500,0.678042934362444,0.30620683519504300,-2.09778583009385,0.12184915288667100,18.989491775849400,-10.285845295200600,6.562406951760670,5.347845345743380,-1.585245995181820,-1.4735954647701300,9.931360921774190,-1.8630013017083700,-0.33414751811355700,11.17525772860200,0.4706673995580690,0.9181468064175160,0.31735818487003700
0.7008956161843880,0.5107883403263040,0.5970891197520820,0.3654021090794680,-1.3337936172712300,-0.11109865562672400,14.626244810983200,-10.680647579306000,6.268699959983100,5.932205728528290,-1.1046472497615300,-1.5498535133147400,6.3174290759833100,-3.7874560027131800,-0.3486221726656420,7.660620615033510,0.5656790116372940,0.6647613887758270,0.782195494341665
0.7633189076170020,0.7107971859527600,0.5893411239832890,0.38858643025868500,-1.7865647812270700,-1.252453142722540,14.869530315561100,-8.576425256104170,6.015447891168490,6.739764714020540,-0.9403907011494480,-2.0564677759070600,2.541861122044550,-5.2144253290690500,-0.18946943724691200,13.475736987334400,0.14190232947171800,0.9956934858422650,0.6583937423582310
0.6879366075628630,0.6867417199069540,0.6418212916103470,0.2880910961757760,-0.5435221596307930,-0.053747435062674700,13.990960533255200,-5.714175917684850,6.792796992651600,5.4632590604121000,-1.838507043775400,-1.4255905851265500,8.099044747665680,-4.834657660995900,0.005541509256140570,6.4394797864486000,0.6387782125793580,1.1636228399506400,0.7763819194719970
0.773356621544386,0.9655288663178890,0.667862312300627,0.4582129707564840,-1.9498128294892200,-0.7413387976385010,17.432493466623600,-9.539061663807060,6.308073396291980,5.884005247688650,-0.7406077617974330,-1.7994405170451000,6.233416801298110,-6.002918485752010,-0.3031660878305960,10.948937952043900,0.3303622941238720,0.5161054801186440,0.6075985455690850
0.7843493984438790,0.9458479428958960,0.553167166046089,0.5545718692748070,-2.032459546671290,-0.8985923641534980,14.448060725338500,-8.283687611252370,6.5780193391374100,2.259307355733320,-1.4806425363048800,-1.7534009776308100,3.0122096343701800,-5.455602102967890,0.05901948193051520,12.797267206628000,0.21786329794059500,1.1992422980911400,0.4429336884536330
0.7652653625231180,1.0155652472918800,0.5941230920439410,0.41916060835254400,-1.9257620180935100,-0.2881959795843370,15.686503864529200,-9.118979422823780,6.647261378742970,4.724118159626710,-0.7963445735344180,-2.0523995488889900,5.5753023035693800,-3.3750503326195300,0.049915302285581300,12.567143208281200,0.22677962341454700,1.0668172665156100,0.760563402505193
0.7840975244654870,0.5746442302378420,0.6973648845433790,0.4300211217299210,-1.443754475377770,-0.6290255928445030,20.782718944787100,-9.608668963375380,6.591482562658460,5.173753226265400,-1.6261517309640600,-1.573644007537560,5.7085130653493400,-4.691420528955500,-0.141091294078866,12.281525581809500,0.20205183395310100,0.45850077829456000,0.7850594630035360
0.5295698963055490,0.9485186662566050,0.6755067212655800,0.4075447066743810,-0.2440445687949270,-0.12665734905158700,14.432125237200700,-8.941053338284140,6.4546954435621200,2.7601937001259800,-1.7209146659314000,-1.570513858547740,8.164847991010300,-3.8326493887338000,-0.02121497663845750,12.021566829203800,0.6428839849090710,0.9890143904069520,0.2484561908878620
0.7266110753242170,0.9772595891078460,0.6270504138478870,0.40419802862230700,-1.4384481126405100,-0.3007335256317570,16.870634205824600,-8.014443494049890,6.117491741543710,7.452603516093850,-1.0524102826110300,-1.7088458989849700,8.765321395913010,-3.8023531930008000,-0.27083114928762800,13.042354715751600,0.3692172833015670,1.0277748458073900,0.5309924880390650
0.7984457291086390,0.9047687960401370,0.6392142568196130,0.4474811791249730,-0.3131308642538070,-2.6137321605897300,16.68345670282590,-9.824903997393380,6.603516972087780,5.734419597057780,-1.6456475939235000,-1.8979445411858300,7.447086656705440,-4.078278037904530,-0.1456024944685170,10.515852148439500,0.14362367843852100,0.7085450271911520,0.7553304353239740
0.76138494204102,0.9281834896038350,0.6301517970927350,0.658483480596801,-0.698495778451362,-1.7746260309332500,16.111938968677500,-4.480548031028430,6.641722255262330,6.641343947699670,-1.8893584719150200,-2.107423923862150,9.636468703850980,-5.589339796730730,0.13463283837787400,9.034742856928040,0.13229595647175200,0.8330914998010820,0.8049378750669110
0.7391828981056430,1.0952922537191500,0.5807054877947970,0.5249778289083810,-1.3876737918420400,-0.05080416242340030,14.300509607530300,-8.383100961470920,7.446777320198000,3.939102040856050,-1.8671785003177100,-1.3926798107428100,9.21056986638415,-5.107021988133110,0.18214643498205700,12.76407225275390,0.6906511078386160,0.8032664823334570,0.8289235182801210
0.7284178196906210,1.0827511105470000,0.6323205975724230,0.3923024455697470,-2.0605439846127700,-0.37207130229271100,14.223653215459000,-10.321868975378200,6.035572675934130,2.496363193121720,-1.7298928920392500,-1.6272036889777600,5.010413960071950,-3.0049504018738100,-0.30864447194202300,13.972155978941900,0.1483132448538430,0.744333377467178,0.5315192430037760
0.7725494135541510,0.4158800759209980,0.6892433867018880,0.329190451940645,-1.279703990579730,-0.10852853407903100,18.15441203745280,-9.284221902148330,6.960702479634800,3.0984438620031100,-1.503970730612370,-1.3492183274571400,3.3655713065225000,-3.9291342712587600,0.14267798550887000,13.953622954268100,1.0859896250702700,0.5575932616345780,0.5080327633603320
0.7616018341800460,0.38572349893437200,0.6263681286511230,0.25425153329180300,-2.0349470188738700,-0.3111924052425800,15.91845069612460,-10.717664752473100,6.499892543637690,5.785411886767610,-1.540952265497060,-1.6712356123525600,6.541500773040670,-3.263292251398290,-0.03682696439248360,12.96538652482620,0.23630053787214100,0.8960304566179130,0.576038331015945
0.7618882455981770,0.8976851627703700,0.6416836086835120,0.3366140108587040,-1.8031077043610400,-0.5586898968519490,15.704603049102400,-10.328446585311600,6.394701293796670,7.9772081808925200,-1.915484472873280,-1.7239286410722300,8.588855006773140,-2.7782390864126200,-0.3880600481426410,6.181079214600600,0.16166903393719600,0.9069575589429460,0.5824283185383450
0.6871600204322420,0.7244894628673350,0.6602677093620990,0.2898167338071320,-1.0583867058220600,-0.0832582770593465,15.304287929996500,-7.551736939341360,6.247022569813960,4.845610625222720,-1.5672041295781300,-1.4249645534672500,8.7477172361166,-3.5363599544257700,-0.05290861783753890,10.835507679143000,0.7407377359170810,1.034893396520900,0.4474364792862250
0.5447433261258850,0.7399370684844200,0.6412280210097520,0.41230277054492100,-1.6846775237590800,0.04350132169116660,21.444311723546200,-7.055451016439840,6.8220934231461400,6.4977102087343100,-1.6427740036283800,-1.5706420958637800,8.219272771394990,-4.349552909028030,0.04557334590169660,13.74888550383360,0.42581794999416000,0.5555592323253180,0.7499955556201230
0.7031669959178900,0.42694933102296600,0.5967445880288520,0.5487076535028290,-0.7292206392737930,-0.04941748162315420,18.263251961649500,-8.287747028765200,6.549815434276720,3.6692650827583500,-1.4412775354087500,-1.5582836134455500,4.618108443579750,-3.6942938912073100,-0.14971097845167000,13.28106947910210,0.6528984832396870,0.8543104607596300,0.6647154976890930
0.6608491071127260,1.0237881839412500,0.69621525821391,0.40978804981425200,-1.270428611966800,-0.2004225146024070,20.381777308512500,-7.815919953976270,6.349681444549020,2.2531109092111300,-1.6608433483158000,-1.5622042561279500,6.960133948432720,-4.952558827147360,-0.005354469713123620,13.321206941793500,0.3559081388629010,0.42705251972112700,0.4999696175037420
0.7775122274152260,0.9496612460050420,0.6074203033741960,0.5123243120607980,-0.7591880014986360,-0.39867384630207000,15.865897629029000,-8.603408593878070,6.420620402912860,3.102549738032740,-1.3475798414474200,-1.4570178010770600,5.482413948093550,-6.036158518669850,-0.23559152275881200,6.01952452158764,0.5375515703861170,0.6368902133840910,0.9546941409683680
0.7582790457529810,0.28971299181177700,0.6847680517452690,0.6921404233703150,-2.37432239506778,-0.7195894451876370,18.238416112134600,-8.546538054355170,6.358475700426080,2.383238913146570,-1.6400054538303300,-1.697017551580780,9.266576300796500,-4.8911475062232000,-0.14049044346245300,13.319866045331900,0.18768038693096800,0.9771772219354680,0.6149716394102730
0.7078032800619170,0.8777469995932210,0.6082999301446640,0.3173192865561040,-1.902190225953480,-0.6141249509266330,18.58364914436220,-9.726292422324080,6.083963979740450,5.608129505561410,-1.982043438274250,-1.5483741604808100,-0.5589447223320120,-4.9368937935588700,0.15601031161106200,12.807054082248300,0.31540528387382000,0.4647257660164860,0.72196816888879
0.5772331671479250,0.6249809436915280,0.6987360167337950,0.598084462074976,-1.277153748987680,-0.1890228712370620,21.283703581642200,-6.734590719376920,7.25566480932223,5.566818660943030,-1.496930485463170,-1.9122009247634000,9.632129294586920,-5.709147379469140,0.19440334968036400,13.96114895669310,0.24485022552011100,0.3726499199219000,0.8886314350152630
0.7302271113677720,1.0939369244398400,0.652826885696592,0.5588646562862520,-1.9873843101633500,-0.5675995718824840,19.844564651358700,-10.486038535934600,6.538464735327550,6.3187654620468400,-1.4347667057538200,-1.7521885065493900,8.634301697672420,-4.161384820936570,-0.2551926544797970,12.504302088104700,0.229989117822728,0.5002744164046470,0.6083114069463930
0.7965045594569360,0.974160183675185,0.5875437763043420,0.6255383161423210,-2.014584303777900,-0.5589207639527060,14.592295920296400,-7.667354819449510,6.9572312174838000,6.450386536109010,-1.610858265203250,-1.6613933018771600,4.581781361922690,-8.250301534321370,0.10021376609540600,13.106495537713800,0.20332870485949900,0.5695161062815050,0.7558202528314930
0.7150720531499730,0.8615559319934430,0.6094393900039740,0.6974460770716870,-1.6790371645793000,-0.44314270268579900,17.948739424795300,-7.915060537632790,7.334189184686850,4.298518221561890,-1.1480900399845000,-2.19521609004293,8.928574279398710,-4.9300736083592000,0.0693191388501146,11.825220146805900,0.14650417792019100,0.6846388413453780,0.655352003422843
0.7192374705500390,0.8261090350624300,0.6243823930862160,0.5382868320192030,-1.7197644211343100,-0.5393281436946570,12.456299123716700,-10.454661542693500,6.473237213444660,3.4266794844510500,-0.7388777117042180,-1.5901326407681200,3.118545131804700,-3.174157501523940,-0.2621045590358950,9.558531259748800,0.6203216426435870,1.0965132271024400,0.7422155305921800
0.7823106822319070,0.8286345126830600,0.6863459728832960,0.3650811061857410,-2.376898371460660,-0.7858859573731540,17.180473975728800,-10.42535008799180,7.339239357641000,7.863320514267590,-1.6344092502024600,-1.339297378838690,7.298823680169750,-2.634857208728150,0.13311731235217900,13.4203759225714,0.2272909163193140,0.7861211185101830,0.5526818024641980
0.7239301332264950,0.9370404357065180,0.545770359680437,0.4850688892436960,-2.0302370801469100,0.07767275433848570,16.333665083257900,-6.766015347110960,6.657404231732240,4.408606459617900,-0.8423189582838560,-1.3473828724078500,9.785310274648490,-4.969783726049690,0.0008298572515442610,12.091373941981000,0.7853374818867290,0.9451628120046880,0.9276714616839930
0.7385326925016240,0.7751127187679020,0.5724899651437910,0.5661150724955810,-0.9380132681417750,-0.7420971826507000,17.773348839386300,-8.520066093278210,6.606804687062630,4.9913756251376400,-1.8735033113752300,-1.8064183667455900,8.25858589787514,-3.4368816966045700,-0.06654686903023120,12.39587745460690,0.14586656392321800,0.5747097137746670,0.9168204020197470
0.758475730535802,0.842940266184757,0.623052347702242,0.6100144812863120,-1.9513806536408300,-0.2904897160123400,13.870536344105800,-7.280337177408210,6.298008257532370,6.868390328074690,-0.9583619618501420,-1.6669131472975800,9.925901120693230,-4.391861649677040,-0.17855862171386400,11.65281734629900,0.3735616788749250,1.002149034932750,0.49304993855502800
0.7966142293005030,0.9796441617908540,0.6107013208215630,0.6440544348515600,-2.1056280733127400,-1.4495208252209900,18.873934781621300,-7.451045950469980,6.3176686325384900,7.192925293100460,-1.7200776736639900,-1.3065645347697100,4.855760404167550,-4.786932239393700,-0.006706810079941840,10.302827765302900,0.14858551404249800,0.478701406467326,0.8837747556693390
0.743263670895178,0.682076482979401,0.6873254345593900,0.3412661522044780,-2.228395071403420,-1.5788453907372600,15.572810266062000,-9.3703970598643,6.694430277962360,6.359120154737440,-1.509175758147910,-1.7183726391311200,7.358847705661530,-3.6690668873648300,-0.12106167044737700,10.69061839937740,0.08434878931115500,0.8278778889014970,0.5922179714431200
0.7693166079000770,0.9903779149132770,0.6163629058706990,0.4788258176952540,-1.2873973195305600,-0.05776369549551350,16.4896608729141,-9.36794769265317,6.806974519337410,5.668439558462130,-1.413255729815310,-1.3729045345944200,6.791240801700310,-2.6752079427902800,-0.01080437735450800,12.401195230418400,0.8276139147777960,1.0209634122598300,0.49633696750073400
0.7994640957471320,1.0523197675560700,0.6355017601809070,0.32504410502726900,-2.0005137933275900,-1.2416684048191500,14.892086061449700,-7.160170030912160,6.545383895955550,5.799389513760600,-1.4512600579415900,-1.7045239506551900,8.64588128017102,-4.03862621785884,0.04998249558101300,10.581251712274100,0.16020716683506500,1.028089452810570,0.5369007199778950
0.698865041283196,0.5605631194469090,0.6928186743299750,0.3469462453228300,-0.5421438906475290,-0.2742137308122280,17.75336768481610,-8.545449707992940,7.188263293308700,6.755062823195240,-1.66201939419803,-1.8075744505217700,8.279209557689240,-2.5799199318485300,0.18348353879082100,13.788371614362200,0.2653341678551970,1.0079254036475400,0.5365069283318090
0.7858052559561660,0.403057817421139,0.6551240251995500,0.5136177883185390,-0.2327900205529930,-1.301335118954030,19.419951715774000,-5.746255355064290,6.3819867565120400,6.931844791098990,-1.6708965451492100,-1.3818872448428900,9.236236110880500,-4.874845157924290,0.06936866692514820,8.498661603147360,0.24124820872098600,0.8162252403323300,0.5802494436828610
0.7747540855707000,1.0183685722789700,0.5861333591832220,0.5577969852073130,-2.008264774475820,-1.1418557847723900,13.7283614422579,-10.982659479938200,6.668168451133960,3.703502219710950,-1.4314187948128700,-1.9575623442356200,4.883141609093150,-3.865689674570830,-0.5043345726358240,11.399543541047500,0.11683147173555300,1.1407549514696100,0.21499361548386100
0.7959588893685230,0.8046045802315880,0.4907606767710450,0.42033008364693900,-2.0596609246760800,-0.15624889004078200,10.151455920487600,-10.938952575829600,6.76688510450315,3.338852826675510,-1.3843391792729700,-1.3070991845397300,1.7055517528902200,-4.983812229170070,0.039141634840602600,12.38695429924650,0.7366649407120640,1.192564373365340,0.7417157784078100
0.7278700335362000,1.0699393520734900,0.6815492617126640,0.33426892438386000,-2.1101786713903700,-1.307342992972250,12.492501250865100,-7.015520241416490,6.869965131071370,2.5123424086096800,-1.6694236499210900,-1.6755236415582700,3.374820232729220,-5.8903442266995700,-0.0762757176913578,13.052178549421000,0.2168583993979860,0.7856268910967890,0.46258893499351100
0.6131438850014320,0.8755510288608660,0.6762483433200730,0.3742331121328830,-1.813992248295200,-0.01205098329157510,16.603242213874600,-8.179819483687910,6.384939469301150,2.0542176844590500,-0.8516334594602510,-1.6825892950474500,7.9839342416621700,-4.738722848833490,-0.2243180584701880,13.898195744433200,0.549818032454382,0.9420820337441130,0.28350945139025200
0.7563714326296590,0.9313507142658900,0.6223462959127490,0.6249029853786300,-1.673204005271080,-0.8255878986774660,14.03325397211130,-8.881907853226760,6.992662812554740,3.19260951166201,-1.5995629413224300,-1.7834146012498100,5.447222433648890,-3.001875523757620,0.04930516528861200,11.076578666563300,0.1079758594217670,0.9318523809167210,0.7897995145446140
0.7073174796486630,0.4746513432933150,0.49920148373428500,0.34144163712156200,-2.080642996893290,-0.07147716273800710,16.495458332922200,-6.246687127242150,6.574857982813440,6.503650286319030,-1.356324385287110,-1.4428657176233200,6.683187771118090,-4.350929179194230,0.13001849092896500,12.9041885651072,0.5367828946190530,0.8260607363098100,0.8024649280430530
0.7473842496773630,0.9161367112755110,0.5648908536808920,0.48355280878138300,-1.7213530979937100,-0.2618883812463560,18.230159485991100,-10.744008778148300,6.702446784145720,2.971337364077620,-1.0267488325853500,-1.4728395759544800,-1.2729244759662000,-5.07050851329893,-0.036278849658504500,13.35920162026290,0.6277649568266510,0.8406221302090260,0.9029859883510140
0.7600463929159720,0.9524083041947690,0.5805225408823580,0.5795102781571990,-2.0258331716967700,-0.4432701434406580,11.955252224468,-6.033275014153610,6.455731994868620,5.196723958111330,-1.6192924968035300,-1.4704750609265800,4.902234185218800,-4.015542061095040,-0.027900933214063100,9.701228656897180,0.3553827852971160,1.1576693215583700,0.4386711410538820
0.7122522440502410,0.32319346376895300,0.673678674098098,0.43616117027783000,-1.2255013049418900,-0.37095140129508300,12.781386195106700,-9.76163054910266,6.65022823829844,3.692024149736880,-1.0135909554938200,-1.7862188588735600,3.7425745595521300,-4.169109491770860,0.09538206770017810,13.880773093572200,0.46716380047501200,1.1352585566329300,0.5370300166121360
0.7717096033478280,0.5044684215731200,0.59589395096899,0.55489366834632,-2.368605546551000,0.09387302663359750,18.31566615736350,-7.5697036620759600,6.155649115986290,4.34990735774074,-1.7928528795067300,-1.289942694962920,7.242911945537210,-4.7686934495185100,-0.10342063282561100,13.486179728478300,0.8859322517359060,1.0922032980346300,0.7428346901000870
0.7936998974372080,0.3285898070059640,0.6876191684903380,0.4936492004528140,-1.871586163760230,-2.4092289036293100,21.252095888021500,-5.766397676948280,7.409446869088540,7.547900464286370,-1.6847309895928000,-2.0585472828496300,9.667498217786300,-4.694929266923850,0.13158368263967900,8.61881587876212,0.07407154029465890,0.7874558075699470,0.830451502727498
0.687827758516844,0.5808402910044640,0.5888533098118970,0.5203398351852750,-1.1577584085032700,-0.07902378920839550,16.981430042767700,-9.152533530726920,6.813965353575580,5.715678876465470,-1.3810846375927400,-1.460168799303270,6.263337467771230,-3.2581087639250200,0.059496081863186400,13.686443605473500,0.4213094566466650,1.0530726047010400,0.8262159139524110
0.7626541363616770,0.774849511956752,0.5843428977583280,0.4052090811253730,-1.9430015613617900,-0.29849913266376600,11.922100022606100,-10.264029640809300,6.407204796566700,2.6371605257543500,-1.7506284264876300,-1.3265325282636700,5.844722820343060,-3.199326368812700,-0.2182244958739830,12.095569421705900,0.6842587441299850,1.0826855514809300,0.5737153207305820
0.6777252741383250,0.8897631603780490,0.6751905102152090,0.27281280680232600,-0.173468936285136,-0.28860434585275700,11.630937497974800,-8.454826328324980,6.34322823356707,5.4681622896578200,-1.549014579444860,-1.5331298557810000,7.0575364286454700,-5.624202021442730,-0.2161807857327080,8.500278836085300,0.5874349139337880,0.8292360801980110,0.9235318980778540
0.7605428500722830,0.921896619691525,0.5680959364948860,0.5669750375608410,-1.9942406052610500,-0.3957672854452000,21.624219885520200,-7.853046928364650,7.289059746370630,4.964984993976600,-1.4098626018631400,-1.4492990430103100,7.987768806860720,-6.072074462265990,0.04380698864302850,10.621370405272700,0.21300255126684700,0.46142396555063000,0.7716649573557580
0.7089095233529910,0.6834341237708260,0.6386559514093120,0.4857072150469570,-2.313553923525790,-0.8605825655629870,18.582447212650600,-8.823651778632390,6.2903713752145900,4.913916504134290,-1.949252533129590,-2.077903135987190,5.579259123947830,-6.992966511373630,-0.005202466276546690,12.731918383065300,0.1401339771504360,0.5062512227482880,0.4453333635635000
0.7665182063866030,0.9955792432678920,0.5993240250999990,0.5048051119451870,-0.39101479956457400,-0.6365112953271950,12.620896824428800,-6.514441403785870,6.949368206728130,5.256503796941920,-1.5508944138716200,-1.6983348716956800,7.653754352655010,-3.771909415120800,0.1382225981963640,9.798871010646310,0.38298359602476400,1.0897198466836200,0.7326311614654800
0.6739255058876010,0.771638785127503,0.6288437636856730,0.4357421210849610,-2.341476334817510,0.1943531079371330,15.997885276534800,-7.761463230358080,6.48062296558538,2.2901844136262400,-1.1296764693989000,-1.4554622227558500,8.839070451025310,-7.298442315937230,0.1308907180282930,8.935196778358280,0.4060560931916900,0.7707710644205740,0.5931977865115320
0.7152468551444750,0.6976069342296640,0.6858196978484910,0.23845874749346000,-2.079684035940390,-1.080238727839840,16.06770865773320,-7.771196596032750,6.968351353986220,4.058672474826470,-1.8866416379736800,-1.507498104671080,6.311936569293860,-4.025502018147630,0.02077979936988870,11.079936685332300,0.20789433777819100,1.016698017148440,0.44386393243796200
0.7216733679002710,0.5404353729177420,0.6047620687956840,0.45088425452357800,-2.3015146799938500,0.09954605006927910,17.25933614477510,-7.7105534012176800,6.4983893270719100,5.449305367128640,-1.8957490311871600,-1.4228233411675300,8.392664773989900,-5.090933062373080,0.1231274817815460,13.309143273792000,0.4815115702065900,1.081808017407870,0.4297508344266590
0.7984609560563700,1.0832144651994000,0.6121865365129950,0.21376556882736200,-2.1190789967378200,-1.8399400295550600,11.11834212487290,-8.610894947631250,6.494212498637180,3.951181943532590,-1.5389477928521000,-1.9901503138021200,8.546025369259650,-6.588550987334690,-0.2637726785776310,12.839094154698600,0.09105907840255790,0.7248050595602890,0.8369555760361900
0.6461906862024650,0.9519831854398070,0.5209501538965840,0.2720628201623340,-1.6106278381455200,-0.0058103724800993200,19.11553587643540,-6.377521299877040,7.029981184693960,4.221840110571040,-1.7668813033212900,-1.441293211660430,4.45371798307893,-7.916119740253630,0.07670543691973390,12.691747068246400,0.7142772354976440,0.6489053937767260,0.9490115450185280
0.6761134138357550,0.3892464456158170,0.6945926037329800,0.6912142393103710,-1.1846795220076600,0.0012915087161877400,15.723287311846800,-10.484914536233200,7.102568774097430,4.331607621462840,-1.8373134386293600,-1.4876528102429100,5.511233935879500,-5.588901953772270,0.12152339128939200,13.910895065320100,0.4621350512049750,0.9379158728281760,0.3687327864478140
0.606031481236214,0.9407842884676600,0.5948142508825800,0.3289045489497050,-1.2977530434217700,-0.03343280189629030,16.210264117351200,-9.241148596649040,7.299460516901780,3.610053111194620,-1.5248680506172300,-1.6065948788912300,6.24415331822411,-4.629627723271540,-0.08779556335465480,13.448832497454000,0.4633725736004510,0.5387460371071890,0.7665393846895840
0.7838875238093890,0.5184049499232910,0.49379594957967500,0.4222799444706990,-1.8483671917223000,-0.45910057506378,16.036305159524400,-7.897683823062890,6.210630673859600,6.868881196931710,-1.828933870447660,-1.575547323882040,6.670232242014550,-3.7530974676201400,0.011289330037578500,13.0199658345133,0.11312996971908900,1.090647917580490,0.5197336582803780
0.7985937690414730,0.9015630510761120,0.6993387684231390,0.3908677128168260,-0.7589972759964230,-2.478336127750530,13.429173222410000,-6.413118407243680,6.494827188668110,3.7828894938444000,-1.3941950775135000,-1.6830917822303500,3.5496625097890900,-4.41676559718443,-0.08676650578558660,11.302311474160000,0.14612293783943100,0.9466681287559140,0.6354582590419520
0.7104291241111600,0.5794960332483780,0.5267407250165240,0.5737057188755810,-1.2764590402464100,-0.25882687212543600,14.981223232494400,-8.580164515984650,6.395723907292290,5.189694103822920,-1.2516469282279300,-2.0180550402180200,7.140192970727950,-4.405449614786270,-0.02494247637356570,13.261172147289900,0.18054435012987500,1.0391628969951900,0.712609325771462
0.6953436764475400,0.6570670882292410,0.6758842806837540,0.39206291070497100,-0.6192467631958090,-0.403899549180771,13.48883714527660,-9.745686353170200,6.347796667313810,4.795652530349690,-1.2552736687777100,-1.5710116884548400,5.768775321506930,-2.418477518433570,-0.14397118291673700,9.793375539069780,0.6364546769429270,1.0369052916657200,0.6620369207940600
0.7445471375604160,0.7489539636024230,0.6936688507881710,0.4140887573086350,-1.3549201717045300,-0.10102997883274300,16.357691051712700,-9.033150513672850,6.798751746878360,5.272121373408440,-1.7278996074443300,-1.3246715123655000,9.919387982242470,-4.95132695796212,0.1316798409650080,12.870769300407300,0.6880355876321410,0.917341480218731,0.2502209392676070
0.7591880213442260,0.9828633907920920,0.6325254299584440,0.45471040214290200,-1.6151014748453500,0.09225015054862720,16.615028519904100,-8.126562832508100,7.012092592172470,5.493295309908790,-1.811551439421550,-1.3738787920309200,6.810461440264880,-6.158208196331430,0.0400547058467956,13.757097762339400,0.6773584392887600,0.8830487025545520,0.5133008329338620
0.7707055198516140,1.0609620459947900,0.608962346158982,0.2056329603219170,-1.2394503456121800,-0.34262611354875400,16.50315206053720,-9.547860714764420,6.405347240167940,7.267130208685660,-1.6989064554608400,-1.742551041301830,8.132951121655880,-3.4322682040902400,0.17721087449417200,11.180271725873900,0.1965557284235110,0.9663025886193680,0.34301047599191800
0.7324000958713640,0.8688267900166520,0.6269565666268500,0.6328702407558390,-1.8617783637773900,-0.804349064404188,12.01622695071710,-7.768609497887890,6.832620043791840,7.423524543037170,-1.9708128007801800,-1.5689606955734200,6.352199719348530,-5.28512048147067,-0.061530854743665700,13.516698229670700,0.1778947201207100,0.9012830199413800,0.7726442673227360
0.5905975561453360,0.8597598563413960,0.5849950281122390,0.3881930543029720,-2.2085813782875700,-0.26887438513239700,13.630981182996000,-6.274096129719240,6.404438526585730,5.534977906491880,-1.5415577927750500,-1.5049059456992100,4.95195322828625,-3.807599253879940,-0.04545329725868040,11.783055712461400,0.6082001301013290,1.1180219404162200,0.7880604848781910
0.7470528904812460,0.26939479967937700,0.6856127839817700,0.5387258177044330,-1.4321509468301100,-2.28213895474551,20.617956237360100,-9.714622444355750,6.898186631623080,5.464541068520850,-1.6817890216997800,-1.8738096410858000,0.12479012816550900,-4.029255862500810,-0.1800048793377770,13.072358428845900,0.10147049276753700,0.974907918833968,0.6722066065123170
0.7789743487269740,0.8580717064852170,0.6727683781136090,0.6135358620811930,-1.6192071364924400,-1.817391086898230,13.527882452276500,-6.620290579270450,6.434364914620780,2.984011638239040,-0.7959307160547980,-1.0030647611270200,6.960503465741740,-4.463366036000160,-0.06620462966958720,13.775601280709900,0.6748486916590280,1.0754848587792500,0.5370434345762110
0.6576327363313610,1.067382192453970,0.6063007170176800,0.42985838803010400,-1.4186688292106000,-0.20607730302999800,20.690512563048400,-10.17063032751930,6.472682537124120,6.521940904538750,-1.649225534316210,-2.119844111079660,6.9099992748736100,-2.4133216707528100,-0.02201696159768210,13.421802611654000,0.1804599860891120,0.6542013543687850,0.5786149631507840
0.751063303282536,1.0574388319163700,0.5753499798828340,0.24553660025416800,-1.562578777840220,-0.13963276693643800,17.719737576342500,-6.204926586787470,6.341269039841060,2.995353818562300,-1.1869215328971800,-1.5190687901935500,7.705996790107270,-4.583478021596500,-0.005457598907912450,12.641052856448700,0.557643312421552,0.6659436755960520,0.5951978643432930
0.78643606073009,0.3222953648098060,0.6254211672719060,0.6109199332400760,-1.901674988786490,-0.5142323591368410,17.39755835331910,-10.139277509739500,6.555494316594050,6.538346329179840,-1.7471817446148100,-1.4391858149012000,8.124223022608330,-2.332706106310960,-0.22200152679263400,10.01675299926660,0.22424543383621600,0.9627830190247670,0.5355630444337990
0.7824407297607070,0.6220441357947270,0.6613206302163480,0.5209516113367930,-2.0200626971386300,-0.5636988031566000,17.095611981297500,-9.54049669074459,7.173671684846590,3.8976760481650100,-1.5300069990510800,-1.4967165641186100,8.471879146361310,-2.7382800604468500,-0.26690359346849000,13.206602825513700,0.2215814056363430,0.9263693693931940,0.6089367443781400
0.6600543651737320,0.38956547143173300,0.6061966143279000,0.3223687458421960,-0.830659001632004,-0.08709771945583400,17.672455656782000,-10.085623582661900,6.919076916989590,6.40056291984102,-1.6655212108671300,-1.5996758690136400,4.134856457730830,-6.40414121227999,-0.01860945717146900,11.932638210851400,0.4768655735529,0.4236913598898430,0.8964694687347390
0.7719535466390330,0.3406904253631050,0.6679623826325940,0.6701130316432420,-1.8909420961016900,-2.125265426313150,18.865654270105000,-7.0049599284378000,7.158331916906620,7.96761948611082,-1.2202681009782800,-2.184545857631060,8.5284212128216,-5.907628731471890,0.1335042310971270,8.37988630698659,0.08002318608935620,0.8225609404358650,0.7645591509880480
0.7325068280775600,0.9287965864296500,0.6191341744835160,0.6010372711477680,-1.2235042758640200,-1.0345989148739000,11.254437100875500,-9.965485455717380,6.785018516206520,5.341555953984060,-1.7784757458964700,-2.102049181128910,6.711658649604140,-2.493405449779010,-0.05246631928880770,7.269248153878360,0.1118657988303520,1.1864712979567800,0.7238159276075880
0.7940596517859590,0.7444736429254520,0.6295824066077950,0.6774979122720990,-2.402788037289470,-0.26854683832842400,18.715342687067400,-8.757848999989760,6.572125507027450,2.2621561530030100,-1.7004753364918300,-1.3178981171432800,9.043234524672660,-3.0320307154542900,0.0552914844331584,11.740917307497500,0.40468540234026700,0.7617373283214240,0.4742677426545650
0.7437479192900060,0.8855690556922920,0.6839482762803460,0.30568039016487900,-1.447191091599610,-1.434373313105420,11.590542983924600,-5.722325091203310,6.385706071301820,2.7218003066873700,-1.4341210318197400,-1.8175963386672800,3.1897740004926600,-4.943117431127820,0.11637348711825500,12.986589981742800,0.1314173294063260,1.0463275237645200,0.858283897674979
0.6155294754313380,0.3094194186539910,0.6435348273494980,0.2254624922889620,-1.9846103578958300,-0.14679683013328800,15.250020720889300,-2.8893651625778800,6.09164464751934,5.770467105587030,-1.7881772899157600,-1.4825580689290900,6.533251710676380,-5.271419987205540,0.10564784753504200,13.225098160022900,0.34516478420597900,1.1040695899097300,0.8185820150015460
0.502591914747493,0.8784175227541770,0.6661392917032520,0.5834963776774380,-1.3853252893471300,-0.5640431025343330,14.819742488368900,-9.646968829755050,6.224769331998920,5.603440376363240,-0.9720546975208010,-1.9775852294555900,2.9105017349587200,-5.328074560522820,-0.27666494163336300,9.639548318742610,0.4423549728720550,0.7629794258035340,0.6365534932071790
0.6379351034065640,0.9117331287772160,0.639457990005589,0.6766030035413480,-0.9825264263405050,-2.0170160844637800,20.236728283892100,-8.06061592308482,6.265786223058630,7.743836579610390,-1.9979334379183900,-2.1755794964451600,9.178898647183710,-5.8240269926661100,-0.07069550833261580,8.53968925298041,0.08586870847312420,0.5543008019939530,0.6503068955917490
0.6079606491359230,0.7739181624388500,0.5965862340987290,0.49777320725344000,-2.1668095809612900,-0.12838847795534900,15.83607615242430,-10.72815327103870,6.600735859033510,5.870175504598950,-1.9815006377098800,-1.7339695233865300,2.378350691359100,-3.865166870955650,-0.06008520645388140,12.91483209403710,0.3040227209534690,0.6262903997586480,0.874246504917471
0.7640946506110650,0.6328847635630380,0.6520744070672590,0.40120483257018000,-1.8603521111119200,-1.9122508173126500,18.47976630121500,-5.618068769762610,6.2077735675145200,6.4639431007985300,-1.5906760154131000,-2.063456651735990,8.338725241570240,-6.395009309716240,0.045368342491309600,12.808131236174400,0.08548741941961410,0.6394521615347660,0.7207562003535480
0.7789495943934480,0.6909397893265060,0.6398343999474710,0.48265918463896800,-1.4614700888623600,0.04942060007805430,15.755378677721700,-10.308015296384700,6.32888721934934,5.933179652540790,-1.3280633354371200,-1.258941744367030,9.485442121685350,-5.421078803019200,-0.07169538565617850,9.524738175765540,0.49703383595003300,1.144379086537040,0.3881371301066480
0.7514325019003610,0.9302791464383830,0.6297306751745750,0.28373419924079300,-2.3272478180509100,-1.1409435578010900,13.086230255136200,-6.40949103053645,6.033936097964720,5.7964310289055600,-1.1297870475031000,-2.034451755850490,9.348502368311110,-5.672112708024370,0.06904176223327020,9.744879146139480,0.1091033392806730,1.1474759527288200,0.6354543871734260
0.6898124696646710,0.906674090150758,0.6222493595594520,0.5907633751444860,-0.8818063993234430,0.0931149260443992,19.50295638239930,-7.896638634836980,6.694465023253620,3.3525656206222800,-1.86808564688175,-1.4455384958562600,9.577652329395330,-3.9725191394864000,-0.13074376408234900,13.254423062027200,0.46608250990300700,0.9837711898244450,0.4585291914796870
0.7387114987261100,0.563668272700841,0.6948263315503410,0.5180543049573050,-1.647435937825360,-0.18877390817731900,17.30548018215370,-8.602787219528590,6.182381722723190,4.49817440959321,-0.9127622175977510,-1.7291350646960200,3.989093041784320,-4.29211204970286,-0.026821551541966900,12.648217542380100,0.3818077586695810,0.7240583442627210,0.5319481206415140
0.6923734509387000,0.7023647140676960,0.6401764117654010,0.3750747152839470,-0.32743188772809300,-0.4329416791919530,19.933946607704000,-7.6339527418380900,6.28168966749808,4.850481541588000,-1.7346601345778700,-1.641763499354330,9.438983088368310,-4.029337821257740,-0.15741544008244500,11.802038882419900,0.26428028585803500,1.109895638291980,0.7090463046844440
0.7792375220032810,0.935278618484456,0.6184393131026250,0.43003878984178300,-2.311023230088610,-1.674123925387490,21.315558562609400,-5.8647111693270300,6.166012237732240,7.666952282665740,-1.6874992950837200,-2.1864340758290800,8.750552756134690,-6.219364205245760,-0.16435874120710200,11.07209611531310,0.09002852479380900,0.43423805484594300,0.7590134245705890
0.7058762509771380,1.0341523440967700,0.6666007837587780,0.6689910062755070,-2.0269830819240600,-0.052128777218610300,10.33138692248380,-10.420054789122600,6.538366085340860,4.966447653464900,-1.9170251238129800,-1.2981643623002600,6.991420838301090,-1.6298728236496400,-0.15967591293275400,9.47539316053215,0.48958744398099500,1.1693208072009500,0.5821442617361030
0.7551810083750060,1.0414643755653800,0.6669863724014210,0.41653748633391400,-1.005087923935710,-0.351151029476666,18.2034777132381,-9.272308287547400,6.8732634358859700,5.363502770461890,-1.6746873798564200,-1.7585075286227600,5.520491670763300,-4.8846033902941300,-0.2877507003668120,11.867370242056600,0.207254833965418,0.7183026530890420,0.46302941632388800
0.748958219936996,0.9687598035901370,0.5764003701454660,0.36285265466089300,-1.4700283139220000,-0.2850056234697330,18.387207853010300,-6.190122258884700,7.460895019667660,4.723851112559600,-1.970048525601750,-1.3593810118925500,5.629580855459010,-6.952945675027520,0.06713469369737020,12.01488719076150,0.8346877249444900,0.9428642280621800,0.6551858055580430
0.7773585743796930,0.2236824953039190,0.659909918484689,0.47374703141196600,-2.2603344544576400,-0.6665700195225590,19.882701552305800,-8.5708306824243,6.524521001560250,3.0030365520471900,-1.9703981764736600,-1.5829784950310100,9.71793296778751,-6.066902139570770,-0.20737396460454200,10.768781380105200,0.16075527949265300,0.7849179999453830,0.6101269454422480
0.7069756085563940,0.9030755893491790,0.626407756183795,0.5960630394819810,-1.7971937834554800,-0.4981240127341000,18.83634611024810,-9.75814697198889,6.4767163596463500,2.5230022536941500,-1.5525779033313800,-1.6960939359365700,9.191125018187200,-2.7407540347688400,-0.1953036972851870,12.796097782764900,0.16100055462552300,0.5875333996437750,0.7534255276853100
0.6929419723039770,0.8777814255253450,0.6570816398123860,0.6060954402432450,-1.329959588369180,0.06439405192619820,19.535070655705000,-8.031281450426990,6.687344760387750,5.7463327743078100,-1.6219615332562800,-1.6089177666342900,9.369234108528400,-6.67543955158735,-0.13759891852641500,11.744010236375600,0.212839428940038,0.5799989283789430,0.672454918591548
0.7032128429144900,0.8754421527462710,0.6653786965999560,0.22360191571567500,-1.4323538317939000,-0.3108761076647040,19.82543274493950,-10.787804497486400,7.532462123980010,3.8428226219075500,-1.5318683042880600,-1.6586171864331500,7.520199667690430,-3.4140017144418700,0.07944220268766790,12.691122559957100,0.24535835391075800,0.44234782346607100,0.8225146163836940
0.7377378392778870,0.9925975837757930,0.6791121129159910,0.4943496652507580,-2.492659082481460,-0.16409534104331600,11.017794311462300,-9.974786297768630,7.530995449477730,2.130780702998910,-1.6359145215159600,-1.4165193812311000,5.98037415106819,-1.7451738476742400,-0.09925473026057800,12.39875084896800,0.5858727270115250,1.0827891870431000,0.9833627355223560
0.718025376355103,0.47815820187850700,0.5027413757360820,0.5512283174233990,-2.0715745426042900,-0.08233722973217490,18.603789416841300,-4.445886704841930,6.59764270366641,5.842824410329220,-1.526087350119410,-1.4091330519447500,5.351810856352020,-4.559470241128910,0.17358906034067600,12.774972337967800,0.8012570872382370,0.9905677867533100,0.6631314024488780
0.797593061084224,0.6980480671716380,0.6136367708542690,0.36196521904882100,-0.8457307950585180,-2.488655144962050,13.744121741148000,-9.006097380710670,6.321165928633710,3.536210489439850,-1.481075573575580,-2.0393771097776700,3.17592237724132,-3.485264479308750,-0.10974710981008000,11.175960343715900,0.09689807108397760,0.8870723790131780,0.8807068072566450
0.740250544517448,1.0757654564234600,0.6349550370570150,0.44720794939041500,-2.1659927109718300,-0.22802966489765800,11.398530228429800,-7.623108222136720,6.834346769560820,4.307591698214530,-1.8547455386866400,-1.2797409038343800,7.541487525749320,-5.357716860510850,0.003987170357489900,12.335352329550200,0.2619711959904310,1.046160308041930,0.7190724408655720
0.748746592329295,0.9011428461414720,0.6774791674728700,0.36860097538007700,-1.0687869241789100,-0.3191952915228270,15.609561814313100,-7.3253062561710100,6.516661691491200,5.669105545155890,-1.8602298164822500,-1.4764522472134200,5.815287105395020,-4.880646604378600,0.06884141558051350,11.103029968379500,0.28980559506752800,0.7446273972369630,0.37319177985913700
0.7233322009601300,1.065061410358070,0.6707648195130740,0.32990445886816300,-0.641944748121533,-1.2457449031070100,13.042164174668700,-9.92500371564989,6.985167584745570,3.3835692347979000,-1.2698399108349200,-2.0041761847367200,5.671551949756240,-5.415187516138660,-0.1440528581644120,10.361229196588100,0.2355726927065360,1.152041806635010,0.5133354291066340
0.7537609811632960,0.8699142185286350,0.6805295393763480,0.4962738200605930,-1.356804481913850,-0.5573211434978390,13.949440904490000,-6.290677857033920,6.6527537096462600,2.7579563029239300,-0.9763085553956540,-1.4551575493050100,1.3880613828967500,-5.609139064085580,0.15751297979969600,11.785023911651300,0.7662256098657950,0.9562896761838470,0.5841881338781760
0.7290917631735580,1.0151762220091100,0.5684106368509580,0.37948117682985100,-0.8690631832493760,-0.1475005927801040,7.526796933067140,-5.789772742590470,6.562082225658460,4.459001944609230,-1.5628070291789600,-1.7658615901988400,8.42325098482621,-4.686585622811310,0.1497117769907670,8.692465223447610,0.1795528538055820,1.1827998449751600,0.9503119242527900
0.7852494710941460,0.7036333326428040,0.6217178973713540,0.5193950215551540,-2.4396349477946800,0.008749239327535170,13.748301206579300,-10.476562681017000,6.148856115324280,6.043638203904190,-0.679096144963659,-1.2969326166444600,9.490053050624780,-3.0382813724132100,-0.08434687923179970,13.862704857826500,0.44832712663544300,1.1556262613651600,0.8442904257478880
0.6461580481811280,0.7915442897334630,0.6668990343925030,0.30862549521540500,-0.3782167916151560,-0.33588448211135700,17.154616181596700,-10.697953445842400,6.243781613214220,6.457875638004300,-1.4260695047837700,-1.8069781915642600,8.861438021712530,-6.948988605844890,0.029586715801270400,11.762991763368900,0.3116705143519570,0.6126966024875410,0.5347060976160170
0.7704348093168630,0.8111981453791490,0.6467761687890740,0.6451215156470490,-1.7871643315598400,-0.2084471344205490,19.84483659829020,-9.661739972318090,6.206663074838110,4.050395608823110,-1.5640891540814600,-1.6239392616088200,9.955718648252060,-5.081138297118170,-0.14804897355404500,10.246105467539100,0.33329039975217900,0.35150732589384700,0.4398535850314600
0.7375199825022540,0.9257571933952400,0.5507720909614720,0.35648650898532900,-2.253688294959330,-0.46386282919483000,14.064534121076200,-5.553420774410940,6.270182693226990,3.958236043627110,-1.1542543491868800,-1.57324269338447,7.6623399072311100,-5.810142217149780,-0.0033861673888844800,11.781314461255900,0.26822149635431800,0.7935375119902360,0.9842039475651220
0.7607923600828660,1.0493771301934400,0.5605596489797170,0.4396973029506760,-0.9264445722230210,-0.29729924051227000,17.962306856432500,-7.821128241736180,6.273997092022750,5.4792643374925400,-1.6898115681303200,-1.7933313940759000,8.212278290745640,-4.1888365069215500,-0.3521766840341070,13.555055774008900,0.18418439060672600,0.8649452191193100,0.7374104616224280
0.6146502682728390,0.8142240343392590,0.6375311914416560,0.5177195504971260,-2.3775408607078000,-0.18065356815257100,20.454190003943900,-6.381053540876940,6.576559935657620,5.459256341375030,-1.5528720956747900,-1.7678198472015500,6.750203710234130,-7.130451261385210,0.1887179523967030,11.860919866077900,0.19777622637209700,0.5849285846745290,0.8261621096169020
0.7304140906490140,0.25412969597657300,0.4839602864321340,0.2938439856242700,-1.6249765240605200,-0.5164420377622960,20.6895423257233,-6.238955327141690,6.003300484884930,2.5090115304552300,-0.9867337461497050,-2.088271963279500,4.421833021719400,-4.638964833286350,-0.0696581331183643,12.632780428092900,0.19590065308896300,0.9884582824170760,0.9230642879079190
0.6938162187570940,0.7752104899092740,0.6709372825643210,0.4628690763911770,-0.813766505032598,-0.26736289621737100,14.40425924929220,-6.874373777026370,6.88722512443924,5.5679780202358900,-1.477286562510160,-1.9982698388625000,4.691595794387370,-7.828175043845110,0.08458256863203050,12.753381804002200,0.25273605974123700,0.7397215378995080,0.9344584736537260
0.748927097159354,1.0109102185969700,0.6547969876723450,0.5055810847285410,-1.3873046759426600,-0.7455612804285320,21.204559000929400,-7.446632014709160,6.975590812418800,4.244605829054340,-1.1626673777814400,-1.756011967456030,2.2513991185121100,-3.3621863977478700,-0.08947333093181210,13.138167630512500,0.2656626842106500,1.036406630801640,0.835789145726822
0.7610767250168780,0.6294944932941980,0.5939628576838840,0.41933452652990100,-2.4223371427405700,-0.3271730687435370,17.288475490227700,-8.321173500054410,6.108009623984500,6.3669980553461400,-1.635124855906430,-1.8529135204556000,7.131300500717170,-3.5928206517511700,0.026950482670332800,12.293510260503000,0.156818446635818,0.9098564209651280,0.5673043071592010
0.6365956668088850,0.6676577349169730,0.6554857706070050,0.680686643109599,-2.0094819986956500,-0.027440382370959900,14.6290374479095,-7.300617199660030,6.7802794103430100,6.082193249143900,-1.830699292960960,-1.3645565691261600,9.867693595644690,-3.6157023633419000,0.012595403880772200,12.45513356339840,0.5865482563096960,0.753990497084983,0.9147217489415750
0.567999487106473,0.7575247579598390,0.6616466988428190,0.4182069416476380,-1.2529131118137500,0.1484300732554730,19.344021975565100,-9.542469724694780,6.624313164035430,3.385703900599350,-1.7445599846176600,-1.505711284520600,8.634036067513370,-2.5184965753142400,-0.6014779667193370,13.364892090293200,0.5478595058301460,1.0505010079866900,0.29395542716071600
0.7268352117090940,0.6619974122024400,0.5515466294119960,0.40026128683013300,-2.1666108613616800,-0.27833697345135900,12.547877574260000,-7.344281724245420,6.181875232071110,2.659494052862530,-1.5609422165721300,-1.4585879843286100,3.090269988673600,-5.0928213537245400,-0.08316248255217090,13.502841809887000,0.3985436216865240,0.8718179376668520,0.8490308506789160
0.6241944684168460,0.9089587035010680,0.606127739278687,0.46164539291430100,-2.045794694319120,0.030589733092293400,21.42212903838350,-9.729797358264350,7.2615959313889100,5.933821842786430,-1.2813581216563900,-1.7494953586081800,9.1186194051304,-4.362640110110370,0.08801624387021050,12.83603407874920,0.2938676918638140,0.3605785422279380,0.7959448198744340
0.7590455516400780,1.0802933994310400,0.6377153241002140,0.3699493426588950,-2.310648392558470,-0.8258301958884620,16.599923605321900,-5.420043284181400,6.3972133475737300,4.327042483386710,-1.2513751393138900,-2.005636756554920,7.105020129852480,-5.915617757270430,0.192854606178557,12.062356749902700,0.1604158055377590,0.49377577622272500,0.4862500933294210
0.7087786470507050,0.8242765209469030,0.6257464990488220,0.5206127635074850,-0.3450126339843600,-0.23095693624481200,18.313066204476300,-6.275832866739920,6.336579922774290,5.451682617430580,-1.4710144972704700,-1.4882595510159100,8.57347915269977,-5.499023257278240,-0.1547338411868640,6.2605242884690100,0.5808953940204830,0.5963856992970000,0.8178906810400030
0.631762290713995,0.28722189700275900,0.6660536234741750,0.5996302827991740,-1.9637319137209400,0.0034640981948249800,20.031561468100700,-10.285595720005600,6.032676442297130,2.6481053742454100,-1.562420001348090,-1.4933984330637100,8.346524558946250,-3.0649951428698100,0.10347539200980800,13.45549284070480,0.30999092277796300,0.5967822047527550,0.4360431245364470
0.6763836610564170,1.06282777962079,0.6137360063377210,0.297030188274347,-1.4743059326582900,-0.8829176653411890,21.144180597719400,-8.133894191012480,6.017125006461060,3.042432684993390,-1.6250293199202700,-1.9173921090958200,6.169619357779990,-6.058813376986400,-0.04127111562765510,13.14332076710230,0.16705775598665700,0.3768156055201230,0.8531410042496410
0.7922909079324610,0.3914857969316120,0.6015625777969420,0.5102503088258240,-2.1723753387527300,-0.12896665365828200,20.043198815926100,-4.956384417815390,6.6536833169843100,5.985341890510700,-1.3151455417985500,-1.4001058118957400,3.4562806923227900,-4.613695934017690,0.16822848177209600,12.53645809327220,0.5044227143073950,1.1025993971627800,0.6559476562038160
0.6003239627669890,0.5532129146135920,0.6216984598168260,0.3318102951252660,-1.3132585932773800,-0.5949022642380230,13.892518182455700,-5.178348736843700,6.58405586816624,4.5286266390221100,-0.9951944691442870,-1.9652145908825800,7.267708529870660,-5.995595293380110,0.11778095408598200,8.98432287480103,0.40894418919726100,1.0581831658262100,0.6578550417741530
0.7090414779593990,0.6430654122185220,0.5160709920110200,0.2549648820911450,-2.1142287287780900,-0.20212089689086200,17.50330824808550,-8.669844577698640,6.230919454391040,6.924597509787870,-1.261866928275450,-1.676639532791220,4.292739345194620,-2.7171315663328600,-0.39388154635095400,13.821552372258700,0.27891300438929900,0.9057464740951320,0.9153079330447520
0.6971364106118320,0.7894014765184400,0.5520196124948640,0.2732123828895740,-1.3183557439694600,-0.2376189707836900,20.205792146708000,-7.438692719104440,6.166834297117430,4.1323664751134600,-1.9628759182206100,-1.4402157351223800,8.034576715690390,-3.8217654279861000,-0.23223268298710700,13.782043063060700,0.44209804107777900,0.5040586772947860,0.6305348824321530
0.6957501657108860,0.6341479171257320,0.6972003535277660,0.3432916831443540,-1.9623867611988500,-0.1456346133318800,18.069102558398300,-8.589687422673500,7.13608041716643,2.8873284860362500,-1.533366077860180,-1.379201176582950,5.439223088770060,-2.9026249140378800,0.06976617517960150,13.663361756807400,0.49149954880797400,0.7145417691471830,0.7645878979874640
0.7706749672278390,1.0675041673370800,0.5922312016500160,0.3274242071490520,-2.161209466748970,-0.0716855802222213,14.15927840911770,-7.403370174920510,7.0988794747354000,2.123999064284650,-0.912127392225963,-1.4231079735092100,2.291219429170540,-3.631917324884290,0.015635350854843700,13.163801663832800,0.5786841051015770,1.0706871815554700,0.7018942435787930
0.720219103796858,0.8787239834303130,0.6787921365853230,0.5438898525262800,-0.6426750604855390,-1.7170405052683600,11.755117459314800,-10.485130218826600,6.418285388326540,6.281837032817830,-1.3310765931150900,-2.0884778116285700,4.713782294275880,-4.2752670224087,-0.39549404914897600,7.761612608039300,0.13296455597174000,1.0959828622355600,0.8662462946830350
0.5132956822003690,1.0357319712512700,0.621941631404661,0.6517764163309150,-1.426161558347910,-0.3009524925513970,11.945897956772500,-8.857663908687260,6.190905157417470,4.030188415557320,-0.9695723617953950,-1.7015887335755500,4.682089763974830,-3.7679972151939100,-0.07570358538796710,8.47781726123643,0.6976339559401750,1.1922336702376100,0.6548068120175060
0.5715583505907820,0.9267853976804640,0.5624275585654430,0.4926903247127220,-2.3582875012996700,-0.2952084477956410,18.58734056389250,-7.281952353269770,6.225206108381720,6.179877580841680,-1.6029103973340400,-1.8866666031442600,8.825865208595220,-8.381936685305550,-0.0713472194455066,11.797005420630000,0.19470051662108300,0.5212588208342080,0.778835554365253
0.7933709944204,0.6415298995105590,0.6810343955803220,0.45235659566335000,-1.612710080476600,-0.45459996532518200,15.036991033251200,-8.91405958112262,7.25986310017031,3.029118103955090,-1.2628490761390300,-1.3858187821264000,6.951337996311760,-3.320741262544670,0.11562262491625900,13.162894646736500,0.33371025148804200,0.8681904360101580,0.7800339328923450
0.761468941915961,0.9221840318311440,0.6283921057490850,0.48248126732129800,-1.637013966639000,-0.20588040595421200,11.335376475960900,-9.906820639296720,6.231188767460540,3.9907251988021100,-1.8595310279752600,-1.5580268620157600,8.656267187457250,-2.895342097337510,-0.30729325887057200,12.606413777800100,0.16029809822613200,0.8727231455499580,0.7104347211190350
0.7717155331646620,0.5914247512024770,0.5657519392788200,0.2916403476899580,-1.83978465863216,-0.035077357695346500,21.35895944377570,-8.086926761287530,6.1724153785572200,6.061855455359080,-1.1633629122418000,-1.5015550714479700,6.820647512331390,-3.478470077525660,-0.1481002276941240,11.66894590331930,0.3558114136487130,1.0232123645597400,0.7531891845835290
0.7640814136850380,0.7559575130437150,0.6997933387210310,0.48707973112124000,-2.1690908600049000,-0.5290725064276400,20.39735068707610,-10.606511043208000,6.097682204785090,5.110318589507470,-1.2957163361324500,-1.7895902298563400,8.645061662344620,-2.345255318801360,-0.6123323621667660,13.695087426244700,0.18523572308659500,0.8775436213442300,0.7029699867822580
0.7723753122857040,0.8630876334253360,0.5969889458231120,0.5283946525036410,-2.3355106327470800,-0.16827617217848100,17.054599675103500,-8.385490317711110,6.717801331297570,2.207184174451040,-1.604773281110610,-1.3947891923843000,7.912352652213400,-5.8566255828006500,-0.13265640453169600,10.827971669619700,0.24496512420437800,0.5371880267071160,0.6292353753034830
0.581147176420094,0.5822987841355170,0.6490631921242470,0.24427854874751900,-0.7466073118141670,-0.3702597974545350,16.269704665596000,-8.043578411403400,6.649578167129820,2.62711895376514,-1.8715734331818000,-2.0901303852614200,8.434147905417060,-4.162082449444410,-0.13129694230764100,8.773145673462900,0.17883235120257900,0.8905879275492000,0.6218848917703660
0.7748245072705210,0.6629056142752930,0.5538007856327370,0.32865374866229900,-2.2856179663185800,-0.4505950851430160,17.880923004359100,-7.313456722567820,7.012141148120830,6.133979635316020,-1.1575187709798300,-1.8480952691046700,9.036977350405560,-5.778461896897200,0.016719621008608100,11.998344717533900,0.1478273987943800,0.7627541631585820,0.9863826784734270
0.76468110397131,0.8265842898716310,0.6263286836855860,0.6109685500980580,-0.5420557818826890,-1.2262414290560000,13.084713616877000,-8.003659382043510,6.445834604118270,2.558453062763350,-1.202598145389530,-1.9454859501191900,2.4544726837977800,-4.233591967518950,-0.05637817059116570,10.95051122116400,0.40671170913442400,1.0384986576818700,0.9004043803552720
0.673369998244215,0.881612242396549,0.6853521557639460,0.6251690984709120,-2.058630184470050,-0.03469536148380200,14.061813256341600,-9.461055374967270,6.665546506136370,5.385011817704110,-0.789549856577228,-1.758806535328340,9.732715731103150,-5.9823329607087000,-0.1706819590291780,6.3489699663097100,0.37632127157016500,0.5816966334744050,0.9282390432697890
0.6559673498197600,0.9876784810582780,0.6474412578907460,0.31652234963870800,-1.225330700418540,-0.0022217420289256100,18.39935148788270,-10.756427386689300,6.473699433314440,6.317073313605900,-1.7726282168701800,-1.5348049015659900,8.796788563922650,-5.672212561273870,-0.26706505625808,13.30270355558680,0.4310349316476230,0.6995867564475600,0.5053608070026780
0.7334649667131980,0.26498928558760200,0.5616232548057050,0.668212255779505,-0.6271721133344610,0.0820906203030472,20.794834695640900,-9.065056262037380,6.95811605658385,2.6622793968554600,-1.9927021356061000,-1.4688239385195000,9.154358408240090,-2.551348394332360,-0.11023123481951900,13.700796190031000,0.2575951637613950,0.8851327224525610,0.7179422754166010
0.6397695191467380,0.6932962438857030,0.5554230792519970,0.3423502917568230,-1.1919849438940300,-0.1979284287508920,18.187733020482000,-8.241727361368130,6.344258645422150,7.069023446741330,-1.4778378789819600,-1.5949998215800000,3.9389912839735600,-5.078459081450060,-0.016675304606800100,12.206630970855800,0.5275952798131240,0.4856374328807850,0.6412647480416500
0.547765908938835,1.0383636531843700,0.5073360247471690,0.4720480270707790,-2.2774732249161600,-0.008159245768844540,13.727215304102300,-10.471050192273300,6.160657570779980,5.328538406831760,-1.3450870594660100,-1.7695907986827800,3.9452337308497900,-3.8199789606883000,-0.25030440399682900,13.747421680858900,0.2664991724600100,0.8024964655411010,0.9195547209506480
0.6004977574572140,0.8101376358520250,0.6791865044369900,0.4854365575561140,-1.9712118189539500,-0.1555515109326300,13.159534326849300,-8.149178437479230,7.207743965910140,6.5918738026674600,-1.7476782091971200,-1.5915725310307500,4.074427070585240,-4.884638560540080,-0.00018688510886760700,13.24756326182180,0.42042534286451000,1.17465578000545,0.6080404529745030
0.46370221200735600,0.9920087723191840,0.6071031598424920,0.3280820192111840,-1.9521075465747500,0.13081135900653900,20.6434852267439,-10.82798524295750,6.539840469487350,6.9643450589914100,-1.7440748248285000,-1.5111010911916300,7.761477865635080,-3.854400297253280,-0.21064634367695900,10.94984754160770,0.7715523904420040,0.3723281017108460,0.6424068174699110
0.7821294764658980,0.9551629673595560,0.5127194412038830,0.3737964745619390,-2.2535895801177600,-0.6722440431780320,15.929924505364000,-7.216797266640570,6.011762504456490,6.4066783456835700,-1.8581118863919000,-1.6027076312796400,5.771080817454350,-4.64860891875686,-0.07770410930335310,12.777377534725800,0.24840655689071500,0.6422454874700250,0.5831266658198530
0.6825237727543720,1.0626593994688200,0.6127870635858210,0.5743779016254950,-0.7315290715558710,-0.3485938363364250,10.781631693436000,-9.897527503543810,6.373975201736220,4.204833599395100,-1.6367340180375200,-1.6797471075545600,9.266470150908180,-4.069606034000150,-0.4452447754237080,13.603109513005100,0.21667418069497200,0.9395182998755440,0.7037262816046900
0.7898622327423300,0.8724824803295530,0.635440337938949,0.4949296008154210,-1.8120180363713900,-0.3915637570206590,21.163330906655700,-8.543513888996570,6.5709773765486800,2.315528986439970,-0.7481635695152740,-1.4543111724140700,5.801941238824150,-4.438451451367420,-0.055864202781928000,13.972090312768200,0.5181166265286240,0.44240740983044600,0.8149281275611420
0.591931533064983,0.6696829781255340,0.6570963063558460,0.2781828182764910,-0.7898719763417100,-0.30851529610120900,13.181782356706400,-7.841543506022290,6.259685256576610,5.708811093137570,-1.7950860542748300,-1.9496094255265700,4.064719235937730,-5.840972525697620,-0.042488223076462600,13.668147339932300,0.18498646284790900,1.0025999402044500,0.7749428243994160
0.7223781409640050,0.20046065890541700,0.6005939352831320,0.22603983918405800,-1.1595545676852200,-0.4725692456285660,20.219146519598000,-7.96123405248642,6.147087482795500,2.0366796814112700,-1.9488217186402900,-1.936000475200410,7.420505481349030,-3.4239097349937200,-0.31594940661814300,13.487920645339400,0.1340554581505860,0.7688446028295250,0.92423264784344
0.6884152276129440,0.7314568223875180,0.6544724051778100,0.21160335453875800,-1.9475481419838000,-0.2556877139676150,18.6458537816882,-9.434998743651650,6.622509322723180,3.535978003948240,-0.6417776889084650,-1.5458053899304800,3.5827634533071400,-5.822656690651360,-0.03732337846392140,12.484543684471200,0.8140174842248150,0.7327500433224870,0.7395061221285280
0.6999304581758560,0.9432617875364980,0.6797524425757470,0.4559766947676350,-0.24068012880561600,-0.1629124196075300,15.960608514871400,-7.315382390074220,6.4855802887544600,6.040388595700860,-1.882677236578030,-1.5319756303732200,9.093805616620050,-6.647234570978660,0.12534948635724600,11.927470185459800,0.41036967073878400,0.8351382759819090,0.5098772851062760
0.6910883811326700,1.0712947579099900,0.6551992339644940,0.3185259425120550,-2.258680069130930,0.05373044228147790,11.120025321687600,-8.900170799356240,6.72884543076937,4.459456289499820,-1.6237890311593800,-1.623199983311760,7.642543583182040,-3.392210627110490,0.04081077581401910,11.885776580787100,0.23492906112288800,1.0121705495827700,0.7641820454538080
0.647476655774522,0.6521829017318450,0.5539633432559810,0.560791137080545,-1.540393064077520,-0.018637016267674600,14.759613563130600,-8.777130296417260,6.792596528467440,4.0827704864262400,-1.9999242642372000,-1.6410068709608600,5.86538031993801,-5.7183139566982600,-0.006033650419770660,13.29161295044780,0.2857204200013910,0.9720941707963700,0.7665514261130940
0.7210337744061580,0.6383121922936820,0.6850420962913360,0.6498593886112580,-0.5251685475340830,-0.17282220746247700,16.224303473753600,-8.467590333149160,6.027856600348400,4.315231481711830,-1.429785320723200,-1.6673375123152800,9.90186594482304,-3.9088585856696600,-0.15948821985062200,6.76506491158381,0.31926480950155400,0.8782688328587120,0.5685257758867570
0.7708513085817860,0.9140700618917270,0.6497605659594820,0.5563459951657840,-1.087154462695880,-1.9618683359933700,14.451168397467400,-5.11409492647563,6.331579118105540,7.122319560185350,-1.515548455196490,-1.730661147350470,7.130163321649610,-5.058173675219790,0.07874447339964040,6.637436209165750,0.12358346794841300,0.7422913318399850,0.6515667546345160
0.790361432721845,0.7505612833369060,0.675128654602146,0.449754601441401,-0.6382586819073860,-0.6059678861627170,20.073717247182600,-7.128492720362500,6.894463233814700,2.8899882657024900,-1.7274636469070500,-1.9170186677363200,8.217055344717740,-8.403554017252190,0.02207767268231260,13.27250426155090,0.2020181752106320,0.4217960159612710,0.7998560198549540
0.6668773810333970,0.875757163583561,0.6161311655493060,0.24865299591259900,-1.8908079540410500,-0.06552899905821590,18.357785221215600,-8.232820811780960,6.815232805503780,6.303242900763340,-1.6006517449372900,-1.6004543082869900,9.979437429911780,-7.676460940538160,-0.12622216912487800,11.9865056732457,0.2960511034777490,0.5133336644131830,0.7777633823412560
0.7770034268300630,1.0196857800072200,0.65502736020935,0.4374909354616850,-0.9635935702202410,-2.0170710435723500,9.609236193349810,-6.104544818515570,6.764455512526120,6.120192236896630,-1.6646102452179700,-2.022956214592850,4.021819131251060,-5.137516242199220,0.17341716058707600,8.383639802919850,0.10954515601810400,1.1696888156195500,0.8345269967275470
0.7769105899007070,1.061509136407680,0.6922221904087160,0.33323723924036000,-0.8916042741022090,-0.04265037499772260,15.93261648783070,-9.091581506106790,6.530289516972140,3.372899956965910,-1.181491629455670,-1.526593035137710,9.130134615838900,-4.524693509272900,-0.38537460123085600,12.161394630249000,0.659951213664171,0.770939189428546,0.5925783117904740
0.7385632277971580,0.7949672422154040,0.6356940187593950,0.564555985711053,-2.039432521202120,-2.1587631476036300,16.12920258440250,-6.17641675202535,6.718654335619250,7.534806563727320,-1.6812786546094000,-2.108722561491880,8.592383916323690,-6.511574301230270,-0.07822939918078350,10.153739381424100,0.09974745039362300,0.5049714204642830,0.78395224438996
0.7656236863200220,0.4591624502639270,0.5989669806363190,0.5428526560186170,-2.280262289388120,-0.3135149896751640,14.995296771784800,-8.406969956217330,7.21605488238369,4.552085136536130,-1.970417858594300,-1.9118603078857300,3.543950430755400,-8.205264428985990,0.034898882505796300,12.987105824280800,0.2005287916286390,1.1457100047450600,0.472359907604043
0.7887874515740430,0.641111587253449,0.6007441359856860,0.3964209488606200,-1.6038507161084900,-0.10793273110083600,19.475599320427800,-5.648046850752320,6.679763310565760,4.371727872834810,-1.5652413378264300,-1.8902298106612200,7.318684100652390,-6.132659983266270,0.1125816079841710,13.333858482320100,0.13268932812795100,0.9493837411090330,0.886718951024041
0.706768139815326,1.05370207168811,0.6547101633331540,0.4428301845707680,-2.172709645113030,0.03418912070877180,16.171838226588900,-4.948025972750860,6.458391865746620,7.644272068395350,-1.5206275179967800,-1.3439425248309000,7.684101920736260,-7.907072851498110,0.12599429735576500,11.109069267068000,0.8681280383769940,0.4748349744877990,0.8458540248300830
0.6622145100943010,0.48866654016595200,0.6162995038845590,0.5090679260311480,-1.4061430769875100,-0.12798134003077900,17.61007237181890,-8.6456528283913,6.273755029770050,3.7999983377889000,-1.7004023431801700,-1.65599472067059,6.827660514686620,-3.4468210698652900,-0.27034274027526400,12.457515210318900,0.23374765437584500,1.018238436656710,0.8504350437555960
0.755703743555234,0.746040009878649,0.676445593303589,0.6903834311612200,-1.207519200438650,-0.42188037358056100,18.21723218181090,-6.982120687852260,6.479740660814720,5.737517910748370,-1.0718722277730800,-1.7783850323071500,4.813193272606110,-4.517017036802210,-0.01696946730244400,12.28583054330090,0.27494146190319400,0.8507665822181200,0.8555032967844420
0.7524045466914490,0.9762712769684940,0.5305439069456510,0.4693549499602820,-1.984152220246530,-0.043662595676092200,18.09522369362000,-7.744615703707410,7.300000877876860,5.477164738441800,-1.2833706509874700,-1.4989904041485800,5.177935522561490,-3.3263795676781900,-0.05176539458968810,13.441861018601200,0.4400928640667520,0.9254324964880690,0.9949221145005190
0.7678726383908350,0.6448358435984150,0.6729421973517070,0.5827123986249040,-1.2265701610948000,-1.6939119062841000,21.182426260650700,-9.442855186083480,6.924269285075640,5.330974804397200,-0.9605741402722730,-1.5158574072439400,4.645675114168630,-4.013894753925640,-0.09485018682644230,11.892743398165800,0.38499721410513300,0.6668812654347950,0.8033625171935500
0.6904952910961550,0.6500688330483990,0.5911024118559540,0.45475127404897600,-1.147409158148920,-0.26428563797933700,18.529168749853200,-10.095792694176300,6.16171485888775,3.727172617585750,-1.4899005844919500,-1.852936770644970,7.833089937507130,-4.643560163747470,-0.11730777267687700,13.524133155595900,0.14724336798590500,0.8901552337278670,0.5449150028353800
0.679208215137367,0.7900163295665110,0.5999665505457200,0.47142954398992800,-2.3907266802456900,-0.0028653755961810500,16.287237129149600,-10.328217800101100,6.312707707942630,5.161592861242500,-1.640853528174470,-1.433238877032660,6.845285478890450,-3.258074136592580,-0.17358898259585200,13.401478294852700,0.2826278195199420,0.9480955512473560,0.7696484382704610
0.7628729490037640,0.7334087132368770,0.5453158238496600,0.44160847642053600,-1.5831583514120900,-1.1920486597458300,17.000712663758800,-8.92368729498294,6.275052136883590,3.421033525474330,-1.9650349463444500,-2.05919500080751,4.711466463100600,-3.7780867936675000,0.057417114971164600,11.67884281461060,0.11001644795510100,0.9129022339029630,0.4892981047909650
0.7465753772085040,0.594174048606706,0.6727118866482360,0.45143364909147100,-0.5384577138231580,-0.3716234915312410,13.006678713484100,-8.942366455702910,6.41580829119581,7.231162433975710,-1.4878563651699400,-1.430147753182760,7.214495848629520,-2.6630329636477600,-0.1316202850472320,11.350342406899600,0.7573291054115950,1.131807470322090,0.42788933151275500
0.6936006273911350,0.8733146899829,0.6538681098172570,0.37033242434308900,-1.225632678603160,-0.9424627313832340,8.181199464751370,-6.054435236244320,6.458661099488190,6.851230903692070,-0.9851837905504480,-2.177178055500410,6.89098331033345,-6.317595197441580,0.09277873191605890,9.042477886006050,0.2692872481427820,1.0912928582924900,0.7969353004822860
0.6248807366649810,0.7548745343309120,0.6116401338941930,0.5873341229781710,-2.1886127954080400,-0.011965169357413000,18.279183543709400,-8.955324310113840,6.828724514095750,4.073106536240260,-1.611878769435460,-1.672869882678670,8.907567876078210,-6.741097812280080,0.03966074147018400,10.608452940179800,0.23685996304231100,0.8005345955176270,0.6710569509404860
0.7860913286479310,0.9632657879479050,0.6971719323756860,0.37408064463538500,-1.734492201548180,-1.3493467311494900,7.941036724961010,-7.587342725093850,6.65531389216823,6.4689942492920500,-1.4617746611853700,-2.0070639852784400,8.839002856206400,-4.599882102295150,-0.031976184956675900,12.070576924307200,0.12345099674565400,1.023837872550470,0.7376027976909430
0.7632967872811390,0.35805704896495100,0.6887304509618790,0.23320324109591200,-1.3349996887886600,-0.35321506271062100,17.323678463132500,-6.285413691546310,6.652902012726720,5.794942157063500,-1.7795601609167300,-1.5127080071945000,2.250373265481800,-3.3332837334952000,0.18519783854628200,12.681490253287300,0.32465718299191300,1.0854910661441400,0.8284245564742340
0.7504157118855530,0.9699920089928100,0.6053202573349840,0.64961684612362,-1.544006276316240,-0.8476736804955300,16.183593482680500,-9.438217027076850,6.684226030409090,5.744186373097240,-1.414751907618640,-1.829613840031930,5.282453650772960,-4.181331025543110,-0.25075012194723700,10.78233769599380,0.1555174342152750,0.603389061032763,0.6527188762878630
0.7386014795338460,0.9273616498914930,0.6240277073876870,0.2390969440743700,-2.2042240953966400,-0.41752379800124800,10.121138120286100,-7.50273269996487,6.677269487771990,5.330091663636650,-1.8423667858753800,-1.7325971705949200,7.640474290064850,-5.302404229747470,0.05605640824564190,12.781567135156700,0.1614715588652800,1.1649950868681900,0.6687010235003200
0.6324489539498070,0.9762813319885060,0.6758576493722050,0.4327475755629510,-0.8478732879321720,-0.00808027171179082,15.719024377469300,-10.494670257094200,6.826550982519830,7.142881072743690,-1.8563387246712300,-1.4340824029668800,5.036297066065120,-2.749919858439150,-0.004624043457732460,12.140432137151900,0.8647094055843620,0.5467407967378460,0.6176985883065030
0.3808059785087670,0.5509015911910570,0.6795989611182870,0.6046994977472840,-2.4294753852730400,0.17157006726767700,17.8061536769082,-5.300477644815300,6.828786095919710,4.320378228429100,-1.9687437692622900,-1.5581896613505800,8.797046110426320,-5.907059813259720,0.12668719951863,12.3291900784624,0.5474789986751630,0.990219210012813,0.5858491283396880
0.7465003091634210,0.6162203606239120,0.5899243765174280,0.3163576906228840,-2.3998099080847400,-1.9533576173798500,13.998098958503100,-9.207332567948680,6.248302840273380,2.4639077068241500,-1.1531955680412300,-1.8832457897204800,4.89383957926714,-4.129372352665910,-0.47397348326717300,13.742822618341600,0.09642221604895180,0.9890513367217000,0.5811007438553940
0.6733901734828270,0.21780624884337200,0.6290188776772530,0.4619511650210880,-2.0134908145271000,-0.5865084949887090,17.153127003621700,-5.04310883313957,6.432584568345530,5.516013654112070,-1.8752910389053300,-1.9218666395959600,8.417444071038360,-5.575397257421570,0.03507323544554370,11.712448523704500,0.13812978526509200,0.6256555647178290,0.8038851446123130
0.7955760574173200,0.8575141594628410,0.6373537964850070,0.6849789705184330,-2.110884834614740,-2.1828631177479900,21.143814630803900,-9.230437401478340,6.719260536462300,7.411006178211350,-1.1778776734688700,-1.886084758045530,9.159413009121110,-8.929980379520180,-0.17720782660409100,10.508049377391400,0.08745850868735940,0.4186382720757110,0.6487107313838090
0.7914318328712830,0.8980492196355800,0.5642885853363190,0.5553432423169080,-2.4144584194446900,-0.09790165981055090,12.800168843433100,-7.4649066803564000,6.627622535425340,6.426474020515940,-1.1111747764034100,-1.3284603940312900,4.629814017507220,-4.607512905844190,-0.1799770796253860,11.177324620957500,0.5907457494147860,1.1799854863172700,0.9416712354386250
0.7915152253202440,1.0793384037733600,0.6503155718939270,0.683807407895433,-1.2321304466908800,-0.2407844801209900,15.904977020329900,-7.743785536092270,7.129223330324020,2.955237383498930,-1.5563194694860500,-1.434898559913160,-0.6343623430330480,-3.167621183483240,0.12463597663558700,11.57041962722450,0.4835869401349920,0.9865221742932370,0.8741092640302390
0.7784577189166870,1.0105103895703700,0.6386738163116030,0.39012130270915900,-1.3260084306209000,-0.8501964838384680,10.297056850072800,-4.942749947165360,6.532702893607710,6.853459601844730,-1.3491649972214600,-1.414488295296750,3.1386564967151900,-4.755841015940880,0.05769303879554890,9.388683397257420,0.43696454404433500,1.184302615739080,0.7755884111874960
0.7541593120372680,0.46364502553544000,0.643062084501615,0.25634738670022200,-1.5022975167707400,-0.36949551575744800,17.61912988168980,-8.04223680874496,6.870019204185910,3.6028565533209400,-1.1513700868598700,-1.8020516019243900,9.744026359948100,-5.990738507424190,-0.019111628969839900,11.034957671579800,0.22848393229373400,0.7013508476890600,0.5210424387803770
0.742962400859586,0.8053740523769780,0.5847691637129760,0.38797836863651800,-0.7434620421048920,-0.6329921574605470,19.079524465525500,-8.682591653620390,7.243108441198270,2.4696932224162900,-1.4154386230224900,-1.9776817348067300,0.9011702560995690,-7.967107238226410,0.11426548632135900,13.24143002610380,0.2416874207729420,0.9366131284868940,0.8914305653961240
0.7839345419094700,0.7923669001345820,0.6496072326457450,0.3074747665825590,-1.1235063337506700,-1.141934822396260,12.499092210222900,-7.643805814893420,6.945907225780480,5.3515954953327600,-1.7445901908874000,-1.6396765401249100,2.237598335729470,-6.017700347828970,-0.12444618512451500,11.945958922339200,0.1774895775229030,0.8829070529967250,0.6839018738625320
0.7696523374816030,1.0118197606584300,0.6797162162242150,0.5452880255617680,-1.431143228430520,-0.6413985882124200,8.516885884329260,-6.865437312071570,7.090546515138310,7.036038713001330,-1.5626368378471700,-2.0135225592543200,9.69154438057812,-3.827656143330840,0.15373547497357400,7.490702682055460,0.10597263319270900,0.9146589856558990,0.9132850425327070
0.7577924199667820,1.040956128075380,0.6787661011583150,0.5421316299709230,-2.294469329352050,-0.28908157510686400,12.451064578860300,-9.317212281113410,6.554635146237100,2.350621892626630,-1.8837878329125500,-1.535093712059330,7.6045870259702300,-5.388191656089370,0.07529785871181480,8.871868463507880,0.20464524830767900,0.9911967409373100,0.46057259755289700
0.6651337516114080,1.0941424097119400,0.6195140275478180,0.614719088037335,-2.023229887881510,0.00011432146963247200,9.291826124853610,-5.632756113782640,6.183441025379110,7.532091442696340,-1.106258328812730,-1.7623385045486000,8.15532507302402,-4.529943359527090,0.13547382110124200,7.480202622040350,0.31405241512776800,0.8081029873211380,0.6554413794496960
0.7619599512670560,0.8640901544233520,0.5233760321543180,0.32498911975752200,-1.4987673072359400,-0.22775083703287400,16.55091169940640,-8.745020406197030,6.1897341939346900,4.478273269190270,-1.4252090084353900,-1.2782462497150500,9.66681656737041,-2.595661154957500,-0.19061733828178700,11.035674250804200,0.33329709727409500,0.9905782767527410,0.8797480830907250
0.7765991017167950,0.6773241854845890,0.6232849259964890,0.2147126788626640,-0.2664137198028150,-2.2784950778728700,12.393315855238300,-7.161408230476280,6.6520873958878700,3.2369243216033400,-1.8134370310077300,-2.080527478661460,9.114069809993090,-3.7752650294277500,-0.18766288131647700,9.290479647892000,0.10014319686557200,1.0881427192029700,0.98297949440936
0.6983439253871630,0.8536481281536810,0.6069499536147240,0.5227321596214600,-1.615738972701230,-0.2471820251344430,10.170038796903400,-7.154286911301480,6.094803377276500,5.611288272820600,-1.3159430731925200,-1.7766766724143100,9.97712589699484,-5.237358355901830,-0.11059697571077400,10.568946346758800,0.11990079007865200,1.1783780244998400,0.5487315864148570
0.6741112363494390,0.4652620080041020,0.6757114732049770,0.4560617743973780,-0.37060663858246600,-0.7836681818067260,19.68233481945020,-6.404494697623900,6.382504762183250,7.488294291067250,-1.5528430378823200,-2.1634392770168300,4.335440189459100,-5.408206500372650,0.08376417185088840,13.658940358242200,0.1915861360395920,0.6108091325872590,0.7531073237816460
0.7626662857360520,0.727390714992566,0.6056043744454860,0.41344509115735200,-1.1095735371216600,-0.45610093732876200,19.08800588083470,-9.96942076975523,6.754820710271850,3.914478237426600,-1.1481377174005900,-1.6564676577892700,1.3645406525706300,-3.0308120546991600,0.034387995863805100,12.866637752207900,0.3827941634043580,1.0754518029013100,0.6792296032597750
0.700424230084483,1.099330480413090,0.6217194559154830,0.5068879046900330,-0.9097506474856180,-0.38274953029403400,19.6196823524207,-9.901591270502050,6.219436725997780,3.905918368059460,-1.3796612269736200,-1.7250330339792200,4.637199021497100,-6.149457257936670,0.0402859159309317,13.068582503305000,0.5075565568394630,0.2632445755923000,0.7775800832971700
0.6954387423950300,0.9937248299525850,0.6475841000569370,0.531854759980115,-2.1832775363620100,-0.06000519730654570,17.619934955806100,-6.139139966694460,6.886424525808120,4.759308601320310,-1.4261179209810100,-1.6497079839532800,5.214176164451870,-7.374673700172230,0.040106660271897600,13.355421259826800,0.28605569352527400,1.035523847323480,0.9140471104219640
0.6888417094515980,0.6017913223674080,0.6651287940254210,0.3455418354916120,-1.5515030746789700,-0.7954588858078350,14.939001981787200,-10.967595339053600,6.232401885055090,4.606350250326480,-1.3509676521875200,-2.1269314166894400,5.95256073292449,-3.2628222814784200,-0.3257936844461600,11.04202032581630,0.15686761022425300,0.9529675806719430,0.5321423062173910
0.7289458464633390,1.0943700836539400,0.5724471910285950,0.504351247939105,-1.441137249026330,-0.04547031253885560,15.088964468016800,-9.150648907660550,6.352791864646740,6.758932935069240,-1.1849811742761200,-1.7122783105840100,9.387047994023140,-4.484037655885700,-0.30148689671085200,11.169505286581700,0.3880442009404890,0.5546315813843780,0.7780906763580190
0.7001042401127710,0.49246274683126100,0.6341644386719710,0.22501146900259100,-1.6323803259685700,-0.9139560359336700,12.24467792958870,-8.710804268560200,7.296003482996310,3.4926827468467700,-1.7088442975314100,-2.0982122977242800,2.6587526439443800,-4.469086865269460,-0.024940882240354000,12.891807240576500,0.11829682904550200,1.1743614195808500,0.906396354508608
0.7495680310925240,0.7745698377663510,0.6382021280332970,0.6841513005783830,-2.218937894688320,-1.3889301988490900,20.946282616493500,-7.088378512467940,6.506995560137430,7.832760160213330,-1.7086672082315300,-2.1497151585940700,8.890990648508340,-5.729942851872880,0.05714789102300470,9.516743931267280,0.06721311430550700,0.5804019350131510,0.7344012332755360
0.7686646686014050,0.7996413876615080,0.5899339237475000,0.35485027157984200,-0.3825125899411360,-0.6024154198289140,15.245646503271500,-10.683808923649800,6.63942067404095,3.9135999292854700,-1.823781676983450,-1.5648532762926000,6.995460574814210,-5.163859434944700,-0.20115818601618400,12.155539882682300,0.30361236579883600,0.4907707154563840,0.7882367602151830
0.7895837913923300,0.7298979102014460,0.6203033317016950,0.6744145327738020,-1.005596727732300,-2.8202559348161800,12.607819653159900,-5.465363430445550,7.5279971761168400,4.05100557432753,-1.9060726815862000,-1.6916839854529300,5.374642289132230,-6.786121191734980,0.13977121579770900,10.55501155070510,0.08107145730663310,1.0237414637708000,0.8999217858454350
0.7063741655152540,0.64773882442177,0.6124952503788120,0.45906021114469800,-2.3773558364117500,-0.28247688680900900,21.46355082315220,-9.057838761034160,6.961788684414190,5.887997319622120,-1.6771755172569600,-1.668826387933830,7.683091899929650,-3.3835614195811500,-0.05989658543938180,12.911712812709100,0.19022254565270100,0.6087186761490850,0.9448575569690370
0.7185154778515510,0.3363467148043900,0.6471219102916360,0.546430490556919,-2.443491887976580,-0.27018687360498400,21.098727203944700,-6.30081562639886,7.042023501249670,7.027645984058150,-1.1384783760173400,-1.5042801122257900,8.112877801544630,-7.626373761190400,0.15483759496886100,10.975965315753400,0.2934702556361680,0.3598966637336940,0.9911831116362170
0.7173051386440460,0.8876222470760050,0.5738950764022220,0.22560660194401800,-1.321399602842820,-0.5303471094665150,17.51562341573690,-7.91908296034904,6.708416852778950,2.877544109033310,-1.6087010032835000,-1.5775921133226000,7.342106016932600,-3.5368982615390100,-0.11092295030084500,13.224950892152000,0.2730467694384100,0.503423531511083,0.9607973810700140
0.7259060386538700,0.7540989485582570,0.6827581609537020,0.39316308270109300,-1.8148484884066300,-0.28811797699141300,16.823725268384800,-8.541920490973300,6.003304599084580,3.400135110241920,-1.0548245266543000,-1.7256746250615800,8.082412395197140,-3.2469119521519000,-0.37239755905700600,13.660167777696300,0.3021997607160200,0.9264279837173300,0.5254274734882180
0.7572109014165980,0.9865758806262290,0.6571500527054310,0.3967338606287800,-1.350671499690550,-0.4897265489857460,13.040152861798700,-10.32280575823890,6.417327457186080,3.0957393724399900,-1.3557450184769800,-1.813958269798060,0.6824091185666460,-4.937512410095240,-0.05410627107776280,13.150223701313100,0.30688698480606300,1.0958168204311100,0.6546209112701610
0.7214044296954630,1.0020179751731200,0.5871703766578440,0.5909970279996740,-2.1424710946471600,-0.005104380548696000,18.580143998013100,-9.340651345559000,6.678234698913290,5.775709138592190,-1.9358348813745100,-2.168799163402410,8.485141893122040,-3.6603211427085700,-0.1678171342902520,10.931427791638200,0.14192412725633700,0.4417213990839270,0.899280524634328
0.7440182126290050,0.9224314120804930,0.595279420833813,0.5090690800644990,-1.819927959058510,-0.495468514705378,13.84102784915380,-5.12451017150118,6.558517788684780,5.823910164481610,-1.2370838853883800,-1.7921822976973800,8.482561876746030,-5.196593283780790,0.00811951411949019,12.329597994631600,0.3070779210548190,1.026613353018670,0.5337040524301710
0.7680305374586510,0.6912563187904740,0.6454041005922750,0.46267069042208000,-1.9274536559874600,-0.9652309404421090,19.604917294858400,-10.769799255198300,7.245702041886520,7.067116389772330,-1.9930563975556200,-1.6926556051684000,9.054513051617580,-3.4357034574405700,0.05673810921799580,11.006436939224700,0.10952141604465300,0.6575713990638360,0.6768752573783050
0.7881279248036280,0.30715317597333600,0.6516124661702200,0.48626874830647700,-1.1976961201846900,-0.6327539814008360,16.974661748343400,-6.501299573247810,6.679679944193530,4.295050247281620,-1.740376236611040,-1.3744005943602200,8.528026659777920,-4.671482941655750,-0.030213117091684000,13.917266071471500,0.19798995579357400,0.9155576965897260,0.7250569668525420
0.7499545328858440,0.8783754849441140,0.5820870694769240,0.617512843112191,-1.8310307317958600,-0.5630279298547990,12.790647822797200,-10.630611450966100,6.992378815370410,3.135119307968030,-1.9601466240705900,-1.9058177508338400,3.0316598429135500,-6.549997059003600,0.018877046951518500,12.770808567299500,0.11773334852373700,1.1668747943506300,0.577323280054125
0.6707794287283990,0.7824625801136450,0.6308575164549190,0.49048669669929500,-0.17961456847951800,-0.9272262881570240,18.631176033171800,-7.534322302548830,6.392956646431980,7.8625928269979,-1.4625284973319200,-1.6197608170627000,2.7055025153335400,-4.907869871252560,0.009717968042159410,12.546153939749800,0.44813193842103200,0.6677874718136230,0.8384205673859990
0.7672212303060150,0.9999564368528530,0.6599137016406390,0.5782475027362890,-1.8713023221071200,-2.9439223046996800,13.449588532799700,-7.294777952165500,6.611691624528800,4.535821869024120,-1.775561143753300,-1.126835432398510,-1.070477599897810,-4.607646407253780,-0.007531284698663400,11.43799801677730,0.14701455675886000,1.1719788111002700,0.8886250217336830
0.6967659026803280,1.0163087546711500,0.5570158498211800,0.2794481512400790,-1.9779368211839700,-0.2488026117368320,18.04861083604350,-7.411282737956610,6.480582015360130,7.497955318680120,-1.2065460389188100,-1.505424554626670,6.817478252951580,-8.48052542155333,0.07893747068711820,13.448024046961500,0.4190871297872740,0.40739971183368600,0.7891460809142810
0.7560466932262570,1.0435659178241200,0.629790684052995,0.48652301747380200,-0.7127553136422710,-0.012622205124323100,13.815289878289600,-8.460709702764150,7.027295922924480,4.618755284599830,-1.992153421694980,-1.3390608758854800,9.375047542507270,-8.730458505075980,-0.04188511192374290,9.271908232930500,0.4801456737410390,0.7429191535022390,0.919245178960673
0.7397510251425480,0.26836569800452900,0.6237047776091830,0.49744233962666400,-1.0816973157703800,-1.264417914038150,14.771884150366200,-5.88853007045859,6.292839201258070,4.531678181562390,-1.6331267850233700,-1.92694855052634,7.019807272034280,-5.354702697246180,-0.3178380111002630,12.636765772887100,0.16343289172749300,1.194219261410630,0.6341846583276170
0.7548205780296900,1.0674865659902700,0.510653118009089,0.4731971210890480,-0.6461069670938210,-0.09267279574630370,18.378900682624000,-5.503243974555190,6.206297122749910,5.982548177176570,-1.8221650413276900,-1.432005411792310,5.368022464382990,-3.794415550612240,0.06259468079460430,12.773640497047500,0.92682399833522,0.7762045949224160,0.7125291100773050
0.7048818405933050,0.21264930794004400,0.6646263192301790,0.6211838503602270,-1.9611289189203700,-0.20474833886727700,14.650126449152300,-9.76266478354659,6.742062634776470,4.123540859878550,-1.2424526273190200,-1.3677466780497000,5.050599458463940,-3.0236132518625500,-0.17867899457080000,12.715539933025300,0.7406952914916680,1.1416827872924800,0.36592952629204000
0.7251391443098180,1.0460879366315700,0.5290696848401470,0.521072186444995,-2.483936583077040,-0.5125058503890130,16.735786617194200,-6.519771947584930,6.100815114148060,7.3485824248857900,-1.315214828038560,-1.7370650130615600,8.232085964459980,-5.089165660001390,0.04184917989630900,11.081750296136000,0.19880700338156900,0.7695814973493940,0.6177117759525390
0.6860761286047240,0.5887686451130300,0.6705091826636100,0.5950041733791530,-0.6486633052202040,-0.6613085634681230,16.030682884155600,-8.145498554148580,6.056439178233870,2.8077429853380700,-1.9446996566378700,-1.806849929499560,8.294819101028030,-3.3559439772517800,-0.05828977980671620,11.905377226207600,0.18398630665285500,1.143393052428380,0.33335848472472700
0.7099549082480120,0.45315195075449100,0.6691618687292470,0.643058980439884,-1.92333011527469,-0.49948588520841200,15.084213551025900,-10.447548545336000,6.988349865466100,3.728941267611940,-1.7907521115413000,-1.5850623872223800,7.542597943183650,-3.239709311629780,-0.3653790316088780,13.73056902172750,0.2750651248319290,1.1610260420821800,0.4686361998888590
0.7467504150280440,0.9442741816127360,0.6641390159525070,0.553807351672544,-0.4029339716386440,-0.3440838395177910,16.300242766480400,-9.68541958194802,6.519455889072390,6.406278480763990,-1.9469086963246300,-1.8320966812356800,7.807471383199650,-4.654654479061400,-0.19027862910827500,11.513812839835800,0.2270615975389990,0.6025530321683420,0.4904467706007390
0.6283680841402350,1.094005076822400,0.6778951031671550,0.3601365984542750,-0.568580151366446,-0.09401058655712260,16.02394218645610,-9.895267940927080,7.100208303615680,6.818692354049700,-1.6401262124794800,-1.6806990143245400,8.105638719400170,-3.0693049545689600,0.11786075178859500,12.69635946624370,0.32892144008823900,0.48263473414320800,0.7389444189739170
0.7323328878497320,0.5188259003068570,0.6288667859214540,0.29952914801141600,-0.4337867855080890,-1.3860812874837000,15.720828584706300,-9.336898934096330,6.191367455659940,2.046313539056590,-1.4285850936611400,-2.0731063596561700,3.0919580577565300,-4.502686163801440,-0.2283088953800610,13.040723418216400,0.1898017720272670,0.9945952023160040,0.6220177712033590
0.5862341039046870,0.20708755058381700,0.6683163210709640,0.28313554928105,-0.8365619732541320,0.06659529893307490,20.582700355963400,-8.430733800164790,6.2593186390398000,5.014492389776570,-1.8822413428863500,-1.7222139619394800,9.054863951204110,-4.686390238456300,0.03174665247580420,11.655459541626500,0.2680084712040800,0.7748925163321950,0.4380212263948500
0.7382008648987430,1.076070129840230,0.6120259758570330,0.23140243154284700,-1.2922998089662200,-0.2132125375484960,15.598938871621800,-5.192045258591310,6.5144512229838800,3.7797359588355000,-1.8118642036045700,-1.6867532254443100,4.717343605514300,-4.699309141628990,0.06362555485856780,13.360352908621100,0.30328158934073700,1.0444996456079200,0.7111683055995120
0.7105366130846150,1.0844651137070800,0.6573184154716600,0.6350254774574810,-2.3509270671035200,-0.055255733627983700,9.957336518470760,-7.66384045788419,6.743114910432070,7.7316610724398500,-1.0722637155264800,-1.943098577242150,6.767476095378550,-5.678627412031160,0.087577867786741,10.043121228223900,0.12848263663987200,1.0536779854837000,0.8451632773258500
0.7794117416973110,0.8794505344482050,0.6529414209607980,0.5615967259366980,-1.265297478671710,-0.2935928801732770,17.482272340922200,-8.191409619000670,6.218680060985530,5.1910561460346000,-1.4278699489890000,-1.7245811655577700,9.243510941534630,-3.18228459323409,-0.16333783942598100,9.879318426657130,0.2060132751000660,0.7651654949598650,0.7527935619947570
0.7668675097177900,0.5913419529611550,0.6246242107028570,0.2632991729718170,-1.511462834520870,-1.7758864617488200,13.166703254569600,-9.133563855471410,6.143299727533420,2.6233693947165100,-1.5545497385462500,-1.9531943329954900,5.952543435725400,-3.7680082638982300,-0.5085646655966790,10.739867710028500,0.12455186964900600,1.163917450717780,0.6222216674760840
0.6240290233379240,0.380797038561601,0.678772569466941,0.46690181478332300,-0.5452073699823200,-0.5303755055702790,11.869765960345400,-5.700447205598220,6.125401672020990,5.734757490871410,-1.3539615781338400,-2.0135945439853700,9.111878133319840,-5.490224194145680,-0.13888879717458400,13.456921657859900,0.27150321916588700,1.0948341018621300,0.725418979539594
0.5927659006513500,0.7815046900261180,0.6683825337651570,0.5382285975650430,-0.8709890921689300,-0.03535306529369380,15.661050138138100,-10.14784135937530,7.71744469371577,5.639903991499260,-1.4749775137341600,-1.5743818355838500,5.792684649332990,-3.429522289003900,-0.12464083403741800,13.459846766759900,0.5733251296979670,0.8624959651430230,0.8245393950771230
0.6868512362656810,1.0331170716598000,0.5543977954609240,0.6039583570613960,-2.3395675578723100,-0.1449961803408110,14.691674897659300,-9.006170715679640,6.134452599231760,6.883627058340060,-0.9545756408185710,-1.505041110784290,8.388467037836070,-2.9273479308745000,0.14866506065977900,6.871301460177350,0.36396924012019300,1.177088019573740,0.4780944307989750
0.7736131111861900,0.9202728408347600,0.6206534564818460,0.5819405620728760,-0.9697722325021590,-0.6777434431352090,17.73238130835590,-6.803177371999120,6.640182287983490,2.6299057994539100,-1.8969432356074100,-1.6279443237779200,8.757552764260640,-5.668219650783620,-0.15291095506221500,13.579875692076300,0.17859348668660000,0.7195024301978970,0.6091200122311140
0.7612310663564180,1.0242566738743000,0.694928885558988,0.3656449621975690,-1.2007116470447100,-1.1728315742948600,13.285261283687800,-8.932013853307700,6.969950710909150,4.329321014309540,-1.5740803656985200,-2.0279319695600700,8.282218983818170,-6.567128931164640,0.05746558164754270,11.602795860335000,0.14171715609013600,0.7057324059992800,0.518943065422496
0.6441806354152110,0.866794826755653,0.6520641150605290,0.375061320267309,-2.267092983668980,-0.25326160235029700,16.635351571168700,-4.655226598773300,6.501146849095150,6.183494748864780,-1.4251217341328800,-1.8660292953877200,5.38510281369771,-4.603884165657470,0.1639261662240490,12.980761105502900,0.17634196941005300,0.6010407405410440,0.9871333025779910
0.5977497963664630,0.2723350409394450,0.612614871827845,0.5920435113926640,-2.3985051796632800,0.041544092124368100,17.489611381761000,-6.590249409627120,6.692232054736350,4.628438948187870,-1.7066605077946600,-1.428861301453670,8.841975795980630,-3.4523691944478200,0.12163427108238900,13.30992331392170,0.6530074305120180,1.1770783034984800,0.5716151926403860
0.7430914055932080,0.8883093287505810,0.6118017467774050,0.5404688952584870,-2.2353709578150000,-1.4546231826265000,19.735081247023700,-6.2845493537132500,6.674920882027040,7.453424264716680,-1.8387166543454800,-2.099466653656930,8.104242215816670,-5.071482744010030,0.18041359327133100,9.888582984775060,0.05559867416206610,0.6179726088248470,0.7011804342803380
0.7741636852319960,0.605995364290073,0.6421242199724400,0.5972770988775810,-0.2760561645395390,-2.1945685603389800,19.18937923801160,-8.14981388682226,7.64168920889666,6.6903827969447000,-1.9093233907460700,-1.5218369534998000,6.347339890890330,-3.6068021059570800,-0.14575604315656700,9.691885791203580,0.1675371023175910,0.9156227913035880,0.8898857850778740
0.5960456387042630,0.4790536292168040,0.60079223649133,0.6000857015416040,-1.9751628494611400,0.23844759665853700,16.6150867896487,-9.588214927619050,7.177194800125990,6.226750878707600,-1.5177504350443500,-1.4879084021135000,7.9783493963498000,-2.1479722508627900,0.08364311560129040,13.890895327982100,0.3846189443558860,1.1135450959695700,0.9660975299249500
0.6890669106472810,0.8540545935302240,0.6391725501291770,0.20290570538529400,-1.976038840816660,-0.5801505648192000,19.66135997682630,-7.178476206958960,6.131085193753600,5.179020786791980,-1.0339687238353900,-2.1355687634681800,8.877332746893430,-5.202177079159200,-0.04820441932035990,13.609357611693000,0.1297788171656280,0.6866246327611820,0.5964522837075190
0.6709326635998320,0.7097489642801070,0.6272041484063000,0.6075627921745900,-2.344394363505730,0.007821698414215750,20.992084778097300,-4.620579143163910,6.893035562115130,6.475010564090750,-1.856310921400280,-1.4932538216272200,9.790239805072650,-4.413216164272270,0.08829739600544650,10.359648766886500,0.3275716013122060,0.6963953302079460,0.7798369144062530
0.666378933184867,0.8178784873825310,0.5956457958098950,0.5514898583626010,-2.0292755214650200,-0.1873133890159610,21.202409978060100,-6.875078290203770,6.272957620852790,4.777340348257510,-1.6324519814076400,-1.6570940005240800,6.297254036112250,-3.5829018380240700,0.059275879566610300,12.473412954017100,0.19604683138314400,1.0640337933372900,0.6668107097229010
0.7144575476549730,0.9591275826643360,0.5917582970975570,0.42547660325229800,-1.8615741181755700,-0.44208897440523600,11.955937234716900,-5.193096308438130,6.850063774130160,3.3804046367749700,-1.5337708469818000,-2.02286727558368,7.103061386059330,-5.847551043213450,0.1576007742484060,13.947116136874400,0.15611027830340200,0.996583261606525,0.8079712431528750
0.6655176771608530,1.0115504958037500,0.5691399037035630,0.5070429106244040,-2.4918833181293900,0.12289240394323400,16.41047672289560,-9.516768215307240,6.93960573276039,6.8172766522375300,-1.8231475034573200,-1.455254461289150,9.806807420426250,-4.834127815548610,-0.04402420085043850,9.995897650866250,0.31068133122059100,1.0371134466666700,0.926944117491989
0.7525436831510470,0.9285389215632020,0.6511923477699150,0.26250482558184400,-2.233469133342890,-0.2334134894359950,13.461008677987100,-8.68226924399615,6.160038700012940,7.731894130228320,-1.1303005078225200,-1.6618039329852100,7.910466899171460,-4.393658257054180,-0.07780121967884780,8.24147707899702,0.24394969985476400,0.9172433632259760,0.5259745437841870
0.7319572444234,0.7122884157824020,0.6440041660818970,0.2782580232861970,-1.154467924280230,-0.05265373766905750,16.149705396051200,-8.657254365304110,6.648894694247140,4.09709707048629,-1.9012504001483900,-1.6267436907850300,7.685647477277370,-2.0246284829687800,0.17247580921778300,12.541986024057100,0.28367286409541500,0.9464388367337600,0.6066482053052180
0.36533740053117600,0.9016314949114990,0.6753603193155120,0.42402132545657600,-2.093721562306110,0.2546119495423270,20.35405703749880,-9.918986930801150,7.402592319437410,6.271757096646000,-1.7384643741864900,-1.5446312357123100,9.229575263809750,-3.1083820904837900,0.09528372516998180,13.619729148919500,0.5724657614903710,0.8603042718049840,0.7674293977231800
0.75681349065416,0.737054465057535,0.5791747969928070,0.5869446524491670,-1.4488920333403400,-0.525940115185104,16.137677115352900,-6.472569625937880,6.6973489032496300,2.517489026327910,-1.7140669963248500,-1.5987717398194600,7.502823143628620,-7.0139165235458600,-0.07134253004895460,11.204724370504100,0.2792464285689230,1.014891527740550,0.530854750439008
0.6868823509033150,0.7635347896796050,0.6496717634681840,0.5724930211807320,-0.7118688795533710,-0.5967315657831650,20.126350850108300,-9.557098880662410,6.560281957205900,6.208067340579820,-1.53591439210634,-1.7882735254231800,8.438267653591180,-3.802455409475060,-0.08533754281083100,11.636239270693500,0.19379624768745700,0.5380530600782340,0.6860648866172920
0.7178662075776330,1.0791368734141000,0.5753796138339850,0.5962401640314800,-2.1643468568297000,-0.1955712918473420,17.913069035742300,-9.504081855605730,6.074277593747390,5.184069655345870,-1.4075940315857200,-1.6177137413767300,2.4727775787082900,-3.7993577488194900,-0.14582914039531400,12.946549444829000,0.3747093502860270,0.5907232113641720,0.8439094516494870
0.7829474599892210,0.581787961919012,0.6553889117242700,0.570674811754103,-1.274899063747250,0.0365996417757421,17.022178808801100,-5.613979992212490,6.460093398841440,7.174505883996590,-1.8555404966600100,-1.233259105850460,6.752020227178540,-4.010581091771170,0.13800702243017500,13.59924485411140,0.6325484941350210,0.7612708028751670,0.7021072095736310
0.7877414202807760,0.29180083851947400,0.6864205915358660,0.541560796695927,-0.7609966778984330,-0.399462070028607,19.544709054617400,-10.954957627662600,6.970180192724510,6.436570658553200,-1.5818476190590700,-1.4109726244554400,8.536853451082150,-2.0945739252324200,-0.12418215282622600,12.115414707044300,0.21479801085066300,0.9674728227342720,0.6385337567085190
0.7787670173709030,0.6441982825322680,0.6329851145439170,0.4264782859184440,-0.8544601730614030,-0.8251007509285350,14.806755329634700,-8.183751382402900,6.415009500159300,3.945444176831960,-1.8754679811447400,-1.7615369223812900,7.336360826894410,-7.064542609429020,-0.02121073524654650,13.322262519357600,0.1546001525311280,0.5699666496573510,0.5368648889753380
0.6757373001537870,1.0742492438412700,0.6189804484679190,0.3755410409590130,-0.7536423425033290,-0.21848779127226300,9.495026876722040,-9.408624851998230,6.417460135468590,3.1690866412796400,-1.7762167407804400,-1.8389292807215300,7.144339569502700,-3.0631226787127000,-0.2839287752874880,12.212260349439400,0.3147456840811380,1.1763606225592600,0.8024146501433070
0.7278734095424970,1.0086159213077400,0.6412162394183340,0.5213029175935560,-2.319075362644130,-0.3966102150038510,20.984022008355400,-10.580703429830200,6.429125810131440,4.470886455152070,-1.1037262408127600,-2.1871706040977300,6.394973668609850,-4.913617672906100,-0.24550593058026500,12.287818936651300,0.12338266597852600,0.606204190872934,0.9024681280663280
0.7732397299752040,1.0978322096793200,0.6657399157886180,0.6497564744656740,-1.9428871156216900,-0.8996670561696720,12.465558212516600,-7.613984015175120,7.127890005076220,7.972485488723660,-0.543452190992707,-1.6633271743428300,1.9207984539030000,-5.939680649072490,0.17457716505021000,8.037576795002490,0.546541400965308,1.1741403031066100,0.6924289978707720
0.7140255480238780,0.7457928797716160,0.6568775262252690,0.4580457124339990,-1.0514326097044500,-0.7703555585618520,10.114608735943100,-10.173525233101600,6.627009397646210,2.6799189462626400,-1.9631756011633100,-1.812615039770110,9.720038398753670,-3.6112737595712500,0.08627158001221720,8.730089317041810,0.11927985980569800,0.9975323190358650,0.692978242531669
0.7851621418615700,1.0161069780008000,0.6878940182007420,0.20934780408733500,-2.2629399554625000,-1.593819127882830,6.642112741382210,-8.060097887475590,6.761327137460310,5.381991469190670,-1.0045331392032200,-2.1803899869925500,8.991428218148560,-6.24918759065484,-0.020818819722780800,8.655388603780640,0.09759302790314730,1.113291764248730,0.7993644929290630
0.6461082748502150,0.552590065496378,0.6153202730334770,0.49476369670690500,-2.275193371669320,-0.36347897752975500,17.461817097826,-8.049967910261710,6.474910685505160,2.9387022396960800,-1.3036145621350000,-1.8668304907784100,6.8016873055388300,-4.023493390359330,-0.1818677464277590,13.386141237165400,0.1983486130679010,1.1339906612376400,0.3858813824806030
0.7968998478644360,0.9974998112414370,0.6321536229619590,0.48093829262009100,-1.2190903007600900,-0.5610768325501690,14.8953221711887,-9.833499660310960,7.815101879969460,3.3949440374655600,-1.492787098033790,-1.793483567010510,4.617292011370980,-2.9915389926281500,0.04488482297425450,12.47030169237090,0.1549245765132600,0.887994330303901,0.9278588530890850
0.6863810957992700,0.30461565122592500,0.4775961899507770,0.38621958678557100,-1.2234435931546500,-0.4331062884298150,18.574400562155300,-4.945584108859700,6.288049890489880,5.898612294644560,-1.7647718790027600,-1.8873028753996100,9.511754674459400,-5.197706953266060,0.03611069060494110,11.443409245390400,0.17738810692569500,1.0503939593696300,0.8889297119672080
0.6515078353180450,0.8473912759707910,0.5031292318397150,0.3153589054110510,-1.032719206481740,0.09674848105661430,19.538834456200000,-6.0212240172095300,6.726929547121600,4.482653377321680,-1.6600426294690000,-1.4286652343086000,7.499848232190920,-4.753345576225700,0.011366168717312500,13.770619734951300,0.8764413162183510,0.9731228817233850,0.6555046054765550
0.7608154702648530,1.0775401403914000,0.6351573459289390,0.3690673644589280,-0.5489865854087280,-1.1064731514489800,10.425833760257600,-8.496385671293900,6.942507407523720,2.935540513204090,-1.2108659977990600,-1.8076600303834100,5.094792737773010,-7.223700462741780,0.02385251406252270,12.789249227329200,0.45120510295788600,1.143620030776920,0.4129271354905610
0.6659353579660500,0.5523608040710990,0.6788979336660270,0.5401422523047600,-1.2887524007347000,-0.2716008099503830,16.640926856351500,-8.942565283379620,6.986366731331290,6.60291398695202,-1.621610568606960,-1.9469859889257200,6.376249966186600,-5.645641570878500,0.07495958488164410,9.508419633813110,0.21963224380541200,0.5542157935293430,0.8447176900022310
0.6357000131645390,0.22858053549881100,0.6394631033758800,0.5522139339379710,-2.039821805687290,-0.06056315776115050,21.521132122736300,-10.371710433833400,6.625910167464660,3.527627537908650,-1.5404849324709300,-1.5473652950627000,9.313749740803900,-4.212131760929260,0.09367881485744600,11.275301758559300,0.3857485750825730,0.4233179682739820,0.5170810786153940
0.6127686018043570,1.0058866014759100,0.5479361709736980,0.42735357007241900,-2.488695076093530,0.00834616819883599,13.927670319778200,-7.651663270611270,6.389639202672830,6.7130007787025700,-1.9608495734320700,-1.4132151413502000,7.516051722681810,-5.575646811798490,-0.007606944550354910,10.548564286085700,0.4362567464997000,0.9697009035336090,0.55694585272377
0.7751753224378260,0.3629460011454390,0.6200287013877690,0.4314725696729460,-1.0171742643562900,-0.5484817254339420,19.247193650547500,-7.626508481115180,6.529624638243940,7.270475370036340,-1.8192834645003500,-1.377468928019240,7.674893740691380,-3.394237303868750,-0.22224863397826700,7.930225944557230,0.3258985277128040,0.7745277951383290,0.7457336960328270
0.7786976262198240,1.0807907683785700,0.6082919797346130,0.4933127556038150,-2.350955946940490,-0.2632199145631970,15.903512609040100,-9.85513388061801,6.189980900779490,7.882891491120000,-1.064238554225430,-1.5837965963030600,9.314101522520460,-6.544618492547130,0.14578088120321700,13.217011893006500,0.24444741819661800,0.5593338238034410,0.34591686270885100
0.7612420246820700,0.46292368518794800,0.5610289007325360,0.440916223460724,-1.8599107787446100,-1.0373579989174800,13.994249104206500,-10.98747841021980,6.262139235156740,2.4607754896673900,-1.6340861442462500,-1.7928461691625200,3.8423154793401600,-2.688930198630800,-0.16736574343664500,13.571057582214300,0.09975363009190170,1.1581523393324300,0.7584206628725330
0.637977519276553,0.5112693566947220,0.6226603808003340,0.40167633648650300,-1.2368583044825700,-1.10074477233039,17.142263680078800,-7.663125007346740,7.129904962174420,7.698244994536240,-1.925480050951990,-2.078695188046900,8.125983649232250,-4.303937399387690,-0.06138280809465330,7.011791060539640,0.09942766978119180,0.8522326825305440,0.9055353389848300
0.7196217841826130,0.9858191423026490,0.6555677359339150,0.4207109586159890,-0.5303621909063860,-0.7387306605395890,15.834871010905200,-8.802871862394640,6.881552552161950,5.210779344195620,-1.8759594588672200,-1.9218585689354100,8.976609919906560,-1.8621531167795200,-0.11070780147383000,7.722211346786890,0.18448335616035000,1.1570919996173600,0.5954047625802140
0.7711266733317910,0.8809690016439930,0.6510032562751370,0.4784277776267220,-2.2347937807869000,-0.7002668571844460,18.734748483187800,-4.722156036217970,6.560050965300520,6.75439264458706,-1.1947323813108400,-1.4561372536676200,5.422916469899650,-4.052840745769950,0.18791553998291600,9.764671298126330,0.34339805832889400,0.9282712595801990,0.8228394941282930
0.6980252493232650,0.6899944381276450,0.6285587978842730,0.4292517695063590,-1.0771248681885600,-0.4419923651801030,12.358342594399400,-7.816009573343880,6.8244051859372200,3.2317113660463400,-1.713748110954180,-1.6317693097423900,2.994989967112060,-7.014673001734030,-0.01548961044060000,13.82531700184330,0.27149491470898500,0.9485438723464210,0.7268796991789150
0.7961752324555480,0.8202420437575310,0.6412820587159140,0.2024788841993070,-2.4146435441317000,-0.26514792803456300,21.15085205396460,-5.958473765841680,6.518854266652460,6.222329219175490,-1.2576845622909700,-2.045572275617080,6.784052998021190,-4.119175495641800,0.03269459023450740,12.940700798658500,0.10975224815729200,0.6688255893199480,0.8864819640763750
0.6027125600122470,1.051658818956280,0.6991120406338090,0.5393260684734570,-1.3165586821376900,-0.34521458339300400,8.197065127320190,-4.8334614451310600,6.227481903356780,7.181731560203050,-1.5097665753091300,-2.0521080203521200,7.8357309918526000,-5.727984451051230,-0.09427041009978460,8.294628751600260,0.1901928049802570,1.176264146618690,0.6252316141757740
0.7045506342990280,0.8158614124902360,0.5580737145598930,0.4600014766898820,-2.3832377840644800,-0.5790473079852290,16.052637881737100,-7.434486371579510,6.694251832967540,7.884473906087900,-1.5027146786607700,-1.8277879213728000,4.425541410212230,-4.580464103611300,0.10823898350361700,13.659033524552000,0.13129324165339200,0.7109006814197650,0.9107810769857650
0.7193715472718650,0.24835764652578400,0.6002760193051030,0.44620128423866300,-2.298619627184380,-0.07856123329251650,18.157214495921000,-9.688044572995190,7.057323343893420,3.101543376438350,-1.6353405047214600,-1.8582911024054200,5.062317050456610,-2.478220895571220,-0.07163927323378210,13.076250712303000,0.1993546025045950,0.8798578028995310,0.7243133842936430
0.6601504780803210,0.6130276964152970,0.5083358842136620,0.6048732784586610,-2.2566023906810900,-0.12174048684526300,14.967992927220700,-8.091727122155040,6.509407210622180,5.3788425869035900,-1.8960596514450700,-1.4485125096493000,4.908969295062250,-3.03777233793101,-0.055198498716704700,13.411331169359600,0.4134211021713020,0.9247568679114260,0.6825183711852080
0.7766347699714090,0.9691684372465600,0.6021878693463670,0.4188835891055830,-1.8869587740424000,-0.14612501653105500,19.29868455021790,-8.414596630601440,6.934383543075760,6.552041878083020,-1.8176355509898900,-2.0317906917431100,8.505445749097800,-7.737085702319330,-0.02565618951638450,12.692073868970300,0.10697826714727000,0.46676218262350200,0.8614253526987060
0.6244627817695810,0.8186597514839120,0.5949464970874020,0.6812331066711100,-2.0915825130866000,-0.2026091693278980,13.919885722163300,-8.1260399506816,6.566743579036940,6.101895052219930,-0.6663555303096230,-1.8666328560379900,5.4393688183006600,-5.407283186611080,-0.13212170254338500,10.87661798946080,0.38723193525109000,0.7931436020715680,0.8072462438609720
0.707947746267629,0.6675282234742640,0.5915297391230860,0.447217412811848,-1.4868487626995700,0.014228261468668000,19.61715214913110,-9.248775989235030,7.052001193163290,5.12493980832568,-1.7584363875109200,-1.9936641608559000,8.965716887978280,-3.45181948440317,-0.1324047498588490,13.219728811915200,0.1508251730892140,0.9016525781499740,0.4450389918916190
0.7625628748283350,0.9446335595518830,0.6922564652670390,0.5350384318552190,-1.7579716105219300,-0.5878634203603050,20.49399997230630,-10.28776518740440,7.1339805383442200,3.1859293729611900,-1.0860081000839100,-1.8287528895961000,4.428392435096860,-2.0872309715252900,-0.15368619411899800,11.639025225029700,0.21235534750273800,0.7576713293786570,0.8278166043379830
0.7824296948176510,0.4450619798664130,0.6748696694840360,0.5093866978364420,-1.3114181497130100,-0.9375707278801290,16.016577621259600,-4.5954413589804900,6.718673814762240,5.7467938144783400,-1.8308445851865600,-1.6953799437529500,9.441428722994930,-6.489852436764240,0.1315050882845540,12.905607104479700,0.10475763700304500,0.9153997866076000,0.44851603331467400
0.7711116294172150,0.6999692759003870,0.6110104829405510,0.6596523999327120,-2.1874327481707200,-1.356744152559030,17.85260439762790,-10.676765849642400,6.481804930389280,5.574090475372980,-1.275023620295870,-2.129326014144180,9.53795150570337,-2.8627274693429700,0.15674761973623800,10.93633396646820,0.06773926605977460,0.7549019238363450,0.6064578192575420
0.48966054033741400,0.8846902904300730,0.6244471686704720,0.6121003969163120,-2.0301924716222500,0.29072956221110200,18.39032859048340,-9.550686622281580,6.561735773777460,5.828253426797450,-1.0264001186275500,-1.5636157917354000,9.483006467475400,-2.7002260576203800,0.07017598154543990,13.164863736088100,0.38151020776456900,1.1139714485187600,0.5967340227047520
0.7730234401485560,0.7263076757783520,0.6355627643820600,0.3406966294074610,-1.766009861208770,-0.574337348964971,15.572060925451100,-10.146816414577700,6.545194463038210,6.7340269383913300,-0.6813678693660090,-1.7894288117741000,6.869151528972010,-4.723780087792070,-0.16384012226289500,13.56440844609760,0.3796550902600430,0.8181500020000870,0.5912925248048150
0.6824553766010400,0.7524138568720530,0.6828614167051260,0.5413344840303670,-1.7276654403788100,-0.09682688080697310,14.627299904206300,-10.962238544467800,7.671202258647800,3.692507566576570,-1.370840288672730,-1.3978722570481900,8.015265594643420,-2.4849135566335300,-0.009259810345507210,9.210252552589090,0.5395516458956020,1.1765189933363700,0.7124772315859110
0.7960418696649090,1.0068361824373400,0.6777159276917540,0.6480559197817080,-0.80787348487437,-0.7412983856027980,14.404420010992900,-9.454918578465720,6.339885727833790,4.951767274690180,-1.201387610687700,-1.5244808779369100,5.843854339369740,-3.215353262852120,-0.35750008224791300,12.781075473073000,0.5111966995540130,0.8933850755846740,0.7216209962017540
0.709963060542497,0.8131974052580010,0.6548476771244990,0.5381392113484450,-0.82738001779733,-0.831223134887788,12.377710567975200,-6.149883113876920,6.298812581868060,6.511208375545750,-1.283442930097520,-2.0629016186963400,3.2391257687651100,-5.8151703005236400,-0.12148337096507300,11.026388244295700,0.2094650040556230,1.1428589809146300,0.9603881803879730
0.7326365144386040,0.7358641733305040,0.5509137055034880,0.2622574119948910,-2.1614360968543000,-0.3766459405060300,15.613550812021200,-10.848673374203000,6.526937715316720,6.8726629941839,-1.5748056652509400,-1.486221086451580,8.616771032008160,-1.3296839742026100,-0.1322169130861000,8.506127018641370,0.23594232084922000,1.051435851161220,0.9477352816492340
0.7761506949062610,0.9125125833690040,0.6041226456025340,0.49299979167785800,-2.435057237772480,-0.6165072134691850,20.409355803051600,-8.618054827677880,6.82895170912757,2.5170310017690500,-1.4252141321417300,-1.8431914562786700,2.2217743692504700,-5.473040337239640,0.08118862204057620,13.463072429594900,0.13699935799502400,0.49884026304232500,0.8968118500651440
0.6992826886466000,0.37428020154582700,0.6058765297638610,0.4164443070859880,-2.2156512674082900,-0.5362301271381280,15.517772555857100,-6.538638651133530,6.14195896636198,2.768443769546890,-0.6698506788703510,-1.922587322330020,2.852901443209850,-4.487268959233280,0.031086425945962500,12.493370669163800,0.26010763902447700,1.0605062435928200,0.5669090756431120
0.6271821650752760,1.0341579361744400,0.5759870102143200,0.5750503059852740,-1.7750603949084000,-0.04156811705060220,17.796023677449700,-9.672232432669000,6.694787166960670,4.408706250251920,-1.6008335100443300,-1.5795640638724900,8.559291746109900,-6.625172851631140,-0.14177143415183100,12.052822973377700,0.3635538860484560,0.9279092960464090,0.587330906849205
0.6064242396884810,1.007804749000610,0.6424522080760740,0.5132692257682930,-1.2533396898291000,0.11994543764775700,19.317780019599800,-6.607897965060110,6.766726124048160,5.587785885562640,-1.328951545874560,-1.5064067094141700,8.88968423022069,-4.7947257489026100,-0.07415801127195550,13.899393634791000,0.4688306492739300,0.7747059637919010,0.5178709459968060
0.6891597577579460,0.6231290842156720,0.6058006605627340,0.5453017907857380,-2.024353915529280,0.01638178951772130,16.380587307902500,-9.089068445281940,7.234153854225810,6.2100227128201000,-1.4755377799508800,-1.3896791547539600,5.449068831818320,-4.0820060762570600,0.18763467604707000,12.733744300107300,0.627181712510489,0.9409060141079610,0.6884151361085150
0.7610691084114990,0.9364971735411050,0.5687459219885790,0.4764206192326850,-1.064256740412210,-0.29714199554923300,13.506503837423000,-7.938755711562990,6.006245094894190,4.8769240341750300,-1.1958025524437400,-1.9001441625238000,6.230175685191570,-7.007426784284580,0.11572875162608400,11.678062647754600,0.2789936127359840,0.7145529725639880,0.5043846490193800
0.7941466836629560,0.6782070027418180,0.6400528576191530,0.6119022695601990,-0.8555048369364490,0.0493566204289656,14.523800553222300,-8.305806108305000,6.332369571963820,5.628370126077680,-1.4467768953340700,-1.349980184496320,5.277456549595710,-3.2394958481567100,0.002468750604523530,12.651648304809400,0.9990216401749240,1.0334081446662600,0.715975914748002
0.7519688063615250,0.857264038621943,0.6379681584838980,0.6060036789425430,-1.4672910802929400,-0.6725825415674540,16.551128288179900,-5.344687916168250,6.955319535914180,2.768310621343280,-1.8855708419206600,-1.6092660854928400,8.507112476732860,-5.2070635412136900,0.13438733008848000,11.130683879243200,0.11583520088485200,1.0219161672200900,0.9380882021548960
0.6600852572861350,0.5877818398809590,0.6577369697665150,0.2864925743327620,-0.31845054747710400,-0.299684167515729,16.07672539075910,-9.208016334435690,6.815399840197650,4.105543624298790,-1.4691749011115200,-1.5051190107980800,4.236303765169950,-3.513647194690930,-0.15794983075727200,13.638822864182400,0.6804195055863460,0.9635962321998790,0.8340270283841450
0.759816422325873,1.0359628663186400,0.6209701348991320,0.41261048389194400,-1.5030770827722700,0.10726426452867600,15.651289845292100,-9.118572720701140,7.42767995882741,4.597299961846930,-1.3533905209489400,-1.9519354998092900,9.776770314168130,-3.5177276260546300,0.16401453841294400,12.62384311493330,0.14862090507642200,0.9214561290490870,0.7407690843001420
0.7092235944144640,0.38035586599186000,0.5783087587678700,0.349533711446799,-1.7220971232879200,-0.03344894319330750,16.98092401414420,-7.292880645348750,6.049960841525860,4.093511764453750,-1.8869423858668100,-1.3055154944906800,4.700666140097830,-4.543066622830300,-0.0011220279460812900,13.390428685570900,0.959276130212939,1.1908183733955600,0.6374595805978100
0.7656837443137770,0.7069215482441890,0.6416774202460070,0.6019231986468370,-1.6131436013917900,-0.9293435013259100,21.5153824967614,-8.37519528267342,7.999361309625310,5.422858341667440,-1.9947919031941500,-1.8215977715240100,-0.2900177450570120,-2.249538471135360,0.0552294752080715,12.001627280540300,0.19514444545326000,1.0386552519300000,0.9101541518117020
0.6936116068369590,0.9882135603603270,0.673568264658396,0.6152106217811130,-2.145401821988540,0.002532683872732090,20.10966179312190,-9.685068519390950,6.8720394633262700,4.432469453920540,-1.3903462386788700,-1.3987567299469800,8.001784390092430,-4.169211144582480,0.1640577977257420,12.61904827083860,0.3803149766097170,0.7334629077676350,0.3429229238084070
0.6169461057910520,0.8473112053861700,0.6923320852852410,0.45702292867788800,-1.6146809407839900,-0.004331016849170300,17.84505873797160,-7.459416665156790,7.156376615339190,6.734901168845780,-1.6771087447083200,-1.4970426325989100,9.879604545030690,-2.7374343888365400,0.07889550932751090,10.455340319824600,0.4136410402202710,0.96285419266557,0.7601896215003830
0.6728152666923140,0.9889232995259030,0.6803885876671430,0.438638584061548,-1.3631253857253500,-0.2304855599444020,14.396186410877500,-9.010676928253130,7.178493143343940,4.313795030382640,-1.6986320874658600,-1.5503175207417300,1.0091291961021400,-7.075274737160590,0.004830672342654970,12.628115151666100,0.5089589481925000,0.9956403594939920,0.7567320615560770
0.7974266013953090,0.6415621031858620,0.6521453971605330,0.4559863229719960,-1.6804312979269000,-1.0432341129397700,18.349811367781200,-9.99275841926105,6.6687097566020800,6.504825138438460,-1.827928624998310,-2.0580545299376200,7.357074394602890,-3.1206283327582500,-0.09859685805936490,8.528931524820970,0.11642641357470600,0.4581525286519550,0.91397385528595
0.7844188762010600,0.9192766998597830,0.6449205551052380,0.45895075363084000,-1.619944620530990,-1.9701531910910600,14.273135943658800,-10.642280749784100,6.816340796802930,6.988832607429450,-1.8282848144675000,-1.9071539144232900,8.711934833518010,-4.520204430774130,-0.014864646779671700,7.367987131073320,0.051122202352279200,0.6591482728764610,0.7365536842524770
0.6872639808938090,0.9499641978214740,0.6259742655670620,0.34333356842618500,-1.2574760389885200,-0.3259214876458960,14.439072938819700,-10.695639412358400,6.137215642876120,6.2390945476079000,-1.498348765925090,-1.9867728636932400,8.068599226738710,-7.35617712929057,-0.22153597972356100,9.249097055258040,0.1693869662987040,0.6975604463354740,0.7213850530301770
0.618921678819209,0.28763267966761900,0.5553015152123290,0.4571047029904450,-2.1332403555357200,-0.26175144370702700,13.081609837601100,-10.140852508801600,6.242476327852700,6.531793119596790,-1.9486079348548600,-1.8494992203333500,2.4407634939454400,-3.1785993090264200,0.07734738882370970,12.271824343530100,0.20628620000840900,0.9858270868207880,0.7281083396014960
0.7545311888784410,0.700679026108375,0.6120501811629240,0.3405055400767360,-0.7893042340040040,-1.1339656725011400,13.948460948546300,-10.980711073395400,6.635540803285690,4.210760573788610,-1.9921362092760900,-1.8234396257419700,3.286783133865280,-3.39612876120048,0.15736716216492600,12.808135568607600,0.16948048641542500,1.0136745137139600,0.4343913352483890
0.763829934600137,0.8999496536517550,0.6657337934078290,0.5101836137993590,-1.200536531489390,-0.570627141578944,16.27271422114220,-9.181248521270850,6.648494398029850,4.333747795246880,-1.0704705990400500,-2.0017376479584200,9.022359956360660,-7.316408014323210,-0.014408994492815300,7.421234819113680,0.17640670965258900,0.7609389948641090,0.5761695307080860
0.5850397068017630,0.8633975236196930,0.697748098402023,0.5890817073062650,-1.336446998398020,-1.7813680033001500,6.956369828127890,-10.825306531452900,6.699769870633570,6.770292792916930,-0.9206923753289590,-1.1234875870566700,8.231215136935000,-2.4383251139263400,-0.16195571434544700,8.021704513038050,0.9006446836304150,1.1976704323733600,0.5124190067130100
0.7168369285495540,0.7094916491098470,0.6683164875454480,0.6371801762599430,-0.8751058750721960,-0.6611959190758320,16.377930825140900,-8.94996294578134,6.164025562268530,5.835303053764330,-1.9138348670927900,-1.5791669512840600,9.704715360269110,-4.492527032146130,-0.19900164015789000,7.9382176753268800,0.13188466805073000,0.82299040384149,0.5314540207825890
0.7791715225440080,0.8235500865366470,0.6604172621672930,0.45339958350378900,-1.1160138689668800,-0.3266359466610920,21.29996965303160,-5.937899221233660,6.13248928828474,3.5179718539354600,-1.5028571874536800,-1.6943949772043400,6.135139860910010,-4.871638701297190,0.19561306636355600,13.322552199975500,0.28321019951551700,0.8877230845585080,0.23496616792554200
0.7790129343748820,0.5025746270026020,0.5854169554777060,0.5243984184661980,-1.769157884490340,-0.05792629897386230,19.59930018466520,-7.981236660479650,6.516735538208660,5.996776912757060,-1.5326287965642500,-1.5011276089540000,9.500832094605180,-5.488432341552490,0.13538386767783800,10.409424769681600,0.3366986728146400,0.9305298364972850,0.35188678348448000
0.7103546549191430,0.9508909296606000,0.654483440358973,0.2063917001375780,-2.0965880238642000,-0.31970620329165300,12.428047382975600,-8.963510836454390,6.427208640649810,4.277389539674680,-1.7830443517340200,-1.4228033666112500,6.419428931660480,-3.075543291009160,-0.2519580281906940,6.636285926093020,0.4963555647660070,1.0477766947232800,0.4118154510855990
0.7521194589816940,0.682891820732622,0.6511623169860300,0.30514388339524400,-1.0173451119437200,-0.20849294768826100,18.928573220928300,-9.185404831305050,6.917368789748750,4.646500229285660,-1.5369884674899400,-1.8670456774627400,8.879646720513490,-8.523504497185220,0.09400413622524620,11.761526859996200,0.2067036604132170,0.49054389975708300,0.4861911886210640
0.7773095905328630,1.0693718194996800,0.6816062567656330,0.5294637863243390,-1.0251875262019600,-0.45255184511092400,13.245595827613800,-10.238028235219800,6.936713469057370,3.243549215497460,-1.6228910727875000,-1.687555503918910,8.235160943057800,-5.199054245424980,-0.14022195441697100,6.104019008664940,0.2781300326820660,0.7833079524185230,0.60528189532542
0.6615783770748190,0.692607395991544,0.6789013398252170,0.36365200938936200,-0.9550834461275270,-0.3012745048845460,16.020237184891300,-8.132109978455330,6.458164028945950,6.234705907615180,-1.4847384812474700,-1.8614321433675500,9.015374778911970,-6.680692559831250,0.09102087588478760,10.08199209914560,0.16522250492421300,0.7606333493602860,0.5064658727309960
0.7967986828111190,0.9663084092693950,0.6535007469639300,0.23685105874053800,-0.391773141016027,-1.0979073317055100,17.576869517222000,-10.761847296818600,6.548208728337950,3.5003212484756600,-1.4198743347584000,-1.8239872123518300,5.628448497535500,-3.2214045142511100,0.0033733197561237600,13.124649488835000,0.24258148680274500,0.7725464081751230,0.44940157342926100
0.7233613959000340,0.9843406089076550,0.45656127188126400,0.5728690778674060,-1.3116516264226300,-0.24030231908265600,12.506593918831600,-10.056498117132100,6.4233638449990500,3.8587130059942000,-1.8630038870987300,-1.4432950909820800,0.592651558969888,-3.3113987474660600,-0.06397047984829010,13.16848805664930,0.3379608146513040,1.1548139473351800,0.6395186060533630
0.6387501747661730,0.44642572063858600,0.6980494248453030,0.2857884419282730,-2.4329396333413600,-0.025641185584925000,21.147710802488600,-6.883599891374630,6.562735653863120,6.4065223855322700,-1.471649824848670,-1.88680054139396,9.327353052255090,-4.651913430754480,-0.005530089665822410,12.642560036019500,0.14610020147719100,0.9097664338208440,0.7058988956428920
0.5649135208053350,0.5320074783785020,0.6766196098485970,0.36780707308189000,-1.6237742991353100,0.023913220145272500,16.89500947235240,-6.546547017732310,7.565256715833180,5.34700448838496,-1.9988821337105700,-1.428812753258130,7.57745203988282,-4.499774529229340,0.06632987590196630,13.48226996283250,0.7705139973409590,0.9546521710932840,0.5552908333847630
0.7481964782372050,1.0873488244960900,0.6642901852441020,0.6403267017923890,-0.9020404431787530,-0.020675716526757600,17.399443131021200,-9.510122696709940,6.951554841370320,5.6537954840685900,-1.6089096231137600,-1.3962583916027400,9.785179257339550,-4.419430498711820,0.05142348646778540,12.19704146309640,0.5815227937600670,0.7785383582808210,0.6920178506334200
0.7763910509036540,0.9250395560950420,0.6696534074445040,0.35054520894609400,-1.8586443959114500,-0.009273902179985530,15.570391950022000,-9.690022073915880,6.963518747828470,3.9489199849586700,-0.8190180143354670,-1.3827683657194600,5.187228263035470,-5.504026735359140,0.08994210315066940,12.707965082415500,1.0705746689743300,0.9458204905934890,0.21868337881776800
0.6240797550593440,0.9910367858168100,0.6353083669625170,0.4199024575421390,-1.5688495290977200,-0.03628126590701510,18.771008312656900,-9.899003938255270,6.432177616657720,6.421092561595040,-1.6198089467932800,-1.9671902797941600,9.866668611976520,-3.9506645203870700,-0.39467606591853700,11.079999958743800,0.13960481460309800,0.503085251376881,0.8888579320481220
0.7629917281905380,0.5743732811612960,0.6885992167197570,0.5157467637106640,-2.3758623820668300,-0.23401924246613900,17.93685989096810,-9.692561730139450,6.448255728423650,6.506450945449480,-1.1771299990740300,-1.445682328440330,7.447491500751560,-4.917864830613090,-0.06418935854696470,11.096906067946500,0.2666813447970720,0.6300438298801820,0.7385919760444570
0.7591757163365330,0.38039822502502500,0.6820236384678290,0.49343261574722300,-1.670990163506830,-0.40335434564322400,18.39852147718100,-7.198716742615860,6.379779960325540,6.769295925469110,-1.6687258175409300,-1.5310250586762000,5.507150105062500,-3.1060651074784800,0.16093123742272000,11.354575428875300,0.2798034093249660,1.0239098059157200,0.49157390481636800
0.6061482175078070,0.4334930114734210,0.6523234234175600,0.3357166109058780,-0.9441871578724420,-0.12483465264858700,15.027128041944700,-5.908856270748590,6.480191897810710,3.336738841078900,-1.8202039067844100,-1.8358740739767700,4.9853711468552500,-5.396670922191730,0.10089477602702400,12.504854743975100,0.22684739532922300,0.9782328310172920,0.8848218534375120
0.6581571410884680,0.9129157806696110,0.6551219489567790,0.6863960348787990,-2.1996348639406400,-0.22710910526079100,20.187893071323200,-6.672828774242450,6.001522390467880,4.579582499707540,-1.7970087590936400,-1.7248633982111100,7.220362856203940,-6.697963451759140,0.19977264723710000,10.019130789214400,0.2487754162385520,0.408603914610411,0.6616061126166960
0.5943978973535440,0.982548547477999,0.6893396749889590,0.5790104699333980,-2.252802781501670,-0.274453163980189,21.214309129095700,-9.5826700597527,7.003962999167090,7.611539147549840,-1.9398796233402200,-1.5118901266366400,7.626764873065120,-3.1844361579230000,0.03363293484178380,13.780256036949400,0.4731046623073160,0.2410218589363130,0.9108506162065240
0.7450228293662500,0.44692922114509800,0.6276515611431,0.3638249061107010,-2.4333299574911000,-0.3693235911125420,18.09509583717030,-8.427888461103180,7.62454029062061,4.2916135010266800,-1.2760771942679400,-1.447022903013260,7.492033937888260,-3.495722868909880,0.030323515384255600,11.48291001365300,0.2180215881997850,0.9813959173540730,0.796241748488874
0.7803642861006870,0.6318999586541070,0.6429877686627830,0.2623693108020930,-0.9094043982949880,-0.006667193342904170,20.438213579247300,-6.380820168400260,7.4278608343439200,3.0404279233390000,-1.6089336406681400,-1.4111615298427200,6.099719935956390,-3.860948063558170,0.11043845874785700,13.150307405069900,0.4153158754644490,0.7771275056603850,0.9081402470641370
0.7800857189968320,0.5450730664499200,0.6379138264805900,0.49996912355750200,-1.4935337097905100,-0.9085180983447300,16.294714336420200,-9.027432928369030,6.702751516582690,7.798967723910030,-0.8944463066272390,-1.849315965075060,8.45867834841595,-4.735606033778560,0.1476661664611110,9.320620369389340,0.18867425544395900,0.9301053468314080,0.6998659276006920
0.725719103283637,0.6293861574665050,0.5766984604944910,0.33538737438995900,-1.9890770471398100,-0.5164367635225440,16.336995647805600,-6.715634721131690,6.139412105217620,6.7233151150487800,-1.8267906688608100,-1.7561738365049900,6.4441660293577700,-5.8149422850124900,0.10062926003849900,13.098034183003600,0.12260971587949000,0.7306325502153840,0.6040179489839540
0.7712037435623690,0.8568307311662120,0.639433179056883,0.35784418307456100,-1.9529065861525100,-0.029862807328518200,15.860166093571900,-7.56253443937934,6.910950526130330,4.6351651708560900,-0.9653910223271840,-1.5079894427000700,8.444917569968370,-4.586726614069830,0.013123129924146700,10.090165424599600,0.4016388263736230,0.9657220325987520,0.48910780322760200
0.6767302898694100,0.6518501229565420,0.5418596691250700,0.44036656681533200,-2.2462395215879700,-0.5680077341170610,18.38590253665800,-9.824658752293420,6.299577318290130,5.819689310373520,-0.5600607616782950,-1.8335528724778400,-1.431923491516580,-5.538361444815370,-0.3756558785644810,11.65591077902570,0.4132057285697070,0.7502896585571170,0.7540425574455940
0.7493030732651570,0.6271470840124960,0.6406412789031410,0.30568976325994100,-1.4857626471124500,-1.225371331214040,16.39232803195010,-8.014983804409220,6.644859498934210,4.151057120503660,-0.8704895353409640,-1.641818393024940,3.459861451070290,-5.516936543853310,-0.1751956704881040,7.329839153672620,0.35674275845016200,0.5909802159293600,0.8702067892713700
0.7080204588387240,0.30322426194571900,0.663401673289492,0.6809031225363000,-1.5033529753021700,-0.46919290970009100,14.79514267975980,-10.581109486857100,6.968920950459440,7.606184136763350,-1.8084594366115900,-1.6889875900872000,6.607321317162170,-2.198268977358810,0.015402875474057100,10.417231007681900,0.30150861663898500,1.0269500727307800,0.47748802458786400
0.6367468825131990,0.5694234925156990,0.6173552635311190,0.5248682979664720,-2.486091417008190,-0.23574224434117400,14.100560084618300,-4.382064289268690,6.754075112127340,5.782446736845260,-1.3754189038331000,-1.851096801854190,6.412232338806000,-6.138740991178770,0.1994470816504070,11.403678765766400,0.18155502748931600,0.8963310477923030,0.7686670134788490
0.7115527614355090,0.6520976138647830,0.6304534554460680,0.3299547164126720,-0.8791629916269050,-0.07505505505200890,17.46920067227150,-9.01306365949089,6.326491659606710,5.762990292343620,-1.3568988402532200,-1.799896039403500,9.2428291134304,-2.5182338588930700,-0.20804598443866600,11.395410542674800,0.28990529838866100,1.150294934569040,0.5487024017950930
0.7336833231702760,0.9308484999364020,0.6475135742080620,0.2700204232318050,-1.850992308712120,-0.3368119960594590,10.509280351079700,-6.405946055242640,6.194740930362390,2.18684043908599,-1.3979871771788500,-1.6960874443436600,5.689057923454550,-5.792316712693200,0.1046057747697770,11.973779916801900,0.2706758919904540,0.8039336205440120,0.6762543954889000
0.7834390179246430,0.8582438187247270,0.6880804351792070,0.4352926738683670,-1.5846896126040900,-0.022523783990681300,14.056998272823300,-9.181305990668040,7.674052559746730,4.859380671181840,-1.68976629629075,-1.2418686728236600,5.230017302734230,-4.741236194889160,0.06750003966331100,13.085352799059500,0.6096061642059170,0.9236379761346050,0.6653949735064410
0.7828646402493570,0.572533765516148,0.6461515880021300,0.379203015574647,-1.972934973554900,-0.4494827680651070,19.08141949210430,-7.133039806701840,7.08473800138788,5.383072486723390,-1.0227577723460700,-1.8063781674837100,8.016117477131240,-4.491225655836880,-0.019262847198261400,12.149257888592100,0.18275535291172600,0.7720029689695990,0.7657656852461000
0.6020920710536900,0.8425190926708590,0.6719124468945720,0.4496102392452690,-1.1527496557286300,-0.6919960481368960,15.88996588331550,-8.664512313343300,6.147632932172510,4.705914896269390,-1.0240515093214400,-1.693997611160040,9.645191107098600,-3.950726453234400,-0.14976883317418700,11.060170541302000,0.6777137902019900,0.5390617504192600,0.7450989830292890
0.6231554569145840,0.7262249681447610,0.6791891231099690,0.3260945487257410,-2.027759819883560,-0.1333051523026890,16.57885629424160,-7.796128084475040,6.4014055257007900,6.556391378700640,-1.6756989723804000,-1.5742708250561800,8.886349980209710,-4.038475359960340,0.07933856004530110,12.438553262992800,0.3705349511399190,0.7136855995766090,0.6233121417156350
0.6833444846526750,0.893367816009515,0.5602455027780120,0.24522284541483400,-0.3301325122530960,0.052155590569765700,19.217854703234200,-8.652866670259440,6.871068654773980,4.279653252862540,-1.791697321147920,-1.414924671896180,7.8774175570961300,-3.406666017304720,0.031313444914508900,12.788228806033200,0.8835409731764430,1.0619657950949700,0.8319973189579610
0.7854913270265210,0.9170238861020730,0.6581321199328820,0.42202936666752100,-1.7899988970035700,-1.1901296999508900,15.176422336370900,-9.471697375346190,6.291560204293420,3.66813370821198,-0.9468361947737150,-1.8541488465551400,5.331608023117840,-4.768752302934030,-0.1637988259711990,11.017111117783600,0.19524951924111700,0.731515481625644,0.7894630627751600
0.5166583528839820,1.0153691742815300,0.5773464148827620,0.6038701902823020,-0.5149046417861310,-0.07029448337353120,16.076618221719800,-10.160366157402800,6.675442180249110,5.386933447151000,-1.6278958142628100,-1.770807668030490,9.632746783306470,-4.494728993369200,-0.24296069381070200,13.319549826872100,0.3774002074477030,0.5807935171497100,0.8281931845386560
0.7806471567478170,0.8396544074938670,0.5321770126126710,0.41541003234538400,-1.8494882903889300,-0.3252767887869760,14.54676357805870,-6.13212759490932,6.240694098624610,5.195246100687010,-1.2095058372402200,-1.5468633021181500,9.241006745165710,-4.15904260460378,0.15736218472012700,13.328483322073700,0.13895522272056700,1.1815720883536800,0.5676378403886060
0.6854202783689510,1.0269221539761200,0.5336015178417010,0.648234934692762,-1.4548592375750800,0.28121383407583200,8.215365725188050,-7.436647456344550,6.543129613434580,7.314771611859610,-1.4297411553692300,-1.5328159806577400,9.251674215655840,-5.162509270216210,-0.10672382072102500,7.401982839332300,0.2512814568689090,1.1821875120293300,0.7075664746889270
0.6468070728835840,1.0681996474344200,0.6365619866885180,0.4898899404697250,-1.383649370141640,-0.8149424386344990,16.950082037993100,-8.251184324191070,7.138906045209270,6.90573676796631,-1.117278109909680,-2.0535205144751300,0.6626288665030810,-6.427751444622040,0.006067561790458680,10.421772165692000,0.29595445958770900,0.5935843109813460,0.9174327694492620
0.7139065264053240,0.4600916783927790,0.5909411037103440,0.5555594954780730,-1.996180266346680,-0.22846351795157400,21.253423476613300,-6.9612770395180400,6.815036581076440,2.7695416464267300,-1.6152992509966200,-1.8214979689273800,8.70366803751657,-4.3738483305319200,0.13689036701040500,13.17796918038220,0.16880733115316600,0.6130349846009000,0.8635704874057920
0.7322978455226960,0.694239085520511,0.6944856370908760,0.5321495444875000,-1.9077340362483400,-0.1816591877505710,18.824453020742600,-9.64965399499144,6.054422150013080,5.881184375010110,-1.5653734496392300,-1.4468685337687600,4.033453074363550,-3.003911023960200,-0.21199909436706200,11.526341905722700,0.5893947504812460,0.5501207819066980,0.5757830899067390
0.750482653918947,0.6308257597519890,0.6704489597035150,0.5198759284399180,-0.9106619927309910,-0.050305812043846300,16.33700278017920,-10.598024882251200,7.0946287787505600,7.27800215061946,-1.9492709137393800,-1.4035778823303000,7.017605786964020,-2.877058301099080,0.09800535332082340,11.4165796771724,0.4236967612129860,0.7242354236446730,0.815815915562792
0.5918499206872880,0.9779238349813660,0.6895689966721650,0.5808250469340940,-1.2541869858446500,-1.2080649218808400,16.430163895994600,-10.163596333182800,6.733092801050900,4.143503141641830,-1.0069569263774700,-1.9444458114373500,-1.6383191661961600,-4.580841481231070,-0.10175790762732200,10.541606117986100,0.3260001576233060,0.8602618112445580,0.8946401315982680
0.7325419632532630,1.018893061425650,0.6540916949447240,0.3160450266115700,-1.767922652163680,-0.40120221770109200,13.540145513325400,-7.110756097405710,6.928165393648580,5.948386673861550,-1.3000671384375800,-1.6132943293175500,4.75028194508681,-3.2506688974674300,0.04815412704817470,12.947944828222200,0.28882249177749600,0.8816564984848150,0.737461218286562
0.55898841990295,1.0005156843320300,0.6231249626811020,0.49183225863779600,-0.7238156535858970,-0.022365283950864400,19.19120780596110,-7.197419788372400,6.334039854175920,3.3125335731597700,-1.503831495212630,-1.7535643391456900,9.526903176820450,-4.1508458102418400,-0.10993709111556400,13.285510275172800,0.35000040232075000,0.908717881684233,0.5365578737387880
0.7486721384700780,0.906570873176306,0.592418797466524,0.2827568384229030,-0.37554387682479100,-0.445113252344122,9.861309716611010,-10.224602044857400,6.3524763715317300,3.9426062532736100,-1.8608867239812900,-1.5124938380968600,9.32943961227827,-3.8222480807026600,-0.2196344201700640,11.605824427217300,0.2556986718135740,1.1905981407578900,0.6990358410781800
0.6694731675472280,0.28135189388316600,0.686077467221105,0.4981669383058700,-2.1488733943093,0.09317255719621280,16.77129868284400,-9.774025075229160,7.474047404070750,4.612785012982610,-1.4066181117075700,-1.626154524477630,7.501080807694470,-2.959956385611370,-0.03537913919766640,12.971961322370600,0.24745885901093800,1.061747923703910,0.757927739708526
0.744400811510854,0.6570442257720510,0.590623709762413,0.3980048553792970,-2.024094964404800,-0.5730109896827870,11.388863563479200,-9.289509615542210,6.671639144682070,4.954727746406460,-1.667683801844280,-1.418303434910530,5.565477388763910,-2.8131519021176300,-0.17901694531221300,12.117612163473700,0.2771546998923630,1.1754631905340700,0.9135943602159000
0.7625598691031060,1.0182547932596900,0.6621935595251480,0.4583612669609280,-1.5694431991008300,-0.7410649529361550,11.7014427165692,-5.216975121746900,6.6042084133187300,2.60246569137307,-1.6397438490667800,-1.7039077687926400,8.932878726005710,-7.960396503920260,-0.14637004528540400,9.98612769192602,0.1507581092591060,0.8172171696974750,0.9274124981860930
0.6012852015804600,0.6626761961545470,0.5652727449218020,0.455446168655105,-0.6316200112729930,-0.37422671810203300,14.906517933088600,-10.298907009986800,6.247946181764170,7.207207456966940,-1.8014212217122300,-1.7855305965914100,2.8451742296561400,-3.4893986042409100,-0.044114135791346300,13.04952066484490,0.23451839896820300,0.7961975036874720,0.7566170326899360
0.7045321935172020,0.7101128768509460,0.5969415886403540,0.3923225300797780,-1.387738154784190,-0.2898367282956820,20.10632596694790,-10.301755803185900,6.553330564777280,4.698606519383070,-1.8578330878641200,-1.721935679179430,4.663020747488600,-3.1569288000229200,-0.2392899987226200,11.961513505230100,0.19624348000607200,0.8052525016694520,0.7983147672065010
0.6374963353969640,0.5384557319293620,0.6110095213626480,0.5187653253081180,-2.059370695975620,-0.052864042989982300,15.667929011169600,-9.641728184184650,6.052960809787780,3.21075692616649,-1.4408158092553300,-1.6335206647925900,3.700011723968290,-6.505516077629560,-0.05619389889526020,12.201814622575000,0.32803227778471600,0.8902976560258960,0.48535858767531400
0.7741918038005620,0.6377660362696410,0.6075791240322840,0.21124215976235200,-2.1890679526920100,-0.659125193435655,18.404234406156900,-10.354516132443900,6.336668030434180,2.9854322077430900,-1.2462228905869900,-1.874793699740570,9.512917656903700,-3.2264057828534300,-0.14938472048040400,12.79145873072880,0.14612071769340000,0.9839278493195080,0.4083291742252000
0.7040228260559470,0.810762459898817,0.5850590545437030,0.2723480540189110,-0.5956745038169770,0.007251817687863650,19.665874805228300,-10.514496098469200,6.571294673225710,5.4644989315900800,-1.8124396040038900,-1.4368131171235300,9.161297221367910,-3.128897182331260,-0.3404818582147750,11.698773563791800,0.5820197691770850,0.8836505575432870,0.5709161926225290
0.7381369327901730,1.0599884261866900,0.603851294554567,0.45194095309664600,-2.081882462534620,0.13112689784830000,17.05169951254980,-6.1607703932110900,7.270717406132690,4.610125320485960,-1.5064190398215300,-1.3600937118702800,8.743327091649340,-4.946907776522690,0.09144885479201410,12.334657763523300,0.6100188923146570,0.7455075021411660,0.8793188312656690
0.7885080931269510,1.0864278244876300,0.5969723241921990,0.3129420904387330,-1.8635904054690000,0.23682221412740000,13.58594199339680,-6.813119047078220,6.450897480994640,5.403648065713780,-1.7517446982128500,-1.4029240320657700,9.39208427427111,-4.460685699787060,0.013354038362167500,11.048765285719400,0.5857775525078580,0.9615259059169350,0.48539955066042800
0.6098957756945940,0.9061112814264990,0.6479558146031080,0.581881329835948,-2.2654162354965200,0.08584827426682760,13.400941588133900,-10.080871919478300,6.921279138116760,3.3327799994531200,-1.0839622745575600,-1.4607483965711300,6.436893327566520,-1.4914205896305400,0.01021860909923170,12.231750557013300,0.6569839284240340,1.156606562831010,0.7826422892459130
0.680877546767318,1.0318324390436900,0.6208309436457130,0.4583593487408770,-1.294974358857840,-0.5858778506584590,11.487320099131700,-9.586916505698480,7.0296778441927000,3.271615703270210,-1.5340334498926800,-1.758693623638280,1.1645048174395600,-6.617812212885130,0.06276428924747680,13.981834596615600,0.27485600691023600,1.015641814485270,0.7863828028589240
0.7147128304806680,1.0235746113692200,0.5078007838870170,0.6148169454297370,-1.2495240351357700,-0.5723348818757040,15.02269334323820,-7.435029951314100,6.253520880931060,5.240303301685740,-1.9338869459826200,-1.792283236644970,2.654989894656480,-5.458260833540540,0.002861254097482810,12.336178301134200,0.15483033663485200,0.9451158551699460,0.9971034379420410
0.6746270129676450,0.9707395210288540,0.5907912086931250,0.5062951420292270,-2.226454686802740,-1.4939993258934300,13.963455601076000,-9.266526349782120,6.405951928775710,6.42346160860619,-1.6339272719155200,-2.0766995980040400,7.99479330884649,-3.078783775115210,-0.032307816699097400,6.261486318667290,0.11343453731364200,0.8717076286499200,0.7467570305835000
0.6406335074295890,0.9673418121032410,0.5625304523439800,0.3458518129949810,-1.4405542310857600,-0.1417164290019250,14.629619507414100,-10.470217549213800,6.079018896035320,7.1160122419598900,-1.1261065329311000,-2.0350497774697600,6.306599450330310,-1.8564632004554800,-0.2321617300783100,13.116542485192400,0.26786482456939800,1.066495538590010,0.8360440006658420
0.6576525350249690,0.5205762222539890,0.6304034291709990,0.6870775415335090,-2.3014126688776600,-0.1706393133117490,15.716399265314200,-8.589473373483490,6.790652414116690,6.581158459133590,-1.0287548099268700,-1.809857463263170,7.713982782554620,-2.8358922512803100,-0.09925913376658400,12.90418722574880,0.1966362083546820,0.8178256737620330,0.9569976773024480
0.7818268693625180,0.6475631875412870,0.5897030188524120,0.5164432655089460,-2.291123019280380,-0.752533814496053,17.522632930867300,-9.037966594092810,6.7172827063341100,7.34317336415603,-1.328973854314780,-1.8285121928831100,7.836343419225060,-2.731124339967500,0.008449845214887900,8.198192747610660,0.13851329860312000,0.9595573170850050,0.5412773056445240
0.7688851402841170,0.727262729025504,0.6078492483458700,0.3933050489355590,-1.8517300992176100,-0.9994290337129760,15.10947489515490,-5.730119067610570,6.052060176444750,6.4093981380338400,-1.496039256944210,-1.6983131893394400,-0.2825980317581740,-5.63163227345787,0.08466281094494690,13.6530772727025,0.18541036256136500,0.7728163056188670,0.868831096210432
0.7895880328926820,0.5127713479755470,0.5933048824706340,0.5052711607164350,-2.131930379776290,-0.42575057859362400,17.725615356429200,-10.820436303496500,7.379202471510260,4.015600273712050,-1.616894395464190,-1.4062708888622900,8.247632800579170,-2.8041596952965400,-0.06423198181247720,6.742792573761070,0.22597566825343500,0.7903834759846860,0.9872206237280220
0.767468987223248,0.8329603048954720,0.5983841643285260,0.4860893763207440,-0.255936613006156,-2.300268349764350,18.326444446737600,-4.063679699208820,6.565301300031940,5.058396701569950,-1.645913812308740,-2.1147356024601100,6.7948744468143700,-6.734795973128990,0.14327042229692700,8.775936189006490,0.13793307497739100,0.7214106076757400,0.903809376649927
0.6791263144503430,1.0604309836299900,0.5960234747065740,0.4523834775689370,-0.793468114885863,-0.056350586482224800,15.321590313501700,-9.736354435527690,6.462887226617160,6.06992350543462,-1.4246394650405500,-1.573698903917310,7.257798904368520,-3.342242344212500,-0.22849374263878700,12.671139542565000,0.6481757877201580,1.0815895716883600,0.7766283711941730
0.6739762154451660,0.9273002558139480,0.6509826954849080,0.4021333196357910,-1.0261746052204400,-1.446410008886990,6.936533857184200,-8.05075561960471,6.341332745480280,5.955125242605550,-0.988191402407833,-1.2183678663798700,8.775970123954550,-4.038023307888530,0.13429999086388400,7.0694732881255700,0.7903591771841360,1.1872332586360700,0.5032422736619680
0.7039111110653280,0.8455225483871400,0.6638625551708060,0.31355744309343600,-1.5063495562711400,-0.6703613750442330,21.388186822756800,-6.231933785367330,6.280002235247620,5.184636390014920,-1.404503913116740,-1.8656463045686000,9.746878717183060,-4.905648890917300,-0.1669530716163440,12.08627619237210,0.18039884089275000,0.6290370933763460,0.7241810353906690
0.7914730504129530,1.0815936232883700,0.6113627171172230,0.5438180989076210,-1.0279563925353500,-1.1549348257645100,16.16284675066570,-8.615460071451840,6.797410493126720,6.347308389624160,-1.3981604450005600,-2.1261975484838500,2.9813094466980700,-5.785054376011940,0.06384139315170340,11.135840501960400,0.13615100017581800,0.8194354525888580,0.6192438682746250
0.7908040471035850,0.7363651224313110,0.5511393706034060,0.5376660784244760,-2.497556050646330,-1.5044810176539800,11.88490125058500,-5.6602482616801600,6.678814423126660,5.978817387594390,-1.7577845740718200,-1.4225233490794000,7.91638919273097,-7.506812150359580,0.12020865789388600,12.277664908867400,0.10291835366658000,1.093686568056560,0.7738166175117550
0.7388205542201290,0.7103182163165940,0.5848900456582110,0.6132502650422200,-1.8367434559920000,-0.4481224306928290,16.729108400869800,-10.323865373753500,6.072050571168950,3.0797622017549300,-1.7493328414585800,-1.6749939466487200,9.115917310755220,-6.71335807595063,-0.3280896219373030,11.424030391437700,0.19742458272019300,0.986057059977915,0.41489166388274500
0.7793902097794770,0.620463751978939,0.6621640528672720,0.3458823843674120,-0.7846406246651980,-2.571452320352640,20.68669946774410,-7.421807946785080,7.112744412635100,5.827552072544370,-1.7089699457282300,-2.157680994343290,-3.515708505903690,-4.630854691114240,0.18518703875948400,13.033407537887400,0.09966990233923160,0.7405442967525680,0.9244074864283200
0.7291724618142310,1.0146155907469900,0.6935583083222830,0.3098574535262820,-0.8889378470351120,-0.12718220880957000,20.61787235452290,-8.829860983712810,6.43127936650206,5.679714452595770,-1.291900317897920,-1.8215079271886800,9.318636243963800,-5.179027480152870,0.027061520852623900,12.329387158032800,0.29777977889853000,0.7564524269186070,0.3996307311611120
0.7269187910330270,1.0799555905676100,0.5573559792333870,0.5102883185352040,-1.5984763905441000,-0.17614169059891700,14.55106203267760,-9.569129925136050,6.839442637330380,4.132559698708070,-1.1011024111992800,-1.4616662550428300,1.777795517419050,-6.014447891513400,0.08967142637595170,12.926155599381300,0.614522120776397,1.1534785549494100,0.7212244675742700
0.6780110488969400,0.2825832113062600,0.6390805796184700,0.6240870944189360,-0.8115852352261610,-0.9104181617543010,16.351509139500000,-8.431143266415210,6.568984159405100,5.922166354901030,-1.2296813669404900,-1.6704062967635800,2.3818417702662500,-5.679206225943440,-0.08004694406614930,11.787544721085100,0.3870906316258000,0.7316276726534880,0.7849505224387450
0.7876344698139380,0.720501324709148,0.649391258662423,0.24947964689802300,-1.2472291732230400,-2.875948327197910,13.506417295250800,-8.658934459922180,6.218412538487210,5.113395560215800,-1.64508962800153,-1.6037246037208200,5.956202834494870,-5.305769143558130,-0.3785643636142170,12.42159049259030,0.10195192010993600,0.7117198608246720,0.7587699706196410
0.6366607044803440,0.9269040505245120,0.6546103584292660,0.5802354370388260,-1.891531782851900,-0.3781556307484000,21.31764272372990,-6.778793180482270,6.308817916460860,7.973376241506720,-1.6655230735746700,-1.735409360533800,8.430025999250700,-5.205382710357910,-0.04447362340886770,11.579865734934400,0.27189366801013400,0.3480720562150860,0.6644597972559260
0.7779477037773570,0.43287655292295200,0.6823447042431780,0.32869129101429600,-1.4351676852972500,-1.1283623501245300,14.924791308437900,-9.533446492119800,7.454032149397190,4.023311190849950,-1.795140042440320,-1.8864648536689500,6.951955719618650,-3.8466222815352300,0.15939557883261100,10.1101974826181,0.12025387430748000,0.6200706841423310,0.6492974073785500
0.7461400658586920,0.91120560859362,0.6465061785788550,0.6213913513879040,-1.7398833651836500,-0.2390734768245200,17.481966733543000,-6.504015382625700,7.1552208219371000,7.563776876345580,-1.936602499534050,-1.422736132604040,9.029932894155010,-3.7277264372675500,-0.09601390206712870,8.455948526274520,0.3660918788757350,0.7471384117152200,0.5098306727092430
0.748722702557723,1.0410764481605500,0.671240361610717,0.4200864855156370,-1.2105651579395400,-0.285781063938672,8.886102355607490,-7.2991267095019100,6.758706236176660,3.339972162683010,-1.81631109666655,-1.5629571792173200,7.963956354585420,-7.504442454405640,0.1022343486282910,10.415748420615300,0.2748249753481280,1.0325021361994600,0.6519162776927300
0.7864162500476960,1.0566165895017500,0.600216110992184,0.4740549957084450,-2.4381727883504600,-0.7851669188958690,11.169995766757500,-7.956529896641910,6.8788874848517100,3.2481607270076500,-0.8639960356166270,-1.9644036277453600,6.516607466753250,-7.0524908094601500,-0.08724541932220150,11.34387699404100,0.1259766854757810,0.9499912255209450,0.7107253799339850
0.6970226635412410,1.0086156417089200,0.6195748691585800,0.5743304817963300,-1.702477445542510,-0.42201436543545900,17.67670499222690,-6.5796216133065200,6.558193303019510,7.061659029570730,-1.8101133719524500,-1.7641842726115200,9.304020863014900,-7.765243277338430,0.16149684261884100,10.394434984000200,0.21698650397903900,0.67474890250658,0.4691534110397970
0.7447108279982800,0.5955762275667540,0.5831317706158130,0.4448945651767820,-1.2725844933350300,-0.9739263520698430,19.903082683252400,-8.099832996179940,6.3668444970836600,5.0642441581421500,-1.9585953104978600,-1.9654453553467200,9.690824404997380,-3.1692552003225300,-0.07684078453733640,8.268776565139630,0.11902557109371400,0.8379716886444930,0.6852359966570160
0.6502422444907990,0.6299955215819790,0.598113224459381,0.4719025166492750,-0.7422435772755410,-0.22964495377066100,15.61423726834140,-5.909846995763950,6.233169430515790,5.21404512792254,-1.9324641718173000,-1.833890369788840,7.854050501445360,-3.530297569189800,-0.0955016189950352,10.094412262106500,0.26902977610186800,1.1513522998596000,0.9017948639021210
0.7921750442668780,0.8470501700990820,0.5377769397895360,0.4744999176422340,-2.156307871298270,-0.3463416778115370,17.611618654435900,-6.76493535908369,6.846983716317840,5.728936892582000,-0.9015617040200090,-1.6790335361524400,8.74259081816718,-3.743991672349070,0.11842888790414400,11.844251668327000,0.16453421160858600,1.129834106739010,0.8126678455253900
0.6990230962053610,0.24174526948641200,0.6961991373793890,0.3627038402760780,-2.045690246695790,-0.5317123951123150,19.402464096778100,-8.001734077339680,6.059767215626050,6.902181229862230,-1.7416293759941900,-1.8435557831343200,9.56310747601462,-4.69006003648004,-0.13753779964189900,10.551397706830700,0.12062208638928300,0.883813162843227,0.2986645377813040
0.5655523977756010,0.9351304146088450,0.6440739125461050,0.279674190796655,-1.4838698152163300,-0.03869367574956260,17.548106312497600,-9.639010053742690,6.283784037535850,3.998927934395040,-1.1252658764732700,-1.804806216772550,9.050596443552400,-4.117909701213720,-0.09790874776461840,13.344667232246700,0.3720966602240010,0.6665193252526090,0.3829866184744840
0.7811518750117110,0.9224953952226100,0.6014366911793720,0.5317773514665330,-1.937499905036530,-0.5818426449024710,6.89902478455173,-9.779796281264240,6.25936789626669,3.605273320118580,-1.7966236846114800,-1.650035173437520,8.712757643983680,-3.9164206529343400,-0.2746083188347230,8.402083790168410,0.10083155839480200,1.1289836476301700,0.7936856537767790
0.7177091664272500,0.9735769106943690,0.6160216631716820,0.3918660617339180,-1.9581583768196300,-1.0673358690455200,16.079883512263300,-5.132174153722500,6.361895458813730,6.250201565128800,-1.7105044452761400,-1.9095219709669200,7.439598115050890,-6.466615225826510,0.08787984077126710,9.954456074649800,0.12479579789275600,0.6741056268218280,0.5011599469178710
0.7233697802417580,0.5331638404943900,0.5122499256102630,0.5123733827931170,-2.46649484498078,-0.39691868131946100,16.508187555167900,-6.2365574801131800,6.62145208353631,6.342796736019310,-1.652138358218860,-2.110201964826310,7.525006404499400,-5.385595855501490,-0.1063337677339350,13.75300735823360,0.10526753214157300,1.0262131663187800,0.5565117296610530
0.7552326105913320,0.32611931010344500,0.5874951295065860,0.530429940991234,-1.896254361238860,0.12373892594139400,21.746123757209700,-9.620885573045790,6.132621538568,4.983814169144830,-1.2588488125870600,-1.6672282164678400,9.359884080747170,-2.622862534994280,-0.5263738290842860,13.429905279744500,0.2351346737979200,0.7419401058503740,0.7044504777424090
0.7883605178400690,0.2904295555049870,0.5693643522024600,0.4166278425875820,-2.3717606781470700,-1.8933970563409900,21.996696484079900,-7.2789969478177800,6.052246640312300,3.772226088872720,-1.16525545872956,-1.9903254617330200,1.2948069106033500,-4.390053346516810,-0.11607527397234900,12.425964429839700,0.1269042505866850,0.895636246437648,0.517381634786098
0.7654061616886270,0.6324052057003820,0.6789276692252800,0.4667373765637120,-1.1157550885288100,-1.1096901383960000,19.519330640955800,-10.095328619058400,6.859676522858270,7.18615631574033,-1.6115879462740500,-2.172269233520340,9.486645708536660,-2.3860784940524700,-0.2346473769091580,12.078712744949500,0.09500248754658320,0.8318628676234680,0.827275473944542
0.7088914965336800,0.985725073693958,0.5914119185436090,0.44931847359210200,-2.481657795603220,0.19619296152364000,17.105002422848900,-10.598507590735300,6.026662167524640,5.618662861696810,-1.5939022082792800,-1.6769338810593200,8.736568299052050,-2.546980210610240,-0.05356514278251500,11.144702293913800,0.19070520910993800,0.7503703334192020,0.8425289836851900
0.6330179497855680,1.0246620704797000,0.6371019345439580,0.2769308855290060,-1.882594085390660,-0.3672208384738370,11.51077895568870,-6.3561149082984900,7.0391591319008800,4.487452863099430,-1.235779142545280,-1.7379848417239700,7.723254303664110,-4.620381293576710,0.1920748023082790,6.338797638943220,0.2560345055987570,1.1111458764036300,0.7165346263034100
0.6480443188034390,1.0144103617342600,0.6798883074451200,0.35517205932774000,-1.228587783910480,-0.4240167131197010,18.048349486607100,-8.609865943516590,6.670245114440110,4.571767976947400,-1.024610006733400,-1.6659271481777000,5.82938892214528,-4.827215614220700,-0.1756210809630080,11.142835513444800,0.5760497785092540,0.5176725542313950,0.5728489792951310
0.7340839171708160,0.8710980970876370,0.6436480761128810,0.3554746241447940,-0.5616812787825900,-0.31365554012106900,12.093481958446000,-7.014055245480180,6.642481361156500,7.721213002328,-1.3615837856798700,-1.5413563940404500,8.687100934953610,-4.707704769823640,0.08210718916598180,6.271999599250740,0.6329939375087440,1.1844272253523500,0.417488758347594
0.659911732622687,1.0844605744185400,0.6189130818642340,0.390757227130894,-2.156794573360560,-0.08813677669556110,7.859051084473720,-6.364236198343230,6.799727705975770,3.8268100719657700,-0.9269528966663390,-1.9788914624139300,8.119832273685690,-6.364287951354710,0.16605352241699100,8.140969699104390,0.1870807133889940,0.945049867802088,0.69832193289741
0.729130798791004,1.023081312428970,0.5443543913036640,0.5220901008871860,-0.7484434270561750,-0.6554147072982410,18.008100967609100,-7.8230687396790000,6.61806922261989,6.158686687368040,-1.9856292331627600,-1.9437524148431700,9.8555658686739,-3.827920098573110,-0.2432951903901150,9.982094209895450,0.1631854490285090,0.7126140104178590,0.7654956724560190
0.7586302867943870,0.328029872785289,0.6307603526539940,0.36133031810159000,-1.546913454596400,0.3571525451866030,19.860979401411100,-8.154210956429080,7.61527257437951,5.748911268794340,-1.4848684702217000,-1.810887087620430,9.764832817987480,-4.847885840451340,0.11556446042477700,13.133745659475200,0.1373902859351010,0.7405687885324940,0.8026066264859810
0.7302856303131130,0.8776834896814570,0.6642126136306360,0.37819018294836400,-1.3211683965465300,-0.12307640426912300,16.306955049971900,-8.077238289368210,6.151157164046560,6.209104701689310,-1.236619565423640,-1.6622787982524700,8.200315162120110,-5.7551146667796500,0.16943006919539200,10.100538574942400,0.3244971489753450,0.9961098840515920,0.3501507784852170
0.6676376452703350,1.0176900576677800,0.5904792807530630,0.38033322466843800,-2.401065542009050,-0.04069212045094450,18.212323487577500,-8.47806391625818,6.554595374599870,3.1521806860097700,-1.6702553393329500,-1.55931641240141,7.280487495292420,-7.6835099775583400,0.04181194183564270,12.973983136199700,0.2789133561378550,0.6250211526623590,0.47226486291060600
0.754611243703477,0.45586752125828400,0.6419085689736580,0.4812159117232670,-1.098548072911630,-0.3962007901490580,17.9250849604091,-8.109610916097740,6.142723101343270,5.23108178595821,-1.8250741680633800,-1.9139248603931100,8.306314264565120,-3.184972499849990,-0.3212864388326080,11.718933865769100,0.15971233394240600,0.9645831044747850,0.9435940523838250
0.7939623468909510,0.7142727011090510,0.6773618019543250,0.3212816176469180,-1.2779919406557100,-0.6433026470827480,15.273578199220000,-9.746170667525590,7.372978540452980,7.54289405128856,-1.696272719355290,-1.912774790806800,7.737586848703360,-3.06347634674082,-0.07128507915044880,13.566553833998100,0.1325165788634780,0.6782684730176540,0.5733101482920660
0.7790246474848920,0.5526830144809390,0.6565035937639520,0.3157125177134130,-2.281255154439450,-0.8907468721833860,13.98214422043790,-8.392832782463190,6.349000615961600,3.0049049960509600,-1.6570439440901100,-1.9145799157792300,4.184394260936230,-4.522955729962020,-0.1505276085069630,12.456291129401100,0.11360739385588700,1.196978658823910,0.38931304814507200
0.7255296606239680,1.0885303898252700,0.6465030298517090,0.6285323946664570,-0.2529372277556830,-0.749386070980472,13.580786096639000,-7.222956982425450,6.56818507671496,2.7920800460731700,-1.7367075013568900,-1.916761978752050,6.794137186296380,-4.729007538747850,-0.1718981381273130,13.520871528345900,0.23674398800484800,0.8513438452239870,0.9105307955659750
0.5983323243071110,0.7310537300140050,0.5948805107896010,0.3262057894313710,-1.472357124016180,-0.17965281403952400,16.19284975838560,-5.970740715313370,6.109793073385090,4.305218268250550,-1.8170720534015400,-1.889908093286970,5.4603682743214300,-4.317161117042440,-0.06046354142693940,13.933289439109600,0.20250760832244600,1.0197572266559900,0.9015256223559140
0.7250475781969890,0.8439372556730630,0.6500481992715670,0.47538277899904300,-0.24862018199845500,-0.06089675524952290,14.529737885425100,-10.49279054081440,6.483377738273140,2.6545725137469900,-1.9864172953402800,-1.472598984550760,8.492797691106220,-2.9406178598515800,-0.14116500455374500,11.578187468616200,0.5016894303357800,0.9517332762195100,0.6434743504743940
0.6909679397882120,1.0393039521657400,0.6933210443322130,0.2821107088316090,-1.9139622211284200,-0.3851623157281320,15.815891897932800,-10.643834504886800,6.261433687459030,2.996615239036290,-0.9546531340909390,-2.06340040938817,6.06107636054709,-3.182647226987050,-0.2711052814841120,13.378218358759300,0.1707125909291310,0.6063517034865080,0.4634797226546930
0.7603145243223560,1.0513157381923400,0.6181289079144910,0.565079018914478,-1.7985171922458300,0.11268795537882200,11.6136952397281,-8.618006983402970,7.199437057479040,5.098733278349840,-1.9033095613692300,-1.3668092441024600,9.635206794625960,-4.212554614191510,0.15026662051376800,7.818688683174950,0.2631914116219100,0.7272776640127000,0.8569160882770990
0.6243463967880230,0.7352632232832100,0.6775955778818630,0.5335152073911180,-1.6883773778061900,0.10206495660095200,16.890189359626200,-8.705064583906010,7.219873490387410,6.29264023895641,-1.3954420254131000,-1.4288433685648000,4.629482611330060,-3.636025515828240,-0.009048999552408040,13.458762628899800,0.5996758295147030,0.9681824711389770,0.8964650276686820
0.667795918061278,0.5742640196948990,0.6218944240517090,0.5817241801253200,-1.2010245201092100,-0.05187254137481970,15.291279844954300,-9.771447281444770,6.91030797349017,4.211018764451070,-1.8875341515714600,-1.6284634147887300,5.530989690981730,-3.379758974159670,0.0012429841464403900,12.392675187282100,0.2700667622230370,1.1458223357462300,0.8437624400654560
0.7405917549195210,0.4159856242039900,0.6516302423340580,0.35151460714310000,-1.4870949491602000,-0.6860309745484750,17.33179620093140,-7.0518550115766700,6.740566477298900,2.8264178042790400,-1.2199253135626200,-1.8279712010459300,8.276630527083500,-3.8432657001132200,-0.01829196858314600,13.976452375393300,0.162959361586085,1.022359331214070,0.4631853077635100
0.7350867926651450,0.7633735677374710,0.586120649380327,0.6732150500348710,-1.0288427883256300,-0.21471774774921200,12.50932149232350,-10.71428576673130,6.726685806212400,6.424164179485500,-1.481168484288410,-1.5428229780876700,3.05123645211649,-4.680168224469430,-0.022261582721101700,12.097705398869200,0.5293506092937970,0.8310035672284540,0.6956445601088170
0.7713711268870710,0.7805096862194150,0.674383468044444,0.35686837614998200,-1.6575899144270800,0.015934203834439500,15.619408465780700,-7.175443336662510,6.254496703599770,3.9659586535566800,-0.9720012790546610,-1.3773203169327200,7.592278455993780,-4.481626591584430,0.009576698072656900,13.02119791947550,0.6848841646384580,0.8886756962896580,0.5549019683022140
0.7734930940364610,0.3861409503840150,0.6293345479043300,0.4571063397928300,-1.3839567271322900,0.0598698974830906,18.00475752154490,-8.05966757713426,6.713457731455580,5.295534434679670,-1.5945298619167600,-1.228510581508470,7.858779279505050,-4.6225104768594600,-0.0448126605338077,11.694285565352700,0.4915217750766160,0.8160260787098930,0.6444025806707080
0.6260034798710100,1.0366912272512900,0.6909765864532950,0.5693202713644220,-1.418676774507550,-0.07828859596819330,14.252402247473900,-5.478974503838230,6.909580349670650,6.306157395733150,-1.6045337012798600,-1.8755369474504500,6.499646053297090,-5.66234096216659,0.0243488778155998,10.292490897049500,0.23393824289778600,0.9020203848789920,0.9271283747064060
0.5767504100481050,0.7305630123453300,0.6065798645020080,0.22015046317543100,-1.607145189224240,0.11184581694763300,20.109034612439700,-7.814140456820640,6.120890821533230,5.56422249322846,-1.37227452720645,-1.4469139054828200,5.001648535229220,-3.3515308728938700,0.014055723423048900,12.055804874099800,0.9000870323428750,1.048501728294680,0.3499762311319680
0.7657039522920840,1.0465776504329300,0.6241031878936190,0.4461261510216880,-0.6141189569410490,0.14846548463358200,18.179555829937900,-10.681817921757700,7.411574967029260,5.814379375015590,-1.523638444963250,-1.3427930401373700,8.935829445274720,-2.328805761559120,0.08261950651623570,13.948249567248600,0.9636049169121520,1.1308692639498300,0.5738930899857780
0.7238166169788490,0.7850171578513200,0.6519282804067280,0.45991323426162800,-1.2845225419219200,-1.0574157028107000,21.828791833025200,-9.903034105603000,6.226153930875010,6.330283137423430,-1.7496838191894700,-2.12990063029833,8.534417103501110,-4.2381379070534500,-0.2318960843584480,9.235309186415240,0.10855560713003100,0.45467641127110500,0.8851669578936240
0.7943833475974100,0.5193808391165850,0.5239438269120630,0.3257147314833080,-2.0270519727651700,0.04327711955311480,17.674482447369000,-8.566030881732530,6.02570030859683,5.41337170007556,-1.2068754069908700,-1.3623621631183600,7.511034775218540,-3.9209233951579300,-0.12319247967852900,11.678336906227100,0.46541326462098500,0.7421714137187570,0.624852779493252
0.5622843027008200,1.004820243054330,0.6578408186450660,0.3782226455679690,-2.335616275602700,-0.33055672236467400,19.842927903684700,-9.424667876551060,6.472550263380930,6.562589493209410,-0.5422436952590490,-1.575545099899510,1.2510712430985500,-3.3937808797487200,0.026285881506304300,13.187852740325000,0.9026323362943230,0.7824004912091520,0.5344481666462620
0.7355168549001610,0.4259803666413530,0.6788575815768640,0.30955519042681800,-2.1114564186400300,-0.9580273181739780,17.094818544463200,-10.249890945024100,7.633916042538340,6.021244136017110,-1.1983835959589200,-1.9892274087556900,6.462780533488560,-4.0110366832143100,-0.054069629994798500,12.10286390035930,0.10980170476087100,0.9100055887392680,0.8928865726883260
0.7931814832407790,0.3257007183150120,0.5694355108587200,0.3730854936004570,-1.0901104933684600,-1.4101202409765900,21.987930170251900,-9.302637082051260,6.31622840354368,7.560662475013870,-1.8993625395473600,-1.807911127923700,9.229561780802150,-4.758830761131250,-0.09791603353637600,7.710526694017800,0.06444107897950870,0.47857634311780500,0.7869121087381750
0.7086839702278730,0.9863865145324620,0.5868953547616100,0.3812133930780650,-1.5129429268659900,-0.9421662023923630,19.21681402209560,-9.077721283126250,6.775890471618850,3.4177513134633000,-1.9816716769459700,-1.7807283567778000,0.8114369482701360,-7.543199758710590,-0.006814035589829950,13.414431350197900,0.17601668063129300,0.5095334069648120,0.8582469489925350
0.7561976675523000,0.5219584629703840,0.6576434629667220,0.5981193831201620,-1.9056874615861100,-0.23437999706769500,19.88811299913100,-7.023212355807040,7.149028344860720,5.942431637720520,-1.1742423631435200,-1.438913407279340,3.6327030529772300,-4.591956384578710,0.16064141711369300,13.005780102838100,0.4037704769522420,0.7423909690192100,0.9187845755345180
0.7949882043278240,0.7488898430775750,0.6603894664428290,0.5091929840240230,-1.0781573384722400,-0.35231677132886100,17.128881055644700,-6.690398469640230,6.579542965757320,3.7559622966860900,-1.9596263214737000,-1.3858775441905000,8.158478558087580,-3.860618195242940,0.12717855250987100,10.515754333146400,0.4534133257694160,0.777561895855723,0.5161223054636860
0.5464675369054540,1.0505174419171300,0.5856437717210130,0.35964749347696000,-1.9202382259940100,-0.07795545188922460,13.184033323649200,-6.094696884046100,6.194348903652720,4.304531618123980,-1.0729847727282700,-1.6653929963998400,3.684422028128050,-5.07734750879433,-0.12729538893821200,13.37876800235690,0.45078724272381600,1.120884191164030,0.5735552714778970
0.7993942087794470,1.0587601606300900,0.6614047141879850,0.4785631382408020,-1.3754634286017500,-0.4577126766483810,11.023296931712400,-10.979807945429900,6.671178358213300,3.85533396544963,-1.013698753357190,-1.7356687379451300,8.566775715347940,-2.5225809045088700,-0.43846867845249100,10.784118796692800,0.3620592945211740,0.9279622972807960,0.6588694533447610
0.6336386309853650,0.9875917963731050,0.5588653667893070,0.4983522113026930,-1.6403728947440500,0.1426458371056400,20.925096107865600,-6.741932924376180,6.419909569110240,5.107482230056200,-1.8043217755830000,-1.664489410339790,9.540693439542470,-4.238126144550430,0.04697965893786930,12.448823250263700,0.15617600149943400,0.9768309318943740,0.8341473518641600
0.6654914282337630,0.9037256339603970,0.607271887048139,0.47090132552470500,-0.9703079423662290,-0.13675289103319600,18.67917943388800,-10.37688761667130,6.3269373267751100,2.087986429999400,-1.7110425260056500,-1.4911243854270300,9.232170768533690,-1.5384249022876200,-0.015940906571370800,11.500944775125200,0.4945682350017290,1.0230894399878900,0.4331492330695000
0.730362074498618,0.66719784043347,0.6245391785700660,0.2494548055252330,-2.2375653632865200,-2.4778141374967400,16.812672109231000,-6.460707871678110,6.239391312446660,5.290730696447070,-1.4440615590959100,-1.2597576788769200,-3.4452037003583800,-5.135460156254510,0.005970603996835830,12.522433092310700,0.1731767716209210,1.1815468182490600,0.6952560529940570
0.7088609753034420,0.8373751387918310,0.5678334021285430,0.31717653173771200,-1.2163394111966400,-0.311016610554237,13.823518006941800,-9.99303439635006,6.683533873697450,5.809401816420600,-1.7783262183129600,-1.609366448595440,4.423109589218540,-2.6736220259186100,0.14194343020517200,13.579296923967900,0.25050629144317500,0.9408630844879260,0.5494980094823640
0.7199635514643750,0.8181558668564050,0.6768737477869300,0.39307256992854100,-1.3431006311919400,-0.772388437784008,20.479635073827100,-10.458753757281600,6.433049176437830,4.310353890814410,-1.421729957036010,-2.075576489686320,1.8582780360043400,-2.051008311573550,-0.2839026340373840,11.70530593803030,0.23593371394455800,0.9406451888853240,0.4804348655921950
0.7217563407082440,0.31334097671173700,0.5805517031465950,0.5375427523528940,-1.7060583679719000,-0.20499926815518800,16.86654905327550,-9.812266643602440,6.196659688970500,5.000753751506290,-1.9210913329734800,-1.4781202501336500,2.614748504255190,-2.945969004385710,-0.18352325089663200,13.326889078671600,0.2507770400872170,1.0340275389166000,0.5760720849341060
0.603722280333591,1.0843697452125200,0.5934018470416850,0.6727988918265520,-1.6716535312835500,-0.16511620813217000,13.55493767804010,-9.237993088926280,6.352389140137080,5.482159643386150,-0.9503205628788610,-1.7115476587367500,5.0820072348362600,-4.398542207401280,-0.35271757019227200,12.105162202734800,0.5099036336503360,0.8700686915642790,0.7991743357700650
0.7294663327187530,0.3263087488183500,0.6931895625512250,0.25804608620904200,-2.1371975217942100,-0.8784613733448080,16.88819765154260,-8.214214506642050,6.3552987121945,4.065909713595870,-0.9069552894277340,-1.8399378030123500,0.7312787580647540,-4.476446982851760,-0.020528090642192200,12.72276212381330,0.17553038726277500,1.1684182308744000,0.6025707268563000
0.7211484574493310,0.5539145186426660,0.687103372803384,0.6371251150751110,-1.9949004695482900,-2.3718247582705000,19.570781744137700,-10.053265503837700,7.074361636144710,7.120573773429300,-1.5836639085163800,-2.163123118553430,8.780169363568300,-5.026511901795070,-0.035825095210803300,11.775017913221400,0.07957896821933520,0.47342873389226800,0.8484101691930860
0.6105586485922390,1.094862017749040,0.6665283227306320,0.37299261735114300,-1.7132714935429800,0.0981534014836896,7.955211111226410,-8.226429588443630,7.238667171444300,5.291811141116680,-1.1726443611833900,-1.445392994074500,9.665944688262720,-4.858174930780730,-0.19269473819693300,10.547275304937100,0.5457975860617810,1.1069255204169700,0.94216640301446
0.7818569498169450,0.7225377068374560,0.6569691474196900,0.6260555737712620,-0.9664503180743020,-0.23995897409212500,20.71137499876310,-10.077143977123500,6.730870505108370,3.7422163989242300,-1.3671668742050800,-1.4788186123011200,8.855519160344000,-6.635208116185440,-0.08083284778476710,12.62019905825980,0.24022545715697700,0.552501797234955,0.6765527746989910
0.5133219879645760,0.9651165010800420,0.6538271720209660,0.4899166034223290,-2.3760077228816100,0.011694416520200400,16.98473038195080,-10.936838396623100,6.398264425977690,7.561283609360580,-1.6538636446510000,-1.5784434309008600,6.993750415571250,-7.770093790767340,-0.1851847733170530,11.376940962223700,0.31098034431226500,0.7951274897462810,0.5367867692778460
0.7286538761951760,0.777507800772411,0.6262545233232700,0.663765319470987,-2.1456149957555400,-2.136024490088740,21.336544509966100,-7.2719611026186000,6.330193520516770,6.344730614518930,-1.7858674857859900,-2.166351975712400,9.846370682415980,-5.940777781988750,0.017337254893283400,9.275430727989040,0.06342865565022270,0.48007731104280600,0.6257115097269490
0.7503563625055660,0.4143209373148950,0.570301229476577,0.6232026643254680,-1.0307897691099600,-0.3607957869757840,14.790376454731200,-3.422279314467460,7.044582500843880,4.033877074511360,-1.5105541164044900,-1.502193631659550,5.738343099580310,-4.819495436651840,-0.008042101002892540,12.62305225119850,0.37913178230530300,1.1617916297476400,0.9557376867835000
0.6907095113012680,1.0169269836541300,0.5776616240092090,0.5704169813241220,-1.2249946750546400,-0.29427032782398800,17.708038813469400,-6.51941683490593,6.629930888557990,5.439700828772760,-1.7222773135867300,-1.9953414989832100,7.420482821114470,-5.20415502551724,0.08765069205782260,12.123855868849100,0.15998061855127900,0.7521198038555750,0.9634907155986620
0.7679239657877710,0.5877701399050670,0.6704758227894940,0.32065558547181700,-2.3231727512651200,-0.17437915601522500,16.5628134866644,-4.991641003921330,6.662095018338100,4.756129193012290,-1.6315316381235200,-1.712394376506820,3.8162799980654300,-4.143694265531050,0.13319997975571500,12.22752870056090,0.20927656806894000,1.022565486583800,0.6747520072472310
0.7783125435753250,0.2852429220894900,0.6238344219637890,0.45439311531099300,-1.637282554637330,-2.5308463087522600,21.906254277182100,-5.057905534960720,6.794139771640640,5.650138773517970,-1.9338371968140400,-1.4965642324430600,-2.5570871176771100,-5.0239725743347800,0.052826554440243300,10.883321511497800,0.13507769556514900,1.1078415621904300,0.6063993866677560
0.6728168673534250,0.7755006523382580,0.6784141602692340,0.5371213842204590,-2.1024330744822100,-0.2717773473575040,9.860076758152550,-5.708492562830680,7.109657143446330,6.594306379185510,-0.5063641760473320,-1.5820120122222500,7.317190989886760,-7.161322168048850,0.05565364997397700,12.261491020463700,0.9116837637870030,1.111305198837860,0.7789480871382290
0.7670638939747210,0.9595251654396950,0.6060960259076920,0.37530772276771,-0.8017838766294650,-1.1971989874863500,9.490978850843680,-8.6809185825953,6.43903977705185,5.79535898657697,-1.6754165608663900,-2.177665638220520,5.832493681997690,-5.019799755772110,-0.1174858109348710,11.019994294244400,0.14923925091735200,1.0138746769131700,0.6252254162650850
0.6155729949459800,0.7413464877850290,0.4921612494367400,0.3943914061551860,-0.858514407826092,0.0924604227531485,15.874151623467100,-9.884618613469130,6.27664760577962,3.418513468687830,-1.7332571267862400,-1.4763706952810900,6.199597438801180,-3.818951607691160,0.10685451579729500,13.480920179315800,0.5865357200122220,0.5980667229464300,0.9129027466276570
0.7735600453220300,0.3115127194958290,0.6106156816031560,0.3145688102582710,-2.3848121626560700,-0.007916346104578590,18.141364578211400,-9.934279748964900,6.748022008933580,5.600223913310270,-1.4597642790314400,-2.129731388780430,7.46790337011787,-3.3770346375101600,-0.08776997716094150,11.539262822998800,0.10273252050540800,1.143251600931220,0.7157546053262760
0.6213692606157910,0.48443437165589400,0.6396032847988950,0.21192793460406500,-1.3562708152125000,-0.04666809213220620,15.780891889339100,-5.332625894179310,7.28048657026475,6.0640318970620900,-1.081470270197130,-1.589950805387210,4.686226737043970,-6.5286252651101400,0.11496251065767000,11.992340753112800,0.7714492739180170,0.7112601471332170,0.6404999599399630
0.6777414429515980,0.8372609378952790,0.693928003243735,0.6379516864054040,-2.2505164658059900,-0.16077249812326400,16.617169947544900,-8.234757109937360,6.432903569388490,4.526900056619590,-1.016246900215140,-1.8243086070507700,6.747280218300440,-4.836777622616280,-0.42771790991007700,13.806099420172400,0.23926997448857000,1.11985571207677,0.2570621370840870
0.7542065457093770,0.9640322728630060,0.6895702258310680,0.6159475022206420,-2.2991844390960100,-0.3169714544424330,13.377066525669400,-9.022844375452180,7.1310582505888600,6.488247220637240,-1.9192320377248800,-1.4888053576819400,8.789118210089080,-4.014863201481700,0.1780406527051980,10.612688933641300,0.17971259528609800,0.8030648521240790,0.6793652303397870
0.7789867358300430,1.0944349373747000,0.6780084116894750,0.38362207760975400,-1.0888483046318400,-0.42363698397603400,8.499487308860060,-6.757764295797840,6.390898627678910,4.9026315913521300,-1.3639816368997000,-1.7084309416436000,9.258949151999280,-4.117404585498420,-0.24371695749191500,9.36950136793551,0.15098245563764900,1.170877993649060,0.8976807742808670
0.7807124028329210,0.7714749793606020,0.6891455679865870,0.5091437223297720,-2.3893776717842400,-1.2700264715381100,12.898841900972800,-8.450793739924710,6.507642434442270,5.453534460707520,-0.7665015736658030,-1.7313023204526500,5.132165603596260,-8.08104380367112,0.14573729551659700,12.667937683830300,0.2031957524153040,0.7482163405005280,0.5032990792159910
0.3691738018640900,1.0409624494214800,0.6578343370927300,0.48704263667990400,-2.3343230435917500,0.21159812618667400,16.730036185593900,-8.714124565097630,6.796278991175630,6.013349389476620,-1.6459356778677200,-1.7112664794451200,7.999423991695260,-3.613200290963700,0.01765163562563820,12.091091331565100,0.2792189794868460,0.9991540277973490,0.8438342357383810
0.771543276810523,0.3102553267555550,0.6755193274226320,0.5370328098898390,-1.323932966902280,-0.6682908246136540,17.395692407764100,-8.250337845826980,6.23517856492119,4.378129017957860,-1.2022891965193500,-1.6176636392053500,8.134353976419970,-3.45134506089515,-0.24400957783500300,12.86450752583650,0.17907249675663900,0.9796211687997140,0.6896279688212200
0.7538968167237740,0.9006991989704030,0.6042533621083790,0.3136384724630370,-0.4000978159405320,-0.7969673132633790,14.140298781835500,-7.928984437805500,6.781413769275790,4.495024242610790,-1.8180709997062200,-1.7833795701988200,8.850005442283660,-4.752082231717200,-0.12770828921190100,8.558419681871740,0.14228193586246300,0.6165037785548030,0.8268132514185710
0.7738073891104760,0.952482619276355,0.5552946035616560,0.31489050356039600,-0.8558972844158810,-0.36943473641949000,11.53513425013820,-9.536249066200520,6.11818538234925,6.230063508774560,-1.7993272582412700,-1.4403027308235800,1.0352167950624700,-2.559049917616440,-0.20544680467976000,12.469182654178200,0.48063522614295900,1.0326402363319400,0.725734329770333
0.7457016532396600,0.897859735299102,0.6585496174013140,0.3379368334987060,-1.1657683993736,-0.3805441573150480,13.691944603355900,-5.221272130135510,6.784103083819550,4.340355592957130,-1.4567087169747500,-1.723121299804780,8.655884919545060,-4.474629940795250,0.03346583096883730,8.681603705982850,0.19552058709874900,0.9432837248852810,0.8762103764179310
0.7299282977410940,0.7001646391837610,0.6943468109250580,0.3355769417780460,-0.9786334661215170,-2.890293476229650,21.174275432637000,-8.368596723720420,6.938467394435850,4.574090654409180,-1.988168958267720,-1.9131973348798900,-2.0840717739771100,-6.714754060673840,0.12605208675461200,13.323234066028800,0.09397550186832490,0.6560191646446910,0.6012406872043150
0.7117112997582180,0.3128066733046820,0.5816008773218440,0.5037455948436160,-2.236422248011170,0.05490736225524400,17.328731926112200,-9.695586397700880,6.443460808203590,5.986901895937440,-0.97845064290157,-1.4076497571297400,6.575155218165070,-3.1409766766108500,0.15810236019846600,13.312715577389900,0.5172085828601390,1.1830267811512600,0.4294549419109700
0.676984314837984,1.0509006386009300,0.6805735426397250,0.44598945864402200,-1.872463772543400,-0.18508807746083000,15.259923524353700,-10.45239684890790,6.965439133814160,5.080492924692710,-1.678932410697250,-1.5403744291929100,5.732447616402220,-6.093570126396740,-0.19608753195364000,13.440909084229000,0.3731164563826020,0.7316497472720650,0.6322535145491300
0.7559237694026570,0.9661422871513440,0.666487411373053,0.33760601250081200,-1.7892630363313600,-0.5843779413769650,17.65224614347270,-5.2910564848062300,6.760123912415370,6.29280088525796,-1.3616162216847300,-1.6507105700367900,7.787268942115450,-3.4341922658056400,0.1659013547851230,12.724994911944300,0.2856652229785890,1.080886793239090,0.5147536702707320
0.7829439422120500,0.3344029882090640,0.6445819806941620,0.5591698288480060,-1.4807224718172200,-1.8073501783428600,20.125722471803400,-4.576225856973880,6.837479985251400,7.8623675866737100,-1.473811300490960,-2.0995117442563700,9.087995568841920,-5.880167857674160,0.07633537701399070,7.666761388898860,0.08668712102596200,0.6841435147570090,0.8685491293519370
0.7589792220624020,0.8779058413040080,0.5836957271761950,0.6899223742061880,-0.6530329617078560,-0.17431202885126600,19.00254053863330,-8.04051160814126,6.757174790537710,2.590609479743560,-1.8850379555454500,-2.0062043163943400,9.798494990024430,-5.407536477185280,0.00533331917120905,11.259865872741400,0.14309120063328300,1.1767448493111600,0.6366541165927590
0.7082799346140550,0.8210429545429850,0.6402487750027880,0.2918843937828000,-1.7156267885837100,-0.48080475962494300,14.347231541954300,-6.418324962596980,6.2237351501571000,2.5691125152522800,-1.7080313524693200,-1.9276387052681000,7.404610590828070,-6.466852836163340,-0.178785926518252,13.799484685481900,0.15280785421478000,0.683931140320084,0.9975037644531700
0.7545081872232370,0.9740656995595180,0.6434134917188770,0.6009337566070940,-1.724991610658390,-0.5007319410168500,20.716819791206100,-9.086315314517270,6.759132078062780,4.846145329403320,-1.090624387498700,-2.1402549685440600,8.542525283564510,-6.081918942093140,0.028986373800998000,12.606332602308500,0.16647362125337900,0.4275952133464260,0.920628564057104
0.6729254838441890,0.8649686491094470,0.47792244504317200,0.27975810589276400,-2.3800113924272900,0.04187905052554090,14.136213510729600,-8.00303321454079,6.090793754048230,5.701424828554730,-1.911678493281370,-1.3142278561645400,6.897453010300780,-3.1475586095229300,-0.2711724277626320,11.84507737798400,0.6614401769533460,1.1788563775533300,0.7842376348280670
0.7695333677878,0.9279779676107820,0.5440673267550080,0.286401867092745,-2.3612482345567000,-0.9075637413417710,13.254361336374600,-9.073369575154370,6.2035727814038500,6.338728194587660,-1.7430455553218800,-1.7983701844990800,8.07000362402567,-3.91107868479385,-0.4132833569542470,10.997819164881200,0.14712997333765400,0.8644326430430550,0.9041065213770930
0.7963748749537630,0.6704167966449410,0.6498600047747920,0.43574317848656300,-1.9672192553874400,-0.5658722205292570,16.228819572043700,-10.47474658688640,6.64606688107427,4.828605952260670,-1.3291986495778100,-1.6053052655355200,7.672398337569740,-4.44801057414533,-0.18401487663179000,13.135190366521400,0.2587968470098400,1.0888409171281500,0.4191794411316460
0.6315568976104060,0.8504626945585330,0.6500628794540440,0.4157840822991740,-2.3427928182757400,-0.11478547448995700,17.214782850696700,-8.809441505129310,7.105283131318420,6.30778894815775,-1.302652998167230,-1.5735296249065000,5.81854128507359,-2.1433502250690600,0.15294768553997900,13.045133915058600,0.40699771551832700,0.9323070536745240,0.6924934255745090
0.7400627778942380,0.20267146799222800,0.6768222136942060,0.2250090423932480,-0.40950914132624600,-0.644976854652154,17.332544859348600,-10.987298758773700,6.092599983192580,3.490508777495250,-1.7044647113143,-1.5968659128141300,9.310130248358150,-2.3304819870333200,-0.37908658123335,6.075796948951830,0.3334516435848410,1.1265926185125700,0.359689007123978
0.7040077429848140,0.5386776682978570,0.574355167007504,0.3537985769180540,-1.9658095146636400,-0.05355732188839090,13.579141518200000,-6.030127722025660,6.28249131482754,6.823489924807510,-1.4723662170129000,-1.4207641226997500,4.552916757550530,-5.121534280736820,0.14942748069941500,10.372268813672900,0.5433403602618170,1.0229985909160000,0.5411913147609750
0.6939140376923750,0.9913190853920660,0.6290456122053830,0.4825176649395180,-2.290539144443600,0.026440350243880800,15.970456257939000,-7.371686340729000,6.903662543135910,5.063128787605480,-1.8627297137419100,-1.361287644031190,6.1951632127461300,-3.346006440254180,0.13355314021826200,13.639356753902300,0.7689253631920290,1.0005647182178600,0.27526013891807600
0.7996741208707960,0.9419880739406120,0.6784578303588220,0.5756212537499950,-2.0323865918133700,-1.1778341696021300,17.02259391468010,-7.816473916155100,7.1482936286629300,3.0293382270537500,-1.0191677130045300,-1.9654357378684200,9.698687083584300,-5.561310529883560,0.14724268563223400,8.030732115304150,0.1355336011467080,0.6476187422449000,0.7079700531740300
0.7971807784179280,0.8430110280087280,0.6294050748511140,0.4195832703042620,-1.7442592202403200,-0.8019468837468880,20.093040951341400,-10.350123364978100,6.047881996718630,4.23328713336724,-1.6631031362730800,-1.4871148513724200,0.8337011216672930,-1.786361047707720,-0.11075388454247400,11.824502718563100,0.198816214904876,1.1048224559501900,0.5849099869703370
0.7618835761207160,0.7503321088593170,0.6460645053691780,0.2759149003133820,-0.3866373965994080,-0.16398643241366500,13.9123743243463,-6.638976216718600,6.486643140192910,3.759871211618700,-1.4779317046487200,-1.4139435753090500,7.364506733097310,-4.918341033867590,-0.11700883767249000,10.186607194205500,0.9989886357770930,0.7806110281697850,0.4879941287516640
0.7521516205906880,0.5818647461482730,0.5458951600699290,0.6442472747812500,-1.459531952242720,-0.6251957243166270,19.17629199911020,-9.523235292604450,6.356541112292990,7.488928919012750,-1.5822310002715000,-1.4615453274622500,7.124245265147500,-3.006070088483020,0.047299750836660500,12.63273382577730,0.1369753600776930,0.6189278242098490,0.7566327224970970
0.6964011885883450,0.5928976780367260,0.6478086295027830,0.37818073779935600,-1.8807555695902400,0.11421103439860900,19.39538803028810,-6.740490331337420,7.320368289849890,2.293915611334070,-1.8507399285247800,-1.459907207351160,9.674589069253090,-4.777844974438880,0.06713425795788990,11.207958127817200,0.32694318609755200,0.6687983288219380,0.7955838203964170
0.7370175092303480,0.510421938424074,0.5978873125963960,0.5164867370279900,-1.539875948855690,-0.5429570893133550,16.567332576238200,-4.509764500174090,6.341550692576290,6.773531323487690,-1.9295720138877400,-1.5738615405989700,8.6251411685339,-4.569160537880730,0.06473608276494930,12.154266887583000,0.25432136617551000,1.150236476063640,0.6019597110763610
0.6980897978606630,0.9287300462857440,0.5805264770570600,0.44034742958176100,-0.9005060291840460,-0.480820415710418,12.432136901088100,-7.655203907057040,6.330388160910430,6.422007864746450,-1.5500781995065000,-1.8514216936824800,3.0168646049300600,-3.715110194279190,0.05406926273226630,12.558632648994000,0.28198206422879200,0.9840925230206330,0.8416840110536320
0.7585160289488570,0.8123574011520770,0.69924707891779,0.2757207482637110,-1.1253787800864500,-0.3293970539009250,12.315890611749200,-10.113631269555300,6.909596646499740,6.338306193289160,-1.3865070362957400,-1.4451504556279700,3.2789048091796300,-4.496347651375170,-0.19401702376487600,13.508713662447800,0.596160493978588,1.191900852906460,0.3836479893648340
0.7072283701632900,0.5311958914650420,0.6425790478434350,0.49831640765879200,-0.9885503581446480,-0.497952784312642,19.74573207949030,-10.141339893211400,6.698467690636010,3.8570852853274400,-1.5387592135592400,-1.9766529322043700,1.9662987685166200,-5.677553940938600,-0.17502384315993200,13.720569582984800,0.24076913935134200,0.48854668945121300,0.7312316301083490
0.7558833510426440,0.7492346246159590,0.690266671368267,0.6161818469183570,-1.0427202683766200,-0.9250714074521120,17.212760417690600,-9.784863454628460,6.673434351285990,3.601273197449380,-1.3828973212328800,-2.0275908539150700,2.5578858626846100,-3.1705991229602200,-0.10511512376530800,11.433690585688800,0.19621107577822800,0.6609013185471590,0.7786293068190260
0.6873962304981070,0.7891761265531950,0.644698327118352,0.3864019706586280,-1.5488980535243000,-0.7425308790353750,16.99811802732030,-6.661289385227940,6.695421706751880,5.060228535630110,-1.4424370909964800,-1.8914228276700700,5.730231360520550,-7.137802038166110,0.09662331647011590,13.786780381015800,0.17216741611221800,0.5155499853363380,0.7054007992929960
0.7347172324385620,0.9120979114018030,0.658492678360241,0.3191052095089870,-1.36919375824072,-0.4274858976487410,17.730069427622800,-10.153900664176100,6.865814806654160,6.3685522835306800,-1.1869238949083900,-1.836072452025650,8.518154397275240,-4.302981891056700,0.041201151852964000,10.22067315605760,0.30750045082462,0.3965279617984990,0.6918616879982990
0.7076967510272320,0.8602934823460940,0.6584401867794410,0.2681412569599270,-1.5896393484223300,-0.7464892552020540,11.164687012239100,-8.908587996043630,6.714200089564800,5.994887507404610,-1.4150002725825800,-1.6129299428637900,7.715440398782950,-4.489119425380300,-0.027768125831638100,9.110644943914940,0.1751788080437810,0.6903440192567280,0.8686824106720840
0.7110612587804630,0.37757061351904200,0.6124471477900650,0.5295134357981290,-1.681502147198920,-0.3906150428430010,19.592170814469400,-10.162632566320200,6.051430017144000,3.2284368720422100,-1.6767723417609700,-1.7105608483538800,7.719009849348160,-3.705140793930290,0.11841714472736300,12.12766142756570,0.18996962031460300,0.7230386973073570,0.4155761526449240
0.7952471477497890,0.9316681280766500,0.6928594000945850,0.5678888648508290,-1.4167217839241000,-0.6577289171554720,17.135784049839000,-6.661406541452450,6.478434434343600,5.569827666795210,-1.4255013424077000,-2.0180267658385100,9.513814684539530,-3.6679369597570300,0.012200113690751600,11.152636762952200,0.14566033213303600,0.9124808383735050,0.6306673233842380
0.7278402745828250,0.8010273904567000,0.6284777630512270,0.6672427626292910,-2.2813325817619500,-0.4498622310748940,17.290498635700500,-10.321616146387400,6.408830108295020,5.390998281991340,-0.6396021327292240,-2.0118020045782600,4.417618214743600,-3.510723085076430,-0.13496858506752800,11.149448340133600,0.22828528875798700,0.8911548126350540,0.6391879575244760
0.6420868739282300,0.628525257618255,0.667706572070819,0.3607438785074810,-1.3554587487121400,-0.12234261014273900,19.028735210495400,-8.3091669921398,6.695425305043100,6.626133286209800,-1.5262153271451900,-1.417960297615420,7.761003239987420,-3.251580236230010,-0.19431638635266400,11.629276267625000,0.4677210916965900,0.7540379388306540,0.6204524505834720
0.7696573972809820,1.0782406151054800,0.6853926396226110,0.4238063887878150,-2.437294903656040,-1.2821537941914200,8.473349327494110,-8.169187188110280,6.861266243365310,3.5600842694519500,-1.8472439845090800,-1.684579859931660,9.335461820918330,-5.945097252556480,-0.1489280227389000,10.12912722031230,0.11559220892129000,1.0941025575527300,0.8535051252266040
0.7245788307551080,0.25826210941468000,0.6743177142704640,0.6170489484222010,-2.1147013788151900,-0.641327178411703,18.204597091565000,-7.775758532786200,7.034956940849840,3.7558930977362200,-1.653662657391200,-1.7157142875206500,2.2179243677529500,-4.884203882044160,0.1043577953858970,13.975639720010300,0.22708716367659200,0.5375636179623850,0.9483489753166020
0.6998635515668920,0.3374491449163560,0.6081551876425250,0.6903329264533710,-1.0909761675578700,-0.14531657182896600,13.468442038124100,-10.65259106362680,6.370957146709660,4.862500437052600,-1.7389787291195100,-1.4102769601448600,2.8546809434840200,-2.1640888705242600,-0.3379350975696810,13.072639167777700,0.517887363553306,1.0947079736290300,0.7014067717952160
0.7277789201911450,0.7620966263468220,0.6306546332717690,0.4508095441419240,-1.5442156196764300,-0.6257417803960230,16.21769126948410,-8.259042796946610,6.810099914371550,6.2292643538837000,-1.7564047495838800,-1.9456345261249700,7.805326384088750,-5.490983625725380,-0.040461583723467700,7.524422572776400,0.11632009762801600,0.5635428461283790,0.8604632034478510
0.6396827835569720,0.8518172279051010,0.5479809143324240,0.5126932498011120,-2.0289856446092400,-0.16253763868512100,15.85978023744150,-10.179068943346100,6.451535941227150,5.385744113895550,-1.6252954230288300,-1.6292399979762400,9.803141718050680,-2.6179918973844700,-0.39173804685557100,9.071026589738330,0.3058872381249850,0.8472712215860110,0.5928165040431630
0.7023227164474500,0.9890668601557860,0.6601426630795300,0.40765197693832700,-1.4393282734056400,-0.540354275275184,15.192038286012100,-9.250057920623180,7.334600971016710,4.490654960755020,-1.3783982789661800,-1.5867893827757400,3.517054126150470,-4.197490403970390,0.17872360788362400,11.320410503161900,0.31348624551133000,0.7244230630941320,0.7455144247243480
0.7735275724430590,0.886466209687298,0.6825454182087100,0.3664309839278520,-1.5412184652967300,-1.3095470199900700,10.010726711439200,-7.697300054599960,6.861955894435190,3.5829661148495000,-0.7984601755677630,-1.9204751710561700,7.200403734275870,-5.591486939949890,0.10524241405849300,10.54358750535210,0.19767529798440400,1.1026647512172000,0.8104830846932210
0.7364362131022890,0.5934000563246700,0.6608954792983120,0.5611483518279940,-1.9007966166573200,-0.8677244165432240,13.769238439166200,-10.06499485064900,6.4934456807693600,7.2671863334960900,-0.947916875613398,-1.9547096107134500,6.3622173925252700,-3.4842050500069700,-0.2668087360705510,13.976683527883300,0.17819292350245400,0.7934110755607000,0.6733155099939200
0.7323481083879610,0.9504981508833520,0.6420871469552350,0.30703523675315900,-2.108903173641300,-0.14127766183433100,21.09112396642120,-10.260520765821200,7.121424094799580,7.45780171871576,-1.8800416374258900,-1.3973443430439700,8.141047114935460,-3.202235850710650,0.04077990670435110,13.486940600998300,0.5498061149272450,0.6361674302538550,0.3267585753919200
0.7361601125523370,0.7770587167051600,0.6179901198523680,0.47526494872666300,-1.0871209601709000,-0.44737153834904400,21.477148240334200,-6.775271032688930,6.317742438752370,7.546713148400580,-1.1365493761342700,-1.5990045269299600,8.863144369717060,-6.426632799781620,0.1554689181772550,11.729536801266800,0.4326537455883750,0.4518830987477330,0.7317898246790240
0.6644660441758280,0.9520633805174810,0.6374858314923720,0.2966677626149640,-0.7838057829854770,-0.2667825610019430,9.845304987644990,-8.373123937328670,6.530661648360660,5.188464411676560,-1.4021351389122300,-1.614647224661130,2.5679714433412700,-3.3549879954242700,0.003936456879749420,11.063311099250400,0.7099167633577490,1.1196548529620900,0.9044294292709530
0.6717024366760030,0.6804853540632090,0.668481689909337,0.5567791170131440,-1.530100721526540,-0.22067178452599100,16.660906631565800,-6.657332657875460,6.538850991688360,7.348488360558410,-1.4754697360397100,-1.6800921646144200,6.722550487759910,-4.045977736873580,-0.07632510936958590,13.188964729084000,0.29189684325088800,0.9024331434765620,0.48902391205809400
0.7943637367425140,0.7664623964380920,0.6244695560330150,0.3191661600063480,-1.2388020306989700,-1.3077193196662000,19.344272507284800,-6.029483755626690,6.175766695553660,6.795365177250560,-1.5858572584465100,-1.6726997027702300,9.697312624837390,-5.477930569542370,0.013988188760811400,13.812173555526400,0.0954147129279005,1.0920157963739400,0.4653498778272370
0.6911520128376530,0.8179744179695370,0.695936756476858,0.5525769401857050,-2.353783771340070,-0.19615871740283300,16.47595483287730,-9.413524009974120,7.156438748279780,3.613157302487930,-1.8393792775887100,-1.644847931911710,4.989320237134250,-4.723321872973050,0.02874527987909990,13.984077047409400,0.33245583908012600,1.1625988610975800,0.4774422590044180
0.6636920360744320,0.7315432677058590,0.6751127026648800,0.6695243491110440,-1.9535300006503100,-0.17836372143578300,17.845364699094600,-9.740527171419700,6.981491049471560,5.622000273048120,-1.8322461734213500,-1.789756375944700,9.216624132771970,-4.3216799794985600,-0.25830988332491800,12.681709416307800,0.1557884117599030,1.051622789346090,0.8712625355936430
0.6903448096587890,0.9883157874826970,0.6462230199669190,0.21052630634184500,-1.9123330702736900,0.12804522104808900,15.857299315653100,-9.216533719049230,7.751283525379990,7.269667168777390,-1.3516082376347900,-1.4516260608582200,8.720861136673700,-4.180009130002650,0.15261882298262100,13.275279809578600,0.45122407209479100,0.4956663353436120,0.7260027924507010
0.7419579711637210,0.8028743776283030,0.6690477306986130,0.5065966678795850,-2.1276008684173600,-1.2523575063001600,14.544053817065000,-10.068239361498700,6.335570623567610,3.4254188846898700,-1.7635149211163500,-2.107891062967290,6.344563673124290,-3.1473412897947000,-0.5183895942313810,12.84074268003780,0.10820439557291900,0.8589268760459900,0.7670076975850310
0.7416530208614670,0.5110144994290030,0.673484722000545,0.681931610097293,-1.7542647602946100,-0.16247448081700800,19.534301638430300,-8.956036614954680,6.420372496970290,4.1908813881341,-1.4858159239687500,-1.6537435447221400,9.658585159557260,-6.1644059299534600,-0.06851902234771270,10.703386368633300,0.2288211556817560,0.7344696563373010,0.5300952419614710
0.7147142673179370,0.9293120681922460,0.5823183382210290,0.3448284555514110,-1.119368554248340,-0.3277694310311980,15.485763505678300,-8.235125864464230,6.332232412067070,4.695615192670530,-1.1761515078454100,-1.4871056732296100,1.2117788270514600,-4.495866712508110,-0.14037696078419900,12.537779406323600,0.6336753940168090,0.8828315454236230,0.8407655939997650
0.7774595587218220,0.824238162742235,0.6894621079954570,0.5077978207010250,-1.2507567025405700,-2.530220916162670,15.26473235051900,-10.209173138474800,6.891714422983410,5.117255535358450,-1.9216208134875000,-1.889464355867080,6.724434997987400,-3.844987523122540,-0.3137219590036100,12.61252452168880,0.070329124219334,0.7040905942309970,0.857556262976977
0.764834955601309,0.9789864205045280,0.6622700923244370,0.5138369667509610,-1.404256246114320,-0.21011914928787900,21.593310574096200,-10.819907531785200,7.634276185177570,3.1758112944393900,-1.2990917364596200,-1.4681499818289600,1.836368824113950,-2.3637961531219100,0.009821713945011090,13.811409129974400,0.5851952240734310,1.0374693349110900,0.8319548824525450
0.594473990165353,0.8478510316701660,0.5695910661403250,0.4039059959289960,-1.1755985083279200,-0.03980806663712160,16.433431349790400,-10.103094060655600,6.8737317029384100,7.606892308841340,-1.7618711437877100,-1.5768032129129900,7.741393527697850,-3.175595462584210,-0.26909086536598700,13.064376938342000,0.45448872843229100,1.1252375281013600,0.8994454958001990
0.7215850254363860,0.9578608155028600,0.6086531776562450,0.3962121640714160,-2.4664490168757600,-0.25351323069399400,13.211857764693200,-9.815728179325540,6.50347333621617,3.021414529169640,-1.443229939560970,-1.3858506283399900,7.521664150366310,-7.014389631493390,-0.2675357878416780,13.87263253255380,0.457594772074882,0.6884541632741690,0.698123477567645
0.6801136641093830,0.7970150938938840,0.5991899458128750,0.6735319289489840,-1.523762060104580,-0.7502760217853080,19.67225044671950,-9.761969645436120,6.417568435018980,6.539308405022410,-1.82481574267276,-2.01309181752291,9.447596701185870,-6.121232905970030,-0.06597060063997770,11.259745900214800,0.15157010967142900,0.3527276664215260,0.7554254801725400
0.7593542255336270,0.7788190049686660,0.6274940197491570,0.3952189197397050,-1.371987029438830,-2.4644243732708600,12.92229905973860,-9.08295447266159,6.153817036648520,4.263913269965120,-1.6442004082660600,-1.7471559506281500,7.501704800808530,-3.05100752600237,-0.337766383122735,12.449231493780600,0.11934900529566900,1.009729274371570,0.790172545633452
0.6868828501153340,0.9266439995836050,0.6920543888321230,0.3397272890356950,-1.2662609312322800,-0.2931686270527020,8.419980191673400,-6.51550881759011,7.298295140087160,2.2995911033581800,-1.2278287888308200,-1.7940421822713600,7.661476650988530,-5.617883212699930,0.06462761933944370,11.178765576266500,0.26518233785125300,1.0290637229816400,0.9834725454480720
0.4962792885470080,0.6192837174522440,0.6755646414437820,0.31066433153491400,-2.468940407049220,-0.07196971399729100,15.813206504812200,-8.41227898837497,7.040485953204930,6.662697188392640,-1.8009886676438100,-1.5788098186769800,5.076963421376570,-3.960609803385090,0.10617505844354700,13.185928566867700,0.48962376150704200,0.8930685496256350,0.5370870267734520
0.7774464975773740,1.0466920847169800,0.6609288571232970,0.571356848833339,-0.2835898699824600,-0.5348493154992480,17.5348999953324,-10.051990966057300,7.086130132862940,3.8846305367390300,-1.8427021864646600,-1.7366940795171500,8.348291938918910,-3.363548377693910,-0.07181544511667260,11.209637606184300,0.30868384370069200,0.6219562017842460,0.8213493763414370
0.6508866822798200,0.7805296152507350,0.6739702164601710,0.21636497129252800,-1.334178412985970,-0.4089156105619190,12.199401392557400,-8.075039746597170,6.397079419507410,4.161246746652890,-1.9998313403824400,-1.7007918528041400,2.8206808240591500,-6.297475334354940,-0.0993514953876676,13.588273966755900,0.2772207448232460,1.0506116620757100,0.6745926060833750
0.7845727734378650,1.0949852179056900,0.694348156277911,0.6616211678826960,-1.59855402452632,-0.2526039424615720,16.970578050006700,-9.490335821738180,6.453508545807260,4.477558662929540,-1.4463665193041300,-1.6849416351016100,8.822234652879140,-4.0589615689811200,-0.4008639909593770,10.596695833979500,0.24555247594090600,0.7631022115386420,0.5553935342471900
0.7704167849302190,0.5927309517238230,0.6513327762728430,0.26202816806616900,-0.3464314558436960,-0.5180005421395260,14.252317324156100,-8.864845412577610,6.818737820951530,6.676997591740860,-1.928624434804520,-1.45003468318314,9.487846671922590,-3.005481829494380,-0.05929538969079050,12.844916958532000,0.3468066708226040,1.0026201726136500,0.47761597042875700
0.679022049445145,0.766227522082442,0.6772134434927620,0.5994077940950500,-1.6518176709128400,-0.16744738812943400,17.471734324197700,-7.816970291549340,6.628422194276160,3.074160921470180,-1.4191259900234500,-1.5721600966359600,5.281745763821590,-3.515336085429990,-0.1680290015246270,13.390603400298300,0.3976096484273390,0.7191072509799630,0.7231172677786420
0.7424289400613750,0.8945431371816510,0.48373365487290000,0.5689648613049240,-2.0566955549130400,-0.6126991991203320,10.308261552975800,-5.770643528089800,6.097135742154830,5.687390355805910,-1.5404607171908000,-1.4722400371004000,2.469482729177870,-4.200215766788540,-0.06533492556788560,11.613295566895600,0.36027855415673200,1.1917483520416200,0.864476349053447
0.6514086017472400,0.9012304430295700,0.5797530332094970,0.2720838271951310,-1.0774696437327800,-0.22230086251927200,18.073448593159900,-8.551720654116200,6.435034698378940,5.682439518623250,-1.90853962261066,-1.8002091341296100,9.03478050263977,-4.674302197930220,-0.3800491456679170,13.137005842683000,0.22503678355064000,0.49016106942092200,0.7164096101757680
0.7984639570518230,0.5486616745661230,0.5507799228620220,0.5588853350803030,-1.1769036942633500,-2.8022045333738500,21.20633265038560,-6.140960004217240,6.42149936216849,7.678696455336540,-1.390307034139180,-2.1160408282642200,7.616932041200720,-7.796670319752440,0.07383003758297870,8.552622524588800,0.09309114852516490,0.3697386127962120,0.9452388340778630
0.7297550813618550,0.7857085849834330,0.6732897514624850,0.2163699017007940,-0.5723562483667260,-0.5705400685610920,18.983836631828400,-8.862075844311070,6.372047965190430,6.730621175091910,-1.8881870724076500,-1.6718430541190400,8.428688588236470,-4.112948434711470,0.12699037601736700,13.72038484670560,0.15914940601282400,0.8892895127769420,0.45192327605852700
0.7656543915783690,1.047993297515280,0.6057589234041340,0.35885265048109300,-0.5970772469753140,-0.4162523608981950,17.804829090734700,-9.286319757299630,6.781195664588550,6.362970038398990,-1.7395405988245600,-1.7303851033990300,8.835967093736770,-3.816205506860640,-0.08209913381665530,13.595767760904600,0.11162051320377000,0.8717818369889250,0.652551104542363
0.7900896368754930,1.0867689627954200,0.6578037281979540,0.691431475323556,-1.325857846394820,-2.632023284565820,12.310641754843500,-10.127550160260900,6.920722198311680,5.023904903342980,-1.8436524350673900,-1.475697402615520,4.807311122678450,-2.508181747070670,-0.19831821734410000,11.475579404426900,0.09861302918061890,0.8778409214858860,0.830581944616676
0.6094035645317580,1.0278398032994300,0.5858943302584450,0.46400893989197200,-1.8662119850731900,-0.2747222744010140,11.671886630575700,-7.867778785415710,6.38644928093672,3.215824384090790,-1.6793459292985100,-2.0295597997150800,5.130698863374720,-6.030539508814140,-0.09183526747396560,11.90144668259040,0.21623557694425400,0.7196625863289140,0.7164100426855230
0.757020104075044,0.6156862349797720,0.6424614146315720,0.2510777215960220,-2.243210678095080,-0.36201242761049900,13.951074615696700,-9.717041117185320,6.236021620706720,5.900346527147360,-1.9603425438186600,-1.4878689438093000,1.8839204198480000,-2.587119427010790,-0.2026622550572650,13.70080757743340,0.34600908726240200,1.0243236696305400,0.7860377384810660
0.7330083332358320,0.9892586983179880,0.49147726857384900,0.36411582241668500,-2.398588510948470,-0.1228702289649890,12.888257501651500,-4.040221103288250,6.786944998431460,3.965153183695590,-1.7564885141810800,-1.4286706430278900,3.5950876043557200,-4.253844427821550,0.16648771895974500,11.942626187326900,0.5080366038294130,1.122253028035250,0.8302249125448180
0.771489881695372,0.33925263087120600,0.6815745817747920,0.5219856217229320,-1.8522936582704200,-1.7646294982225600,18.896167563185500,-5.853900997269800,7.279775073695850,6.589513446387100,-1.7935304820727700,-2.1709032052928800,9.401872119962500,-4.643569501635820,0.15673341525786200,9.238716146504110,0.12740978384578000,0.7895174964264210,0.7045080898860000
0.7498399212076350,1.0971530081917500,0.6287490456068560,0.5338283019621390,-0.7500426201167570,-1.627370164463930,13.660002267552300,-5.4914690942254100,6.756418283035830,3.731681214763910,-1.7422366202360400,-1.7715057502360400,7.280087532642070,-4.335999720303540,0.14952964050347100,6.865678061759750,0.16446994122083200,0.7349645688349980,0.7626306073753990
0.6888441267483010,0.8146313947415110,0.6564219277824830,0.21534040726668300,-1.7654459792053300,-0.4348058511203560,19.134027581135900,-9.048281919368890,6.871023961043240,3.944207603333590,-1.4358177690665300,-1.698841573605610,5.851837944490130,-2.373169023403610,-0.02830309055269620,13.017859739262700,0.20020681848336700,0.748646604986497,0.7803837865750690
0.6332361331150870,0.9112472420037420,0.6951826365436850,0.6102319004935240,-2.220001790026420,-0.49315450267361800,21.513401107912500,-9.16781685892664,6.990459831562340,3.993359391431520,-1.556292595545570,-1.9393103909302300,4.487989905983390,-3.4677674710175700,-0.09356375907040900,13.205550425860700,0.20987270145331000,0.8186904084933630,0.5451319608696440
0.7318432671813740,0.7457479724126020,0.6520856190417330,0.6182627329618540,-1.7306155221698000,-1.2048800730451800,13.893142910195000,-6.5696486613946800,7.423180427026280,4.567015310451050,-1.8344056166645300,-1.8466738785424400,4.889438600116540,-7.261882298793280,0.008900776716609710,11.404854350565900,0.10693339313417300,1.1274401730330700,0.6435046421722080
0.7964145501301740,0.8970772022323550,0.6602073153139660,0.49012518687263000,-0.6990885639214980,-0.5351379257392410,10.803080854617500,-9.14556544753655,6.404435564513700,6.186101252678880,-1.2054922804591700,-1.6539589953923700,7.9762314043625500,-4.948100238902250,0.10515726651654400,7.499731772505180,0.3478617716144640,0.9041356751914700,0.6160741354648650
0.7206086356605200,0.7570572318615640,0.6637335043399890,0.25317301962962900,-1.6358198813661800,-0.11308974368070500,15.330617495095800,-10.867167047249300,6.157766473549940,6.768078011598690,-1.9599062702072000,-1.3456607800283900,9.795457568058500,-3.430716707821540,-0.40292937048018100,12.119672568804500,0.4210044544271070,0.7340436666437280,0.4759218682723040
0.6270355237647360,0.4168970469807110,0.5810069398296200,0.6201227696823610,-2.201837860816440,-0.14923611133526700,17.529250798576000,-8.397054483495330,6.7591952752303400,5.992142935316960,-1.863149248990170,-1.563208753515470,7.425282684201040,-3.946127129078180,-0.11207492807398600,12.604008242904400,0.2488974083171800,1.1443557993344700,0.5674864719569700
0.6931947445219320,0.5630479147830100,0.6440117851063970,0.5417035228983330,-1.195014603962740,0.10333699352693200,19.53968997063750,-10.166968707934500,6.653748758679060,3.0245407488123700,-1.3393626819872900,-1.4781732504013000,9.529649848385700,-3.5383676235451100,-0.050689107315973000,7.716465324648590,0.5444577555016270,0.4855854595687960,0.7392401712647330
0.7898052768930940,0.8367611551633770,0.659554202221594,0.3912828567626230,-0.40197251606264200,-0.9540707030162400,13.681372822670600,-4.972136806188320,7.631619417914520,4.424973941673040,-1.7601006704028800,-1.5418227379618900,6.686619572682460,-3.6081452234470400,0.18177268271074900,7.176565232225260,0.2651919459020020,1.1487975995237000,0.8911989270063490
0.7754923105957890,0.9073779872560500,0.5651412908139430,0.3590654427264620,-1.5895153743643200,-0.024241380172925600,12.911442348243400,-10.472543395237800,7.791881041244380,4.6523935800422800,-1.9770251853809500,-1.310418680629900,5.983968893784520,-2.7443636187556300,0.13599696821000800,12.360671843275900,0.7587390554062160,1.184294332098600,0.917998072332229
0.774767875703335,0.5947074598616880,0.6074933654609530,0.5142590102685330,-1.9665638739851800,-0.3348194087431460,16.353324933835400,-8.903198171466380,6.3033186314671400,6.9433901793611600,-1.9113760484104400,-1.374812849271580,5.782117633519200,-1.8015207579141300,0.09801090931724350,13.29982497205240,0.26235042774692900,1.153774991273930,0.5406216248708960
0.5170861490406350,1.090854390475710,0.5240565716673010,0.28303453946064800,-1.2005043122659500,-0.15937138135473400,9.926479917835120,-5.294884932029450,6.231487356709940,6.318279394092500,-1.7634557144760700,-1.468092474063240,4.099558240672590,-4.798138196681640,0.14483957909655300,12.447443405123800,0.99885165283776,1.031596978063700,0.7392554152372660
0.7340427905184020,1.0012356967461000,0.6440562553485460,0.24730066821153200,-0.6828250626169840,-0.686518646947321,17.199197328315100,-8.626740804418040,6.3126029569688000,7.026163130466510,-1.70228645537237,-1.8846917573820400,9.407738356301000,-3.587330492984450,0.0427600362984268,13.25884558564680,0.1012334923146600,0.9452546704402790,0.5611577696338560
0.7701615840223610,1.0831733810158600,0.5140017658564360,0.24590773597292100,-0.8566606971171310,-0.10559891843516600,16.447121115100000,-7.440246843250590,6.578733214319790,2.9539971393860000,-1.378643502252710,-1.664699143855190,8.850571122775800,-5.334414992744140,0.16616800551026800,13.195675804970000,0.5131367913700380,1.1530716839569300,0.45088329028066
0.7723156479634340,1.0837585555158800,0.6202569189045650,0.5865575397159690,-1.518335680386620,-0.46579153420243200,11.518098522561900,-7.235606244699260,6.675348635595040,6.14908001773573,-1.2579411241993200,-1.7639361159980200,9.374887008899680,-5.832202033905980,-0.03073714074632340,9.845770279335700,0.183937566011717,0.8400318863503900,0.6717434463648870
0.5450550449971350,0.8714417085101630,0.5824655296948850,0.4097210623580680,-1.6114126943547600,-0.2665142161846820,12.187661027295500,-6.742499689472450,6.1418788107129200,5.999379530371600,-1.686889876789690,-1.9024152958243600,7.624531805780170,-5.48266836444566,-0.009092910702054380,7.2721896969210800,0.19512218748534700,0.6907338720602660,0.8618806426246090
0.6691877756580980,0.9197326322690470,0.5310112384165250,0.30765102635503600,-2.1160148151853000,-0.29618305040791500,15.969576059627400,-4.661795131967840,6.781005716197410,5.5627116086832000,-1.95672997783161,-1.933959639038580,8.415079732573900,-4.44660646299448,0.004470855305866440,11.63180580056430,0.19520820244219800,1.0626251975680400,0.756916974677212
0.7027226318553190,0.3162948473615710,0.5769966325572450,0.390056816304212,-1.8176299559691200,0.02519511626477460,21.252863502376000,-7.509762272644710,6.305305946752170,4.626092477145970,-1.6317227890298700,-1.6869661113250300,6.237611802679010,-2.719810737767490,-0.08228959429365920,12.71063597711090,0.26320397685402200,1.0029975296719800,0.8845426182106510
0.6954300551204720,0.8630287589918220,0.5841346512573950,0.390837630735132,-1.8811676421788800,-0.060976920549182100,20.787444193112100,-7.279306690009560,6.116094399069110,7.224859786504300,-1.387757715173820,-1.8586372739430000,7.792983326723960,-4.290899820667230,0.1052906702252170,13.006958299525100,0.21695806794278300,0.7279249030670770,0.30800315075257700
0.6456616044191980,0.9706080994011300,0.6415009774560510,0.3470458375344450,-1.4735732992329200,0.0930642968140507,16.727217685261900,-7.651996276592740,6.195238687785680,6.477146202072890,-1.1067541424305200,-1.6708112883076000,9.826083086429320,-4.141396779091230,-0.1202526573302630,12.775775315719900,0.4558029186422200,0.5730395039958300,0.8379162133629340
0.6028722160215780,0.9422100262580040,0.6729781234991180,0.5618613456638600,-2.0202331970308500,0.1781651513294360,17.098658583821000,-8.369783822326370,7.16274513711294,4.600996345933240,-1.319168545045170,-1.8574309972075300,7.2514405720972800,-3.6359267311443200,0.07678874763916370,11.430908199424900,0.19927375203715100,1.0693921065274500,0.8617777787969790
0.7516320235144780,1.098183091408250,0.6907448498163230,0.4609293869127150,-1.8154874541144400,-1.4715465714092900,20.0261426119303,-9.728786405138380,7.149538132772850,6.71677315016039,-1.630673185912100,-1.3993478650510200,4.675781874326500,-3.7195074968256600,-0.1042035083691410,12.819950438361000,0.20537082481957800,0.38229726962734400,0.7501010560054540
0.5989096742223050,1.0352523707466700,0.6945145418749960,0.6045154470278050,-1.6710919255957700,-0.28210494285128200,13.651338663549700,-10.454036815366400,7.122453143721390,6.754069348506920,-0.7822555603421570,-1.6495560449183400,7.59259686767635,-3.1693677395034200,0.07425303503310930,9.480429408578980,0.6060350233268380,0.8306408095104430,0.6312117983215620
0.7448701088873890,0.8184629584273870,0.5761093857682210,0.6216560904727470,-2.4159538911761600,0.005081166502157510,13.468116942248600,-8.257985924171310,6.630077486805880,4.822766130889150,-1.6280909357206200,-1.4633251685686300,9.582039815650240,-5.832398923415950,0.04348770308599220,12.610996452702900,0.2676565053560540,0.5986046735677260,0.8525010587902120
0.7432761083851860,0.7054696098892920,0.6548145535353930,0.33348835463980200,-1.6427500827747100,-1.405829228843970,21.185331698912700,-7.646814146948770,6.416353513791150,6.145016048241140,-1.4859469325626500,-2.074049634141480,3.903994963622070,-8.792140703772620,-0.06535177341725570,12.055903793607600,0.11694934002685900,0.5405806099151250,0.6128906031855910
0.713497080540111,0.9372515875012480,0.5612533520552470,0.2364574162191960,-2.2468825316227200,-0.8537779184353950,16.755683548380900,-7.684862275994690,6.417682622127110,4.762165080886340,-1.769183383898930,-1.8321940108416800,7.059577784245010,-5.2634394443286400,-0.1106356635446930,12.911173458981300,0.16995484096166600,0.35129458057141700,0.9622822175708760
0.7751686614761450,1.0768654346459800,0.682683578058304,0.6500097599768390,-2.410222125518650,-0.2243906156048270,9.705871597098360,-6.152111224656200,6.448046562120630,6.958552047245460,-0.668003423037856,-1.6111976850258400,8.101862217808990,-5.792932773917850,-0.04819867218936240,9.707145613154260,0.39429580572260400,0.8225714828554920,0.8769992241385370
0.7281901069862170,0.9005019501876020,0.6350336814605880,0.21488724037188700,-1.9329548248982100,-0.630345534896106,9.684531292326490,-10.182461080866000,6.814109575054860,5.199966902890510,-1.5463227557177600,-1.7298998163087400,9.223324423954820,-5.462618338165270,-0.08188928475229220,12.146690355348000,0.09551776523796310,1.0003460612788600,0.8334977273109190
0.6709462836720290,0.687509134053055,0.6476948345802420,0.6241033658775960,-1.9951711030584900,-0.13349808099825400,20.69263887407650,-9.177445141510520,6.530066590781660,4.777720588822320,-1.3175776807758600,-1.9210275745235800,5.335550537934210,-4.514059721410800,0.07822860072568370,13.977936385427100,0.17151373143653900,0.6569127275288960,0.437320802693685
0.6344559945753840,1.009668974356390,0.5286282902179860,0.5055863893716200,-0.223029617044593,-0.7666262932342210,10.614169818903100,-6.558053058505150,6.422543500430180,6.777387268290050,-1.9141961618996600,-1.9857489530267400,4.268598259360930,-7.125302212459340,0.17349065900812200,13.839026076607200,0.2299213550771230,0.8705086548466370,0.7256275707187450
0.5473209049966350,0.6240807985600110,0.6460064106362220,0.22582338625047500,-1.6635751487284300,-0.14756692781339000,19.021181660119400,-8.995740788443270,6.230697129989200,5.892430462627310,-1.5121999909484200,-1.5318327084617300,6.015200867679690,-4.078396312610430,-0.08197802295783990,13.709376308775200,0.45126690859859200,0.6687213806683770,0.6373580523937370
0.7134763934718780,0.9697421247160320,0.5499699494893690,0.5945233876624210,-1.4006348549894800,0.1313689620572240,14.389958349191300,-10.987139585281000,6.264017421899820,4.684886337968410,-1.9131092018077500,-1.2998160635368500,9.783999228206770,-5.995240991678150,-0.2084599658222020,9.925878494599380,0.6652307028105030,0.929615706060393,0.6696460367044620
0.7797407948824770,1.0248710284677400,0.6745839726403430,0.281437360933606,-0.7968560922420380,-1.5200910253113400,14.138181105844800,-6.757065394529250,6.304158801546830,7.0419949080713600,-1.8665392853195400,-1.8511392107320500,9.251666305823590,-4.541831459911170,-0.0883124601167583,12.850761016815900,0.1305104650352460,0.9194864824489500,0.5517150481765110
0.7576017127725290,0.5751187483127560,0.6544066847025330,0.5582028878836040,-0.9782945924669390,0.12002540667674000,7.975866074455750,-9.388032724266720,6.732659638698390,6.198996147694710,-1.5367165181453200,-1.4095422774961900,9.237476436088310,-3.32227044213216,0.004625141828907710,9.934929801269200,0.5404695956671410,1.1391346120811900,0.6404292773701910
0.651646686535486,0.6952743442877730,0.6744649720558700,0.5359325488714510,-1.786260727688770,0.012505365400021100,18.394639055100000,-7.7197868751157900,7.246783573940300,5.904416001356880,-1.8877801237434300,-1.4770786170048600,9.618560029112700,-3.780508093767190,0.12838288706729200,9.794240749373800,0.2996812460784870,0.7534172953250900,0.5390978582118480
0.7874580885053440,0.5589434138870500,0.5309565908707420,0.4143693555019880,-2.1566782803813300,-0.7671688162843310,17.50362746557730,-9.927249920133360,6.210505059033960,4.069416107382500,-1.1573181570303500,-1.9176562715036500,7.175160574530660,-2.9920556265452200,-0.14040030966047300,13.266920138810400,0.09726410900966950,1.1159559108141100,0.6718546715523700
0.7027961325120910,1.070499852142700,0.5789274852943130,0.5027051624566690,-1.7221047910057700,-0.46352323366067700,16.048331985718600,-6.522913020686360,6.802034281191930,3.469285492927460,-1.430136093895420,-1.7122254591995500,2.8947864767654200,-5.345492078786500,-0.06615726636997640,13.470964155770200,0.2517821874409360,0.8620206519921640,0.6755548012781770
0.6341210271208460,1.0445305863855100,0.6904788573567750,0.5591669865755750,-1.3934229298156500,-0.4295792490660600,17.03235553434000,-9.245253874494360,6.3620786952189300,6.722325566911110,-1.297392093188370,-1.9976053616942600,6.757195118734330,-5.176840866464010,-0.06807657352254720,11.23756350534760,0.18342209609819300,0.7373660746124120,0.42572935206582100
0.7753321681012820,0.674011865541198,0.6978346907743060,0.652058963161108,-0.7580475442734550,-0.18459520981778400,15.816886003011900,-9.73163843563421,6.015927845122010,4.0576304121069800,-1.4647528074007100,-1.4780648409570000,8.528909730895790,-2.585566861793810,-0.4159954456566270,7.044880342125410,0.532958640264429,1.132155564363900,0.22389450106363700
0.7711914167045700,1.0365171488149600,0.6515930179162890,0.41306347899552100,-1.6924838320329800,-0.22684373134137000,11.650119671322400,-7.326529502491750,7.067560966122690,3.2502862726134700,-1.3398377100756200,-1.341637274859540,9.35837904239641,-3.7815662099132400,-0.14039890769404100,12.21517590727680,0.5784806522280340,1.1082736587561100,0.4682854088455340
0.7536893670080840,0.6657131228064560,0.6040294534083240,0.279738410522437,-0.8789579217448390,-1.3745650030201800,13.466406660134800,-10.221037050922400,6.168030936232010,3.104156424690170,-1.5796099026881700,-2.053932863428710,5.224455338042180,-6.135173346715010,-0.12943584819889200,12.245677494424400,0.09647612369584860,1.163352914351630,0.4520488080829140
0.7488088862840410,0.39426733855456000,0.666720062343675,0.28071996951863400,-0.989344907790104,-0.3038858720546430,18.918661289744500,-10.739336177130800,6.916991157083700,2.3216659523350400,-1.274738441799830,-1.5969155315987300,7.555526516807230,-3.533579044546160,-0.301305489172218,12.664272299268600,0.387101766131379,0.9891576947527230,0.8959173181377300
0.7124063281658960,1.0445212389990400,0.5409792008443560,0.5360003852736440,-1.5342990572266700,-0.5986614817771770,16.87552252406160,-5.7267318397925800,6.31767848280116,6.914155204056230,-1.337828847201200,-1.886484578370520,8.19331290060399,-6.323846100098410,0.07684633649340740,10.093673062521600,0.13441975132305000,0.7710723053595310,0.7183530769742040
0.5843863912822600,0.9556395200993320,0.5441630566191200,0.6822166122190270,-2.1694302225400100,-0.20663425393172000,17.158946190583000,-3.7008774075971800,6.5724302776951200,3.7342410310623800,-1.5476038854988000,-1.860199294621790,8.059379499190140,-8.573067539583030,0.17537886628351100,13.118191037117600,0.20468051830439100,0.8412741449498610,0.8802139717156020
0.44140992910741700,0.5580974595773280,0.6131291625835410,0.5185317218013430,-0.6428114225734260,0.10616430604159200,15.818784055566900,-9.53267680871589,6.447579357926370,3.3251682283386900,-1.9117451800865500,-1.5735980640868100,6.145394529398590,-2.74753222116052,-0.2968867553777760,12.507812213228300,0.5042138428548350,1.1599261274272300,0.24642634006990500
0.40952577319804300,1.0619604257753700,0.5363330653080350,0.6007077205340980,-0.19223910370357600,-0.3712797116922490,15.104495486081900,-7.9716801712905400,6.2111189958001,6.022635760425700,-1.5674149211973000,-1.8443330051859700,-0.025346709306154100,-5.397057000267810,-0.14073296564639700,12.361273971811400,0.5902855873365100,0.8124134594727890,0.9209527830285170
0.77316561966961,0.7505331515160550,0.6302530857804610,0.48840860570872300,-1.519803093245910,-0.2934639586651570,17.13303505333330,-8.701031683874200,6.766330754412670,2.909608813812110,-0.7593428533321650,-1.801415873839230,5.987203689646520,-4.867951943161440,0.0005387853774819760,11.07590392912650,0.6396837919702340,0.5892772873107270,0.8717334441078230
0.7783364102731440,0.21908250919887800,0.6701917973728380,0.668576034391793,-2.1609127469261800,-1.2607864326347000,13.665736585994500,-10.953059175510100,7.277183330396570,2.6966314719737200,-1.423809020542300,-1.9453299008986600,0.7571436437101320,-8.458998566249970,-0.01781869419193130,13.748827981378200,0.13107406376923500,0.9943459025997290,0.6562521149104170
0.6926072884452650,0.5818182313152560,0.5310183693960420,0.6069067026544990,-1.6962335694066700,-0.07694697051195120,16.199590187297300,-10.12391281198120,6.318311951532470,6.559180187709690,-1.7314256852324600,-1.5549915725048600,7.896452687511540,-1.9970741177703100,0.0325045500641038,10.918766888410500,0.22387973135465100,1.0663608959090700,0.6821220000559840
0.7980001891902740,0.8994561091500740,0.6607959162017240,0.3113486644317050,-2.424201863291900,-0.4605497646545320,13.821918088866900,-4.406550564315870,6.296668900012460,2.872412912292800,-0.5141641363979370,-1.6662483536455000,1.3891096422911100,-5.312733170749370,0.01636311962699680,12.859347328102800,0.5495655658606280,1.071146449622050,0.8548160939963490
0.7768862863177400,0.43590710255069800,0.5940431778952860,0.2578991182310470,-2.2537850514654000,-0.8064304280457380,16.533759425623700,-6.474517970072180,6.1399972498833400,5.024640690268810,-1.6648130814853900,-1.8316667265852000,5.9064615887915100,-3.0035875960687200,-0.01056162123657530,12.999190780410000,0.12167733601234400,1.0709481248817200,0.7719302265576350
0.7139315865511530,1.0462427041846000,0.521334921026984,0.33413340006840800,-2.0315815139241300,-0.1149398514446120,17.163521587388300,-7.807335962232580,6.610662628274130,5.801192429014760,-1.3861217248027500,-1.4399724576532000,4.9351129885138200,-4.611742912585340,-0.044582124575430900,13.850145086167400,0.4503869424881430,0.44546923002990800,0.896366237432431
0.769439708298189,0.8464995834116260,0.575541388444038,0.36849976314242500,-1.7864742032408200,-0.42150136173304500,12.788602954276900,-9.6406918178173,6.493520514079560,6.584353993577670,-1.1748252250848800,-1.4042860161685500,1.9510837975985300,-3.631196222083720,-0.24925111706516000,13.050663608866000,0.35693170155635700,1.0874477601978100,0.9050650245342310
0.7843328919529360,0.9459535149212600,0.5945709139469820,0.33207455800624700,-0.5338462885532210,-0.12836804335166500,20.332613477972300,-7.41046833157638,7.022119947119400,3.9743876200752200,-1.9764867714910900,-1.333405360301300,5.001806403626540,-3.239015113311680,-0.048974794070960200,13.491322268825100,0.9002264320133960,0.5793013336559550,0.5718219431927220